epoch,train_eval_mode_acc,train_shuffled_message_acc,train_loss,train_acc,train_combined_loss,train_realised_survival,train_unmixed_survival,train_logit_margin,train_logit_prior_share,train_logit_spread,train_logit_scale,train_sampling_tau,train_pool_effective_examples,train_pool_score_norm,train_pool_score_sd,train_prototyper_mix_share,train_prototyper_within_share,train_referent_spread,train_referent_spread_backbone,train_polarity_separation,train_score_scale,train_score_bias,train_bilinear_weight_norm,train_clip_sender_vision,train_clip_sender_adapter,train_clip_sender_prototyper,train_clip_sender_language_model,train_clip_receiver_vision,train_clip_receiver_adapter,train_clip_receiver_token_embedding,train_clip_receiver_language_model,train_clip_receiver_discriminator,train_clip_log_score_scale,train_clip_log_logit_scale,train_clip_other,train_weight_sender_vision,train_weight_sender_adapter,train_weight_sender_prototyper,train_weight_sender_language_model,train_weight_receiver_vision,train_weight_receiver_adapter,train_weight_receiver_token_embedding,train_weight_receiver_language_model,train_weight_receiver_discriminator,train_weight_log_score_scale,train_weight_log_logit_scale,train_weight_other,train_drift_sender_vision,train_drift_sender_adapter,train_drift_sender_prototyper,train_drift_sender_language_model,train_drift_receiver_vision,train_drift_receiver_adapter,train_drift_receiver_token_embedding,train_drift_receiver_language_model,train_drift_receiver_discriminator,train_drift_log_score_scale,train_drift_log_logit_scale,train_drift_other,train_unique_message_fraction,train_unique_message_count,train_acc_md_and_color_color,train_acc_md_or_color_color,train_acc_md_color,train_acc_md_shape,train_acc_md_and_shape_shape,train_acc_md_and_color_shape,train_acc_md_or_shape_shape,train_acc_md_or_color_shape,test_shuffled_message_acc,test_loss,test_acc,test_combined_loss,test_unique_message_fraction,test_unique_message_count,test_topsim_s1,test_topsim_s2,test_topsim_s3,test_topsim_s4,test_topsim_s5,test_topsim_s6,test_topsim_s1_static,test_topsim_s2_static,test_topsim_s3_static,test_topsim_gt_s1,test_topsim_gt_s2,test_topsim_gt_s3,test_topsim_gt_s4,test_topsim_gt_s5,test_topsim_gt_s6,test_topsim_gt_s1_static,test_topsim_gt_s2_static,test_topsim_gt_s3_static,test_acc_md_and_color_color,test_acc_md_or_color_color,test_acc_md_color,test_acc_md_shape,test_acc_md_and_shape_shape,test_acc_md_and_color_shape,test_acc_md_or_shape_shape,test_acc_md_or_color_shape,test_same_shuffled_message_acc,test_same_loss,test_same_acc,test_same_combined_loss,test_same_unique_message_fraction,test_same_unique_message_count,test_same_topsim_s1,test_same_topsim_s2,test_same_topsim_s3,test_same_topsim_s4,test_same_topsim_s5,test_same_topsim_s6,test_same_topsim_s1_static,test_same_topsim_s2_static,test_same_topsim_s3_static,test_same_topsim_gt_s1,test_same_topsim_gt_s2,test_same_topsim_gt_s3,test_same_topsim_gt_s4,test_same_topsim_gt_s5,test_same_topsim_gt_s6,test_same_topsim_gt_s1_static,test_same_topsim_gt_s2_static,test_same_topsim_gt_s3_static,test_same_acc_md_and_color_color,test_same_acc_md_or_color_color,test_same_acc_md_color,test_same_acc_md_shape,test_same_acc_md_and_shape_shape,test_same_acc_md_and_color_shape,test_same_acc_md_or_shape_shape,test_same_acc_md_or_color_shape,test_avg_shuffled_message_acc,test_avg_loss,test_avg_acc,test_avg_combined_loss,test_avg_unique_message_fraction,test_avg_unique_message_count,test_avg_topsim_s1,test_avg_topsim_s2,test_avg_topsim_s3,test_avg_topsim_s4,test_avg_topsim_s5,test_avg_topsim_s6,test_avg_topsim_s1_static,test_avg_topsim_s2_static,test_avg_topsim_s3_static,test_avg_topsim_gt_s1,test_avg_topsim_gt_s2,test_avg_topsim_gt_s3,test_avg_topsim_gt_s4,test_avg_topsim_gt_s5,test_avg_topsim_gt_s6,test_avg_topsim_gt_s1_static,test_avg_topsim_gt_s2_static,test_avg_topsim_gt_s3_static,test_avg_acc_md_and_color_color,test_avg_acc_md_or_color_color,test_avg_acc_md_color,test_avg_acc_md_shape,test_avg_acc_md_and_shape_shape,test_avg_acc_md_and_color_shape,test_avg_acc_md_or_shape_shape,test_avg_acc_md_or_color_shape,timestamp
0,0.5136901140213013,0.5008050799369812,1.013758899116516,0.5135975480079651,1.013758899116516,0.1892439152956009,0.2023345064163208,0.30317987220287324,0.8493821701049805,0.9665642162561416,0.9923261661529541,1.0,10.0,,,,,0.30559194865226746,0.30559194865226746,,,,18.458596829223634,0.02269104074584439,0.014878310073333182,,0.09614116104118003,0.3783120547130609,0.8836205349226666,0.01237213317672633,0.686880557258038,1.2658819709044353,,0.007847319334759496,,77.28311327308606,19.592533828346593,,102.5001303800352,77.29725467171639,26.125515069171882,95.10467893758397,39.04882333840534,18.458588071689483,,0.013012487125144767,,0.006702888739565209,0.01851239635173089,,0.010919474957326937,0.003874580342853501,0.023569110602994634,0.00041678496978466643,0.03599423041068919,0.028629585750590845,,,,0.929,18580.0,0.5134924,0.5226943,0.54292786,0.5129739,0.5069509,0.50220203,0.4942892,0.51285136,0.501300036907196,1.0401810684204102,0.5577999949455261,1.0401810684204102,0.003,3.0,0.4944976995456297,0.49281662932940634,0.4934970293933186,0.37446707463193585,0.37446707463193585,0.37446707463193585,0.3621600334670055,0.3621600334670055,0.3621600334670055,-0.031108506490617024,-0.03092879225550337,-0.031122692611430514,-0.01620851006685108,-0.01620851006685108,-0.01620851006685108,-0.020851494857936956,-0.020851494857936956,-0.020851494857936956,0.53,0.64909095,0.6124031,0.5111842,0.50731707,0.57401574,0.51968503,0.5712121,0.5005500316619873,1.0550021905899047,0.554550051689148,1.0550021905899047,0.003,3.0,0.44274710125975697,0.43990881763928336,0.44074938135521907,0.3540419603611121,0.3540419603611121,0.3540419603611121,0.32015071194187333,0.32015071194187333,0.32015071194187333,0.0005239418346889079,0.00027521640519845617,0.00030871059191138646,-0.00742122777176455,-0.00742122777176455,-0.00742122777176455,-0.009300557670415424,-0.009300557670415424,-0.009300557670415424,0.61774194,0.54144144,0.6313869,0.52022904,0.5130082,0.54210526,0.5252032,0.53795624,0.5009250342845917,1.0475916295051575,0.556175023317337,1.0475916295051575,0.003,3.0,0.4686224004026933,0.4663627234843448,0.4671232053742688,0.36425451749652393,0.36425451749652393,0.36425451749652393,0.3411553727044394,0.3411553727044394,0.3411553727044394,-0.015292282327964058,-0.015326787925152456,-0.015406991009759563,-0.011814868919307815,-0.011814868919307815,-0.011814868919307815,-0.01507602626417619,-0.01507602626417619,-0.01507602626417619,0.57387096,0.5952662,0.62189496,0.51570666,0.5101626,0.5580605,0.5224441,0.55458415,2026-10-05T04:06:28.647931
1,0.6010120511054993,0.4996527433395386,0.8515995021820069,0.6009550094604492,0.8515995021820069,0.5493160058975219,0.602414589881897,1.2741350244045258,0.47580490727424624,1.3652189865112305,1.1799404874801636,1.0,10.0,,,,,0.5261036959171295,0.5261036959171295,,,,18.428198202514647,0.17598242920105625,0.03379238204686505,,0.11376415990340481,0.47564486324027844,0.6430536913359242,0.0032992244473433086,0.15890059050670854,1.8786102302704648,,0.012442409051255958,,77.2498155338749,19.584077968718898,,102.51119523746952,77.2599128188601,26.10740852355957,95.10527553679837,39.12171350466977,18.428168472970366,,0.16365633534777696,,0.01876135366215448,0.046428692592367246,,0.02522204481777112,0.010095959452164781,0.04158286774044583,0.0006279679876158999,0.08748469451905057,0.04489428735083076,,,,0.4776,9552.0,0.6493384,0.6558196,0.7724644,0.51648897,0.5113707,0.6006061,0.5063994,0.59625256,0.5054501295089722,0.8868488006591797,0.58965003490448,0.8868488006591797,0.02,20.0,0.3198183770901726,0.330180367892708,0.32994798239140144,0.26319082250512915,0.26648531845393114,0.2804048268439593,0.30184080959147597,0.305711123610678,0.321412743141637,-0.019436658314887924,-0.020839124009489538,-0.02009286843541763,-0.017025203493781105,-0.013564492162412995,-0.021130472390869518,-0.025901946584062686,-0.022863549791157286,-0.025942796930116908,0.5945,0.61,0.76744187,0.5197368,0.49552846,0.6106299,0.50708663,0.62272733,0.49910005927085876,0.8369244117736816,0.6177999377250671,0.8369244117736816,0.022,22.0,0.45622843958569104,0.4575690032120833,0.46283266493833625,0.3985492402124787,0.35953518021285075,0.4020057718732974,0.42547723348182426,0.42554481630749424,0.42411419037116654,-0.006956352311028561,-0.009401847298311118,-0.007350553552522186,-0.006709866312338311,-0.003443198977230227,-0.007231131316495157,-0.006705744521650921,-0.009006970982547371,-0.007806717078426892,0.6733871,0.6806307,0.81569344,0.5099237,0.51056916,0.62324566,0.5089431,0.6113139,0.5022750943899155,0.8618866062164307,0.6037249863147736,0.8618866062164307,0.020999999999999998,21.0,0.3880234083379318,0.3938746855523957,0.3963903236648688,0.3308700313588039,0.31301024933339094,0.3412052993586283,0.3636590215366501,0.3656279699590861,0.37276346675640176,-0.013196505312958243,-0.01512048565390033,-0.013721710993969908,-0.011867534903059708,-0.008503845569821611,-0.014180801853682338,-0.016303845552856803,-0.015935260386852328,-0.0168747570042719,0.63394356,0.64531535,0.7915677,0.51483023,0.5030488,0.61693776,0.50801486,0.6170206,2026-10-05T04:10:47.259099
2,0.6118249297142029,0.49941742420196533,0.8096827277183533,0.6122328042984009,0.8096827277183533,0.6977339540481567,0.7673234163284302,1.911106441116333,0.3315478576898575,1.1702907262802125,1.3699605838775635,1.0,10.0,,,,,0.4813868660449982,0.4813868660449982,,,,18.391942608642577,0.1939725154049837,0.03679489413169539,,0.11945703454837678,0.34228113170262353,0.42115921697988634,0.002129623733140576,0.09155209180987944,1.6944711620260955,,0.005524208184252315,,77.21823504016658,19.553321571107123,,102.51524702910405,77.22143948305944,26.086032855282923,95.10454870333338,39.18287889517037,18.39191897203968,,0.31440088779303677,,0.02379857421300973,0.05479408454173689,,0.03178657720660328,0.01430244626963784,0.053473220153409204,0.0007235694240636317,0.11773183391352368,0.04800171338638682,,,,0.31545,6309.0,0.66900563,0.67613775,0.8029913,0.49952608,0.5005257,0.6337172,0.49945322,0.6186558,0.5101000666618347,0.8420219559669495,0.5932499766349792,0.8420219559669495,0.036,36.0,0.4092228051595839,0.4160833874833361,0.43930827691528485,0.36241902900878503,0.32414008334226907,0.3962274707166366,0.3971859219254807,0.40163666172921336,0.4177363725404913,-0.006030863056389818,-0.004211687997471907,0.002806373927617308,-0.013286187520983166,-0.010025359705924006,-0.004233178449920995,-0.007496517647534408,-0.0016611240339384308,0.0051516211239056664,0.6,0.59727275,0.79457366,0.5157895,0.49471545,0.61614174,0.4968504,0.6397728,0.4980500340461731,0.7850555095672608,0.6240000128746033,0.7850555095672608,0.037,37.0,0.4824925926843888,0.48302956758163884,0.5049989292547183,0.43876352072399627,0.4019732169924682,0.4557992949055842,0.4612097291559115,0.4635293027850947,0.4625838747254216,0.008211581007234627,0.00216236657907343,0.0030505895921437557,0.00852788737000332,7.582998775184513e-05,-0.0007596104439584703,0.0033888861235050432,0.003058591031182824,-0.003707146494520477,0.6745968,0.6806307,0.81569344,0.51030535,0.52073175,0.6315789,0.5186992,0.63029194,0.5040750503540039,0.8135387327671051,0.6086249947547913,0.8135387327671051,0.0365,36.5,0.44585769892198635,0.4495564775324875,0.4721536030850016,0.4005912748663907,0.36305665016736866,0.4260133828111104,0.4291978255406961,0.432582982257154,0.4401601236329564,0.0010903589754224043,-0.0010246607091992383,0.002928481759880532,-0.0023791500754899234,-0.0049747648590860805,-0.002496394446939733,-0.0020538157620146828,0.0006987334986221966,0.0007222373146925948,0.6372984,0.6389517,0.8051336,0.51304746,0.50772357,0.62386036,0.50777483,0.63503236,2026-10-05T04:15:04.288270
3,0.61257004737854,0.504077672958374,0.7984733543395997,0.6129493117332458,0.7984733543395997,0.7354669234275818,0.8092489388465881,1.961511047744751,0.3616761449575424,1.312661501121521,1.4779255393981934,1.0,10.0,,,,,0.49490118856430054,0.49490118856430054,,,,18.360445401000977,0.16904957153520006,0.04076862522655991,,0.12605704288858516,0.2782453626963743,0.3693119967534284,0.001843741920311004,0.07431928254663944,1.764851318233332,,0.0038112953924766746,,77.18262403937662,19.525451575115227,,102.51843995501281,77.18282400726513,26.057583912163025,95.10465172445699,39.22041617229486,18.36041971680465,,0.39052224406011543,,0.026498278424998,0.061305384893136416,,0.03658621696529874,0.0167719515598124,0.06031783209864501,0.0008002341822068545,0.13690553017102988,0.0514926114327209,,,,0.2484,4968.0,0.67193264,0.6781716,0.7996038,0.50019747,0.5000389,0.6327677,0.5018024,0.6213646,0.5121999979019165,0.8485818090438842,0.5923499464988708,0.8485818090438842,0.032,32.0,0.389113231947096,0.3782641957923659,0.3930561851288908,0.3380278381258644,0.3053188858307003,0.32799227424341165,0.36943149433903305,0.36969916502459726,0.3697143740486387,0.01559309618705433,0.0019781623154382423,0.012807562704847836,0.016775717336548267,0.003803263599784195,0.008349616319390527,0.01048992260182687,0.003144000714615756,0.0025834721873016454,0.5945,0.60727274,0.79457366,0.5101974,0.496748,0.61535436,0.4980315,0.6329546,0.4955500066280365,0.7906753568649292,0.621150016784668,0.7906753568649292,0.031,31.0,0.48404103962637646,0.4802180640054405,0.49357217999912195,0.4326345113943202,0.4050564162243922,0.4261964964275645,0.44847136149348255,0.45270393067713893,0.45239656451321564,0.017772888490204055,0.010917390607997339,0.01193114929377162,0.020703816185611235,0.013324074257679895,0.008658579436313336,0.014279814031290734,0.008435425168383255,0.005776407774295878,0.666129,0.68198204,0.81569344,0.509542,0.51951224,0.6153509,0.52073175,0.629562,0.5038750022649765,0.8196285829544068,0.6067499816417694,0.8196285829544068,0.0315,31.5,0.43657713578673624,0.4292411298989032,0.44331418256400634,0.38533117476009227,0.35518765102754624,0.3770943853354881,0.4089514279162578,0.4112015478508681,0.4110554692809272,0.01668299233862919,0.00644777646171779,0.012369355999309727,0.018739766761079753,0.008563668928732044,0.008504097877851932,0.012384868316558802,0.005789712941499506,0.004179939980798762,0.63031447,0.6446274,0.8051336,0.5098697,0.50813013,0.61535263,0.50938165,0.6312583,2026-10-05T04:19:23.232298
4,0.6130700707435608,0.5028723478317261,0.792698784160614,0.6133875846862793,0.792698784160614,0.7631267336845398,0.8399820623397827,2.1464543647766114,0.30424254336357115,1.6203246929168702,1.5642057437896728,1.0,10.0,,,,,0.5328395172595978,0.5328395172595978,,,,18.32959471130371,0.1501856361557344,0.04095469731956151,,0.11095617322405432,0.25136028125787235,0.2967385148546498,0.0016121778694266203,0.0630202624638369,1.663997649007542,,0.003149688969607981,,77.14613395739512,19.49958075991102,,102.52155347690461,77.14374513079406,26.027743187679608,95.10479211503534,39.2317699262291,18.329571693566194,,0.44732625279456945,,0.0283871181427863,0.06885549568446578,,0.0406692317052252,0.018632391645650195,0.066030604207212,0.0008876676026844438,0.14936644360897647,0.05439465749225798,,,,0.2239,4478.0,0.67213315,0.67527187,0.8062797,0.49990126,0.5000779,0.63036364,0.50076956,0.62452143,0.5103000402450562,0.8401932640075683,0.5917500853538513,0.8401932640075683,0.039,39.0,0.36156787524499806,0.35681414651219195,0.37302745428216455,0.3216120188410805,0.2890812628087081,0.30626052153105776,0.3470663793600038,0.34738941705701426,0.35546444502569746,-0.0015033463481674205,-0.015538754780113911,-0.009467593598959018,0.002887012013375258,-0.012907364275605649,-0.010613628066929236,-0.006558664210590002,-0.01844681747142694,-0.017344435527001587,0.59650004,0.59818184,0.7910853,0.5105263,0.501626,0.61771655,0.4988189,0.62992424,0.5031999945640564,0.7779423670768738,0.6198499798774719,0.7779423670768738,0.04,40.0,0.48377544774980663,0.48809547451851976,0.49705962132999015,0.4256928744716791,0.41105923801360833,0.42126997248542464,0.4505141452222028,0.45327906620060343,0.4556912131164779,0.0057278208985258785,0.0007430715186877765,0.004591686421263688,0.0007919860811907306,-0.0036284437255704968,-0.0020484429571192846,-0.0001848043453975838,-0.0017664704669142425,-0.0014253514047517766,0.6665323,0.68873876,0.81569344,0.5003817,0.5231707,0.6201755,0.5097561,0.62554747,0.5067500174045563,0.8090678155422211,0.6058000326156616,0.8090678155422211,0.0395,39.5,0.4226716614974023,0.4224548105153558,0.43504353780607735,0.37365244665637976,0.35007025041115825,0.3637652470082412,0.39879026229110326,0.4003342416288088,0.4055778290710877,0.002112237275179229,-0.007397841630713067,-0.0024379535888476647,0.0018394990472829942,-0.008267904000588073,-0.00633103551202426,-0.003371734277993793,-0.010106643969170591,-0.009384893465876681,0.63151616,0.6434603,0.8033894,0.505454,0.51239836,0.618946,0.5042875,0.62773585,2026-10-05T04:23:43.653060
5,0.6141677498817444,0.5021499991416931,0.7902957782745361,0.614445149898529,0.7902957782745361,0.7608063064575196,0.8374038105010986,2.0946849098205567,0.29767111353874204,1.7466298999786376,1.6402628301620483,1.0,10.0,,,,,0.5542911713123322,0.5542911713123322,,,,18.299655981445312,0.11810168571722736,0.03882710875314512,,0.09763751469647429,0.2602624411510814,0.2832005244151802,0.0013908704896279534,0.05627796448957009,1.7442354618743727,,0.0028069699396287345,,77.10888210223739,19.475169491616025,,102.527977767264,77.10458996037768,25.996764735811077,95.10471426605419,39.22018969590497,18.29963038985137,,0.4948112013613343,,0.029410050564985368,0.07391563836176684,,0.0451440865731543,0.020445959132378268,0.0711939198196314,0.000988373963702114,0.15726418442027584,0.057444685631117244,,,,0.22305,4461.0,0.66962713,0.685441,0.8076862,0.4990719,0.50245327,0.6345253,0.49716485,0.62175155,0.5010499954223633,0.8513553791046142,0.5902999639511108,0.8513553791046142,0.064,64.0,0.6589556084588488,0.6557292673239847,0.6758625892105309,0.5886155090378691,0.5555943618515644,0.6027320269557094,0.6291617679087217,0.6363947476092218,0.6350871837447987,0.007971429380420112,0.0024569358323422064,0.008663524389610225,0.004498662143839293,0.007630724511109274,0.010288356498957874,-0.0002665847857868541,-0.0026718382521248234,-0.006124685066267462,0.616,0.5590909,0.78953487,0.50526315,0.499187,0.6169291,0.50826776,0.63825756,0.5100000500679016,0.7931952319145202,0.6185000538825989,0.7931952319145202,0.064,64.0,0.6557733469330056,0.6715921672735783,0.6805961526333938,0.5635398912960513,0.5478027769693959,0.5702265817007317,0.6022399504064121,0.6095036065932417,0.5993917419529018,0.00832148935290521,0.0011478069050239953,0.004738059745283982,0.012270225330389097,0.008877834182891618,0.005885301274300892,0.00292451948795647,-0.0021752187944394695,-0.0054988844792771205,0.67903227,0.6851352,0.81569344,0.51106876,0.5028455,0.6210527,0.5117886,0.6127738,0.5055250227451324,0.8222753055095673,0.6044000089168549,0.8222753055095673,0.064,64.0,0.6573644776959272,0.6636607172987815,0.6782293709219623,0.5760777001669601,0.5516985694104801,0.5864793043282206,0.6157008591575669,0.6229491771012317,0.6172394628488502,0.00814645936666266,0.0018023713686831009,0.006700792067447104,0.008384443737114194,0.008254279347000446,0.008086828886629382,0.0013289673510848078,-0.0024235285232821462,-0.005811784772772291,0.64751613,0.62211305,0.80261415,0.50816596,0.50101626,0.6189909,0.5100282,0.6255157,2026-10-05T04:28:03.553812
6,0.6178171634674072,0.5007725358009338,0.7893365307807922,0.6177344918251038,0.7893365307807922,0.7681955617904663,0.8456140901565552,1.8894810665130615,0.24953075786828996,1.5985458631515503,1.765653893852234,1.0,10.0,,,,,0.5386943231582642,0.5386943231582642,,,,18.269522354125975,0.10107448577263932,0.04808322797013316,,0.1084811306872945,0.2623824729661273,0.274316671120513,0.001802081611099398,0.07110836793472812,1.6753858179803107,,0.003337499449603485,,77.07159759132725,19.44887179477959,,102.54016157016633,77.06593944768237,25.966957274515917,95.10601257518599,39.20717239379883,18.26950636942675,,0.5682482802943819,,0.03068566624858197,0.07718957044706223,,0.05030131926107558,0.022394657324833474,0.07688197303729452,0.0011000434295600576,0.1645221756711887,0.06115495330493921,,,,0.23395,4679.0,0.6694066,0.7124849,0.81418383,0.49705768,0.49937695,0.634202,0.49025923,0.62731165,0.5006999969482422,0.8873781781196595,0.5732501149177551,0.8873781781196595,0.048,48.0,0.7962885810786782,0.8066173356291231,0.8029906737828191,0.6885334090823656,0.6900702072227985,0.6893322926397835,0.7164947474332837,0.717978072801447,0.7199458906176558,0.024079770283803665,0.03091148349670326,0.025362128109042432,0.05155934976023209,0.06404948765315387,0.050604487888745414,0.03636104257378057,0.03432456584700019,0.030911970271714547,0.644,0.48318183,0.74108523,0.5125,0.49756098,0.61574805,0.4897638,0.6106061,0.499349981546402,0.8000836029052735,0.6169500350952148,0.8000836029052735,0.046,46.0,0.7596699450620122,0.7850876786595475,0.77572496558118,0.637045004557919,0.6486083560721296,0.6395145446460553,0.678462590102129,0.6831601293889844,0.6891760354337462,0.02181254036931703,0.027261129214201846,0.024929506512202684,0.04496093743005123,0.05704177288913843,0.04305951535119575,0.0282120182535497,0.023711282584109993,0.021057820971416466,0.6633065,0.71126133,0.82226276,0.49885496,0.49878052,0.6407895,0.502439,0.5952555,0.5000249892473221,0.8437308905124665,0.595100075006485,0.8437308905124665,0.047,47.0,0.7779792630703453,0.7958525071443353,0.7893578196819995,0.6627892068201423,0.6693392816474641,0.6644234186429194,0.6974786687677064,0.7005691010952158,0.704560963025701,0.022946155326560348,0.029086306355452552,0.025145817310622556,0.048260143595141664,0.06054563027114615,0.04683200161997059,0.03228653041366514,0.029017924215555088,0.02598489562156551,0.65365326,0.5972216,0.781674,0.50567746,0.49817073,0.6282688,0.4961014,0.6029308,2026-10-05T04:32:22.087580
7,0.6343671083450317,0.5050548315048218,0.7683202713012696,0.635002613067627,0.7683202713012696,0.7945994143486023,0.8749517012596131,1.7649544069290162,0.32217230123281476,1.5902076387405395,1.9555744272232056,1.0,10.0,,,,,0.5520335033416748,0.5520335033416748,,,,18.249355758666994,0.0963919182444454,0.08604680884415937,,0.1492190193266246,0.298837557245212,0.24002754977744095,0.0025487826257694964,0.09965633135882153,1.0833695024062113,,0.004211491217041851,,77.03453034807922,19.426060111659346,,102.55706840563731,77.03119737175619,25.938824611104977,95.1148598543398,39.28229687927635,18.249347516685535,,0.6703703676819042,,0.03175895585186163,0.08070729231568659,,0.055586749889478565,0.02532284910891466,0.08249048537509457,0.0013713921326847307,0.18287803375037612,0.06934225744312736,,,,0.1965,3930.0,0.68143547,0.7328031,0.86515456,0.50193524,0.5030763,0.65846467,0.4960915,0.64358455,0.4915499687194824,0.8598677144050598,0.5857999920845032,0.8598677144050598,0.072,72.0,0.7943485870929641,0.8299051733831061,0.8126887093229752,0.7212255408497787,0.7190239062264625,0.7126161328182797,0.7334583257639317,0.7185980567473287,0.7302008264517861,0.02590488743998511,0.03960524121904746,0.028142740000313277,0.02632659648940209,0.04819812998679349,0.016986562373704984,0.017204277040923685,0.013875521137193508,0.009903077635422152,0.65550005,0.47272727,0.7949613,0.50986844,0.49390244,0.62401575,0.5145669,0.6276515,0.5123499631881714,0.7879542307853699,0.618149995803833,0.7879542307853699,0.068,68.0,0.7772254327395617,0.8362754875607729,0.8139209468934644,0.6663010807556028,0.6880614528415522,0.6852880257569282,0.7132567866139439,0.7161473860625236,0.72479074909634,0.04225942468233197,0.04798408813216791,0.04522498157626484,0.0496192305886317,0.07169524095512785,0.04772965795277038,0.038894567345518646,0.03689366783913825,0.031181925769387095,0.6701613,0.7189189,0.81569344,0.50916034,0.49552846,0.6307018,0.4995935,0.6021898,0.5019499659538269,0.8239109725952148,0.6019749939441681,0.8239109725952148,0.07,70.0,0.7857870099162629,0.8330903304719395,0.8133048281082198,0.6937633108026908,0.7035426795340074,0.698952079287604,0.7233575561889378,0.7173727214049261,0.7274957877740631,0.03408215606115854,0.043794664675607685,0.03668386078828906,0.0379729135390169,0.05994668547096067,0.03235811016323768,0.028049422193221166,0.02538459448816588,0.020542501702404625,0.6628307,0.5958231,0.80532736,0.5095144,0.49471545,0.6273588,0.5070802,0.6149206,2026-10-05T04:36:41.350025
8,0.645247220993042,0.5053402781486511,0.7504874086380005,0.6453195810317993,0.7504874086380005,0.7807172056198121,0.8595270218849183,1.6611474349975586,0.33529109070301055,1.6904019258499146,2.0,1.0,10.0,,,,,0.5635162921905518,0.5635162921905518,,,,18.23169732055664,0.0756464692271629,0.09468081837911514,,0.16643378648693394,0.3138915774453977,0.2888133451817142,0.0029259855183476143,0.11593466719529431,1.1841777694073452,,0.004724604586490792,,76.9985641187923,19.404870768261564,,102.57627630537482,76.99774490648015,25.913723599379228,95.12658113127301,39.41996359369558,18.2316774501922,,0.6931471824645996,,0.03358312995190833,0.08424553151722926,,0.0612253098968108,0.0288574099184791,0.08903730964394892,0.0017549834743581095,0.20717372180549962,0.07820919227258415,,,,0.20395,4079.0,0.6890938,0.748671,0.8892631,0.5106438,0.50227803,0.6724646,0.4978534,0.65498984,0.5086999535560608,0.8657708778381348,0.5852499604225159,0.8657708778381348,0.052,52.0,0.8122853200017273,0.8460369765048598,0.8227971692406887,0.7380291410030513,0.7609495815845845,0.7364349074715729,0.7537842843483532,0.7612221500016193,0.7609345394292363,0.03251216730051329,0.056527831846625715,0.03347990278846153,0.03988320776076095,0.069309579958775,0.039094314766672286,0.035568590606072786,0.04059937515852385,0.034948686303320514,0.6315,0.50272727,0.7949613,0.47796053,0.49024394,0.61811024,0.54685044,0.6314394,0.49420005083084106,0.789322603225708,0.6195499897003174,0.789322603225708,0.055,55.0,0.7759608607393282,0.8363911192401158,0.8095389832129701,0.6652691641850653,0.6938460033169549,0.6816490473592997,0.7154316774812397,0.7110289704850158,0.7263007438305932,0.03536441532514673,0.05070408528230826,0.04038713541577636,0.050187945516931856,0.07658053003099029,0.04939048258911434,0.038351874111940576,0.036930951800459,0.031757036191608266,0.67217743,0.7166667,0.81569344,0.51030535,0.5028455,0.6276316,0.5004065,0.60656935,0.5014500021934509,0.8275467405319215,0.6023999750614166,0.8275467405319215,0.0535,53.5,0.7941230903705278,0.8412140478724878,0.8161680762268294,0.7016491525940582,0.7273977924507697,0.7090419774154363,0.7346079809147965,0.7361255602433175,0.7436176416299147,0.03393829131283001,0.05361595856446699,0.03693351910211895,0.0450355766388464,0.07294505499488264,0.04424239867789331,0.03696023235900668,0.038765163479491424,0.033352861247464394,0.6518387,0.609697,0.80532736,0.49413294,0.49654472,0.6228709,0.5236285,0.61900437,2026-10-05T04:41:02.246935
9,0.6459401249885559,0.5040147304534912,0.7423630217552185,0.6466827392578125,0.7423630217552185,0.7945200148582459,0.8748634824752808,1.7383356216430663,0.307363507938385,1.8148675838470458,2.0,1.0,10.0,,,,,0.5759404753684998,0.5759404753684998,,,,18.20708543701172,0.06894156798293256,0.1053631495933529,,0.16517354799493864,0.3302650653347848,0.26488247229035494,0.0025770063263625144,0.09702864384195607,1.1241162246579577,,0.004490227630001546,,76.96226433432027,19.38226744779356,,102.58468360657905,76.96190633591573,25.886628412137366,95.1295898826259,39.5037381117511,18.207068655900894,,0.6931471824645996,,0.03506995319940482,0.08701771492980848,,0.06484067601383112,0.031344090238403365,0.09535003980253912,0.0019245122531191654,0.22335882437456944,0.08333543014184684,,,,0.1949,3898.0,0.6898156,0.758095,0.8946117,0.5117891,0.50626945,0.67234343,0.48888215,0.65411407,0.49859997630119324,0.8654096212387085,0.5814999938011169,0.8654096212387085,0.06,60.0,0.8239791001901718,0.8614954243141174,0.8411123054936476,0.7432110210282759,0.7777241059365221,0.7546145020969057,0.7665630810318833,0.768094008352873,0.7793753444298417,0.03201865667423363,0.05221495042501001,0.03105959198567723,0.039393003595653904,0.06145389114621875,0.031233897813202786,0.026515044658953338,0.02824734464924361,0.019460104752032963,0.638,0.485,0.7949613,0.4792763,0.4898374,0.6082677,0.53740156,0.6303031,0.5011000633239746,0.7854842200279236,0.6229999661445618,0.7854842200279236,0.047,47.0,0.7647057658724149,0.8292665478810275,0.7996288146422051,0.6537148413160797,0.686576561794384,0.6639707906250704,0.6949809178706784,0.7013568219113979,0.7124565366047978,0.0303069645455581,0.04493705793973818,0.030532772062187685,0.046178862473110815,0.072443563323986,0.04273018647043281,0.033906497381208656,0.034118244209133716,0.027077123942722523,0.67217743,0.7274775,0.81569344,0.51106876,0.50772357,0.6368421,0.50487804,0.6062044,0.4998500198125839,0.825446920633316,0.6022499799728394,0.825446920633316,0.0535,53.5,0.7943424330312934,0.8453809860975725,0.8203705600679263,0.6984629311721777,0.732150333865453,0.7092926463609881,0.7307719994512809,0.7347254151321354,0.7459159405173197,0.031162810609895862,0.048576004182374094,0.03079618202393246,0.042785933034382356,0.06694872723510237,0.0369820421418178,0.030210771020080997,0.031182794429188664,0.023268614347377745,0.6550887,0.6062387,0.80532736,0.49517253,0.4987805,0.6225549,0.5211398,0.6182537,2026-10-05T04:45:22.402692
10,0.6486752033233643,0.5035099983215332,0.7396581233024597,0.6481849551200867,0.7396581233024597,0.7864263314247132,0.8658704977989197,1.709074828529358,0.30719921724796295,1.884004446029663,1.9999984367370605,1.0,10.0,,,,,0.5969394103050232,0.5969394103050232,,,,18.184059713745118,0.0747484378516674,0.09869471747594274,,0.1576761965206854,0.32176816321102675,0.27833172868771155,0.0023742852225353953,0.08910300843654924,1.2146851978484232,,0.0048208171561075625,,76.92620907923218,19.361338840168752,,102.59064605129753,76.92557443023487,25.857679561444908,95.13426893683756,39.57037261185373,18.184039036939097,,0.6931464045670381,,0.03670758096750375,0.09054870262836955,,0.06783265511321414,0.03360491540211781,0.10107847896351177,0.0021607535416675603,0.23672988422357352,0.08885005785591284,,,,0.2007,4014.0,0.6939856,0.7508861,0.89516646,0.51261854,0.50722355,0.67539394,0.4942892,0.65847254,0.49970000982284546,0.865320092201233,0.580049991607666,0.865320092201233,0.055,55.0,0.8039431036930672,0.835010223487383,0.8243458801088982,0.7175251963682385,0.7464159598291005,0.7317516926426973,0.7513176491815041,0.755238063071245,0.7612049319287386,0.024447115556167045,0.045345000072755264,0.029344793372350488,0.031922041378439986,0.04700921072827499,0.025486564360377946,0.020169351159474765,0.018436745263655914,0.018281722973260642,0.649,0.47954544,0.7949613,0.5055921,0.49186993,0.596063,0.5114173,0.62007576,0.497700035572052,0.7910702657699585,0.6179500222206116,0.7910702657699585,0.048,48.0,0.7506814295673306,0.8206639894435059,0.7979414432991727,0.6298639261451876,0.6736445048042004,0.645823625878352,0.6989565436454122,0.7124112097513584,0.7229981835763114,0.030041912228915755,0.04015531362379806,0.030464143454336977,0.040681061152208854,0.05921693112102239,0.03337413026188868,0.026002419322186887,0.02601341498606618,0.016931118313339873,0.66774195,0.73153156,0.81569344,0.5019084,0.503252,0.62894744,0.5020325,0.5919708,0.49870002269744873,0.8281951789855957,0.5990000069141388,0.8281951789855957,0.051500000000000004,51.5,0.7773122666301989,0.8278371064654444,0.8111436617040355,0.6736945612567131,0.7100302323166504,0.6887876592605247,0.7251370964134581,0.7338246364113017,0.742101557752525,0.0272445138925414,0.04275015684827666,0.02990446841334373,0.03630155126532442,0.05311307092464869,0.029430347311133313,0.023085885240830828,0.022225080124861046,0.017606420643300258,0.658371,0.6055385,0.80532736,0.50375026,0.49756098,0.6125052,0.50672495,0.6060233,2026-10-05T04:49:41.863773
11,0.6486251354217529,0.5043847560882568,0.7344389014244079,0.6487325429916382,0.7344389014244079,0.7902283661842346,0.8700949844360352,1.7110377700805663,0.3112337483167648,1.8645544956207276,2.0,1.0,10.0,,,,,0.590085298871994,0.590085298871994,,,,18.160776654052736,0.059983945445744855,0.0953664788798352,,0.13574637389581673,0.32009431102852914,0.2755191705314217,0.0019759546244623744,0.07471664598698069,1.2435328049264895,,0.004168891411018484,,76.88985068934738,19.33938188006164,,102.59754836938943,76.88950032033738,25.82867273707299,95.13735908459707,39.614354977941815,18.160760199188427,,0.6931471824645996,,0.03830346569513819,0.09331802454344026,,0.07071132938952962,0.03587180024878994,0.10668567843308115,0.0023139853988459725,0.24720004827353606,0.09388158717163049,,,,0.19135,3827.0,0.69623095,0.7583367,0.8959588,0.5095774,0.5005841,0.6755555,0.4971446,0.6593483,0.5107000470161438,0.8600611562728881,0.5888000726699829,0.8600611562728881,0.055,55.0,0.8071365269929331,0.8283575746086362,0.8334278582642941,0.730034912183691,0.7033382920013208,0.7480218280472043,0.7642453025387198,0.7520701488963937,0.7762638555823277,0.03644072684131421,0.048788395870316754,0.04016195521342058,0.04539320190206654,0.065935285187927,0.041644715944509345,0.031397771301427055,0.026108973641034348,0.02696426010352381,0.655,0.5181818,0.7949613,0.5046053,0.4886179,0.6228346,0.5,0.63901514,0.4992999732494354,0.7819828834533692,0.6217000484466553,0.7819828834533692,0.052,52.0,0.7425292708574297,0.7978877224362367,0.7863216009255338,0.6298182434738937,0.6310273349397006,0.6466207045024164,0.6848267219806149,0.6969993455014611,0.7129687951389967,0.03639080888652377,0.04890237000184553,0.04155459217484719,0.047108537803542155,0.0736739984903128,0.04642318004746824,0.03265327356926619,0.03770351112361194,0.029584089230336747,0.6697581,0.7166667,0.81569344,0.50648856,0.50691056,0.6245614,0.50731707,0.62080294,0.5050000101327896,0.8210220198631286,0.6052500605583191,0.8210220198631286,0.0535,53.5,0.7748328989251814,0.8131226485224365,0.809874729594914,0.6799265778287924,0.6671828134705107,0.6973212662748103,0.7245360122596674,0.7245347471989274,0.7446163253606621,0.036415767863918994,0.04884538293608114,0.04085827369413388,0.04625086985280435,0.0698046418391199,0.044033947995988795,0.03202552243534662,0.03190624238232315,0.02827417466693028,0.662379,0.61742425,0.80532736,0.5055469,0.49776423,0.623698,0.50365853,0.62990904,2026-10-05T04:54:01.627246
12,0.6401994824409485,0.5051851272583008,0.7314728066921234,0.6507471203804016,0.7314728066921234,0.766070177268982,0.843252554512024,1.5775311458587646,0.27153533368110655,1.771726247024536,2.0,1.0,10.0,,,,,0.6000170847892762,0.6000170847892762,,,,18.13846622619629,0.0767407169221503,0.10470092652519797,,0.15763501004333708,0.3331270570018489,0.25878484134271645,0.0018422818956985642,0.06654203993974218,1.2536466138757718,,0.0042614763577403444,,76.85417913934987,19.320038060473788,,102.60124162807585,76.85336906287321,25.797554113303022,95.14015965552846,39.63496129224255,18.138456551132688,,0.6931471824645996,,0.039992481256556356,0.09644335731389417,,0.07290699294987757,0.038437580298276465,0.11169143970225268,0.002491358164875845,0.2550684285771315,0.09906203456365378,,,,0.21835,4367.0,0.7019046,0.76272655,0.89669174,0.5104463,0.5051597,0.6699596,0.49540302,0.6665173,0.4979999363422394,1.0089926300048828,0.5553500652313232,1.0089926300048828,0.096,96.0,0.6977295825405737,0.7214765956222621,0.7046823244456429,0.6188337864895858,0.5741036364588511,0.6156846895790352,0.6491533967140808,0.6487916938573557,0.6579091829401319,0.04855040435548922,0.055954069467693206,0.04962400964513501,0.05593660695040546,0.07650223968570968,0.05806138707861341,0.03735734381623885,0.02770916303073418,0.028612413359127502,0.66400003,0.5668182,0.6127907,0.5,0.49878052,0.5523622,0.5074803,0.57272726,0.503250002861023,1.0316932401657104,0.5559499859809875,1.0316932401657104,0.083,83.0,0.6745493131621102,0.7129610807762614,0.6934186441581924,0.5767454693893854,0.5674202540361958,0.565927015451532,0.6294106322906365,0.6294254128460147,0.625140254783322,0.0486029709661355,0.05488986919359474,0.04679771312602411,0.06432569449507315,0.11073251210773115,0.06004915046766841,0.046296460139402223,0.0470720245143842,0.037262166322555974,0.5822581,0.6036036,0.6521898,0.50763357,0.49715447,0.5486842,0.50365853,0.5492701,0.5006249696016312,1.0203429350852966,0.5556500256061554,1.0203429350852966,0.0895,89.5,0.686139447851342,0.7172188381992617,0.6990504843019176,0.5977896279394856,0.5707619452475234,0.5908058525152836,0.6392820145023587,0.6391085533516851,0.641524718861727,0.04857668766081236,0.05542196933064397,0.04821086138557956,0.06013115072273931,0.09361737589672042,0.05905526877314091,0.04182690197782053,0.03739059377255919,0.03293728984084174,0.62312907,0.5852109,0.6324903,0.5038168,0.49796748,0.55052316,0.50556946,0.5609987,2026-10-05T04:58:20.479002
13,0.6701921820640564,0.5002299547195435,0.685848904800415,0.6796523332595825,0.685848904800415,0.7669849517822266,0.8442689673423767,1.567108183670044,0.19344313468933105,1.7051841178894043,2.0,1.0,10.0,,,,,0.62608209066391,0.62608209066391,,,,18.120095425415037,0.19784467997159927,0.1081465132487048,,0.19120732516904546,0.4143837416058133,0.2396086397918926,0.002190223662553438,0.07368402062043262,1.1883784728065419,,0.005857282407525452,,76.82336785383285,19.314325065369818,,102.62064244944578,76.81794039003408,25.769626143631662,95.14569470836858,39.670575889052856,18.120068653373963,,0.6931471824645996,,0.04305786200484652,0.10442604727236329,,0.07733885440856787,0.0412017951013556,0.11699771458745763,0.0027151957293675773,0.26414576039952076,0.10532214150876756,,,,0.25995,5199.0,0.72912997,0.7475231,0.89946514,0.5878357,0.5576324,0.6888485,0.55433375,0.6738493,0.502299964427948,0.7497828044891357,0.658750057220459,0.7497828044891357,0.132,132.0,0.664577892289709,0.7844781401658529,0.732064620871745,0.43239386429974674,0.5135960145029768,0.44445610863843815,0.606163322486417,0.6936767256519235,0.6805593430046074,0.04647461173370004,0.06696764428787443,0.055650186344286215,0.04818021609416535,0.07464603414168866,0.04537507632037262,0.022679176844020446,0.02165765723358758,0.019972070878026365,0.6095,0.62954545,0.7825582,0.6417763,0.6865854,0.6031496,0.6807087,0.6253788,0.4993000626564026,0.7313068633079529,0.6602500081062317,0.7313068633079529,0.111,111.0,0.6613213579844895,0.7754115453432543,0.7256813022034285,0.42145168874985306,0.4743596598742212,0.4271150081655355,0.5949582200609496,0.6485779373932673,0.6453575164367006,0.03771528833728131,0.057732068755571006,0.04441425225521666,0.04623571759084408,0.10180680869547265,0.04563874451627866,0.040267464290538124,0.05301160170929345,0.040475269978257115,0.6858871,0.69954956,0.81569344,0.6480916,0.56585366,0.6267544,0.61747974,0.61240876,0.5008000135421753,0.7405448338985443,0.6595000326633453,0.7405448338985443,0.1215,121.5,0.6629496251370992,0.7799448427545537,0.7288729615375867,0.42692277652479993,0.493977837188599,0.43578555840198685,0.6005607712736833,0.6711273315225954,0.662958429720654,0.04209495003549067,0.062349856521722716,0.050032219299751435,0.04720796684250471,0.08822642141858066,0.045506910418325636,0.031473320567279285,0.03733462947144051,0.03022367042814174,0.6476935,0.6645475,0.7991258,0.64493394,0.6262195,0.61495197,0.6490942,0.61889374,2026-10-05T05:02:40.307636
14,0.6875872015953064,0.5007650852203369,0.6611776062011718,0.6962002515792847,0.6611776062011718,0.7721938270568848,0.8500566055297851,1.5901627101898193,0.17139581544399263,1.7732300231933593,2.0,1.0,10.0,,,,,0.6451263242721558,0.6451263242721558,,,,18.092650079345702,0.2590017098530083,0.11442616337518784,,0.18295291142099224,0.5070940743965707,0.27278902452842446,0.0022642375978457322,0.07568062364960172,1.4010169302961628,,0.0060155102397333,,76.79148835589172,19.29654369232761,,102.62883311472122,76.78379899529135,25.74462609989628,95.14700754736639,39.760848294397825,18.092619719778657,,0.6931471824645996,,0.04541445048941169,0.10912849023273796,,0.08053494928179274,0.0440323286612702,0.12358245400676302,0.002860077630111556,0.2778086836930293,0.10949433262750602,,,,0.2569,5138.0,0.7127907,0.7210834,0.89793986,0.66253954,0.6020249,0.68426263,0.6166262,0.67205703,0.5051500201225281,0.7310618677139282,0.664150059223175,0.7310618677139282,0.125,125.0,0.648792737367832,0.7012002120594274,0.6803374175968844,0.5006133995582777,0.47905866814228193,0.48815913122566545,0.5963079796419607,0.6176337691730853,0.6195101298231774,0.05282004089648291,0.07640758286606852,0.06281129858738738,0.0711751108774474,0.11856721078402463,0.07261301401073336,0.026443290725553095,0.027183102117154367,0.02846058141003078,0.6225,0.62136364,0.7949613,0.65756583,0.7134146,0.59763783,0.66850394,0.625,0.49799996614456177,0.7214815368652344,0.6612499356269836,0.7214815368652344,0.115,115.0,0.6828238465833009,0.745367971275119,0.7158840349620381,0.5157428229690589,0.4764466853035932,0.5166499904745011,0.6280566472807018,0.6521060887180568,0.6547127837189936,0.04766041751418128,0.06330105525275657,0.05242568725297947,0.060723140485519016,0.10805910250458485,0.05530124399561549,0.041758723426938496,0.04746357114981863,0.041646335660187855,0.6826613,0.6914414,0.81569344,0.64580154,0.56869924,0.6333334,0.62520325,0.61642337,0.5015749931335449,0.7262717022895813,0.6626999974250793,0.7262717022895813,0.12,120.0,0.6658082919755665,0.7232840916672731,0.6981107262794612,0.5081781112636683,0.47775267672293753,0.5024045608500833,0.6121823134613312,0.634869928945571,0.6371114567710855,0.050240229205332096,0.06985431905941256,0.05761849292018342,0.06594912568148321,0.11331315664430475,0.06395712900317443,0.0341010070762458,0.0373233366334865,0.035053458535109314,0.6525806,0.6564025,0.80532736,0.6516837,0.6410569,0.6154856,0.64685357,0.6207117,2026-10-05T05:07:01.203896
15,0.6998574137687683,0.500797688961029,0.6389801980495453,0.7044899463653564,0.6389801980495453,0.7803297023773194,0.8590964717864991,1.656532801628113,0.1655655937552452,1.7833033475875855,2.0,1.0,10.0,,,,,0.6555741084098816,0.6555741084098816,,,,18.06096812133789,0.3420098767538739,0.12354837991534524,,0.18266096246090663,0.5290399015329446,0.23963189106078664,0.0021887229392927874,0.07234292562789978,1.2868321668949856,,0.005745489734772201,,76.75862748455849,19.27534776432499,,102.63219092302262,76.74907854408215,25.717785173161015,95.14659390783613,39.84188113850393,18.060941027987536,,0.6931471824645996,,0.04747450603231503,0.11271308476378204,,0.0827958680641879,0.046400951850376314,0.12883102457234813,0.0029553475175764722,0.2901396326198699,0.11132348314592033,,,,0.2588,5176.0,0.71668005,0.74113977,0.9002179,0.67316353,0.6054517,0.6904849,0.63495344,0.6737678,0.5053000450134277,0.7461700205802917,0.6537998914718628,0.7461700205802917,0.142,142.0,0.7656401127412397,0.7757523773096152,0.7794721978389494,0.6665435468460187,0.5788296467668275,0.6537006335292173,0.7396468409801816,0.7582104332057277,0.7501316002310431,0.06936421693739867,0.0699239743705773,0.0692528949856313,0.09296009856967549,0.1063871016592039,0.08653292515347154,0.058616856419806344,0.06101598767821861,0.05374079956580317,0.617,0.5963636,0.7949613,0.6407895,0.69959354,0.5933071,0.6468504,0.6287879,0.499750018119812,0.7159650282859802,0.6618499159812927,0.7159650282859802,0.132,132.0,0.7159080522208568,0.7676406604776769,0.7407719382027205,0.5514993975115586,0.5043069385001915,0.5550606034027646,0.6778357021974383,0.6925920923823212,0.7047958257217379,0.039270080657650794,0.05060021278538051,0.042893036808105516,0.05847147429288127,0.08764761484128764,0.058170250183738684,0.04044011467535502,0.04725893395973534,0.04208800063256214,0.6923387,0.7184685,0.8160584,0.6366412,0.55203253,0.6394737,0.606504,0.6251825,0.5025250315666199,0.7310675244331359,0.6578249037265778,0.7310675244331359,0.137,137.0,0.7407740824810483,0.771696518893646,0.7601220680208349,0.6090214721787887,0.5415682926335095,0.604380618465991,0.70874127158881,0.7254012627940245,0.7274637129763906,0.05431714879752473,0.060262093577978904,0.0560729658968684,0.07571578643127838,0.09701735825024577,0.07235158766860511,0.049528485547580686,0.054137460818976975,0.04791440009918266,0.65466934,0.65741605,0.8055098,0.6387154,0.625813,0.61639035,0.6266772,0.6269852,2026-10-05T05:11:22.159522
16,0.7103399634361267,0.5019373893737793,0.6266187152862549,0.7106348872184753,0.6266187152862549,0.7843013154029846,0.8635093654632569,1.693630003929138,0.1535532381474972,1.7814457458496094,2.0,1.0,10.0,,,,,0.6518287961006165,0.6518287961006165,,,,18.029344161987304,0.4099683276597102,0.12922559768720798,,0.18868393942144265,0.5981016358372512,0.2227901394959468,0.002148152667151135,0.06931379012716045,1.1935945270927089,,0.005105383181054691,,76.72511354677236,19.25366229160576,,102.63459155817701,76.71386636138722,25.69016353339906,95.1470313588525,39.89846617097308,18.029324306803904,,0.6931471824645996,,0.04930955290224901,0.11601466785190971,,0.08480406021046791,0.04859446587076612,0.13373108189197103,0.003104394453037886,0.29981907196105667,0.11304033504929512,,,,0.25585,5117.0,0.7365076,0.7605719,0.8973653,0.67731047,0.59873444,0.69816166,0.6380518,0.6788595,0.5059999823570251,0.7199116225242614,0.6679500341415405,0.7199116225242614,0.147,147.0,0.6716471903714372,0.7193819874525376,0.6923995024590801,0.5391424710065013,0.5159233682531698,0.49606954558479627,0.6664953722518214,0.6829994441824865,0.6917670159571075,0.04558270908465805,0.06611056663724968,0.051002326403784735,0.05396291700358491,0.07376344629950198,0.05270374713341487,0.047317306875086784,0.05541424784926675,0.051007070211276206,0.608,0.6040909,0.7949613,0.6664474,0.75528455,0.61417323,0.6582677,0.62386364,0.49524998664855957,0.6995430736541748,0.6743999719619751,0.6995430736541748,0.126,126.0,0.6753477689827112,0.7351064643852804,0.7063760760427039,0.49990220705382316,0.481387503114948,0.49263799460711144,0.6109810850662315,0.6305570904705119,0.6394498059551158,0.050170034146999144,0.058699467279595054,0.05211233682122116,0.075790760484791,0.09898040406714954,0.07206659897681726,0.053311447005212245,0.061200540409940885,0.0510958932578269,0.69959676,0.71936935,0.81569344,0.6912214,0.56626016,0.6412281,0.63617885,0.6167883,0.5006249845027924,0.7097273480892181,0.6711750030517578,0.7097273480892181,0.1365,136.5,0.6734974796770742,0.7272442259189089,0.699387789250892,0.5195223390301622,0.4986554356840589,0.4943537700959538,0.6387382286590264,0.6567782673264992,0.6656084109561117,0.0478763716158286,0.06240501695842236,0.05155733161250295,0.06487683874418795,0.08637192518332576,0.06238517305511607,0.050314376940149515,0.05830739412960381,0.051051481734551554,0.65379834,0.6617302,0.80532736,0.67883444,0.6607723,0.6277007,0.64722323,0.620326,2026-10-05T05:15:42.104272
17,0.713019609451294,0.49993038177490234,0.6189370665550232,0.713379979133606,0.6189370665550232,0.788728810596466,0.8684288106918335,1.7514166997909546,0.14911296446919442,1.8550063884735108,2.0,1.0,10.0,,,,,0.6553896911621093,0.6553896911621093,,,,17.998532656860352,0.5290955234864715,0.15275035463985365,,0.20196863562817785,0.6282422187601685,0.2354843182975699,0.0020876148519859573,0.06823817626306206,1.3024321885625267,,0.005322779477262502,,76.69175904875348,19.231056444204537,,102.6364665912215,76.6783604227054,25.663422384079855,95.14742016640439,39.934545504819056,17.998508380476835,,0.6931471824645996,,0.05109907537224186,0.11845081261578638,,0.08681754853315414,0.05071521597872874,0.13861754973223256,0.003219766273892894,0.3075737769057037,0.1148497380648449,,,,0.24835,4967.0,0.73332,0.75360453,0.8991283,0.70055294,0.6055296,0.6948889,0.64795464,0.6719552,0.4994499981403351,0.7095530014038086,0.669299840927124,0.7095530014038086,0.144,144.0,0.6895464834862696,0.7199388341210757,0.6993298769765441,0.5503384970975469,0.5008509979951861,0.49530717961754467,0.6447364036246352,0.6507005639939725,0.6441394708947581,0.04062973457131647,0.05343801719837991,0.04289576416403188,0.06115518786396857,0.07410714879494397,0.04992798833216985,0.025512770229615712,0.023464946928694486,0.01793061604317337,0.617,0.59727275,0.7949613,0.6819079,0.7593496,0.618504,0.6322835,0.632197,0.5067000389099121,0.6845062794685364,0.681149959564209,0.6845062794685364,0.138,138.0,0.7020899774083311,0.7394226571537275,0.7244786019461756,0.5460956960329963,0.4981201415690707,0.5440476147414033,0.6617269795039096,0.6672084944139208,0.679452495571808,0.05030150230114182,0.05442848732695843,0.05147991453339654,0.07453667146038144,0.08975855753890966,0.0732707048607714,0.05159882037537428,0.054854955271209954,0.04874984451701694,0.7125,0.72252256,0.8160584,0.70610684,0.5577236,0.6399123,0.64959353,0.6339416,0.5030750185251236,0.6970296404361724,0.6752249002456665,0.6970296404361724,0.14100000000000001,141.0,0.6958182304473004,0.7296807456374016,0.7119042394613599,0.5482170965652716,0.4994855697821284,0.5196773971794739,0.6532316915642724,0.6589545292039467,0.661795983233283,0.04546561843622914,0.053933252262669165,0.047187839348714206,0.06784592966217501,0.0819328531669268,0.06159934659647062,0.03855579530249499,0.03915995109995222,0.033340230280095154,0.66475,0.6598977,0.8055098,0.6940074,0.65853655,0.62920815,0.6409385,0.6330693,2026-10-05T05:20:02.246939
18,0.7178399562835693,0.5004724860191345,0.6086203756809234,0.7186651825904846,0.6086203756809234,0.7965502317428589,0.8771192772865295,1.821278913116455,0.14283304897546767,1.9377883361816406,2.0,1.0,10.0,,,,,0.6657190195083618,0.6657190195083618,,,,17.96547375793457,0.5468998415644761,0.14834091193072355,,0.1892960436499802,0.6518929767760502,0.22230123282428,0.002037807024428087,0.06508364119110213,1.255302138389296,,0.0053408723702701695,,76.65917371033103,19.20957958926061,,102.63820497549264,76.64250066477781,25.63616447691705,95.14906160391061,39.96794334946165,17.96544464986036,,0.6931471824645996,,0.05306409183106604,0.121272960001496,,0.0888340376364957,0.05273464931898816,0.14334152088423444,0.0033600306090940334,0.31482142077130115,0.11617222694075031,,,,0.2451,4902.0,0.72608256,0.75195324,0.90047544,0.7241114,0.6094237,0.69513136,0.6686108,0.67325866,0.505050003528595,0.6966429514884949,0.673050045967102,0.6966429514884949,0.146,146.0,0.7355391939363968,0.7448266237046792,0.7424348829891637,0.6533008998466409,0.500758325648451,0.6362339121105126,0.7202089125049255,0.712569699259564,0.7192229871493916,0.06446599676006562,0.07590185330445876,0.06797132819164105,0.07680233972098457,0.09154335102655313,0.0776776253577432,0.052561032177962784,0.05371050837535322,0.047601648714631156,0.6045,0.6054545,0.79457366,0.6986842,0.8109756,0.6011811,0.6204725,0.6242424,0.49240002036094666,0.6760051202774048,0.6802499294281006,0.6760051202774048,0.144,144.0,0.7317699027470441,0.7719466704588938,0.7559136477309841,0.587304877730051,0.4890426410058222,0.5786766077139252,0.6921326226394402,0.7085387279970529,0.7066909492026301,0.0566855826082714,0.06740719944314363,0.05598200805149154,0.07330352046094658,0.09505603855287736,0.06718682602170827,0.054042436259183986,0.059216990108460606,0.051106391076506996,0.69717747,0.71576583,0.8160584,0.7221374,0.5613821,0.64517546,0.6581301,0.6160584,0.4987250119447708,0.6863240358829499,0.6766499876976013,0.6863240358829499,0.145,145.0,0.7336545483417205,0.7583866470817865,0.7491742653600739,0.6203028887883459,0.4949004833271366,0.6074552599122189,0.7061707675721829,0.7105542136283085,0.7129569681760108,0.060575789684168505,0.0716545263738012,0.0619766681215663,0.07505293009096559,0.09329969478971525,0.07243222568972574,0.053301734218573385,0.05646374924190691,0.049354019895569076,0.65083873,0.6606102,0.80531603,0.71041083,0.68617886,0.62317824,0.6393013,0.62015045,2026-10-05T05:24:21.301423
19,0.7208998203277588,0.5008376836776733,0.59787260928154,0.7235551476478577,0.59787260928154,0.7954287919998169,0.8758732343673706,1.820754715156555,0.1274694379866123,1.897926605606079,2.0,1.0,10.0,,,,,0.6646718139648438,0.6646718139648438,,,,17.93490494995117,0.635181764223773,0.14850602631166482,,0.18655906795601176,0.6435124186953162,0.21875417037944125,0.002061337416110691,0.06342473328350835,1.255238750937638,,0.004447976169717694,,76.62644200416128,19.187668976510405,,102.64014395938557,76.60688786597768,25.607845245652896,95.14845460539411,40.037622099469424,17.934877334886295,,0.6931471824645996,,0.054811732546918714,0.12399839823413047,,0.09057674058683358,0.0548910299066905,0.14804379195924017,0.003439700831570158,0.32483628164431094,0.11840645598757799,,,,0.25265,5053.0,0.72471935,0.7488522,0.8996632,0.74792653,0.61386293,0.6986263,0.67780477,0.6764766,0.49959999322891235,0.7039484729766846,0.6726500391960144,0.7039484729766846,0.154,154.0,0.6570614139470842,0.6805295983199379,0.6746565620153143,0.5850484151730818,0.5360874983474475,0.5975331866172703,0.6521625178434207,0.666707174623777,0.6627940607065859,0.050138306510287334,0.056430322647923935,0.0502885496558915,0.054538733125041705,0.07347138776916519,0.050206298031427996,0.04744437581688536,0.04824445214407707,0.04390646204799241,0.61050004,0.61045456,0.7860465,0.71447366,0.8378049,0.5964567,0.5728347,0.6280303,0.5001500248908997,0.675737322807312,0.6871499419212341,0.675737322807312,0.145,145.0,0.6251225874713804,0.6861810998975223,0.6723826143794708,0.49971220688903717,0.4722409084758426,0.5273115573035025,0.5516324337687089,0.5720292717009303,0.5884795021394513,0.055255876392819835,0.05411369177566954,0.052025080686075115,0.07410276477356736,0.09885566550419803,0.06859939223503426,0.05105545163122101,0.053740754105137595,0.04491734044195701,0.7064516,0.704955,0.80875915,0.7473283,0.5739837,0.64824563,0.66382116,0.6310219,0.499875009059906,0.6898428978919984,0.6798999905586243,0.6898428978919984,0.1495,149.5,0.6410920007092322,0.6833553491087301,0.6735195881973925,0.5423803110310594,0.504164203411645,0.5624223719603865,0.6018974758060648,0.6193682231623536,0.6256367814230186,0.05269709145155359,0.05527200721179674,0.051156815170983305,0.06432074894930453,0.08616352663668161,0.05940284513323113,0.049249913724053185,0.050992603124607336,0.04441190124497471,0.6584758,0.6577048,0.79740286,0.730901,0.70589435,0.62235117,0.6183279,0.62952614,2026-10-05T05:28:40.125257
20,0.7238675355911255,0.4997203052043915,0.5871435972690582,0.7265850305557251,0.5871435972690582,0.7979917181968689,0.878720927619934,1.84378570022583,0.12577186098098755,1.9678497955322265,2.0,1.0,10.0,,,,,0.6662810958862305,0.6662810958862305,,,,17.907033877563478,0.6868873521400864,0.14642041677217574,,0.17610260867958616,0.652076175068594,0.20736272224954738,0.0018655506717515694,0.05951171189214394,1.211731807821116,,0.00430988288646902,,76.59259873894369,19.16447675911484,,102.63837700133111,76.57109652962654,25.58031934993282,95.14810676331733,40.072166491465964,17.907008954673817,,0.6931471824645996,,0.05639354265324629,0.12602037808318048,,0.09202446076710513,0.05693864556634502,0.15201907087663177,0.0035642613553009024,0.33187309989503994,0.12089634136219693,,,,0.24755,4951.0,0.72193265,0.7475231,0.89861333,0.762816,0.61820483,0.7042828,0.6829486,0.6756416,0.5037999749183655,0.7037054233551026,0.6714999675750732,0.7037054233551026,0.164,164.0,0.5975004267340859,0.630369461408692,0.6216169300522608,0.501714199614517,0.5040498472196726,0.5255701216290702,0.5201364970314639,0.5163116637641258,0.5375132148141055,0.0621027062582312,0.07082802422375832,0.06627576776727581,0.06940819655899444,0.07432352586519354,0.0652116245157927,0.04158376163975039,0.04579392301292836,0.039533534260180324,0.6045,0.6136364,0.7864342,0.71348685,0.8239837,0.6051181,0.56259847,0.6363636,0.4982999563217163,0.6736810083389282,0.6835000514984131,0.6736810083389282,0.143,143.0,0.5903837673869522,0.6443097840711002,0.632381460547608,0.4397246955410177,0.4294753516705934,0.48548974467937783,0.4960840994473769,0.5051617953099371,0.5231372108060487,0.0461252693974311,0.04875568951603644,0.04633953310963592,0.06378160760750645,0.07996224030348227,0.06197499534484753,0.0360265478073737,0.03737161317325496,0.03103711350632085,0.6959678,0.7004505,0.80802923,0.7480916,0.5626017,0.6381579,0.6686992,0.63175184,0.5010499656200409,0.6886932158470154,0.6775000095367432,0.6886932158470154,0.1535,153.5,0.593942097060519,0.6373396227398961,0.6269991952999344,0.47071944757776735,0.466762599445133,0.505529933154224,0.5081102982394204,0.5107367295370315,0.530325212810077,0.05411398782783115,0.05979185686989738,0.05630765043845587,0.06659490208325045,0.07714288308433791,0.06359330993032011,0.038805154723562045,0.04158276809309166,0.03528532388325059,0.65023386,0.65704346,0.7972317,0.7307892,0.69329274,0.621638,0.61564887,0.63405776,2026-10-05T05:32:58.733754
21,0.7146750688552856,0.500549852848053,0.5870813346385956,0.7256722450256348,0.5870813346385956,0.7956955676078796,0.8761696509361268,1.8500207126617432,0.11775357013344764,1.9688000318527221,2.0,1.0,10.0,,,,,0.6714252030372619,0.6714252030372619,,,,17.878930163574218,0.6902075095730982,0.15672510901501605,,0.18662704261624888,0.636151638665017,0.22103808336197192,0.0019245386074718302,0.06120152559107656,1.3227020553342856,,0.004367337270734749,,76.55688772991205,19.141951785725393,,102.63804981207392,76.53523152345305,25.55175950117172,95.14737696556529,40.10949031562562,17.878908096605045,,0.6931471824645996,,0.0575220848012502,0.1283120997961919,,0.09357100018080633,0.05894388227610831,0.1560595965689155,0.0036631558241714147,0.338996930486837,0.12305770230710886,,,,0.25525,5105.0,0.7094828,0.72776884,0.8969691,0.77525675,0.62262464,0.6932323,0.6953625,0.6837271,0.500950038433075,0.6847069282531738,0.6753000020980835,0.6847069282531738,0.153,153.0,0.6102013172590381,0.6616984774170966,0.6506583935002905,0.5073059988315907,0.5225648865955299,0.5549100820234509,0.5749161293887521,0.6018943067204509,0.6087799469579085,0.04777444574972998,0.06354140386127992,0.05357267024530534,0.045751474415073684,0.07271862912994226,0.040600081434269276,0.031532051659217665,0.04223397149235548,0.033531680162030494,0.617,0.6018182,0.7930233,0.73256576,0.85365856,0.60748035,0.5322834,0.6363636,0.4991999864578247,0.6498681945800782,0.6909499764442444,0.6498681945800782,0.136,136.0,0.6131434866120293,0.6648444188850869,0.6551797622916296,0.5082138504881684,0.4770424378061182,0.5307397015212464,0.545473787558347,0.5573082235504088,0.570950767502838,0.06471964481744404,0.0656319686527204,0.0639763527143071,0.07678028858826406,0.08615998805539243,0.07309963518232945,0.056524213592936565,0.05937802651327073,0.04863799985024478,0.6903226,0.7009009,0.81642336,0.7740458,0.57439023,0.6381579,0.6890244,0.6288321,0.5000750124454498,0.667287561416626,0.6831249892711639,0.667287561416626,0.14450000000000002,144.5,0.6116724019355337,0.6632714481510917,0.65291907789596,0.5077599246598795,0.49980366220082406,0.5428248917723486,0.5601949584735495,0.5796012651354299,0.5898653572303733,0.05624704528358701,0.06458668625700016,0.058774511479806224,0.061265881501668874,0.07943930859266735,0.05684985830829936,0.04402813262607712,0.0508059990028131,0.041084840006137636,0.65366125,0.65135956,0.8047233,0.7533058,0.7140244,0.6228191,0.6106539,0.63259786,2026-10-05T05:37:17.389465
22,0.7269755005836487,0.501017689704895,0.5757191905021668,0.7301970720291138,0.5757191905021668,0.801599388217926,0.8827294492721558,1.897113145828247,0.11760032098293305,2.1103349824905395,2.0,1.0,10.0,,,,,0.6908758257865906,0.6908758257865906,,,,17.851934017944338,0.7053833502303263,0.14463887880941864,,0.1711152037190404,0.6828968627437665,0.21300636027838774,0.0018513849313566639,0.05880637578428931,1.2920226555341368,,0.0040172538178777145,,76.52104172433258,19.119510201132222,,102.63687731505959,76.49957926561878,25.523739079760897,95.1478122784074,40.14371881667216,17.851910232738327,,0.6931471824645996,,0.05871291684022375,0.1306320566470456,,0.09507887136594505,0.06091095578328819,0.15973948616131095,0.003736002932771281,0.34568287517614427,0.1256336011704366,,,,0.244,4880.0,0.7135325,0.7279098,0.89792,0.7935427,0.6230919,0.69830304,0.699838,0.6863951,0.5050499439239502,0.6760883917808532,0.6780501008033752,0.6760883917808532,0.159,159.0,0.6100782810481347,0.6464940883343558,0.6430091044234317,0.5089064276310881,0.4678913575077958,0.5384326285386863,0.555524674308422,0.5659998452014579,0.5616781315139852,0.05257617016321392,0.06390482684311846,0.057648713356909326,0.04858286834398488,0.06627160302261197,0.04014941921699749,0.03881215346599421,0.0369483530448639,0.03352670437588608,0.6,0.6086364,0.79186046,0.7470395,0.87317073,0.61181104,0.51889765,0.6393939,0.4981999695301056,0.6334190139770508,0.6967000365257263,0.6334190139770508,0.15,150.0,0.5929244239291408,0.6372181877870712,0.6335804935239135,0.4865895834092873,0.4607230815104126,0.5194613285174758,0.5243669756858181,0.5325392731338967,0.5421257222058297,0.044625025513908886,0.0429997217302919,0.04191447289519247,0.06022201863168408,0.07496529699290976,0.05858672676931292,0.03977494567283028,0.042593865078878884,0.03237477702174333,0.6907258,0.6936937,0.8160584,0.79465646,0.5869919,0.63903505,0.6947155,0.63978106,0.5016249567270279,0.6547537028789521,0.6873750686645508,0.6547537028789521,0.1545,154.5,0.6015013524886377,0.6418561380607135,0.6382947989736727,0.4977480055201877,0.4643072195091042,0.5289469785280811,0.5399458249971201,0.5492695591676773,0.5519019268599075,0.0486005978385614,0.05345227428670518,0.0497815931260509,0.054402443487834476,0.07061845000776086,0.0493680729931552,0.039293549569412244,0.039771109061871396,0.03295074069881471,0.6453629,0.651165,0.8039594,0.770848,0.7300813,0.6254231,0.6068066,0.6395875,2026-10-05T05:41:37.760645
23,0.7303450703620911,0.4982347786426544,0.5730093467712403,0.7307676076889038,0.5730093467712403,0.7936443789482117,0.8738905550003052,1.8343297903060913,0.11462509343624115,2.1226797914505005,2.0,1.0,10.0,,,,,0.6939912457466125,0.6939912457466125,,,,17.824124090576174,0.6329838206433946,0.1548121349684372,,0.18101391900971436,0.6470968517338395,0.22586488923069778,0.0018919624079012899,0.06186750998637479,1.4171844726535165,,0.004477589574322152,,76.48508098626593,19.09410799840453,,102.63270136353317,76.46360127637341,25.49575480078436,95.14811798873221,40.18894436101245,17.824098307615632,,0.6931471824645996,,0.05964332538995014,0.13237299623003432,,0.09630650305634092,0.06265007588229361,0.163363775060435,0.0037976098410002174,0.3531259362864646,0.12786338615948986,,,,0.2593,5186.0,0.71309143,0.7225534,0.9022187,0.79533964,0.62739486,0.6971717,0.70271367,0.6843788,0.5039500594139099,0.6816887154579162,0.6809999942779541,0.6816887154579162,0.158,158.0,0.6694057025310981,0.6692197555029898,0.6809889503082002,0.5982100439699984,0.4893044625849275,0.5795339615815499,0.6375385414927407,0.6344515580120853,0.6304874067717439,0.07206445272764077,0.07342211686810875,0.068459433456552,0.08826223044741512,0.08438720966546373,0.07103811738155798,0.05177235436209379,0.05427021153930114,0.04359236029805637,0.59550005,0.6054545,0.79457366,0.7407895,0.8784553,0.60787404,0.55275595,0.6386364,0.5052000284194946,0.6526558508872986,0.691550076007843,0.6526558508872986,0.141,141.0,0.6140368193774371,0.6342562742752778,0.641737680061982,0.4978872277599356,0.43608828021832596,0.5123891552275238,0.5266868075011786,0.5253690018048403,0.538721488382304,0.058955586889945115,0.05629453872117082,0.05566370744948108,0.08079336371859834,0.09570297808089523,0.0780541701865149,0.054549767299998726,0.05663672034360202,0.051986194520373556,0.67741936,0.6869369,0.81569344,0.7984733,0.5727643,0.6381579,0.6930894,0.6313869,0.5045750439167023,0.6671722831726075,0.6862750351428986,0.6671722831726075,0.1495,149.5,0.6417212609542676,0.6517380148891339,0.6613633151850911,0.548048635864967,0.4626963714016267,0.5459615584045369,0.5821126744969596,0.5799102799084628,0.584604447577024,0.06551001980879294,0.06485832779463979,0.06206157045301654,0.08452779708300673,0.09004509387317948,0.07454614378403644,0.053161060831046256,0.05545346594145158,0.04778927740921496,0.6364597,0.6461957,0.8051336,0.7696314,0.7256098,0.623016,0.62292266,0.6350117,2026-10-05T05:45:57.433987
24,0.7308376431465149,0.5015625953674316,0.5687627710819244,0.7310922145843506,0.5687627710819244,0.7884870544433594,0.8681601881027222,1.7751646730422974,0.1474837914586067,2.143514785003662,2.0,1.0,10.0,,,,,0.6987303787231446,0.6987303787231446,,,,17.795153005981444,0.6535784939102306,0.15017384651360238,,0.17659476416031267,0.6022868365239186,0.2020173398599883,0.001889646839303006,0.05909394370807204,1.239452107127305,,0.0046473296422579555,,76.44919761123171,19.069813248458182,,102.63057718459208,76.42768874441742,25.466890808882987,95.14858940756245,40.21965794654409,17.795135911103266,,0.6931471824645996,,0.060532227585649793,0.13423575963943626,,0.09762823216284916,0.06423862624889726,0.1668319598694516,0.0039027909552500507,0.3594303541122728,0.1299782258689783,,,,0.26395,5279.0,0.7028468,0.71604913,0.8993859,0.7987164,0.635845,0.6960606,0.70889026,0.6895112,0.5027999877929688,0.6686732125282288,0.6834999918937683,0.6686732125282288,0.15,150.0,0.6108649146486168,0.6073392078419682,0.6207085920301326,0.5090339382680891,0.44520327825483647,0.5144382819824591,0.5309549942825309,0.5189103887977428,0.5085545342162526,0.07292784397376409,0.07716278296961132,0.07213761352099815,0.08692798369109804,0.08486600141396208,0.07332262176130115,0.04297378920137225,0.03836046940882232,0.032259609553234134,0.6085,0.6127273,0.7930233,0.7480264,0.8910569,0.6232284,0.5185039,0.64128786,0.49799999594688416,0.6305155973434449,0.6984999179840088,0.6305155973434449,0.147,147.0,0.6132912762575642,0.6316546503928431,0.6428758007191595,0.5074198479039883,0.4347773298769963,0.5143362203383782,0.5498554268067716,0.5453214616336113,0.5541320237747318,0.061585777588529,0.05626939110872454,0.0533710767417458,0.07946475705688703,0.09643745398188709,0.07270129971281933,0.05430906116831987,0.051302357733882996,0.04299649520176798,0.68709683,0.6936937,0.8160584,0.8030535,0.5995935,0.6469298,0.6873984,0.6368613,0.5003999918699265,0.6495944049358369,0.6909999549388885,0.6495944049358369,0.1485,148.5,0.6120780954530904,0.6194969291174056,0.631792196374646,0.5082268930860387,0.4399903040659164,0.5143872511604186,0.5404052105446513,0.5321159252156771,0.5313432789954922,0.06725681078114654,0.06671608703916793,0.06275434513137197,0.08319637037399254,0.0906517276979246,0.07301196073706023,0.04864142518484606,0.04483141357135266,0.03762805237750105,0.6477984,0.6532105,0.8045409,0.77553993,0.7453252,0.6350791,0.60295117,0.63907456,2026-10-05T05:50:18.173876
25,0.731857180595398,0.5018552541732788,0.5651545764446259,0.7319326400756836,0.5651545764446259,0.798070548248291,0.8788085169792176,1.8928208278656007,0.1402105512738228,2.1946012031555178,2.0,1.0,10.0,,,,,0.7005120749473572,0.7005120749473572,,,,17.768122607421876,0.6967881311466739,0.1720268753873315,,0.19260609453650795,0.5972693674503617,0.2107246794328568,0.0018505674926267497,0.058312490179090744,1.3130294426231628,,0.004078843208195962,,76.4139770702192,19.045924277821925,,102.62927216936828,76.3914028580781,25.438104665962754,95.14897908982198,40.25424104435429,17.768106958668703,,0.6931471824645996,,0.061576394020182314,0.13624318598941632,,0.09913273734651554,0.06564685569447316,0.16997176826379862,0.0040564762790254345,0.365824441621258,0.1321142984993139,,,,0.25215,5043.0,0.7113071,0.71816355,0.89968306,0.80574644,0.6314058,0.6977374,0.7082017,0.6817108,0.4931999444961548,0.6929833974838256,0.672999918460846,0.6929833974838256,0.144,144.0,0.7163359849288202,0.7202109478726616,0.7289966997868528,0.5992189158236602,0.4989484689935486,0.59825923636907,0.6415125001957034,0.6517658631147911,0.6516007146689508,0.06213411106094198,0.06107468691133566,0.061347026129214846,0.06597607682362974,0.06601986946706424,0.06348783841437686,0.03907267992967083,0.037975408220532775,0.033311356262933696,0.609,0.6045455,0.79457366,0.7388158,0.86585367,0.60157484,0.5019685,0.6375,0.5035500526428223,0.6422112436294556,0.6949999928474426,0.6422112436294556,0.138,138.0,0.6512046194643117,0.6807312858547397,0.6868445349069691,0.5125693029249754,0.4620788166892867,0.531624845817738,0.5815331761470169,0.5938951479192738,0.5976985997777488,0.05695362848768083,0.053948669893919346,0.05371550338457016,0.08029200478823953,0.09276725138964882,0.07836884262473605,0.058022522347307565,0.058379509249180984,0.052430291895897596,0.6907258,0.68783784,0.81569344,0.7908397,0.596748,0.6324561,0.69430894,0.6332117,0.4983749985694885,0.6675973205566406,0.6839999556541443,0.6675973205566406,0.14100000000000001,141.0,0.683770302196566,0.7004711168637007,0.7079206173469109,0.5558941093743177,0.4805136428414176,0.564942041093404,0.6115228381713602,0.6228305055170325,0.6246496572233498,0.059543869774311406,0.057511678402627504,0.057531264756892506,0.07313404080593464,0.07939356042835653,0.07092834051955646,0.0485476011384892,0.048177458734856876,0.04287082407941564,0.6498629,0.64619166,0.8051336,0.7648277,0.73130083,0.6170155,0.5981387,0.63535583,2026-10-05T05:54:38.575336
26,0.7328198552131653,0.5017929673194885,0.5625888350486755,0.7329522371292114,0.5625888350486755,0.7939138257026672,0.8741899393081665,1.8546907390594483,0.1183315506696701,2.222206195449829,2.0,1.0,10.0,,,,,0.7107216361999512,0.7107216361999512,,,,17.742479635620118,0.7195273324562486,0.1566880848021454,,0.17126494489467828,0.5759719026506327,0.20225862086198892,0.0016735498126074198,0.054005977454458835,1.3086175892003782,,0.004209990518992162,,76.37847054839894,19.02263897695359,,102.62733051275751,76.3548535875454,25.409389532295762,95.15041127781959,40.308285026793264,17.74245670342901,,0.6931471824645996,,0.062404713646811286,0.1386437271810641,,0.10042407263995735,0.06706290673108617,0.17288952914013225,0.004202364828247743,0.3734000165751026,0.1342405540168665,,,,0.25815,5163.0,0.7049519,0.714116,0.8971078,0.80497634,0.6396028,0.6960202,0.71551234,0.6898167,0.5002999901771545,0.6632049293518066,0.6808499693870544,0.6632049293518066,0.185,185.0,0.6418816136378874,0.6443580324618229,0.6595905792303846,0.5260473479614156,0.4232016224490235,0.5205178014297135,0.5373039065552152,0.5312407888717477,0.5267697261710059,0.06719232098199708,0.07313201466417164,0.0667110721779508,0.07919929235748047,0.12078637005582754,0.07820014198307863,0.049904977349207104,0.04427304060552544,0.03756386061557884,0.59050006,0.60727274,0.78488374,0.7509869,0.87398374,0.62362206,0.5279528,0.65037876,0.4971999526023865,0.6303085389137268,0.6965000033378601,0.6303085389137268,0.194,194.0,0.6385113540740135,0.6509886437606456,0.6696847870915635,0.5106446085898915,0.43273989331764773,0.5142006748067794,0.5361397506392859,0.525007345558557,0.5368077176555174,0.047456522245808146,0.04049770710508168,0.03855182633757922,0.06628659675086614,0.08601570102777481,0.057552673895289556,0.04205195402099207,0.036783689567535326,0.026906495727353905,0.6729839,0.68108106,0.8160584,0.7984733,0.58983743,0.6442983,0.70609754,0.64379567,0.4987499713897705,0.6467567341327667,0.6886749863624573,0.6467567341327667,0.1895,189.5,0.6401964838559504,0.6476733381112343,0.664637683160974,0.5183459782756535,0.4279707578833356,0.5173592381182465,0.5367218285972506,0.5281240672151524,0.5317887219132617,0.05732442161390261,0.05681486088462666,0.052631449257765014,0.0727429445541733,0.10340103554180118,0.06787640793918409,0.045978465685099584,0.040528365086530384,0.03223517817146637,0.631742,0.6441769,0.80047107,0.7747301,0.7319106,0.6339602,0.61702514,0.6470872,2026-10-05T05:59:03.734459
27,0.730914831161499,0.5017396807670593,0.5636153040409088,0.7315447926521301,0.5636153040409088,0.7915305389404297,0.8715418414115905,1.8274449642181396,0.12871212258934975,2.318833665275574,2.0,1.0,10.0,,,,,0.7053392384529114,0.7053392384529114,,,,17.71499719543457,0.6309073964121995,0.16228124282506715,,0.1740087300871208,0.5463345096369457,0.20429015368413014,0.0018235226245196595,0.05598148401043597,1.2613960143866811,,0.004313622310291976,,76.34267148546353,18.99920981097373,,102.62487447945176,76.31885329325488,25.379558964140095,95.1508197176988,40.34150870742312,17.714976341101774,,0.6931471824645996,,0.06325388282157812,0.1400977893240133,,0.1017896812053243,0.06842055333078287,0.17674967997772678,0.004263236303072257,0.3793331120803857,0.13680660136186393,,,,0.2656,5312.0,0.69777465,0.71083367,0.89754355,0.8025869,0.6358061,0.70256567,0.7153504,0.6885133,0.49434998631477356,0.882586226940155,0.6485499739646912,0.882586226940155,0.173,173.0,0.6573819302412615,0.672427831426921,0.6774048727731369,0.5511527175900514,0.4793678629194655,0.561460023584099,0.6016578610950333,0.6139344089856985,0.6174624862022556,0.042466351441385324,0.053989934575288404,0.04573756498503821,0.04619243305029031,0.07217533334135266,0.04151914455638598,0.03360481206569578,0.04176292293759674,0.0352603684625843,0.603,0.58090913,0.6127907,0.7539474,0.8894309,0.5992126,0.51692915,0.60265154,0.505850076675415,0.972715085029602,0.6353501081466675,0.972715085029602,0.149,149.0,0.6355804325883362,0.6690346432872651,0.6669948186951287,0.5053716561362135,0.4299650130336009,0.515415304093965,0.5708257290229418,0.5751553590410051,0.5870510876956895,0.05340367516059413,0.05551545854663243,0.049654269132719454,0.07112705851432242,0.08885031853978262,0.06802970528139296,0.04665726192930309,0.047821965872505263,0.04275794190012249,0.56895167,0.5581081,0.6521898,0.8125954,0.59308946,0.59078944,0.7077236,0.5817519,0.5001000314950943,0.9276506559848785,0.6419500410556793,0.9276506559848785,0.16099999999999998,161.0,0.6464811814147988,0.6707312373570931,0.6721998457341327,0.5282621868631324,0.45466643797653317,0.538437663839032,0.5862417950589875,0.5945448840133518,0.6022567869489726,0.04793501330098973,0.05475269656096042,0.04769591705887884,0.05865974578230637,0.08051282594056763,0.05477442491888947,0.04013103699749944,0.044792444405051,0.039009155181353394,0.5859758,0.5695086,0.6324903,0.78327143,0.7412602,0.595001,0.6123264,0.5922017,2026-10-05T06:03:29.784573
28,0.7309671640396118,0.5012073516845703,0.5576237712383271,0.7337475419044495,0.5576237712383271,0.7959875592231751,0.8764940863609314,1.8498848882675172,0.15307565058469771,2.271543140220642,2.0,1.0,10.0,,,,,0.709200399684906,0.709200399684906,,,,17.688667373657225,0.5866251284149802,0.1459382661873368,,0.1631448054626869,0.5528818761846822,0.20452625705463112,0.0017240390253466832,0.05441009171401999,1.4159400719366255,,0.004252020845220834,,76.30588798765923,18.972979284395837,,102.62251787124926,76.28255885421851,25.34914044665683,95.15280199962056,40.371208482487184,17.68864453066686,,0.6931471824645996,,0.06390001610585838,0.14100252481023218,,0.10304141495448009,0.06967791207846563,0.18001110434152517,0.004337365685659609,0.3849513325721595,0.1395132898525068,,,,0.25185,5037.0,0.70028067,0.713089,0.90033674,0.80507505,0.6397586,0.70555556,0.7158364,0.688554,0.5021499991416931,0.7047842230796814,0.6545000076293945,0.7047842230796814,0.152,152.0,0.5878207031084043,0.6144209634284055,0.6153019993525579,0.48081491004175003,0.45595366436770235,0.5222901461172758,0.5091144740353072,0.524184678144962,0.5292526612796545,0.04465368064868128,0.05271183987190729,0.0451436070384723,0.0514651122606814,0.09556176663836603,0.05706248836578916,0.023507525661877155,0.0230940176115854,0.022186734912251288,0.6135,0.5927273,0.66589147,0.7328947,0.85365856,0.60393703,0.51102364,0.6367425,0.49699997901916504,0.7033174419403077,0.6518000960350037,0.7033174419403077,0.138,138.0,0.5894990529889422,0.6335766120354941,0.6380796251214483,0.4574745974943846,0.40481663317572086,0.49058426835376734,0.5058301588032539,0.5133581261587561,0.543989534038,0.05877654727039477,0.05199636154642943,0.053132034880633845,0.06977719429061932,0.08114723435261093,0.06901444663081603,0.058737095625869824,0.05910636659313328,0.05029968263616216,0.6032258,0.6310811,0.6989051,0.7801527,0.5804878,0.6052632,0.6947155,0.6069343,0.4995749890804291,0.7040508325099946,0.6531500518321991,0.7040508325099946,0.14500000000000002,145.0,0.5886598780486733,0.6239987877319497,0.6266908122370032,0.4691447537680673,0.43038514877171163,0.5064372072355215,0.5074723164192805,0.518771402151859,0.5366210976588273,0.051715113959538025,0.052354100709168364,0.049137820959553075,0.06062115327565036,0.08835450049548849,0.0630384674983026,0.04112231064387349,0.04110019210235934,0.036243208774206725,0.6083629,0.6119042,0.6823983,0.7565237,0.7170732,0.6046001,0.6028696,0.6218384,2026-10-05T06:07:49.387060
29,0.7276199460029602,0.4991573691368103,0.5567159198760986,0.7347201704978943,0.5567159198760986,0.8012177214622498,0.8823053774833679,1.9089339204788207,0.14149083415865898,2.287214984893799,2.0,1.0,10.0,,,,,0.7097991262435913,0.7097991262435913,,,,17.661566040039062,0.5628838796334662,0.1364889638676385,,0.14989498404750398,0.5687504141194046,0.21416005859993825,0.0016594253744408015,0.05390946584854536,1.3815605256967485,,0.0036837685590752275,,76.26913252909472,18.947748572963057,,102.62048918122699,76.24642803410815,25.319656007608792,95.15378794093041,40.41215017039305,17.66154544368671,,0.6931471824645996,,0.0645365079591988,0.14229901381738627,,0.10423289377028776,0.0708816262662031,0.1829308961417265,0.004418643152898854,0.39117837350839263,0.14168353226913769,,,,0.24745,4949.0,0.70252603,0.721909,0.9001783,0.8078002,0.638493,0.7039798,0.7148643,0.6865173,0.48660001158714294,0.6525258650779724,0.687950074672699,0.6525258650779724,0.131,131.0,0.6534077619160026,0.6716459781779378,0.6704995313009592,0.5326439701364782,0.4760851977180939,0.5448520112079488,0.5715918400939907,0.5780438531890036,0.5871333263788259,0.05335369512079408,0.06608230019226913,0.05392374502652078,0.06854958714048817,0.10073905908398258,0.057644008120160455,0.04206469548692955,0.048934972738247935,0.0450996623726304,0.6065,0.61,0.7949613,0.7651316,0.90284556,0.626378,0.5224409,0.6393939,0.5040500164031982,0.6182390403747559,0.7026500105857849,0.6182390403747559,0.139,139.0,0.6241182395935083,0.6546780846652949,0.6574673383596252,0.4976456994437708,0.4389983918969014,0.5239513387376085,0.5347705593920883,0.5434160565271432,0.5630789818720356,0.06017019781089379,0.05525686391769801,0.055706591065343654,0.08098347503757371,0.10178003370820339,0.07710051134329002,0.059274332762510526,0.05915725927189483,0.05378804527732539,0.6778226,0.68333334,0.81569344,0.8179389,0.5865854,0.65964913,0.72398376,0.6383212,0.4953250139951706,0.6353824527263641,0.6953000426292419,0.6353824527263641,0.135,135.0,0.6387630007547555,0.6631620314216163,0.6639834348302922,0.5151448347901245,0.4575417948074976,0.5344016749727787,0.5531811997430395,0.5607299548580734,0.5751061541254308,0.05676194646584394,0.06066958205498357,0.054815168045932214,0.07476653108903095,0.10125954639609298,0.06737225973172524,0.05066951412472004,0.05404611600507138,0.049443853824977894,0.6421613,0.64666665,0.80532736,0.79153526,0.74471545,0.6430136,0.62321234,0.6388576,2026-10-05T06:12:10.493326
30,0.7324929237365723,0.4965100586414337,0.5507294217586517,0.736565113067627,0.5507294217586517,0.8068389973640442,0.8885512386322022,1.9505410949707032,0.14289481232762336,2.3436088998794555,2.0,1.0,10.0,,,,,0.7110245515823365,0.7110245515823365,,,,17.63532306213379,0.5444240045443083,0.14646921641412813,,0.16184099057724902,0.5337278294335505,0.18281040710818236,0.0016868417140149814,0.05289616325431189,1.1979074451574094,,0.0034778573428678097,,76.23248052900763,18.92419310891704,,102.61728240578037,76.20999898728292,25.290271807628073,95.15410774376741,40.468261329991044,17.635303473017018,,0.6931471824645996,,0.06521324300841921,0.14418532751548063,,0.10541677849877412,0.07202292803176649,0.18558547764447084,0.004529668110167714,0.39843979496864756,0.14396392255072382,,,,0.23645,4729.0,0.6986167,0.71284735,0.90132725,0.8135663,0.6382204,0.70632327,0.7244228,0.6958656,0.5100999474525452,0.6710746688842774,0.6785999536514282,0.6710746688842774,0.173,173.0,0.5945941764284379,0.6153438011675592,0.6245051802566766,0.48427891072918305,0.43187957142319117,0.5003044237795701,0.5018458497473283,0.49791838499395613,0.5015544607507678,0.04240984900086258,0.043460455066701015,0.045250814496786314,0.04892581258698104,0.0739094983982798,0.057820535389503706,0.024409158569474343,0.01860709059922402,0.02516635242070783,0.5815,0.6109091,0.7639535,0.7694079,0.9065041,0.618504,0.50275594,0.63522726,0.4988500475883484,0.6347423782348632,0.6975499391555786,0.6347423782348632,0.171,171.0,0.555322551870357,0.6033359742171871,0.6088312158474853,0.4278385226138318,0.41690648853523204,0.45874390915216606,0.45178703775905393,0.44557550594641987,0.47220570415764496,0.0632970801607827,0.05494028691351438,0.05381653722027502,0.08154110040672238,0.08941456891551891,0.06844564986159787,0.06161202545261824,0.05988106240846987,0.04511548231729975,0.66774195,0.6783784,0.8010949,0.8122138,0.5922764,0.6609649,0.7134146,0.63759124,0.5044749975204468,0.6529085235595703,0.6880749464035034,0.6529085235595703,0.172,172.0,0.5749583641493974,0.6093398876923731,0.616668198052081,0.45605871667150744,0.4243930299792116,0.47952416646586804,0.4768164437531911,0.47174694547018803,0.4868800824542064,0.05285346458082264,0.0492003709901077,0.04953367585853066,0.06523345649685171,0.08166203365689936,0.0631330926255508,0.04301059201104629,0.039244076503846946,0.03514091736900379,0.624621,0.6446438,0.7825242,0.7908108,0.74939024,0.63973445,0.6080853,0.6364093,2026-10-05T06:16:29.886047
31,0.7354075908660889,0.4977973997592926,0.552328217124939,0.7357697486877441,0.552328217124939,0.798834024143219,0.8796568240165711,1.8923808759689331,0.12919710609316826,2.257779350280762,2.0,1.0,10.0,,,,,0.7130460136413574,0.7130460136413574,,,,17.61039411315918,0.556326636415758,0.15003062182574706,,0.16456610489945123,0.5404445325872701,0.19781535759473304,0.0018256073509888711,0.05644020959023078,1.3762516686870794,,0.0041732617580127205,,76.19612247928693,18.899962552793465,,102.61416188622736,76.17370858162072,25.261919762678207,95.15538467115657,40.51886187996834,17.61037034441711,,0.6931471824645996,,0.06596258149784841,0.14560915463289636,,0.10651270115071801,0.07318168655512439,0.18849993444931734,0.00459028450938262,0.4051464173444517,0.14631186349756398,,,,0.25495,5099.0,0.7091419,0.71566653,0.8991086,0.8106833,0.63272977,0.7020606,0.72158766,0.69399184,0.5012499690055847,0.6732641134262085,0.6785500049591064,0.6732641134262085,0.167,167.0,0.6265163247848423,0.6604484079892635,0.6545793704136186,0.4909389056340555,0.4292629280377014,0.5227426432828671,0.5144222662633329,0.51624047627489,0.5309047677928516,0.03162400708282232,0.041032446756673675,0.033058631747222386,0.024821313501918976,0.06735285848983354,0.029206996109109755,-0.00465914129230399,-0.008011515671962321,-0.007171416366914411,0.605,0.6045455,0.78100777,0.7526316,0.8910569,0.6106299,0.5114173,0.6386364,0.4995500147342682,0.6313764407634735,0.6987500190734863,0.6313764407634735,0.163,163.0,0.5977647425712065,0.6501486484963525,0.6471514171821693,0.4606355072110779,0.42359575419081136,0.4902578511962861,0.4863207537484783,0.4941150587277747,0.5191909101892315,0.0646478490463878,0.057298587923072325,0.059215671026244,0.08657621774077455,0.09382227034425031,0.07830403415841908,0.06673039347842494,0.06423640022573675,0.05673905176788934,0.67862904,0.6873874,0.8116789,0.8068703,0.59105694,0.6464913,0.7186992,0.6321168,0.5003999918699265,0.6523202770948411,0.6886500120162964,0.6523202770948411,0.165,165.0,0.6121405336780243,0.655298528242808,0.6508653937978939,0.47578720642256667,0.42642934111425634,0.5065002472395767,0.5003715100059056,0.5051777675013324,0.5250478389910416,0.048135928064605066,0.049165517339873,0.04613715138673319,0.05569876562134676,0.08058756441704193,0.05375551513376442,0.031035626093060473,0.028112442276887212,0.024783817700487466,0.64181453,0.6459664,0.7963433,0.77975094,0.7410569,0.6285606,0.6150583,0.6353766,2026-10-05T06:20:50.232669
32,0.7326950430870056,0.5002201795578003,0.5518884017944335,0.7362052202224731,0.5518884017944335,0.8000705646514893,0.8810307605743408,1.9302537376403808,0.12631831295490265,2.4030990495681763,2.0,1.0,10.0,,,,,0.7227235165596009,0.7227235165596009,,,,17.583796258544922,0.5555612298238809,0.14059362234251135,,0.14621222747644042,0.5606715770284082,0.1882325533279188,0.001775627294748096,0.055126017066323835,1.2777220075297508,,0.0042392617712727195,,76.15926803297297,18.876920870155285,,102.61309561759803,76.13754452261955,25.23204527690912,95.15673521977321,40.576127799453246,17.58377830845535,,0.6931471824645996,,0.0665885786626749,0.14767620252196195,,0.10785834538708826,0.07425813338938791,0.19105478048704233,0.004700247447486896,0.4121451167164335,0.14862354109241704,,,,0.25375,5075.0,0.7034684,0.71441805,0.89954436,0.8098934,0.63783103,0.703899,0.72322804,0.6960896,0.5152999758720398,0.6526207571029663,0.6861499547958374,0.6526207571029663,0.166,166.0,0.6604945842766387,0.6742056604538312,0.6916259084131217,0.5724926808142538,0.4535851087028483,0.5848736647094387,0.5889222247829164,0.5945940724770047,0.5927971999381686,0.05682835466858927,0.07145407108296677,0.06660305676500794,0.06147191756959613,0.11126403265896734,0.07397843611341533,0.035120834878672326,0.041639994405351065,0.03763000420790289,0.6085,0.60818183,0.7949613,0.76381576,0.89715445,0.61732286,0.5114173,0.651894,0.4989500045776367,0.613752477645874,0.7043499946594238,0.613752477645874,0.152,152.0,0.6552226522819856,0.696844958253716,0.6933005999513325,0.5196028435450251,0.4381766228045072,0.5142190384181633,0.5805592554345759,0.5906940171183396,0.6027385666449825,0.06821587142997372,0.06707907035583277,0.06319895049529733,0.0843942626011386,0.10239029941421447,0.07951309657161777,0.07717315673154086,0.07977116229929518,0.07275448018859644,0.6842742,0.68828833,0.81569344,0.8152672,0.5890244,0.66403514,0.7203252,0.64087594,0.5071249902248383,0.6331866173744202,0.6952499747276306,0.6331866173744202,0.159,159.0,0.6578586182793121,0.6855253093537736,0.6924632541822271,0.5460477621796394,0.44588086575367775,0.549546351563801,0.5847407401087461,0.5926440447976722,0.5977678832915756,0.0625221130492815,0.06926657071939976,0.06490100363015264,0.07293309008536736,0.1068271660365909,0.07674576634251655,0.0561469958051066,0.060705578352323125,0.05519224219824967,0.6463871,0.6482351,0.80532736,0.7895415,0.74308944,0.640679,0.61587125,0.64638495,2026-10-05T06:25:09.081351
33,0.7316249012947083,0.5015649199485779,0.5481834672927857,0.7369648218154907,0.5481834672927857,0.7967362124443054,0.8773259196281433,1.9210611837387086,0.11964365910887718,2.340417689704895,2.0,1.0,10.0,,,,,0.711104002571106,0.711104002571106,,,,17.55894557800293,0.46501364772486836,0.13461342291420053,,0.14587025859268607,0.5414709181162962,0.18065906059779938,0.001597399628353394,0.05119174518355518,1.2082185206139924,,0.003993880681606057,,76.12177553602085,18.85084698913963,,102.61128847158639,76.10157119848166,25.20217653748336,95.15768602699231,40.63669632346767,17.55892549502622,,0.6931471824645996,,0.06694114507193778,0.14868178413172436,,0.10898601434602859,0.07526045662772124,0.19378785086665185,0.004846350788168466,0.4192198482668324,0.15115872110910478,,,,0.26875,5375.0,0.69925827,0.71282727,0.8979596,0.8132307,0.64741045,0.7097172,0.7198866,0.69382894,0.49800002574920654,0.6545790486335754,0.6835500001907349,0.6545790486335754,0.16,160.0,0.6074213969665297,0.6438355047211712,0.6327611052775615,0.49510537676918664,0.4870376066771829,0.5098199470741647,0.5138425119384782,0.5316713860640505,0.5287302769569759,0.04921303456311889,0.06256996647013165,0.05271050185788963,0.054350745275554,0.10405092844354405,0.05588522629483838,0.03879123640799611,0.038529278400605695,0.03632472157947591,0.60150003,0.6109091,0.7949613,0.76611847,0.9056911,0.6165355,0.49527562,0.6409091,0.4972500503063202,0.6147508339881897,0.7032999992370605,0.6147508339881897,0.138,138.0,0.626014034864197,0.6571737726651019,0.6568816545833905,0.4699859461614364,0.42969018036824236,0.48507307058937166,0.51035216339656,0.5216563953689982,0.5342764826604244,0.05962433387720113,0.06379869961432348,0.057867019232706075,0.07731007832317023,0.10452553782880941,0.07357428388085137,0.052514975755535195,0.0562889871020771,0.04857806737492992,0.67903227,0.68423426,0.81569344,0.8133588,0.59634143,0.65657896,0.7203252,0.64270073,0.49762503802776337,0.6346649413108826,0.6934249997138977,0.6346649413108826,0.14900000000000002,149.0,0.6167177159153634,0.6505046386931366,0.6448213799304761,0.4825456614653115,0.4583638935227126,0.49744650883176816,0.5120973376675191,0.5266638907165244,0.5315033798087001,0.05441868422016001,0.06318433304222756,0.055288760545297855,0.06583041179936211,0.10428823313617673,0.06472975508784487,0.04565310608176565,0.0474091327513414,0.04245139447720292,0.6402662,0.6475717,0.80532736,0.78973866,0.75101626,0.6365572,0.60780036,0.64180493,2026-10-05T06:29:29.137788
34,0.7357552647590637,0.5025175213813782,0.5469804423809052,0.7376024127006531,0.5469804423809052,0.797614672088623,0.8783019866943359,1.9275698957443237,0.11924238625764846,2.487959778213501,2.0,1.0,10.0,,,,,0.7239071230888366,0.7239071230888366,,,,17.533765454101562,0.5027755683015107,0.15064384508284795,,0.15286646669457674,0.509580637808818,0.1832220858069742,0.0015860560737923975,0.051387981754864094,1.2473144377492795,,0.0035552832597917075,,76.08517120750088,18.827014303511117,,102.61016413208786,76.06532375068421,25.17288431544213,95.15867376631232,40.69122013164933,17.53374631845268,,0.6931471824645996,,0.06764147013046179,0.14999020896899473,,0.11029621745180931,0.07628223432856761,0.19664227658775962,0.004928122814388792,0.42581739983740885,0.1537382182232134,,,,0.2605,5210.0,0.7023657,0.71113575,0.8960975,0.8113547,0.6431659,0.71226263,0.72083837,0.70234215,0.48955002427101135,0.6536299548149109,0.6887500882148743,0.6536299548149109,0.171,171.0,0.5884670817413754,0.6182703534021754,0.6130510041743312,0.4809649511217575,0.44930934653737475,0.5002470757438353,0.4445061031584217,0.44368435252982846,0.4441259396711555,0.05557525096500382,0.06253276198561657,0.05738205179571251,0.06477959495981449,0.08431732934881374,0.06847314966820821,0.04080043300779923,0.03630894693293823,0.03833380783313427,0.614,0.605,0.78953487,0.77236843,0.904065,0.6267716,0.49330708,0.6674242,0.506100058555603,0.6226840806007385,0.7050499320030212,0.6226840806007385,0.154,154.0,0.5823093425818869,0.6262233930839083,0.6277987938113377,0.44345823242639737,0.4079189563571664,0.4725088391120684,0.46534598219145973,0.4730536427508439,0.500468050606089,0.05865194118564681,0.05887446135318721,0.05510151488619557,0.07982637397293867,0.09934397998712527,0.0730322833241331,0.05010518661081715,0.04954592023291463,0.04239131008611473,0.67580646,0.6873874,0.8149635,0.81374043,0.5955285,0.68070173,0.7134146,0.6430657,0.4978250414133072,0.6381570177078247,0.6969000101089478,0.6381570177078247,0.1625,162.5,0.5853882121616312,0.6222468732430418,0.6204248989928345,0.46221159177407745,0.42861415144727055,0.48637795742795187,0.45492604267494074,0.4583689976403362,0.4722969951386222,0.05711359607532532,0.060703611669401886,0.056241783340954046,0.07230298446637658,0.0918306546679695,0.07075271649617065,0.04545280980930819,0.04292743358292643,0.0403625589596245,0.64490324,0.64619374,0.8022492,0.79305446,0.74979675,0.6537367,0.60336083,0.65524495,2026-10-05T06:33:49.372409
35,0.7315225005149841,0.5000097751617432,0.5454239937305451,0.7381051182746887,0.5454239937305451,0.8064976355552673,0.888171945476532,1.9849246034622192,0.12343108302354813,2.4687107944488527,2.0,1.0,10.0,,,,,0.7303252247810363,0.7303252247810363,,,,17.507798361206056,0.4816468601014204,0.1400217673011646,,0.14480585813712163,0.5194235022660274,0.18416663940260364,0.0016054789084128467,0.05035278029075474,1.287601261002243,,0.0033989666722370844,,76.04865284330526,18.801556070898748,,102.60762898633435,76.02906439714371,25.143193008034093,95.15872192382812,40.740141315824665,17.507778204170762,,0.6931471824645996,,0.06838444496985453,0.15108413766523834,,0.11138315470355331,0.07724596384414442,0.19895181202205123,0.005021670776876105,0.43198800428657774,0.15586572657724854,,,,0.2448,4896.0,0.70090216,0.70986706,0.8983558,0.81518567,0.64774144,0.71329296,0.7203119,0.6976375,0.5026499629020691,0.6554894609451294,0.6852999925613403,0.6554894609451294,0.167,167.0,0.5394060082109559,0.5902732249573153,0.5716856231493131,0.4364619479261065,0.43705260370142646,0.4654660038496037,0.397568728157279,0.4102316524758865,0.4115179923359611,0.06747159222313853,0.08908772609592254,0.07158162571571428,0.07925326833691904,0.1298272622115921,0.0804474742138002,0.04425858332461042,0.04461234264079712,0.04086659365331891,0.606,0.60727274,0.7949613,0.7641447,0.9044715,0.62795275,0.492126,0.64924246,0.5059500336647034,0.6163912863731384,0.7038999795913696,0.6163912863731384,0.153,153.0,0.6229813295366434,0.6489080808250863,0.6590794549842331,0.5002790645238008,0.4383289731923497,0.5219695009606865,0.5465286387340078,0.5520490272102856,0.5697756204133394,0.06468039190444694,0.06478133242840887,0.05951103761006141,0.08394454302378948,0.09891602216902338,0.07989902762163317,0.057086758097294354,0.05795471246038285,0.04843715371200786,0.6798387,0.68603605,0.81569344,0.8080152,0.6,0.67149127,0.70813006,0.6452555,0.5042999982833862,0.6359403736591339,0.694599986076355,0.6359403736591339,0.16,160.0,0.5811936688737996,0.6195906528912007,0.6153825390667731,0.46837050622495363,0.4376907884468881,0.4937177524051451,0.47204868344564344,0.481140339843086,0.49064680637465025,0.06607599206379274,0.07693452926216571,0.06554633166288784,0.08159890568035426,0.11437164219030774,0.08017325091771668,0.05067267071095238,0.051283527550589986,0.044651873682663386,0.64291936,0.64665437,0.80532736,0.78608,0.7522358,0.649722,0.60012805,0.647249,2026-10-05T06:38:09.720946
36,0.7376500964164734,0.5013500452041626,0.5444876275062561,0.738277018070221,0.5444876275062561,0.8023168961524964,0.8835266800880432,1.953677603149414,0.13967182199954986,2.450397995376587,2.0,1.0,10.0,,,,,0.7277019319534301,0.7277019319534301,,,,17.48286241455078,0.5107272880472196,0.12955200762315922,,0.14500532600625304,0.5224832144512492,0.19378117875308748,0.0016174045703551809,0.052318543871971455,1.3552617014973027,,0.003869878491134662,,76.0124102063999,18.77908384724028,,102.60677726405441,75.99288473918939,25.114356520828927,95.1601616926254,40.79948835919617,17.48284041046337,,0.6931471824645996,,0.06907453136459278,0.15264785621955895,,0.1125135217692442,0.07823606158138081,0.20191275038916595,0.005120868545476418,0.4386844583757364,0.15845625235396585,,,,0.2532,5064.0,0.70028067,0.71373343,0.8981379,0.81469196,0.6407321,0.70923233,0.72739977,0.70079434,0.4992000162601471,0.659015109539032,0.6852499842643738,0.659015109539032,0.164,164.0,0.6431660933713719,0.6823770523033731,0.6702278408010758,0.5244140031875086,0.4588388838812235,0.5229125293237268,0.5247351318675657,0.5341401552044805,0.5326215678292063,0.05281958334934384,0.06415877618733294,0.05220629384638245,0.057557600833902794,0.09482576700643673,0.05799898766294655,0.02195884436644776,0.01955646582344663,0.01243718370362551,0.61050004,0.6190909,0.7949613,0.7615132,0.8955285,0.6267716,0.4838583,0.6560606,0.5041499137878418,0.6136479904651642,0.7071501016616821,0.6136479904651642,0.162,162.0,0.6243770260011404,0.6514744243112772,0.6611854007137293,0.5031637445308572,0.415464292268083,0.504183075876569,0.5421010712255517,0.5399776753179459,0.5559211740017297,0.05534213424354421,0.05263067222721938,0.05095386321400099,0.07672597853439427,0.08890021030599767,0.07148785314493102,0.05855443095055896,0.05590939844480695,0.05106088749491707,0.68346775,0.6891892,0.8149635,0.81450385,0.60406506,0.67850876,0.70609754,0.65000004,0.5016749650239944,0.6363315500020981,0.696200042963028,0.6363315500020981,0.163,163.0,0.6337715596862561,0.6669257383073252,0.6657066207574025,0.5137888738591829,0.43715158807465326,0.5135478026001479,0.5334181015465587,0.5370589152612133,0.5442713709154681,0.054080858796444024,0.058394724207276164,0.051580078530191725,0.06714178968414852,0.0918629886562172,0.06474342040393878,0.04025663765850336,0.03773293213412679,0.031749035599271294,0.64698386,0.65414006,0.8049624,0.7880085,0.74979675,0.6526402,0.5949779,0.6530303,2026-10-05T06:42:29.570148
37,0.7374700307846069,0.49992480874061584,0.5450783700466156,0.7388152480125427,0.5450783700466156,0.80539816198349,0.8869503140449524,1.9641682321548461,0.13012300639152527,2.487988180923462,2.0,1.0,10.0,,,,,0.7349122428894043,0.7349122428894043,,,,17.458652154541017,0.5003056396154841,0.15364240714983576,,0.16125499013407973,0.5031985114714143,0.17803495704748068,0.0017078832751377278,0.05415240166246132,1.2238740184504515,,0.004223906371164488,,75.97588717709681,18.7547451796805,,102.6070523110165,75.95664326856091,25.085253308533105,95.16202758983442,40.88398686791681,17.45864014109229,,0.6931471824645996,,0.06970680500291715,0.15376426630718693,,0.11380849380022401,0.07912714693956314,0.20441442177553845,0.005211900326476735,0.4467731125795158,0.16098576129242115,,,,0.25655,5131.0,0.70659584,0.7141764,0.8999207,0.80957747,0.64086837,0.7147273,0.7238356,0.6996538,0.5057999491691589,0.669855716228485,0.6827000379562378,0.669855716228485,0.17,170.0,0.6013032199730876,0.6414738718538117,0.6248505379580165,0.49270935489586304,0.46652755559174486,0.4953698600835718,0.4785387783660877,0.483956524463089,0.48234658707561284,0.04474939522924512,0.06665022337591094,0.04777051323827269,0.04383092349507534,0.09515271743727846,0.0358107781166153,0.02938945561748664,0.03233658518148985,0.02605631919743726,0.617,0.57772726,0.7930233,0.74769735,0.88699186,0.638189,0.4968504,0.6685606,0.486299991607666,0.6311385169029236,0.7034499645233154,0.6311385169029236,0.154,154.0,0.6310688400548262,0.6697132429066771,0.6758131267665314,0.49692334371154334,0.4466913221739512,0.5108082993680307,0.5465988598757233,0.547837965791263,0.5677793310430606,0.0606206708576018,0.0582585814678247,0.05566379684946439,0.07454511137475799,0.08249219818278271,0.06804555905201178,0.06117704064637885,0.06205022055885516,0.0534597173438641,0.6814516,0.68333334,0.8153285,0.8091603,0.58943087,0.67719305,0.71056914,0.6445256,0.4960499703884125,0.6504971165657043,0.6930750012397766,0.6504971165657043,0.162,162.0,0.6161860300139569,0.6555935573802444,0.650331832362274,0.4948163493037032,0.456609438882848,0.5030890797258013,0.5125688191209055,0.5158972451271759,0.5250629590593368,0.05268503304342346,0.06245440242186782,0.051717155043868535,0.05918801743491667,0.08882245781003059,0.05192816858431354,0.04528324813193274,0.047193402870172506,0.03975801827065068,0.64922583,0.6305303,0.80417585,0.7784288,0.7382114,0.657691,0.60370976,0.65654314,2026-10-05T06:46:49.481025
38,0.7380999326705933,0.5035001635551453,0.542352534198761,0.7397874593734741,0.542352534198761,0.8071629287719727,0.8889111622810364,1.9379506406784057,0.12516343094110488,2.533630372238159,2.0,1.0,10.0,,,,,0.7392647168159485,0.7392647168159485,,,,17.435855978393555,0.5262721044242762,0.13880819223441515,,0.146731493081067,0.4965127345862662,0.17954831316497674,0.0016542577624445555,0.052405422885611556,1.2690509489387463,,0.0047486583594007386,,75.93963511278675,18.73206512791336,,102.61082745205825,75.92063325529645,25.057758622868047,95.1640812090248,40.96000814741584,17.43583210258727,,0.6931471824645996,,0.0703809161664574,0.15542645325326615,,0.11523828764629972,0.08000086831628897,0.20691350187845292,0.005350521323715995,0.45421041842478854,0.16356068631266332,,,,0.24985,4997.0,0.69607055,0.7189287,0.8980586,0.81526464,0.64227027,0.71426266,0.72460514,0.7077393,0.5054500102996826,0.646846107006073,0.68545001745224,0.646846107006073,0.184,184.0,0.5878122066996299,0.6116344203055848,0.6088852733410876,0.48029034511109087,0.4744752768457629,0.49483449221192277,0.42237804031570986,0.42132644972338,0.42704301822348684,0.04789361946577307,0.054937760035594446,0.04849026423849858,0.0657758461690861,0.09773273167020874,0.06645977884425794,0.03709522081835936,0.03250621250089598,0.03508614329600017,0.614,0.59181815,0.7949613,0.7601974,0.89837396,0.62992126,0.49015749,0.6674242,0.49390000104904175,0.607608883857727,0.7044000625610352,0.607608883857727,0.162,162.0,0.5938448751359688,0.6340377436095762,0.6349759388449409,0.459032748444016,0.4096244311996262,0.47644656281102116,0.48199770528632685,0.482178641405412,0.5069307191873147,0.06601994613114844,0.06683993009885339,0.06146413680060263,0.08700046586954856,0.10226203291273119,0.07350029462031392,0.06593911325348135,0.06739862247309678,0.057770269742298375,0.67903227,0.68783784,0.8149635,0.81832063,0.596748,0.67061406,0.7012195,0.6489051,0.4996750056743622,0.6272274954319,0.6949250400066376,0.6272274954319,0.173,173.0,0.5908285409177993,0.6228360819575804,0.6219306060930142,0.46966154677755345,0.4420498540226946,0.48564052751147196,0.45218787280101835,0.45175254556439604,0.46698686870540074,0.05695678279846075,0.06088884506722392,0.0549772005195506,0.07638815601931734,0.09999738229146996,0.06998003673228592,0.05151716703592035,0.04995241748699637,0.04642820651914927,0.64651614,0.63982797,0.8049624,0.789259,0.747561,0.65026766,0.59568846,0.6581646,2026-10-05T06:51:09.541503
39,0.7371750473976135,0.49796733260154724,0.5425548422336578,0.7391502857208252,0.5425548422336578,0.8069229755401611,0.8886445463180542,1.9677507038116455,0.1199562106192112,2.6958558815002442,2.0,1.0,10.0,,,,,0.7431369366645812,0.7431369366645812,,,,17.41132155761719,0.5419473866368555,0.14298281193396467,,0.13764117264254078,0.5026125980030959,0.17247984472923217,0.0014996942233555257,0.04944869474905312,1.1119862138086063,,0.003846771085440555,,75.90282799787582,18.711479272052742,,102.61146419063495,75.88473846046787,25.030151865284914,95.16580365417869,41.00617043076048,17.41129895835925,,0.6931471824645996,,0.0709743247764885,0.15736066061220352,,0.11652555729553199,0.08089635260165877,0.2094625345650752,0.005581947586315263,0.4599249226272486,0.16572595031777765,,,,0.2484,4968.0,0.6977145,0.70968586,0.8972465,0.8150474,0.6421145,0.71533334,0.72827053,0.70668024,0.5032498836517334,0.6583088536262512,0.68135005235672,0.6583088536262512,0.182,182.0,0.5765828805613201,0.6338126890110534,0.6132799643515368,0.43118491979259477,0.4694980283875988,0.4600363303233707,0.4074061535689238,0.4047471145732724,0.41451446811303394,0.0692760073775072,0.08453172455911379,0.07750021719509552,0.07284416923062446,0.10206856167556987,0.08206842089427584,0.0485118575283411,0.0475450078462435,0.04874424733566577,0.614,0.5977273,0.79418606,0.7473684,0.88739836,0.62874013,0.4948819,0.6537879,0.4874500334262848,0.6116901240348815,0.7050999402999878,0.6116901240348815,0.155,155.0,0.6335467072268245,0.656945998193959,0.6708367866078778,0.49351643346451474,0.44163528835089694,0.5064587156058623,0.5092176796605848,0.5053384007818172,0.5236955871410909,0.061208075426583235,0.06428193009607204,0.059878811207967474,0.08337818122581783,0.10346065112981918,0.08008781155799471,0.05584864899884916,0.05636187899797283,0.05080229794693191,0.6903226,0.69684684,0.8160584,0.8034351,0.5971545,0.67061406,0.7028456,0.6478102,0.4953499585390091,0.6349994888305663,0.6932249963283539,0.6349994888305663,0.16849999999999998,168.5,0.6050647938940723,0.6453793436025062,0.6420583754797073,0.4623506766285548,0.45556665836924787,0.4832475229646165,0.45831191661475434,0.4550427576775448,0.4691050276270624,0.06524204140204522,0.0744068273275929,0.06868951420153149,0.07811117522822114,0.10276460640269452,0.08107811622613528,0.05218025326359513,0.05195344342210816,0.04977327264129884,0.6521613,0.6472871,0.80512226,0.7754017,0.74227643,0.6496771,0.5988637,0.65079904,2026-10-05T06:55:29.112582
40,0.7404270768165588,0.4991624057292938,0.5372657011032105,0.7425174117088318,0.5372657011032105,0.8064593302726746,0.8881293937683106,1.9730841636657714,0.1263300899922848,2.4906190790176392,2.0,1.0,10.0,,,,,0.7435441349983215,0.7435441349983215,,,,17.388232675170897,0.4211458494993532,0.13523542788472903,,0.13665024428420766,0.5133178377417242,0.17467205964361027,0.001580932485881398,0.050997330836809365,1.2487296854994099,,0.0042330958401475835,,75.86582315044039,18.686055468905504,,102.61145189613293,75.84871362576818,25.0020024001978,95.16867949856315,41.08023661716729,17.38821904370739,,0.6931471824645996,,0.0714328310861709,0.15855294741263057,,0.11764110695974082,0.08175610964465294,0.21214413775759897,0.0056603336588117725,0.4670213197067285,0.16837146659945226,,,,0.25845,5169.0,0.7048717,0.7204994,0.89681065,0.81526464,0.64131624,0.72442424,0.7270353,0.7090428,0.5025500059127808,0.6443312335014343,0.6877500414848328,0.6443312335014343,0.178,178.0,0.6227325329889419,0.660592557937633,0.6543632787520681,0.4690856623898335,0.41073552919906015,0.4821475614196475,0.4684188319662341,0.47373978346816953,0.47830504577670957,0.045473854806013694,0.057922288138918254,0.04692734028332006,0.04927730932885557,0.08228668459720663,0.045133525025365155,0.0333246810494596,0.03267708038447438,0.03343220426218209,0.62100005,0.585,0.79341084,0.7496711,0.89512193,0.6330709,0.50078744,0.68863636,0.49795001745224,0.6049320015907288,0.706899881362915,0.6049320015907288,0.162,162.0,0.5927430754880404,0.6242798760393676,0.6428368330010318,0.4679582255789311,0.4158683916034388,0.4965344411465311,0.48632611746067694,0.48888455969945294,0.5195237891532555,0.06031551417915049,0.054651380765051556,0.055821388326350994,0.08416249812686004,0.09471827592893277,0.07963529134176257,0.062062058634924325,0.05822563270167908,0.05359796923260593,0.6911291,0.69549555,0.8145985,0.8125954,0.59268296,0.679386,0.70731705,0.64671534,0.5002500116825104,0.6246316175460815,0.6973249614238739,0.6246316175460815,0.16999999999999998,170.0,0.6077378042384911,0.6424362169885003,0.6486000558765499,0.4685219439843823,0.41330196040124945,0.4893410012830893,0.4773724747134555,0.48131217158381123,0.49891441746498255,0.05289468449258209,0.0562868344519849,0.051374364304835524,0.0667199037278578,0.0885024802630697,0.06238440818356386,0.04769336984219196,0.045451356543076735,0.04351508674739401,0.65606457,0.64024776,0.80400467,0.7811333,0.74390244,0.6562284,0.60405225,0.66767585,2026-10-05T06:59:47.966694
41,0.7358047962188721,0.5012677907943726,0.541291400384903,0.7408749461174011,0.541291400384903,0.806159042930603,0.8877957335472106,1.963932713317871,0.11567341023683549,2.53650221824646,2.0,1.0,10.0,,,,,0.7532617134094238,0.7532617134094238,,,,17.366922604370117,0.42986591074876723,0.1358286612874763,,0.13503142657458403,0.4858077931555973,0.18031162967917266,0.001596747713302897,0.05173393341291482,1.1954190235608702,,0.00409717734341041,,75.82906190908639,18.664350315264077,,102.61207186947962,75.8129719533738,24.976092101662022,95.1728515625,41.15294584043466,17.36690650016639,,0.6931471824645996,,0.0720500197190388,0.1604601185602747,,0.11892741524679645,0.08261410203898788,0.21492431383983346,0.0057722312267751074,0.47407279025976823,0.1713397492458866,,,,0.2589,5178.0,0.7059342,0.72235197,0.8977813,0.81486964,0.63878506,0.7175757,0.7255569,0.7031568,0.48500001430511475,0.6438029322624207,0.6909000277519226,0.6438029322624207,0.163,163.0,0.6753242563464181,0.7316320720125852,0.7201357631982652,0.5112900607423767,0.47324211091247215,0.5340037393645979,0.5507826721378047,0.5676070742604022,0.5671821647132501,0.07257890934268657,0.08536008040969867,0.07656970164900535,0.07934856875201561,0.1264374812050126,0.08059057155256477,0.05802784514260422,0.05929406805421635,0.056396118275129685,0.61800003,0.5872727,0.79379845,0.7625,0.9097561,0.63661414,0.51299214,0.6689394,0.49119994044303894,0.6101393752098083,0.7097499966621399,0.6101393752098083,0.157,157.0,0.6257298439445983,0.6706139315834433,0.6745967482070585,0.47989145753837426,0.4206437956996321,0.4882636002439412,0.5387653882161066,0.5421912820176711,0.563482644297131,0.0584744927791817,0.05538753163515936,0.051832621426203346,0.07728459178818359,0.09722426547328708,0.07237590583749615,0.06351448710301132,0.06154738008519347,0.05166667459165086,0.6907258,0.68828833,0.8142336,0.8118321,0.6,0.6850877,0.7138212,0.65766424,0.48809997737407684,0.6269711537361145,0.7003250122070312,0.6269711537361145,0.16,160.0,0.6505270501455083,0.7011230017980142,0.6973662557026619,0.4955907591403755,0.44694295330605216,0.5111336698042696,0.5447740301769557,0.5548991781390367,0.5653324045051906,0.06552670106093414,0.07037380602242901,0.06420116153760436,0.0783165802700996,0.11183087333914984,0.07648323869503046,0.060771166122807765,0.06042072406970491,0.05403139643339028,0.6543629,0.63778055,0.804016,0.787166,0.75487804,0.6608509,0.61340666,0.6633018,2026-10-05T07:04:08.395541
42,0.7331525683403015,0.5036253333091736,0.5373045317173004,0.7434453368186951,0.5373045317173004,0.8034258785247803,0.8847588846206665,1.9271166805267335,0.1285285060763359,2.452641902732849,2.0,1.0,10.0,,,,,0.7520615592956543,0.7520615592956543,,,,17.34621785583496,0.41142723557485894,0.1417529700549355,,0.14538482612200604,0.49461585558523796,0.1756013635617153,0.0016138967550003746,0.05133915266650877,1.1782631790562041,,0.00431102996667592,,75.7925948610731,18.640714851913938,,102.61424683005947,75.77724447068135,24.94964117305294,95.17594282794151,41.22415552321513,17.3461941275627,,0.6931471824645996,,0.07258020009204841,0.1615000410824065,,0.12022084614653496,0.08351236505872885,0.2177524316083094,0.005899401197720105,0.4809050586572878,0.17452546982628525,,,,0.2664,5328.0,0.70489174,0.72392267,0.89782095,0.81481045,0.63954437,0.72838384,0.7270353,0.7104074,0.5082000494003296,0.654851330280304,0.6892499327659607,0.654851330280304,0.178,178.0,0.6566061243448936,0.7231453954473268,0.705436952285436,0.4800473456749603,0.4631471276118512,0.5067830004235985,0.5281984603383191,0.5395336916586961,0.5518087012758567,0.056948250832595186,0.06805749709659002,0.053057464931936804,0.06096482810832867,0.0973665372789451,0.05312453674766672,0.04138311694901335,0.04547442270636906,0.037837960080690354,0.61550003,0.6018182,0.7856589,0.7601974,0.9052845,0.638189,0.49015749,0.6814394,0.503000020980835,0.6191982684135438,0.7074000835418701,0.6191982684135438,0.164,164.0,0.6189788983848706,0.6645529429777538,0.6735647015920634,0.47577954417185775,0.42842705325094377,0.4984070113092962,0.5099905994959464,0.5205003622268243,0.5485572445405547,0.06416082411251309,0.05971261991491616,0.059054949030820036,0.08369183996596014,0.08718285010409153,0.07359709506749455,0.05942406219307323,0.05659555542671975,0.0491438716185338,0.69153225,0.6869369,0.8145985,0.8148855,0.60284555,0.68070173,0.70813006,0.64379567,0.5056000351905823,0.6370247993469238,0.6983250081539154,0.6370247993469238,0.17099999999999999,171.0,0.6377925113648821,0.6938491692125404,0.6895008269387497,0.47791344492340904,0.44578709043139747,0.5025950058664473,0.5190945299171328,0.5300170269427602,0.5501829729082057,0.06055453747255414,0.06388505850575309,0.05605620698137842,0.0723283340371444,0.09227469369151832,0.06336081590758064,0.050403589571043295,0.051034989066544405,0.04349091584961208,0.6535162,0.6443776,0.8001287,0.78754145,0.75406504,0.6594454,0.59914374,0.66261756,2026-10-05T07:08:28.272339
43,0.7427629828453064,0.49746736884117126,0.5332429597377777,0.7444725632667542,0.5332429597377777,0.800357709980011,0.8813498096466065,1.8918684215545654,0.12559007205963135,2.354611108779907,2.0,1.0,10.0,,,,,0.747201709651947,0.747201709651947,,,,17.323554379272462,0.43036253380168016,0.1504827732232156,,0.1569333015496184,0.4878203541420068,0.16040896662291448,0.0015882094417384285,0.05013282339616566,1.1247242586627888,,0.004440568247735856,,75.7571194399694,18.618331860584817,,102.62026190302174,75.7419033657973,24.923289220044566,95.17626491473739,41.31250046165126,17.323540936609742,,0.6931471824645996,,0.07323529936705425,0.16299352325071956,,0.12184064579047975,0.08444073786781092,0.2206219640696884,0.005988033693046516,0.48853379393079477,0.17728809234063336,,,,0.27825,5565.0,0.70451087,0.72434556,0.9002575,0.8206161,0.6446067,0.7259596,0.72640747,0.70802444,0.5047000646591187,0.6463812761306763,0.6872999668121338,0.6463812761306763,0.181,181.0,0.6160872176079858,0.6511964957928624,0.6566394537211606,0.46913613719752545,0.41597101310208257,0.4902976738082795,0.517642727471,0.5200565386939798,0.5445920346246372,0.05164593392920858,0.038998081409061296,0.05054818703989906,0.06765984424034757,0.0523165639717222,0.06436189734121447,0.03653248818503969,0.03418532686788674,0.03356017607173299,0.6115,0.575,0.7930233,0.7601974,0.902439,0.6362205,0.4909449,0.68863636,0.499500036239624,0.6078023519515992,0.7097500562667847,0.6078023519515992,0.18,180.0,0.6095211766116219,0.6512804887027968,0.6671039516073674,0.4589336071201456,0.39458223439867857,0.47200220109285346,0.5128459588884119,0.517839136327204,0.5479046538814831,0.06801795046575276,0.06263993605399966,0.06364997635346623,0.08107298050888709,0.09546092812613687,0.08014349158942555,0.06857380508322616,0.07002508968153283,0.05942935328083863,0.68709683,0.69954956,0.8135037,0.8064886,0.602439,0.6855263,0.71178865,0.6569343,0.5021000504493713,0.6270918140411377,0.6985250115394592,0.6270918140411377,0.1805,180.5,0.6128041971098038,0.6512384922478296,0.661871702664264,0.46403487215883554,0.40527662375038054,0.48114993745056645,0.515244343179706,0.5189478375105919,0.5462483442530601,0.05983194219748067,0.050819008731530474,0.05709908169668264,0.07436641237461733,0.07388874604892953,0.07225269446532001,0.05255314663413292,0.05210520827470978,0.04649476467628581,0.6492984,0.63727474,0.8032635,0.78334296,0.752439,0.6608734,0.60136676,0.67278534,2026-10-05T07:12:48.360332
44,0.7460749745368958,0.5019624829292297,0.529491003370285,0.7468324899673462,0.529491003370285,0.8019412886619568,0.8831093413352966,1.9158375741958618,0.12410402317643165,2.290815710067749,2.0,1.0,10.0,,,,,0.7457918895721436,0.7457918895721436,,,,17.305864517211916,0.40168094317055053,0.1493982829770465,,0.15184355035993705,0.4969759219960802,0.15397743954305437,0.0016814223776132485,0.05159679453843718,1.008377883844315,,0.005039951142485722,,75.72080677785691,18.59653133951175,,102.62325131361652,75.70632497216486,24.89735001971008,95.17871701185871,41.396389493517056,17.30584950052249,,0.6931471824645996,,0.07393654692135039,0.16468251245037005,,0.12337525824832309,0.08533349808803789,0.22308059900429597,0.006232774172832442,0.4959140258609869,0.1807567670846441,,,,0.27055,5411.0,0.70723736,0.7303867,0.900515,0.82620454,0.64260125,0.7240404,0.7266302,0.7161507,0.5066500306129456,0.6488826847076417,0.6866499781608582,0.6488826847076417,0.198,198.0,0.6052429981615658,0.6353738814891898,0.6297127161741298,0.4483711763819963,0.4243568427195682,0.4557232734217877,0.4396823488066242,0.42719914748885407,0.43637075978235756,0.04072247287895715,0.055845088010522057,0.04888458306737157,0.02913429733962739,0.04616982602169782,0.028000048776746563,-0.004892301354169698,-0.007882009658187505,-0.010666251247962602,0.62950003,0.57318187,0.79186046,0.7631579,0.9040651,0.64842516,0.48267716,0.6640152,0.488599956035614,0.6053769698143006,0.7093998789787292,0.6053769698143006,0.178,178.0,0.6431816925855629,0.6798933449130891,0.6924329548773144,0.5018535907869073,0.41465298731638356,0.508602324063927,0.5551466902812411,0.5585498059655776,0.5799073278006621,0.07105145244050612,0.0736333251721069,0.07141107735390939,0.07903673202940864,0.10857304303461787,0.08327449638414558,0.07354961192584264,0.07469341961482184,0.07105015603665003,0.69516134,0.69729733,0.8131387,0.81030536,0.599187,0.68333334,0.7101626,0.65182483,0.4976249933242798,0.6271298272609711,0.6980249285697937,0.6271298272609711,0.188,188.0,0.6242123453735644,0.6576336132011394,0.661072835525722,0.4751123835844518,0.4195049150179759,0.4821627987428574,0.4974145195439327,0.49287447672721585,0.5081390437915099,0.055886962659731636,0.06473920659131448,0.06014783021064048,0.05408551468451801,0.07737143452815784,0.05563727258044607,0.03432865528583647,0.03340570497831717,0.030191952394343715,0.6623307,0.6352396,0.8024996,0.7867316,0.751626,0.66587925,0.5964199,0.65792,2026-10-05T07:17:08.792325
45,0.7481074929237366,0.5014848709106445,0.5287944570541382,0.748675525188446,0.5287944570541382,0.808079801940918,0.8899299098014831,1.9872664827346802,0.1179855744421482,2.325574565887451,2.0,1.0,10.0,,,,,0.750304638004303,0.750304638004303,,,,17.287666091918947,0.40912097796892666,0.140066450639705,,0.14886385188171058,0.5172670082112026,0.16512912008792732,0.0016187129514054603,0.05231096502986683,1.0609418144271632,,0.0050669471050351625,,75.68431543240881,18.577360833526416,,102.6283643686088,75.67090125600244,24.872541573396912,95.1831564933631,41.473174587176864,17.287651790934763,,0.6931471824645996,,0.07458550378585317,0.1665838972967901,,0.12487848534895356,0.08623564793805408,0.22571565875202226,0.0063709124009225775,0.5026171514942388,0.18401312362995875,,,,0.2657,5314.0,0.7148958,0.730729,0.8978011,0.83122045,0.64491826,0.72349495,0.7287566,0.7166395,0.505549967288971,0.6612350249290466,0.69159996509552,0.6612350249290466,0.169,169.0,0.6306057228660418,0.6858705843897247,0.6706145493218673,0.4354955901936521,0.4315486221966419,0.4589300202501244,0.45204433975284264,0.46827745683442135,0.4769603448922966,0.05930704032332677,0.07243131569330437,0.0613751961931872,0.07141303567863758,0.09376015246521996,0.06289912918599996,0.04675672533104041,0.04604894728164562,0.047832510595511905,0.61800003,0.5927273,0.78294575,0.762829,0.9060976,0.6409449,0.496063,0.6954546,0.5073999762535095,0.6171293382644654,0.708250105381012,0.6171293382644654,0.158,158.0,0.5751623667095763,0.6283022799919978,0.6291899087440835,0.4043355340446195,0.39853890849096074,0.4390359265550097,0.43649268285107884,0.438922379271823,0.4626008005741894,0.07266097018170166,0.07590460878813875,0.07237159527317252,0.09075512879813494,0.10756075569928468,0.0902259681897057,0.06383113634949746,0.062331060329593665,0.05683173559423931,0.70000005,0.6896397,0.81642336,0.81030536,0.59268296,0.68114036,0.70528454,0.6540146,0.5064749717712402,0.639182181596756,0.699925035238266,0.639182181596756,0.1635,163.5,0.602884044787809,0.6570864321908613,0.6499022290329755,0.41991556211913583,0.41504376534380133,0.4489829734025671,0.44426851130196077,0.45359991805312216,0.46978057273324303,0.06598400525251422,0.07416796224072156,0.06687339573317987,0.08108408223838626,0.10066045408225233,0.07656254868785284,0.05529393084026893,0.05419000380561964,0.05233212309487561,0.65900004,0.6411835,0.7996845,0.7865672,0.74939024,0.66104263,0.6006738,0.6747346,2026-10-05T07:21:29.109531
46,0.7511025667190552,0.4996824264526367,0.5273375004768371,0.752060055732727,0.5273375004768371,0.7991669144630432,0.8800267051696777,1.8947278120040894,0.12113665856122971,2.229191847038269,2.0,1.0,10.0,,,,,0.7648665607452393,0.7648665607452393,,,,17.268042739868164,0.4041275535799136,0.16094936422149467,,0.1564053343786935,0.5214136225782382,0.1724483790765902,0.0016424789654749452,0.054377215196657336,1.0779153552784282,,0.005272033038288859,,75.6484227757545,18.559812363545607,,102.63524243786077,75.63609707583288,24.849489843769437,95.1881218685466,41.56412387046085,17.268020945749466,,0.6931471824645996,,0.07529160707809363,0.16810613377079084,,0.12647919575120234,0.0871977007408051,0.22885373851675897,0.006491164297197655,0.5100047880676901,0.18733797720663106,,,,0.28725,5745.0,0.72255415,0.75215465,0.9040214,0.8365522,0.63350856,0.7252929,0.72620493,0.71556014,0.5003999471664429,0.6472211880683899,0.6911000609397888,0.6472211880683899,0.205,205.0,0.6230950936200407,0.6944979198045825,0.6767032846664176,0.43295392761556567,0.3850358464426428,0.43866304706598325,0.5221458576168857,0.5446720408306809,0.5516434570270645,0.09769017936362007,0.10310967312923992,0.10129124091309118,0.10238233498620988,0.13214834749343854,0.10027851243821456,0.07855387863564511,0.08226746490883703,0.07382369479489019,0.6495001,0.56863636,0.7844962,0.76184213,0.90731704,0.64448816,0.4909449,0.6878788,0.5006499886512756,0.6059131441116333,0.7141500115394592,0.6059131441116333,0.173,173.0,0.5787202615830767,0.6349210165493527,0.635756107088868,0.42628602175335006,0.3947955799376253,0.4435124196766485,0.4790615642150875,0.4840297284202949,0.5137260939046543,0.06744506423558094,0.06335998666711891,0.06630979668468337,0.07914688527634225,0.0921780443574307,0.08195211346979421,0.0733393882383751,0.06939877564606729,0.0677978869464972,0.7169355,0.7414415,0.8208029,0.7996183,0.59186995,0.6754386,0.69959354,0.6562044,0.5005249679088593,0.6265671660900116,0.702625036239624,0.6265671660900116,0.189,189.0,0.6009076776015587,0.6647094681769676,0.6562296958776428,0.4296199746844579,0.3899157131901341,0.4410877333713159,0.5006037109159867,0.5143508846254878,0.5326847754658595,0.0825676217996005,0.08323482989817942,0.08380051879888728,0.09076461013127607,0.11216319592543461,0.09111531295400438,0.07594663343701011,0.07583312027745216,0.0708107908706937,0.68321776,0.65503895,0.80264956,0.78073025,0.7495935,0.65996337,0.5952692,0.6720416,2026-10-05T07:25:48.919023
47,0.756129801273346,0.5000223517417908,0.5126083268642425,0.7613248825073242,0.5126083268642425,0.7870630232810975,0.8665779382705688,1.7805111045837403,0.12652732137441636,2.1557810693740844,2.0,1.0,10.0,,,,,0.7713349409103394,0.7713349409103394,,,,17.25087567138672,0.46230909166632184,0.1659656192181976,,0.17912222910079229,0.5378397036889556,0.16496025073300502,0.0018683862950279121,0.05929176690899263,0.9753098205016677,,0.006060228800582017,,75.61299186755137,18.548334340381015,,102.64763860034336,75.60148513696755,24.82776398871355,95.18886711946718,41.67098044134249,17.250856338792545,,0.6931471824645996,,0.07612332658972709,0.17088176357518337,,0.12855189753945467,0.08823514416529114,0.23194123871007544,0.00659125414232065,0.5182916043670314,0.19098838186188108,,,,0.3007,6014.0,0.7497193,0.8007853,0.9036648,0.840857,0.62827104,0.727596,0.7221142,0.71745414,0.5077499747276306,0.6396204700469971,0.7006500959396362,0.6396204700469971,0.253,253.0,0.6169025015909944,0.6889597301847294,0.6714744527911756,0.4078244366115557,0.39662155558083045,0.4222227909503418,0.512435618613705,0.5494581730838899,0.5534005917917161,0.08176194626936052,0.09717077718202248,0.08912368279062279,0.08990828721274734,0.14179468938884893,0.11514784584737324,0.05664431111952196,0.053539926014676914,0.05323584151467733,0.681,0.60045457,0.7879845,0.76217103,0.9056911,0.6440945,0.4976378,0.70151514,0.5155500769615173,0.5902133193016053,0.7216001749038696,0.5902133193016053,0.228,228.0,0.6087018293188736,0.6571646934491068,0.6642584604249113,0.4478761304978852,0.3412279387244432,0.45468550457112766,0.5203511723276035,0.5282581947451378,0.554539795632228,0.07384351397261309,0.07612902602122353,0.07203586335103523,0.08150351563735318,0.09968969186162299,0.0800231825564408,0.067760876798889,0.0664450432858208,0.06230275045809646,0.73951614,0.76306313,0.82043797,0.8080152,0.5821138,0.6899123,0.7048781,0.6569343,0.511650025844574,0.6149168946743011,0.7111251354217529,0.6149168946743011,0.2405,240.5,0.612802165454934,0.673062211816918,0.6678664566080434,0.42785028355472043,0.3689247471526368,0.43845414776073477,0.5163933954706543,0.5388581839145139,0.5539701937119721,0.0778027301209868,0.086649901601623,0.080579773070829,0.08570590142505026,0.12074219062523596,0.09758551420190702,0.06220259395920548,0.05999248465024886,0.057769295986386894,0.71025807,0.6817589,0.80421126,0.7850931,0.74390244,0.6670034,0.6012579,0.6792247,2026-10-05T07:30:08.406133
48,0.7701923251152039,0.502132773399353,0.4933360505580902,0.7716051340103149,0.4933360505580902,0.7845307565689087,0.8637643004417419,1.7246479236602783,0.12463194099068642,2.0776191787719727,2.0,1.0,10.0,,,,,0.7500296244621277,0.7500296244621277,,,,17.2328736328125,0.4723637709572057,0.1847916673512975,,0.19043573675451764,0.5420591517998155,0.16390856080184316,0.0019007022852214517,0.061207591348392945,0.8725057948546805,,0.007330135438979787,,75.57907046178345,18.537456026502475,,102.66275743618132,75.56711175031722,24.80670933814565,95.1879538760823,41.790407022852804,17.23286560690327,,0.6931471824645996,,0.0774258375642406,0.17442592314094496,,0.13075831969072865,0.08925174860058317,0.2348716857896489,0.006784176332342207,0.52707439661026,0.19413714832181383,,,,0.3108,6216.0,0.77556133,0.84375757,0.90629953,0.85385066,0.63596183,0.723899,0.7166667,0.71653765,0.510450005531311,0.646924473285675,0.6902999877929688,0.646924473285675,0.255,255.0,0.674512048702155,0.7329488330704259,0.7061579817361805,0.5265391370984089,0.4399184043511436,0.49604410265003807,0.582932047485356,0.5770384737340403,0.5756990325961576,0.0638101492358701,0.09837371817093034,0.08373397592091615,0.07128770423528243,0.15060318679145354,0.09005255471757294,0.040457502538570396,0.05071579908916424,0.04957549460683768,0.66550004,0.5772727,0.7887597,0.76085526,0.903252,0.62204725,0.48425198,0.6912879,0.4985499680042267,0.5750719622373581,0.7282500267028809,0.5750719622373581,0.23,230.0,0.6121995956394782,0.6738306923416095,0.6626733016676564,0.465691118668951,0.35470460340107485,0.44673020606600505,0.5188316616894939,0.5203266233864623,0.5415654344242408,0.07194849736530137,0.07828566187138941,0.07009322656478709,0.07705165640873732,0.11356349080868751,0.08176739690910714,0.07625808459491251,0.07776502684932772,0.07326275343077855,0.73629034,0.79594594,0.8361314,0.80496186,0.58983743,0.68684214,0.70731705,0.66240877,0.5044999867677689,0.6109982177615165,0.7092750072479248,0.6109982177615165,0.2425,242.5,0.6433558221708167,0.7033897627060177,0.6844156417019185,0.49611512788367995,0.39731150387610925,0.4713871543580216,0.550881854587425,0.5486825485602513,0.5586322335101992,0.06787932330058574,0.08832969002115987,0.07691360124285163,0.07416968032200988,0.13208333880007053,0.08590997581334003,0.05835779356674145,0.06424041296924599,0.06141912401880811,0.7008952,0.6866093,0.8124455,0.78290856,0.7465447,0.6544447,0.59578454,0.6768483,2026-10-05T07:34:28.890577
49,0.7796776294708252,0.5018749237060547,0.47879806480407716,0.7798076868057251,0.47879806480407716,0.7866093663215638,0.8660738683700562,1.7571553720474242,0.1284416548371315,2.1176469022750855,2.0,1.0,10.0,,,,,0.7498729565620422,0.7498729565620422,,,,17.211765951538087,0.4445866893051536,0.19011042685882681,,0.19710954454294435,0.5521407153006572,0.17120173711116146,0.001977812811720428,0.06303938861438044,0.9365304027013718,,0.007351292213825449,,75.54512981244713,18.524012122184608,,102.67438837525192,75.53294727301142,24.786023328258732,95.18938966010028,41.90442108348677,17.21175020059962,,0.6931471824645996,,0.07863494867731811,0.17751860125049665,,0.13272849911717094,0.09031339516495443,0.23788903710568787,0.006928362397204159,0.5354537641166881,0.19675515307362673,,,,0.31465,6293.0,0.79310346,0.8568264,0.91234154,0.8556675,0.6459891,0.7294748,0.7164034,0.72839105,0.5078000426292419,0.6541206207275391,0.689300000667572,0.6541206207275391,0.259,259.0,0.6609811443873165,0.7632227263435829,0.7274599861748118,0.44346315764038735,0.4107358801220222,0.47106509925771933,0.5672402199038667,0.5897942553499996,0.5897970739385647,0.06546906296457448,0.099119947684519,0.07144767606839535,0.08186673570160817,0.1322272698831609,0.06292510437018813,0.05461874702417238,0.05838331185822276,0.04979538490855383,0.65849996,0.5590909,0.8,0.7555921,0.9056911,0.6389764,0.48543307,0.67954546,0.4988499879837036,0.570805682182312,0.7280000448226929,0.570805682182312,0.242,242.0,0.6166946352975364,0.6784497125783471,0.6732478440855071,0.44779289616871953,0.351724251954565,0.44321212030926876,0.5523272084153193,0.5641659776921271,0.5935660527377048,0.07773961883791002,0.08080939180243307,0.07326388147119839,0.08650748651993773,0.10931850116064441,0.08064797122994978,0.08302461683995042,0.08808323189539316,0.0794696844826806,0.7375,0.80495495,0.82737225,0.80496186,0.5865854,0.6894737,0.7069106,0.6620438,0.5033250153064728,0.6124631514549255,0.7086500227451324,0.6124631514549255,0.2505,250.5,0.6388378898424265,0.720836219460965,0.7003539151301594,0.44562802690455344,0.3812300660382936,0.4571386097834941,0.559783714159593,0.5769801165210633,0.5916815633381347,0.07160434090124225,0.08996466974347603,0.07235577876979687,0.08418711111077296,0.12077288552190266,0.07178653780006895,0.0688216819320614,0.07323327187680796,0.06463253469561722,0.69799995,0.6820229,0.81368613,0.780277,0.7461382,0.66422504,0.59617186,0.6707946,2026-10-05T07:38:49.020775
50,0.7834050059318542,0.502392590045929,0.4704939105987549,0.7835704684257507,0.4704939105987549,0.7830848287582397,0.8621577166557312,1.7398779050827027,0.11840844452381134,2.124233392524719,2.0,1.0,10.0,,,,,0.757832368850708,0.757832368850708,,,,17.190145361328124,0.44799709709206964,0.19426203814519058,,0.20007160220556197,0.5272914194946836,0.17608363243045322,0.0019850216421838495,0.06314156152260532,0.9852038029652492,,0.008616015305416362,,75.51124514440063,18.509433916419933,,102.68731519371082,75.49873429802572,24.766997027549014,95.19115885351873,42.03659648044854,17.190121061483005,,0.6931471824645996,,0.07983237917825675,0.1802694552643284,,0.13459908876829085,0.09131216120188403,0.2408884707719657,0.007077709059853842,0.544557631395425,0.1991489274296791,,,,0.32265,6453.0,0.8039695,0.8580548,0.91755146,0.8635268,0.64158875,0.7348687,0.72164845,0.7271894,0.5076500177383423,0.6351543049812317,0.7016000151634216,0.6351543049812317,0.278,278.0,0.6297255716974428,0.7384165718420457,0.6935959952246873,0.44271708666040394,0.4761659104574802,0.452905372437441,0.5566268021302511,0.5920595981098293,0.5968239112922394,0.061103477897612335,0.09245168748713538,0.07560944155603318,0.0642355788156144,0.11910045171246424,0.08129145467022728,0.04576513319837419,0.05860970526234063,0.04912782676839033,0.66650003,0.6154546,0.81201553,0.75888157,0.9060976,0.65314966,0.48740157,0.6882576,0.4996500015258789,0.5541321773529053,0.7374499440193176,0.5541321773529053,0.233,233.0,0.6064306676128293,0.6668081164694941,0.6526184758199584,0.44063947948218063,0.36309036855052734,0.4214028760130975,0.5163178896657314,0.5273819935892092,0.552174923894432,0.07226337116760667,0.07954869551972198,0.07603069761179461,0.07917602756433287,0.10523805726551069,0.09225601467105271,0.07465853364881121,0.07505889297026853,0.07238028034391493,0.7645162,0.7972973,0.83978105,0.809542,0.599187,0.69429827,0.70731705,0.680292,0.5036500096321106,0.5946432411670686,0.7195249795913696,0.5946432411670686,0.2555,255.5,0.618078119655136,0.7026123441557699,0.6731072355223229,0.4416782830712923,0.4196281395040038,0.4371541242252692,0.5364723458979912,0.5597207958495193,0.5744994175933358,0.0666834245326095,0.08600019150342868,0.0758200695839139,0.07170580318997363,0.11216925448898746,0.08677373467064,0.0602118334235927,0.06683429911630459,0.060754053556152626,0.7155081,0.70637596,0.8258983,0.78421175,0.7526423,0.67372394,0.5973593,0.6842748,2026-10-05T07:43:07.548248
51,0.7877675294876099,0.5014798641204834,0.45979707431793215,0.7877125144004822,0.45979707431793215,0.784461180305481,0.8636869999885559,1.7325621854782105,0.1111873998939991,2.0983393337249754,2.0,1.0,10.0,,,,,0.7587445678710938,0.7587445678710938,,,,17.16626217956543,0.39252728840727713,0.16945166622472416,,0.18650076191896087,0.5096950045057164,0.1599144588230522,0.0020003666720133585,0.06257511672985022,0.8681906998916796,,0.00769204836302425,,75.47635534007078,18.492241440305285,,102.69809066869651,75.46392069045146,24.744304681279857,95.1944820136781,42.15126064324834,17.16624823649218,,0.6931471824645996,,0.08078857781780753,0.182717151892413,,0.13641839849341447,0.09226786312024304,0.24360605561809176,0.007209418056781884,0.5526747938933646,0.2010381161027653,,,,0.3242,6484.0,0.8154571,0.85843736,0.92410856,0.86255926,0.6475273,0.7390303,0.7196436,0.73474544,0.4942000210285187,0.629945291519165,0.7035500407218933,0.629945291519165,0.265,265.0,0.6466259940469301,0.7573434188065322,0.6997048192168808,0.3983220339175718,0.48290953987943136,0.40983448083302737,0.529217559286523,0.5633481225833281,0.5585517574898723,0.04886998447931809,0.08265367727766329,0.053412372266089046,0.07322465926877877,0.14380255545519757,0.07333143699630679,0.03659139810961287,0.0368985621669171,0.030539450980357423,0.67,0.5995455,0.8290698,0.76348686,0.9069106,0.64803153,0.48228347,0.70075756,0.49984997510910034,0.5457971405982971,0.7397001385688782,0.5457971405982971,0.242,242.0,0.5962264889490722,0.6701129795266313,0.6547141852795756,0.41785676053346876,0.37319302041295194,0.41513154351977777,0.494457459721208,0.5160353839273276,0.5333678899703127,0.06711713650502334,0.07522656107130253,0.06832051618786082,0.08466486913243082,0.11163768130906067,0.08894141054778988,0.07454177803358512,0.07801020611948273,0.06999619908015436,0.75967747,0.79594594,0.85,0.8209924,0.59390247,0.69298244,0.70731705,0.6868613,0.4970249980688095,0.587871216058731,0.7216250896453857,0.587871216058731,0.2535,253.5,0.6214262414980012,0.7137281991665818,0.6772095022482282,0.4080893972255203,0.42805128014619165,0.4124830121764026,0.5118375095038655,0.5396917532553278,0.5459598237300924,0.05799356049217071,0.0789401191744829,0.06086644422697493,0.0789447642006048,0.12772011838212913,0.08113642377204833,0.055566588071599,0.057454384143199914,0.0502678250302559,0.71483874,0.6977457,0.8395349,0.79223967,0.7504065,0.67050695,0.59480023,0.6938094,2026-10-05T07:47:28.508958
52,0.788422703742981,0.5024353861808777,0.45847345509529114,0.7885197401046753,0.45847345509529114,0.7902948732376098,0.8701688777923584,1.7899587867736817,0.12584264231324196,2.0637034843444826,2.0,1.0,10.0,,,,,0.7573380602836609,0.7573380602836609,,,,17.14566565551758,0.35720463958420573,0.16447026420171093,,0.17718704035327693,0.5128741820526731,0.1707895173198858,0.0019616062069240554,0.0632189221229333,0.9288686787246898,,0.00857463873853124,,75.44079871693994,18.469343148978652,,102.70363267060299,75.42921301969298,24.721457548202224,95.19746554429364,42.25666379017435,17.145642687560645,,0.6931471824645996,,0.08158391495798803,0.18422157265198458,,0.13785831174653046,0.09321920640149693,0.24616686525238549,0.007338635644217016,0.5601942770800014,0.2032285461759871,,,,0.3158,6316.0,0.8139134,0.8584777,0.9258122,0.8686611,0.6393887,0.741596,0.7223572,0.7380041,0.5178999900817871,0.6379812293052673,0.702549934387207,0.6379812293052673,0.275,275.0,0.6002022039546228,0.7147400662123458,0.6525249524823796,0.40078383624450536,0.4565607136981994,0.392926408537469,0.4896313769905089,0.53571868023146,0.5136726446397203,0.05792103453145891,0.10331120714636083,0.06840473020257389,0.05153823361591573,0.11048714862535569,0.04638976229999027,0.040187905518816146,0.05032920297363205,0.037451624745065554,0.67950004,0.59000003,0.82945734,0.7575658,0.9069106,0.6543307,0.4956693,0.6814394,0.5112499594688416,0.551899197101593,0.7440499663352966,0.551899197101593,0.265,265.0,0.5672627960608622,0.654274167638641,0.6329708039827762,0.40032925575294714,0.3417002678922051,0.41249302294925294,0.46897660419048764,0.4902319225961949,0.5102999593995672,0.07536788268560847,0.07988412399981107,0.07477898377452806,0.08642070823194686,0.11028764986994043,0.08980828607180225,0.08178874555466965,0.08211033440483018,0.07352840139899933,0.767742,0.8018018,0.8762774,0.8133588,0.59065044,0.6890351,0.7085366,0.69270074,0.5145749747753143,0.5949402132034302,0.7232999503612518,0.5949402132034302,0.27,270.0,0.5837325000077425,0.6845071169254934,0.642747878232578,0.40055654599872625,0.39913049079520224,0.402709715743361,0.4793039905904983,0.5129753014138274,0.5119863020196438,0.06664445860853369,0.09159766557308595,0.07159185698855097,0.0689794709239313,0.11038739924764807,0.06809902418589625,0.060988325536742896,0.06621976868923111,0.05549001307203244,0.723621,0.6959009,0.85286736,0.78546226,0.7487805,0.6716829,0.602103,0.6870701,2026-10-05T07:51:46.827051
53,0.7865502238273621,0.5010925531387329,0.45717935729026793,0.7885023355484009,0.45717935729026793,0.7921727654457092,0.8722554216384888,1.8018880170822145,0.10623014016747474,2.0778018405914307,2.0,1.0,10.0,,,,,0.7666851392745971,0.7666851392745971,,,,17.122241439819337,0.40731885573666565,0.1928462094514613,,0.19736220106292682,0.5100198912013109,0.17041378634370816,0.002067158399461205,0.06510761591374495,0.9626507499035756,,0.008672211567981014,,75.4053681489009,18.44920971135425,,102.71371323895302,75.39450544612423,24.700273635281118,95.19966042877003,42.362435043237774,17.12221833247288,,0.6931471824645996,,0.08234397431088102,0.1862975018229454,,0.13951978561984504,0.0941217097507161,0.24899103335893838,0.007467586134862938,0.5675918262475615,0.20517669371358907,,,,0.3228,6456.0,0.8159583,0.85364485,0.9257528,0.8698065,0.6419198,0.7457778,0.7196638,0.73539716,0.5071501135826111,0.6528409247398377,0.6937999725341797,0.6528409247398377,0.273,273.0,0.6116429993707627,0.7085210468639229,0.6742289959413008,0.4093754109663581,0.4213992447809038,0.4291173133393037,0.5401847936732329,0.5733859502021929,0.5728455787248417,0.05616555380186795,0.08548208718891585,0.06356086539601662,0.07708386913989472,0.12716883866004272,0.06421712510750277,0.04668760911687549,0.053499063190154884,0.04243273525237026,0.65849996,0.6136364,0.7534884,0.7605263,0.9065041,0.6515748,0.48307088,0.69734854,0.49455001950263977,0.5668412120342254,0.7389001250267029,0.5668412120342254,0.252,252.0,0.5839164974156255,0.6573048128658731,0.6486134882726545,0.40961590886779536,0.355466761081039,0.43113899041830983,0.5065248803360172,0.5253256910202025,0.5529972612878066,0.06980981785101946,0.07522622537254907,0.07059857175588231,0.08010589048583285,0.10481148322009277,0.08817435917573387,0.07207938147290441,0.0764708129179247,0.06851864977394646,0.75,0.78783786,0.87664235,0.8110687,0.596748,0.68114036,0.7113821,0.6828467,0.5008500665426254,0.6098410683870316,0.7163500487804413,0.6098410683870316,0.2625,262.5,0.5977797483931941,0.6829129298648979,0.6614212421069776,0.4094956599170767,0.3884330029309714,0.43012815187880676,0.523354837004625,0.5493558206111977,0.5629214200063242,0.0629876858264437,0.08035415628073246,0.06707971857594947,0.07859487981286378,0.11599016094006775,0.07619574214161831,0.059383495294889954,0.06498493805403979,0.05547569251315836,0.70425,0.7007371,0.8150654,0.7857975,0.751626,0.6663576,0.5972265,0.69009763,2026-10-05T07:56:06.694304
54,0.7890723943710327,0.5025498270988464,0.449415252828598,0.7917378544807434,0.449415252828598,0.7950396718978882,0.8754408751487732,1.8405968849182128,0.12078347771167755,2.106794696998596,2.0,1.0,10.0,,,,,0.774299799156189,0.774299799156189,,,,17.099558840942382,0.3727216956911573,0.17895239535837795,,0.1849812943084984,0.4769347467619902,0.16650302860007923,0.001959204755331965,0.06294728217610887,0.959050777706371,,0.0073733983663723445,,75.37016719162085,18.427633018250678,,102.72225976445873,75.35931352748992,24.679089819549755,95.20341200130001,42.46416665338407,17.09954581291053,,0.6931471824645996,,0.0830514410593707,0.18789166762570667,,0.14114155482714344,0.09499950042575787,0.2516658537706752,0.0075936405682212604,0.5747388252027475,0.2071866297228321,,,,0.3207,6414.0,0.8162991,0.8579743,0.92916006,0.87278825,0.6433411,0.7455556,0.722904,0.7459267,0.49755001068115234,0.6225416326522827,0.7049499154090881,0.6225416326522827,0.264,264.0,0.5976387511985584,0.7204634307398148,0.6721410716966789,0.35790615013796145,0.4245839032236809,0.4195285229478832,0.4849904503522119,0.5248475607216055,0.545121664849738,0.055494751078852045,0.08290207733449764,0.06997057179528873,0.06238305886349867,0.1233524789326902,0.08452001289264856,0.03306681238249901,0.03318635905710604,0.04560826766509885,0.66,0.6040909,0.8406977,0.7625,0.9056911,0.6468504,0.48031497,0.7090909,0.4978000223636627,0.5373212220668793,0.7447999715805054,0.5373212220668793,0.263,263.0,0.5704027624323839,0.634918479990874,0.635439344751649,0.39108474492241696,0.3237763654509273,0.4143496628106068,0.46515468771967133,0.4725580909242106,0.5055525873957617,0.07400483643289527,0.08091596206201601,0.07341559681386682,0.08870086686360364,0.11716801222829396,0.09154617912191791,0.08147534210241983,0.08465756947574529,0.07603712745815135,0.76250005,0.8058559,0.879562,0.80992365,0.597561,0.6995614,0.70081306,0.69160587,0.49767501652240753,0.579931427359581,0.7248749434947968,0.579931427359581,0.2635,263.5,0.5840207568154712,0.6776909553653444,0.653790208224164,0.3744954475301892,0.3741801343373041,0.416939092879245,0.47507256903594164,0.49870282582290804,0.5253371261227499,0.06474979375587366,0.08190901969825683,0.07169308430457777,0.07554196286355115,0.12026024558049209,0.08803309600728323,0.05727107724245942,0.05892196426642567,0.0608226975616251,0.71125007,0.7049734,0.86012983,0.78621185,0.751626,0.6732059,0.590564,0.7003484,2026-10-05T08:00:26.616902
55,0.7903873920440674,0.5011075139045715,0.4495695844173431,0.7912002801895142,0.4495695844173431,0.7956251524925232,0.8760914099693299,1.8480583879470824,0.11520284523963928,2.1005766105651857,2.0,1.0,10.0,,,,,0.7798723522186279,0.7798723522186279,,,,17.07889868774414,0.40378886043645773,0.19127855224499277,,0.19933057234735246,0.4971166688735318,0.16337264993578005,0.001968824474443533,0.06317310999770454,0.853665240630982,,0.007340988755273592,,75.33471762298778,18.40653785171023,,102.73166758543367,75.32417292503794,24.655334533399838,95.2026453686368,42.57104569939291,17.07888342013025,,0.6931471824645996,,0.0837467303796179,0.18953976177485884,,0.14275796996180418,0.09586460181292455,0.25397314919028313,0.007633224794059802,0.5820487847753392,0.20934751572882293,,,,0.3193,6386.0,0.81694067,0.8616996,0.9294176,0.86826617,0.64390576,0.7491313,0.71682864,0.74344194,0.5069499611854553,0.6266618299484253,0.7014500498771667,0.6266618299484253,0.26,260.0,0.6583657013996115,0.7360491404713908,0.7012355767175907,0.46382855855066396,0.42793231433353446,0.4670690852452932,0.5453330747319636,0.5712937791193728,0.5817147337559234,0.05015304831451158,0.07312942623011341,0.06738354229706667,0.05786084783783055,0.12032076597686737,0.07934462745113452,0.04103412058563058,0.04868381763312898,0.054250436212978786,0.65900004,0.5954546,0.8282946,0.76381576,0.9069106,0.65000004,0.48464566,0.6928031,0.5028500556945801,0.5342544193267822,0.7457999587059021,0.5342544193267822,0.249,249.0,0.535582492941768,0.6258830885424869,0.6086607592653086,0.3523840265210706,0.3151635464152857,0.3905696575278323,0.40075328773026725,0.4078688686601288,0.4445810773950244,0.06967238874784559,0.07740870747288409,0.07152328105612343,0.07822556885266066,0.09674643769375654,0.08261491433698351,0.06874285677744402,0.06905565662726011,0.062493377022621394,0.76209676,0.80990994,0.88248175,0.81603056,0.59390247,0.69561404,0.7077236,0.68759125,0.5049000084400177,0.5804581246376037,0.7236250042915344,0.5804581246376037,0.2545,254.5,0.5969740971706897,0.6809661145069388,0.6549481679914497,0.4081062925358673,0.3715479303744101,0.4288193713865628,0.47304318123111544,0.48958132388975084,0.513147905575474,0.05991271853117859,0.07526906685149876,0.06945341167659505,0.0680432083452456,0.10853360183531197,0.08097977089405901,0.0548884886815373,0.05886973713019454,0.05837190661780009,0.7105484,0.70268226,0.85538816,0.7899232,0.7504065,0.67280704,0.5961846,0.69019717,2026-10-05T08:04:46.588640
56,0.7905825972557068,0.5004873275756836,0.44823308703899384,0.7915173172950745,0.44823308703899384,0.7958357886314392,0.8763254496574402,1.850907013130188,0.11104799059033393,2.1034369998931886,2.0,1.0,10.0,,,,,0.7841790412902832,0.7841790412902832,,,,17.05671367492676,0.38571987120778695,0.16547227000734607,,0.18200543836043898,0.49306820114706734,0.16419357422051156,0.0018820881919199778,0.06119467402292285,0.937392182600726,,0.00684969576786029,,75.29986781223565,18.385476980999016,,102.73880962201744,75.28937520798604,24.632911560641734,95.20259648219795,42.66108591845081,17.056700712556292,,0.6931471824645996,,0.08452771082045926,0.1913777117136937,,0.1442230368495747,0.09674993247553042,0.2565555200455295,0.007750411055222818,0.5885860354277739,0.211425076244743,,,,0.31645,6329.0,0.8146552,0.86322993,0.928744,0.86842424,0.63954437,0.74593943,0.7235723,0.74832994,0.5064999461174011,0.6776960525512695,0.6731999516487122,0.6776960525512695,0.26,260.0,0.6032515673190357,0.7323908256742675,0.6669078577244958,0.392753015761777,0.4549813203744148,0.3973056542662691,0.5124377877999292,0.546132829557931,0.5566048776225381,0.03947130332085197,0.06603918582616886,0.04656404587667297,0.046455485379342215,0.10187318083385163,0.04559723796205089,0.033524652605536075,0.043448664239819405,0.040778541057556864,0.655,0.61045456,0.63837206,0.7605263,0.90284556,0.64251965,0.48622048,0.66818184,0.5044000148773193,0.5943692078590394,0.7159000039100647,0.5943692078590394,0.259,259.0,0.553476101984689,0.6347417883912114,0.6326102039343349,0.3771562343793015,0.3090043700925042,0.4026169015782178,0.44302377595704123,0.46294648571136676,0.49145480808279857,0.07099420080650833,0.07755516716834769,0.07058776319851862,0.08130504688713017,0.10297631145054806,0.08244298104990021,0.0772898561810133,0.07926631401817896,0.06927970288166897,0.7064516,0.7234234,0.83978105,0.8080152,0.5995935,0.6570175,0.71097565,0.66423357,0.5054499804973602,0.6360326302051544,0.6945499777793884,0.6360326302051544,0.2595,259.5,0.5783638346518624,0.6835663070327395,0.6497590308294153,0.38495462507053924,0.3819928452334595,0.39996127792224345,0.4777307818784852,0.5045396576346488,0.5240298428526683,0.05523275206368015,0.07179717649725828,0.05857590453759579,0.06388026613323619,0.10242474614219985,0.06402010950597554,0.055407254393274694,0.06135748912899919,0.05502912196961292,0.6807258,0.666939,0.73907655,0.78427076,0.7512195,0.6497686,0.59859806,0.6662077,2026-10-05T08:09:07.090730
57,0.7924978733062744,0.5019475817680359,0.44553786931037903,0.7928271889686584,0.44553786931037903,0.7995185561180115,0.8804174171447754,1.867107272338867,0.1273811148107052,2.1486628318786622,2.0,1.0,10.0,,,,,0.7932786638259888,0.7932786638259888,,,,17.033109185791016,0.3354497041766811,0.1602516618741166,,0.17632440396934557,0.47948670168970803,0.16314967403745956,0.001926558231267556,0.061477826647223184,0.9287413029344218,,0.007384312939370395,,75.26458336896957,18.363917539074162,,102.74578415208562,75.25452850730557,24.61154073970333,95.20476580577291,42.74820927905429,17.03309032415888,,0.6931471824645996,,0.08525221329775585,0.19277687342303573,,0.1455192880076208,0.09759478484559211,0.2590477542512736,0.007873767785205963,0.5948686193508707,0.21303040766791934,,,,0.3092,6184.0,0.8161588,0.86476034,0.92678285,0.87353873,0.6444704,0.7490505,0.72644794,0.7414867,0.504300057888031,0.6741925806999206,0.6765000820159912,0.6741925806999206,0.267,267.0,0.6465395406665879,0.7183136479632196,0.6986791741328913,0.44316704160974213,0.4338932760858598,0.46970399508139105,0.5543718124050248,0.5677265123030695,0.5879315774780761,0.06094812590226314,0.09872334815916078,0.07733979416512714,0.06316524410603606,0.1202496471975381,0.06539077498580778,0.028219401468781154,0.037387855663132026,0.034673652225122066,0.65349996,0.62136364,0.65387595,0.7625,0.90162605,0.64448816,0.47519687,0.6776515,0.487650066614151,0.5886140849590301,0.7191500067710876,0.5886140849590301,0.248,248.0,0.5603049008254213,0.6263932374272156,0.6304914172098222,0.3878757157489031,0.32490721530151845,0.4204600557384459,0.47189999374374925,0.4871291729629752,0.5226146184905075,0.07608102439341088,0.07911590953823044,0.07610721673488721,0.09114535150006643,0.11964297033630963,0.09528687155971614,0.08347164642142359,0.08660125446635647,0.07781104364800116,0.7068549,0.73063064,0.8470803,0.8091603,0.60365856,0.6600877,0.7093496,0.66861314,0.495975062251091,0.6314033328294754,0.6978250443935394,0.6314033328294754,0.2575,257.5,0.6034222207460046,0.6723534426952176,0.6645852956713567,0.4155213786793226,0.37940024569368913,0.4450820254099185,0.513135903074387,0.5274278426330223,0.5552730979842918,0.06851457514783701,0.08891962884869561,0.07672350545000717,0.07715529780305125,0.11994630876692386,0.08033882327276196,0.05584552394510237,0.061994555064744244,0.05624234793656162,0.68017745,0.67599714,0.75047815,0.78583014,0.7526423,0.65228796,0.59227324,0.6731323,2026-10-05T08:13:27.892608
58,0.7927798628807068,0.5008275508880615,0.4417186990737915,0.7937775254249573,0.4417186990737915,0.8032070540428161,0.8845157474517822,1.9338869468688964,0.10749875602126122,2.1542726123809817,2.0,1.0,10.0,,,,,0.79401392993927,0.79401392993927,,,,17.01067834777832,0.32818901434445835,0.17618996654726138,,0.18317729856368084,0.47703619946719733,0.16159602620039776,0.0017989695366549122,0.05902569338821682,0.9431621918253078,,0.00695878765130546,,75.2289819899638,18.343152926985624,,102.74921198559414,75.2196592100107,24.58951075365589,95.21023958048244,42.82951911391726,17.010657462344806,,0.6931471824645996,,0.08593987108795506,0.1944641480400304,,0.14670583558310368,0.0984347797692961,0.2616031737464249,0.008035617251732166,0.6008348711736643,0.2148334779746973,,,,0.30115,6023.0,0.8212109,0.8568868,0.93017036,0.8727686,0.64392525,0.7553535,0.7246659,0.74537677,0.5028499960899353,0.6088598127365112,0.7107000946998596,0.6088598127365112,0.27,270.0,0.6237722561079577,0.7286090916773365,0.6965854189909072,0.4256145701182909,0.4044362357357053,0.4492714490584218,0.5109882634248016,0.5410081738085892,0.5438601862594616,0.08036449071167355,0.09365705480985914,0.09150289030955161,0.09224704827921713,0.1366025838930543,0.11795198501300368,0.0730895618018551,0.0731291334077832,0.07644175707307324,0.669,0.61636364,0.8511628,0.7641447,0.9081301,0.6582677,0.48543307,0.705303,0.49995002150535583,0.5298708293437958,0.7465499639511108,0.5298708293437958,0.247,247.0,0.5468702180866067,0.6288856613670647,0.6166896568189599,0.36525179916217715,0.32478307571082315,0.3907224912594818,0.45049774060681413,0.4633845274294064,0.49223709284258876,0.07475992431065058,0.0794706577284291,0.0719208615730735,0.08384087850627758,0.10961890181069964,0.08678303352499626,0.07677137569450859,0.07711038437851157,0.06788029213342636,0.7745968,0.81216216,0.85328466,0.8179389,0.5979675,0.6947369,0.7134146,0.69927007,0.5014000087976456,0.5693653210401535,0.7286250293254852,0.5693653210401535,0.2585,258.5,0.5853212370972822,0.6787473765222005,0.6566375379049336,0.395433184640234,0.3646096557232642,0.41999697015895177,0.4807430020158079,0.5021963506189978,0.5180486395510252,0.07756220751116207,0.08656385626914412,0.08171187594131255,0.08804396339274737,0.12311074285187697,0.10236750926899997,0.07493046874818185,0.07511975889314738,0.0721610246032498,0.7217984,0.7142629,0.85222375,0.79104185,0.7530488,0.6765023,0.5994238,0.70228654,2026-10-05T08:17:47.696213
59,0.7912023663520813,0.5025326013565063,0.4421253044605255,0.7942848205566406,0.4421253044605255,0.8044658380508423,0.8859143913269043,1.9404421998977661,0.10807665912508964,2.184875194168091,2.0,1.0,10.0,,,,,0.8023480857849121,0.8023480857849121,,,,16.990196337890627,0.3567953934999788,0.17975012668568618,,0.19016481470909846,0.4723854600244267,0.16552733335715192,0.0018889395049980777,0.06091963688421781,0.9807410471758266,,0.007132959438659915,,75.19342949739686,18.319788282843913,,102.75391912764044,75.18466570422908,24.566864098712898,95.21056448578075,42.914595634314665,16.99017970577167,,0.6931471824645996,,0.0866062936319667,0.19557292038088392,,0.14800025797953273,0.09923300066381503,0.26402321211092034,0.008208639896029879,0.6069369813439193,0.2170278137656534,,,,0.30555,6111.0,0.8177626,0.86508256,0.92870444,0.8757307,0.6428933,0.75333333,0.7271973,0.7437475,0.5097500085830688,0.6331709904670715,0.7035499811172485,0.6331709904670715,0.243,243.0,0.6563214089272195,0.716484714453281,0.6870777042686715,0.4511198926573538,0.4416777793308193,0.4676802117023966,0.5214315497229234,0.5326613085771023,0.5362674845451713,0.08244824958596435,0.09199619648234783,0.08415847960172482,0.10498360858298784,0.11965676740173936,0.1138215932665225,0.06594568719383989,0.07058496435539886,0.06553775670592568,0.65099996,0.59909093,0.8313953,0.7592105,0.9056911,0.65314966,0.5086614,0.6890152,0.49230000376701355,0.5401640717983246,0.7474499344825745,0.5401640717983246,0.25,250.0,0.5630463142954375,0.6349820973768547,0.6259196056592118,0.3852956531030468,0.3173978652401439,0.40233301741529076,0.4520616557875932,0.4586844363165481,0.48092994719857995,0.0813917719333614,0.08581595879335176,0.07870895832274145,0.09385929485504299,0.1118937913540569,0.08862661908662911,0.0821556276780582,0.08253673159273898,0.07519971794143096,0.7709677,0.7995495,0.8861314,0.8175572,0.58536583,0.70614034,0.7089431,0.69270074,0.5010250061750412,0.5866675311326981,0.7254999577999115,0.5866675311326981,0.2465,246.5,0.6096838616113285,0.6757334059150679,0.6564986549639417,0.4182077728802003,0.3795378222854816,0.4350066145588437,0.4867466027552583,0.4956728724468252,0.5085987158718757,0.08192001075966288,0.0889060776378498,0.08143371896223314,0.09942145171901542,0.11577527937789814,0.1012241061765758,0.07405065743594905,0.07656084797406892,0.07036873732367832,0.7109839,0.6993202,0.85876334,0.78838384,0.74552846,0.679645,0.60880226,0.690858,2026-10-05T08:22:08.060656
60,0.7950724363327026,0.4972849488258362,0.43820820264816285,0.795305073261261,0.43820820264816285,0.8010650444030761,0.8821357301712036,1.9161974145889282,0.11075238981842994,2.1402528329849244,2.0,1.0,10.0,,,,,0.8005824848175049,0.8005824848175049,,,,16.968270935058595,0.3202135719975848,0.15909268384336667,,0.18282906302980556,0.46714353456998325,0.15831286593037805,0.0018816730081679144,0.06002409227050034,0.9494250671119447,,0.007526430132306495,,75.15886731967805,18.297334719615378,,102.76284449874976,75.14975189403364,24.54565995817731,95.20766303190001,43.003010282091275,16.968254004314446,,0.6931471824645996,,0.0873073717211462,0.19694820919613928,,0.14942949839458344,0.10003456283526815,0.26654649008611203,0.008267945746422574,0.613110428782785,0.21893954438388727,,,,0.30935,6187.0,0.8230153,0.86304873,0.9316164,0.87788314,0.64269865,0.75022227,0.72494936,0.749165,0.5062000155448914,0.6265628352165222,0.701200008392334,0.6265628352165222,0.274,274.0,0.6304588847015762,0.7329171681599561,0.6976274668925423,0.40156442211043447,0.40295783396383605,0.44822576423075894,0.5292816262999654,0.5492636969150633,0.5577691659462156,0.06619744128468304,0.08684404380788986,0.0724011875814743,0.06753834927838259,0.10877750500380615,0.08427710966335782,0.05060087098346815,0.05554932222708143,0.05344095157318254,0.67450005,0.56863636,0.8418605,0.7641447,0.9060976,0.65590554,0.48818898,0.67954546,0.4946500360965729,0.5260689153671264,0.749500036239624,0.5260689153671264,0.262,262.0,0.5625202206880079,0.6336765232582531,0.6251510312151067,0.3943612403024893,0.3205801663323031,0.40831602453146815,0.4655142484618136,0.4717964519790538,0.49733779135259415,0.08004015012132316,0.07954602842250016,0.07718019313757354,0.09605270776511123,0.11814278930368238,0.09857746665406134,0.08654461927066506,0.08652509683024909,0.07952128830418453,0.7629032,0.81396395,0.88649637,0.81412214,0.59634143,0.70657897,0.7056911,0.6989051,0.5004250258207321,0.5763158752918243,0.725350022315979,0.5763158752918243,0.268,268.0,0.596489552694792,0.6832968457091046,0.6613892490538245,0.3979628312064619,0.36176900014806956,0.42827089438111354,0.49739793738088955,0.5105300744470586,0.5275534786494049,0.0731187957030031,0.08319503611519502,0.07479069035952393,0.0817955285217469,0.11346014715374426,0.09142728815870957,0.06857274512706661,0.07103720952866525,0.06648111993868354,0.7187016,0.69130015,0.8641784,0.7891334,0.7512195,0.6812422,0.59694004,0.6892253,2026-10-05T08:26:28.789862
61,0.7963876128196716,0.49941757321357727,0.43384470586776736,0.7971018552780151,0.43384470586776736,0.8024536534309388,0.8836786371231079,1.934658042907715,0.1032618205666542,2.1519642293930055,2.0,1.0,10.0,,,,,0.8056191502571106,0.8056191502571106,,,,16.946707345581054,0.30765079526574746,0.17023874283026738,,0.1821818751324514,0.4722908012996054,0.15699472411233148,0.001787491240998386,0.05853048563715379,0.9262150812680554,,0.006470593617884976,,75.12322803667396,18.273632158899005,,102.76650932943745,75.11462212823758,24.52227445468781,95.20828149880573,43.08233117753533,16.946687661918105,,0.6931471824645996,,0.08792224203705028,0.19817273698414967,,0.15062455908887706,0.10082448530159178,0.2686673393295069,0.008381462282246085,0.6188480933760382,0.2207157632727532,,,,0.3087,6174.0,0.8251403,0.8752114,0.93054676,0.8788507,0.6392913,0.75545454,0.7241596,0.7485336,0.5012500882148743,0.6273588652610779,0.7038999199867249,0.6273588652610779,0.257,257.0,0.6324506703389555,0.7245495226618819,0.6924935273072017,0.41699594175703525,0.4194841518989613,0.4426689667582906,0.5204569150595644,0.5358036782826019,0.5541179667243783,0.08376757555220861,0.10288426284888968,0.08498095865210525,0.08792073720795683,0.13017339172049233,0.08464666848762809,0.07097469476575967,0.07637857171969918,0.06740728831459081,0.66550004,0.5881818,0.8418605,0.7671053,0.9044715,0.6606299,0.48937008,0.68295455,0.4949500560760498,0.5281936531066894,0.750450074672699,0.5281936531066894,0.259,259.0,0.5524833597988226,0.6308864859816228,0.6306264650807363,0.3838376761821836,0.3110804716665762,0.4050224018591328,0.43610225204941927,0.4537429816052489,0.4872055967660292,0.08081949655086446,0.08161562906009474,0.07717690062405602,0.0981981542302117,0.1087193575655056,0.09436074993124995,0.08463524479988506,0.08306006287453369,0.07878291533403908,0.7673387,0.8220721,0.88175184,0.81641227,0.5971545,0.70482457,0.7048781,0.69927007,0.49810007214546204,0.5777762591838836,0.7271749973297119,0.5777762591838836,0.258,258.0,0.5924670150688891,0.6777180043217523,0.661559996193969,0.4004168089696094,0.36528231178276876,0.4238456843087117,0.47827958355449185,0.4947733299439254,0.5206617817452037,0.08229353605153653,0.09224994595449221,0.08107892963808064,0.09305944571908427,0.11944637464299897,0.08950370920943901,0.07780496978282236,0.07971931729711643,0.07309510182431495,0.71641934,0.70512694,0.86180615,0.7917588,0.750813,0.6827272,0.5971241,0.6911123,2026-10-05T08:30:48.038791
62,0.7957097887992859,0.5016125440597534,0.43226790943145754,0.7981845140457153,0.43226790943145754,0.8070318643569946,0.8887655362129211,1.9663500093460082,0.11019198129177094,2.1642876134872435,2.0,1.0,10.0,,,,,0.8056090646743774,0.8056090646743774,,,,16.926996630859374,0.32480183243751526,0.1586258129519262,,0.17519322407853072,0.4573350479458548,0.15724646321432606,0.0018231670370705093,0.05935714926546926,0.9313079021918546,,0.0071499479508582075,,75.08706281139592,18.252011791156356,,102.76928356194952,75.07986848673244,24.500406095176746,95.20786683878322,43.16416306708269,16.92697211587505,,0.6931471824645996,,0.0885015666295009,0.19975336009909392,,0.15175950138052557,0.10159611920262598,0.27093853065922,0.008465677215035553,0.6246736338184138,0.22304440294481387,,,,0.30015,6003.0,0.8240979,0.8763794,0.92983353,0.8801935,0.6411799,0.75448483,0.72667074,0.753055,0.4977000057697296,0.615651222705841,0.7058500647544861,0.615651222705841,0.266,266.0,0.6028512151427754,0.7147833467900736,0.688661020431826,0.3838528617918638,0.33259876289390444,0.40957164158451864,0.5302283210693542,0.572854180698175,0.5912844069989783,0.06708997816195339,0.10598963938184994,0.08791783096919542,0.07564019511365139,0.15003062014371105,0.08573933739341334,0.05867941782615788,0.0723098649979585,0.06898301790349938,0.67,0.5813636,0.8585271,0.76842105,0.9052845,0.6590552,0.48425198,0.6878788,0.5006500482559204,0.5215861778259278,0.7496998906135559,0.5215861778259278,0.262,262.0,0.567757078032844,0.6407855163203268,0.6422015780686425,0.3860083857174105,0.3159929005611701,0.405259459512254,0.479057478997973,0.4931920942277391,0.5324828565375257,0.08358965686126293,0.08158543032921078,0.07626075545819196,0.09932424848207967,0.1099893332689066,0.09239869287728807,0.09024970523514891,0.0899058763248236,0.083345233352067,0.7629032,0.8112613,0.8857664,0.8129771,0.60040647,0.704386,0.7077236,0.7007299,0.499175027012825,0.5686187002658845,0.727774977684021,0.5686187002658845,0.264,264.0,0.5853041465878097,0.6777844315552002,0.6654312992502343,0.38493062375463716,0.3242958317275373,0.4074155505483863,0.5046429000336636,0.533023137462957,0.5618836317682521,0.07533981751160816,0.09378753485553036,0.08208929321369368,0.08748222179786552,0.13000997670630882,0.0890690151353507,0.0744645615306534,0.08110787066139105,0.07616412562778319,0.71645164,0.6963124,0.8721467,0.79069906,0.7528455,0.6817206,0.5959878,0.69430435,2026-10-05T08:35:08.112801
63,0.7959052324295044,0.5008371472358704,0.42989336915016174,0.7991227507591248,0.42989336915016174,0.8070091249465943,0.8887402709007263,1.9771387859344483,0.11209896856546402,2.1679760498046874,2.0,1.0,10.0,,,,,0.8110397176742554,0.8110397176742554,,,,16.907110974121093,0.3233333102362171,0.16524420811492166,,0.1809942833841986,0.4577970620553205,0.15455151890303678,0.0017401932996021477,0.057558733697055255,0.8761839188967541,,0.006782796168269791,,75.05129713313595,18.229119877906363,,102.77565245415754,75.04509657355631,24.476978800099367,95.20594131566916,43.245837217683246,16.90710200170043,,0.6931471824645996,,0.08912659967970696,0.2009462526269779,,0.15298694941648253,0.10238468129733566,0.27306451520342734,0.008459253473931058,0.6304412074149794,0.22519598322309506,,,,0.3011,6022.0,0.8236768,0.8753524,0.93141836,0.88171405,0.64558023,0.75531316,0.727339,0.7528513,0.49000006914138794,0.6409793529510498,0.6970999836921692,0.6409793529510498,0.282,282.0,0.5904172998811696,0.6959923903986469,0.6645142095620763,0.35287455255979144,0.37843117407285054,0.3828517776877035,0.48220975764041235,0.5003749152182984,0.5369083997051299,0.07523514436312886,0.08974400547458138,0.08134656235596291,0.08345098996215801,0.13035360899854567,0.08344959664757243,0.046976687717862106,0.04734366589944341,0.044210492837039504,0.65650004,0.5868182,0.801938,0.7671053,0.90731704,0.65393704,0.49133858,0.68030304,0.504550039768219,0.5338091130256652,0.7492499351501465,0.5338091130256652,0.25,250.0,0.5589136155058856,0.6357661080561419,0.6308411739249744,0.3469113727708072,0.3184610067439907,0.3929212157314164,0.427307190292137,0.4392472162357755,0.47127359146952735,0.07561689378482786,0.0775205595762114,0.07572477320361524,0.10055375094404718,0.11201265784021143,0.09759636001475616,0.08003519636591157,0.07826034693650138,0.07735059442644959,0.7584678,0.8108108,0.8828468,0.8175572,0.5987805,0.7109649,0.702439,0.7010949,0.49727505445480347,0.5873942329883575,0.7231749594211578,0.5873942329883575,0.266,266.0,0.5746654576935276,0.6658792492273944,0.6476776917435254,0.34989296266529935,0.3484460904084206,0.38788649670956,0.45475847396627467,0.4698110657270369,0.5040909955873286,0.07542601907397836,0.0836322825253964,0.07853566777978907,0.0920023704531026,0.12118313341937856,0.0905229783311643,0.06350594204188684,0.0628020064179724,0.06078054363174455,0.7074839,0.6988145,0.8423924,0.7923312,0.7530488,0.682451,0.5968888,0.690699,2026-10-05T08:39:27.900071
64,0.7973628044128418,0.5039074420928955,0.4323254551649094,0.7981098890304565,0.4323254551649094,0.8069630960464478,0.8886891243934631,1.97393749294281,0.09187954307198525,2.162529781150818,2.0,1.0,10.0,,,,,0.8186827130317688,0.8186827130317688,,,,16.888579043579103,0.30613319547313034,0.160802449437843,,0.18443020380985964,0.4507724140669889,0.1635349692337832,0.001778967667795172,0.05894327446059057,0.9754606045924934,,0.006856115035872883,,75.01570333492984,18.207496946784342,,102.78368640097843,75.01037675408041,24.455295647785164,95.20722344270936,43.32782191379815,16.888567007271348,,0.6931471824645996,,0.08974170352622962,0.202322466168434,,0.1543430948902847,0.10319097325870186,0.27538660415418587,0.008515907214230792,0.636145119834098,0.22734404787136492,,,,0.30465,6093.0,0.82736564,0.87041885,0.9299921,0.8800751,0.6420561,0.7553738,0.7271365,0.752831,0.49595001339912415,0.6228592028617859,0.7032001614570618,0.6228592028617859,0.287,287.0,0.5995396261555652,0.6845756449389587,0.6816908651711742,0.38877973833957313,0.3154040130336489,0.4128015869430131,0.4990252983412561,0.524094057610316,0.5470135723947822,0.059507354669250764,0.09021144489048394,0.07695490447158586,0.06248711093777966,0.13051223129111444,0.07244839318642284,0.03592428659284366,0.04156785402028507,0.04036676352589056,0.65800005,0.5940909,0.8511628,0.7654605,0.90284556,0.6562992,0.48425198,0.6818182,0.5016499757766724,0.5290207824707032,0.7497498989105225,0.5290207824707032,0.265,265.0,0.5738979484004787,0.6422527052987081,0.6474660739407243,0.3854663718034869,0.31366253865362986,0.4208040255116403,0.46616814296407766,0.47372964336795376,0.5116162811630004,0.08171216724406427,0.07880865662924581,0.07711867736451676,0.10190035703754394,0.1151735936718807,0.09693852810906382,0.08622916669041053,0.08365372133675009,0.07961947041181386,0.7709677,0.81846845,0.8711679,0.8110687,0.597561,0.7083333,0.70813006,0.7032847,0.49879999458789825,0.5759399926662445,0.7264750301837921,0.5759399926662445,0.276,276.0,0.586718787278022,0.6634141751188334,0.6645784695559492,0.38712305507153,0.3145332758436394,0.4168028062273267,0.4825967206526669,0.4989118504891349,0.5293149267788912,0.07060976095665752,0.08451005075986487,0.07703679091805131,0.0821937339876618,0.12284291248149756,0.08469346064774333,0.061076726641627097,0.06261078767851758,0.059993116968852206,0.71448386,0.70627964,0.86116534,0.78826463,0.75020325,0.68231624,0.59619105,0.69255143,2026-10-05T08:43:48.527712
65,0.7977099418640137,0.5023048520088196,0.4295105913877487,0.798470139503479,0.4295105913877487,0.8053888869285584,0.8869400080680847,1.9505575046539307,0.11167695546746254,2.0834227811813353,2.0,1.0,10.0,,,,,0.8203174408912659,0.8203174408912659,,,,16.87017209777832,0.357395642976852,0.17248287519357006,,0.19089361541210467,0.45768170523795354,0.15378622079540968,0.001756523406595751,0.05838005321847785,0.9291488420052133,,0.006563919756723165,,74.9797460956938,18.185028890135943,,102.78944285204456,74.97548072960726,24.434202145618997,95.20984314353603,43.40120611980463,16.87015798289305,,0.6931471824645996,,0.09033022844677518,0.2036688304061343,,0.15559956431388855,0.10396392553285429,0.27769460932464357,0.00867159156259268,0.6414651293663463,0.22955308958982965,,,,0.3055,6110.0,0.8267041,0.8758558,0.9324683,0.88047004,0.64010906,0.75668687,0.7219522,0.75391036,0.4938499629497528,0.6174898567199707,0.7066500186920166,0.6174898567199707,0.255,255.0,0.5958659173402863,0.6744904890238232,0.6628307411860277,0.36412520277959093,0.3729447231084336,0.4303678005155897,0.4640090924483251,0.4795400630951808,0.5036672772340984,0.06072275104824269,0.07386327463589647,0.06621805120627512,0.08301300865002265,0.13341034588880227,0.08928821372740083,0.04637685680127229,0.043215073912726235,0.043467153879834124,0.65650004,0.5959091,0.8523256,0.77039474,0.90365857,0.6606299,0.4988189,0.6818182,0.48895007371902466,0.5219289746284484,0.7501999139785767,0.5219289746284484,0.247,247.0,0.5615189270520851,0.6360815733811761,0.6312646600551908,0.3645807517999757,0.3197745475988446,0.39296120062472123,0.4407992399337778,0.4552299605940992,0.47720363645016317,0.07668415335211493,0.08587849899020744,0.07983644853572536,0.09290442291344901,0.12126596003188686,0.1003249054902205,0.0738931983406435,0.07225368938757054,0.06691219527571872,0.7560484,0.81666666,0.88029194,0.81412214,0.6081301,0.7127193,0.703252,0.7007299,0.49140001833438873,0.5697094156742095,0.7284249663352966,0.5697094156742095,0.251,251.0,0.5786924221961857,0.6552860312024997,0.6470477006206092,0.36435297728978333,0.3463596353536391,0.41166450057015547,0.45240416619105145,0.46738501184464,0.4904354568421308,0.06870345220017882,0.07987088681305196,0.07302724987100023,0.08795871578173584,0.12733815296034456,0.09480655960881065,0.0601350275709579,0.05773438165014839,0.05518967457777642,0.7062742,0.70628786,0.8663088,0.79225844,0.7558943,0.6866746,0.6010355,0.69127405,2026-10-05T08:48:09.567232
66,0.7942277193069458,0.5001249313354492,0.42846171753406526,0.8000797033309937,0.42846171753406526,0.8092271039009095,0.8912046874046325,2.011488770866394,0.10600601046681404,2.1680767473220826,2.0,1.0,10.0,,,,,0.827020703125,0.827020703125,,,,16.849526037597656,0.299277838343268,0.181564782218189,,0.19621961616027128,0.4635740557483807,0.1623605445834102,0.0017266731036702397,0.05779709397655004,1.0063324290665852,,0.006504556517655053,,74.94433073784894,18.164347764033423,,102.79772915202341,74.94100568248967,24.41335209160094,95.20996122906922,43.47378263048306,16.84951120121464,,0.6931471824645996,,0.09100666613715469,0.20537961430990012,,0.1569171653241868,0.10475728319139238,0.2800610340704584,0.008745306503668332,0.6467054520442987,0.2314003126066961,,,,0.29925,5985.0,0.82710505,0.8774668,0.9315174,0.8796998,0.6431075,0.763899,0.7245646,0.7537271,0.4983000159263611,0.6878548502922058,0.6692500114440918,0.6878548502922058,0.275,275.0,0.5808470570947671,0.6855512493990473,0.6737521420100521,0.34699402918678546,0.3343260680247152,0.41169883988280626,0.4481992773121716,0.46972194374588494,0.4926913948763333,0.06132871858609735,0.08008236673228705,0.08260796926180522,0.056976754056356965,0.13090363678910671,0.09347748429296326,0.03724349841878165,0.042154120194358415,0.04169168558289217,0.66950005,0.5863636,0.61007756,0.7654605,0.9065041,0.6456693,0.47834647,0.67045456,0.5002500414848328,0.5827744603157043,0.7202500104904175,0.5827744603157043,0.251,251.0,0.5587557211253421,0.6488978737613059,0.6413344463489162,0.35405830646236536,0.3112889646379208,0.4032832661462363,0.43451139007338263,0.4505390333859398,0.48868566151351833,0.07590630371389775,0.08247546596962502,0.07937953076970229,0.08375065792442327,0.10764880723007177,0.09330606462428534,0.07378432845959212,0.07084819982510476,0.06718806003566169,0.69395167,0.7364865,0.8572993,0.81717557,0.597561,0.65657896,0.7036586,0.6791971,0.4992750287055969,0.635314655303955,0.6947500109672546,0.635314655303955,0.263,263.0,0.5698013891100546,0.6672245615801766,0.6575432941794841,0.3505261678245754,0.322807516331318,0.40749105301452127,0.44135533369277713,0.4601304885659124,0.4906885281949258,0.06861751114999755,0.08127891635095603,0.08099375001575376,0.07036370599039012,0.11927622200958923,0.0933917744586243,0.055513913439186886,0.056501160009731585,0.05443987280927693,0.68172586,0.66142505,0.7336885,0.79131806,0.7520325,0.6511241,0.5910025,0.6748258,2026-10-05T08:52:31.273246
67,0.7982743978500366,0.501265287399292,0.4260113880634308,0.800034761428833,0.4260113880634308,0.8087371549606324,0.890660304737091,2.03142977848053,0.10079227870106697,2.1212097215652466,2.0,1.0,10.0,,,,,0.8353448783874512,0.8353448783874512,,,,16.833155038452148,0.33193238501905636,0.17835825718464746,,0.1951171748909601,0.4375943664912206,0.15153641552682134,0.0017674763669900501,0.05790226952807539,0.9061513615261977,,0.0068123599308228516,,74.90938859684452,18.14370780993419,,102.80710344253832,74.90640156739836,24.39386375087082,95.20851635781064,43.552471719729674,16.833141156822254,,0.6931471824645996,,0.09167003902090583,0.20698566098881374,,0.15828494262543452,0.1055499012018465,0.2825345970263147,0.008838576276543414,0.6522340861855039,0.2338444681683923,,,,0.3041,6082.0,0.82842827,0.88215864,0.9290214,0.88347155,0.64129674,0.7628687,0.72073716,0.7527292,0.4984000027179718,0.6237784996032715,0.7052500247955322,0.6237784996032715,0.3,300.0,0.5663512467143692,0.6778577730176555,0.6506676535171307,0.3398839285532896,0.37507235801428496,0.37633285761060226,0.4112083857127594,0.4287112024859628,0.44445377467183095,0.06282210533694312,0.07856601652528634,0.07950467744824341,0.05381450673165455,0.1021434398997273,0.08742075501013913,0.03413818407787469,0.032090235870072766,0.04221441971367611,0.65950006,0.59909093,0.8426357,0.77138156,0.9048781,0.6582677,0.4905512,0.6837121,0.5036000609397888,0.5190121014118194,0.750249981880188,0.5190121014118194,0.263,263.0,0.5519877568992853,0.6310302159634951,0.6316456846553739,0.3642297584669051,0.3242718509449246,0.40039469154357304,0.43525856639561095,0.4469877391949543,0.48865000525961405,0.07597720672256592,0.0791885835886395,0.08081390964173359,0.09213144684601532,0.1075682571225184,0.10174392216068429,0.08011402716272159,0.07783536738455687,0.08095922194518837,0.76814514,0.81261265,0.870438,0.819084,0.5971545,0.7153509,0.70975614,0.700365,0.5010000318288803,0.5713953005075454,0.7277500033378601,0.5713953005075454,0.2815,281.5,0.5591695018068272,0.6544439944905753,0.6411566690862522,0.35205684351009736,0.3496721044796048,0.38836377457708765,0.42323347605418515,0.43784947084045855,0.4665518899657225,0.06939965602975451,0.07887730005696292,0.08015929354498849,0.07297297678883494,0.10485584851112284,0.09458233858541171,0.05712610562029814,0.05496280162731482,0.06158682082943224,0.7138226,0.7058518,0.85653687,0.7952328,0.75101626,0.6868093,0.6001537,0.69203854,2026-10-05T08:56:53.236819
68,0.7998253703117371,0.5012473464012146,0.42595249474048613,0.8003824949264526,0.42595249474048613,0.8123161098480225,0.8946369163513184,2.063545034980774,0.11038125200867653,2.137768505859375,2.0,1.0,10.0,,,,,0.8398993118286133,0.8398993118286133,,,,16.81653175354004,0.3135155533814126,0.18576966316267185,,0.20065781099211638,0.4510348885302331,0.14908204963252802,0.0017934463251601596,0.05854163222774199,0.8604904914357859,,0.00630937430786657,,74.87425499205376,18.1226346690184,,102.80993943912968,74.87162834216075,24.372299157889785,95.21051282943434,43.63345577458667,16.816515661348962,,0.6931471824645996,,0.0923184403188669,0.2084495423326067,,0.15936014929394812,0.10630410881179153,0.28480692027480736,0.008961976191420465,0.6577445640685452,0.2364747783370838,,,,0.2989,5978.0,0.8305533,0.8778897,0.93129957,0.8826027,0.6433606,0.7590505,0.72312677,0.7555601,0.5014500617980957,0.7392255148887634,0.6561000347137451,0.7392255148887634,0.303,303.0,0.5498513985614734,0.6589907388597623,0.6686172393571361,0.3451882839526346,0.3054054177305417,0.41841668335683724,0.47424349568017155,0.498234600472447,0.5663360558793952,0.061479520591069224,0.09313041440150258,0.08131517576166915,0.047686172830755526,0.10298715944730633,0.06623979634863113,0.03689124019094418,0.03709175917173838,0.03543603145880596,0.676,0.52,0.6081395,0.76480263,0.90731704,0.6043307,0.48149607,0.65984845,0.4905500113964081,0.6604543199539185,0.6877000331878662,0.6604543199539185,0.279,279.0,0.5588705167524776,0.6524071039334475,0.6453625687824401,0.3717845442711663,0.34373533496839653,0.4045405843424023,0.4588228680265318,0.47822000476444754,0.5243337025489154,0.0682455034968306,0.07385127942325087,0.07207959765778808,0.0805526150611975,0.09480101591805089,0.08179435701815013,0.061443156675466175,0.05941053331152361,0.058791500219724215,0.666129,0.68648654,0.7510949,0.8129771,0.5955285,0.62543863,0.7077236,0.64160585,0.4960000365972519,0.699839917421341,0.6719000339508057,0.699839917421341,0.29100000000000004,291.0,0.5543609576569755,0.6556989213966049,0.6569899040697882,0.35848641411190046,0.3245703763494691,0.4114786338496198,0.4665331818533517,0.48822730261844727,0.5453348792141552,0.06486251204394991,0.08349084691237672,0.07669738670972862,0.06411939394597652,0.0988940876826786,0.07401707668339064,0.049167198433205175,0.048251146241630995,0.04711376583926509,0.6710645,0.60324323,0.67961717,0.7888899,0.75142276,0.6148847,0.59460986,0.65072715,2026-10-05T09:01:14.592096
69,0.7966752052307129,0.5014625787734985,0.42588358721733094,0.7998226881027222,0.42588358721733094,0.81034654712677,0.8924485160827637,2.0437198066711426,0.10371021173000336,2.127260433959961,2.0,1.0,10.0,,,,,0.8449048256874084,0.8449048256874084,,,,16.79738399658203,0.28549569313693196,0.18070981960008098,,0.19542877266930928,0.44415158488947876,0.15297115969050462,0.0017513039890397933,0.0570718058307839,0.9177856192846966,,0.005955787583930524,,74.83916750379429,18.100628069251965,,102.81970968064229,74.83712131961896,24.35016848327248,95.21057060873433,43.707681254976116,16.79736979296253,,0.6931471824645996,,0.09297723161756613,0.20963594393365703,,0.16073184996653514,0.10706516350530515,0.2871456765065527,0.009083112648385724,0.6629129625429773,0.23869244308228704,,,,0.30875,6175.0,0.82598233,0.88036644,0.9295364,0.883669,0.6407905,0.7584647,0.72509116,0.75515276,0.4998500347137451,0.6248866691589355,0.7042499780654907,0.6248866691589355,0.255,255.0,0.6451642139292392,0.7285605895873905,0.7188315879015983,0.4225655817494199,0.35749916825356426,0.4408286582734327,0.5423839992266805,0.5526349373945587,0.583985160765616,0.08278260498827386,0.1065941766777832,0.08702923014599513,0.08407411755857162,0.15225933455158805,0.08468843329263935,0.042480698366265265,0.03619971989192251,0.037966059885219235,0.67200005,0.5954546,0.8531008,0.75986844,0.902439,0.65393704,0.49330708,0.67651516,0.49289995431900024,0.5163822329044342,0.7531000375747681,0.5163822329044342,0.244,244.0,0.5705055646561298,0.6386037657022807,0.6391343682171431,0.385072503529919,0.3053141500618275,0.41067290483772884,0.4609904989651399,0.46650177032936274,0.497189491949169,0.0798204812641519,0.08369144197408575,0.07904555519253724,0.09628222175712597,0.12216725849498859,0.1010250444339607,0.07666317434456499,0.07703214163937813,0.07340940862121073,0.7697581,0.81396395,0.88503647,0.82251906,0.60121953,0.7197369,0.70609754,0.69671535,0.4963749945163727,0.5706344510316849,0.7286750078201294,0.5706344510316849,0.2495,249.5,0.6078348892926845,0.6835821776448356,0.6789829780593707,0.40381904263966945,0.33140665915769585,0.42575078155558077,0.5016872490959101,0.5095683538619608,0.5405873263573925,0.08130154312621288,0.09514280932593447,0.08303739266926619,0.0901781696578488,0.13721329652328831,0.09285673886330002,0.05957193635541513,0.05661593076565032,0.05568773425321498,0.7208791,0.7047093,0.8690686,0.7911937,0.75182927,0.68683696,0.5997023,0.6866152,2026-10-05T09:05:35.574623
70,0.8003123998641968,0.5012651085853577,0.42168207879066466,0.8013976216316223,0.42168207879066466,0.8126072736740112,0.8949604310035706,2.045395599746704,0.12573051596879958,2.1584997337341307,2.0,1.0,10.0,,,,,0.8485038049697876,0.8485038049697876,,,,16.779690438842774,0.30754099767299214,0.19003053469832537,,0.20431119440847142,0.4465367589027259,0.14980292600241435,0.0017841333719148377,0.05705488988073768,0.9144208262300795,,0.006567307033280955,,74.80403545403937,18.078945074871086,,102.82363964493867,74.80245884208922,24.326264703349704,95.20832144378856,43.778298056049714,16.77967445713699,,0.6931471824645996,,0.09361383437540881,0.2108085997355212,,0.16184661959766583,0.10779493378036341,0.28903120926990633,0.009190347140571873,0.6679378918781402,0.24095796010676462,,,,0.2929,5858.0,0.83215714,0.87668145,0.93143815,0.880865,0.6457749,0.76131314,0.72083837,0.7625662,0.500249981880188,0.8041743898391723,0.6524999737739563,0.8041743898391723,0.257,257.0,0.5834112551789843,0.7148616562756679,0.6751869789939811,0.34306817967388403,0.3369934303578777,0.39520613055613985,0.4850487069806215,0.5124540586671513,0.5483425783605039,0.08059860052879128,0.10083806009772914,0.09227556327047605,0.08401667854989746,0.1702262416968572,0.11202850241952328,0.05554877883326502,0.05340604814051337,0.0539794172818359,0.67050004,0.5318182,0.6104651,0.7319079,0.8800813,0.63464564,0.4948819,0.6458333,0.4994000196456909,0.7490102024078369,0.6852498650550842,0.7490102024078369,0.233,233.0,0.5438303030482673,0.6177627289197172,0.6251616583186913,0.36378923429048426,0.2825615074676966,0.4038288670169824,0.4228546637579456,0.42624670471732096,0.4756816761201847,0.07969308135266526,0.08382830653812205,0.08115780462631532,0.09266171900516494,0.11132934384389592,0.10141882540587001,0.07968125353977065,0.081520517288876,0.07727518012748433,0.64838713,0.69729733,0.81788325,0.7736641,0.5857724,0.6149123,0.699187,0.6270073,0.49982500076293945,0.7765922961235046,0.6688749194145203,0.7765922961235046,0.245,245.0,0.5636207791136258,0.6663121925976925,0.6501743186563362,0.35342870698218415,0.3097774689127871,0.3995174987865611,0.45395168536928354,0.46935038169223614,0.5120121272403443,0.08014584094072827,0.09233318331792559,0.08671668394839568,0.0883391987775312,0.14077779277037655,0.10672366391269664,0.06761501618651783,0.06746328271469468,0.06562729870466011,0.6594436,0.61455774,0.71417415,0.75278604,0.73292685,0.624779,0.59703445,0.6364203,2026-10-05T09:09:55.704817
71,0.7996779680252075,0.5030747652053833,0.42297782385349275,0.80128014087677,0.42297782385349275,0.8144184564590454,0.8969728620529175,2.0832209012985228,0.10296910960674285,2.184265263938904,2.0,1.0,10.0,,,,,0.8553902254104614,0.8553902254104614,,,,16.76036662902832,0.29055516739749604,0.15984605518495962,,0.1916706129718738,0.4435586142502013,0.15481837836515372,0.0016889086317205743,0.05611053606269845,0.9041771856462879,,0.006493871859170995,,74.76910735695225,18.057140763398188,,102.82733470163528,74.76791600512851,24.304091277395845,95.21252669802138,43.85102346140867,16.760347050466354,,0.6931471824645996,,0.09427939070637818,0.21215643700520703,,0.16288060120716216,0.10851064386071672,0.2911919116214582,0.009301863367532848,0.6729860427273306,0.24305918594454504,,,,0.297,5940.0,0.8281075,0.88350785,0.9329834,0.8812204,0.6383762,0.7588687,0.72667074,0.7612016,0.49434998631477356,0.6138999943733215,0.7050000429153442,0.6138999943733215,0.282,282.0,0.6020535510166203,0.6893300200689324,0.679879019494537,0.37002140065565353,0.3654780729758571,0.41447822489467534,0.4873561809917629,0.507498082474521,0.5315104572500349,0.06883025317161241,0.08838996350796503,0.07979580764773413,0.09002795882368798,0.11452746856793443,0.0919768946524748,0.07208644358451356,0.0637883641353865,0.06866466896590355,0.67,0.5927273,0.84302324,0.7697368,0.90731704,0.6586614,0.48740157,0.6810606,0.5016000270843506,0.5093682601451873,0.7536499500274658,0.5093682601451873,0.25,250.0,0.5625713828203647,0.6262361347134008,0.637081115022314,0.36703413336918705,0.30705176568112974,0.40783310702423653,0.4348814782255085,0.4427295566605222,0.4778521160700563,0.07791751588081144,0.08201767284522789,0.08048207145925619,0.08929187171332041,0.11416289283171238,0.09883525135698575,0.08204540293949596,0.08047792660823791,0.08050618845243394,0.7725807,0.8198198,0.8857664,0.82022905,0.597561,0.70657897,0.7085366,0.7069343,0.4979750066995621,0.5616341272592544,0.729324996471405,0.5616341272592544,0.266,266.0,0.5823124669184925,0.6577830773911666,0.6584800672584254,0.3685277670124203,0.33626491932849345,0.41115566595945596,0.4611188296086357,0.47511381956752163,0.5046812866600456,0.07337388452621194,0.08520381817659646,0.08013893955349516,0.0896599152685042,0.11434518069982341,0.09540607300473028,0.07706592326200476,0.0721331453718122,0.07458542870916875,0.72129035,0.70627356,0.8643948,0.7949829,0.752439,0.68262017,0.5979691,0.69399744,2026-10-05T09:14:14.561580
72,0.7924298644065857,0.501440167427063,0.4181624620914459,0.8035122752189636,0.4181624620914459,0.8137607794761658,0.8962421072006226,2.0772586711883543,0.10502042970657349,2.094805170440674,2.0,1.0,10.0,,,,,0.8481339456558228,0.8481339456558228,,,,16.740895928955076,0.3054616645358171,0.16472744099368716,,0.19016085849825742,0.4255176067921766,0.1499107427373054,0.0017230401296097382,0.05677989627098202,0.8926893875097773,,0.006262188988840089,,74.7339288019071,18.033614468422666,,102.83038811167334,74.73337214767554,24.28311914091657,95.21285077720691,43.92218177941195,16.740879095284043,,0.6931471824645996,,0.09483879292087191,0.21312221951165777,,0.16384151302705144,0.10923736319420443,0.2934462602730769,0.009440459002544926,0.6779344936085355,0.24489091127921062,,,,0.29935,5987.0,0.8322574,0.8850181,0.93242866,0.8870063,0.64345795,0.7640606,0.7261847,0.75818735,0.5031999945640564,0.6152974286079407,0.7091999650001526,0.6152974286079407,0.28,280.0,0.6372683550428518,0.7137625161335667,0.7088146572273243,0.440692288440213,0.351179788904611,0.45223756228571194,0.555406970549449,0.5652751606128597,0.5990688251622256,0.08716392333245092,0.10127477747512072,0.10136527090264444,0.0885084397617453,0.1587381763270636,0.11641084877615772,0.08462075044316962,0.09525124962744357,0.0912095210491367,0.6685,0.60227275,0.8542636,0.77039474,0.904065,0.6574803,0.4858268,0.7,0.5034499764442444,0.5157217712402343,0.7551499605178833,0.5157217712402343,0.252,252.0,0.5600302328386028,0.6391036394514948,0.6350920650684406,0.36164556994641245,0.3218804436945882,0.4024920502740313,0.44505521695008726,0.4543162071219544,0.49521642707302543,0.08065140164186656,0.08642321515696069,0.0826424105033573,0.09511917564491262,0.11969975789130798,0.10229646830077034,0.08517694129637604,0.08693696575001142,0.08391613018545185,0.7693549,0.82387394,0.88065696,0.82137406,0.6056911,0.72105265,0.7036586,0.7065694,0.5033249855041504,0.5655095999240876,0.7321749627590179,0.5655095999240876,0.266,266.0,0.5986492939407273,0.6764330777925307,0.6719533611478825,0.4011689291933127,0.3365301162995996,0.4273648062798716,0.5002310937497682,0.509795683867407,0.5471426261176255,0.08390766248715874,0.09384899631604071,0.09200384070300087,0.09181380770332896,0.1392189671091858,0.10935365853846403,0.08489884586977284,0.0910941076887275,0.08756282561729428,0.71892744,0.7130734,0.86746025,0.7958844,0.75487804,0.68926644,0.59474266,0.7032847,2026-10-05T09:18:34.452286
73,0.8004525899887085,0.5010650753974915,0.4191920798778534,0.8025526404380798,0.4191920798778534,0.8107720990180969,0.8929213552474976,2.042049955368042,0.10720706828832627,2.062866627502441,2.0,1.0,10.0,,,,,0.8540039378166199,0.8540039378166199,,,,16.72092359313965,0.28588937813783905,0.16363246695013942,,0.1990639578527326,0.421922849242095,0.15438870853109724,0.0018099585081269715,0.05898436677351499,0.9300943152729872,,0.006701180972766938,,74.69919148827815,18.010928366594253,,102.8305680098807,74.69895993372437,24.262253755217145,95.21646949136333,43.99829711428114,16.72091349219061,,0.6931471824645996,,0.095438527595845,0.21444084585472278,,0.16477600110184615,0.10997149281820674,0.2957559364616491,0.00957556516762562,0.6830671338518713,0.2468461483527141,,,,0.3035,6070.0,0.83580595,0.88485706,0.92704046,0.8807662,0.638493,0.76347476,0.7267923,0.7640733,0.4994499683380127,0.6164590144157409,0.7056000828742981,0.6164590144157409,0.29,290.0,0.5392844862648037,0.6479015482217236,0.6457118501221147,0.33263033705260386,0.33928878261977485,0.4082553727349661,0.4393950497474962,0.46714565588943663,0.49548371280363523,0.07921541201794718,0.11052291662308099,0.09987379591972036,0.07434292439369794,0.13578907391028106,0.09210553154743409,0.06267960240484059,0.07091642966636448,0.07082615521929497,0.65900004,0.59727275,0.84379846,0.77138156,0.9065041,0.646063,0.49724412,0.69090915,0.4886000454425812,0.5158190672397613,0.7523499727249146,0.5158190672397613,0.273,273.0,0.5447819332242249,0.6333637193494378,0.6194717324182133,0.3522793680639124,0.3136352654566438,0.390541746886937,0.4315085422704708,0.44430512599152644,0.4803143201323447,0.0795463673632738,0.08879112041272602,0.08149317726680291,0.08864130859216691,0.11091674541740007,0.09135239995394556,0.08582062634942636,0.08856034415438592,0.07983919624607286,0.7725807,0.81621623,0.88467157,0.8080152,0.59186995,0.7109649,0.7101626,0.7131387,0.49402500689029694,0.5661390408277511,0.7289750277996063,0.5661390408277511,0.2815,281.5,0.5420332097445143,0.6406326337855808,0.632591791270164,0.34245485255825814,0.32646202403820934,0.3993985598109515,0.43545179600898354,0.45572539094048153,0.48789901646798994,0.0793808896906105,0.09965701851790351,0.09068348659326164,0.08149211649293242,0.12335290966384056,0.09172896575068983,0.07425011437713347,0.0797383869103752,0.07533267573268392,0.7157904,0.7067445,0.86423504,0.78969836,0.749187,0.678514,0.6037034,0.7020239,2026-10-05T09:22:54.943042
74,0.7980125546455383,0.5020776987075806,0.4202931442975998,0.8022597432136536,0.4202931442975998,0.8091037268638611,0.8910676086425782,2.035987628173828,0.0914769694328308,2.106774546432495,2.0,1.0,10.0,,,,,0.8605872073173523,0.8605872073173523,,,,16.70343723449707,0.35877020880105387,0.1971577884403953,,0.2128150815939068,0.41850353454708294,0.14545114843803605,0.001777484816140169,0.058076692080706545,0.8791694817649331,,0.00636432665065791,,74.66436019217133,17.989185005236582,,102.8338573480108,74.66456744929029,24.240832043301527,95.21580709469546,44.07568140698087,16.70341500203321,,0.6931471824645996,,0.09604962416894876,0.2157987454894242,,0.1658403931339835,0.11069357613469386,0.2979482662905553,0.009629978009375038,0.688210061780966,0.2491277041518764,,,,0.3151,6302.0,0.83099437,0.88350785,0.9337163,0.88116115,0.6380452,0.7649697,0.726529,0.7598982,0.5085499882698059,0.7518431777954102,0.6638999581336975,0.7518431777954102,0.296,296.0,0.5677059714668552,0.6667775660060475,0.6559802411076708,0.3842351736648114,0.3335614349874379,0.41690941336592185,0.449297029128163,0.4586838946868436,0.4988763043040391,0.07556849311477014,0.09333322794540343,0.09799476170686358,0.07121085465535643,0.13885529170410382,0.09694574499159425,0.03689191071510797,0.03735270914193684,0.032138176467200665,0.67450005,0.57954544,0.6124031,0.7611842,0.9077236,0.6271654,0.49921262,0.6310606,0.510200023651123,0.6924579939842224,0.6968000531196594,0.6924579939842224,0.263,263.0,0.5096825946056858,0.583862695253916,0.5832793679623055,0.3404281664448742,0.2776473784313636,0.3724334560942389,0.3573185954666581,0.3629919997895873,0.39467420365855277,0.08430032513442075,0.08173170016288088,0.08186180502035045,0.10321838690634458,0.11899080320126382,0.104359044857538,0.08291537749330548,0.08372072115658685,0.07870088055271328,0.65967745,0.6914414,0.80912405,0.8209924,0.5902439,0.63640356,0.7085366,0.63905114,0.5093750059604645,0.7221505858898163,0.6803500056266785,0.7221505858898163,0.27949999999999997,279.5,0.5386942830362704,0.6253201306299818,0.6196298045349882,0.3623316700548428,0.30560440670940076,0.3946714347300804,0.40330781229741053,0.41083794723821543,0.4467752539812959,0.07993440912459544,0.08753246405414215,0.08992828336360702,0.0872146207808505,0.12892304745268382,0.10065239492456612,0.059903644104206726,0.060536715149261844,0.055419528509956975,0.66708875,0.6354934,0.7107636,0.79108834,0.74898374,0.63178444,0.6038746,0.6350559,2026-10-05T09:27:15.136034
75,0.7962019443511963,0.5023201704025269,0.421875661277771,0.8017873764038086,0.421875661277771,0.8074368369102478,0.88921549949646,2.036944616508484,0.08767725319266319,2.113982308769226,2.0,1.0,10.0,,,,,0.8662022080421448,0.8662022080421448,,,,16.68575335083008,0.35228791049901087,0.18916062502914174,,0.2101022257072151,0.43462227351346594,0.15355779285168952,0.0017648836320479679,0.057431968795076296,0.9146745417528092,,0.006985438537522913,,74.63001280377625,17.966582668814688,,102.83813554314291,74.63019887353205,24.218743378949014,95.21124578585291,44.15132362219938,16.685752613529278,,0.6931471824645996,,0.0967476270191229,0.21699474571616786,,0.16692487506350134,0.11142855075893889,0.3003130944291498,0.00967540496450131,0.6931894884747305,0.25141221863828644,,,,0.3143,6286.0,0.827506,0.8826822,0.92892236,0.88473535,0.64176404,0.75719196,0.7318955,0.76022404,0.49800005555152893,0.6077545409202576,0.709149956703186,0.6077545409202576,0.294,294.0,0.535595731422096,0.6344799797158999,0.6140422689705154,0.28563877346841043,0.332284792830743,0.3429068236249768,0.4019075710977785,0.4136618585994757,0.44276574615226005,0.03855202101127473,0.07195320273642436,0.057232340700322674,0.018573944263204422,0.07428921502224606,0.027228041838105205,0.010863791503152876,0.009993012013865205,0.013525338390226248,0.66300005,0.6018182,0.8426357,0.77500004,0.9097561,0.6594488,0.5114173,0.6784091,0.49970006942749023,0.5110585906505585,0.7561999559402466,0.5110585906505585,0.253,253.0,0.5325289045179676,0.599859835184739,0.6077939203506805,0.3604113575591129,0.2932317534338503,0.38218345610160265,0.4021907650311461,0.4027276758233822,0.43812572266665467,0.07372698934573303,0.07427982544383938,0.07253281199163283,0.09065064190659125,0.10376070697933933,0.0910131706436367,0.07095110528228225,0.07091313128927094,0.0667681400696003,0.7758065,0.81441444,0.8839416,0.82022905,0.60121953,0.7188597,0.7150407,0.7094891,0.4988500624895096,0.559406565785408,0.7326749563217163,0.559406565785408,0.27349999999999997,273.5,0.5340623179700319,0.6171699074503194,0.6109180946605979,0.32302506551376164,0.31275827313229665,0.36254513986328973,0.40204916806446234,0.40819476721142894,0.44044573440945733,0.056139505178503885,0.07311651409013187,0.06488257634597776,0.05461229308489784,0.08902496100079269,0.059120606240870954,0.040907448392717566,0.04045307165156808,0.04014673922991328,0.71940327,0.7081163,0.86328864,0.7976146,0.7554878,0.68915427,0.61322904,0.6939491,2026-10-05T09:31:34.401145
76,0.7938799262046814,0.500572144985199,0.4198374953269958,0.8017902374267578,0.4198374953269958,0.813095311832428,0.8955026993751526,2.0850039060592653,0.09158828845024108,2.1662295938491822,2.0,1.0,10.0,,,,,0.8721025378227234,0.8721025378227234,,,,16.671017660522462,0.3260503599218502,0.18478848913292975,,0.21032977891955407,0.4108365889947126,0.14861922867738517,0.001722907583721599,0.0560623873618378,0.8602706157857445,,0.006524420859978778,,74.59523831507202,17.943836807445358,,102.84015835318596,74.5959943054588,24.196889124098856,95.2105784811032,44.22223899015196,16.671005844310592,,0.6931471824645996,,0.09737908403584912,0.21809189961214734,,0.16788267102211143,0.11216861261114193,0.3025344441271132,0.009700930048563297,0.6979317091832495,0.2541955576580801,,,,0.30095,6019.0,0.8315357,0.8818969,0.9339342,0.8819511,0.6403427,0.76046467,0.7253341,0.75945014,0.49960005283355713,0.6210151200294495,0.706250011920929,0.6210151200294495,0.242,242.0,0.5743389494744062,0.6556601707654297,0.6480869985352737,0.33995518078909576,0.34451408057125577,0.3820440551798364,0.430790019552027,0.44331759361159934,0.47569583176540414,0.055826163907640954,0.07724996136046246,0.06367742868987177,0.05765893378116775,0.10918859849210948,0.058986898212364344,0.022919840997868902,0.02145066430984868,0.02071242288750307,0.669,0.59909093,0.8488372,0.762829,0.90731704,0.6488189,0.4980315,0.6875,0.493149995803833,0.5243925654888153,0.7510000467300415,0.5243925654888153,0.239,239.0,0.5305093875029449,0.6047649757260704,0.6115510877118954,0.33750793661970435,0.3030625798850526,0.3789091698874388,0.39604971606944006,0.40292933009983156,0.44195171978370046,0.07071877332569759,0.07516350540948637,0.07187993842021208,0.08417137252116341,0.10745091696337802,0.08815431795495614,0.06659740306190615,0.06699743265570961,0.06408067749905284,0.7685484,0.8067568,0.8828468,0.8187023,0.595935,0.7114035,0.7069106,0.7051095,0.49637502431869507,0.5727038427591324,0.7286250293254852,0.5727038427591324,0.2405,240.5,0.5524241684886755,0.63021257324575,0.6298190431235846,0.3387315587044001,0.3237883302281542,0.3804766125336376,0.41341986781073353,0.4231234618557155,0.4588237757745523,0.06327246861666927,0.07620673338497441,0.06777868355504192,0.07091515315116559,0.10831975772774374,0.07357060808366024,0.04475862202988752,0.044224048482779145,0.042396550193277954,0.7187742,0.7029239,0.865842,0.79076564,0.751626,0.68011117,0.60247105,0.69630474,2026-10-05T09:35:55.107051
77,0.7948347926139832,0.4997326135635376,0.41712493658065797,0.8032325506210327,0.41712493658065797,0.8146991509437561,0.897284743309021,2.105841124343872,0.08485394366979598,2.162492094230652,2.0,1.0,10.0,,,,,0.8731332486152649,0.8731332486152649,,,,16.654180432128907,0.4088972515551148,0.18635328880445973,,0.20236718872929835,0.4354664459350003,0.14825899469529746,0.0016748604411407594,0.05563908235235199,0.9073568407896977,,0.006523611407006266,,74.56052034220119,17.923525257475056,,102.84385501351326,74.56171611615807,24.174999941686156,95.21268433977843,44.28578919817688,16.654158112349783,,0.6931471824645996,,0.0980504093466291,0.21965093189364027,,0.16884653279735784,0.11290719004193689,0.3045931164246456,0.009784328454666457,0.7023717305462831,0.25637166856960125,,,,0.3055,6110.0,0.83065355,0.8875554,0.93347865,0.88408375,0.64569706,0.76369697,0.72405833,0.7570672,0.49514997005462646,0.6132160573005676,0.707349956035614,0.6132160573005676,0.264,264.0,0.552486982740622,0.6422651065048298,0.6274344988540873,0.352648997997884,0.3711523390797419,0.375309148002282,0.4358328984714534,0.45492627527457585,0.4679597819044,0.04848890788751421,0.06335341079768775,0.06443777089774778,0.05129899308731138,0.0877613811418379,0.066482382907919,0.01394572718422957,0.01042214536189339,0.01630552099957726,0.6735,0.5995455,0.85503876,0.76842105,0.9097561,0.6610237,0.47834647,0.6844697,0.49689993262290955,0.516895956993103,0.7527999877929688,0.516895956993103,0.241,241.0,0.5203729652017468,0.6058182932352829,0.5996661904749858,0.3452689404498856,0.3137211523779593,0.37806710703478846,0.38854798782698347,0.3853417278076771,0.4275310677984094,0.07736171983131525,0.0831096199388314,0.08225005336713574,0.09560224610495503,0.11952485457974552,0.10242616231235517,0.07302792190828183,0.07120822190933751,0.07139295400588036,0.76814514,0.818018,0.8635037,0.8179389,0.60406506,0.72280705,0.70731705,0.7124087,0.496024951338768,0.5650560071468353,0.7300749719142914,0.5650560071468353,0.2525,252.5,0.5364299739711844,0.6240416998700564,0.6135503446645365,0.3489589692238848,0.3424367457288506,0.3766881275185352,0.41219044314921843,0.42013400154112646,0.44774542485140467,0.06292531385941473,0.07323151536825957,0.07334391213244176,0.07345061959613321,0.10364311786079171,0.08445427261013708,0.0434868245462557,0.04081518363561545,0.04384923750272881,0.7208226,0.7087817,0.8592712,0.79318,0.75691056,0.6919154,0.59283173,0.69843924,2026-10-05T09:40:14.955903
78,0.797782301902771,0.5008454322814941,0.4162996927976608,0.8037148714065552,0.4162996927976608,0.8146781008720398,0.8972613508224487,2.0748105924606324,0.08794745969772338,2.2135068513870237,2.0,1.0,10.0,,,,,0.8749126287460327,0.8749126287460327,,,,16.634946795654297,0.37022395972992966,0.18060170263526545,,0.194612199760926,0.44609583230914585,0.14282490533723194,0.0016080442694413244,0.05370588318272761,0.8443702381507606,,0.0061308659259437515,,74.52611342509081,17.90104003468896,,102.84696367591809,74.52766190061143,24.15225891550635,95.21204084651485,44.35260068079469,16.634929632684987,,0.6931471824645996,,0.09861214558599861,0.22081352571013627,,0.16976718253390805,0.11366522464023274,0.30656904399774637,0.00985185914097508,0.7069445548543505,0.25832524421108755,,,,0.29555,5911.0,0.8322975,0.8896295,0.9318939,0.88805294,0.64080995,0.765899,0.7238153,0.75790226,0.501800000667572,0.6045450868606568,0.7111499905586243,0.6045450868606568,0.259,259.0,0.5398284034660821,0.6190787944881586,0.6055363953012912,0.3246594017505524,0.367176410255125,0.3643465630918762,0.36922408097541726,0.3861346608522817,0.4131506198776937,0.06555562997177154,0.07942711978209863,0.07174574603685753,0.08696727097906197,0.1400957045199392,0.09143110634393596,0.03691066298101989,0.029666179663677177,0.03205072507517939,0.669,0.59909093,0.86007756,0.7671053,0.9089431,0.6629922,0.5074803,0.6844697,0.5078999400138855,0.5112046842575073,0.7529500126838684,0.5112046842575073,0.231,231.0,0.5034000356481468,0.5780805646314362,0.5749288628527773,0.3004903229623082,0.2896496160953057,0.3469690185098898,0.34350619485442424,0.35765435949855334,0.3849759168662729,0.07988309473956384,0.0795026912853248,0.08108116857992931,0.09880832053447679,0.11872839090856602,0.10530603831236661,0.07566848662722486,0.07300126707201793,0.07673918145162804,0.77379036,0.8153153,0.8813869,0.81412214,0.595935,0.7197369,0.70609754,0.7072993,0.5048499703407288,0.557874885559082,0.7320500016212463,0.557874885559082,0.245,245.0,0.5216142195571145,0.5985796795597974,0.5902326290770343,0.3125748623564303,0.3284130131752153,0.355657790800883,0.35636513791492075,0.3718945101754175,0.3990632683719833,0.0727193623556677,0.07946490553371172,0.07641345730839341,0.09288779575676938,0.1294120477142526,0.09836857232815129,0.056289574804122375,0.051333723367847556,0.05439495326340372,0.7213952,0.70720315,0.8707322,0.7906137,0.752439,0.6913645,0.60678893,0.69588447,2026-10-05T09:44:35.835106
79,0.7867428660392761,0.5002073049545288,0.41246084477901457,0.8053023219108582,0.41246084477901457,0.8166710324287415,0.8994757167816162,2.093574822807312,0.09880741962194443,2.209986546897888,2.0,1.0,10.0,,,,,0.8781267024040222,0.8781267024040222,,,,16.618683966064452,0.3108679392392848,0.1774705358525845,,0.19124682507459906,0.41368761706124446,0.1530296484328759,0.0016334160749361536,0.054695160264612006,0.9456407239862309,,0.006336846389247188,,74.49133315359711,17.880735081472213,,102.84754258659994,74.49313855019345,24.129562426524558,95.21502855628918,44.39909396809377,16.618676118789963,,0.6931471824645996,,0.0992276273240709,0.22257603154440594,,0.1706226584827824,0.11437229427752221,0.3085157368213508,0.009954556609225122,0.7107299892765702,0.2606742552890899,,,,0.2885,5770.0,0.83498394,0.8853605,0.92995244,0.8883492,0.6441589,0.7728687,0.72551644,0.7618737,0.49765002727508545,0.765116102695465,0.6622499227523804,0.765116102695465,0.26,260.0,0.5787214878933953,0.6501724532470624,0.6480904137017758,0.3761593004082811,0.35356612916449004,0.4031744529679195,0.43654209395221477,0.45860839288264094,0.47298889766153956,0.07265082706067598,0.08264423647118763,0.06904656592876808,0.08924790843393114,0.15472188979534385,0.0736475921913421,0.0715310585141351,0.06298394251109876,0.06220364890880189,0.6825,0.57863635,0.6124031,0.7654605,0.9069106,0.6251969,0.47913387,0.6303031,0.501750111579895,0.686591860294342,0.701499879360199,0.686591860294342,0.237,237.0,0.540350491906752,0.6058566721125455,0.6154125037523979,0.3498772516377625,0.28395438568122683,0.3921315055303897,0.4067634556249861,0.4052321653781284,0.4427886554012766,0.07539440701831444,0.08019736530802263,0.07959173706889276,0.09327929713792982,0.10881545442279333,0.09493679329843417,0.07927532087120083,0.08139985677063637,0.0803329286990604,0.6669355,0.70450455,0.8193431,0.8229008,0.6,0.6381579,0.7028456,0.63905114,0.49970006942749023,0.7258539814949035,0.6818749010562897,0.7258539814949035,0.2485,248.5,0.5595359899000736,0.6280145626798039,0.6317514587270868,0.36301827602302184,0.3187602574228584,0.3976529792491546,0.4216527747886004,0.43192027913038467,0.4578887765314081,0.07402261703949521,0.08142080088960513,0.07431915149883042,0.09126360278593049,0.1317686721090686,0.08429219274488814,0.07540318969266796,0.07219189964086756,0.07126828880393114,0.6747178,0.64157045,0.7158731,0.79418063,0.7534553,0.6316774,0.5909897,0.6346771,2026-10-05T09:48:56.438666
80,0.7857300043106079,0.4979500472545624,0.41116020085811616,0.8058200478553772,0.41116020085811616,0.8150105833053589,0.8976307777404785,2.093872502708435,0.09536761891245842,2.12427825756073,2.0,1.0,10.0,,,,,0.8759197434425354,0.8759197434425354,,,,16.600679959106444,0.2931642092432186,0.1750803213258078,,0.19364368246429287,0.4239720714509867,0.1408220745955303,0.0015932907117530704,0.053444179356288,0.8740025675220854,,0.006515573176694737,,74.45594291929986,17.856307388111283,,102.8500176690946,74.45859663653526,24.107226159162582,95.21071517847146,44.4611915539784,16.600670784142366,,0.6931471824645996,,0.09973297961008777,0.2233746089753072,,0.17148223139677837,0.11502664934867507,0.31052028316601066,0.009993603518292022,0.7151518999391301,0.2626897950840604,,,,0.30115,6023.0,0.84009624,0.88719285,0.9329239,0.8844589,0.63913554,0.77060604,0.72729856,0.7657434,0.48955005407333374,0.6112322001457214,0.7076998949050903,0.6112322001457214,0.27,270.0,0.5777257997521392,0.6645600215693743,0.6461612998725939,0.3866843233123733,0.33903273909262915,0.40813279100026345,0.46126171777271935,0.46504090156245553,0.4934835262694874,0.06294673080075774,0.09121275668271879,0.07687352129367149,0.07590570838022316,0.1516967781077733,0.09245379913951865,0.03681431847421165,0.037009516775722465,0.04155763321822126,0.6625,0.57954544,0.8372093,0.7717106,0.9077236,0.6622047,0.5204724,0.68598485,0.505549967288971,0.5112159671783447,0.7538500428199768,0.5112159671783447,0.256,256.0,0.5016684054766429,0.5953997299942806,0.5913896950694854,0.3202520086340574,0.2926980029862495,0.37544015597568536,0.3735428911410097,0.37620145013700146,0.42345769729391763,0.07800732262836318,0.08208143374236104,0.08221768419483332,0.08738017662881349,0.10625386911483406,0.09469266833039444,0.07518309331028365,0.07501930159911763,0.0706625466493962,0.77379036,0.8153153,0.8839416,0.8179389,0.5857724,0.7188597,0.70975614,0.7142336,0.49755001068115234,0.561224083662033,0.7307749688625336,0.561224083662033,0.263,263.0,0.5396971026143911,0.6299798757818275,0.6187754974710395,0.35346816597321534,0.31586537103943935,0.3917864734879744,0.41740230445686455,0.42062117584972847,0.4584706117817025,0.07047702671456046,0.08664709521253991,0.0795456027442524,0.08164294250451833,0.12897532361130368,0.09357323373495655,0.05599870589224765,0.056014409187420046,0.05611008993380873,0.7181452,0.6974304,0.86057544,0.7948247,0.746748,0.6905322,0.6151143,0.70010924,2026-10-05T09:53:16.530589
81,0.8004652261734009,0.5025498867034912,0.41214040145874026,0.8051075339317322,0.41214040145874026,0.8163327932357788,0.8990999028205872,2.1204034887313843,0.08410411960482597,2.1566500339508057,2.0,1.0,10.0,,,,,0.8860980160713195,0.8860980160713195,,,,16.58649196472168,0.3405974334592273,0.18522894078758873,,0.20096633749403012,0.4155015306677788,0.14164808577602836,0.0015806590746732273,0.05311798255677056,0.8681247312172203,,0.005806781157478987,,74.42117513668765,17.835142852394444,,102.85115303962853,74.42415249575475,24.085990225433545,95.20654559287296,44.51329152295544,16.58647707313489,,0.6931471824645996,,0.10031132086826737,0.2246900391616639,,0.17239939359722622,0.11566597199553896,0.3126309367881459,0.010017599886769701,0.719093911587053,0.2653524915503848,,,,0.29985,5997.0,0.83728945,0.88952875,0.9303883,0.8813389,0.6405958,0.76369697,0.7330498,0.76590633,0.5037000179290771,0.6145960600376129,0.7061499357223511,0.6145960600376129,0.296,296.0,0.6131207670372194,0.6668985563902804,0.6689119288966235,0.40913144196425016,0.3376437306637421,0.44102970008758363,0.47712219009390655,0.48042898719783533,0.4903360928259658,0.06511136707801721,0.07648610695358417,0.07924577521829645,0.08418928175154826,0.13197417870363387,0.0868155198710107,0.03943188878210046,0.03539447769475768,0.050105660335134375,0.67700005,0.5772727,0.8562016,0.76907897,0.90365857,0.6586614,0.4877953,0.6882576,0.4907500743865967,0.5085399613380432,0.7540000677108765,0.5085399613380432,0.268,268.0,0.5359039865124053,0.607272710590474,0.6071134554339456,0.3718415079387041,0.2864701818353924,0.3857787262270977,0.4009737073384141,0.4033348290923284,0.4290041654120179,0.08161380274990042,0.08312556266758421,0.08110173949729804,0.10086328089496721,0.12399043586566184,0.1020098988876124,0.08729428432833058,0.0870328132360258,0.08372950208369868,0.77661294,0.818018,0.8810219,0.82137406,0.58943087,0.72105265,0.7065041,0.7080292,0.4972250461578369,0.561568010687828,0.7300750017166138,0.561568010687828,0.28200000000000003,282.0,0.5745123767748124,0.6370856334903772,0.6380126921652846,0.39048647495147715,0.31205695624956725,0.41340421315734066,0.4390479487161603,0.4418819081450819,0.45967012911899185,0.0733625849139588,0.07980583481058419,0.08017375735779725,0.09252628132325774,0.12798230728464785,0.09441270937931155,0.06336308655521553,0.061213645465391736,0.06691758120941653,0.7268065,0.69764537,0.86861175,0.7952265,0.7465447,0.689857,0.5971497,0.69814336,2026-10-05T09:57:36.600387
82,0.7861623764038086,0.5007076859474182,0.41376772482395174,0.8047148585319519,0.41376772482395174,0.8107094527244568,0.8928517427444458,2.0770896659851075,0.08041145115494729,2.130766354179382,2.0,1.0,10.0,,,,,0.8808329504013062,0.8808329504013062,,,,16.570942736816406,0.35055960776509754,0.17570073926334928,,0.20034101031198623,0.4014735238946927,0.1429039857996877,0.0016609389345298054,0.05507552847978036,0.8131485926877161,,0.005811808367221243,,74.38667418850456,17.812459034524906,,102.85179021555906,74.38979538838575,24.064333763851483,95.20934839916836,44.578040469224284,16.570932959295384,,0.6931471824645996,,0.10092162905604976,0.22573557837753538,,0.17320260358084538,0.11636505959330092,0.3146798792918017,0.010139214456271214,0.7234801027425535,0.2677124357147581,,,,0.30975,6195.0,0.83919406,0.88640755,0.9338352,0.8825632,0.6437695,0.7668889,0.7259012,0.759776,0.5124000310897827,0.6090574431419372,0.708099901676178,0.6090574431419372,0.331,331.0,0.5455564839490957,0.6053733697205447,0.6118702427417396,0.34965931050233595,0.3211260932737951,0.3653599070207554,0.4058425174145324,0.4063145935118608,0.4278326157061433,0.059893130809859876,0.08327643157136659,0.07371237317601292,0.06345946962494635,0.10274510045636186,0.07366224205388859,0.03501028732057521,0.02739310025843517,0.028278241866678967,0.6735,0.6045455,0.85271317,0.7700658,0.9069106,0.66456693,0.4858268,0.6784091,0.5144000053405762,0.5055700261592865,0.7546001076698303,0.5055700261592865,0.269,269.0,0.5104159627134666,0.6027516764596451,0.5969216577202888,0.3255332281443661,0.30923310520530184,0.38405705165703297,0.37804794058100016,0.38211038097089867,0.42163675008478374,0.08204193282764535,0.08718182364743013,0.08622270568098389,0.09780085897491322,0.11860820579250562,0.10517136221871008,0.08030425493760456,0.0820518910303084,0.08025632319758902,0.7778226,0.8157658,0.8839416,0.82022905,0.59065044,0.72587717,0.7044715,0.7080292,0.5134000182151794,0.5573137346506118,0.7313500046730042,0.5573137346506118,0.30000000000000004,300.0,0.5279862233312811,0.6040625230900949,0.6043959502310142,0.337596269323351,0.31517959923954847,0.3747084793388942,0.3919452289977663,0.3942124872413797,0.4247346828954635,0.07096753181875262,0.08522912760939835,0.07996753942849841,0.08063016429992978,0.11067665312443374,0.08941680213629934,0.05765727112908989,0.05472249564437178,0.05426728253213399,0.7256613,0.7101556,0.8683274,0.7951474,0.7487805,0.695222,0.59514916,0.6932192,2026-10-05T10:01:56.961453
83,0.7898576855659485,0.5021975636482239,0.40903973803520205,0.8068545460700989,0.40903973803520205,0.8099029359817504,0.8919556129455566,2.063794228363037,0.08014306877851486,2.0629624670028686,2.0,1.0,10.0,,,,,0.8830526339530945,0.8830526339530945,,,,16.5587729888916,0.3090041122713666,0.1808225122891414,,0.20450484444191502,0.4029853188308181,0.14565599239935542,0.0016389417926970704,0.05464059457325252,0.9132462818721298,,0.006149264838869808,,74.35235989321569,17.790247534490696,,102.85330676425035,74.35558299653849,24.04312923455694,95.211606554165,44.646166078603954,16.55875493918255,,0.6931471824645996,,0.10153532393608883,0.22686389819451958,,0.17406551634809772,0.1170282492971724,0.31670263846209096,0.010290824333621058,0.7279619817521162,0.2704761381361895,,,,0.3131,6262.0,0.8425622,0.89210635,0.9312401,0.88538706,0.63897973,0.77151513,0.7249291,0.7691039,0.4901500344276428,0.6053441290855408,0.7092000842094421,0.6053441290855408,0.293,293.0,0.5529104748551656,0.6436547862016987,0.6315176324698696,0.3482699136523729,0.3882036600358484,0.37554432082572875,0.37569339169404253,0.39083941343758427,0.404994551731441,0.07050560097156865,0.08026978285495492,0.0790191363774426,0.09245451239036982,0.10911270711756382,0.09774054043273592,0.044325383531544665,0.0354151144312367,0.0420481378025949,0.669,0.6054545,0.8422481,0.7756579,0.9089431,0.6653543,0.4877953,0.68863636,0.5017499923706055,0.509894630908966,0.7545499801635742,0.509894630908966,0.262,262.0,0.546211244177735,0.6247280075009,0.6253149526254924,0.3588928403385992,0.29617153867296975,0.3872570622714594,0.4024182931702386,0.4080286132865652,0.4433663283453036,0.07483819447293497,0.0806831384769283,0.07832145829923219,0.09277241972405699,0.11344756761047631,0.09872699089218262,0.07388266088515834,0.07383346821039267,0.07356813509228341,0.7584678,0.8225225,0.8791971,0.82519084,0.5995935,0.72105265,0.70975614,0.71094894,0.49595001339912415,0.5576193799972534,0.7318750321865082,0.5576193799972534,0.27749999999999997,277.5,0.5495608595164503,0.6341913968512993,0.628416292547681,0.3535813769954861,0.34218759935440907,0.3814006915485941,0.38905584243214053,0.39943401336207474,0.4241804400383723,0.0726718977222518,0.08047646066594161,0.07867029733833739,0.0926134660572134,0.11128013736402007,0.09823376566245927,0.0591040222083515,0.054624291320814686,0.05780813644743915,0.7137339,0.71398854,0.8607226,0.80042434,0.7542683,0.69320345,0.59877574,0.6997926,2026-10-05T10:06:18.362654
84,0.791057288646698,0.5029550790786743,0.4134158073425293,0.8046401143074036,0.4134158073425293,0.8130737668991089,0.8954787591934205,2.0885789155960084,0.09816290544867516,2.136262313270569,2.0,1.0,10.0,,,,,0.887452304649353,0.887452304649353,,,,16.544802270507812,0.3304593940829016,0.1959393754316743,,0.20824268669079823,0.4146590742525781,0.1410243906033267,0.0016191511475748032,0.05446521396849566,0.861886600590056,,0.0058764403728192825,,74.31852761043865,17.76845272331481,,102.85683188468788,74.32143888048306,24.02285389991323,95.20971621373657,44.71452508914243,16.54477769402182,,0.6931471824645996,,0.10213529944989332,0.2280966721142933,,0.17507768018989806,0.11768867246284606,0.31874987483024597,0.010331567643791627,0.7324602285008521,0.27303625728673997,,,,0.30395,6079.0,0.83277863,0.88973016,0.9337758,0.88359004,0.6417251,0.76626265,0.7268935,0.76309574,0.489749938249588,0.6007077946662903,0.7108500003814697,0.6007077946662903,0.252,252.0,0.5810193000200262,0.6524939691864249,0.6339207875805722,0.37829620363308575,0.3482258381479854,0.39714940144788374,0.4600038342124886,0.4817271238823332,0.49778216561952654,0.07932409031449326,0.10177020385615408,0.0860438916311933,0.09242028995390457,0.16153720281166042,0.1014221015650523,0.048187003455478,0.03778248513031857,0.03243369796943277,0.6675,0.6059091,0.8624031,0.7654605,0.9085366,0.67007875,0.49724412,0.6806818,0.5031999349594116,0.5137730450630188,0.7536001801490784,0.5137730450630188,0.247,247.0,0.5098621350643464,0.5741165091352064,0.5845935754611672,0.3175430319939243,0.284583015776044,0.3704898429991576,0.3835344110950007,0.3869257531116372,0.43289787844367467,0.08220771103012406,0.08049568385295641,0.08284915137560732,0.10368663612402605,0.11083424073094393,0.10447158319751584,0.07342282166132989,0.07106064233599096,0.06980954843772941,0.7689516,0.81396395,0.8839416,0.81832063,0.5947155,0.71710527,0.703252,0.71678835,0.4964749366044998,0.5572404198646546,0.732225090265274,0.5572404198646546,0.2495,249.5,0.5454407175421863,0.6133052391608156,0.6092571815208697,0.347919617813505,0.3164044269620147,0.3838196222235207,0.42176912265374467,0.43432643849698516,0.46534002203160063,0.08076590067230865,0.09113294385455525,0.08444652150340032,0.09805346303896531,0.13618572177130217,0.10294684238128407,0.06080491255840395,0.054421563733154765,0.05112162320358109,0.71822584,0.7099365,0.87317234,0.79189056,0.751626,0.693592,0.6002481,0.6987351,2026-10-05T10:10:39.128197
85,0.7874945998191833,0.49904218316078186,0.4117191259860992,0.8056824803352356,0.4117191259860992,0.8142135246276856,0.8967451596260071,2.108310143280029,0.09120195420384407,2.1902038803100585,2.0,1.0,10.0,,,,,0.8938023375511169,0.8938023375511169,,,,16.528424322509764,0.31305707836891433,0.18159894759108305,,0.19435510452196098,0.4202095846271819,0.14963933920404712,0.0016551438313434316,0.05487052837659599,0.9305533372862324,,0.006320171160319417,,74.28439792705949,17.74510680034662,,102.8577141731408,74.28740692138672,24.00307409930381,95.20602548198336,44.78179078800663,16.528420490823734,,0.6931471824645996,,0.10277849658849134,0.22918077800304268,,0.17596972434763697,0.1183652903433818,0.32107313271540744,0.010434581803240974,0.7368682622909546,0.27531539862322957,,,,0.30585,6117.0,0.839154,0.88904554,0.9368067,0.88149685,0.64351636,0.76535356,0.7232078,0.7675968,0.49330005049705505,0.6000532965660095,0.7136999368667603,0.6000532965660095,0.276,276.0,0.551752839768417,0.6133410945700436,0.6119969573960666,0.36677320776227285,0.31955040530249945,0.38866150431890595,0.4523452772885332,0.459888208850977,0.4842122361569152,0.05584931772200406,0.0667282585403005,0.06597846556118278,0.054835269478510355,0.10175867612046627,0.06967240708315676,0.025807611824802887,0.01908202952617999,0.022674242045463366,0.7,0.6018182,0.84573644,0.77532893,0.9085366,0.67913383,0.4838583,0.6901515,0.49275001883506775,0.5116832203865052,0.75475013256073,0.5116832203865052,0.227,227.0,0.5237619632748325,0.5989974394348492,0.6044838830862984,0.3431031939706328,0.3035059747559955,0.37890974861297694,0.38821486950060846,0.39540845115437306,0.4261013642211166,0.08602493730484183,0.08311434662923062,0.09138872423158442,0.0996436847958306,0.10988576375904682,0.1113942315196844,0.08290531548618545,0.07968548253394281,0.08449148922231073,0.7745968,0.8103604,0.8828468,0.8236641,0.5886179,0.7223684,0.702439,0.7208029,0.4930250346660614,0.5558682584762573,0.7342250347137451,0.5558682584762573,0.2515,251.5,0.5377574015216248,0.6061692670024463,0.6082404202411825,0.35493820086645284,0.3115281900292475,0.38378562646594144,0.42028007339457085,0.427648330002675,0.45515680018901594,0.07093712751342295,0.07492130258476556,0.0786835948963836,0.07723947713717048,0.10582221993975655,0.09053331930142058,0.05435646365549417,0.0493837560300614,0.05358286563388705,0.73729837,0.70608926,0.8642916,0.79949653,0.74857724,0.7007511,0.59314865,0.70547724,2026-10-05T10:15:00.907026
86,0.7965846657752991,0.5021049380302429,0.4078566288709641,0.8070248365402222,0.4078566288709641,0.8130636052131652,0.8954674689292907,2.095875098991394,0.09828321223258972,2.1305399494171144,2.0,1.0,10.0,,,,,0.8887986609458923,0.8887986609458923,,,,16.5153140625,0.2811254210248115,0.19867040546741455,,0.21597986981557432,0.40745330283975906,0.14082645060150487,0.0016228717727331551,0.05477246252974127,0.8399375090553503,,0.006181916918614464,,74.25018247373545,17.72444631491497,,102.86220715759666,74.25342054427809,23.98237933019164,95.20597883090852,44.84459999716206,16.5153047841066,,0.6931471824645996,,0.10339651650683895,0.2305088516823046,,0.17696383851728623,0.11906316781499583,0.32304561536782866,0.010513067209891452,0.7410666836295158,0.27788641517329365,,,,0.30915,6183.0,0.842923,0.8923278,0.93413234,0.88661134,0.65000004,0.7687071,0.7192386,0.7626884,0.502299964427948,0.6102836565971375,0.7107500433921814,0.6102836565971375,0.264,264.0,0.5316996472432325,0.6216231153865108,0.5979342929345044,0.32908179645225394,0.3393897693714499,0.35352507215213663,0.4107297634057572,0.43056257801336545,0.4421155356023527,0.0487951442005248,0.0736237456678185,0.07048663885063307,0.05591493580819523,0.1008121622640602,0.07446866026544786,0.024878114595175072,0.018772421407173303,0.03203228657907526,0.702,0.5963636,0.8472868,0.7746711,0.9065041,0.66417325,0.47992125,0.6901515,0.49754998087882996,0.5076035242080689,0.7552999258041382,0.5076035242080689,0.239,239.0,0.5277505549478626,0.6085058819600672,0.6072365672541058,0.34825630201288393,0.3088984397256339,0.3738101080515405,0.4006677494061427,0.4105423151546798,0.4370085168210089,0.08345628845287996,0.08286367262925101,0.08380374826600236,0.09802085932308245,0.10701445362040407,0.10059457097800993,0.08408562440694203,0.08325406376893695,0.08342033294628837,0.78709674,0.82297295,0.8832117,0.8179389,0.59186995,0.7241228,0.69512194,0.7105839,0.499924972653389,0.5589435904026032,0.7330249845981598,0.5589435904026032,0.2515,251.5,0.5297251010955475,0.6150644986732889,0.6025854300943051,0.3386690492325689,0.3241441045485419,0.3636675901018386,0.40569875640594993,0.42055244658402263,0.43956202621168083,0.06612571632670237,0.07824370914853476,0.07714519355831771,0.07696789756563885,0.10391330794223214,0.0875316156217289,0.05448186950105855,0.051013242588055126,0.05772630976268181,0.7445484,0.7096683,0.8652493,0.796305,0.749187,0.69414806,0.5875216,0.7003677,2026-10-05T10:19:21.388220
87,0.7794150114059448,0.5020395517349243,0.40562495069503784,0.8092849850654602,0.40562495069503784,0.8154145869255066,0.8980796698570251,2.1257168975830076,0.09547637884020806,2.1569400569915773,2.0,1.0,10.0,,,,,0.8922496952056885,0.8922496952056885,,,,16.49823268737793,0.290844246460374,0.18268192708966838,,0.20078360697456227,0.42790854831410063,0.14630180801365786,0.0016083169578734761,0.05441787848427038,0.9009080183733801,,0.005997792934809046,,74.21547013786947,17.703239841825642,,102.86390268119277,74.219517458776,23.961153917251877,95.2051827497543,44.90296007873146,16.49822927584314,,0.6931471824645996,,0.10396199735106935,0.23177169937237052,,0.17774671477497003,0.11973635088296453,0.32513989289854744,0.010538404291365176,0.7450750306913048,0.2798701629137537,,,,0.30115,6023.0,0.84725344,0.8902537,0.93746036,0.8869075,0.64273757,0.77387875,0.72972864,0.7669043,0.4983000159263611,0.6036203184127807,0.7103999853134155,0.6036203184127807,0.267,267.0,0.5473832469790798,0.6189339171778592,0.6018910651841183,0.3033007647057461,0.3613759094967092,0.351018015365187,0.3764699054570255,0.4151221414044077,0.4088206100538841,0.050907035758192394,0.07410850022583017,0.07002714882451085,0.07143140098801513,0.1125287987572869,0.09688280264198332,0.019260115782311432,0.018975333580535624,0.022384269479280617,0.6825,0.6231818,0.84573644,0.7717106,0.90813005,0.6594488,0.4846457,0.6833334,0.4974999725818634,0.5063245844841003,0.756100058555603,0.5063245844841003,0.244,244.0,0.5048930237766696,0.5982561145895162,0.5891766006186638,0.3363037781216522,0.3224857648509007,0.3727361671874297,0.3565672952797386,0.36259927695672656,0.4060554013993181,0.07966207410830273,0.0838067521061595,0.08089496862191417,0.09119776892752,0.11635047063164905,0.09726962755001155,0.07076454436629784,0.07165995092093472,0.06457220364950879,0.78104836,0.81396395,0.8835767,0.81832063,0.5987805,0.72280705,0.7069106,0.71277374,0.49789999425411224,0.5549724514484405,0.7332500219345093,0.5549724514484405,0.2555,255.5,0.5261381353778747,0.6085950158836877,0.5955338329013911,0.3198022714136991,0.34193083717380496,0.36187709127630835,0.3665186003683821,0.38886070918056714,0.4074380057266011,0.06528455493324756,0.07895762616599483,0.07546105872321252,0.08131458495776757,0.11443963469446797,0.09707621509599743,0.045012330074304635,0.045317642250735174,0.0434782365643947,0.7317742,0.71857285,0.86465657,0.7950156,0.7534553,0.6911279,0.59577817,0.6980536,2026-10-05T10:23:41.857511
88,0.8029399514198303,0.4995277225971222,0.4088473069667816,0.8063278794288635,0.4088473069667816,0.8150297163009643,0.8976520366668701,2.0993491399765016,0.09261629702448845,2.186373068237305,2.0,1.0,10.0,,,,,0.8988401787757874,0.8988401787757874,,,,16.480692279052736,0.3437015917745365,0.19173121537752214,,0.2149869728904621,0.409154155261957,0.14238122648968818,0.001628294135562506,0.0540414327387787,0.8631951818420629,,0.006173398374627303,,74.18161997218041,17.6810475124675,,102.86736156682299,74.1859047762148,23.942099625897256,95.20559595193073,44.957828521728516,16.48068206932894,,0.6931471824645996,,0.10462249601912346,0.23279750176296113,,0.178626088484837,0.12041447729251947,0.3273910135979865,0.010579671378538108,0.7490068655105153,0.2818064710516838,,,,0.3056,6112.0,0.84466726,0.88991135,0.93288434,0.8869075,0.64137465,0.7705657,0.7229243,0.7620978,0.5032000541687012,0.6007409424781799,0.7164000272750854,0.6007409424781799,0.296,296.0,0.5548387726785309,0.6537943414387204,0.6411796696968712,0.32958702949217544,0.31794520911757346,0.37370837108234833,0.4527177103503993,0.4728383254328009,0.506861117767726,0.08011129026079944,0.09171450501839526,0.09693994765284529,0.07344934748405832,0.13285978093520556,0.10280782992216254,0.03865475229378598,0.03267513005580989,0.033913748393495764,0.6885,0.59818184,0.85968995,0.7694079,0.90934956,0.67637795,0.4968504,0.7049243,0.5008499622344971,0.5069360239505768,0.7565500736236572,0.5069360239505768,0.238,238.0,0.5232127353820918,0.6032500581213692,0.6016061931926875,0.33687233988765464,0.3100659813323115,0.3785241889418873,0.38823330286976165,0.396190830528127,0.4286503394686197,0.0760065615515421,0.0769720336308957,0.07847740786913741,0.09636741292129354,0.11867424747986384,0.10107079475347641,0.07124081581077135,0.07374481281032093,0.06735520617192219,0.77298385,0.8243243,0.8854015,0.81984735,0.5886179,0.7188597,0.7077236,0.7233577,0.5020250082015991,0.5538384832143783,0.7364750504493713,0.5538384832143783,0.267,267.0,0.5390257540303114,0.6285221997800448,0.6213929314447794,0.33322968468991504,0.3140055952249425,0.37611628001211783,0.4204755066100805,0.43451457798046395,0.46775572861817283,0.07805892590617078,0.08434326932464548,0.08770867776099135,0.08490838020267594,0.1257670142075347,0.10193931233781947,0.05494778405227867,0.05320997143306541,0.05063447728270898,0.7307419,0.71125305,0.8725457,0.79462767,0.74898374,0.69761884,0.602287,0.714141,2026-10-05T10:28:02.131962
89,0.7968927621841431,0.5007978081703186,0.40951446557044985,0.8058727383613586,0.40951446557044985,0.8143813773155213,0.8969316625595093,2.102244376564026,0.08758165808916092,2.1532654567718508,2.0,1.0,10.0,,,,,0.9014986185073852,0.9014986185073852,,,,16.468164141845705,0.342969545323378,0.18098621264954282,,0.20932155524849133,0.4260570616668956,0.1385759893496325,0.0015501223328808073,0.052560976510689514,0.8243176646672996,,0.0060884347624830595,,74.14792764262789,17.659590642163707,,102.8715727496299,74.15203109060883,23.92094397089284,95.20519946638946,45.0178141016869,16.468144301396265,,0.6931471824645996,,0.10525225947616966,0.23364229585714402,,0.17955479282102768,0.12109940399409859,0.3293503868352076,0.010660218668116886,0.753075680155663,0.28427122884495243,,,,0.30575,6115.0,0.84212106,0.89186466,0.9347068,0.8830568,0.639486,0.76935357,0.7232483,0.7639715,0.4952000379562378,0.6007023575305939,0.7118000388145447,0.6007023575305939,0.265,265.0,0.5577502735415454,0.6245552892791515,0.6098228279981737,0.3429231711334618,0.3920251516438582,0.38617042187154516,0.36475424806125334,0.38573952903339737,0.39404655216191403,0.08046808408123515,0.08974814646322483,0.08626479036992908,0.1048276163564983,0.137820987654442,0.11211690368581344,0.05016914470142453,0.04728004555132697,0.0553414193336236,0.6955,0.5959091,0.855814,0.77105266,0.9077236,0.6602362,0.5035433,0.6791667,0.4963000416755676,0.5087063398361206,0.7531499862670898,0.5087063398361206,0.246,246.0,0.5145637743944008,0.5961240082628592,0.5966243749224386,0.33844965192259474,0.31307049895792527,0.383551113397725,0.37039193460395176,0.3737185056354283,0.4113294639326114,0.07707559057476235,0.07552936468350357,0.08127168229993444,0.09368074185035162,0.1093290727933592,0.10320670128908079,0.07636468416075554,0.07775370891504793,0.08376013636697374,0.7794355,0.818018,0.8810219,0.8122138,0.5934959,0.72105265,0.70081306,0.7094891,0.4957500398159027,0.5547043486833572,0.7324750125408173,0.5547043486833572,0.2555,255.5,0.5361570239679732,0.6103396487710053,0.6032236014603061,0.34068641152802825,0.35254782530089174,0.38486076763463506,0.3675730913326025,0.37972901733441283,0.4026880080472627,0.07877183732799875,0.0826387555733642,0.08376823633493176,0.09925417910342496,0.1235750302239006,0.10766180248744711,0.06326691443109003,0.06251687723318745,0.06955077785029867,0.73746777,0.70696354,0.868418,0.79163325,0.75060976,0.6906444,0.6021782,0.6943279,2026-10-05T10:32:21.927425
90,0.7945722937583923,0.5019527077674866,0.40900889489650727,0.8062124848365784,0.40900889489650727,0.8145314052581787,0.8970983591079712,2.1027368761062624,0.09009219042062759,2.121876723098755,2.0,1.0,10.0,,,,,0.8989093863487244,0.8989093863487244,,,,16.453445962524412,0.36326875276626297,0.21906474716724103,,0.2321557789851146,0.40743967776845214,0.14001779566714717,0.0016077969519489677,0.053527877719444075,0.8449879567714254,,0.006434521766136264,,74.1140592538627,17.638038319387253,,102.87749758191929,74.11824283478366,23.900351238858168,95.2040529190355,45.08478655481035,16.453429787022294,,0.6931471824645996,,0.10589479977727696,0.23470117208684327,,0.18048968170858493,0.12177056700560697,0.3313548659822743,0.010761509507087765,0.7574037188177656,0.2866036212368376,,,,0.30505,6101.0,0.84442663,0.8888844,0.9325079,0.8853081,0.63783103,0.76810104,0.72914135,0.76441956,0.5071499943733215,0.6253909530639649,0.7076501250267029,0.6253909530639649,0.275,275.0,0.5723343048920572,0.6398522737433071,0.6347485684741367,0.3694467317790827,0.3784739079547693,0.40744729952899716,0.42245832694790186,0.4456132932887088,0.46383031133757463,0.07982980193157568,0.09120848738113155,0.08818725394470045,0.09046900501561715,0.12407705462264719,0.10698916735792413,0.05767040482938125,0.05456294790140575,0.05832823005576696,0.685,0.605,0.83449614,0.76611847,0.90934956,0.65196854,0.5035433,0.6810606,0.5021499991416931,0.5208278815746308,0.7551500201225281,0.5208278815746308,0.221,221.0,0.5119518406355157,0.5788122292417289,0.5884831152551905,0.31839589633091225,0.2940771798680855,0.3710204129862576,0.3710210602035451,0.3732069026713761,0.41589073121600884,0.07919930578972023,0.08139963512757444,0.08412453615038262,0.09419732966628955,0.11575448774836404,0.10524757589731855,0.07716950099337175,0.07779492599606805,0.07744194738303879,0.775,0.8198198,0.8821168,0.82022905,0.59308946,0.7118421,0.7048781,0.7222628,0.5046499967575073,0.5731094173192979,0.7314000725746155,0.5731094173192979,0.248,248.0,0.5421430727637864,0.609332251492518,0.6116158418646636,0.3439213140549975,0.33627554391142744,0.3892338562576274,0.3967396935757235,0.40941009798004246,0.43986052127679176,0.07951455386064796,0.086304061254353,0.08615589504754154,0.09233316734095334,0.11991577118550562,0.10611837162762133,0.06741995291137651,0.0661789369487369,0.06788508871940288,0.73,0.7124099,0.85830647,0.7931738,0.7512195,0.6819053,0.60421073,0.7016617,2026-10-05T10:36:42.389619
91,0.7938474416732788,0.49968740344047546,0.40831136031150816,0.806140124797821,0.40831136031150816,0.816544642162323,0.8993352854728699,2.1110277759552,0.09328963295817375,2.1453468563079836,2.0,1.0,10.0,,,,,0.9048507092475891,0.9048507092475891,,,,16.440013763427736,0.27399913824287947,0.18074877768944783,,0.19832343921350065,0.38894068938531695,0.13854498197888113,0.0015878533217077186,0.05353017348297842,0.8057748977166073,,0.005918869568156612,,74.0803281941991,17.6157566483613,,102.88067262491603,74.08423663096822,23.879659579817655,95.2068830842425,45.14259204743015,16.439999610755095,,0.6931471824645996,,0.10649999264319232,0.23568337643222445,,0.18137688441261365,0.12238643057407088,0.33338009608778985,0.010895740323860174,0.7613503192640414,0.28907600861446114,,,,0.30145,6029.0,0.8448276,0.891764,0.9345484,0.8833334,0.6368575,0.7700606,0.7249899,0.76366603,0.4962000548839569,0.7173603773117065,0.6677500605583191,0.7173603773117065,0.263,263.0,0.5270394571149057,0.6202793853313252,0.6102336021858327,0.33181193023383143,0.35420739610664764,0.3921975278923978,0.3714801626720857,0.3908299773344835,0.4139808406232965,0.07771480926723501,0.0961695863774754,0.08838343786037856,0.0832954937579282,0.13581967562584057,0.09585871712321178,0.06267905667488496,0.05805515413239492,0.06626509691941214,0.68950003,0.57681817,0.6155039,0.7539474,0.91056913,0.64055115,0.5059055,0.6344697,0.5028499364852905,0.6162625539302826,0.710300087928772,0.6162625539302826,0.235,235.0,0.49995444920224247,0.5819443909601042,0.5789818249585305,0.3216047797606001,0.3135162219499011,0.3695377010160245,0.3558879386193279,0.3556734976092522,0.4005377401735642,0.08755026896277021,0.0932742277818891,0.09048073844342241,0.10234270945922765,0.12179486306017374,0.1061879510902773,0.0851127939894033,0.08555435692439939,0.08367396440551811,0.70564514,0.7355856,0.8270073,0.8110687,0.5878049,0.6407895,0.7020325,0.6562044,0.4995249956846237,0.6668114656209946,0.6890250742435455,0.6668114656209946,0.249,249.0,0.5134969531585741,0.6011118881457147,0.5946077135721816,0.32670835499721573,0.33386180902827434,0.38086761445421113,0.3636840506457068,0.37325173747186785,0.40725929039843034,0.08263253911500261,0.09472190707968225,0.08943208815190049,0.09281910160857793,0.12880726934300715,0.10102333410674455,0.07389592533214413,0.07180475552839716,0.07496953066246512,0.6975726,0.65620184,0.7212556,0.782508,0.749187,0.6406703,0.603969,0.64533705,2026-10-05T10:41:02.311473
92,0.7969725728034973,0.5024526715278625,0.4052832686901093,0.8083274364471436,0.4052832686901093,0.815600962638855,0.8982867521286011,2.0943946510314944,0.08905026589035987,2.1632208950042724,2.0,1.0,10.0,,,,,0.9069796245574951,0.9069796245574951,,,,16.427748510742187,0.32840067423452995,0.21892672136520883,,0.22362458041519118,0.39636219658289745,0.14611966158174405,0.0016157425896288341,0.054311169869011376,1.001351974951993,,0.006486375203317589,,74.04610924204444,17.596016464719348,,102.88422063353714,74.0503774266334,23.859526798223992,95.20742520860806,45.20385474915717,16.42773635524094,,0.6931471824645996,,0.10709432256259736,0.2371329413667606,,0.18225294845119402,0.12301921308230443,0.3352665394354778,0.011024635356322974,0.7654284083159866,0.2918326275743497,,,,0.30095,6019.0,0.84611064,0.887797,0.9331418,0.88911927,0.6397002,0.778101,0.72438234,0.7692057,0.495199978351593,0.6073222527503968,0.7132000923156738,0.6073222527503968,0.265,265.0,0.5820295103264334,0.6704993902604156,0.6600106397992125,0.3854320733017183,0.38391026952689905,0.43530020717199436,0.4272574998372091,0.4389552137131404,0.45900714997531206,0.09315743371244369,0.10568248931989625,0.10757117033416345,0.09064860458391824,0.12872237508284998,0.1103968587399825,0.08899558320615261,0.0833530280029706,0.09648898146390783,0.6905,0.60136366,0.8534884,0.7671053,0.9101626,0.6692913,0.5035433,0.6848485,0.48729997873306274,0.5133275294303894,0.7517499923706055,0.5133275294303894,0.22,220.0,0.5213134402252685,0.5994641725084023,0.5984906201503549,0.3203005865814848,0.2960969730942926,0.36906982704715724,0.35869148181777294,0.36720401846459017,0.3972499855870095,0.08268556775776555,0.08160261686036992,0.08767339372167544,0.09253215155213548,0.10452958498372474,0.10342911205515645,0.07004108851362048,0.06593176782870142,0.07163764670811443,0.7741935,0.818018,0.8839416,0.8187023,0.5833333,0.7118421,0.698374,0.7138686,0.4912499785423279,0.5603248910903931,0.7324750423431396,0.5603248910903931,0.2425,242.5,0.5516714752758509,0.634981781384409,0.6292506299747838,0.35286632994160155,0.3400036213105958,0.40218501710957577,0.39297449082749103,0.4030796160888653,0.4281285677811608,0.08792150073510462,0.09364255309013308,0.09762228202791945,0.09159037806802686,0.11662598003328736,0.10691298539756948,0.07951833585988655,0.07464239791583602,0.08406331408601113,0.7323468,0.7096908,0.868715,0.7929038,0.746748,0.6905667,0.60095865,0.6993586,2026-10-05T10:45:28.134042
93,0.8036622405052185,0.5028701424598694,0.40681847908496854,0.8076445460319519,0.40681847908496854,0.8171483057975769,0.9000060254096985,2.120095674133301,0.08981205232143402,2.170865661430359,2.0,1.0,10.0,,,,,0.9080885390281678,0.9080885390281678,,,,16.41225591125488,0.2821478072530145,0.1921745534084595,,0.20821043644930906,0.40022182303249454,0.135550096702234,0.0015882789924782316,0.05279635266655949,0.7848930224111885,,0.006121787341952229,,74.01219556286077,17.57681908577111,,102.8857658532015,74.01667936288626,23.83957610160682,95.21194856485744,45.26297021367747,16.412223378564143,,0.6931471824645996,,0.10770398957334507,0.23857403114722792,,0.18318660851496799,0.12367790040506679,0.3372859258180971,0.01114035625556472,0.7694025928047812,0.2940119533402145,,,,0.29785,5957.0,0.8451082,0.8939791,0.9349247,0.88396525,0.6393302,0.77163637,0.72616446,0.7670061,0.49830004572868347,0.5936018252372741,0.7150499820709229,0.5936018252372741,0.275,275.0,0.5070500766411463,0.5897245013442873,0.57530397478773,0.29166761068183894,0.3652226073011086,0.3388320528001397,0.3131182241054707,0.33003141475651016,0.3412377711862592,0.07747814059275873,0.09854657348730345,0.08902376578370813,0.08729436922035277,0.12123580985816017,0.10244996718867637,0.04370905535198027,0.032734032595729254,0.04211110722186076,0.6925,0.60090905,0.8534884,0.76842105,0.9081301,0.6712598,0.52086616,0.67954546,0.5058000087738037,0.5023642339706421,0.7562998533248901,0.5023642339706421,0.22,220.0,0.5229640851570492,0.5679623019605055,0.5835003860273369,0.3362693143673426,0.30016330327639373,0.3728471568744062,0.3698698875610735,0.3717552025875732,0.389055943803917,0.07379545746604883,0.07555055455036847,0.0826593010211825,0.09621045544433804,0.10584104254980409,0.10975646445230773,0.06824251680380274,0.06771865810777741,0.07488396440169291,0.77540326,0.82342345,0.8839416,0.8148855,0.5869919,0.72543865,0.70528454,0.72445256,0.5020500272512436,0.5479830296039581,0.7356749176979065,0.5479830296039581,0.2475,247.5,0.5150070808990977,0.5788434016523964,0.5794021804075334,0.31396846252459076,0.3326929552887512,0.35583960483727295,0.3414940558332721,0.3508933086720417,0.36514685749508813,0.07563679902940379,0.08704856401883596,0.08584153340244532,0.0917524123323454,0.11353842620398213,0.10610321582049205,0.0559757860778915,0.05022634535175333,0.05849753581177684,0.7339516,0.71216625,0.868715,0.7916533,0.747561,0.69834924,0.6130754,0.701999,2026-10-05T10:49:54.506420
94,0.7905097603797913,0.5004128217697144,0.40340559175014495,0.8084049820899963,0.40340559175014495,0.8166401440620422,0.8994414010047913,2.1043552862167356,0.09809281139969826,2.207273063468933,2.0,1.0,10.0,,,,,0.9157993263244629,0.9157993263244629,,,,16.398271307373047,0.2596506061400198,0.1863221096907072,,0.20263798743676228,0.39859289747134896,0.1364041027037581,0.001515813855896259,0.0518775222004409,0.8223393842293198,,0.0062772451784457286,,73.97793875530267,17.557708630895917,,102.88803489344895,73.98283843022243,23.818639451531087,95.21440003024544,45.322701205113894,16.398262473428325,,0.6931471824645996,,0.10827541621817145,0.2402678792643699,,0.18406517661301194,0.12433384790731843,0.3392959721149153,0.011259507761591939,0.7733615959525868,0.29611617098948,,,,0.30345,6069.0,0.84943867,0.8931132,0.93468696,0.889297,0.6392718,0.7707879,0.7249696,0.76653767,0.5069500207901001,0.6590029101371765,0.681600034236908,0.6590029101371765,0.262,262.0,0.541115974747916,0.6068662727298726,0.6061905420719688,0.31655098976896623,0.33550586492053286,0.35874106111176624,0.3509622007900038,0.3759184311006581,0.37814376962151,0.05871438832863822,0.08138137127261841,0.07648006585422443,0.061016852253806944,0.10568840988704198,0.08461258678169124,0.03341842886349908,0.024065798717032825,0.03408335505002411,0.6855,0.6181818,0.6755814,0.7444079,0.9069106,0.64645666,0.5074803,0.6564394,0.49779993295669556,0.5710525498390198,0.7315499186515808,0.5710525498390198,0.194,194.0,0.516256410317882,0.5887493945267829,0.5997369291583994,0.3106320871898038,0.30553733714372866,0.36999855354310335,0.3509181981962667,0.3513984275873538,0.3888644386832787,0.07387996970464077,0.08059176303538275,0.08303607420632543,0.08770353336833461,0.11017660163162903,0.10760840039266092,0.07448259810071639,0.07560250891881785,0.08283856800159053,0.73790324,0.768018,0.8419708,0.81984735,0.5943089,0.6850877,0.7065041,0.68576646,0.5023749768733978,0.6150277299880982,0.7065749764442444,0.6150277299880982,0.228,228.0,0.528686192532899,0.5978078336283277,0.602963735615184,0.31359153847938503,0.3205216010321308,0.3643698073274348,0.35094019949313526,0.36365842934400594,0.38350410415239433,0.0662971790166395,0.08098656715400057,0.07975807003027494,0.07436019281107079,0.1079325057593355,0.09611049358717608,0.053950513482107734,0.04983415381792534,0.05846096152580732,0.71170163,0.6930999,0.75877607,0.7821276,0.75060976,0.6657722,0.60699224,0.67110294,2026-10-05T10:54:15.549710
95,0.8051027059555054,0.5013797879219055,0.40019341785907747,0.8102574944496155,0.40019341785907747,0.8179150420188904,0.9008579566955567,2.1078462352752685,0.09209305163025856,2.1586214244842528,2.0,1.0,10.0,,,,,0.9122673637390136,0.9122673637390136,,,,16.384556387329102,0.2424975438102795,0.17073484849493215,,0.19399004225518293,0.40126890205084137,0.13933999580182846,0.0015109102757036637,0.05200339094468742,0.9104166264366952,,0.005846003444189099,,73.94350948455228,17.536097921383607,,102.88666155383845,73.94916685067923,23.799214587849416,95.21430862329568,45.392572074938734,16.384543619338114,,0.6931471824645996,,0.10882075572279608,0.24146749629716205,,0.1847645386958578,0.12497836963576116,0.34124568465409005,0.011334465116642083,0.777654696422018,0.2984254823368826,,,,0.2992,5984.0,0.84647155,0.89426094,0.93635106,0.88744074,0.6359229,0.7789899,0.7292426,0.7746233,0.4971500635147095,0.6165715053081512,0.7102000713348389,0.6165715053081512,0.253,253.0,0.5786959544701313,0.6499114105887804,0.6529092536726574,0.3958198358612196,0.39799963889977014,0.4229614431389103,0.389188095433002,0.3983697621840746,0.4117082846154915,0.07692308851776421,0.08504400896182361,0.0811871270642252,0.08521570915952836,0.12758548002489786,0.08714851033692378,0.07133521635703362,0.06824177395850005,0.07006817175656553,0.71349996,0.58909094,0.8426357,0.77105266,0.90934956,0.6562992,0.4897638,0.6875,0.4988500475883484,0.5163518903255463,0.7566500902175903,0.5163518903255463,0.202,202.0,0.5188982425687224,0.5968418354067574,0.59826687774814,0.34179489000280144,0.33630349402795523,0.3819954977037924,0.3642527361953315,0.36333704002104955,0.40590803231894346,0.0841955975968068,0.08320473235333128,0.08833756201860661,0.10555089148671283,0.10700243803447732,0.11070785608364941,0.08529568854531831,0.08473907128058085,0.0886695826692227,0.78709674,0.82612616,0.8832117,0.81984735,0.5947155,0.7074562,0.7028456,0.720438,0.49800005555152893,0.5664616978168487,0.7334250807762146,0.5664616978168487,0.2275,227.5,0.5487970985194268,0.6233766229977689,0.6255880657103987,0.36880736293201055,0.3671515664638627,0.4024784704213513,0.3767204158141667,0.38085340110256205,0.4088081584672175,0.0805593430572855,0.08412437065757744,0.0847623445414159,0.09538330032312059,0.11729395902968759,0.0989281832102866,0.07831545245117597,0.07649042261954045,0.07936887721289412,0.7502984,0.7076086,0.8629237,0.79545,0.7520325,0.6818777,0.59630466,0.703969,2026-10-05T10:58:35.486452
96,0.7990977764129639,0.5002952218055725,0.3997377429008484,0.8106427192687988,0.3997377429008484,0.8200812227249146,0.9032648239135742,2.12567874584198,0.09630726490616798,2.1982351495742796,2.0,1.0,10.0,,,,,0.9169099157333374,0.9169099157333374,,,,16.37111040649414,0.2509475376955263,0.18093134598082797,,0.20134134457749167,0.40944113947783306,0.1420147211830707,0.0015746663446140707,0.052831681267281244,0.8727147985415854,,0.0061826750240881875,,73.9095260717307,17.514015161307753,,102.8869803361832,73.91567687016384,23.779049186949518,95.209186772632,45.45786231946034,16.371100419645856,,0.6931471824645996,,0.10940696897020766,0.24246228756798302,,0.18546090422162584,0.12564524210942019,0.3432289016474584,0.011394552702594336,0.7817780831057555,0.30080062435690763,,,,0.2937,5874.0,0.8510826,0.8936166,0.93587554,0.8888033,0.6405958,0.7775354,0.7268935,0.7717515,0.4999999701976776,0.5942953612804412,0.7163499593734741,0.5942953612804412,0.272,272.0,0.5827330938646135,0.6633685744109511,0.6669668639181328,0.36468762500529744,0.35537881168105206,0.391932460639769,0.43812157751161285,0.45234711497395924,0.4700631244967187,0.04595754310436997,0.071020083537831,0.06889911861291861,0.06454528422649049,0.10858159365432718,0.09879058459476721,0.03589497644947845,0.03039656818597573,0.03963903994154767,0.7125,0.61227274,0.8399225,0.77236843,0.9089431,0.6775591,0.5035433,0.6833334,0.5076500773429871,0.5005725207328796,0.7576500773429871,0.5005725207328796,0.223,223.0,0.5132911182571974,0.599222284203616,0.5991750811820711,0.3262180893114973,0.2994554028969552,0.36891424200657247,0.3484212028657191,0.3469654729457235,0.3918050172349613,0.08609806640192068,0.08509160285357326,0.08870021120525552,0.09821678546167992,0.11266829618126792,0.11206968506610723,0.08616863716786947,0.08782180925901499,0.08751220457027432,0.7826613,0.82297295,0.8839416,0.8187023,0.58943087,0.72675437,0.70813006,0.71861315,0.5038250237703323,0.5474339410066604,0.7370000183582306,0.5474339410066604,0.2475,247.5,0.5480121060609054,0.6312954293072836,0.6330709725501019,0.34545285715839735,0.32741710728900364,0.38042335132317073,0.39327139018866597,0.39965629395984137,0.43093407086584,0.06602780475314532,0.07805584319570213,0.07879966490908707,0.08138103484408521,0.11062494491779755,0.10543013483043723,0.06103180680867396,0.05910918872249536,0.063575622255911,0.74758065,0.7176229,0.86193204,0.7955353,0.749187,0.7021567,0.6058367,0.7009733,2026-10-05T11:02:57.071904
97,0.7971599698066711,0.4992072284221649,0.40194896318912504,0.8096752166748047,0.40194896318912504,0.8212986737251282,0.9046175437927246,2.1478726192474364,0.08349967526197434,2.1892709590911865,2.0,1.0,10.0,,,,,0.9187761957168579,0.9187761957168579,,,,16.360036264038087,0.33385112160330366,0.1940929644094531,,0.2169437689860915,0.40151770185133456,0.14100349293487846,0.0015644562500380691,0.051633853322950896,0.8793783009431924,,0.0057684481498017125,,73.87547914541452,17.49322439303064,,102.89017005483056,73.88221405418057,23.758369615882824,95.21133743577703,45.50641080528308,16.360023316304396,,0.6931471824645996,,0.11000916988227018,0.243642088903743,,0.18630213579934113,0.126320273538304,0.3451636661389831,0.011446544746304773,0.7852369713935123,0.3034233914059439,,,,0.2976,5952.0,0.84927833,0.89224726,0.9351625,0.8901066,0.6392329,0.776202,0.7307412,0.7653768,0.5101500153541565,0.6021063437461853,0.7133500576019287,0.6021063437461853,0.278,278.0,0.5636251173277826,0.6376426754016588,0.6388763347086238,0.328365319129687,0.3025354501731495,0.39408698712642887,0.37192424359851983,0.37751892442896096,0.4060185017993049,0.07321216801355347,0.10590944127124573,0.09200089270143391,0.057010178322050964,0.1375749989671435,0.08428162428308929,0.0328695865030062,0.032563221723902656,0.032841777214228915,0.689,0.5968182,0.851938,0.7631579,0.9077236,0.67795277,0.5137795,0.6810606,0.49215003848075867,0.5070361342430115,0.7542501091957092,0.5070361342430115,0.24,240.0,0.5010601796905368,0.5732071847972225,0.5859112418145087,0.32615252510921344,0.29656655523874975,0.3800139723261233,0.3665576373619215,0.3664213175036735,0.41090687842166734,0.08987192655655249,0.0920872485442206,0.09160420197744848,0.10369992718072692,0.12053121478132163,0.10728759260163065,0.08787297826828523,0.08852255813439568,0.08581529436924923,0.7782258,0.8247748,0.8843066,0.82137406,0.57439023,0.7179825,0.70813006,0.7142336,0.5011500269174576,0.5545712389945985,0.733800083398819,0.5545712389945985,0.259,259.0,0.5323426485091598,0.6054249300994407,0.6123937882615662,0.32725892211945024,0.2995510027059496,0.38705047972627604,0.36924094048022066,0.3719701209663172,0.4084626901104861,0.08154204728505299,0.09899834490773315,0.0918025473394412,0.08035505275138893,0.12905310687423258,0.09578460844235998,0.060371282385645715,0.06054288992914916,0.05932853579173907,0.7336129,0.7107965,0.86812234,0.792266,0.7410569,0.69796765,0.61095476,0.6976471,2026-10-05T11:07:18.642742
98,0.8095299601554871,0.5002780556678772,0.4017108285903931,0.8093479871749878,0.4017108285903931,0.8203057289123535,0.9035142720222473,2.1405587450027466,0.08831108202338218,2.222494802093506,2.0,1.0,10.0,,,,,0.9250765699386597,0.9250765699386597,,,,16.347129177856445,0.30993246813868264,0.188363089398214,,0.20927112279044593,0.412265728993021,0.13874050360291626,0.001509276201657856,0.05034013826898329,0.870690506544842,,0.005907792051895195,,73.84190096521074,17.471676796105257,,102.89010163325413,73.84882349876841,23.736574306609523,95.20986860724771,45.55383388252015,16.347106909296315,,0.6931471824645996,,0.1107104452931957,0.2446065059133396,,0.1871298946392764,0.12695199735225385,0.3469538377348784,0.011510585244911112,0.7886957719827153,0.3057645695983984,,,,0.29895,5979.0,0.84897757,0.89605314,0.9348455,0.89034367,0.6355335,0.77133334,0.7301134,0.76865584,0.4914500117301941,0.608021320104599,0.7110999226570129,0.608021320104599,0.25,250.0,0.5318698652058053,0.5831304497692755,0.5870135567969567,0.321819545395559,0.3484945510471206,0.3524726968928664,0.3182582430869816,0.3242581888461079,0.32831491413613956,0.0697496535983246,0.09069121870590104,0.08804332063363807,0.07670088424634063,0.11216503353216001,0.1038508404070668,0.030483796453393757,0.02412853751209927,0.033611087421688696,0.706,0.6068182,0.8492248,0.76184213,0.90731704,0.65590554,0.50629926,0.6757576,0.5011000037193298,0.4984589538574219,0.7598500847816467,0.4984589538574219,0.217,217.0,0.5053496347451834,0.5739750929392515,0.5771245902886685,0.3240361509764741,0.2947147185412034,0.3556972706344893,0.3468755490269197,0.3498537571794719,0.3782874353251422,0.07864262388037144,0.08279618868082288,0.08135016935849772,0.09631993453245524,0.11363900164086146,0.10068846179450754,0.07402558264422703,0.07605355069555737,0.07371961920958435,0.79274195,0.8198198,0.8843066,0.82251906,0.5890244,0.7245614,0.70813006,0.72627735,0.49627500772476196,0.5532401369810105,0.7354750037193298,0.5532401369810105,0.23349999999999999,233.5,0.5186097499754942,0.5785527713542635,0.5820690735428126,0.32292784818601655,0.321604634794162,0.35408498376367786,0.33256689605695067,0.3370559730127899,0.3533011747306409,0.07419613873934802,0.08674370369336196,0.08469674499606789,0.08651040938939794,0.11290201758651074,0.10226965110078717,0.05225468954881039,0.05009104410382832,0.05366535331563652,0.74937093,0.713319,0.86676574,0.7921806,0.74817073,0.69023347,0.6072147,0.7010175,2026-10-05T11:11:39.773577
99,0.8006578087806702,0.4991203248500824,0.40001133329868316,0.8103074431419373,0.40001133329868316,0.8247310005187988,0.9084312369346619,2.1798916385650635,0.10846781970262527,2.2710627840042115,2.0,1.0,10.0,,,,,0.92815285987854,0.92815285987854,,,,16.336230694580077,0.25468301251056086,0.17127565301622555,,0.1875535278420919,0.37930967559100714,0.13839218179416504,0.001505378595921122,0.04977660172968913,0.8450625844442161,,0.00560940436399349,,73.80770222852185,17.44899227361011,,102.88890279782046,73.81509929098141,23.716541739785747,95.2125505095075,45.60992334450886,16.336218439090025,,0.6931471824645996,,0.11127645052542352,0.2454197771230321,,0.18784136605110896,0.12757922946267827,0.3489191215129415,0.011659980484634448,0.7924017116522334,0.30821040880148576,,,,0.28525,5705.0,0.85140336,0.89297223,0.9341917,0.8889613,0.64088786,0.7780606,0.7301742,0.7667821,0.5028500556945801,0.6030893788337708,0.7138499617576599,0.6030893788337708,0.249,249.0,0.5825980019441941,0.6474407975672327,0.6418683523728866,0.37062121773731527,0.39018755019771634,0.3883406061394003,0.39393133150597254,0.40510863728289914,0.4144403151400146,0.05487756118955308,0.08333570981384852,0.07588184348611468,0.05537909566532788,0.11533175920647881,0.08112640334674015,0.02073980407329706,0.016500960687013705,0.022457486966012716,0.71650004,0.6045455,0.8422481,0.77039474,0.90731704,0.67204726,0.50433075,0.67386365,0.4930499494075775,0.5072586619853974,0.7563000321388245,0.5072586619853974,0.209,209.0,0.5466981201656157,0.6173684865388154,0.6161859266619774,0.3469096825430229,0.31824621608242626,0.37839598722053164,0.3831157319692169,0.3801833775330183,0.411408850837962,0.08943788219604182,0.09130712531465475,0.09335877734304893,0.10459549053985034,0.12931692223392646,0.11653687044150482,0.09839700937079121,0.0968077523898613,0.10473222941887887,0.78629035,0.82072073,0.8839416,0.81717557,0.58983743,0.7179825,0.70609754,0.71751827,0.4979500025510788,0.5551740204095841,0.7350749969482422,0.5551740204095841,0.22899999999999998,229.0,0.564648061054905,0.632404642053024,0.629027139517432,0.3587654501401691,0.35421688314007127,0.38336829667996597,0.3885235317375947,0.39264600740795874,0.4129245829889883,0.07215772169279745,0.08732141756425163,0.0846203104145818,0.07998729310258912,0.12232434072020264,0.09883163689412248,0.05956840672204414,0.056654356538437506,0.0635948581924458,0.7513952,0.71263313,0.8630948,0.79378515,0.74857724,0.69501483,0.6052141,0.695691,2026-10-05T11:15:59.596603
