epoch,train_eval_mode_acc,train_shuffled_message_acc,train_loss,train_acc,train_combined_loss,train_realised_survival,train_unmixed_survival,train_logit_margin,train_logit_prior_share,train_logit_spread,train_logit_scale,train_sampling_tau,train_pool_effective_examples,train_pool_score_norm,train_pool_score_sd,train_prototyper_mix_share,train_prototyper_within_share,train_referent_spread,train_referent_spread_backbone,train_polarity_separation,train_score_scale,train_score_bias,train_bilinear_weight_norm,train_clip_sender_vision,train_clip_sender_adapter,train_clip_sender_prototyper,train_clip_sender_language_model,train_clip_receiver_vision,train_clip_receiver_adapter,train_clip_receiver_token_embedding,train_clip_receiver_language_model,train_clip_receiver_discriminator,train_clip_log_score_scale,train_clip_log_logit_scale,train_clip_other,train_weight_sender_vision,train_weight_sender_adapter,train_weight_sender_prototyper,train_weight_sender_language_model,train_weight_receiver_vision,train_weight_receiver_adapter,train_weight_receiver_token_embedding,train_weight_receiver_language_model,train_weight_receiver_discriminator,train_weight_log_score_scale,train_weight_log_logit_scale,train_weight_other,train_drift_sender_vision,train_drift_sender_adapter,train_drift_sender_prototyper,train_drift_sender_language_model,train_drift_receiver_vision,train_drift_receiver_adapter,train_drift_receiver_token_embedding,train_drift_receiver_language_model,train_drift_receiver_discriminator,train_drift_log_score_scale,train_drift_log_logit_scale,train_drift_other,train_unique_message_fraction,train_unique_message_count,train_acc_md_and_color_color,train_acc_md_or_color_color,train_acc_md_color,train_acc_md_shape,train_acc_md_and_shape_shape,train_acc_md_and_color_shape,train_acc_md_or_shape_shape,train_acc_md_or_color_shape,test_shuffled_message_acc,test_loss,test_acc,test_combined_loss,test_unique_message_fraction,test_unique_message_count,test_topsim_s1,test_topsim_s2,test_topsim_s3,test_topsim_s4,test_topsim_s5,test_topsim_s6,test_topsim_s1_static,test_topsim_s2_static,test_topsim_s3_static,test_topsim_gt_s1,test_topsim_gt_s2,test_topsim_gt_s3,test_topsim_gt_s4,test_topsim_gt_s5,test_topsim_gt_s6,test_topsim_gt_s1_static,test_topsim_gt_s2_static,test_topsim_gt_s3_static,test_acc_md_and_color_color,test_acc_md_or_color_color,test_acc_md_color,test_acc_md_shape,test_acc_md_and_shape_shape,test_acc_md_and_color_shape,test_acc_md_or_shape_shape,test_acc_md_or_color_shape,test_same_shuffled_message_acc,test_same_loss,test_same_acc,test_same_combined_loss,test_same_unique_message_fraction,test_same_unique_message_count,test_same_topsim_s1,test_same_topsim_s2,test_same_topsim_s3,test_same_topsim_s4,test_same_topsim_s5,test_same_topsim_s6,test_same_topsim_s1_static,test_same_topsim_s2_static,test_same_topsim_s3_static,test_same_topsim_gt_s1,test_same_topsim_gt_s2,test_same_topsim_gt_s3,test_same_topsim_gt_s4,test_same_topsim_gt_s5,test_same_topsim_gt_s6,test_same_topsim_gt_s1_static,test_same_topsim_gt_s2_static,test_same_topsim_gt_s3_static,test_same_acc_md_and_color_color,test_same_acc_md_or_color_color,test_same_acc_md_color,test_same_acc_md_shape,test_same_acc_md_and_shape_shape,test_same_acc_md_and_color_shape,test_same_acc_md_or_shape_shape,test_same_acc_md_or_color_shape,test_avg_shuffled_message_acc,test_avg_loss,test_avg_acc,test_avg_combined_loss,test_avg_unique_message_fraction,test_avg_unique_message_count,test_avg_topsim_s1,test_avg_topsim_s2,test_avg_topsim_s3,test_avg_topsim_s4,test_avg_topsim_s5,test_avg_topsim_s6,test_avg_topsim_s1_static,test_avg_topsim_s2_static,test_avg_topsim_s3_static,test_avg_topsim_gt_s1,test_avg_topsim_gt_s2,test_avg_topsim_gt_s3,test_avg_topsim_gt_s4,test_avg_topsim_gt_s5,test_avg_topsim_gt_s6,test_avg_topsim_gt_s1_static,test_avg_topsim_gt_s2_static,test_avg_topsim_gt_s3_static,test_avg_acc_md_and_color_color,test_avg_acc_md_or_color_color,test_avg_acc_md_color,test_avg_acc_md_shape,test_avg_acc_md_and_shape_shape,test_avg_acc_md_and_color_shape,test_avg_acc_md_or_shape_shape,test_avg_acc_md_or_color_shape,timestamp
0,0.5460349321365356,0.5016903281211853,0.9608425190925598,0.5434624552726746,0.9608425190925598,0.42735065574646,0.4668975390434265,1.3332005226135253,0.6903657858848572,0.8930069241762161,1.0252973453521728,1.0,10.0,,,,,0.3656452569723129,0.3656452569723129,,,,18.458345623779298,0.07058197161784117,0.021874666175802065,,0.11801809089697281,0.46426202214447554,0.9064566339751717,0.011792009553625872,0.6591399319375016,1.3448376447247092,,0.011064755750907538,,77.28186278130597,19.60394403737062,,104.56444044173902,77.27640684091361,26.124506628437405,94.44794687647729,39.07541029620322,18.458325039808916,,0.03741798495242052,,0.01138013674155364,0.023492945907607816,,0.012014434696620058,0.004565059947024936,0.022914783163055494,0.0003973612394799318,0.03903262540816691,0.028758296428639796,,,,0.65045,13009.0,0.56890535,0.5677809,0.6121236,0.5191746,0.50819707,0.5339596,0.5034427,0.53419554,0.49844998121261597,0.9495649938583374,0.554349958896637,0.9495649938583374,0.013,13.0,0.5255638171405117,0.5170008401933279,0.525463457090873,0.5046674470375692,0.46378559303976163,0.5006372910600986,0.5071156019245889,0.4880322677451042,0.4904995551228368,0.01874873972418567,0.016283630407700624,0.016202703562866207,0.02007964543610257,0.021144570197476103,0.015556884946868679,0.02397498630105037,0.014077519778589634,0.01773538833083037,0.5745,0.60136366,0.5887597,0.49111843,0.48414636,0.57598424,0.55275595,0.58522725,0.5006999969482422,0.905462468624115,0.5788499116897583,0.905462468624115,0.013,13.0,0.5023876916984484,0.5018016020288828,0.46729796343292496,0.4647772842725271,0.42601284957043933,0.42719468577790015,0.46124834447001894,0.4723551935256934,0.3905953854225087,0.006641444286573052,0.008518683782462191,-0.003666320908037111,0.004560213189558679,0.009671829195670003,-0.004369578842887143,0.0054693749064777825,0.007769689595358927,-0.009486837417995955,0.6362903,0.6036036,0.71094894,0.5316794,0.5081301,0.57236844,0.5020325,0.5576642,0.4995749890804291,0.9275137312412262,0.5665999352931976,0.9275137312412262,0.013,13.0,0.5139757544194801,0.5094012211111054,0.496380710261899,0.4847223656550481,0.4448992213051005,0.4639159884189994,0.48418197319730394,0.48019373063539883,0.4405474702726727,0.012695092005379362,0.012401157095081407,0.006268191327414548,0.012319929312830625,0.015408199696573054,0.005593653051990768,0.014722180603764075,0.01092360468697428,0.004124275456417208,0.6053952,0.60248363,0.6498543,0.5113989,0.49613822,0.5741763,0.52739424,0.5714457,2026-10-05T18:51:09.716582
1,0.6084201335906982,0.500654935836792,0.8393141606330872,0.6080827116966248,0.8393141606330872,0.6621149429321289,0.7277467407226562,2.244527071762085,0.41604389991760254,1.1300347336769103,1.2195021717071532,1.0,10.0,,,,,0.469131290102005,0.469131290102005,,,,18.42486287841797,0.2005794337078644,0.039221732378907644,,0.140488401719719,0.5200048490504551,0.42112858242290035,0.002844779726242421,0.14110743218831195,1.1541061109038675,,0.007133937095644866,,77.2483970982254,19.585948676820014,,104.568701920236,77.24033797926204,26.101767643242127,94.44731645523363,39.13157002637341,18.42483330987821,,0.19776532414612497,,0.022288614065404153,0.043741805656890204,,0.023335409202393454,0.011148613842002525,0.03801904407561205,0.0005514715141231182,0.08572687668974992,0.041783203673400694,,,,0.34995,6999.0,0.6952887,0.68376964,0.76763076,0.5105253,0.507905,0.5984849,0.5021264,0.6005499,0.4941999614238739,0.8974426250457763,0.5626999735832214,0.8974426250457763,0.024,24.0,0.4506116951823261,0.4490407451906912,0.4508940187620635,0.40010181673030404,0.368937216597202,0.38457249473280536,0.41325533884708676,0.39517144587547814,0.40529318490985433,0.014712903345229962,0.013384665792881655,0.01580562823989526,0.01327374110172719,0.011035576648243096,0.014189713259592316,0.02291165946888014,0.011104961188382207,0.027239473621713788,0.573,0.59727275,0.5945737,0.50625,0.49349594,0.6165355,0.51889765,0.61477274,0.5060999989509583,0.8294168715476989,0.6042999625205994,0.8294168715476989,0.023,23.0,0.43680472665503445,0.43526664847656577,0.4365475377446033,0.38387842084618745,0.35084242243578206,0.37912776040453167,0.3990714603044733,0.40277816285994716,0.3961095910058389,-0.006841076770588336,-0.007639470056709556,-0.007163895739908497,-0.00828995911273652,-0.012010067548217873,-0.012195385806269847,-0.007720597744933371,-0.008445116700006276,-0.010617277852993361,0.66411287,0.64729726,0.790146,0.50687027,0.50650406,0.6153509,0.50569105,0.58978105,0.5001499801874161,0.8634297482967377,0.5834999680519104,0.8634297482967377,0.0235,23.5,0.4437082109186803,0.4421536968336285,0.4437207782533334,0.39199011878824574,0.359889819516492,0.38185012756866854,0.40616339957578007,0.39897480436771265,0.4007013879578466,0.003935913287320813,0.0028725978680860494,0.004320866249993381,0.002491890994495335,-0.00048724544998738836,0.0009971637266612344,0.007595530861973385,0.0013299222441879657,0.008311097884360213,0.61855644,0.622285,0.6923598,0.50656015,0.5,0.6159432,0.51229435,0.6022769,2026-10-05T18:55:26.100417
2,0.6143202185630798,0.49950000643730164,0.803457549571991,0.614584743976593,0.803457549571991,0.6774133402824402,0.74474496011734,2.0910585037231444,0.36745911409854887,1.208592613220215,1.3696346788406373,1.0,10.0,,,,,0.4561816557884216,0.4561816557884216,,,,18.38911374206543,0.2130134360520703,0.04695632786840011,,0.15140974044704894,0.43018524842277456,0.43509401860320646,0.0022967632082854486,0.10628922383306892,1.5190714432555399,,0.005584629142069655,,77.21985480436095,19.55748340582392,,104.5703337845529,77.20445742273027,26.076366060099026,94.44659423828125,39.160649536521575,18.389087348986582,,0.31420032139037063,,0.02863161516180084,0.052226188930736224,,0.029167988628243945,0.015521212516554223,0.04800264613263926,0.0006465705424535331,0.10877238584172194,0.04560758344307067,,,,0.3247,6494.0,0.6909182,0.67877567,0.80267435,0.50157976,0.4968458,0.6266869,0.49465373,0.6268636,0.4932500123977661,0.8669583282470703,0.5817000269889832,0.8669583282470703,0.029,29.0,0.3993244081248672,0.4038535925564314,0.4048877090461581,0.34720020724197176,0.3441834048615133,0.36186332405584865,0.3906998542179671,0.3504951263664631,0.29448839366310614,-0.010261902495764951,-0.013808091277811296,-0.009369229087623134,0.01007078836555166,-0.0029911915259114015,0.0008431060686713764,0.005910295184032901,0.007261931558173413,0.01388566124185551,0.49550003,0.57454544,0.7926357,0.49309215,0.4963415,0.638189,0.50433075,0.6484848,0.5100500583648682,0.8036924161911011,0.6146000027656555,0.8036924161911011,0.026,26.0,0.43551675756548325,0.44127329530115206,0.43446854909904004,0.37243914079255386,0.3351370451944763,0.33843687625576174,0.3906871718096263,0.3854681178882656,0.349290983677731,0.012887700250833502,0.009609600443170474,0.009443223147506643,0.012500441492546486,0.01645385901759037,0.006864360834448984,0.011953463754770601,0.009847798527083867,0.0021415240273985523,0.6762097,0.65675676,0.8018248,0.490458,0.5,0.64868426,0.50731707,0.6270073,0.5016500353813171,0.8353253722190856,0.5981500148773193,0.8353253722190856,0.0275,27.5,0.41742058284517525,0.42256344392879175,0.41967812907259905,0.3598196740172628,0.33966022502799476,0.35015010015580517,0.39069351301379673,0.36798162212736435,0.32188968867041856,0.0013128988775342751,-0.0020992454173204113,3.6997029941754356e-05,0.011285614929049073,0.006731333745839485,0.00385373345156018,0.00893187946940175,0.00855486504262864,0.008013592634627031,0.5858549,0.61565113,0.79723024,0.4917751,0.49817073,0.6434367,0.5058239,0.6377461,2026-10-05T18:59:34.300337
3,0.6155100464820862,0.49975234270095825,0.7931559890747071,0.6158850789070129,0.7931559890747071,0.7024719390869141,0.77258784532547,2.0107552589416504,0.21977850518226624,1.378106582069397,1.511709330368042,1.0,10.0,,,,,0.5045142767906189,0.5045142767906189,,,,18.354803848266602,0.2718784794935091,0.043602477008726,,0.13291184291552016,0.3113942533541637,0.41002469429164934,0.002068314854067507,0.09669608078232617,1.7663350295109355,,0.004063249098887418,,77.18620013583238,19.528470640729186,,104.57072788894556,77.16608759400192,26.047955543372282,94.44466380708536,39.181741313569866,18.354777682359053,,0.4129527473145989,,0.032043582148802506,0.060309627348450336,,0.03391487452729493,0.018459729518100713,0.057104762287656215,0.0007073710272889465,0.12600129871231736,0.04976143585933242,,,,0.29575,5915.0,0.6924619,0.67629886,0.8031894,0.5041272,0.49877337,0.6307273,0.49738762,0.6263951,0.5119500160217285,0.8598982934951782,0.5834500193595886,0.8598982934951782,0.019,19.0,0.43074214277948514,0.43441458149151724,0.4263114498165767,0.3246393624546184,0.331777006415696,0.32432741937601695,0.4077682446789075,0.41169179443095794,0.40112716875052723,-0.002351531565701732,0.00013012172861739528,0.00020134130530217458,0.0046618935103880455,0.013546170820347262,0.005240783221718419,0.0006963246275240829,0.002366852849556632,0.0009807229759030893,0.48650002,0.58318186,0.7972868,0.50164473,0.49065042,0.63858265,0.50275594,0.65340906,0.49939998984336853,0.7955959572792053,0.6180000901222229,0.7955959572792053,0.018,18.0,0.4718459939238864,0.47595223044553053,0.46706501275993256,0.3461658187980479,0.3819315108654854,0.36262601921998316,0.4410959871051953,0.44155348049305043,0.4223441536921423,0.0028043966310918036,0.0034917268680221135,-3.3276339898001874e-06,0.012374475964982186,0.02235121561165949,0.009525705557105066,0.009486415265285025,0.009997322726300027,0.0030705543902479968,0.67540324,0.6644144,0.80218977,0.49694654,0.50406504,0.65657896,0.50528455,0.6313869,0.5056750029325485,0.8277471253871918,0.6007250547409058,0.8277471253871918,0.0185,18.5,0.45129406835168573,0.4551834059685239,0.44668823128825463,0.33540259062633315,0.3568542586405907,0.34347671929800005,0.42443211589205143,0.4266226374620042,0.41173566122133476,0.0002264325326950358,0.0018109242983197543,9.90068356561872e-05,0.008518184737685116,0.017948693216003377,0.007383244389411743,0.005091369946404554,0.0061820877879283295,0.002025638683075543,0.58095163,0.62379813,0.7997383,0.49929565,0.49735773,0.6475808,0.5040202,0.642398,2026-10-05T19:03:42.353869
4,0.6153124570846558,0.49996015429496765,0.7904250041007995,0.6159124374389648,0.7904250041007995,0.726098538684845,0.7988396194458007,1.990315793800354,0.2245600307941437,1.5936265733718873,1.6389277647018432,1.0,10.0,,,,,0.5360820511341094,0.5360820511341094,,,,18.321815057373048,0.1688663158921679,0.05115211820882407,,0.15811777572817864,0.2660897430151131,0.38357929610143043,0.0019704854337551933,0.08316547883923646,2.020596515980496,,0.003954729412691252,,77.149512467111,19.50414297990738,,104.572255565862,77.12709613970131,26.01735933874823,94.44285330802772,39.178824406520576,18.3217893466828,,0.4938427627466287,,0.033526644110679626,0.06837727831807106,,0.03818121860930874,0.020759469289688547,0.06535758607231887,0.0008292490876706874,0.1370814684659812,0.05388790893421811,,,,0.2656,5312.0,0.69330394,0.67664117,0.8049525,0.50252765,0.49746886,0.627697,0.49370193,0.6333809,0.5103999972343445,0.8573259744644165,0.5834499597549438,0.8573259744644165,0.025,25.0,0.4086491246300042,0.3889295138585014,0.385927818678547,0.36865199844582935,0.35236684980428823,0.3434383657315146,0.4378442621590047,0.4291516174835966,0.38984180063657603,0.03509789674290088,0.03236011131057613,0.033540808813763104,0.039967711592534434,0.041139047305861834,0.0370903129168214,0.03420478649041801,0.030669911939488512,0.029392920245056055,0.4905,0.58227277,0.7972868,0.50230265,0.49593496,0.6397638,0.4980315,0.6488637,0.4999500513076782,0.7960869269371033,0.6159501075744629,0.7960869269371033,0.022,22.0,0.4785009790518027,0.4794922821919988,0.46850289592978767,0.4446692164117696,0.40167564754609203,0.3885469989555318,0.4676217590072689,0.4693019066327692,0.430992413026074,0.0032110646186908243,0.0037389085677963832,0.0010232118950778389,0.004700726366374002,0.014021516263252688,0.008409634076936966,0.006230135286173474,0.006912064069998463,0.0004922933247102358,0.67540324,0.66081077,0.8025548,0.4923664,0.50406504,0.65219295,0.5093496,0.62335765,0.5051750242710114,0.8267064507007599,0.5997000336647034,0.8267064507007599,0.0235,23.5,0.44357505184090346,0.4342108980252501,0.4272153573041673,0.4066606074287995,0.37702124867519016,0.3659926823435232,0.45273301058313675,0.4492267620581829,0.41041710683132504,0.019154480680795855,0.01804950993918626,0.017282010354420473,0.02233421897945422,0.02758028178455726,0.022749973496879183,0.020217460888295742,0.01879098800474349,0.014942606784883145,0.5829516,0.62154174,0.7999208,0.49733454,0.5,0.64597833,0.50369054,0.63611066,2026-10-05T19:07:50.773887
5,0.6162077188491821,0.5019199848175049,0.786883316040039,0.6166825294494629,0.786883316040039,0.7323352812767029,0.805769332408905,1.8666056369781494,0.21592661612033845,1.7722881143569946,1.737363847923279,1.0,10.0,,,,,0.5472235099792481,0.5472235099792481,,,,18.290523880004883,0.16771440564470877,0.04774476847000372,,0.13709637583796955,0.26731811601455047,0.3303176189304157,0.0016564703629883065,0.0689271826083493,1.8636445640378696,,0.002967748426440006,,77.11216211015252,19.479818283372623,,104.57760965140761,77.08846103157967,25.986306087226623,94.44170851008907,39.165417665129254,18.29049901294101,,0.5523428913134678,,0.03485828267920549,0.0746342618564132,,0.04284766302177101,0.02287216618609656,0.07226979637601573,0.0009255058559956872,0.1453439084587583,0.058014342288492594,,,,0.2363,4726.0,0.6938453,0.6756545,0.8066957,0.4966035,0.4966706,0.6296162,0.5001823,0.63680243,0.504300057888031,0.8728068017959595,0.5856999754905701,0.8728068017959595,0.03,30.0,0.4738600132454749,0.46261071354580274,0.46995019644288516,0.451074228187643,0.3644238152966008,0.38014140545136765,0.4617209563532983,0.43217549590181226,0.4225680994834925,0.03697458238791071,0.04052525025464076,0.04141363133280067,0.04345016641228984,0.06920339984339625,0.06333894681696499,0.04778545507177246,0.05483890748693278,0.057629702466109094,0.49650002,0.57954544,0.7972868,0.5075658,0.5,0.63740164,0.5031496,0.6511364,0.5000500082969666,0.8115908751487731,0.6142500638961792,0.8115908751487731,0.025,25.0,0.5274534550694618,0.5204334085882317,0.5178933346844048,0.42752923641689883,0.4351715568344218,0.41529270420417136,0.5200217672230834,0.5152493209243993,0.49996103475718956,0.01534837156627634,0.014866985645710222,0.011611155896966435,0.02610969814113787,0.03380175942610745,0.02126022645080548,0.018847873222380254,0.019862408102822984,0.0166825540567845,0.67540324,0.65630627,0.80218977,0.49580157,0.4878049,0.65219295,0.50853664,0.6270073,0.5021750330924988,0.8421988384723663,0.5999750196933746,0.8421988384723663,0.0275,27.5,0.5006567341574684,0.49152206106701724,0.493921765563645,0.4393017323022709,0.3997976860655113,0.39771705482776953,0.4908713617881908,0.4737124084131058,0.46126456712034103,0.026161476977093524,0.02769611795017549,0.026512393614883552,0.03477993227671385,0.051502579634751855,0.042299586633885236,0.03331666414707636,0.03735065779487788,0.0371561282614468,0.5859516,0.6179259,0.7997383,0.5016837,0.49390244,0.6447973,0.50584316,0.6390718,2026-10-05T19:11:59.552134
6,0.6212172508239746,0.49975255131721497,0.777420802974701,0.6214374303817749,0.777420802974701,0.7320908604621887,0.805497756767273,1.7623225145339967,0.1596529006958008,1.6410015861511231,1.8439145761489868,1.0,10.0,,,,,0.5434221620559693,0.5434221620559693,,,,18.261788186645507,0.16029187221863087,0.049068745747683155,,0.12291271189690396,0.26996377414199196,0.3049005123840016,0.0017247510974586105,0.06716535198887821,1.852473590214541,,0.0031389747510862888,,77.07449846206957,19.455589768233573,,104.58966628153613,77.05074874003222,25.956673360933923,94.44231575157991,39.15679239163733,18.261770394197693,,0.6116192196584811,,0.03574298889299107,0.0794239411498331,,0.04786585567958036,0.024982575327157974,0.07840092508656205,0.0010301694537180766,0.15362116352767702,0.06245138204306554,,,,0.2578,5156.0,0.7011227,0.68318564,0.81673926,0.49990126,0.49663162,0.6346465,0.5007291,0.641222,0.5027499794960022,0.8673313555717468,0.5845499634742737,0.8673313555717468,0.053,53.0,0.5556220432527273,0.5032869176885456,0.5289157063640368,0.5355902379333198,0.4903984110286134,0.4495542977770615,0.5721999919902263,0.577520433799376,0.5310081395025733,0.009551534495663,0.013220457770435078,0.00993868913757304,0.03181301905077978,0.03976822245574782,0.023008150547564405,0.013410885471553126,0.013356561267767889,0.00485066388784609,0.4925,0.5668182,0.7972868,0.50427634,0.502439,0.6322835,0.50708663,0.65871215,0.48910003900527954,0.7994641995429993,0.6127499341964722,0.7994641995429993,0.047,47.0,0.5322180771347166,0.5314619667449577,0.5192564492511468,0.47777101369912306,0.45895819870367105,0.39788317854802324,0.48985102573848893,0.5001896780558251,0.44438250173109967,0.02402457448014702,0.023508121567634106,0.022024843739177603,0.028908553227928777,0.03649047999498977,0.02321985346449047,0.022734354783046987,0.02337433518165634,0.01560866108249254,0.6762097,0.6581081,0.8025548,0.48396948,0.4878049,0.647807,0.5109756,0.6262774,0.49592500925064087,0.8333977775573731,0.5986499488353729,0.8333977775573731,0.05,50.0,0.543920060193722,0.5173744422167517,0.5240860778075918,0.5066806258162214,0.47467830486614226,0.42371873816254235,0.5310255088643576,0.5388550559276006,0.4876953206168365,0.01678805448790501,0.01836428966903459,0.015981766438375324,0.03036078613935428,0.0381293512253688,0.023114002006027437,0.018072620127300057,0.018365448224712113,0.010229662485169315,0.5843549,0.6124631,0.7999208,0.49412292,0.49512196,0.6400453,0.5090311,0.6424948,2026-10-05T19:16:08.402167
7,0.6290727853775024,0.4996124505996704,0.7689256732940674,0.6291753649711609,0.7689256732940674,0.7403148053169251,0.814635471534729,1.6831366720199585,0.15905164375305175,1.6553159479141235,1.9831267808914184,1.0,10.0,,,,,0.5466038128376007,0.5466038128376007,,,,18.238543988037108,0.24187767994441803,0.0679360797812652,,0.14366053558506403,0.32954832285073155,0.2903618567213891,0.002006952234308063,0.07792821120779225,1.6773222584253664,,0.003849818850615341,,77.03729024510474,19.4297718120988,,104.60758165493132,77.01440901057735,25.926703386246018,94.4474347351463,39.20681833157874,18.23852411500967,,0.6845930723627661,,0.036655242892966906,0.08304482076767904,,0.05334375917342058,0.02793363861407444,0.08477564369607124,0.0012592708018673642,0.16975668888942452,0.06850736265539363,,,,0.2492,4984.0,0.71080595,0.70197344,0.84675115,0.50053316,0.4943536,0.6445657,0.4971446,0.6398982,0.5001500844955444,0.8893452577590942,0.5780500173568726,0.8893452577590942,0.062,62.0,0.5669608264995256,0.5710110586546319,0.5442939502621194,0.3989292949422779,0.5068753427204071,0.4199172006608636,0.5689783721827865,0.5689277841221706,0.5091512738905187,0.018698945450849835,0.026840810122324366,0.02798738219188208,0.02660553654154324,0.04523841360494243,0.024900346351535103,0.02057752963220647,0.017357864441771526,0.01976321687286553,0.50100005,0.55727273,0.76511633,0.5009869,0.50365853,0.6244095,0.5059055,0.6537879,0.5039499998092651,0.8016182627677918,0.6130499839782715,0.8016182627677918,0.053,53.0,0.5162256042149289,0.5390633841139532,0.5134788301054555,0.4175023013947595,0.4637469081859693,0.37211430387102173,0.49094128564733774,0.49993464370195106,0.4222868790384055,0.012653352659201587,0.014645931295597905,0.008500686130015658,0.018350033627931327,0.0383604514433808,0.005590608327627457,0.015221441655268867,0.015534894144769603,0.0007066979560652617,0.67379034,0.6603604,0.8244526,0.47900763,0.48414633,0.6399123,0.49878052,0.63248175,0.5020500421524048,0.845481760263443,0.595550000667572,0.845481760263443,0.057499999999999996,57.5,0.5415932153572273,0.5550372213842925,0.5288863901837875,0.4082157981685187,0.4853111254531882,0.39601575226594266,0.5299598289150621,0.5344312139120608,0.4657190764644621,0.01567614905502571,0.020743370708961137,0.01824403416094887,0.022477785084737283,0.041799432524161614,0.01524547733958128,0.017899485643737667,0.016446379293270565,0.010234957414465395,0.5873952,0.60881656,0.7947844,0.48999727,0.49390244,0.6321609,0.502343,0.64313483,2026-10-05T19:20:16.825511
8,0.6366373300552368,0.5001701712608337,0.7553335706710815,0.6369648575782776,0.7553335706710815,0.7350543781280517,0.8087905535697937,1.6273367570877075,0.18977085881233216,1.6237192310333253,1.999958763885498,1.0,10.0,,,,,0.5534651477336884,0.5534651477336884,,,,18.21444768371582,0.2428986209972649,0.07713506323326925,,0.13922876615528088,0.3423557538705267,0.2193705866196353,0.002090682244821078,0.07314820903216958,1.2270119328787372,,0.004172878578000488,,77.00061389898798,19.406212144596562,,104.62163222975032,76.97801490346338,25.896850464450328,94.45008869535604,39.26016283946432,18.21443428962853,,0.6931266564472466,,0.03799724033114257,0.08740511408467201,,0.0578626226752427,0.030712152706684582,0.09060361468867892,0.0014594437607866563,0.18533958769907619,0.07469116165569634,,,,0.2708,5416.0,0.7313152,0.70795405,0.86812603,0.5036335,0.49881235,0.64230305,0.5017213,0.64431775,0.491750031709671,0.9211666793823242,0.5568000674247742,0.9211666793823242,0.073,73.0,0.6147970886663371,0.5871719525628597,0.5718291592350444,0.5955624898160659,0.5763390603958445,0.48109362665731126,0.5944721229820996,0.5892865368151265,0.5163202091348453,0.024273500293237993,0.030655949775713235,0.022122398275119727,0.020278916591955413,0.061942587562053404,0.02159422070016667,0.018965072517796576,0.019347155260351533,0.012576302659261044,0.5145,0.5418182,0.60271317,0.50888157,0.50528455,0.62125987,0.503937,0.6484848,0.4968999922275543,0.8107860274314881,0.6111501455307007,0.8107860274314881,0.076,76.0,0.5919439846580875,0.5994914750043123,0.5497602747061601,0.5380680607871446,0.5155776847798569,0.42946802087161734,0.5411554366336958,0.5516976967575279,0.4719520310748133,0.027542710514783506,0.042129487933254356,0.027087590551040746,0.023939414065257496,0.07586803132667824,0.02361244003788225,0.018474400095397477,0.02559633786634827,0.010876381204569012,0.66774195,0.6761262,0.8434307,0.47328246,0.49430895,0.6280702,0.49593496,0.6010949,0.49432501196861267,0.8659763534069062,0.5839751064777374,0.8659763534069062,0.0745,74.5,0.6033705366622123,0.5933317137835861,0.5607947169706022,0.5668152753016052,0.5459583725878507,0.4552808237644643,0.5678137798078977,0.5704921167863273,0.4941361201048293,0.02590810540401075,0.036392718854483794,0.024604994413080235,0.022109165328606455,0.06890530944436582,0.02260333036902446,0.018719736306597026,0.022471746563349902,0.011726341931915029,0.59112096,0.6089722,0.72307193,0.491082,0.49979675,0.624665,0.49993598,0.62478983,2026-10-05T19:24:25.983968
9,0.6428819894790649,0.5007025003433228,0.7455391017913818,0.6433277726173401,0.7455391017913818,0.7246955176353455,0.797280708026886,1.480754877471924,0.23642346625328065,1.6658147550582885,2.0,1.0,10.0,,,,,0.5593333404064178,0.5593333404064178,,,,18.192187649536134,0.1837127164812984,0.0888793512727994,,0.1389947368935415,0.36277400725966047,0.2372432673812672,0.0021250002341238177,0.07128947800037208,1.2969879261247672,,0.003920901892632602,,76.96288250965678,19.383275402579336,,104.63566637950338,76.94210553017392,25.86497069923741,94.45304880324443,39.31986712801988,18.192170938868433,,0.6931471824645996,,0.03874033478320025,0.0909933020259924,,0.06216748732670098,0.0341224076024666,0.09668837288382706,0.001666847772148859,0.2003960928339867,0.08207114890312693,,,,0.2837,5674.0,0.728749,0.7164922,0.8876189,0.5023302,0.5000389,0.6610707,0.5054273,0.6474949,0.503049910068512,0.8787580242156983,0.5783999562263489,0.8787580242156983,0.081,81.0,0.7932058231659704,0.7998659560014746,0.7703794243346692,0.7645336111952399,0.7779374731343877,0.694250331716038,0.7463183179301932,0.7726071519261021,0.6937265291086764,0.05966822627557048,0.0632115687520174,0.06011821240898979,0.05276144682274527,0.07412838548582704,0.05281420971251842,0.043313981293921666,0.04731208566167351,0.037137819423597195,0.517,0.56045455,0.7267442,0.5085527,0.5134146,0.63385826,0.4826772,0.6746212,0.5026500225067139,0.7913049054145813,0.6165500283241272,0.7913049054145813,0.084,84.0,0.759489054110339,0.797310752879037,0.7644173931293899,0.6683617066190772,0.704676146268128,0.6364417106059559,0.7135674689009646,0.7317641352520389,0.7041223817986402,0.03529472446072957,0.0388224078041197,0.03236123917213586,0.045661750714681086,0.059097907996429264,0.04076718979101757,0.03238690197254957,0.03355879152921803,0.022247688210106618,0.675,0.66981983,0.8427008,0.47519085,0.4817073,0.6368421,0.50772357,0.6313869,0.5028499662876129,0.8350314648151398,0.597474992275238,0.8350314648151398,0.0825,82.5,0.7763474386381547,0.7985883544402558,0.7673984087320296,0.7164476589071586,0.7413068097012578,0.665346021160997,0.7299428934155789,0.7521856435890705,0.6989244554536582,0.047481475368150027,0.051016988278068554,0.046239725790562826,0.04921159876871318,0.06661314674112814,0.046790699751768,0.037850441633235615,0.040435438595445766,0.029692753816851908,0.596,0.6151372,0.78472245,0.49187177,0.49756098,0.63535017,0.4952004,0.65300405,2026-10-05T19:28:34.735867
10,0.6472073793411255,0.5010027289390564,0.7354042505264282,0.6481221914291382,0.7354042505264282,0.7311345383644104,0.8044351764678955,1.5093019302368165,0.2360650004029274,1.6725571756362916,2.0,1.0,10.0,,,,,0.5643897787094116,0.5643897787094116,,,,18.1691926361084,0.21008725091814995,0.09578267018648849,,0.14404939345208703,0.3584964627483089,0.23761042449504707,0.002162329872972243,0.07174788727454699,1.2525970320792714,,0.004890681627787839,,76.92572011765401,19.361906039487025,,104.6491667146136,76.90599385644221,25.833992964143206,94.45296215859189,39.376169459834976,18.169165179987623,,0.6931471824645996,,0.039686322924058146,0.09412987136347278,,0.06612618096694825,0.03698609624603751,0.10276501545101215,0.0018765802849618019,0.21417294006059123,0.08910049265547162,,,,0.28435,5687.0,0.7410786,0.7269432,0.9068146,0.50102687,0.49577492,0.66052526,0.50012153,0.65541756,0.5060999989509583,0.8710070276260375,0.5735999941825867,0.8710070276260375,0.066,66.0,0.551495664932094,0.5691310868287847,0.5510924258060208,0.43669294193648034,0.5324348153621709,0.42099464706065093,0.5341397843888287,0.5451024226640981,0.514191817979122,0.018568810592823483,0.03128735725547245,0.021205836323078278,0.020508594961993816,0.049069498001994116,0.015559520360330427,0.00615643072744867,0.01279198329020218,0.009012159861477763,0.535,0.5631818,0.6802326,0.5075658,0.50365853,0.6401575,0.49015749,0.66477275,0.5063999891281128,0.7701882452964782,0.6240000128746033,0.7701882452964782,0.074,74.0,0.6335270930854047,0.6766803579130604,0.650167982182326,0.5277014369187834,0.5882201242259391,0.521777404357361,0.6223908835671202,0.6344082297204215,0.6213689494395561,0.03336824942321189,0.042750528267247304,0.031199334344652548,0.04152342031033737,0.0637604950183266,0.02708054109383802,0.028909496105164696,0.029129287549789183,0.02384247205660548,0.68911296,0.6851352,0.8470803,0.4820611,0.49471545,0.6442983,0.5028455,0.6361314,0.5062499940395355,0.8205976364612579,0.598800003528595,0.8205976364612579,0.07,70.0,0.5925113790087493,0.6229057223709225,0.6006302039941733,0.48219718942763184,0.560327469794055,0.47138602570900595,0.5782653339779744,0.5897553261922599,0.567780383709339,0.025968530008017687,0.03701894276135988,0.026202585333865415,0.031016007636165594,0.05641499651016036,0.021320030727084223,0.017532963416306682,0.020960635419995682,0.016427315959041622,0.6120565,0.6241585,0.76365644,0.49481344,0.499187,0.6422279,0.4965015,0.6504521,2026-10-05T19:32:42.692631
11,0.658689558506012,0.4995175898075104,0.7142007005691529,0.6595125794410706,0.7142007005691529,0.733403744506836,0.8069565137863159,1.4848038333892821,0.20180292587280274,1.7021743104934692,2.0,1.0,10.0,,,,,0.5993829656600952,0.5993829656600952,,,,18.140239129638672,0.21983555433856453,0.09294829200834605,,0.16399397449508593,0.3469402694208607,0.2459252405982868,0.002543489954799153,0.08291970964544898,1.394058717284233,,0.005644210602770779,,76.88914125284572,19.35236189775406,,104.67105559330837,76.86906705236738,25.805731390691868,94.45358145161039,39.41331331289498,18.140211311874875,,0.6931471824645996,,0.041612920179298726,0.1002256496791627,,0.07112265658226742,0.03903441432460099,0.10791947986859425,0.0021099115078260376,0.22512879739901062,0.09180865787966236,,,,0.31495,6299.0,0.77854854,0.75493354,0.91351026,0.50323856,0.4948014,0.66973734,0.4988862,0.66564155,0.499750018119812,0.7907919220924378,0.6277999877929688,0.7907919220924378,0.155,155.0,0.5969151602252434,0.5697944119230217,0.5731064925124898,0.5325096366058529,0.49151179517667687,0.5260559092702914,0.5989832034560497,0.5865685473566282,0.5585227836673186,0.03224565840097063,0.030667004804529694,0.026321075563075124,0.06685673912739157,0.08627556915678398,0.047898469360081374,0.03352072061384973,0.029217825996680616,0.030115540751425023,0.628,0.73136365,0.83062017,0.5019737,0.501626,0.66377956,0.5137795,0.6806818,0.5034999251365662,0.760205424785614,0.6420499682426453,0.760205424785614,0.149,149.0,0.579065149537757,0.5861725812184004,0.5829827127716077,0.4780518152867731,0.4620631102865218,0.4776148734955184,0.5514094406541686,0.5514119532360645,0.5377572393566328,0.022394604594457836,0.02448321144647703,0.017892928343010355,0.03953806598713498,0.06262392722028298,0.029145472951464142,0.021488856681932844,0.021505623803270407,0.016003163934160396,0.7520161,0.73963964,0.8510949,0.48931298,0.4886179,0.6530702,0.50447154,0.65255475,0.5016249716281891,0.7754986734390259,0.634924978017807,0.7754986734390259,0.152,152.0,0.5879901548815002,0.5779834965707111,0.5780446026420487,0.505280725946313,0.47678745273159934,0.5018353913829049,0.5751963220551092,0.5689902502963464,0.5481400115119757,0.027320131497714232,0.027575108125503362,0.02210700195304274,0.053197402557263275,0.07444974818853348,0.03852197115577276,0.027504788647891288,0.025361724899975513,0.02305935234279271,0.69000804,0.73550165,0.8408575,0.49564332,0.49512196,0.65842485,0.50912553,0.6666183,2026-10-05T19:36:51.495465
12,0.6745001077651978,0.5016000270843506,0.68726704287529,0.6747952103614807,0.68726704287529,0.7368546113967895,0.8107908145904541,1.4463497310638427,0.17365484538078307,1.7247568340301513,2.0,1.0,10.0,,,,,0.6389075006484985,0.6389075006484985,,,,18.111409176635743,0.18755351310702645,0.09771832068017713,,0.15124096939708018,0.33234643167371203,0.26031818288336894,0.0024387719907507203,0.0833886825497363,1.4030543051327868,,0.005865274799860136,,76.855464279272,19.34615590769774,,104.69128831025142,76.83261803305074,25.781427784330525,94.45661313974173,39.51019634562693,18.1113872406589,,0.6931471824645996,,0.044315717473721046,0.10915411994525581,,0.07565437451859189,0.04142515240296437,0.1148355286687043,0.002373362179537108,0.24166091175595666,0.09521661869659545,,,,0.31575,6315.0,0.8194868,0.7944825,0.91317356,0.50205374,0.49678737,0.6900202,0.49981776,0.6866599,0.5109500288963318,0.789270402431488,0.6281999945640564,0.789270402431488,0.184,184.0,0.5852549341192116,0.5855039874912278,0.5776600317678311,0.5547715095861668,0.432737402125366,0.47729082335034584,0.5349271066831051,0.5306574828926518,0.5016918207127561,0.059930124182548526,0.06306812810620899,0.05333584809909284,0.08080449072210671,0.11973507830036349,0.0743220250638358,0.061903627635407486,0.06582788487307566,0.050809717936269365,0.6635,0.7090909,0.87558144,0.49375,0.499187,0.6389764,0.5125984,0.66818184,0.5057500004768372,0.7517580547332764,0.646850049495697,0.7517580547332764,0.193,193.0,0.6139377711592353,0.6267590234525747,0.6189294478877234,0.555323614361729,0.46250727352778526,0.5082363846047528,0.5918140445537987,0.5848464681246912,0.5774027285332751,0.03370535101293748,0.04134321581911232,0.030838037268661873,0.041233727616784406,0.07383759202146001,0.03443476877953722,0.03539895954884172,0.03990376641492562,0.03361070049891958,0.75766134,0.7414415,0.84963506,0.50229007,0.5065041,0.6622807,0.5028455,0.6478102,0.5083500146865845,0.7705142285823823,0.6375250220298767,0.7705142285823823,0.1885,188.5,0.5995963526392234,0.6061315054719012,0.5982947398277773,0.5550475619739479,0.4476223378265756,0.49276360397754937,0.5633705756184519,0.5577519755086715,0.5395472746230157,0.046817737597743006,0.052205671962660655,0.04208694268387736,0.06101910916944556,0.09678633516091176,0.05437839692168651,0.048651293592124605,0.052865825644000636,0.04221020921759447,0.7105807,0.7252662,0.86260825,0.49802005,0.5028455,0.65062857,0.50772196,0.65799606,2026-10-05T19:40:59.954861
13,0.6789976358413696,0.5021226406097412,0.6767268580436706,0.6794826984405518,0.6767268580436706,0.7489928349494934,0.8242777276992798,1.5247961181640626,0.16408464835882186,1.6793345500946044,2.0,1.0,10.0,,,,,0.6434405965805053,0.6434405965805053,,,,18.082417391967773,0.17893564295332143,0.09193528219938847,,0.15769924643407962,0.32163117313460937,0.27401143910398906,0.0023157437547750674,0.08055616765739812,1.4654000648267709,,0.0061990105525507435,,76.81915555334395,19.328319841129765,,104.70370969347134,76.79675152043627,25.75691439391701,94.46027150731177,39.592347892226684,18.082394095742778,,0.6931471824645996,,0.04546665739576528,0.11370020478394381,,0.07882485880403761,0.04398139910238564,0.12233573867447058,0.0025501368110584224,0.2555909845859382,0.10007429023267357,,,,0.32375,6475.0,0.83159584,0.8050141,0.9212956,0.49863747,0.49787775,0.6939596,0.49744838,0.6943381,0.5042999982833862,0.7604526314735413,0.6390999555587769,0.7604526314735413,0.213,213.0,0.5744727717008061,0.5667212847422985,0.5599625105886179,0.5647295160896492,0.47041264378287817,0.5191846814118315,0.5562951591387978,0.5395485237529487,0.5059264337882317,0.048154376195841384,0.044116062407977594,0.04480292769313021,0.06606387710073716,0.11348763755199799,0.06418628408605215,0.05421418436840076,0.05819435136419586,0.0484197280810424,0.66800004,0.71636367,0.91782945,0.5019737,0.49715447,0.6614173,0.51299214,0.67045456,0.5004500150680542,0.7295669960975647,0.6489999890327454,0.7295669960975647,0.219,219.0,0.6021032442538929,0.5955971428852574,0.5955534292968596,0.5607931587616225,0.456006499735476,0.5126022511400136,0.58155224696663,0.5709450283584553,0.5483152795229685,0.035146990863507185,0.03578946038721529,0.028891519970957208,0.04523494801862203,0.07338957488737029,0.03434808202475666,0.03619087853232902,0.04118438901086315,0.030061301273536286,0.75725806,0.740991,0.85145986,0.50229007,0.49552846,0.6675438,0.5093496,0.6620438,0.5023750066757202,0.745009813785553,0.6440499722957611,0.745009813785553,0.216,216.0,0.5882880079773496,0.581159213813778,0.5777579699427388,0.5627613374256358,0.4632095717591771,0.5158934662759225,0.5689237030527139,0.555246776055702,0.5271208566556,0.041650683529674284,0.039952761397596445,0.03684722383204371,0.0556494125596796,0.09343860621968414,0.0492671830554044,0.04520253145036489,0.0496893701875295,0.03924051467728934,0.7126291,0.72867733,0.8846446,0.5021319,0.49634147,0.66448057,0.51117086,0.66624916,2026-10-05T19:45:08.676777
14,0.6837849020957947,0.49876514077186584,0.665238355588913,0.6844875812530518,0.665238355588913,0.7438570172309875,0.8185712628364563,1.512068309020996,0.16005150299072265,1.6981541687011719,2.0,1.0,10.0,,,,,0.6632178513526916,0.6632178513526916,,,,18.051711889648438,0.1370466545129278,0.094280529019844,,0.1533022790577761,0.3157466543707878,0.30127030160206897,0.0023494716574271822,0.0807094861676169,1.4966502415526444,,0.005769071128229747,,76.78228327271286,19.30588263007486,,104.71387462251505,76.76037160302424,25.73315180638793,94.46448492548268,39.71329350076663,18.05168698547752,,0.6931471824645996,,0.046493710772057245,0.11617936905781934,,0.08168058216002337,0.04620302349898466,0.13007308988814142,0.002771164382552835,0.272373765707016,0.10474912523274209,,,,0.32415,6483.0,0.8428428,0.818083,0.9267433,0.49838075,0.49781933,0.69624245,0.49692184,0.7034216,0.4934999942779541,0.7555855646133423,0.6381500363349915,0.7555855646133423,0.203,203.0,0.583914909338219,0.6042076406968812,0.5983797032928756,0.49911856870331545,0.38463920659905676,0.4886608054734642,0.5786048848076694,0.5880813248328902,0.5794771195904994,0.01704027971602714,0.024587842954327123,0.0175424687618073,0.03060223094447663,0.08229687045110623,0.03682125978289326,0.02517464186738496,0.03275216277887067,0.02189447032938455,0.65050006,0.7190909,0.9151163,0.5009869,0.4995935,0.6614173,0.5086614,0.67992425,0.4962500035762787,0.7228570289611816,0.6474500298500061,0.7228570289611816,0.2,200.0,0.6246967565984439,0.6467688760294995,0.6319082842147344,0.5358235006886874,0.43756912317591373,0.48884148381570086,0.6085685530991083,0.6141864416083446,0.5975594053027501,0.034148409583657086,0.04119132263134864,0.031612594732394576,0.04353962419725571,0.081546091210318,0.038857432948740174,0.03902006146285071,0.04668774218830554,0.036988909136165045,0.7592742,0.74009013,0.8518249,0.49580157,0.49756098,0.6635965,0.50406504,0.66167885,0.4948749989271164,0.739221296787262,0.6428000330924988,0.739221296787262,0.2015,201.5,0.6043058329683315,0.6254882583631903,0.615143993753805,0.5174710346960014,0.41110416488748525,0.4887511446445825,0.5935867189533888,0.6011338832206174,0.5885182624466248,0.025594344649842112,0.03288958279283788,0.024577531747100936,0.03707092757086617,0.08192148083071212,0.03783934636581672,0.03209735166511783,0.0397199524835881,0.0294416897327748,0.70488715,0.72959054,0.8834706,0.49839422,0.49857724,0.66250694,0.5063632,0.6708015,2026-10-05T19:49:17.211756
15,0.6856849193572998,0.5004200339317322,0.6616202828884125,0.6856300234794617,0.6616202828884125,0.7453460868835449,0.820225785446167,1.5649416334152222,0.15111342203617095,1.7405625841140746,2.0,1.0,10.0,,,,,0.6681769147872925,0.6681769147872925,,,,18.020169998168946,0.16498549963543369,0.09049876442380772,,0.1573287501551543,0.2964282319139523,0.29434651217073393,0.002292189916898348,0.07855929187528647,1.4919460727151033,,0.00518629241810376,,76.74423645408291,19.282982759414963,,104.72259453451558,76.72355914267764,25.708739371816065,94.46595346244277,39.80819840643816,18.020147432946857,,0.6931471824645996,,0.047151353803409894,0.11885935680311956,,0.08419919659377663,0.04791206297031633,0.13645690271429195,0.002947625647755755,0.28605019932339903,0.10806141513737903,,,,0.32355,6471.0,0.8445469,0.8187072,0.9270602,0.50347555,0.5009541,0.69751513,0.49854192,0.69859475,0.5066999793052673,0.7659511041641235,0.639549970626831,0.7659511041641235,0.208,208.0,0.5916979156922919,0.588871981675884,0.588045066322537,0.5502487192360805,0.43872003043218893,0.5041550590991721,0.566370886037114,0.5707479184117281,0.5473562058526268,0.033920138393208635,0.030986409568511536,0.029772180063870703,0.06116706861675138,0.08734891460049844,0.06219293403480171,0.040372168966755634,0.04105356255196133,0.029470331515834388,0.65450007,0.7245455,0.9186047,0.50296056,0.499187,0.66259843,0.51023626,0.675,0.4973999559879303,0.7393814845085144,0.6507499814033508,0.7393814845085144,0.219,219.0,0.6366824372253242,0.6599238758747581,0.6488657826732707,0.5611769949426758,0.46837960683944585,0.5248562725073774,0.6160377919244174,0.630531596462147,0.6146043541161043,0.039615798024889425,0.04606632941621637,0.03571942757433749,0.04985132463797177,0.09770756515141818,0.045751264998476045,0.04556973750712288,0.05388118263613603,0.04538593021614239,0.767742,0.7391892,0.85145986,0.5026717,0.49756098,0.66885966,0.50447154,0.6678832,0.5020499676465988,0.7526662943363189,0.6451499760150909,0.7526662943363189,0.2135,213.5,0.614190176458808,0.624397928775321,0.6184554244979038,0.5557128570893781,0.4535498186358174,0.5145056658032747,0.5912043389807657,0.6006397574369375,0.5809802799843655,0.036767968209049026,0.03852636949236395,0.032745803819104094,0.055509196627361576,0.09252823987595832,0.05397209951663888,0.04297095323693925,0.04746737259404868,0.03742813086598839,0.711121,0.7318673,0.8850323,0.50281614,0.498374,0.66572905,0.5073539,0.6714416,2026-10-05T19:53:25.797157
16,0.6866680383682251,0.4996353089809418,0.6577327359676362,0.6865274906158447,0.6577327359676362,0.7400901962280273,0.8143859068870545,1.54821058177948,0.15004758501648902,1.6987678314208985,2.0,1.0,10.0,,,,,0.6671541437149048,0.6671541437149048,,,,17.99000238342285,0.1443917483186266,0.10303443156562414,,0.15273791769887232,0.2975524726566995,0.2945615891723116,0.002298086422649776,0.0770521710632713,1.5463182649035363,,0.00536642962463117,,76.70691199818994,19.25918971505135,,104.7288762475275,76.6862973741665,25.68268313073808,94.4683997767746,39.879590854523286,17.989977696898638,,0.6931471824645996,,0.04797834492508014,0.12092538434229079,,0.08634842761382935,0.04944783200029355,0.14240802777041295,0.003127334815906776,0.29718670742526937,0.1114786255891156,,,,0.3334,6668.0,0.847073,0.8253725,0.9292789,0.50260663,0.49721572,0.698202,0.49505875,0.7019348,0.49845001101493835,0.7763587350845337,0.6383500695228577,0.7763587350845337,0.217,217.0,0.6468147804770973,0.6496116205102124,0.6454301955605336,0.5756261383070261,0.46303098676511806,0.5336090744365026,0.6459191334334633,0.6549808977538704,0.6297633894582969,0.04130181878151247,0.047449178930181427,0.03506226811858235,0.07092452070366548,0.12753547410433125,0.06006029301209061,0.04571125244742032,0.048813138468187835,0.0357519781272239,0.655,0.7227273,0.90891474,0.5009869,0.5012195,0.6673228,0.50826776,0.67424244,0.49970000982284546,0.7496476826667786,0.6474500894546509,0.7496476826667786,0.209,209.0,0.6535160616482347,0.6723492672934948,0.6601646106931854,0.5558252556083672,0.44077093930308286,0.5207023595117493,0.6484475278005664,0.662206793688193,0.6510541547332059,0.03256582494536471,0.04138590305487049,0.028790063647257193,0.04459837426635356,0.0942731344971912,0.03789450700048228,0.03859262191343679,0.04746183491896098,0.037625594783584515,0.75887096,0.7436937,0.8459854,0.5030534,0.49593496,0.6649123,0.5004065,0.66167885,0.4990750104188919,0.7630032088756562,0.6429000794887543,0.7630032088756562,0.213,213.0,0.650165421062666,0.6609804439018536,0.6527974031268595,0.5657256969576967,0.45190096303410043,0.5271557169741259,0.6471833306170148,0.6585938457210316,0.6404087720957514,0.03693382186343859,0.044417540992525956,0.03192616588291977,0.05776144748500952,0.11090430430076123,0.04897740000628645,0.042151937180428554,0.048137486693574406,0.03668878645540421,0.70693547,0.7332105,0.8774501,0.5020201,0.49857724,0.66611755,0.50433713,0.66796064,2026-10-05T19:57:35.033597
17,0.6855950951576233,0.5002725720405579,0.6567688712120057,0.6856048703193665,0.6567688712120057,0.7604570436477661,0.8370157358169555,1.6338584383010863,0.14488569267988205,1.7623515642166139,2.0,1.0,10.0,,,,,0.6896653438568116,0.6896653438568116,,,,17.959830172729493,0.11246181621103529,0.09223128539646507,,0.14219186436028997,0.2717258932579095,0.2740212863512859,0.0020604253213431472,0.07030270848968986,1.4344129427603096,,0.005099736058426084,,76.6698155008304,19.234775701146216,,104.7361678105251,76.64913629422522,25.654810255500163,94.46987540858566,39.94100286398724,17.959804680696717,,0.6931471824645996,,0.048995668246487906,0.12262982913073461,,0.08851515273949143,0.05093643363494023,0.14795196597363539,0.003266472909243623,0.3070589505183469,0.11437571532787032,,,,0.31335,6267.0,0.843745,0.8268627,0.93116087,0.4953199,0.4972352,0.6967475,0.50020254,0.69814664,0.49525001645088196,0.7552174434661866,0.6381500363349915,0.7552174434661866,0.205,205.0,0.6048385857808309,0.6066281820279523,0.6023450229764076,0.5562948147001667,0.4589642271173482,0.5289318757143611,0.6055206680708951,0.610350215228828,0.5733484869645532,0.01512932562147894,0.0226474467118908,0.013542068561241002,0.03908276789664328,0.08766306203567195,0.04173169390214389,0.021950835468622254,0.026413201588839738,0.01911280139778668,0.66150004,0.71363634,0.9116279,0.4993421,0.5028455,0.6673228,0.5094488,0.6719697,0.4953001141548157,0.7199249329566956,0.6483999490737915,0.7199249329566956,0.211,211.0,0.6132039343177356,0.6323569813989224,0.6215844805503297,0.5361078364049774,0.4363541891262405,0.5061662067909481,0.5993868470135811,0.613181516813083,0.5847674746970152,0.04646257236846393,0.04958143009097166,0.03773558499818001,0.05865589449223177,0.09559371310097077,0.047478286246855725,0.05460800585926885,0.05674693358238912,0.04739722228925311,0.77056456,0.736937,0.85072994,0.4980916,0.49349594,0.66535085,0.5028455,0.6631387,0.4952750653028488,0.7375711882114411,0.6432749927043915,0.7375711882114411,0.208,208.0,0.6090212600492833,0.6194925817134374,0.6119647517633686,0.5462013255525721,0.4476592081217944,0.5175490412526547,0.6024537575422382,0.6117658660209555,0.5790579808307842,0.030795948994971435,0.03611443840143123,0.025638826779710508,0.048869331194437524,0.09162838756832137,0.044604990074499806,0.03827942066394555,0.04158006758561443,0.033255011843519894,0.71603227,0.72528666,0.8811789,0.49871686,0.49817073,0.66633683,0.50614715,0.6675542,2026-10-05T20:01:43.964092
18,0.6848098039627075,0.5002948045730591,0.656956596660614,0.6848750710487366,0.656956596660614,0.7672346570968628,0.8445464184761048,1.6902083240509034,0.13141236466169356,1.7552332206726073,2.0,1.0,10.0,,,,,0.6956564747810364,0.6956564747810364,,,,17.92939472961426,0.11315458009292366,0.10906396484726173,,0.15223594595956955,0.26304139951421956,0.29450490586696915,0.001967482939866745,0.06836634855361501,1.5856674218633373,,0.004626687866365715,,76.63280647423616,19.211673287069722,,104.74093501583026,76.611754156222,25.626303338700797,94.47197018763062,39.99312027852247,17.929373443506325,,0.6931471824645996,,0.049889828606395965,0.12524506549356848,,0.09040208687638021,0.05229702546812926,0.15330095655599218,0.0033569895709823273,0.3160211326210362,0.1175541145976182,,,,0.3069,6138.0,0.84723336,0.8271244,0.92856574,0.49670222,0.49721572,0.69062626,0.49479547,0.7012627,0.48934996128082275,0.7661025094985962,0.6313000321388245,0.7661025094985962,0.206,206.0,0.6516258191696873,0.6690021720742296,0.6633063857434411,0.585639237098539,0.4396127304390726,0.5571585266882754,0.673491276326325,0.6809765608675038,0.6637745850330861,0.042906923431504256,0.045109094865611106,0.03955530484925317,0.07564053381017491,0.10517940321483077,0.07006965597464633,0.04780448504247554,0.04508637115546333,0.04446930504608017,0.638,0.6990909,0.9251938,0.50296056,0.49837402,0.65984255,0.5019685,0.6511364,0.5047498941421509,0.7403369603157044,0.6443000435829163,0.7403369603157044,0.198,198.0,0.6329200179667256,0.6680630238688755,0.6493720979278567,0.5261253884239192,0.4424595772673552,0.5061294989949064,0.6249739145332258,0.6440245693983749,0.628813581277189,0.03269643246931149,0.04665723179018967,0.029670003393693665,0.04418978708146332,0.08602473915253976,0.03720043024862859,0.036573731302001165,0.04750362354406178,0.0404557335201773,0.7616936,0.7387387,0.8510949,0.49389318,0.4894309,0.65482455,0.502439,0.6562044,0.4970499277114868,0.7532197349071503,0.6378000378608704,0.7532197349071503,0.202,202.0,0.6422729185682065,0.6685325979715526,0.6563392418356488,0.5558823127612291,0.44103615385321393,0.5316440128415909,0.6492325954297754,0.6625005651329394,0.6462940831551376,0.03780167795040787,0.04588316332790039,0.034612654121473414,0.05991516044581911,0.09560207118368527,0.053635043111637457,0.04218910817223835,0.04629499734976256,0.04246251928312873,0.6998468,0.7189148,0.8881444,0.49842685,0.49390244,0.65733355,0.50220376,0.65367043,2026-10-05T20:05:53.138336
19,0.6851803660392761,0.49877476692199707,0.6568709949970245,0.6851426362991333,0.6568709949970245,0.7729838663101196,0.8509344261169434,1.7126614177703858,0.13819610668420793,1.7240812999725341,2.0,1.0,10.0,,,,,0.6949752097129822,0.6949752097129822,,,,17.899113369750978,0.10524257471796813,0.10134801986348477,,0.14149624640774575,0.255658255118853,0.2971157687864486,0.0020736303005462428,0.06865909292249922,1.562727003720156,,0.004641682911233437,,76.59530770854586,19.18964138152493,,104.74600054504006,76.57456178118468,25.595666047114477,94.47335499563034,40.05844854852956,17.899090955211857,,0.6931471824645996,,0.0505430033537233,0.12783229246640662,,0.09222774672660099,0.053677237290106004,0.15804972390460362,0.0035033073590676877,0.32579712408363437,0.12073293470652999,,,,0.2965,5930.0,0.8496191,0.8224729,0.92751586,0.49972355,0.49865657,0.69620204,0.49268937,0.69867617,0.4907000660896301,0.7748209118843079,0.634350061416626,0.7748209118843079,0.199,199.0,0.6288698047682534,0.6149265463071504,0.6199631915286937,0.5875121144842288,0.4496035268068537,0.5493438663221623,0.6620970478287231,0.6645541448191774,0.6316618071614049,0.045117310111513105,0.03742063521598605,0.04094574784247156,0.06340515964833811,0.08202289068758654,0.06282322802270042,0.05867684668786467,0.05687114683153969,0.04881669854617432,0.63,0.71727276,0.90465117,0.5026316,0.50365853,0.65984255,0.50826776,0.6746212,0.5041500329971313,0.733734046459198,0.6466999650001526,0.733734046459198,0.2,200.0,0.6298036808868027,0.6506515701180062,0.6338945727624945,0.5669587799321859,0.46481698288652495,0.5304833424063432,0.6333879056806294,0.6445100110084316,0.628677509632903,0.03190839855288031,0.04086219781208045,0.030639055502239654,0.04876127578926925,0.08460694983257973,0.04841659967693667,0.03775762151962134,0.04954754068879007,0.043515921928102934,0.7689516,0.75360364,0.8518249,0.49007636,0.48536587,0.65219295,0.50406504,0.66240877,0.49742504954338074,0.754277479171753,0.6405250132083893,0.754277479171753,0.1995,199.5,0.629336742827528,0.6327890582125784,0.6269288821455941,0.5772354472082073,0.4572102548466893,0.5399136043642527,0.6477424767546762,0.6545320779138045,0.6301696583971539,0.03851285433219671,0.039141416514033245,0.03579240167235561,0.056083217718803674,0.08331492026008314,0.05561991384981854,0.048217234103743005,0.05320934376016488,0.04616631023713863,0.69947577,0.7354382,0.878238,0.49635398,0.4945122,0.6560178,0.5061664,0.66851497,2026-10-05T20:10:01.136803
20,0.6880478858947754,0.4997824728488922,0.6514485933303833,0.687984824180603,0.6514485933303833,0.7753249219894409,0.8535356015205383,1.741629588508606,0.13134657601118088,1.6709496644973756,2.0,1.0,10.0,,,,,0.7081482345581055,0.7081482345581055,,,,17.8686747467041,0.13615204355898936,0.10000609451086279,,0.1535562397852825,0.25387374734043316,0.290584753937782,0.0020182041446144463,0.06742413067941073,1.462881516119477,,0.005004787229588789,,76.55834552740595,19.16399311867489,,104.75342841664697,76.53732513622114,25.565637588500977,94.47607650270888,40.12970016868251,17.868651104580824,,0.6931471824645996,,0.05140392600920549,0.12943135761910943,,0.09426714356537837,0.05488317239151639,0.16273395460882004,0.0036562549226152098,0.33567434796102485,0.12351230308888064,,,,0.3044,6088.0,0.84743387,0.82684255,0.9305864,0.50250787,0.5000779,0.6969293,0.50372624,0.70028514,0.5051000118255615,0.7701062264442444,0.6324999928474426,0.7701062264442444,0.191,191.0,0.6263910134950528,0.6194529644434974,0.6227970615198796,0.581889110750601,0.45449248623572835,0.5362259953772657,0.6390242649259054,0.6402120069133969,0.6249187047399412,0.04251414653976849,0.04140705688026778,0.03432321756334102,0.0753001626040235,0.10725945936314617,0.057340321350634216,0.046612913307282934,0.04045639985891311,0.02949232294385148,0.65950006,0.6931818,0.90387595,0.50131583,0.5,0.6590552,0.515748,0.6575758,0.5086999535560608,0.727378734588623,0.6495999693870544,0.727378734588623,0.201,201.0,0.6484597664687545,0.669683687757441,0.6559445415261984,0.5514119910823746,0.4313191496050206,0.5156334148828394,0.632456827009043,0.6396485381898801,0.6301129494768699,0.03778105164552513,0.04284539641483817,0.034435246355064536,0.05455488777078351,0.09051014343051361,0.05229475156617255,0.041555520501013826,0.05017486181094517,0.04327483105821454,0.75887096,0.7432432,0.8518249,0.49732825,0.5089431,0.6671053,0.5089431,0.6562044,0.5068999826908112,0.7487424805164338,0.6410499811172485,0.7487424805164338,0.196,196.0,0.6374253899819036,0.6445683261004692,0.639370801523039,0.5666505509164879,0.4429058179203745,0.5259297051300525,0.6357405459674742,0.6399302725516385,0.6275158271084056,0.04014759909264681,0.04212622664755297,0.03437923195920278,0.06492752518740351,0.0988848013968299,0.054817536458403385,0.04408421690414838,0.04531563083492914,0.03638357700103301,0.7091855,0.7182125,0.8778504,0.49932206,0.50447154,0.6630802,0.51234555,0.6568901,2026-10-05T20:14:09.454045
21,0.687332808971405,0.5003030300140381,0.648384680891037,0.687450110912323,0.648384680891037,0.7809714126586914,0.8598094827651978,1.789911188697815,0.1258459340453148,1.6623573137283325,2.0,1.0,10.0,,,,,0.7059693939208984,0.7059693939208984,,,,17.839932556152345,0.14477855519978863,0.09646835125935306,,0.156126432785183,0.25673052640097915,0.27125306902038065,0.0019823048589306226,0.06461178705950452,1.421865016981295,,0.004490738474892951,,76.52202256318111,19.139847081178313,,104.76276174168677,76.49993046074157,25.535218852340794,94.47645831259952,40.18915616175172,17.83990966894065,,0.6931471824645996,,0.05222130028210628,0.13209358541069516,,0.09655091698002663,0.056082245603108864,0.1669904235631797,0.0037790812154531858,0.34435450689048525,0.12627525395079023,,,,0.29335,5867.0,0.8525662,0.8272453,0.93373615,0.49921012,0.4953466,0.69757575,0.5008911,0.6976171,0.4944499731063843,0.7675383429527283,0.6347500085830688,0.7675383429527283,0.172,172.0,0.6187994481648652,0.641208651967434,0.6459671468399475,0.5150434526287352,0.4522668728433282,0.5138060570866102,0.6242550746872911,0.6589905514235413,0.6408853524189371,0.04102148153917017,0.04459895664809231,0.04219692311506713,0.06372607215776153,0.11527274855222368,0.0815691365581047,0.028989512458000227,0.02984130651402349,0.025448232107882534,0.64849997,0.70590913,0.9120155,0.5009869,0.50447154,0.6566929,0.50708663,0.67121214,0.5044999718666077,0.7203221623897552,0.6493500471115112,0.7203221623897552,0.174,174.0,0.6047514787601285,0.6264320551487367,0.6188906189706723,0.5203494917718894,0.4337524188251604,0.4908407491187116,0.5884250312002389,0.606185711052229,0.5927510664037473,0.03991247904326021,0.0487721194236166,0.03692253820873993,0.0592736251827386,0.09715741505245507,0.056087497319414745,0.04946087812244026,0.05494354924009519,0.04826864020283955,0.76250005,0.74729735,0.8518249,0.4965649,0.49593496,0.65921056,0.5093496,0.6664234,0.49947497248649597,0.7439302526712417,0.64205002784729,0.7439302526712417,0.173,173.0,0.6117754634624968,0.6338203535580853,0.63242888290531,0.5176964722003123,0.4430096458342443,0.5023234031026609,0.606340052943765,0.6325881312378852,0.6168182094113421,0.04046698029121519,0.04668553803585446,0.03955973066190353,0.06149984867025007,0.10621508180233938,0.06882831693875972,0.03922519529022024,0.04239242787705934,0.036858436155361045,0.7055,0.72660327,0.8819202,0.4987759,0.50020325,0.6579517,0.5082181,0.66881776,2026-10-05T20:18:17.570819
22,0.6881823539733887,0.49891263246536255,0.6463575382232666,0.6880475282669067,0.6463575382232666,0.7815807830810547,0.8604865550041199,1.7915265003204346,0.10833338466882705,1.7522008291244506,2.0,1.0,10.0,,,,,0.720104983997345,0.720104983997345,,,,17.811565744018555,0.10238850480953979,0.09422373895052892,,0.13845874217285473,0.2506546639617841,0.25909236733131347,0.0018682104493135431,0.0607423453597696,1.4231977075528188,,0.004264281941970787,,76.48413119953909,19.114297040708504,,104.7699040212449,76.46263073963725,25.503459395876355,94.47694547616751,40.22864622371212,17.811541162478697,,0.6931471824645996,,0.05277676011916179,0.13358023231196556,,0.09854817651449495,0.05711096024532227,0.17037533100243588,0.003921083555776317,0.35139446615413494,0.12878310908177856,,,,0.2858,5716.0,0.85030067,0.8305074,0.9316561,0.50065166,0.49600857,0.6974747,0.49688134,0.7055805,0.49685001373291016,0.761218644618988,0.630850076675415,0.761218644618988,0.182,182.0,0.5553950798255812,0.5452112397682946,0.5536954199986446,0.5394139637305284,0.46240198314392383,0.5025477650687562,0.5745008317370841,0.5870722262830027,0.5638041730896133,0.035543655723072914,0.021826382917871624,0.02336234125473574,0.052717234950820625,0.07565900828472709,0.0473569498085503,0.0239668029399008,0.016234003079319877,0.0044397109259969375,0.65550005,0.6840909,0.8996124,0.5,0.50406504,0.6570867,0.5047244,0.6700758,0.4986000061035156,0.7136281175613404,0.6494001150131226,0.7136281175613404,0.171,171.0,0.5771829014160649,0.582614326503131,0.5826209507466757,0.5115761865954638,0.4209697898187332,0.4753947193930295,0.5609010141902522,0.5745718444892738,0.5569146425054858,0.03931101908661184,0.044309547060454334,0.03589095965304304,0.05699950694539461,0.0873885013121579,0.05105268408040237,0.03964035203614872,0.04505151462278,0.034973542737505664,0.766129,0.74414414,0.8518249,0.49198475,0.49512196,0.66052634,0.50691056,0.6722628,0.4977250099182129,0.7374233810901643,0.6401250958442688,0.7374233810901643,0.1765,176.5,0.566288990620823,0.5639127831357128,0.5681581853726602,0.5254950751629961,0.4416858864813285,0.48897124223089283,0.5677009229636681,0.5808220353861382,0.5603594077975496,0.03742733740484237,0.03306796498916298,0.029626650453889392,0.05485837094810762,0.0815237547984425,0.049204816944476336,0.03180357748802476,0.030642758851049938,0.0197066268317513,0.71081454,0.7141175,0.87571865,0.49599236,0.4995935,0.6588065,0.5058175,0.6711693,2026-10-05T20:22:25.300688
23,0.6881245374679565,0.4992348253726959,0.6431736591339111,0.6881073713302612,0.6431736591339111,0.788853831577301,0.8685677213668823,1.840761979675293,0.12728122498989106,1.8154455871582031,2.0,1.0,10.0,,,,,0.7233939982414246,0.7233939982414246,,,,17.783371328735353,0.09322979419260838,0.09537596288759997,,0.1357457096196094,0.2179652741950029,0.22289360860350785,0.0017385420450276344,0.05593892716013702,1.2616714047398536,,0.004210850794667639,,76.44649340392678,19.089358214360132,,104.76991446914187,76.42547383885474,25.471136481898604,94.47823440648948,40.278073086100775,17.7833478769679,,0.6931471824645996,,0.053464208343985735,0.13497744064042522,,0.099881617648966,0.058138926483833106,0.17356557043115045,0.004084733113124492,0.3590678847899103,0.13130972994740603,,,,0.27935,5587.0,0.85128313,0.83066857,0.93042785,0.5038507,0.49411994,0.693899,0.49578777,0.709552,0.5049000382423401,0.7668256096839905,0.629550039768219,0.7668256096839905,0.188,188.0,0.6488637029027885,0.6504619260590468,0.6474278573783359,0.5671700903992877,0.46760162942861655,0.5290938140182996,0.6500304821114049,0.6662583751682639,0.6455534265487683,0.029962403063342084,0.03797396759511322,0.030164260966034518,0.07246773194353935,0.14052592703748773,0.074531358106036,0.027161524763221402,0.029277475603043435,0.01862361349026974,0.65849996,0.67454547,0.894186,0.49375,0.49471545,0.66771656,0.507874,0.67386365,0.5063499808311462,0.718562457561493,0.6507999897003174,0.718562457561493,0.183,183.0,0.642024707681149,0.6342064185634582,0.6362522087696725,0.5783755494883143,0.4422425137453141,0.5314577799781997,0.6611981534100301,0.6667739319754521,0.6552557109923663,0.040186712663107624,0.04013872438730564,0.035978580775269976,0.06480384411358366,0.09337178748896811,0.06113619783508801,0.042372318532307114,0.04558493290219589,0.03692793402826934,0.7637097,0.75315315,0.8518249,0.49351147,0.496748,0.66885966,0.503252,0.67080295,0.5056250095367432,0.7426940336227417,0.6401750147342682,0.7426940336227417,0.1855,185.5,0.6454442052919688,0.6423341723112526,0.6418400330740042,0.5727728199438009,0.4549220715869653,0.5302757969982497,0.6556143177607174,0.666516153571858,0.6504045687705673,0.03507455786322485,0.039056345991209426,0.03307142087065225,0.0686357880285615,0.11694885726322793,0.067833777970562,0.03476692164776426,0.037431204252619664,0.02777577375926954,0.71110487,0.7138493,0.87300545,0.49363074,0.4957317,0.6682881,0.505563,0.6723333,2026-10-05T20:26:34.608845
24,0.6878979206085205,0.5008503198623657,0.6441058362007142,0.6879095435142517,0.6441058362007142,0.7879466264724732,0.8675597196578979,1.8348774307250977,0.13791910490989684,1.7805391017913819,2.0,1.0,10.0,,,,,0.7194242671012878,0.7194242671012878,,,,17.756400906372072,0.10798538931805617,0.10945611628614793,,0.14723701528303182,0.23027781567945602,0.22860801841612835,0.0018862756577195825,0.05865352836906151,1.3388348924126594,,0.004481915876144769,,76.40975014267454,19.06514713263056,,104.77153646870023,76.3881178448914,25.43851365253424,94.47998469650366,40.325297361726214,17.75637500301288,,0.6931471824645996,,0.05423852571161689,0.13666414559646778,,0.10135760808446605,0.059068171722683936,0.17622746318388896,0.0042831544099956945,0.36649067272805863,0.13400675669597212,,,,0.28245,5649.0,0.8467723,0.83348775,0.9288827,0.5030016,0.49820873,0.6982424,0.49499798,0.704277,0.4911499619483948,0.7717984414100647,0.6256501078605652,0.7717984414100647,0.207,207.0,0.5952186457534773,0.5812265751909969,0.5953165162273871,0.5269782616090765,0.4364936892264889,0.5258345973774763,0.596582623793745,0.5976114563499529,0.5874576086556171,0.047209720044698214,0.05130103519961316,0.0442219588910688,0.0784265781183297,0.1330609098322155,0.07149319230108936,0.03539548732795881,0.039893746699329734,0.030080423567369605,0.65200007,0.6604546,0.8856589,0.49177632,0.49878052,0.66456693,0.5106299,0.66818184,0.49414995312690735,0.7120912261009217,0.6525500416755676,0.7120912261009217,0.181,181.0,0.6539101805594367,0.6350747692059979,0.6408039464914794,0.5932729794658457,0.4810135017870665,0.5527731935799083,0.6400834462778059,0.636618922792289,0.6203316386841237,0.04003295231947703,0.03958060000533101,0.037820024808338765,0.07509224982870684,0.10349303839206733,0.07548078685519388,0.04139126704229725,0.0416496084487237,0.04015504698884311,0.7665323,0.77117115,0.8518249,0.49923664,0.5012195,0.6754386,0.5020325,0.65255475,0.49264995753765106,0.7419448337554932,0.6391000747680664,0.7419448337554932,0.194,194.0,0.6245644131564569,0.6081506721984974,0.6180602313594332,0.5601256205374611,0.4587535955067777,0.5393038954786923,0.6183330350357754,0.617115189571121,0.6038946236698703,0.04362133618208762,0.04544081760247208,0.041020991849703786,0.07675941397351826,0.11827697411214141,0.07348698957814162,0.03839337718512803,0.04077167757402672,0.035117735278106355,0.7092662,0.71581286,0.86874187,0.49550647,0.5,0.67000276,0.5063312,0.6603683,2026-10-06T00:55:29.298164
25,0.6891679167747498,0.5022175312042236,0.6432442511558533,0.6893427968025208,0.6432442511558533,0.7917560409545898,0.8717923995018005,1.8986031063079833,0.11492337663769722,1.8197222101211548,2.0,1.0,10.0,,,,,0.7393302315711975,0.7393302315711975,,,,17.728718182373047,0.12405195338710857,0.10653182015914446,,0.15722595644035156,0.2246759309890164,0.2507525074538911,0.0018078343398501254,0.05789252584147605,1.442531003124395,,0.004123125291206269,,76.37372885540033,19.042080532972978,,104.77942030596886,76.35074042059054,25.40652876446961,94.4789520555241,40.39322905327864,17.72869685956627,,0.6931471824645996,,0.05525607295381795,0.1389833910829702,,0.10334817519423309,0.060020750163087416,0.1794904086050714,0.004306158433508151,0.3751259470821186,0.1371349944810199,,,,0.2817,5634.0,0.84943867,0.83777684,0.9329834,0.5018365,0.49676794,0.6942424,0.499838,0.70655805,0.49904996156692505,0.7945815725326538,0.619100034236908,0.7945815725326538,0.163,163.0,0.6578602193202934,0.6362055023378762,0.6550858328160939,0.569253170327208,0.45017434109489096,0.5532316827301761,0.7077142868465589,0.705602767987182,0.7059072818711793,0.057345046505857054,0.04977610427426321,0.04426943150175512,0.1014455760754983,0.14334283643629328,0.0850155148302654,0.056892797906171924,0.0626278402418904,0.0522411490202432,0.633,0.6309091,0.872093,0.4970395,0.49593496,0.6610237,0.51102364,0.67045456,0.509100079536438,0.7227339324951172,0.6499499678611755,0.7227339324951172,0.153,153.0,0.6693084708077452,0.6498599840783831,0.6607641318914048,0.5773765582656026,0.45802404219724124,0.5289845685606879,0.6895535089052339,0.6898296998588969,0.6819007467848627,0.045398465769209945,0.0416505110181902,0.041050103122006236,0.075340131804056,0.09238729091896081,0.07411066456060957,0.04662364815009925,0.045192544482451996,0.044710683191976436,0.7629032,0.7725225,0.8518249,0.48778626,0.4890244,0.6666667,0.50487804,0.66240877,0.5040750205516815,0.7586577525138856,0.6345250010490417,0.7586577525138856,0.158,158.0,0.6635843450640193,0.6430327432081296,0.6579249823537494,0.5733148642964053,0.4540991916460661,0.541108125645432,0.6986338978758964,0.6977162339230394,0.6939040143280211,0.0513717561375335,0.045713307646226706,0.042659767311880675,0.08839285393977714,0.11786506367762704,0.07956308969543749,0.05175822302813558,0.0539101923621712,0.048475916106109816,0.6979516,0.7017158,0.861959,0.49241287,0.49247968,0.6638452,0.50795084,0.66643167,2026-10-06T00:59:50.033670
26,0.6881052851676941,0.5022850036621094,0.6433330891132355,0.6881499290466309,0.6433330891132355,0.790405757522583,0.8702920847892761,1.8616102712631226,0.11060862017869949,1.820300422859192,2.0,1.0,10.0,,,,,0.7453194078445434,0.7453194078445434,,,,17.701696408081055,0.09612267355250705,0.10090084155653692,,0.14969372016134536,0.246915047051041,0.24059359772000344,0.0017406040970176743,0.054466388870481476,1.3882731428951214,,0.004073187086181003,,76.3365932877656,19.01840399480929,,104.7825593401672,76.31353322411799,25.373855991727986,94.47927963354026,40.43183655951433,17.70167478330576,,0.6931471824645996,,0.05593224878239024,0.14109201406597333,,0.10490527701605658,0.06096798117468311,0.18279719485598764,0.004392502322247264,0.3814833857071627,0.14038472741272798,,,,0.2681,5362.0,0.85182434,0.8397302,0.933538,0.49703792,0.49530765,0.6963435,0.49556503,0.7005296,0.4953000247478485,0.7761447138786316,0.6246000528335571,0.7761447138786316,0.153,153.0,0.6595092808217039,0.634886776030695,0.6515087339486357,0.5467352411046063,0.4811521853519824,0.512765836196303,0.668333321581356,0.6732609642497769,0.6609884705669976,0.03838838470950923,0.03237987822627505,0.03465126297555429,0.0833347686353277,0.10741038397164143,0.0956355564925604,0.029080359812785044,0.029748983395018323,0.022900382686011682,0.641,0.6568182,0.9050388,0.49309215,0.49796748,0.65000004,0.5098425,0.6666667,0.49779999256134033,0.7143446497917175,0.6482499241828918,0.7143446497917175,0.171,171.0,0.665150047961018,0.6551431897376958,0.6684658533895463,0.5424049958100557,0.4754026940668899,0.5283433967034411,0.6533923300830109,0.658412691463427,0.6486135785151091,0.05567384035375585,0.051100005448174446,0.05372606794730054,0.07745865585860622,0.08264378731951669,0.0820461697089277,0.049674086362773415,0.04967376032332869,0.0466242200454308,0.7616936,0.75765765,0.8518249,0.49007636,0.48699188,0.6631579,0.50528455,0.6653285,0.4965500086545944,0.7452446818351746,0.6364249885082245,0.7452446818351746,0.162,162.0,0.662329664391361,0.6450149828841953,0.659987293669091,0.544570118457331,0.47827743970943615,0.520554616449872,0.6608628258321835,0.6658368278566019,0.6548010245410534,0.04703111253163254,0.04173994183722475,0.04418866546142741,0.08039671224696696,0.09502708564557906,0.08884086310074404,0.03937722308777923,0.039711371859173505,0.03476230136572124,0.70134676,0.70723796,0.8784318,0.49158424,0.49247968,0.65657896,0.50756353,0.6659976,2026-10-06T01:04:09.977932
27,0.689784824848175,0.49998974800109863,0.639648453617096,0.6895796656608582,0.639648453617096,0.7942277094841004,0.8745387001037598,1.9252626958847046,0.10577888207435608,1.848723851776123,2.0,1.0,10.0,,,,,0.7497036943435669,0.7497036943435669,,,,17.673814154052735,0.09981830297097279,0.1050888303619851,,0.14260950606245143,0.21276548277040955,0.22472003973118818,0.001733430233045487,0.05412439917730298,1.282341329345278,,0.00430919475587245,,76.29908373401423,18.991867356998906,,104.78606983354896,76.27630649250784,25.339304431988175,94.48325182677834,40.46497364408651,17.67379374412974,,0.6931471824645996,,0.0564513720429627,0.1419978380962542,,0.10648041237501582,0.061887378881501545,0.1856650469029785,0.004587864393522595,0.3873832726934154,0.14285800800581647,,,,0.2794,5588.0,0.8562751,0.8359243,0.9315174,0.5035348,0.49838394,0.6959394,0.4983394,0.7012831,0.513499915599823,0.7824504942893982,0.622450053691864,0.7824504942893982,0.173,173.0,0.6438599910795121,0.6289149822719835,0.6417360676655178,0.5503853254968991,0.4413292563811387,0.5325400440328445,0.6532025202569702,0.6597073599675299,0.6435091418461494,0.04473591966864147,0.03823082105081189,0.03769853428283212,0.07697698170759322,0.09160955104852928,0.07790644305066464,0.039010519744603636,0.03671502965074373,0.03450526767315632,0.6435,0.6431818,0.87674415,0.4901316,0.496748,0.66850394,0.5074803,0.67651516,0.503600001335144,0.7142070326805114,0.65215003490448,0.7142070326805114,0.181,181.0,0.678154963235312,0.647466076495795,0.6602329250518288,0.6151805470877815,0.47071987477108446,0.5695891592537039,0.6933221890001263,0.6963507548275325,0.6851471655002828,0.04650807225849523,0.041489509344485274,0.04118851774715979,0.06873338576141884,0.0913693198817989,0.06625199290878452,0.044945703213079106,0.044118792357611625,0.040525198343907734,0.76693547,0.7657658,0.8518249,0.48664123,0.4963415,0.6758772,0.50853664,0.66386867,0.5085499584674835,0.7483287634849548,0.637300044298172,0.7483287634849548,0.177,177.0,0.661007477157412,0.6381905293838892,0.6509844963586733,0.5827829362923402,0.4560245655761116,0.5510646016432742,0.6732623546285483,0.6780290573975312,0.6643281536732161,0.04562199596356835,0.03986016519764858,0.039443526014995955,0.07285518373450603,0.09148943546516408,0.07207921797972458,0.04197811147884137,0.04041691100417768,0.03751523300853203,0.7052177,0.7044738,0.8642845,0.4883864,0.49654475,0.67219055,0.5080085,0.6701919,2026-10-06T01:08:30.825399
28,0.685187578201294,0.4994148910045624,0.6450661656379699,0.6875148415565491,0.6450661656379699,0.7920706888198853,0.8721420065879821,1.9005050106048584,0.1293990588605404,1.8727326196670533,2.0,1.0,10.0,,,,,0.762105065536499,0.762105065536499,,,,17.646098562622072,0.14065801881396087,0.12865873325355115,,0.1714471302641805,0.2200628386181631,0.2543292177995299,0.0017863829044779396,0.05634778345324051,1.5176478804676397,,0.0041656180501435025,,76.26385653550457,18.969995960308488,,104.79522083063794,76.23909200680484,25.30578094531017,94.48331631217033,40.53356792668628,17.64607774527969,,0.6931471824645996,,0.05754722035519636,0.14404358748038104,,0.10855083746515262,0.06273704335378234,0.18835400139829914,0.004634173480188771,0.3954871710698316,0.14547431250666357,,,,0.2798,5596.0,0.8519647,0.8387837,0.93060625,0.5009281,0.49904597,0.6881818,0.4956663,0.699389,0.5067000985145569,0.7795659127235413,0.6209000945091248,0.7795659127235413,0.182,182.0,0.5145246124141452,0.4850886085451861,0.5047227455612449,0.47721921795451044,0.4222723803815445,0.4726165395872682,0.5147885536862826,0.4947303001961881,0.49702271924119956,0.036345142563476124,0.035030257298459586,0.03543022682244223,0.07495800447926787,0.09648978487148818,0.08325605718827679,0.03360759472871069,0.03174766428370633,0.031747211977904755,0.632,0.63772726,0.89341086,0.49506578,0.501626,0.65590554,0.50826776,0.6628788,0.5049999356269836,0.7189395956993103,0.652899980545044,0.7189395956993103,0.183,183.0,0.5373859135733249,0.5289149676137981,0.538996859101175,0.4980193076966358,0.4508423199368025,0.4815879570026487,0.537718823232037,0.5375053682128239,0.5300628823843376,0.04165601070653917,0.04392755132962116,0.04360826560533569,0.06737177646729069,0.08154993003960753,0.07402594070780125,0.03363040980025238,0.03582744442895092,0.03357393662446633,0.76209676,0.77432436,0.8510949,0.50114506,0.49878052,0.67105263,0.5065041,0.6572993,0.5058500170707703,0.7492527542114258,0.6369000375270844,0.7492527542114258,0.1825,182.5,0.525955262993735,0.5070017880794921,0.52185980233121,0.4876192628255731,0.4365573501591735,0.47710224829495845,0.5262536884591598,0.516117834204506,0.5135428008127686,0.039000576635007646,0.03947890431404037,0.039519246213888956,0.07116489047327929,0.08901985745554786,0.07864099894803903,0.03361900226448153,0.03378755435632863,0.032660574301185546,0.6970484,0.70602584,0.8722529,0.4981054,0.50020325,0.6634791,0.50738597,0.660089,2026-10-06T01:12:51.643427
29,0.6911024451255798,0.5032046437263489,0.6355924968719482,0.6913676261901855,0.6355924968719482,0.7951523530960083,0.8755660762786865,1.921481242752075,0.11259342978596687,1.9099764589309693,1.9997172729492187,1.0,10.0,,,,,0.7631602087974548,0.7631602087974548,,,,17.618882971191407,0.09819128811596685,0.11689678586687252,,0.1561724276394601,0.22185661041053237,0.2124178178940609,0.0016926608584483102,0.05275345718262681,1.2742714312425845,,0.004328376079678156,,76.22784564753248,18.950330199709363,,104.80247623905255,76.20172298941642,25.272173717523078,94.48389080071905,40.57668285005411,17.618859175663843,,0.6930063590881931,,0.05834646219280875,0.146868908101586,,0.11035850278700993,0.06359564190267757,0.1906722583778345,0.004683062810877896,0.4017013159527141,0.14801743161526454,,,,0.27055,5411.0,0.8561347,0.8437374,0.93435025,0.50144154,0.49877337,0.69646466,0.50054675,0.7041752,0.4981499910354614,0.7905159506797791,0.6146499514579773,0.7905159506797791,0.213,213.0,0.560700663830839,0.5320932431685667,0.5463470462719217,0.4952790271363522,0.4369869930021431,0.4848366542184063,0.5507866625732974,0.5449486386633414,0.5321178873128818,0.03435093238072275,0.04026669613568226,0.03460135350011862,0.0686800040907877,0.11201123137879199,0.07144466475275747,0.02600119890410937,0.024260583405824182,0.02601174603155183,0.6325,0.62545455,0.8496124,0.4861842,0.49552846,0.66653544,0.5133859,0.6689394,0.5044499635696411,0.7082367815971374,0.6531500816345215,0.7082367815971374,0.186,186.0,0.5664552851212037,0.5347286998075393,0.549058734783684,0.5477712717743559,0.46155613574301363,0.5019148630092863,0.5667597167254494,0.5563306021140484,0.540181574246761,0.03498580027969807,0.02961985163768676,0.03134545810650898,0.06792945267078988,0.07278426553746133,0.0694745732481414,0.030736310035456068,0.028402493202124818,0.023744090911007758,0.7616936,0.7725225,0.8518249,0.4965649,0.49634147,0.6789474,0.5117886,0.6554745,0.5012999773025513,0.7493763661384583,0.6339000165462494,0.7493763661384583,0.1995,199.5,0.5635779744760214,0.533410971488053,0.5477028905278029,0.5215251494553541,0.44927156437257837,0.4933757586138463,0.5587731896493735,0.550639620388695,0.5361497307798214,0.03466836633021041,0.034943273886684514,0.0329734058033138,0.0683047283807888,0.09239774845812665,0.07045961900044943,0.02836875446978272,0.0263315383039745,0.024877918471279792,0.6970968,0.69898856,0.8507186,0.49137455,0.49593496,0.6727414,0.51258725,0.66220695,2026-10-06T01:17:13.348357
30,0.6878301501274109,0.4986824691295624,0.6408185519218444,0.6889125108718872,0.6408185519218444,0.793927472782135,0.8742051000595092,1.9473470350265503,0.10441543059349061,1.9154533750534057,2.0,1.0,10.0,,,,,0.7596085312843323,0.7596085312843323,,,,17.591877734375,0.09465143048934116,0.13637845122083359,,0.1724990038735092,0.21562118182896048,0.22102462443386672,0.0021206898092749013,0.05847710343730298,1.357499628309991,,0.004996687022577616,,76.1914550392491,18.928405044944423,,104.8028476496411,76.16459728654023,25.23778711306821,94.4865049131357,40.6441196028594,17.591854180500007,,0.6931471824645996,,0.05910974041007127,0.14904124702617622,,0.11167955412796349,0.06438615362925135,0.19325763774905236,0.004810355250741456,0.40950753924193656,0.15031469285867777,,,,0.28725,5745.0,0.85629517,0.8397302,0.9316759,0.5024487,0.49445093,0.69434345,0.49724588,0.6997556,0.5116000175476074,0.7765477724075317,0.6207000017166138,0.7765477724075317,0.16,160.0,0.6368133297489462,0.6182545296567622,0.625483076942227,0.5518864642973721,0.5091599950257206,0.5337765625243626,0.5888020585002227,0.5881607149015574,0.5752267333951454,0.04955056235930236,0.05441373249447222,0.045403084645539986,0.08526468326346226,0.12129319396764032,0.08017332343975493,0.038153612928643485,0.037820003355704894,0.0340092831384003,0.63,0.6222728,0.8968993,0.49342105,0.49593496,0.67007875,0.511811,0.6625,0.48785004019737244,0.7119386649131775,0.6531000137329102,0.7119386649131775,0.158,158.0,0.6156165104673665,0.6030629497230343,0.6050014143704994,0.5546681267503708,0.4959767084116614,0.5267819160112419,0.6101910695402555,0.6060140010000928,0.6009227203337784,0.03792278222806505,0.03711885393999829,0.03516478167395874,0.06297374270336623,0.08482792214134108,0.06558167864300068,0.032409414235367716,0.03420135349150988,0.032771738568908325,0.7697581,0.77567565,0.8518249,0.49389318,0.49593496,0.6723684,0.50365853,0.66094893,0.49972502887248993,0.7442432186603546,0.636900007724762,0.7442432186603546,0.159,159.0,0.6262149201081564,0.6106587396898983,0.6152422456563632,0.5532772955238714,0.502568351718691,0.5302792392678022,0.5994965640202391,0.5970873579508251,0.5880747268644619,0.04373667229368371,0.04576629321723526,0.04028393315974936,0.07411921298341424,0.1030605580544907,0.0728775010413778,0.0352815135820056,0.03601067842360739,0.03339051085365431,0.69987905,0.69897425,0.8743621,0.4936571,0.49593496,0.6712236,0.5077348,0.66172445,2026-10-06T01:21:34.927232
31,0.6907730102539062,0.49923983216285706,0.6348054081916809,0.6907047629356384,0.6348054081916809,0.7928984020233154,0.873061693572998,1.9147683000564575,0.09324640845656396,1.8928470859527589,2.0,1.0,10.0,,,,,0.7620427587509155,0.7620427587509155,,,,17.564865158081055,0.08805539253743211,0.12002921921859501,,0.15659242771138812,0.21406299874755988,0.2138620827608048,0.0016313582494896452,0.05027294275202569,1.3589551063479892,,0.004276009260567059,,76.15565694821109,18.906590564995057,,104.80282403253446,76.12747712347918,25.203326146314097,94.48912927906984,40.69276041893443,17.564842491392877,,0.6931471824645996,,0.060029191979367263,0.1509121011966353,,0.11295929631799649,0.06514647531851082,0.1954866446507205,0.004939883499507122,0.4159408490748922,0.15257561994586022,,,,0.2784,5568.0,0.8585806,0.84466374,0.9315372,0.50203395,0.49680686,0.6950505,0.49969622,0.7019755,0.49674999713897705,0.7879434657096863,0.6147000789642334,0.7879434657096863,0.189,189.0,0.501604375122079,0.47181341980883845,0.4937983511871504,0.5061378268801558,0.45242279173185734,0.4865013846731085,0.5640212196172916,0.564456674698845,0.5662538658467013,0.05048527646109202,0.04982460733068955,0.04543756355183134,0.07963278487269851,0.10474924224058571,0.07946228091470289,0.05508836835331455,0.061356069927880355,0.054382217561187836,0.6375,0.6277273,0.8395349,0.49769738,0.502439,0.6610237,0.51023626,0.66212124,0.5091000199317932,0.710841579914093,0.653499960899353,0.710841579914093,0.186,186.0,0.5668897898082965,0.5303866006976169,0.5477127997173425,0.5384177937658287,0.45702990641955765,0.5013881863432667,0.5819126142353902,0.5719602700068785,0.5619667339454795,0.048679625607997885,0.04145400424599146,0.04212467485509354,0.06728773977419651,0.08010791846842218,0.06451182197271504,0.04539387729608318,0.04242277322387268,0.040676753775427094,0.7689516,0.77882886,0.8518249,0.49351147,0.49512196,0.66885966,0.50853664,0.66167885,0.5029250085353851,0.7493925228118896,0.6341000199317932,0.7493925228118896,0.1875,187.5,0.5342470824651877,0.5011000102532277,0.5207555754522465,0.5222778103229923,0.4547263490757075,0.49394478550818754,0.5729669169263409,0.5682084723528618,0.5641102998960904,0.04958245103454495,0.04563930578834051,0.043781119203462435,0.07346026232344752,0.09242858035450394,0.07198705144370897,0.050241122824698864,0.05188942157587652,0.04752948566830746,0.7032258,0.70327806,0.8456799,0.49560443,0.4987805,0.66494167,0.5093864,0.66190004,2026-10-06T01:25:56.230129
32,0.6919774413108826,0.5008702278137207,0.6338121373176575,0.69205242395401,0.6338121373176575,0.7928605622291565,0.873019644355774,1.9154930181503296,0.09957678360939026,1.8972799745559692,2.0,1.0,10.0,,,,,0.7516508202552795,0.7516508202552795,,,,17.53879989929199,0.1395314397990324,0.1264226412531107,,0.16883995927348258,0.21171835700797428,0.20264402406800325,0.0017644055310049491,0.05291133500920359,1.3368584773722727,,0.00435424787044276,,76.11865142044748,18.883431440705706,,104.80415703840316,76.09036774847918,25.169242628061088,94.49212209130549,40.720302873356324,17.5387808805818,,0.6931471824645996,,0.060542754117090994,0.15218726313038236,,0.11421517078663893,0.06587854891445986,0.1973718466462603,0.005105276188700442,0.4210303771268031,0.1546172306985612,,,,0.2889,5778.0,0.85807943,0.83932745,0.9332805,0.50825435,0.5021807,0.70117176,0.49941275,0.6991446,0.49184998869895935,0.7932267622947693,0.6136999726295471,0.7932267622947693,0.179,179.0,0.6348914921974664,0.5606063779701548,0.5754325829563706,0.6046727412939474,0.4854989812988167,0.5492125953800113,0.6166604149634641,0.6157951692799742,0.5738700310293757,0.06737648367019854,0.052972648855951404,0.047373038829743835,0.10196545536421174,0.1366119474296611,0.09179815012263123,0.0518285113916217,0.050890486868637876,0.0451260326758202,0.6345,0.62045455,0.84418607,0.48815793,0.50528455,0.6570867,0.50905514,0.6715909,0.4981500506401062,0.7073463077545166,0.6524499654769897,0.7073463077545166,0.179,179.0,0.6186394760549108,0.5750046198447448,0.5881418865980543,0.5943326733160937,0.46473816089344117,0.5277447183750095,0.6115934898552835,0.6109547118769336,0.5803582297871499,0.044183947153754656,0.043787961956400355,0.038712404596758496,0.060719607938425346,0.0814894300250424,0.057928593496019844,0.0362270957378729,0.0366641014661009,0.03376589301642488,0.7721774,0.7644144,0.8518249,0.49847332,0.49430898,0.68026316,0.5028455,0.65437955,0.4950000196695328,0.7502865350246429,0.6330749690532684,0.7502865350246429,0.179,179.0,0.6267654841261886,0.5678054989074498,0.5817872347772124,0.5995027073050205,0.4751185710961289,0.5384786568775104,0.6141269524093738,0.6133749405784539,0.5771141304082628,0.0557802154119766,0.04838030540617588,0.043042721713251166,0.08134253165131855,0.10905068872735174,0.07486337180932554,0.0440278035647473,0.04377729416736939,0.03944596284612254,0.70333874,0.6924345,0.8480055,0.49331564,0.49979675,0.66867495,0.50595033,0.6629852,2026-10-06T01:30:17.943980
33,0.692542314529419,0.5010576248168945,0.6318222117900848,0.6930899620056152,0.6318222117900848,0.8052421688079834,0.8867769848823548,1.9810635522842408,0.12723886083960534,1.8547485475540162,2.0,1.0,10.0,,,,,0.7516909706115723,0.7516909706115723,,,,17.515485971069335,0.11208397607989372,0.10984205408318407,,0.15087083928809045,0.23251451186503574,0.21416692855726382,0.0016984551622989071,0.05274318767248825,1.3876365199210539,,0.0045297590944883385,,76.08145457468216,18.85956381536593,,104.80962969543069,76.05352122312898,25.13537433648565,94.496092632318,40.794088861744875,17.515462559499557,,0.6931471824645996,,0.06116327493908299,0.1535758946541768,,0.11581525676379538,0.06672408801924651,0.19994840775705447,0.005235024787200864,0.4289303156220989,0.15754056603285918,,,,0.25985,5197.0,0.8588412,0.84232783,0.9324683,0.50501585,0.49595013,0.71604043,0.4990077,0.6998982,0.5083999037742615,0.7888465399742126,0.615850031375885,0.7888465399742126,0.168,168.0,0.5749131430666603,0.5397085201646671,0.5582632647230433,0.5294801257969282,0.44470731084593856,0.4966930684469633,0.5734963843650703,0.5550432385682695,0.5419683724859861,0.024043387981176827,0.02066794794179706,0.016641321683895257,0.0505759786749553,0.08385969213884087,0.051546082294804146,0.021659829910468754,0.0213920506171668,0.009496540340297354,0.648,0.6245455,0.851938,0.49407893,0.4963415,0.6610237,0.5055118,0.66780305,0.5035499930381775,0.7098521366119385,0.6537500023841858,0.7098521366119385,0.157,157.0,0.6061919972420823,0.5630974539757417,0.5790856946094385,0.5820735299850973,0.4677427802603542,0.5276160107898912,0.6075053889111042,0.5769705517291639,0.5705750569166395,0.03990841113888051,0.04109173649825474,0.03975685529249152,0.06555511353374367,0.09037885612681683,0.07117266735907617,0.033440875252757706,0.03128679764645997,0.032731812248399016,0.7770161,0.7752253,0.8518249,0.4927481,0.49186993,0.6732456,0.50365853,0.66350365,0.5059749484062195,0.7493493382930756,0.6348000168800354,0.7493493382930756,0.1625,162.5,0.5905525701543712,0.5514029870702044,0.5686744796662409,0.5557768278910127,0.45622504555314636,0.5121545396184273,0.5905008866380872,0.5660068951487167,0.5562717147013128,0.031975899560028664,0.030879842220025898,0.028199088488193386,0.05806554610434948,0.08711927413282886,0.061359374826940156,0.02755035258161323,0.026339424131813383,0.021114176294348183,0.7125081,0.69988537,0.85188144,0.4934135,0.4941057,0.66713464,0.50458515,0.66565335,2026-10-06T01:34:39.780834
34,0.6905327439308167,0.5009926557540894,0.6338337460041046,0.6921024322509766,0.6338337460041046,0.8067269154548645,0.8884267037391662,2.018011675643921,0.11880254368185997,1.8717448202133178,2.0,1.0,10.0,,,,,0.759567569065094,0.759567569065094,,,,17.489483972167967,0.11763648947427986,0.1009897718882295,,0.14201183498475203,0.22551324135463707,0.21249806097928126,0.0015962083978210665,0.05089184678616417,1.3820699705819415,,0.0038714108435855287,,76.0460560306622,18.83336527636097,,104.80857217387789,76.01669258069082,25.10171273103945,94.4984404448491,40.83965899230568,17.489471265464832,,0.6931471824645996,,0.06204647091543598,0.15449451555492014,,0.11685767394911711,0.06759490371699546,0.20266617435938233,0.005378618768184997,0.43492884620739397,0.16026380667640905,,,,0.26025,5205.0,0.85946274,0.83821994,0.933538,0.50602293,0.49996108,0.7149697,0.49297288,0.69619143,0.5073999762535095,0.8180512671470642,0.604449987411499,0.8180512671470642,0.189,189.0,0.5674414375351757,0.4727611435456115,0.5106088852503473,0.5888929404103757,0.42619045355794993,0.5057227982657827,0.5931911853284495,0.5895362151147748,0.5290818135515184,0.05267415847966065,0.04601848739072363,0.038932674876406365,0.06887294175796868,0.11626119133283677,0.0557077964412694,0.03986210716868065,0.04150050125986546,0.03383552267391145,0.6315,0.6227273,0.81007755,0.50131583,0.5093496,0.64921266,0.4964567,0.6359849,0.4962500333786011,0.7468171048164368,0.6367499828338623,0.7468171048164368,0.173,173.0,0.6266759320762809,0.5627125984726151,0.5944872317525992,0.6230558211215804,0.48177167828826345,0.5642711794769514,0.6410596086369625,0.6311407539312077,0.602349427098029,0.049484850084612966,0.048333499396012586,0.04612635096866612,0.06779311415334399,0.09125217773453702,0.06593084430698391,0.04221754317621726,0.0413361500909009,0.03758487086874459,0.7439516,0.7572072,0.7948905,0.49732825,0.49552846,0.65789473,0.502439,0.6470803,0.5018250048160553,0.7824341859817505,0.6205999851226807,0.7824341859817505,0.181,181.0,0.5970586848057283,0.5177368710091133,0.5525480585014733,0.6059743807659781,0.4539810659231067,0.534996988871367,0.617125396982706,0.6103384845229913,0.5657156203247737,0.05107950428213681,0.04717599339336811,0.04252951292253625,0.06833302795565634,0.10375668453368689,0.060819320374126656,0.04103982517244895,0.04141832567538318,0.035710196771328015,0.6877258,0.6899673,0.80248404,0.49932206,0.502439,0.6535537,0.49944788,0.6415326,2026-10-06T01:39:00.414908
35,0.6936373114585876,0.49829238653182983,0.6331345237731933,0.6940348148345947,0.6331345237731933,0.8035424144744873,0.8848883687973023,1.9880931318283082,0.1300771767616272,1.8649480936050415,2.0,1.0,10.0,,,,,0.7573110255241394,0.7573110255241394,,,,17.46659515686035,0.13000744552748977,0.13110403685717825,,0.16496562725229627,0.23522798773969056,0.2228848604829448,0.0017075839709745613,0.05456369716650362,1.3397188670695968,,0.004568816556752463,,76.00987462329257,18.81160296300414,,104.8106313328834,75.98020881604238,25.070341316757688,94.49908505579468,40.9090368914756,17.466577882220033,,0.6931471824645996,,0.06284847067799537,0.15623210285119948,,0.11813159291721453,0.06852794509784431,0.20604333129658062,0.005505351776814765,0.44222823070113065,0.1635905805097264,,,,0.27035,5407.0,0.86665994,0.8486911,0.9325872,0.5026659,0.49351636,0.7093738,0.4988457,0.7049491,0.4975999891757965,0.7981624140739441,0.613599956035614,0.7981624140739441,0.217,217.0,0.5930762113498304,0.5356069291284675,0.5525625096097565,0.548053234327007,0.44709730927093344,0.4919347734274316,0.6362532693011018,0.6276451154935593,0.60644666703937,0.04098051079323237,0.032869215663389136,0.03253488916017152,0.07607040602688747,0.10549666225573151,0.05514559909381456,0.04332310186387187,0.0402337565996105,0.03197829155728697,0.64599997,0.6240909,0.8562016,0.49111843,0.502439,0.65511817,0.51417327,0.64356065,0.5056000351905823,0.70148188829422,0.6605998873710632,0.70148188829422,0.2,200.0,0.6248425844676743,0.5827833448886263,0.5978172270775017,0.590559835347008,0.46628221434159917,0.5379325078653997,0.6454674198754374,0.6529573813444081,0.6235755619998901,0.04129410241559697,0.04073764568067408,0.04362667853125425,0.061232437601370565,0.07269311483854436,0.0656867451153127,0.03623471349551697,0.03546194380687566,0.03315217138941721,0.7883065,0.8243243,0.8518249,0.48854962,0.50487804,0.6732456,0.49756098,0.66131383,0.5016000121831894,0.749822151184082,0.6370999217033386,0.749822151184082,0.20850000000000002,208.5,0.6089593979087523,0.5591951370085468,0.5751898683436292,0.5693065348370074,0.4566897618062663,0.5149336406464157,0.6408603445882697,0.6403012484189836,0.61501111451963,0.04113730660441467,0.03680343067203161,0.03808078384571288,0.06865142181412902,0.08909488854713793,0.060416172104563626,0.03977890767969442,0.03784785020324308,0.032565231473352094,0.7171532,0.72420764,0.8540132,0.489834,0.50365853,0.6641819,0.5058671,0.6524372,2026-10-06T01:43:21.237347
36,0.6991301774978638,0.5012027025222778,0.624850551700592,0.6993151307106018,0.624850551700592,0.797805035686493,0.8785135038375854,1.917740580177307,0.1145442210137844,1.749624365234375,2.0,1.0,10.0,,,,,0.7590347816467286,0.7590347816467286,,,,17.442627612304687,0.16040563724555407,0.15793867195677605,,0.18418921582448256,0.251853865612844,0.20562885673182785,0.0018016220349225268,0.056600449191536874,1.2359649309307148,,0.004692879105416856,,75.97583741595031,18.79523562777574,,104.81924919565772,75.94410166163354,25.03994673224771,94.4992755962785,40.9995172342677,17.44261108690007,,0.6931471824645996,,0.06418289585857634,0.15892697044998216,,0.11999173970169323,0.06938943850576498,0.20861632011498615,0.0056739785726283,0.45066117177343673,0.16615302025512524,,,,0.28375,5675.0,0.881275,0.8685662,0.93288434,0.5052725,0.50387466,0.7036566,0.5011341,0.7026477,0.4966999888420105,0.7972389888763428,0.6078999638557434,0.7972389888763428,0.229,229.0,0.6132791486779312,0.5401730715431312,0.5599880083002642,0.5925146985992971,0.4779833375965744,0.512561649851473,0.6079306480962293,0.6095491349317659,0.5672916485187927,0.03723835131174269,0.04054198150790313,0.03458907762293587,0.051665097611034716,0.10424163754205247,0.06232655788746027,0.03624358963718863,0.034940729253888615,0.03360291851670756,0.5955,0.635,0.8511628,0.4924342,0.49471545,0.64724416,0.51220477,0.6496212,0.5039000511169434,0.6938174200057984,0.6614999771118164,0.6938174200057984,0.197,197.0,0.6060447878695826,0.561056215886211,0.5774448613224813,0.5864036971955688,0.4705709304090319,0.5289948447950715,0.6167197641955197,0.6207025775199957,0.5869324894754542,0.036144148261055616,0.040504259775615496,0.035996791919925525,0.05061849039704741,0.0759484134404092,0.054421117339867285,0.02446335312613502,0.027065576891168515,0.02084918107588935,0.80040324,0.8153153,0.8562044,0.4835878,0.49756098,0.67149127,0.50528455,0.66569346,0.5003000199794769,0.7455282044410706,0.6346999704837799,0.7455282044410706,0.21300000000000002,213.0,0.609661968273757,0.5506146437146711,0.5687164348113727,0.589459197897433,0.47427713400280314,0.5207782473232723,0.6123252061458745,0.6151258562258808,0.5771120689971234,0.03669124978639915,0.04052312064175931,0.035292934771430695,0.05114179400404106,0.09009502549123083,0.05837383761366378,0.030353471381661824,0.031003153072528565,0.027226049796298456,0.6979516,0.7251576,0.8536836,0.488011,0.49613822,0.6593677,0.50874466,0.6576573,2026-10-06T01:47:42.671434
37,0.7022477388381958,0.5003976225852966,0.621446218252182,0.702102541923523,0.621446218252182,0.791184022808075,0.8711568254470825,1.8926388599395751,0.11796811600923539,1.803471178817749,2.0,1.0,10.0,,,,,0.7748809637069702,0.7748809637069702,,,,17.420328854370116,0.1599950298050027,0.13998655965373774,,0.16872842507852112,0.2575393083748544,0.21172747784739088,0.0019212488191065846,0.05974592548456921,1.256373873941458,,0.004839997760473994,,75.94119632016321,18.77510939434076,,104.82726598848963,75.9083219880511,25.009136284992195,94.49970366848503,41.10943513615116,17.42031178808516,,0.6931471824645996,,0.06520266498729682,0.1601024708550447,,0.121755422870065,0.07032299027511268,0.21114601232823293,0.005779417563870454,0.46003070435706217,0.16887409757277008,,,,0.30045,6009.0,0.8846632,0.8831856,0.932706,0.5038902,0.5027064,0.70878786,0.49997976,0.70594704,0.504349946975708,0.8116088027954101,0.6109000444412231,0.8116088027954101,0.275,275.0,0.5139085364344983,0.4678211212772014,0.49609021942595594,0.5520533211429177,0.39121363922012237,0.513605501219758,0.5477102158365187,0.532281198297842,0.5064249828413917,0.058083264787313606,0.05378245836053553,0.055519114482009864,0.08785774956445268,0.11916729536558629,0.09419603752916335,0.05124126615288318,0.04931667465736288,0.04638692097352839,0.609,0.6531818,0.855814,0.49671054,0.49227643,0.63937014,0.5074803,0.651894,0.49810004234313965,0.701115888595581,0.6613998413085938,0.701115888595581,0.25,250.0,0.5282226808556203,0.4900146944369552,0.5106792053057885,0.5257339374832479,0.3845187384652578,0.49158346000586717,0.5421224929272651,0.5300049210376809,0.508612912899285,0.043452429455454335,0.038694580287185636,0.04123122828287567,0.07680834263288565,0.08177020685562546,0.07645013408335255,0.03490270679271544,0.030927483306728665,0.028508732828828837,0.77379036,0.82522523,0.85072994,0.5072519,0.5109756,0.67017543,0.49878052,0.6587591,0.5012249946594238,0.7563623456954955,0.6361499428749084,0.7563623456954955,0.2625,262.5,0.5210656086450594,0.47891790785707833,0.5033847123658722,0.5388936293130828,0.3878661888426901,0.5025944806128126,0.5449163543818919,0.5311430596677615,0.5075189478703384,0.05076784712138397,0.04623851932386058,0.048375171382442766,0.08233304609866916,0.10046875111060588,0.08532308580625794,0.043071986472799306,0.04012207898204577,0.037447826901178614,0.69139516,0.7392035,0.85327196,0.50198126,0.501626,0.65477276,0.50313044,0.65532655,2026-10-06T01:52:03.974857
38,0.7052773237228394,0.49746015667915344,0.6133233484268188,0.70514976978302,0.6133233484268188,0.7816526384353638,0.8605663992881775,1.8097998432159423,0.13488206825256346,1.775067315864563,2.0,1.0,10.0,,,,,0.7804940359115601,0.7804940359115601,,,,17.39568808288574,0.14391742653812573,0.13283576654970267,,0.17851118994936063,0.24460777018670063,0.19350438754839502,0.001965804641716372,0.06181560660813265,1.1656190118971903,,0.0062383078563302925,,75.905098252995,18.756624100314585,,104.83871751530155,75.872906727396,24.978259615078095,94.50089424279085,41.215269198083575,17.395667665323636,,0.6931471824645996,,0.06610317219784305,0.16160292363470527,,0.12363491102958181,0.07124414247502188,0.21349735102456086,0.005943062368210903,0.46890452029598745,0.17113657362142187,,,,0.325,6500.0,0.8896952,0.89861053,0.93413234,0.5011848,0.49811137,0.7222828,0.49819767,0.70437884,0.49365004897117615,0.7830906147956849,0.6191998720169067,0.7830906147956849,0.242,242.0,0.6003030079068868,0.5397459374228716,0.5707403535062607,0.5884888415085683,0.4212132554153035,0.5327221716065256,0.6474866790586244,0.6221221200204512,0.596437942317449,0.04473529885796882,0.043289037081750366,0.04579554928449304,0.08236530158739887,0.12220810428629386,0.09579146070787772,0.04683269735161162,0.04390315045295858,0.04257066965295856,0.6315,0.6618182,0.8709302,0.4891447,0.49593496,0.6555118,0.5133859,0.65984845,0.5018500089645386,0.7008975372314453,0.6678500175476074,0.7008975372314453,0.236,236.0,0.5901665569480542,0.5439970902525614,0.5659316078705151,0.5498441722682798,0.4203459799985762,0.5022782242026849,0.6122326493123241,0.5994117457696521,0.5759267695895356,0.0519257727040861,0.04325633834422422,0.04318469486545933,0.07826572199532472,0.08509432057323994,0.06655988284028574,0.043543031018673996,0.04160983487655569,0.03466290235756318,0.8173387,0.84189194,0.8518249,0.50648856,0.4995935,0.67456144,0.5012195,0.6569343,0.49775002896785736,0.741994076013565,0.6435249447822571,0.741994076013565,0.239,239.0,0.5952347824274705,0.5418715138377165,0.5683359806883879,0.569166506888424,0.42077961770693983,0.5175001979046052,0.6298596641854743,0.6107669328950516,0.5861823559534922,0.04833053578102746,0.04327268771298729,0.044490122074976185,0.08031551179136179,0.10365121242976691,0.08117567177408173,0.04518786418514281,0.04275649266475713,0.038616786005260875,0.72441936,0.7518551,0.86137754,0.49781662,0.49776423,0.6650366,0.5073027,0.65839136,2026-10-06T01:56:24.895351
39,0.7073155045509338,0.5005201101303101,0.6076085599899292,0.707575261592865,0.6076085599899292,0.7951913146972657,0.8756093672752381,1.923005885887146,0.14263317964076996,1.786098403930664,2.0,1.0,10.0,,,,,0.7874088541984559,0.7874088541984559,,,,17.371341452026368,0.12190142193227817,0.13171110522879917,,0.16976322750946518,0.22890472260250408,0.193226686566119,0.00182880225271034,0.060831524431705475,1.149224070986365,,0.006005959128174978,,75.86871639178817,18.73302969962928,,104.84543196562748,75.83718449294946,24.947977661327194,94.50244816093688,41.32640267633329,17.371320821677045,,0.6931471824645996,,0.06682146872114983,0.1627955392097971,,0.12533852206483767,0.07212159431474224,0.21574624793924344,0.00604742042613542,0.47795573636225075,0.17366905690758092,,,,0.3051,6102.0,0.8975742,0.9079541,0.93508315,0.5024882,0.49879286,0.7247273,0.49599028,0.7034012,0.503600001335144,0.7760298743247985,0.6197500228881836,0.7760298743247985,0.245,245.0,0.640737548078381,0.6030390976842667,0.6123861130162763,0.5636960682860132,0.43916167915428495,0.5155153590091063,0.6360674606278889,0.5960112461675166,0.5975486430071099,0.05868033372972847,0.053685349923556766,0.042745593448873104,0.09889939377527292,0.17178067453016457,0.10358415591632483,0.05944382738369914,0.05073302201458129,0.03883827122831102,0.63,0.64818186,0.87674415,0.4865132,0.49552846,0.6582677,0.5066929,0.6780303,0.4955500066280365,0.6826608481407166,0.6705499887466431,0.6826608481407166,0.218,218.0,0.6590659751439315,0.633464369004214,0.644062754350179,0.5949921354096102,0.4789157860688799,0.5439454496679197,0.6393048069878787,0.6318549710722589,0.6160148721554503,0.043717014836696766,0.04009234226226995,0.034907447775549716,0.06588014920707363,0.08039872898360584,0.05180608773045522,0.04155790115589716,0.04062392339323635,0.03219949178720578,0.82459676,0.8495496,0.8682482,0.48320612,0.49512196,0.6741228,0.51056916,0.66569346,0.49957500398159027,0.7293453612327576,0.6451500058174133,0.7293453612327576,0.23149999999999998,231.5,0.6499017616111562,0.6182517333442403,0.6282244336832277,0.5793441018478116,0.45903873261158246,0.5297304043385129,0.6376861338078839,0.6139331086198877,0.6067817575812801,0.05119867428321262,0.046888846092913355,0.03882652061221141,0.08238977149117327,0.12608970175688522,0.07769512182339003,0.05050086426979815,0.04567847270390882,0.03551888150775841,0.7272984,0.7488657,0.8724962,0.48485965,0.4953252,0.6661953,0.508631,0.6718619,2026-10-06T02:00:45.298817
40,0.7103444933891296,0.5013853311538696,0.6042893867492676,0.7105899453163147,0.6042893867492676,0.8017232454299926,0.8828670734405517,1.955819864654541,0.12756900985240938,1.8246859064102172,2.0,1.0,10.0,,,,,0.7867349908828736,0.7867349908828736,,,,17.34968447265625,0.13736835022451013,0.1406239880972607,,0.1896370797400262,0.24984260767128816,0.21485389602981556,0.0018388810897524807,0.06256041787327475,1.2733643319766232,,0.005758333388807929,,75.83374451072353,18.711579474673908,,104.8509515167042,75.80107694978167,24.91856701358868,94.50592823393026,41.4466098372344,17.349668940161443,,0.6931471824645996,,0.06762202216941081,0.16404609771291162,,0.12701077075900546,0.0730021407080304,0.21797647910892584,0.006129971895200812,0.4874459844865617,0.17649225890636444,,,,0.28795,5759.0,0.8998396,0.9112163,0.93569726,0.5042062,0.49863708,0.72311115,0.4997165,0.7180041,0.4945499897003174,0.789162889957428,0.6202500462532043,0.789162889957428,0.231,231.0,0.6529520405117487,0.5949934039778175,0.6387835826104258,0.6076664142484094,0.47884428043420174,0.5795109540342308,0.6478262627476034,0.6227702623720107,0.6250594617723237,0.052631371270451754,0.022421376720577302,0.03509141245231319,0.11931100020233575,0.14489632039741154,0.11478772047609281,0.06770217131224093,0.05107219726643296,0.05007167803166212,0.612,0.6272727,0.8658915,0.5009869,0.5,0.6468504,0.5480315,0.67386365,0.49830004572868347,0.6762858018875122,0.6763999462127686,0.6762858018875122,0.202,202.0,0.6576284949754589,0.6102583949301345,0.6361649514958798,0.5977327022021316,0.48345718960996525,0.5549656721795523,0.6535629662999975,0.6279684847594329,0.6274392784144173,0.03851251786661218,0.03342025482181512,0.029356480051612958,0.06009004127276734,0.07837467136698514,0.05145536998742951,0.03635242915430462,0.034170654291807594,0.02824240427587775,0.828629,0.8445946,0.8773723,0.5125954,0.49552846,0.6671053,0.5130082,0.67481756,0.4964250177145004,0.7327243459224702,0.6483249962329865,0.7327243459224702,0.21650000000000003,216.5,0.6552902677436039,0.6026258994539759,0.6374742670531528,0.6026995582252705,0.4811507350220835,0.5672383131068915,0.6506946145238004,0.6253693735657218,0.6262493700933704,0.04557194456853197,0.027920815771196213,0.03222394625196307,0.08970052073755154,0.11163549588219834,0.08312154523176116,0.052027300233272775,0.04262142577912027,0.03915704115376993,0.7203145,0.73593366,0.8716319,0.5067911,0.49776423,0.6569779,0.53051984,0.6743406,2026-10-06T02:05:06.320271
41,0.7129799723625183,0.503262460231781,0.5999613840579987,0.7128676772117615,0.5999613840579987,0.7969234634399414,0.877533975982666,1.924523989868164,0.13326836150288582,1.8560873352050782,2.0,1.0,10.0,,,,,0.7919032865524293,0.7919032865524293,,,,17.328305697631837,0.11346267638312783,0.14852073518144096,,0.2072221427491516,0.23848951849967812,0.212761318465327,0.0019266244259834955,0.06358485791096642,1.2071906639512178,,0.006055880097707935,,75.79924395129939,18.689178600432765,,104.86266098508409,75.76547527920668,24.890449365992456,94.50859458583176,41.58903087931834,17.328286249926137,,0.6931471824645996,,0.06862170628871128,0.16509091256150774,,0.12920335789394985,0.07393041756122735,0.22061018958972517,0.006281852585732177,0.4979826432124824,0.1793795753816131,,,,0.30135,6027.0,0.9030473,0.9131495,0.9361925,0.5077409,0.50459504,0.7313334,0.49720535,0.7151935,0.5028499960899353,0.7860962247848511,0.6230001449584961,0.7860962247848511,0.223,223.0,0.5369411684519214,0.5054251036813414,0.5282742336757988,0.5068364661649889,0.4521430149378551,0.48633494813757827,0.5461812883984577,0.5410613848165632,0.5208371876568679,0.032898063826720045,0.04002289096535597,0.030944567916135618,0.11425362537212158,0.19147417459968324,0.13160916915510712,0.05036348971725339,0.05453627940015677,0.05375511232910338,0.644,0.6427273,0.8612403,0.49506578,0.49796748,0.6570867,0.5338583,0.6746212,0.4975000321865082,0.6795186357498169,0.675649881362915,0.6795186357498169,0.205,205.0,0.5700915530840387,0.5564111829941418,0.5639479933133423,0.5126652735907825,0.4730101841347897,0.49616586213212166,0.5202114023350002,0.5115603262097225,0.4895292234139692,0.02456341023529334,0.02826996609866937,0.026659479332278455,0.05967285587223061,0.0878700320747268,0.06752108214984001,0.02298220278548071,0.0229246235313971,0.019439872224463813,0.8346774,0.8540541,0.87080294,0.49122137,0.49878052,0.6890351,0.5113821,0.66350365,0.5001750141382217,0.732807430267334,0.6493250131607056,0.732807430267334,0.214,214.0,0.55351636076798,0.5309181433377417,0.5461111134945706,0.5097508698778856,0.46257659953632235,0.49125040513484997,0.533196345366729,0.5263108555131428,0.5051832055354186,0.028730737031006693,0.03414642853201267,0.028802023624207036,0.0869632406221761,0.13967210333720503,0.09956512565247357,0.03667284625136705,0.03873045146577694,0.03659749227678359,0.7393387,0.7483907,0.86602163,0.49314356,0.498374,0.6730609,0.5226202,0.66906244,2026-10-06T02:09:27.476594
42,0.7162876725196838,0.498547226190567,0.5939845602035523,0.7162721157073975,0.5939845602035523,0.8065437213897705,0.888223152923584,2.008963289260864,0.16394377055168152,1.8274286895751952,2.0,1.0,10.0,,,,,0.7914281609535218,0.7914281609535218,,,,17.30858654785156,0.09097309579040594,0.11791634590477701,,0.16193970563305413,0.26023672084519817,0.19541244128137636,0.0016994193866611666,0.058710099642823456,1.1288203891295536,,0.005331710372846811,,75.76240306295406,18.66649096786596,,104.86641129414747,75.72957066821445,24.86211381900083,94.50966143759952,41.69103583560628,17.30856671910377,,0.6931471824645996,,0.06917738188414058,0.16664708476917,,0.1305718359294211,0.07475992183017123,0.22294727262038333,0.0064071641291734895,0.5062039691931123,0.1825979946145586,,,,0.2771,5542.0,0.9110265,0.91467977,0.93759906,0.5151066,0.50800234,0.72545457,0.499757,0.7240326,0.4956500232219696,0.775993492603302,0.624500036239624,0.775993492603302,0.2,200.0,0.5819042940842694,0.584647795387418,0.5835457883662303,0.5030099421470845,0.4643216712743885,0.47758734920972157,0.5667530570166748,0.5639861847666874,0.5383004117712284,0.04879726277963013,0.04426439533276868,0.04002616736783608,0.11230030025097865,0.1717853959619958,0.10819970966700937,0.04855496360491804,0.04763405082480377,0.03492446434028483,0.65900004,0.64500004,0.8627907,0.49177632,0.49552846,0.65039366,0.5484252,0.669697,0.5064999461174011,0.6776636710166931,0.6816500425338745,0.6776636710166931,0.197,197.0,0.5865344303407781,0.5764530679609522,0.578452974524367,0.5314280174767586,0.4835259960139529,0.4995454898520654,0.5608780370487882,0.5544799466803945,0.535512454718712,0.030660631734827144,0.036859719722955354,0.03136339715654753,0.05491553562703534,0.08132153244502394,0.057298154341889555,0.0314176347342933,0.03482685794793864,0.029443650422623265,0.8350807,0.8536036,0.8879562,0.5133588,0.5109756,0.6723684,0.51544714,0.6682482,0.5010749846696854,0.7268285818099975,0.6530750393867493,0.7268285818099975,0.1985,198.5,0.5842193622125238,0.5805504316741851,0.5809993814452986,0.5172189798119216,0.4739238336441707,0.4885664195308935,0.5638155470327315,0.5592330657235409,0.5369064332449702,0.03972894725722864,0.04056205752786202,0.035694782262191804,0.08360791793900699,0.12655346420350988,0.08274893200444947,0.039986299169605666,0.041230454386371206,0.03218405738145405,0.7470404,0.7493018,0.8753735,0.5025675,0.503252,0.661381,0.53193617,0.6689726,2026-10-06T02:13:49.344600
43,0.7168279886245728,0.5027702450752258,0.5911416107177735,0.7183072566986084,0.5911416107177735,0.8084252252578735,0.8903137122154235,2.0385231399536132,0.1252496995508671,1.8666268388748168,2.0,1.0,10.0,,,,,0.7963056223869324,0.7963056223869324,,,,17.289838970947265,0.11360399230460452,0.12837542693136603,,0.1777349920694236,0.2817924672820766,0.19960121288421048,0.0017814296297729015,0.06143965148574607,1.0940865722431499,,0.0064582416738063145,,75.72647872244477,18.644618842252502,,104.87021991705438,75.69404310481563,24.83308534561449,94.51185311481451,41.79712225069665,17.289826083335146,,0.6931471824645996,,0.06993737180901181,0.16801323642016977,,0.1320088984100682,0.07559806896243126,0.22525594682450506,0.006561937590669485,0.5144017035034811,0.18608538369843913,,,,0.28095,5619.0,0.9053729,0.91355217,0.93799525,0.52839655,0.51148754,0.72979796,0.5029162,0.72217923,0.4991500675678253,0.7697437944412231,0.6319500207901001,0.7697437944412231,0.19,190.0,0.5896522455636495,0.5681795581920049,0.5939318340983183,0.5043499538079284,0.45470212362937334,0.506941450669326,0.5349344504274464,0.5482468998270501,0.5124220022367763,0.03683174470830903,0.04347589671388724,0.03582613672536197,0.078820493045862,0.09608791767469523,0.059921879598720494,0.03660687915834122,0.035582393825826265,0.035559944433127925,0.619,0.63545454,0.8666667,0.51085526,0.5170732,0.64842516,0.6086614,0.6625,0.5063999891281128,0.6681208171844483,0.6859999299049377,0.6681208171844483,0.189,189.0,0.5779860202324215,0.5687134745336646,0.5760457199206803,0.5170902366123221,0.4754474824414446,0.49232128588008467,0.5343853370056312,0.5296877051686736,0.5146441825871888,0.02445260448897701,0.030909324683731053,0.02568567935744139,0.05440208964379299,0.08029670499179109,0.05731692400243625,0.02450105885348731,0.024420184413476966,0.0200538025460465,0.8479839,0.8585586,0.8740876,0.5354962,0.50569105,0.68070173,0.5231707,0.6678832,0.502775028347969,0.7189323058128356,0.6589749753475189,0.7189323058128356,0.1895,189.5,0.5838191328980356,0.5684465163628347,0.5849887770094993,0.5107200952101252,0.46507480303540893,0.49963136827470533,0.5346598937165388,0.5389673024978618,0.5135330924119825,0.03064217459864302,0.03719261069880915,0.03075590804140168,0.06661129134482749,0.08819231133324315,0.05861940180057837,0.030553969005914262,0.030001289119651615,0.027806873489587214,0.73349196,0.74700654,0.8703771,0.5231757,0.5113821,0.6645634,0.56591606,0.66519165,2026-10-06T02:18:10.485448
44,0.7277130484580994,0.5015101432800293,0.5805937362670899,0.727739691734314,0.5805937362670899,0.7987877996444702,0.8796054675102234,1.9455992517471314,0.13177473532557488,1.8344734510421752,2.0,1.0,10.0,,,,,0.8044665672302246,0.8044665672302246,,,,17.274200344848634,0.15997463153900615,0.13756975564797214,,0.1902721683215943,0.35258076449108733,0.20799314804897187,0.0019408850085322455,0.06833147153163412,1.0756023095291891,,0.006871029243368513,,75.69119252976338,18.625643505412302,,104.87355906492586,75.65929028942327,24.807385705838538,94.51423581846201,41.92573715015581,17.274182556541103,,0.6931471824645996,,0.07077846234771097,0.1703957786225969,,0.1333842228172691,0.07653528432937184,0.2277710675054295,0.006709341152577074,0.5236575929981888,0.18978509790958112,,,,0.2968,5936.0,0.90627503,0.90422875,0.93569726,0.56842417,0.5343263,0.72725254,0.5334751,0.71655804,0.487199991941452,0.7500444107055664,0.6594499349594116,0.7500444107055664,0.22,220.0,0.5371465723862433,0.499099178754154,0.5113536157784079,0.48977950632232253,0.42669511499270335,0.43967563131675264,0.49190441260697354,0.48034020467275157,0.44669588875470745,0.06998744262780941,0.06664764394996829,0.06523766561114994,0.12374600973824382,0.13314356602458227,0.1076736290860374,0.09903271106023932,0.09372265578142171,0.09305814922550737,0.639,0.63954544,0.87131786,0.5917764,0.5804878,0.62952757,0.6755906,0.64924246,0.5049999952316284,0.6635054664611817,0.6975998878479004,0.6635054664611817,0.22,220.0,0.5736397201587037,0.5506470021220474,0.5651059674886264,0.5112055410411969,0.4528463093570551,0.48262020573896847,0.5189125851528089,0.5173476593623901,0.4833926625805771,0.040823480485812406,0.04413282816468167,0.03794533628218206,0.06133153144304604,0.08839509289048643,0.06321548760311306,0.043065039386687966,0.0448383354817548,0.03851932805173654,0.8262097,0.85315317,0.86970806,0.5954198,0.54390246,0.6609649,0.5682927,0.6653285,0.4960999935865402,0.706774938583374,0.678524911403656,0.706774938583374,0.22,220.0,0.5553931462724735,0.5248730904381007,0.5382297916335171,0.5004925236817597,0.43977071217487923,0.4611479185278605,0.5054084988798913,0.4988439320175708,0.4650442756676423,0.055405461556810906,0.05539023605732498,0.051591500946665994,0.09253877059064493,0.11076932945753434,0.08544455834457523,0.07104887522346365,0.06928049563158825,0.06578873863862195,0.73260486,0.74634933,0.87051296,0.5935981,0.5621951,0.64524627,0.6219416,0.65728545,2026-10-06T02:22:31.869776
45,0.7351250648498535,0.4986298382282257,0.5699375910282135,0.7359601855278015,0.5699375910282135,0.7974087388038635,0.8780731695175171,1.9171415575027466,0.12954273000955582,1.9142330276489259,2.0,1.0,10.0,,,,,0.8119966506004334,0.8119966506004334,,,,17.25037682800293,0.24430982884802635,0.167728346078449,,0.23284120805514086,0.44512502042351254,0.20633103024617883,0.0020717693081979825,0.07230349791467569,1.0642406997407319,,0.007441594070757911,,75.65831824624614,18.60917836086006,,104.87722258355207,75.62506599183295,24.780776382251908,94.51665768957442,42.065615417091706,17.25035407436881,,0.6931471824645996,,0.07206213925104991,0.17299100358015412,,0.13475670613301027,0.07758989341699393,0.23033092299084754,0.0069101393863463855,0.5332915748760199,0.19201163700811422,,,,0.29885,5977.0,0.89647156,0.8956504,0.935103,0.60108614,0.56142914,0.7230707,0.5711422,0.7070672,0.5012500286102295,0.736431568145752,0.6574499011039734,0.736431568145752,0.218,218.0,0.5504584929121829,0.5038217084760201,0.5304338539703523,0.5234032435241699,0.4086383104410399,0.4615114665986398,0.5294536223276022,0.5137733902191558,0.4717528267739246,0.05474027173299459,0.05544816417110113,0.046906318875330436,0.08908603914812632,0.13046539963260137,0.08441470327669152,0.06036526335164886,0.05891300664935332,0.05931100456024285,0.6345,0.6531818,0.8655039,0.5855263,0.57967484,0.6476378,0.6334646,0.6628788,0.5018999576568604,0.655728214263916,0.695050060749054,0.655728214263916,0.243,243.0,0.5912047166519576,0.5625065066063382,0.5796949373039333,0.5388775316609441,0.4385126795544293,0.48576695632670835,0.5556405980987729,0.552320603621492,0.5074370328473723,0.04121912679547778,0.0433625081958535,0.038717920023538646,0.057117329097884306,0.07085716570867699,0.052807141345696,0.04384438956755516,0.04325698711717678,0.03435550559044163,0.833871,0.83243245,0.85255474,0.5912214,0.54390246,0.65877193,0.59308946,0.6572993,0.5015749931335449,0.696079891204834,0.6762499809265137,0.696079891204834,0.23049999999999998,230.5,0.5708316047820703,0.5331641075411792,0.5550643956371428,0.531140387592557,0.4235754949977346,0.47363921146267407,0.5425471102131876,0.533046996920324,0.48959492981064845,0.04797969926423619,0.04940533618347731,0.04281211944943454,0.07310168412300531,0.10066128267063917,0.06861092231119376,0.05210482645960201,0.05108499688326505,0.04683325507534224,0.7341855,0.74280715,0.8590293,0.58837384,0.5617887,0.65320486,0.613277,0.660089,2026-10-06T02:26:53.708594
46,0.7407225370407104,0.5005573034286499,0.5571433886528016,0.7429425716400146,0.5571433886528016,0.7967821089744568,0.8773769180297851,1.9031895473480225,0.12828952637910843,1.8520107774734498,2.0,1.0,10.0,,,,,0.820421591758728,0.820421591758728,,,,17.223859216308593,0.2558125126039147,0.15343560760093342,,0.21481046896831246,0.5274118794377443,0.19829337920542736,0.0020302690411354326,0.07072002587804369,0.9788073859397014,,0.007913780392734868,,75.6242266126499,18.593766740932587,,104.88473734278588,75.59103437290071,24.7536998675887,94.51618325786227,42.184161070805445,17.223831808491116,,0.6931471824645996,,0.07313320738304953,0.17512329549166808,,0.1364219735382469,0.0787790600376524,0.2331428289603276,0.007136602378835914,0.5418160755163545,0.19404917613715883,,,,0.29255,5851.0,0.8949479,0.8935562,0.93738115,0.6272314,0.5751363,0.72066665,0.58730257,0.71014255,0.5106000900268555,0.696613124370575,0.671000063419342,0.696613124370575,0.203,203.0,0.5859923292761614,0.5369338275088644,0.5454855608246437,0.5250003231517248,0.41967213961723815,0.4292669385792201,0.5742089999614051,0.5551005924584556,0.5218233393130649,0.06970200328712592,0.07233071996946511,0.06016448257976513,0.11093537274246698,0.13361678866012675,0.11818044501386456,0.09426795950996963,0.08927396242568386,0.08189357223006258,0.6,0.6363636,0.8627907,0.6269737,0.6691057,0.62559056,0.68110234,0.65265155,0.4990500509738922,0.6218178806304931,0.7091999650001526,0.6218178806304931,0.205,205.0,0.5934162710687656,0.5885329146531638,0.5860473522431016,0.5036241160077443,0.4491002550465084,0.4409874318241962,0.5513977264343783,0.5492983845777784,0.5099898489171587,0.042752403196807724,0.04419197517916457,0.03905245106096781,0.0624987916215819,0.08114825933768663,0.06340805845770893,0.041320051732807846,0.03828106479519285,0.031508586249295735,0.8383065,0.84639645,0.86751825,0.62900764,0.5581301,0.66798246,0.60081303,0.66678834,0.5048250705003738,0.6592155025005341,0.6901000142097473,0.6592155025005341,0.20400000000000001,204.0,0.5897043001724636,0.5627333710810141,0.5657664565338727,0.5143122195797345,0.4343861973318733,0.4351271852017081,0.5628033631978917,0.552199488518117,0.5159065941151117,0.056227203241966825,0.05826134757431484,0.04960846682036647,0.08671708218202444,0.10738252399890669,0.09079425173578674,0.06779400562138874,0.06377751361043836,0.05670107923967915,0.7191533,0.74138004,0.8651545,0.62799066,0.6136179,0.6467865,0.6409577,0.65971994,2026-10-06T02:31:12.807751
47,0.7543273568153381,0.4998702108860016,0.5331221282958984,0.7550996541976929,0.5331221282958984,0.798213092136383,0.8789669019699097,1.9238979684829711,0.13274321478009224,1.837286824607849,2.0,1.0,10.0,,,,,0.8369709537506104,0.8369709537506104,,,,17.199590216064454,0.2388766576435156,0.16980311151143093,,0.23081187818460402,0.5580737186465293,0.19817862517324983,0.001969701266820857,0.068903991620347,0.9916050261372973,,0.007927694717929312,,75.59158971507078,18.577301900098277,,104.8957207552187,75.55684472345243,24.72503048599146,94.51419067382812,42.29340471887285,17.199568839589503,,0.6931471824645996,,0.07439233291490822,0.17644861872029152,,0.13823962951921354,0.08002826789761805,0.23533080641631107,0.007283484275529909,0.549762169266962,0.19657305158247615,,,,0.29785,5957.0,0.9031075,0.9003222,0.9365095,0.6610585,0.5894471,0.72725254,0.6116039,0.7140122,0.5057500004768372,0.6727898664474488,0.6897000670433044,0.6727898664474488,0.23,230.0,0.5398437654758141,0.5336715453397429,0.5240233301375523,0.43505590626389684,0.3683245914357936,0.35877885538258547,0.4006076665136435,0.3710703369475889,0.3484499363687456,0.06956551757311047,0.053950846199341235,0.04528024474905086,0.11067825518013062,0.13047521965065217,0.08959864843962904,0.09687562168565723,0.0919806809293835,0.08260450085341361,0.62850004,0.6454545,0.8643411,0.65657896,0.71747965,0.64055115,0.69645673,0.655303,0.49414998292922974,0.609523012638092,0.7122501134872437,0.609523012638092,0.212,212.0,0.5417741867382581,0.5400751247479544,0.5436390861182845,0.46459773799308984,0.41553584039081043,0.41740770866903204,0.4444533302360572,0.4404785875868406,0.40153799410558266,0.04335426303153364,0.04822583841644819,0.04155440606740695,0.06244603970289415,0.0770062246783664,0.05901183378640021,0.04742371075404411,0.04816885722702922,0.03963846816723835,0.8455645,0.8450451,0.8660584,0.6450382,0.5626017,0.67192984,0.61422765,0.65036494,0.49994999170303345,0.6411564395427705,0.700975090265274,0.6411564395427705,0.221,221.0,0.540808976107036,0.5368733350438486,0.5338312081279184,0.44982682212849334,0.391930215913302,0.38809328202580873,0.42253049837485035,0.40577446226721475,0.3749939652371641,0.056459890302322055,0.05108834230789471,0.0434173254082289,0.08656214744151239,0.10374072216450929,0.07430524111301462,0.07214966621985067,0.07007476907820635,0.06112148451032598,0.7370323,0.7452498,0.86519974,0.6508086,0.64004064,0.65624046,0.6553422,0.65283394,2026-10-06T02:35:26.516264
48,0.7603299021720886,0.4988626539707184,0.5172818415641784,0.7614250183105469,0.5172818415641784,0.8025227868080139,0.8837554478645324,1.9562239953994751,0.12700608720183373,1.8978159622192383,2.0,1.0,10.0,,,,,0.8502445449829101,0.8502445449829101,,,,17.177364205932616,0.2446654597237991,0.16074910564170142,,0.22217332979865895,0.6322598668040743,0.1955874869777898,0.0019270730276064129,0.06869421893386704,0.9659835563343802,,0.007745691631463872,,75.55898498729536,18.560331344604492,,104.9068619551932,75.52273263141608,24.695552692291844,94.51175004509604,42.3890829632996,17.177342663904664,,0.6931471824645996,,0.07557005112528041,0.17811171805403034,,0.13994859662025597,0.08122632296601678,0.23753831027799352,0.0073547098091595875,0.5569877457466854,0.19904196119991838,,,,0.2928,5856.0,0.90617484,0.9059002,0.93508315,0.6736967,0.60471183,0.72541416,0.630883,0.7117108,0.5066999793052673,0.6778533544540405,0.6832499504089355,0.6778533544540405,0.199,199.0,0.47573743963460663,0.493760726418717,0.4877926528999982,0.3739534724284113,0.37622544422356635,0.362951650473604,0.3676909960498842,0.3596211583112103,0.3272023838145757,0.08843086622731663,0.08098257817597496,0.0784470419222786,0.14421051790962675,0.14630916335373317,0.14529326858519814,0.10679639498970138,0.1019434266505684,0.09242589510868389,0.6065,0.61045456,0.8534884,0.65164477,0.72845525,0.6354331,0.70236224,0.6575758,0.5127000212669373,0.5962692017555237,0.7238000631332397,0.5962692017555237,0.196,196.0,0.5124385811499159,0.5376588983476094,0.5332556247996153,0.4183259934478005,0.4128901179888014,0.4088356933792268,0.3816370969717533,0.37850343756341154,0.35529120302878303,0.042062126829780305,0.0468344035207687,0.04179604388803053,0.06840645786872993,0.09303651630375805,0.06755791764536186,0.05063582617965095,0.05493669740529642,0.04958280196612235,0.85443544,0.86396396,0.88175184,0.6770993,0.5678862,0.6780702,0.6191057,0.65072995,0.5097000002861023,0.6370612781047821,0.7035250067710876,0.6370612781047821,0.1975,197.5,0.49408801039226125,0.5157098123831632,0.5105241388498067,0.3961397329381059,0.3945577811061839,0.38589367192641544,0.37466404651081875,0.36906229793731093,0.3412467934216794,0.06524649652854847,0.06390849084837183,0.06012154290515456,0.10630848788917834,0.1196728398287456,0.10642559311527999,0.07871611058467616,0.07844006202793241,0.07100434853740312,0.73046774,0.73720926,0.8676201,0.664372,0.6481707,0.65675163,0.66073394,0.65415287,2026-10-06T02:39:40.698151
49,0.7652023434638977,0.502112627029419,0.5098176563262939,0.7668302059173584,0.5098176563262939,0.8055904499053955,0.8871639627456666,1.976976392173767,0.1201985942363739,1.908779783630371,2.0,1.0,10.0,,,,,0.8471838492393494,0.8471838492393494,,,,17.154067080688478,0.2652183626155565,0.16616140284640774,,0.22191069298868726,0.6397944852045387,0.19431959666833756,0.0019486900241037083,0.06759238380725217,1.0106519181637248,,0.008283361810731114,,75.52534149558682,18.540126654752502,,104.91374653615769,75.48866485790083,24.666098418509126,94.51094502248581,42.47114205815989,17.15404492274971,,0.6931471824645996,,0.07652547471462541,0.17963397161216493,,0.14132756659179735,0.08239178658480857,0.2396707975181045,0.007517000331074759,0.5634750298633697,0.20138786723659297,,,,0.2962,5924.0,0.902085,0.9072694,0.9347663,0.68906003,0.61121494,0.72979796,0.6451195,0.71745414,0.506600022315979,0.6960287795066834,0.6830499172210693,0.6960287795066834,0.217,217.0,0.5094086547867944,0.528447416688665,0.5299030843978247,0.39988813054322464,0.3776871479922536,0.38695407657023234,0.4155929215943744,0.4193544753492091,0.39412818828141044,0.07363528092998585,0.06452000696552475,0.06305875736501014,0.13333843419943736,0.14473561529435766,0.12403536796982952,0.10372160296141722,0.09709413143591486,0.09403335966255731,0.66450006,0.6045455,0.8829458,0.63881576,0.7276423,0.62874013,0.6972441,0.6151515,0.49359995126724243,0.6732858502864838,0.6983500123023987,0.6732858502864838,0.215,215.0,0.5395307080843736,0.5593322057565342,0.5511221643101214,0.44729687645343535,0.41148768321880824,0.4113063680097914,0.4238104636515504,0.42497293277766257,0.3989498249052408,0.036673204508834406,0.042735753401941516,0.030439832281629556,0.056198182972662034,0.07878828541887287,0.04796055578959959,0.04472509513241514,0.04546897638133383,0.036890553821107695,0.81975806,0.82072073,0.81569344,0.6713741,0.57723576,0.61973685,0.63414633,0.629562,0.5000999867916107,0.6846573148965835,0.690699964761734,0.6846573148965835,0.216,216.0,0.524469681435584,0.5438898112225996,0.5405126243539731,0.42359250349833,0.3945874156055309,0.3991302222900119,0.4197016926229624,0.42216370406343584,0.39653900659332564,0.05515424271941013,0.05362788018373313,0.04674929482331985,0.0947683085860497,0.11176195035661526,0.08599796187971455,0.07422334904691619,0.07128155390862434,0.0654619567418325,0.7421291,0.71263313,0.8493196,0.6550949,0.652439,0.6242385,0.6656952,0.6223568,2026-10-06T02:43:55.198448
50,0.7710775136947632,0.49842509627342224,0.496452840423584,0.7724897265434265,0.496452840423584,0.8087348812103271,0.8906577772140503,2.0279569330215454,0.1179708956182003,1.8645305517196655,2.0,1.0,10.0,,,,,0.8421953290939331,0.8421953290939331,,,,17.12887428894043,0.28060563853022397,0.1515350635074506,,0.22019685325539037,0.6991264421469087,0.19397925659065035,0.0018135895274110898,0.06561024345837202,1.0214103390077116,,0.007557485475809948,,75.49046816491777,18.518499216456323,,104.91860782113045,75.45451165460477,24.63668862118083,94.51183338529745,42.55026211100779,17.128852880684434,,0.6931471824645996,,0.07733581646992142,0.18105369322239215,,0.14263826988305256,0.08359367148891376,0.24186430425400945,0.007691028071152177,0.5697062015533447,0.20353114035478823,,,,0.2932,5864.0,0.9105653,0.91222316,0.93938196,0.70323855,0.61082554,0.7297576,0.6544755,0.721609,0.4956499934196472,0.6601480627059937,0.6880999803543091,0.6601480627059937,0.226,226.0,0.4878226740325877,0.4874483378231183,0.5046893233935295,0.43002675013963615,0.3943640497839182,0.4236480605044935,0.45118015183032595,0.4411491920343297,0.42961578441738046,0.0721391773116086,0.07107513694927363,0.06417854881783462,0.11342481388424178,0.13859312370270166,0.10685698460603132,0.09557026289607416,0.09791728006808394,0.0855663561639107,0.6075,0.6363636,0.8635659,0.68322366,0.7768293,0.6248031,0.630315,0.6602273,0.49059998989105225,0.5770539875030518,0.7285500764846802,0.5770539875030518,0.223,223.0,0.5474792924622789,0.5483263568228665,0.5510859714150326,0.4712861010508134,0.39525950049853265,0.4337818578703738,0.46653658602890663,0.45808585504852983,0.4329652411736665,0.03482564334985719,0.04162288079980099,0.031167587156931523,0.060734660308142265,0.08282741357983474,0.0569390447218297,0.053367481153040325,0.0567138896197786,0.048061609988709265,0.85806453,0.8585586,0.88248175,0.6935114,0.5597561,0.6662281,0.6430894,0.66569346,0.49312499165534973,0.6186010251045228,0.7083250284194946,0.6186010251045228,0.2245,224.5,0.5176509832474333,0.5178873473229924,0.5278876474042811,0.4506564255952248,0.39481177514122545,0.42871495918743363,0.4588583689296163,0.44961752354142975,0.4312905127955235,0.053482410330732894,0.05634900887453731,0.04767306798738307,0.08707973709619202,0.1107102686412682,0.08189801466393051,0.07446887202455724,0.07731558484393126,0.06681398307630998,0.73278224,0.7474611,0.87302387,0.68836755,0.6682927,0.6455156,0.6367022,0.6629604,2026-10-06T02:48:08.957407
51,0.7722525596618652,0.499554842710495,0.48973238434791566,0.7755630612373352,0.48973238434791566,0.8144420230865479,0.8969990467071534,2.06495695400238,0.11152892863154411,1.8842775123596192,2.0,1.0,10.0,,,,,0.8471996836662292,0.8471996836662292,,,,17.106378125,0.31355970580676557,0.16829340520558084,,0.21525509147697194,0.7016545492372696,0.18844296764226476,0.0018683114444249707,0.06555031663530571,0.9793036825907458,,0.0075357275415111075,,75.45622510970777,18.495803857305248,,104.92049252455402,75.42002295232882,24.60775777488757,94.50703085152207,42.64021262393636,17.106360453708916,,0.6931471824645996,,0.07822266800008762,0.18223844164875663,,0.14380660909376328,0.08480821621076316,0.24401809540903494,0.007725986921981831,0.5764122787554553,0.20601422733562008,,,,0.2803,5606.0,0.91351247,0.91278696,0.9370246,0.71625197,0.614486,0.73539394,0.66393274,0.713055,0.509350061416626,0.6814717178344727,0.6845999956130981,0.6814717178344727,0.225,225.0,0.4645887359316526,0.476488505374686,0.47787710226130714,0.3929690958541179,0.3100127629403856,0.36564348828422627,0.3621684827685482,0.35475234961382507,0.33301211958897464,0.07361973125696905,0.06375022134446072,0.05680109651676861,0.12466336391904875,0.10951030444367331,0.10262702138318591,0.10028467803118904,0.09334260679893888,0.08492905378911723,0.619,0.62545455,0.85968995,0.66809213,0.7630081,0.6330709,0.6334646,0.657197,0.5047500133514404,0.6111545305252075,0.7213500142097473,0.6111545305252075,0.211,211.0,0.5316832987821678,0.5623177764920562,0.546012322368334,0.42424219436889615,0.40978275822588217,0.4026820200424143,0.4192553570353512,0.4151722593729596,0.387085234044017,0.03864980247117363,0.050271996676200754,0.033870498115995816,0.05764252377461643,0.08030887317883532,0.05060253096840048,0.0563423423819964,0.06211573119258418,0.049795052136603214,0.8524194,0.84774774,0.86496353,0.708397,0.56056917,0.65964913,0.63495934,0.6423358,0.5070500373840332,0.6463131241798401,0.7029750049114227,0.6463131241798401,0.218,218.0,0.4981360173569102,0.519403140933371,0.5119447123148205,0.408605645111507,0.3598977605831339,0.3841627541633203,0.3907119199019497,0.3849623044933923,0.3600486768164958,0.056134766864071345,0.05701110901033074,0.04533579731638221,0.09115294384683259,0.09490958881125432,0.0766147761757932,0.07831351020659272,0.07772916899576153,0.06736205296286023,0.73570967,0.7366011,0.86232674,0.6882446,0.66178864,0.64636004,0.63421196,0.6497664,2026-10-06T02:52:22.412460
52,0.7759724855422974,0.5017552971839905,0.4849380035400391,0.7777450084686279,0.4849380035400391,0.8129954131126403,0.8953917027473449,2.055530265426636,0.11537022057175636,1.9522556983947754,2.0,1.0,10.0,,,,,0.8501261404037476,0.8501261404037476,,,,17.083698974609376,0.4467755621595747,0.16263279214999668,,0.21593361454689577,0.7564775662817014,0.18791486685917635,0.0018565073886672688,0.06486561921703968,0.9921084363369426,,0.007203608200548715,,75.42310245781188,18.474286377050316,,104.92410720533626,75.38563702820213,24.577003491152624,94.50478674044275,42.72301196444566,17.08368585671589,,0.6931471824645996,,0.07928519961750431,0.1836018901152216,,0.1450463815289698,0.08605390583064146,0.24577224321046454,0.007777668639519222,0.5826990027336558,0.2082477791863642,,,,0.2831,5662.0,0.9107658,0.9106323,0.9364303,0.73390603,0.61727023,0.7318384,0.67310655,0.7096538,0.5095999836921692,0.6602312383651734,0.7047500014305115,0.6602312383651734,0.234,234.0,0.5111195999432006,0.5604405078907985,0.5382180841362518,0.3700574750986747,0.33271555018896726,0.35498515031350136,0.39150981513229155,0.39559007545825475,0.36770775200156774,0.05710866663308628,0.058562094051078976,0.0473836354158059,0.0849540661599625,0.09749342126230834,0.07541565130184832,0.09163295523074655,0.09280077059827206,0.07834015532435473,0.6470001,0.64590913,0.8635659,0.6950658,0.8378049,0.63070863,0.61968505,0.68257576,0.5031500458717346,0.5747341120243072,0.7351999878883362,0.5747341120243072,0.211,211.0,0.5720594915355319,0.6109024065227627,0.59695547780635,0.43866732696947064,0.37182588273258416,0.4136730220253934,0.4903376480530392,0.49400143940553143,0.47334869079687303,0.03939344888723831,0.04144673860080717,0.04054880068174996,0.054594459630501975,0.07223657385788944,0.06115657443268394,0.055794495069915746,0.05658385478407586,0.05318908301419482,0.8370968,0.85675675,0.88029194,0.75763357,0.5573171,0.6780702,0.66260165,0.65036494,0.5063750147819519,0.6174826751947403,0.7199749946594238,0.6174826751947403,0.2225,222.5,0.5415895457393662,0.5856714572067806,0.5675867809713009,0.40436240103407267,0.3522707164607757,0.3843290861694474,0.4409237315926654,0.4447957574318931,0.4205282213992204,0.048251057760162294,0.050004416325943074,0.04396621804877793,0.06977426289523224,0.08486499756009888,0.06828611286726613,0.07371372515033114,0.07469231269117396,0.06576461916927477,0.74204844,0.75133294,0.87192893,0.7263497,0.697561,0.6543894,0.6411433,0.66647035,2026-10-06T02:56:32.992320
53,0.779535174369812,0.501727283000946,0.47148138766288755,0.7838549017906189,0.47148138766288755,0.8161602430343627,0.8989081812858581,2.071830107307434,0.13010384221673013,1.9525198614120483,2.0,1.0,10.0,,,,,0.8464494358062744,0.8464494358062744,,,,17.062006198120116,0.557093611758226,0.16789716401487398,,0.2262801355237414,0.767966669835862,0.19187334996120187,0.0018585200130844571,0.06360776543285057,1.0216046802367373,,0.0074848139127100975,,75.3899676086037,18.450504217937493,,104.92781416777592,75.35148309598303,24.54734322371756,94.50334711743008,42.80548229339016,17.061983910335858,,0.6931471824645996,,0.08035404890016386,0.18441486842693036,,0.14624839783853785,0.08737044800428828,0.2476137413340769,0.007857507444728332,0.5889786990584841,0.2106936158268315,,,,0.2742,5484.0,0.9102646,0.91236407,0.9378368,0.75535154,0.61927575,0.7343434,0.6810652,0.72199595,0.5055500268936157,0.6540331792831421,0.6913999915122986,0.6540331792831421,0.249,249.0,0.47888954436757003,0.5205832308080902,0.4982207983644397,0.3628863889449506,0.34554028462199365,0.340186875891547,0.35715513783881214,0.35166512381247,0.3320669209165006,0.0777027384525196,0.06672442304814005,0.06776049164199957,0.12268240617411172,0.13929884387617086,0.12382329950277866,0.1084499508953383,0.11640424094365934,0.10982275004480743,0.5935,0.6136364,0.872093,0.68980265,0.8434959,0.6570867,0.5559055,0.67727274,0.5029500126838684,0.5535510728359222,0.7404500842094421,0.5535510728359222,0.215,215.0,0.48848181015098996,0.5109454502873116,0.5023810641246066,0.38716503492022497,0.3751059529849322,0.3667695431289993,0.3682934157457642,0.36520736860447894,0.3496659043688372,0.03375605400072605,0.048168153169732955,0.033129645875322584,0.061329060602742645,0.0883955888667843,0.05764427898617207,0.051023956683899065,0.057478179302216145,0.04599699892747893,0.8637097,0.8671171,0.8839416,0.73015267,0.56544715,0.679386,0.6695122,0.66423357,0.5042500197887421,0.6037921260595321,0.7159250378608704,0.6037921260595321,0.23199999999999998,232.0,0.48368567725928,0.5157643405477009,0.5003009312445231,0.3750257119325878,0.3603231188034629,0.35347820951027314,0.36272427679228814,0.3584362462084745,0.3408664126426689,0.055729396226622825,0.057446288108936504,0.050445068758661074,0.09200573338842719,0.11384721637147757,0.09073378924447537,0.07973695378961869,0.08694121012293773,0.07790987448614319,0.72860485,0.7403767,0.8780173,0.7099776,0.7044715,0.6682364,0.61270887,0.6707531,2026-10-06T03:00:47.661371
54,0.7805604338645935,0.4999699294567108,0.4620061608314514,0.7877445220947266,0.4620061608314514,0.8201034564971924,0.9032895241737365,2.1173640577316286,0.10937936380505561,1.995689284324646,2.0,1.0,10.0,,,,,0.8590383202552795,0.8590383202552795,,,,17.039244854736328,0.52071424118083,0.15833372828568432,,0.19998187728368552,0.7547810804692043,0.18668317685651173,0.001718761652424801,0.06042630320331853,0.9866290232937807,,0.007918252247169905,,75.35625968009803,18.426986937310286,,104.9313763175041,75.31706407875012,24.517547182216767,94.50330984516508,42.86908615015115,17.039220907126264,,0.6931471824645996,,0.08142529807652638,0.18576922158526768,,0.14741370926617056,0.08866866882059984,0.24925280632866417,0.008004867774286087,0.5943165531583653,0.21285791324961717,,,,0.2672,5344.0,0.9159783,0.9171567,0.9391046,0.7629937,0.6211643,0.7358384,0.69187933,0.7194908,0.5090999603271484,0.6483072028160095,0.6974000930786133,0.6483072028160095,0.192,192.0,0.5239626933411694,0.5045770348156904,0.5267085242326941,0.42869315834632943,0.3470690350023792,0.4089790351805644,0.4303906878071939,0.40579033885432475,0.39620145907753973,0.08880059753850222,0.08533715591824355,0.07889088571533415,0.12440342991587076,0.15207117821064994,0.1314383793886749,0.10273866898298868,0.09855300977153338,0.09471428313356392,0.62,0.6531818,0.83294576,0.7263158,0.8703252,0.642126,0.53543305,0.675,0.5001499652862549,0.5288650946617126,0.750499963760376,0.5288650946617126,0.171,171.0,0.5533095910789047,0.5585503915224048,0.5598395690593542,0.44972028813418014,0.38732366825317066,0.40110147369829613,0.4476424183246485,0.4387320214834555,0.42058975966958667,0.042557737810186666,0.05094553169681401,0.03991309389365824,0.062166768818632624,0.09858629523478799,0.06357078427351943,0.06091361424515914,0.06752948864661419,0.058295149242522985,0.85040325,0.8585586,0.8839416,0.79465646,0.59308946,0.6649123,0.6918699,0.6620438,0.5046249628067017,0.5885861487388611,0.7239500284194946,0.5885861487388611,0.1815,181.5,0.538636142210037,0.5315637131690476,0.5432740466460242,0.4392067232402548,0.3671963516277749,0.40504025443943026,0.43901655306592124,0.42226118016889014,0.40839560937356323,0.06567916767434445,0.06814134380752879,0.059401989804496194,0.0932850993672517,0.12532873672271896,0.09750458183109717,0.08182614161407391,0.08304124920907378,0.07650471618804346,0.7352016,0.7558702,0.8584437,0.7604861,0.73170733,0.65351915,0.6136515,0.6685219,2026-10-06T03:05:01.184226
55,0.7854173183441162,0.503272533416748,0.4575644018173218,0.78940749168396,0.4575644018173218,0.821445499420166,0.9047806854248047,2.135286731147766,0.10857011755108834,2.028754214859009,2.0,1.0,10.0,,,,,0.8519328588485717,0.8519328588485717,,,,17.01532176513672,0.5978834280732331,0.1910117597075974,,0.2276636697114653,0.748310549813471,0.18481054740726569,0.0017335367552894553,0.06014325268044593,1.0277584462788454,,0.006850456167346128,,75.32223151140153,18.403547056161674,,104.9345293470249,75.28272660370845,24.487172861767423,94.50585164841573,42.9295035927159,17.01529772570179,,0.6931471824645996,,0.08235746138035112,0.1869537828454546,,0.1484732798709991,0.08990115852682454,0.2508461446898758,0.008194187946712516,0.5994633929744647,0.21479877848534068,,,,0.26415,5283.0,0.9117482,0.9106323,0.935935,0.7784755,0.6269081,0.7336364,0.69977725,0.7194908,0.5086999535560608,0.6440377135276795,0.7001000046730042,0.6440377135276795,0.223,223.0,0.4957224609259582,0.5207128655009278,0.5205662365353152,0.37452635332451767,0.3584933062608799,0.382969149633308,0.33518695028947465,0.313761433218517,0.3377327557283299,0.09247886151915126,0.09251407177148022,0.08642441297267862,0.12335643090461704,0.11380445808202978,0.1142136822264823,0.11210976994217796,0.1170676869042517,0.1075828813753013,0.61800003,0.6340909,0.8403101,0.7289474,0.87398374,0.6397638,0.5641732,0.67386365,0.5013499855995178,0.5370922348499299,0.7490500211715698,0.5370922348499299,0.187,187.0,0.5232636125120369,0.5538187057145267,0.5489858198122237,0.41338471682841404,0.39026970788584514,0.40427706018777754,0.3960388466094574,0.39476219333424245,0.3819738483052463,0.047700725358463855,0.046921210735617176,0.038744033026072676,0.07007979028015525,0.0897583136190104,0.06378068752554655,0.06602183805449922,0.06922976875757518,0.059380817091627784,0.8528226,0.84864867,0.8868613,0.7870229,0.57601625,0.67105263,0.68414634,0.6788321,0.5050249695777893,0.5905649741888046,0.724575012922287,0.5905649741888046,0.20500000000000002,205.0,0.5094930367189976,0.5372657856077272,0.5347760281737695,0.39395553507646586,0.3743815070733625,0.39362310491054275,0.365612898449466,0.35426181327637973,0.3598533020167881,0.07008979343880756,0.06971764125354869,0.06258422299937565,0.09671811059238614,0.1017813858505201,0.08899718487601443,0.08906580399833859,0.09314872783091344,0.08348184923346454,0.7354113,0.7413698,0.8635857,0.7579851,0.725,0.6554082,0.6241598,0.67634785,2026-10-06T03:09:15.430492
56,0.7880399823188782,0.49874740839004517,0.4552249059677124,0.7898398041725159,0.4552249059677124,0.8227982633590698,0.9062837581634522,2.129447957420349,0.10807293855547905,2.0347204956054687,2.0,1.0,10.0,,,,,0.8510738340377808,0.8510738340377808,,,,16.99106618347168,0.49872780985133663,0.18829340660932717,,0.22098633485614874,0.7597680543638339,0.19127452297575154,0.0017328776084005264,0.06003106295303175,1.0567819422976985,,0.0062713778392741,,75.28820839657146,18.382489975850294,,104.93709656539237,75.24853321245521,24.45723918744713,94.50743200217083,42.99917685150341,16.991042957184423,,0.6931471824645996,,0.08340370194737319,0.18871139008907756,,0.1495532689580492,0.09110771556189105,0.25259067564253596,0.008316546364147573,0.6049647524857976,0.2165821682495676,,,,0.25835,5167.0,0.91142744,0.9127064,0.9372821,0.78329384,0.6154984,0.73242426,0.7064601,0.72132385,0.4988499879837036,0.6453578844070434,0.6978500485420227,0.6453578844070434,0.197,197.0,0.4176580932684984,0.4519744937841762,0.44431204192111395,0.3165332080731519,0.32803250722394656,0.3250011104175464,0.2337806669077193,0.22176599923772383,0.21893499856984497,0.0765548675582208,0.08163917730818683,0.06580964059774738,0.13909878105940782,0.15242214720589897,0.12737602865048134,0.10352921345120249,0.1079564697437545,0.10167899655260552,0.59050006,0.6259091,0.8476744,0.72960526,0.8792683,0.6547244,0.52952754,0.6905303,0.5070000886917114,0.5304522361755372,0.7521499991416931,0.5304522361755372,0.175,175.0,0.4464924077916889,0.47617954501468934,0.46603392749319394,0.3625992560638526,0.3795808319276632,0.36417615284513405,0.29538627642459675,0.28489514510322034,0.2768462072439599,0.0350982782635502,0.04336085747840524,0.0341098241029855,0.06082597696316769,0.09180469562790022,0.06059082545060299,0.05297140860046443,0.058871377534242375,0.04885483726663647,0.8584677,0.86396396,0.88905114,0.7916031,0.58170736,0.6662281,0.69430894,0.6671533,0.5029250383377075,0.5879050602912903,0.7250000238418579,0.5879050602912903,0.186,186.0,0.43207525053009366,0.4640770193994328,0.45517298470715395,0.3395662320685022,0.35380666957580487,0.34458863163134024,0.26458347166615803,0.25333057217047206,0.24789060290690246,0.0558265729108855,0.06250001739329604,0.04995973235036644,0.09996237901128775,0.1221134214168996,0.09398342705054216,0.07825031102583346,0.08341392363899844,0.07526691690962099,0.72448385,0.7449365,0.8683628,0.76060414,0.7304878,0.66047627,0.6119182,0.6788418,2026-10-06T03:13:29.760716
57,0.7897045612335205,0.5033375024795532,0.4472617884397507,0.7935125231742859,0.4472617884397507,0.8257789832115173,0.9095956719398498,2.168683395767212,0.1132525119483471,2.0207613607406616,2.0,1.0,10.0,,,,,0.8560242462158203,0.8560242462158203,,,,16.970287240600587,0.5829363013528714,0.15913833521164147,,0.20512443206682326,0.7654134771626466,0.19345099422012924,0.00167677081620119,0.059399882153530786,1.095372644958982,,0.006810591145341468,,75.25394585481874,18.35932689107907,,104.93701580071905,75.21387442813557,24.426714866783968,94.50809055984399,43.062371928221104,16.97026281903504,,0.6931471824645996,,0.08426290133576485,0.18999250963994652,,0.15049534514071836,0.09224933808206752,0.2541817819616597,0.008355097518937224,0.6101543269339641,0.21900916279880864,,,,0.2622,5244.0,0.91361266,0.91474026,0.9381933,0.79279226,0.6252142,0.7331717,0.70765495,0.72411406,0.5030999183654785,0.639514850139618,0.7056000232696533,0.639514850139618,0.208,208.0,0.4549809098859588,0.47607382957785055,0.47268330667062747,0.33454356459731377,0.3341095839007256,0.336124217278668,0.2699872507828305,0.25429772284341134,0.2568246369292423,0.0682755541399867,0.07154389742559888,0.0623806936731267,0.10824966792329985,0.09777675083793769,0.09871029142387391,0.10018163242034654,0.09556545876856665,0.09472952773746383,0.6195,0.6154546,0.8375969,0.75723684,0.897561,0.6515748,0.55275595,0.6776515,0.496550053358078,0.5278125839233399,0.7530500292778015,0.5278125839233399,0.173,173.0,0.5194263319685444,0.5480927698790645,0.5363039735690525,0.4126190263966608,0.3881909570652955,0.39560919577346493,0.37431963411030245,0.3686107542522781,0.34353907683211776,0.05869718677623392,0.05572576313883558,0.05083490618262066,0.07656018198425797,0.08284559675181011,0.06997840676061343,0.06878941480649989,0.07154106026827553,0.059932122927858295,0.8560484,0.8576577,0.88175184,0.8038168,0.57439023,0.6675438,0.7093496,0.66861314,0.49982498586177826,0.5836637170314789,0.7293250262737274,0.5836637170314789,0.1905,190.5,0.48720362092725156,0.5120832997284576,0.50449364011984,0.37358129549698726,0.3611502704830105,0.36586670652606645,0.32215344244656646,0.3114542385478447,0.30018185688068,0.06348637045811031,0.06363483028221723,0.05660779992787368,0.09240492495377892,0.0903111737948739,0.08434434909224367,0.08448552361342321,0.08355325951842109,0.07733082533266106,0.7377742,0.7365562,0.85967433,0.7805268,0.7359756,0.6595593,0.63105273,0.6731323,2026-10-06T03:17:43.030761
58,0.7926825881004333,0.49941733479499817,0.443016801071167,0.7954645752906799,0.443016801071167,0.8279734498023987,0.912033960723877,2.186245287322998,0.12825141158103942,2.006401330566406,2.0,1.0,10.0,,,,,0.8488547657966614,0.8488547657966614,,,,16.9477555847168,0.5216130127382886,0.16887675991554738,,0.21280432208945418,0.7499794922057231,0.19145659542387458,0.0017224861815746779,0.05981297043573325,1.052967776728284,,0.006060262198432402,,75.2187527213127,18.335273293173238,,104.93845105019345,75.17937717316256,24.396854692203984,94.50786094908501,43.13624196143667,16.947732196491994,,0.6931471824645996,,0.08490481934729655,0.1911325708126566,,0.151448901576601,0.09338106846163986,0.2558785029657327,0.008487635618372328,0.6157637291653141,0.22114697060767252,,,,0.2565,5130.0,0.91986763,0.9137736,0.9385499,0.79018563,0.6312111,0.7374141,0.70617664,0.72790223,0.4959999620914459,0.6375016016960144,0.70784991979599,0.6375016016960144,0.182,182.0,0.4700027676074613,0.49307346634101534,0.482194347811463,0.3384659503485721,0.3388289115206575,0.3354700205725771,0.26543133733653945,0.251482857726047,0.24568099190228676,0.06685449725113683,0.06741405644164083,0.05457922616979325,0.10504703138029008,0.12382163490973731,0.09934186650704806,0.09098639720719837,0.08685205669874091,0.07809631697340756,0.6475,0.63545454,0.8271318,0.74539477,0.89918697,0.65118116,0.5511811,0.6810606,0.489300012588501,0.5204875197410583,0.7573999762535095,0.5204875197410583,0.156,156.0,0.4746685583974568,0.5029915939657347,0.49434070741419844,0.3680611771410548,0.3558424825054476,0.3659151659299639,0.302496638764063,0.2912453976434876,0.2826407509893239,0.04994367735860395,0.057782051514662335,0.04771540743786073,0.07010657997077943,0.0892084948114021,0.06849905639868349,0.06026844276373861,0.06401648395600883,0.05854670540206558,0.8572581,0.8635135,0.88467157,0.8148855,0.58739835,0.67280704,0.7069106,0.6671533,0.49264998733997345,0.5789945607185364,0.7326249480247498,0.5789945607185364,0.16899999999999998,169.0,0.47233566300245905,0.498032530153375,0.4882675276128307,0.35326356374481344,0.34733569701305256,0.3506925932512705,0.2839639880503012,0.2713641276847673,0.26416087144580536,0.058399087304870395,0.06259805397815159,0.05114731680382699,0.08757680567553475,0.1065150648605697,0.08392046145286577,0.07562741998546849,0.07543427032737487,0.06832151118773658,0.75237906,0.74948406,0.8559017,0.78014016,0.7432927,0.6619941,0.62904584,0.67410696,2026-10-06T03:21:53.428763
59,0.7892776131629944,0.498565137386322,0.445763889670372,0.7930798530578613,0.445763889670372,0.826039997959137,0.9098856806755066,2.1875777673721313,0.12087767243981361,2.135196521949768,2.0,1.0,10.0,,,,,0.8547395344734192,0.8547395344734192,,,,16.922814196777345,0.52411407716335,0.1959392785207386,,0.21534855089559676,0.7004295910239979,0.19568285047058848,0.00165385045341044,0.05884382771743331,1.1311750721399951,,0.0062252134022601005,,75.18459597059116,18.312934170862672,,104.93776450187538,75.14487039359511,24.365806701077016,94.50830248207043,43.20594649102278,16.92279011428736,,0.6931471824645996,,0.08570141976426361,0.19255744850939246,,0.15238451786861298,0.09441779302373814,0.2575621141749582,0.00861093732913968,0.6210972788227591,0.22290845158373473,,,,0.252,5040.0,0.9147354,0.91087395,0.9397187,0.79277253,0.62416273,0.7329495,0.7051438,0.72566193,0.5049999952316284,0.6329514966011047,0.7022000551223755,0.6329514966011047,0.19,190.0,0.4843705307454992,0.5200354088200242,0.49479704885735376,0.33776087762574686,0.35020933256696263,0.33782419956425563,0.2933101456301156,0.28339315152596417,0.2714025495984462,0.05349275432816177,0.058666755006775116,0.04336416740827083,0.11974816238475962,0.11107397811527832,0.10278728759516215,0.08156673619801842,0.07682540099413557,0.07205457930082719,0.5895,0.61954546,0.84573644,0.74473685,0.89634144,0.65236217,0.5444882,0.68598485,0.49359995126724243,0.5184863356351852,0.7562500834465027,0.5184863356351852,0.164,164.0,0.5082397098321338,0.5371025249873171,0.5324320559198454,0.38580624855929974,0.3758628031916675,0.381089532526624,0.36253307487301534,0.35328016827594755,0.34950663500376156,0.04507153950056719,0.05178111281020512,0.040331462953512594,0.0694575872414467,0.08312199485126605,0.06437547481916941,0.06168203366126278,0.06430498170446663,0.05781636761541957,0.8637097,0.8540541,0.8872263,0.8114504,0.5841463,0.67719305,0.693496,0.67262775,0.4992999732494354,0.575718916118145,0.7292250692844391,0.575718916118145,0.177,177.0,0.4963051202888165,0.5285689669036706,0.5136145523885995,0.3617835630925233,0.3630360678793151,0.3594568660454398,0.32792161025156547,0.31833665990095583,0.31045459230110384,0.049282146914364486,0.05522393390849012,0.041847815180891715,0.09460287481310316,0.09709798648327218,0.08358138120716578,0.0716243849296406,0.0705651913493011,0.06493547345812338,0.7266048,0.7367998,0.86648136,0.77809364,0.7402439,0.66477764,0.6189921,0.67930627,2026-10-06T03:26:07.061089
60,0.7927027940750122,0.4957572817802429,0.43984405541419985,0.7955479025840759,0.43984405541419985,0.8282239757537841,0.9123123290061951,2.205659164237976,0.11422013179063797,2.0624795232772826,2.0,1.0,10.0,,,,,0.8500475519180298,0.8500475519180298,,,,16.899319888305666,0.5454104756283912,0.18187607108217896,,0.2206705011854506,0.7620263862761723,0.19375255533084748,0.0016631180929186143,0.057644811891921006,1.1211786583350722,,0.0064493299693248836,,75.14999914473029,18.290546028477372,,104.93806175669287,75.11002578249403,24.335180027469708,94.5079407904558,43.26879292384834,16.89929517515146,,0.6931471824645996,,0.08638783278548794,0.1936418117990919,,0.15335504245606196,0.09544717359125235,0.25917367248018836,0.008706441439783118,0.6261699009852805,0.22497768652666905,,,,0.2473,4946.0,0.91984767,0.91208214,0.9430864,0.7992694,0.627648,0.72632325,0.71344674,0.7238696,0.5026500225067139,0.6530013542175293,0.6984000205993652,0.6530013542175293,0.173,173.0,0.41443148772014154,0.43899873592388905,0.42782317249135426,0.2805518073874704,0.3096463314802709,0.2910338112249625,0.2037261356805006,0.2052571620636656,0.195445351366697,0.059922821991025055,0.06270301304138949,0.046798676380529314,0.1207941910227355,0.14632589262584922,0.1230385398813549,0.09088146588853083,0.09670728804211046,0.08737256916086265,0.6025,0.6259091,0.831783,0.7358553,0.89918697,0.64921266,0.5307087,0.67954546,0.49184998869895935,0.5162186307907104,0.7572000622749329,0.5162186307907104,0.158,158.0,0.4583729461551367,0.48822184633876076,0.48078613695304623,0.3480639427008627,0.34528752999243784,0.3423080676371221,0.29767998771092435,0.2882519912291097,0.28158690754158494,0.04943838670353471,0.053896623138817795,0.044359078215740616,0.07323043031564905,0.08865864508186257,0.07060681748535504,0.06516305889297004,0.06830185779826216,0.05942892022006354,0.86129034,0.8626126,0.8861314,0.80877864,0.59105694,0.6662281,0.7044715,0.67153287,0.4972500056028366,0.5846099925041198,0.727800041437149,0.5846099925041198,0.16549999999999998,165.5,0.43640221693763914,0.4636102911313249,0.4543046547222003,0.3143078750441666,0.32746693073635436,0.3166709394310423,0.2507030616957125,0.24675457664638767,0.23851612945414097,0.05468060434727988,0.05829981809010364,0.045578877298134965,0.09701231066919228,0.11749226885385589,0.09682267868335497,0.07802226239075044,0.08250457292018631,0.0734007446904631,0.7318952,0.74426085,0.8589572,0.77231693,0.74512196,0.6577204,0.61759007,0.67553914,2026-10-06T03:30:21.064721
61,0.7896125316619873,0.5004276633262634,0.4363776613235474,0.7972001433372498,0.4363776613235474,0.8268801935195923,0.910819232559204,2.191764547729492,0.10101606749296188,2.048351292228699,2.0,1.0,10.0,,,,,0.8565517075538636,0.8565517075538636,,,,16.873780502319335,0.5971121594404719,0.21246642495986004,,0.22247133489437165,0.7605807346523188,0.18881997765059683,0.001573998989703454,0.05607289156526517,1.1348255681004493,,0.005754444503468598,,75.11551423285418,18.269027952935286,,104.93902553874216,75.07523326509317,24.303651044323185,94.51033860710776,43.32353621075867,16.873764742711547,,0.6931471824645996,,0.0871696406678789,0.19513395124939598,,0.1542805664858241,0.09643902496737279,0.26073611086341225,0.008850377142002248,0.6308014783889625,0.22667892172837714,,,,0.25425,5085.0,0.91621894,0.91465974,0.94195724,0.8013033,0.6233061,0.737697,0.7158769,0.7281059,0.5065500736236572,0.6506851310729981,0.7004499435424805,0.6506851310729981,0.189,189.0,0.4254115950162008,0.43547593276464097,0.43506770949169216,0.34367032894109734,0.3823805748775994,0.35366813178290896,0.2400609225226306,0.23503738598565357,0.2357467502689528,0.05835845603781796,0.06482979555582848,0.05288083969216009,0.09942975410358074,0.10535537799893738,0.09109669403708989,0.09007193782410178,0.09391683889011909,0.08529187665711761,0.60550004,0.62954545,0.85465115,0.7480264,0.8902439,0.64055115,0.5440945,0.657197,0.49615004658699036,0.5533659338951111,0.744350016117096,0.5533659338951111,0.179,179.0,0.46229186817330714,0.4806076906898914,0.4752298542697943,0.3825944700732979,0.3573853480297121,0.3627244849428202,0.325486946533376,0.316790376101623,0.3056220636758436,0.04548627435933113,0.05530794692352218,0.04470274309152221,0.06315485409901725,0.08980388501426015,0.062101564935176094,0.05958388028102272,0.06531702287998441,0.058179409684899736,0.8669355,0.8563063,0.88248175,0.78969467,0.57804877,0.64342105,0.69878054,0.6354015,0.5013500601053238,0.6020255324840547,0.7223999798297882,0.6020255324840547,0.184,184.0,0.443851731594754,0.4580418117272662,0.45514878188074326,0.3631323995071976,0.36988296145365573,0.3581963083628646,0.2827739345280033,0.2759138810436383,0.2706844069723982,0.051922365198574544,0.06006887123967533,0.04879179139184115,0.08129230410129899,0.09757963150659876,0.076599129486133,0.07482790905256224,0.07961693088505176,0.07173564317100867,0.73621774,0.7429259,0.86856645,0.7688605,0.73414636,0.64198613,0.62143755,0.64629924,2026-10-06T03:34:34.386267
62,0.7873573899269104,0.4995850622653961,0.43811865997314453,0.7953698039054871,0.43811865997314453,0.8271156257629394,0.9110808267593383,2.2092249338150025,0.10205564924478532,2.1625395023345946,2.0,1.0,10.0,,,,,0.8622466143608093,0.8622466143608093,,,,16.851876232910158,0.5475756219546696,0.18739928503277575,,0.2095992053580132,0.6964077266158571,0.17796720471826327,0.001582242944240748,0.055144446801133215,0.99619104661,,0.005585915652240158,,75.08035049924425,18.24982208203358,,104.9414993577702,75.04063060784796,24.272983526727955,94.50974954009816,43.39059623183718,16.851859766966218,,0.6931471824645996,,0.0879069128708475,0.19692926621361143,,0.15526540596394023,0.09737375796220865,0.26224030051261754,0.008949134979325875,0.6359645143436019,0.22851273778137887,,,,0.2564,5128.0,0.9157979,0.9141563,0.94013464,0.78917855,0.62416273,0.7353131,0.71672744,0.72916496,0.5051000714302063,0.6286939461231231,0.7052000164985657,0.6286939461231231,0.176,176.0,0.4197552623569738,0.4464040004271887,0.4270828155710888,0.32058018882108424,0.35600447016564146,0.3122684553021482,0.2560478082401625,0.2480575095133259,0.23943164768303818,0.06579442816488416,0.05774746002143706,0.05387179411285499,0.12509777861173518,0.12166377976953292,0.11226966596228655,0.09290185255364869,0.08856747176659995,0.07948122980580373,0.6,0.6363636,0.8468992,0.7509869,0.90162605,0.65236217,0.53149605,0.68598485,0.5003499388694763,0.5143256936073303,0.7592000365257263,0.5143256936073303,0.199,199.0,0.420969972623967,0.4491406952318987,0.440466359653862,0.3334579854652817,0.3413812393378289,0.33331974912817997,0.27166839057081377,0.26191182182410416,0.2512495474263594,0.05805694565945921,0.05988271775308945,0.05356188893477254,0.07887536673920012,0.0964457945551569,0.07599256974367649,0.07365252142115342,0.0800875039825029,0.07142181205828226,0.8604839,0.86576575,0.8843066,0.81030536,0.59186995,0.6789474,0.7,0.6773723,0.5027250051498413,0.5715098198652266,0.732200026512146,0.5715098198652266,0.1875,187.5,0.42036261749047044,0.44777234782954367,0.4337745876124754,0.32701908714318295,0.34869285475173517,0.3227941022151641,0.2638580994054881,0.254984665668715,0.24534059755469878,0.061925686912171686,0.05881508888726325,0.053716841523813764,0.10198657267546765,0.1090547871623449,0.09413111785298152,0.08327718698740105,0.08432748787455142,0.07545152093204299,0.73024195,0.75106466,0.8656029,0.7806461,0.746748,0.6656548,0.61574805,0.68167853,2026-10-06T03:38:46.678059
63,0.7632598876953125,0.5007352828979492,0.43549608614444735,0.7964870929718018,0.43549608614444735,0.8265137497901917,0.9104120743751526,2.189941728591919,0.10202705837488174,2.1272551527023316,2.0,1.0,10.0,,,,,0.8675662048339844,0.8675662048339844,,,,16.830471185302734,0.5014396482829455,0.1706484519657056,,0.1977137067728931,0.728095404091914,0.1903207350973111,0.0016118730262669313,0.05633750107068165,1.1340841313076626,,0.007117114982094651,,75.04499326086348,18.22820940442905,,104.9429208548965,75.00572923793914,24.242112202249515,94.50981611506954,43.44788953453113,16.83045215971151,,0.6931471824645996,,0.08852671077296992,0.1983477119237754,,0.15619900300624265,0.09828039628874724,0.26370216137284685,0.009006812842266195,0.6405692434614632,0.2306979106869667,,,,0.2567,5134.0,0.9168805,0.91449857,0.93948096,0.79828197,0.6354167,0.7346667,0.70773596,0.7260285,0.5062500834465027,0.6443563137054443,0.7079999446868896,0.6443563137054443,0.157,157.0,0.46905717934659996,0.45852898194398445,0.47918505949242035,0.4016841087740502,0.38694818888212246,0.38352493629395823,0.36723691194015046,0.35395270806004825,0.3453091765461595,0.0631712533348545,0.055597149136824085,0.051973050981067886,0.1274024345291646,0.13491939209332754,0.11350385832538801,0.07889621569723848,0.0737357864335721,0.07241930050702539,0.63600004,0.65090907,0.84651166,0.75,0.90162605,0.64330715,0.5291339,0.68030304,0.4962499737739563,0.5097241983413696,0.7597000002861023,0.5097241983413696,0.158,158.0,0.45853885877817047,0.4653479935374612,0.46615087920102305,0.3751517436060181,0.3482533948514539,0.3399682557164249,0.32995200006260594,0.3109351765516766,0.29686519383753346,0.0427227352342717,0.056125581423174045,0.04162886979496574,0.06671796914660554,0.09356711681707039,0.0663292926886179,0.0501412639803395,0.05440471220653453,0.04726726162919684,0.8669355,0.8666666,0.88248175,0.8125954,0.5902439,0.67192984,0.7,0.6813868,0.5012500286102295,0.5770402560234069,0.733849972486496,0.5770402560234069,0.1575,157.5,0.4637980190623852,0.4619384877407228,0.47266796934672173,0.3884179261900341,0.3676007918667882,0.36174659600519155,0.3485944560013782,0.3324439423058624,0.3210871851918465,0.0529469942845631,0.05586136527999906,0.046800960388016816,0.09706020183788508,0.11424325445519896,0.08991657550700295,0.06451873983878899,0.06407024932005331,0.05984328106811111,0.75146776,0.7587879,0.8644967,0.7812977,0.74593496,0.6576185,0.6145669,0.6808449,2026-10-06T03:42:59.297983
64,0.7600472569465637,0.5000700354576111,0.4306671640634537,0.7986103296279907,0.4306671640634537,0.8303822848320007,0.914710447025299,2.2395795822143554,0.115789258736372,2.1421497718811033,2.0,1.0,10.0,,,,,0.8679271571159363,0.8679271571159363,,,,16.80575160522461,0.5583704083588472,0.16629496575066238,,0.1984915894212996,0.7129911144447935,0.19220641952980855,0.0016023069727649781,0.05628886643298872,1.1621802566917079,,0.005662420220119926,,75.01019889685759,18.204804584478875,,104.94169116172061,74.97098842547958,24.210898745591475,94.51136060581086,43.495772489316906,16.805736614640352,,0.6931471824645996,,0.08923737790174545,0.19905020467414977,,0.15702215719754528,0.09922812134027481,0.2652010120403994,0.009197946964128382,0.6447770876489627,0.23242158912549352,,,,0.2529,5058.0,0.9177626,0.91675395,0.94053084,0.8017378,0.62575936,0.73715156,0.7206157,0.7301426,0.4979500472545624,0.6351951899528503,0.7029000520706177,0.6351951899528503,0.187,187.0,0.5233460980607333,0.5081123940358995,0.5324513618990527,0.4284949854309653,0.37669007395484405,0.41331507406517193,0.4222086086597566,0.4078729167295122,0.3916753992575991,0.06620465100160734,0.05358651717749263,0.06409755199302786,0.11366596850161223,0.10993048808005951,0.11892090156506757,0.0910063494269485,0.08872650311727831,0.09654892644834775,0.6195,0.62954545,0.8468992,0.72598684,0.8987805,0.65314966,0.53897643,0.68295455,0.493649959564209,0.5197243387699128,0.7541000247001648,0.5197243387699128,0.174,174.0,0.528420478129282,0.5383582132193047,0.5376817904365617,0.4389305839800249,0.401803029187871,0.4094192125079714,0.4609252495465808,0.4623161667302754,0.4298823917870457,0.036466743755918095,0.043727461684828654,0.033689205976879535,0.06245447388729987,0.09592202811953264,0.06355877504443622,0.04483464372051214,0.04566391142180638,0.03797103467805881,0.86491936,0.8671171,0.8843066,0.78854966,0.56504065,0.6824562,0.7044715,0.6729927,0.4958000034093857,0.5774597643613815,0.7285000383853912,0.5774597643613815,0.1805,180.5,0.5258832880950076,0.5232353036276021,0.5350665761678073,0.4337127847054951,0.3892465515713575,0.41136714328657165,0.44156692910316875,0.4350945417298938,0.4107788955223224,0.051335697378762715,0.04865698943116065,0.048893378984953696,0.08806022119445606,0.10292625809979608,0.0912398383047519,0.06792049657373032,0.06719520726954234,0.06725998056320329,0.7422097,0.7483313,0.8656029,0.75726825,0.7319106,0.66780293,0.621724,0.6779736,2026-10-06T03:47:11.891105
65,0.7858347296714783,0.5022047162055969,0.4306027705192566,0.7982954382896423,0.4306027705192566,0.8300430725097656,0.9143335392951966,2.2239178413391114,0.12551608471274375,2.1217753517150877,2.0,1.0,10.0,,,,,0.8641531908988953,0.8641531908988953,,,,16.782443908691405,0.4923607306970153,0.18989885912816615,,0.2007745273268906,0.7100672754132824,0.19178582291314555,0.0015904316619323317,0.05586111181338502,1.179858492438201,,0.006215906671209819,,74.97604744297684,18.183928459313265,,104.93988809767802,74.93597285762714,24.180090752376874,94.51351991884268,43.56653862242486,16.782422047511787,,0.6931471824645996,,0.09000891655873342,0.20048233021976083,,0.15779570846041296,0.10013223040825242,0.26678135155872174,0.009255716790723952,0.6499315215523835,0.23419014027543889,,,,0.25235,5047.0,0.92241377,0.91743857,0.9389065,0.8021327,0.62169003,0.7319596,0.72272176,0.7307943,0.5024000406265259,0.6428197422027588,0.698699951171875,0.6428197422027588,0.194,194.0,0.47491030515003907,0.48048717798587437,0.4835131578844398,0.3890764941791973,0.35966485514551805,0.3780577186319305,0.3307760941266476,0.29990295359903063,0.3063394922036773,0.0808874193282083,0.07519492562481346,0.07215161238548007,0.12698901285269087,0.14422895943549172,0.1283325365452491,0.11341925929259102,0.11303497330893143,0.11155720654973986,0.5945,0.6222728,0.85465115,0.7299342,0.8943089,0.6547244,0.52677166,0.6784091,0.4961499571800232,0.5213011798858642,0.7539000511169434,0.5213011798858642,0.164,164.0,0.451253083586131,0.4671929093857839,0.4612484526108536,0.3832657985429316,0.3615518496984121,0.35994623877025805,0.31504437074109976,0.30383065668763465,0.29013222676680833,0.048006172593951575,0.05651460948706138,0.045738805572638014,0.06893974398555837,0.09360499808745626,0.07000928413440784,0.06560434450518919,0.07178828438949862,0.06434566760738741,0.86290324,0.87072074,0.8879562,0.78854966,0.5833333,0.6671053,0.6845529,0.6810219,0.49927499890327454,0.5820604610443115,0.7263000011444092,0.5820604610443115,0.179,179.0,0.463081694368085,0.4738400436858291,0.4723808052476467,0.3861711463610644,0.3606083524219651,0.3690019787010943,0.3229102324338737,0.30186680514333264,0.2982358594852428,0.06444679596107994,0.06585476755593742,0.05894520897905904,0.09796437841912461,0.11891697876147399,0.09917091033982847,0.0895118018988901,0.09241162884921503,0.08795143707856364,0.7287016,0.7464968,0.8713037,0.75924194,0.73882115,0.6609149,0.6056623,0.6797155,2026-10-06T03:51:24.631084
66,0.7793896794319153,0.5008227825164795,0.42551820101737975,0.8003255128860474,0.42551820101737975,0.8334406356811523,0.9181086126327515,2.2608622779846193,0.11774365082979202,2.1619122776031494,2.0,1.0,10.0,,,,,0.8682649561882019,0.8682649561882019,,,,16.758403790283204,0.5451309672396654,0.17544499997073298,,0.20260654482397306,0.7016664314421879,0.1767942469780612,0.0015563133627229673,0.054747166052745405,1.055477788873539,,0.005825846970220731,,74.9416705574959,18.161159891991097,,104.94091534462704,74.90107741629242,24.148922999193715,94.5150863258702,43.624538858984685,16.758377257426073,,0.6931471824645996,,0.09077981456070189,0.20167276244254628,,0.15873803720352755,0.10097898163233593,0.26830478268823804,0.009355488239200252,0.6544778669715687,0.2360450863648372,,,,0.2477,4954.0,0.918324,0.919996,0.94243264,0.8041272,0.6284268,0.7366869,0.72258,0.7315479,0.5027999877929688,0.6452049765586853,0.6975501179695129,0.6452049765586853,0.172,172.0,0.445913342341894,0.4657502747955162,0.4559965437598718,0.3716147390278788,0.3831702433510531,0.3713436240073784,0.26773423831164156,0.25846922296144564,0.25890181486292735,0.03370077498672954,0.03674285206896224,0.027737895998027406,0.07821881426671012,0.08059609652660388,0.07062796186411577,0.06786587083921546,0.06780117431019012,0.06601779600451975,0.592,0.605,0.83449614,0.7582237,0.9012195,0.6488189,0.52677166,0.6723485,0.520099937915802,0.5177175951004028,0.761449933052063,0.5177175951004028,0.137,137.0,0.45542198038751397,0.48648136859365465,0.47892400035243515,0.3470189810845207,0.3518478235619831,0.34504592848170335,0.30156771089538587,0.28892838672980753,0.28718022702705565,0.045648772053062496,0.05765450919124863,0.04541665257509604,0.06316990631592767,0.08729623308757083,0.06736915124750646,0.057974260644219934,0.05948284570735352,0.05632936510042865,0.8657258,0.86801803,0.8832117,0.8152672,0.58617884,0.6657895,0.72073174,0.6810219,0.5114499628543854,0.581461285829544,0.729500025510788,0.581461285829544,0.1545,154.5,0.450667661364704,0.47611582169458544,0.4674602720561535,0.3593168600561997,0.3675090334565181,0.3581947762445409,0.28465097460351374,0.2736988048456266,0.2730410209449915,0.03967477351989602,0.04719868063010543,0.036577274286561726,0.0706943602913189,0.08394616480708736,0.06899855655581111,0.0629200657417177,0.06364201000877182,0.0611735805524742,0.7288629,0.736509,0.85885394,0.7867454,0.7436992,0.65730417,0.6237517,0.6766852,2026-10-06T03:55:33.525049
67,0.7863173484802246,0.5018725991249084,0.4267247064590454,0.7999598383903503,0.4267247064590454,0.8361129418373108,0.9210778434753418,2.3000564388275144,0.10914016489386559,2.133402703857422,2.0,1.0,10.0,,,,,0.8625218831062317,0.8625218831062317,,,,16.731272122192383,0.5575424520073423,0.16306810012194,,0.1954949086970964,0.680510205068406,0.196003883507601,0.0015365899474490553,0.05422421874608963,1.2938170042007593,,0.005583590160162561,,74.90691288261657,18.137406221620598,,104.93876745138958,74.86605018567128,24.11818476391446,94.51611848090106,43.67462177641073,16.731251103103542,,0.6931471824645996,,0.09148504395203985,0.2025286742266576,,0.15951841044577825,0.10180157513185671,0.26990708499957045,0.00947336951021556,0.6586529855515547,0.2375105850066349,,,,0.2446,4892.0,0.91892546,0.9188885,0.9388273,0.79942733,0.6354751,0.73961616,0.7224383,0.7274542,0.505050003528595,0.7249030966758728,0.6856001019477844,0.7249030966758728,0.224,224.0,0.4355188088735457,0.44168773845403053,0.4466453239253583,0.3720731271294266,0.3312757703458368,0.33577719494466013,0.3374338149210447,0.32073990148532544,0.3165363332068378,0.08825381332530352,0.08001561188441063,0.08760492854536509,0.10740765763331424,0.12483548161901517,0.12003889634337665,0.09297341154307019,0.09249871739447976,0.09835591190283254,0.6765,0.6695455,0.8612403,0.69440794,0.81869924,0.61535436,0.5224409,0.6246213,0.49340006709098816,0.6402067289352417,0.7129499912261963,0.6402067289352417,0.188,188.0,0.45500822943636726,0.4779914559526459,0.4733399647031217,0.36238251042278,0.32987382897719114,0.34035544274382296,0.35840339564291324,0.34989197385550225,0.33139657349677,0.0542327852129741,0.05519586537894576,0.05076194742689918,0.06861313350873452,0.08023615302566352,0.06627984321175308,0.057915872611642064,0.059624777327596995,0.05038507173841021,0.8298387,0.8112613,0.8441606,0.7541985,0.5735773,0.6052632,0.6487805,0.6291971,0.49922503530979156,0.6825549128055572,0.6992750465869904,0.6825549128055572,0.20600000000000002,206.0,0.4452635191549565,0.4598395972033382,0.45999264431424,0.36722781877610333,0.33057479966151393,0.33806631884424154,0.34791860528197893,0.33531593767041384,0.3239664533518039,0.0712432992691388,0.0676057386316782,0.06918343798613213,0.08801039557102439,0.10253581732233935,0.09315936977756487,0.07544464207735613,0.07606174736103838,0.07437049182062137,0.75316936,0.7404034,0.8527005,0.72430325,0.69613826,0.61030877,0.58561075,0.6269092,2026-10-06T03:59:45.723795
68,0.7852025032043457,0.5007476806640625,0.4283028072118759,0.7992902398109436,0.4283028072118759,0.8305637251853943,0.9149120435714722,2.254954959487915,0.10785063501596451,2.1170770801544188,2.0,1.0,10.0,,,,,0.8661936703681946,0.8661936703681946,,,,16.706514065551758,0.5912948398358503,0.19339064111233137,,0.21641361495112157,0.6959941717469769,0.18109535240823296,0.001633199440110712,0.05566144396497565,1.1162000577540914,,0.006291460082717952,,74.87202579959943,18.114544704461554,,104.93856345012689,74.83106698200201,24.08847362979962,94.51677490039995,43.734632309834666,16.70649580742903,,0.6931471824645996,,0.09216925207596675,0.20372485478592525,,0.16033507608304357,0.10260796247963692,0.2715133631684978,0.009554565617233324,0.6633018555155226,0.23920891960715032,,,,0.25835,5167.0,0.92257416,0.91572696,0.9388867,0.8018563,0.63485205,0.7376162,0.71859056,0.72545826,0.5102999806404114,0.6354308662414551,0.7062999606132507,0.6354308662414551,0.184,184.0,0.39454396717951695,0.4265659288327285,0.4185900648397078,0.321309502409272,0.32901458352913066,0.3307633096846271,0.2438554682651013,0.2334914875277661,0.24135523797976227,0.08972671524272235,0.09295126157384871,0.09063117132942905,0.1328855617791315,0.14077496664359332,0.13180855431357463,0.10311791017568069,0.10294890708232886,0.09580289842459232,0.6065,0.6536364,0.85658914,0.7509869,0.9069106,0.6555118,0.5125984,0.6757576,0.5117000341415405,0.5130136141777039,0.7581000924110413,0.5130136141777039,0.172,172.0,0.429221872321154,0.4452709844560538,0.44097158099743416,0.35425559411492413,0.32890831705228907,0.33491392986886,0.3014354624358253,0.289755287341609,0.2726239771159358,0.04405514240289163,0.05047849727691265,0.04240393010371695,0.05744783135080547,0.06309114963089846,0.05650322339467805,0.04895899084287882,0.04861009223826785,0.04740043219027682,0.85846776,0.8644144,0.8879562,0.80458015,0.60325205,0.6684211,0.6955285,0.67664236,0.511000007390976,0.5742222402095795,0.732200026512146,0.5742222402095795,0.178,178.0,0.4118829197503355,0.4359184566443911,0.429780822918571,0.3377825482620981,0.3289614502907099,0.33283861977674356,0.2726454653504633,0.26162338743468755,0.25698960754784905,0.06689092882280699,0.07171487942538068,0.066517550716573,0.09516669656496848,0.10193305813724589,0.09415588885412635,0.07603845050927975,0.07577949966029836,0.07160166530743457,0.73248386,0.7590254,0.8722727,0.7777835,0.7550813,0.66196644,0.60406345,0.6762,2026-10-06T04:03:58.569047
69,0.774757444858551,0.5028523206710815,0.4247080168962479,0.8003725409507751,0.4247080168962479,0.8317214784622192,0.9161984351158142,2.25102664604187,0.11941557731032372,2.1087211488723754,2.0,1.0,10.0,,,,,0.8711102229118347,0.8711102229118347,,,,16.683501986694335,0.5160978508128482,0.19574780952019297,,0.21118347508132837,0.6328398198079151,0.1770968789555085,0.001599318298561629,0.054302897992407444,1.0910281723092317,,0.005661840321478333,,74.83733858728105,18.093750558841002,,104.93938159335191,74.79614840950936,24.057852265181815,94.51663601626257,43.79299253718868,16.68348181171782,,0.6931471824645996,,0.0928893979567631,0.20507192336449956,,0.16128850941825065,0.1034094770527949,0.273198315292407,0.009591652804119572,0.6678311502098278,0.24100756607237894,,,,0.2512,5024.0,0.919587,0.9163512,0.9418383,0.80420613,0.6366238,0.7389899,0.71773994,0.7288391,0.5012500882148743,0.854430272102356,0.6328999996185303,0.854430272102356,0.17,170.0,0.4741875204827593,0.4894369599478643,0.4914098542227131,0.3832370637594619,0.38782582637602137,0.3907460616591335,0.3249995688267706,0.3147660271018704,0.3161262387829798,0.08054914378898845,0.0772187485643099,0.07708451099442959,0.1167773821900966,0.12391659229040594,0.11734406709486934,0.1017595703640499,0.10179480488983347,0.09953323752166636,0.65099996,0.64772725,0.7627907,0.61611843,0.7004065,0.6011811,0.507874,0.5871212,0.49755001068115234,0.7707022576332092,0.6717000007629395,0.7707022576332092,0.16,160.0,0.42968878009677164,0.449107469796556,0.45563632821085787,0.3512274070382864,0.3420541148356095,0.35512579977422926,0.3117932074541414,0.30130289138102573,0.3009716576131274,0.03740517515207177,0.04450512062536047,0.03308084347684463,0.0547973038456352,0.07871713774887885,0.054422833952007414,0.047255203014568585,0.05187447032156527,0.044300716063909576,0.8270162,0.7752253,0.80218977,0.6461832,0.54227644,0.5767544,0.60284555,0.5981752,0.4994000494480133,0.8125662648677826,0.6523000001907349,0.8125662648677826,0.165,165.0,0.4519381502897655,0.46927221487221016,0.4735230912167855,0.3672322353988742,0.3649399706058154,0.3729359307166814,0.318396388140456,0.30803445924144807,0.30854894819805356,0.05897715947053011,0.06086193459483518,0.05508267723563711,0.0857873430178659,0.1013168650196424,0.08588345052343838,0.07450738668930924,0.07683463760569938,0.07191697679278797,0.73900807,0.71147627,0.78249025,0.63115084,0.62134147,0.58896774,0.5553598,0.5926482,2026-10-06T04:08:10.734499
70,0.7853103280067444,0.5015526413917542,0.4237646129608154,0.8009092211723328,0.4237646129608154,0.8304240306854248,0.9147568299293518,2.2377620399475098,0.11409575932621956,2.163377676963806,2.0,1.0,10.0,,,,,0.8829753726959229,0.8829753726959229,,,,16.659080181884764,0.49319323251961145,0.19483347080505578,,0.20558129502519681,0.6585310022732255,0.1769053927225292,0.0015535551786221042,0.053919877073947034,1.0927888891499513,,0.006048748416123188,,74.80290056945412,18.072280640814714,,104.9401410825693,74.76124597051341,24.02500159877121,94.51407944017156,43.85261715445549,16.659061419736048,,0.6931471824645996,,0.09361867383597003,0.20636888588689695,,0.16216718286845336,0.10418524925306344,0.27452617788770395,0.009751609146927192,0.6723656384808243,0.24247816271463019,,,,0.25495,5099.0,0.92093027,0.91792184,0.9391442,0.80740523,0.6328661,0.73618186,0.72008914,0.73413444,0.5020500421524048,0.628675995349884,0.7008000016212463,0.628675995349884,0.181,181.0,0.3572728926979497,0.3859295178814091,0.37413457744542217,0.269033113501065,0.32655198845784905,0.2859821138572305,0.22077434845930305,0.22848356887521923,0.22782615385131,0.07210924981864578,0.08241625683019603,0.06809674371247242,0.13541400332715944,0.15537068053878414,0.13110914992257866,0.11012869434172196,0.11350523046978594,0.10543597693455278,0.587,0.6309091,0.84651166,0.75164473,0.9,0.6594488,0.5133859,0.6787879,0.49674999713897705,0.5058219525814056,0.7597998976707458,0.5058219525814056,0.177,177.0,0.42210956131250277,0.44594625902024343,0.43606669288212274,0.3585342592421496,0.3561128399525655,0.34011327112982565,0.2975089558766675,0.28465161052885807,0.2708214591845026,0.0465957134308543,0.055376360507811424,0.045747151947050174,0.06084931319736241,0.09102046454944458,0.06410862823927305,0.05694821146345786,0.06103762813643255,0.056750967679291,0.86653227,0.86576575,0.8868613,0.8068703,0.5947155,0.67719305,0.704065,0.6722628,0.4994000196456909,0.5672489739656448,0.7302999496459961,0.5672489739656448,0.179,179.0,0.38969122700522624,0.41593788845082624,0.4051006351637725,0.3137836863716073,0.34133241420520727,0.31304769249352804,0.25914165216798524,0.25656758970203863,0.2493238065179063,0.05935248162475004,0.06889630866900373,0.056921947829761295,0.09813165826226093,0.12319557254411437,0.09760888908092585,0.0835384529025899,0.08727142930310924,0.08109347230692189,0.7267661,0.7483374,0.86668646,0.77925754,0.7473577,0.6683209,0.6087254,0.6755253,2026-10-06T04:12:22.811703
71,0.7779925465583801,0.4997699558734894,0.42181982457637784,0.8008524179458618,0.42181982457637784,0.8335384100914002,0.9182172483444214,2.289201758956909,0.12315978513360024,2.1739768898010254,2.0,1.0,10.0,,,,,0.8897133309364319,0.8897133309364319,,,,16.637803115844726,0.5712098908747077,0.16366622540032028,,0.1942398191732206,0.6644530317206292,0.1730964099573102,0.0015349042239290467,0.05290813150869054,1.1732727851078009,,0.005500337046776471,,74.76925080900739,18.050645560975287,,104.94143530973204,74.72623608826072,23.99505742795908,94.51431055737149,43.91332934920196,16.637782467398672,,0.6931471824645996,,0.0943570527586208,0.2074185773065895,,0.16300828783375443,0.10498635124438888,0.2760334772289179,0.009802736561436941,0.6769171326783052,0.24434765214753,,,,0.2528,5056.0,0.924599,0.92160696,0.93831223,0.8041667,0.63074374,0.73527277,0.7194006,0.7342363,0.508400022983551,0.6384704132080078,0.6992999911308289,0.6384704132080078,0.206,206.0,0.4540689558773558,0.4579827617491226,0.4824272252791765,0.35505181919478035,0.3320873235814569,0.371856562438088,0.32474488694941095,0.3095460212539408,0.3201802267653663,0.05948541287200328,0.058325438680925094,0.05351963265032579,0.10349529343587513,0.09607674588121898,0.08876748966022835,0.076833782627438,0.06960135443579286,0.06766922983373379,0.61050004,0.6259091,0.83682173,0.7549342,0.90731704,0.6354331,0.51968503,0.669697,0.4971500635147095,0.5091419396400452,0.7570000290870667,0.5091419396400452,0.181,181.0,0.4472003096413961,0.4659401346103483,0.4749712456603206,0.3515932732261192,0.32686704987861165,0.3485955822539341,0.3260590141553219,0.31811333238263817,0.3161280358006653,0.055065784313454165,0.061025664047723846,0.05335997792129918,0.06229801267206462,0.07863593086593049,0.06477389555651764,0.054679265713719186,0.05808247689481188,0.053693114848434954,0.8395161,0.86126125,0.8832117,0.81450385,0.5890244,0.679386,0.7044715,0.6791971,0.5027750432491302,0.5738061764240265,0.7281500101089478,0.5738061764240265,0.1935,193.5,0.450634632759376,0.46196144817973545,0.4786992354697486,0.3533225462104498,0.32947718673003423,0.36022607234601106,0.3254019505523664,0.3138296768182895,0.3181541312830158,0.057275598592728724,0.05967555136432447,0.053439805285812485,0.08289665305396987,0.08735633837357473,0.07677069260837299,0.06575652417057859,0.06384191566530237,0.060681172341084375,0.7250081,0.74358517,0.8600167,0.784719,0.74817073,0.65740955,0.6120783,0.67444706,2026-10-06T04:16:35.254888
72,0.790642261505127,0.5022549033164978,0.42149344069957734,0.8016025424003601,0.42149344069957734,0.8335096479415893,0.9181852921485901,2.3002379848480223,0.12522388315200805,2.180462809562683,2.0,1.0,10.0,,,,,0.891861749458313,0.891861749458313,,,,16.614157388305664,0.5162582414070512,0.17943011455617514,,0.1966556933038174,0.6565900304514891,0.18314753083666419,0.0015350743174659693,0.05374695619295357,1.161163539833324,,0.005511270092643062,,74.73451135720417,18.02714168038338,,104.94021902874017,74.69127912582105,23.966087790811137,94.51444137476052,43.97444524582784,16.614136276731067,,0.6931471824645996,,0.09495220423504046,0.2081515699814839,,0.1637839127308244,0.10574645112464383,0.2776173605660724,0.009871326564888285,0.6814629538044049,0.24595373299471132,,,,0.24965,4993.0,0.922915,0.92094237,0.94191754,0.80481833,0.6311332,0.73670703,0.72223574,0.7336456,0.4902999699115753,0.6466219019889832,0.6953500509262085,0.6466219019889832,0.181,181.0,0.43597725261185777,0.43875434921616535,0.45002971322000446,0.36574854785678557,0.3178516158811764,0.35431954633485424,0.3104536871852722,0.2847520119420399,0.29626735200651083,0.06888214018223746,0.07331417174805827,0.06340449918266464,0.10636815353592281,0.11389832687263646,0.0924147431175455,0.08694458954207783,0.087612399180989,0.07853837395344851,0.5835,0.61136365,0.8364341,0.7509869,0.90813005,0.65118116,0.4996063,0.6806818,0.4917999505996704,0.5059501905441284,0.7587499022483826,0.5059501905441284,0.183,183.0,0.4676109610622112,0.49009006018408113,0.48571900639663196,0.372384947312658,0.3415353069237886,0.352670810364161,0.3799111424406355,0.37590693259345775,0.36490935462051677,0.05742975651947492,0.0638906556777397,0.054047123676526754,0.07284069083756867,0.09733897356059243,0.07023941868609396,0.0707544009656875,0.07339231454748907,0.06909521123397196,0.871371,0.85945946,0.88649637,0.80763364,0.5955285,0.6671053,0.6910569,0.68430656,0.49104996025562286,0.5762860462665558,0.7270499765872955,0.5762860462665558,0.182,182.0,0.45179410683703447,0.46442220470012324,0.4678743598083182,0.3690667475847218,0.32969346140248246,0.3534951783495076,0.34518241481295386,0.33032947226774884,0.33058835331351377,0.0631559483508562,0.06860241371289899,0.058725811429595695,0.08960442218674575,0.10561865021661444,0.08132708090181973,0.07884949525388266,0.08050235686423904,0.07381679259371024,0.72743547,0.7354115,0.8614652,0.7793102,0.75182927,0.6591432,0.5953316,0.68249416,2026-10-06T04:20:48.015010
73,0.8014827370643616,0.502332329750061,0.4197928068161011,0.8017075061798096,0.4197928068161011,0.8336398898124695,0.9183300078392029,2.307818684387207,0.13048780050873757,2.109300485992432,2.0,1.0,10.0,,,,,0.8874506110191345,0.8874506110191345,,,,16.590113906860353,0.5108107301127759,0.15632574894957862,,0.19981532388479467,0.6516952007819133,0.17407988465041113,0.001589770659257118,0.05450171003248661,1.0485226517649973,,0.00625136533111058,,74.69900823702478,18.003813178675948,,104.94129331552298,74.65649200245073,23.937687794873668,94.51196284203013,44.03366419312301,16.59009553216825,,0.6931471824645996,,0.09550716182228866,0.20892746101139456,,0.1645577787214024,0.10647234012177036,0.27924121432243637,0.009959506209061783,0.6859354289474001,0.24756534369128524,,,,0.2499,4998.0,0.9251804,0.92049944,0.938847,0.80250794,0.6351052,0.73311114,0.7232078,0.73668027,0.5024000406265259,0.6249459986686706,0.7059499621391296,0.6249459986686706,0.222,222.0,0.37695785749264304,0.4201979450076222,0.39396597565794833,0.3053941981207425,0.3494667289324466,0.30850862595878864,0.19821868860785855,0.2030574970619575,0.19588592974653643,0.06179314324573014,0.06699730413944878,0.06054194466568997,0.10915411258798546,0.1124302696481668,0.11191832371349827,0.07443210506442778,0.07895739679083598,0.07736206104963395,0.62850004,0.6136364,0.8511628,0.7565789,0.89959353,0.65984255,0.52086616,0.6833334,0.5015500783920288,0.49583214974403383,0.7630000114440918,0.49583214974403383,0.199,199.0,0.4498433888731593,0.4856491689493708,0.47547498411632116,0.3542753394754403,0.36284313437846316,0.35201233713637614,0.32566771012807666,0.3239102929035825,0.31428231795857364,0.04865633365863791,0.06187819941014514,0.04595386847665554,0.06241367398884652,0.0956860893088329,0.0627902710821725,0.05966431836677584,0.06465961664970084,0.05908232784042283,0.8745968,0.8675676,0.8868613,0.8148855,0.5857724,0.68333334,0.7044715,0.68175185,0.5019750595092773,0.5603890742063522,0.7344749867916107,0.5603890742063522,0.21050000000000002,210.5,0.41340062318290116,0.4529235569784965,0.43472047988713475,0.32983476879809137,0.35615493165545486,0.33026048154758236,0.2619431993679676,0.26348389498277,0.255084123852555,0.05522473845218402,0.06443775177479696,0.05324790657117276,0.08578389328841599,0.10405817947849985,0.08735429739783539,0.06704821171560181,0.07180850672026841,0.06822219444502839,0.7515484,0.740602,0.86901206,0.7857322,0.74268293,0.67158794,0.6126689,0.6825426,2026-10-06T04:25:00.971758
74,0.7929428815841675,0.49877020716667175,0.4195056111812592,0.8024576306343079,0.4195056111812592,0.8348841046333313,0.9197124685287476,2.320307029724121,0.11059025696516037,2.182601950836182,2.0,1.0,10.0,,,,,0.8932034916877747,0.8932034916877747,,,,16.56648366088867,0.49271828752414437,0.20721657402149052,,0.20555868393676296,0.6580473683821927,0.17279130120755762,0.001540869247512358,0.05353360465923502,1.1206941574242464,,0.005198288615311015,,74.66441252884592,17.980803605097876,,104.9412157095162,74.62172815602297,23.90777245296794,94.51191555922199,44.0864881770626,16.56646133228472,,0.6931471824645996,,0.0961418516316991,0.20990756799460977,,0.16537188781294854,0.10720321583520075,0.2807407893572643,0.01005643348144308,0.6901110615699914,0.24929011314158228,,,,0.24605,4921.0,0.9180032,0.917942,0.9367076,0.8087875,0.64182246,0.73797977,0.7242811,0.7353768,0.49789997935295105,0.6296104407310485,0.7038999795913696,0.6296104407310485,0.226,226.0,0.3975799444099527,0.4418737122462492,0.4257019671590529,0.288240866141151,0.3019078774160694,0.2966608323776123,0.19727945959742868,0.19279194094381313,0.191319633445924,0.0663136333083103,0.07168393012635892,0.06503312361484737,0.11484264299477902,0.12369536869750604,0.11996322135824286,0.09488605331799899,0.09105378226043118,0.09738115905082553,0.5955,0.61863637,0.8728682,0.7546053,0.90365857,0.64527565,0.51220477,0.6882576,0.49825000762939453,0.4996292507648468,0.7620000839233398,0.4996292507648468,0.183,183.0,0.4324499729227631,0.48572882987001076,0.4628537166931862,0.32688996856186314,0.32166698917364456,0.32370948149725504,0.30893399937064403,0.3046684456805104,0.2995366418403061,0.06346246938532983,0.06988083872630392,0.059136770854153864,0.07726218737631804,0.09286308290412838,0.07486673590256077,0.07326410140119212,0.07382584505784218,0.06773754009068149,0.87096775,0.86801803,0.87992704,0.8122138,0.5845529,0.6767544,0.70975614,0.68868613,0.4980749934911728,0.5646198457479477,0.7329500317573547,0.5646198457479477,0.20450000000000002,204.5,0.4150149586663579,0.46380127105812996,0.4442778419261195,0.3075654173515071,0.311787433294857,0.31018515693743365,0.25310672948403634,0.24873019331216176,0.24542813764311505,0.06488805134682007,0.07078238442633142,0.062084947234500615,0.09605241518554852,0.10827922580081721,0.09741497863040181,0.08407507735959555,0.08243981365913668,0.0825593495707535,0.73323387,0.7433272,0.8763976,0.78340954,0.7441057,0.66101503,0.61098045,0.68847185,2026-10-06T04:29:14.014746
75,0.8001274466514587,0.5020299553871155,0.4185021286010742,0.8027399182319641,0.4185021286010742,0.833002801322937,0.9176221287727356,2.302098535346985,0.09773414939045906,2.2500338212966917,2.0,1.0,10.0,,,,,0.9031326410293579,0.9031326410293579,,,,16.543920349121095,0.650894097414366,0.2009453963796804,,0.2074956856905275,0.6581596779595514,0.1742574186746482,0.001502612484826641,0.0522554040690706,1.1103774214246471,,0.005412725165596078,,74.63117213158091,17.96075556080812,,104.94104334351364,74.58722657610656,23.877241086048684,94.5132277664865,44.14038209854417,16.543897470850855,,0.6931471824645996,,0.09687630072900444,0.21115669854886973,,0.16628761409194606,0.10795619035032904,0.28218653190667464,0.010154827444511613,0.6942373939380524,0.2510614543204095,,,,0.25215,5043.0,0.92149156,0.91735804,0.9413233,0.8074645,0.63958335,0.74151516,0.7217497,0.73266804,0.4988499581813812,0.6567234444618225,0.6950499415397644,0.6567234444618225,0.193,193.0,0.37979438376967295,0.4186780044242267,0.38970130301820627,0.2990184582996147,0.34946713456293843,0.30020211774109856,0.22531879899230378,0.2294533516638966,0.22341824983223496,0.08684027036008979,0.09265953606774126,0.07555000518294716,0.1462869519470258,0.17421580668059428,0.13483685629152736,0.11201866761165077,0.11604550800815891,0.10462786048006084,0.5845,0.62000006,0.84108526,0.74473685,0.89959353,0.64448816,0.51220477,0.6753788,0.4901999831199646,0.4965646619796753,0.7646499872207642,0.4965646619796753,0.162,162.0,0.4145529915020829,0.45674873373232744,0.4423254564024691,0.31583357267272955,0.34611471944301386,0.328822459937871,0.27476733447920887,0.26662391940604685,0.2690595138682413,0.04054381434360131,0.050350747003917035,0.037377802952252646,0.05867785902382966,0.08064122535100818,0.05804340351263184,0.05249899941348055,0.051883768240896334,0.04808134580587954,0.87419355,0.87027025,0.8868613,0.8034351,0.5971545,0.6780702,0.71097565,0.6912409,0.4945249706506729,0.5766440532207489,0.7298499643802643,0.5766440532207489,0.1775,177.5,0.3971736876358779,0.43771336907827707,0.4160133797103377,0.3074260154861721,0.34779092700297615,0.3145122888394848,0.2500430667357563,0.24803863553497174,0.24623888185023812,0.06369204235184556,0.07150514153582915,0.05646390406759991,0.10248240548542772,0.12742851601580124,0.0964401299020796,0.08225883351256566,0.08396463812452762,0.07635460314297018,0.72934675,0.7451352,0.86397326,0.774086,0.748374,0.6612792,0.6115902,0.68330985,2026-10-06T04:33:26.612236
76,0.7884150147438049,0.5028398633003235,0.41848607087135314,0.8028190732002258,0.41848607087135314,0.8348504402160645,0.9196750621795654,2.31099056892395,0.11181494147777557,2.287881237602234,2.0,1.0,10.0,,,,,0.8974227695465088,0.8974227695465088,,,,16.523462310791015,0.4447667775260415,0.16027409270121035,,0.1865808642024447,0.6433107173366911,0.1779192944478457,0.0015341546434677758,0.052466659516001206,1.1958897218203088,,0.005604076950557257,,74.5964803513448,17.93988427083204,,104.9426624759747,74.55246472206845,23.84985440248137,94.51071920212667,44.20068298631413,16.5234339404258,,0.6931471824645996,,0.09753886149947051,0.21252068336222582,,0.16721803206167404,0.10868863187208297,0.2839733753234718,0.010240865147607341,0.6985915656302385,0.2531536029782265,,,,0.2456,4912.0,0.9234563,0.92142564,0.94213545,0.80667454,0.630588,0.7420404,0.72093964,0.73688394,0.5148000121116638,0.6522803406715393,0.7006999254226685,0.6522803406715393,0.202,202.0,0.3922191230527418,0.43896010240394534,0.41822047633583465,0.3089540409980622,0.35095901905620946,0.31290727455031936,0.24187656943897454,0.24626004108352442,0.23535844497428024,0.06935322889922399,0.07209137993009306,0.06248872346860302,0.11377387307005547,0.13326067240130965,0.11287836037352168,0.0791243673191342,0.08475541127232178,0.07536466140645023,0.606,0.6272727,0.8418605,0.73980266,0.90000004,0.6440945,0.5291339,0.6844697,0.49804994463920593,0.5014157090187072,0.7615000009536743,0.5014157090187072,0.173,173.0,0.4403629760913682,0.47203561559211465,0.46800780046207846,0.32794933115684544,0.3291320303768822,0.3299569240717008,0.26808939545757665,0.2601382650295906,0.255989566650125,0.04735663688961641,0.05413355160055565,0.04040009335841502,0.07295511381339422,0.08476282623790081,0.06540622858392643,0.05133054435779258,0.05031625572692362,0.04433372711001385,0.88145167,0.8518018,0.8868613,0.80763364,0.596748,0.6763158,0.7028456,0.68175185,0.5064249783754349,0.5768480248451233,0.7310999631881714,0.5768480248451233,0.1875,187.5,0.416291049572055,0.45549785899802997,0.4431141383989565,0.3184516860774538,0.3400455247165458,0.3214320993110101,0.2549829824482756,0.2531991530565575,0.2456740058122026,0.0583549328944202,0.06311246576532435,0.051444408413509016,0.09336449344172484,0.10901174931960522,0.08914229447872406,0.0652274558384634,0.0675358334996227,0.05984919425823204,0.74372584,0.73953724,0.8643609,0.7737181,0.748374,0.6602051,0.61598974,0.6831108,2026-10-06T04:37:41.170042
77,0.785615086555481,0.49820518493652344,0.4169656196117401,0.8034123778343201,0.4169656196117401,0.8362397979736328,0.9212187955856324,2.3154620189666746,0.120200651460886,2.2021272605895996,2.0,1.0,10.0,,,,,0.8980902928352356,0.8980902928352356,,,,16.499953601074218,0.43893100010456554,0.16793506326165739,,0.1775786445304087,0.6670129375093302,0.18213040457599483,0.0015125117291752723,0.052380820736289024,1.23043627685802,,0.0055242807646637936,,74.56161163718838,17.916461446482664,,104.94022505450401,74.51790978498519,23.821140605173294,94.50880305782245,44.26113971783097,16.499934542710616,,0.6931471824645996,,0.09813688809324982,0.21370947731148665,,0.16784268275947328,0.10938729326816121,0.28558296610595313,0.010360471773774001,0.7028898410736375,0.25456785529282444,,,,0.24655,4931.0,0.9262029,0.92315745,0.9413629,0.8087875,0.6359813,0.7332525,0.72098017,0.73896134,0.5129500031471252,0.6407491936683655,0.6995500326156616,0.6407491936683655,0.209,209.0,0.3974212207389615,0.4203568292182921,0.413223805028012,0.33777953952807355,0.36552656384174376,0.347656110817442,0.22858886715149693,0.22751211718395356,0.22816812662302305,0.043491473065175076,0.05443280014841357,0.04495175272980286,0.0872684309883161,0.09355072096925489,0.08483073276381617,0.07108149926212452,0.07167446694994313,0.06952797852760761,0.586,0.6059091,0.8406977,0.76085526,0.9081301,0.6488189,0.52952754,0.6731061,0.5004000067710876,0.49145403218269346,0.7648999691009521,0.49145403218269346,0.163,163.0,0.4262866710763921,0.46510972550854573,0.46082924875799686,0.3205067697906432,0.32738615082890454,0.3330401602536056,0.2964046050763796,0.2852949787912509,0.2940790980283642,0.05049563585727846,0.05434904862032777,0.04430389488814197,0.06781822293138315,0.07973896167700614,0.06514972393617453,0.05752402864896541,0.057941589849033255,0.051853921219645376,0.8721774,0.8635135,0.8843066,0.8236641,0.58821136,0.6789474,0.7089431,0.69270074,0.5066750049591064,0.5661016129255294,0.7322250008583069,0.5661016129255294,0.186,186.0,0.4118539459076768,0.44273327736341894,0.4370265268930044,0.3291431546593584,0.34645635733532415,0.3403481355355238,0.26249673611393826,0.25640354798760223,0.2611236123256936,0.04699355446122677,0.05439092438437067,0.044627823808972414,0.07754332695984963,0.08664484132313052,0.07499022834999536,0.06430276395554496,0.0648080283994882,0.0606909498736265,0.7290887,0.7347113,0.86250216,0.7922597,0.74817073,0.66388315,0.61923534,0.6829034,2026-10-06T04:41:53.572481
78,0.7984026074409485,0.5031697154045105,0.4171672679424286,0.803200364112854,0.4171672679424286,0.8363613201141358,0.9213538204193116,2.3241409145355223,0.11785137456655502,2.261712612915039,2.0,1.0,10.0,,,,,0.8971221619606018,0.8971221619606018,,,,16.477418997192384,0.4630714338866009,0.1578261433465845,,0.17934192745548905,0.6480472011930624,0.18857578919002205,0.0014632303055648686,0.051246012827962824,1.3767187420729619,,0.00483792896788852,,74.52656837026025,17.89418391816935,,104.93708533997749,74.48328069213089,23.793602038340964,94.50897639572241,44.31697043643636,16.477400530675414,,0.6931471824645996,,0.0986877190554218,0.21486631206646087,,0.16848108162925501,0.11010450001355189,0.2872893354695314,0.010467376441332945,0.7070230401245652,0.2563065875108075,,,,0.2468,4936.0,0.92638326,0.92118406,0.9405904,0.8064574,0.64098525,0.7404849,0.7167882,0.73393077,0.49719998240470886,0.6416669187545776,0.7058001160621643,0.6416669187545776,0.191,191.0,0.3888607970593253,0.42082576530612187,0.42198300895283314,0.328724584108295,0.33743821166709026,0.33823464357073146,0.24824528406666188,0.22413900366836104,0.23526838055623234,0.06881816242804419,0.06957565323249175,0.0672818593508863,0.08866886537437117,0.0855777979692875,0.08261019598464413,0.07841565834035355,0.07890398643320547,0.07324430118675784,0.6185,0.6340909,0.8418605,0.75690794,0.9065041,0.65039366,0.52755904,0.6776515,0.49345001578330994,0.49580682373046875,0.7636500000953674,0.49580682373046875,0.162,162.0,0.4120413730505942,0.44286207503932307,0.4366778671399607,0.31621463566799574,0.32164908895128985,0.319353565220462,0.2687510654233237,0.25715932280503867,0.2586979303899138,0.04492419416256212,0.050917961451169606,0.03721589904214764,0.06673175320851762,0.08051070269714657,0.05660712337445782,0.05395010314524662,0.05070889768196398,0.04423613561517165,0.8689516,0.8648649,0.88759124,0.8110687,0.597561,0.68201756,0.7044715,0.6872263,0.4953249990940094,0.5687368712425231,0.7347250580787659,0.5687368712425231,0.1765,176.5,0.40045108505495974,0.43184392017272244,0.4293304380463969,0.3224696098881454,0.3295436503091901,0.32879410439559675,0.2584981747449928,0.24064916323669985,0.24698315547307306,0.05687117829530315,0.060246807341830674,0.052248879196516974,0.07770030929144439,0.08304425033321702,0.06960865967955097,0.06618288074280008,0.06480644205758472,0.058740218400964744,0.7437258,0.74947786,0.8647258,0.78398836,0.7520325,0.66620564,0.6160153,0.6824389,2026-10-06T04:46:05.991363
79,0.7915002703666687,0.5018801093101501,0.41379969398975375,0.8052398562431335,0.41379969398975375,0.8341037355422973,0.9188453906059265,2.2836481494903564,0.11513060848116875,2.2327281454086303,2.0,1.0,10.0,,,,,0.8972426062583924,0.8972426062583924,,,,16.455075912475586,0.4538391772657633,0.152484301925536,,0.17318282410454977,0.6689566015058263,0.17145012397390264,0.0014331709761483962,0.05109860635344769,1.121860111784783,,0.005473010162274193,,74.49162409108156,17.871227276553014,,104.93342478563831,74.44863293884666,23.7656058050265,94.51285382896472,44.372141965635265,16.455055856400993,,0.6931471824645996,,0.09924246408757131,0.21598509371660318,,0.16914814919423146,0.1108070980686291,0.28884452486493783,0.0106207808942362,0.7111119377385279,0.2580404625197125,,,,0.2448,4896.0,0.9280072,0.9229159,0.94031304,0.80870855,0.6392913,0.74731314,0.7204739,0.73629326,0.5082999467849731,0.6306391963958741,0.7044999599456787,0.6306391963958741,0.21,210.0,0.38542649981135724,0.415853454859824,0.40818561601397974,0.3147692872514224,0.30374437959596157,0.3254052406500815,0.24086257850532164,0.23221498799695345,0.23947775577404298,0.07067289978412436,0.07662900169085735,0.06449762849253182,0.11430114905639181,0.12242359856061226,0.0962697636871466,0.08266350570285044,0.0830325159193307,0.07112576255729793,0.6135,0.62363636,0.84534883,0.7549342,0.9052845,0.65590554,0.5220473,0.68030304,0.5014500021934509,0.4907945125102997,0.7642999887466431,0.4907945125102997,0.17,170.0,0.4199992223512364,0.44929581004138913,0.4466209412398827,0.3331990333485963,0.34730101631246574,0.3469797272015347,0.26844026461842296,0.25842590003542804,0.25590422204987123,0.04800910771799704,0.05190770937455658,0.044317059825759786,0.06503303257945696,0.07849413036638056,0.06715910081763576,0.057872173900880806,0.05426800220503792,0.052942626155270844,0.8725807,0.86441445,0.88649637,0.8091603,0.59390247,0.6780702,0.7077236,0.6956205,0.504874974489212,0.5607168544530869,0.7343999743461609,0.5607168544530869,0.19,190.0,0.4027128610812968,0.43257463245060657,0.4274032786269312,0.3239841603000093,0.3255226979542136,0.3361924839258081,0.2546514215618723,0.24532044401619074,0.24769098891195712,0.0593410037510607,0.06426835553270696,0.054407344159145804,0.08966709081792439,0.10045886446349642,0.08171443225239118,0.07026783980186563,0.0686502590621843,0.062034194356284385,0.7430403,0.7440254,0.8659226,0.7820473,0.7495935,0.6669879,0.61488545,0.68796176,2026-10-06T04:50:19.206241
80,0.7913751006126404,0.49819251894950867,0.41433968851566316,0.8043329119682312,0.41433968851566316,0.837788475894928,0.9229395463943482,2.329368495750427,0.10490661082267762,2.26651318359375,2.0,1.0,10.0,,,,,0.9101047540664673,0.9101047540664673,,,,16.433846783447265,0.42691425670673894,0.16891796182200408,,0.18545827566153683,0.6487023115727553,0.18084520267642987,0.0014495167919808323,0.05157300336345746,1.213768024922936,,0.006066415795558102,,74.45746544516011,17.847944526915338,,104.93249380512601,74.41398644902904,23.737484925871442,94.51502669996516,44.43704534639978,16.433842288460703,,0.6931471824645996,,0.09992421840786174,0.21684835139353564,,0.16992451592235808,0.11149940924469832,0.2903571235146492,0.010692776109619885,0.7155536527086974,0.25985878743943136,,,,0.2469,4938.0,0.92728543,0.9199355,0.94003564,0.80507505,0.64347744,0.7429495,0.72255975,0.73460287,0.49689993262290955,0.6414763169288635,0.701949954032898,0.6414763169288635,0.219,219.0,0.3608013277571353,0.37684951577932946,0.3760694777826419,0.33421773052901577,0.34307716175293873,0.33173103397194503,0.2194192879442174,0.19792676460413106,0.20113142158290348,0.0572584347703596,0.05783336614816741,0.05270790795747495,0.09608814181591481,0.09073343930655274,0.08643081060766059,0.08466512055649877,0.08137176818426368,0.08273251504308726,0.62600005,0.6090909,0.84844965,0.7657895,0.9077236,0.6417323,0.5019685,0.6787879,0.4965999722480774,0.4987585079669952,0.7608500719070435,0.4987585079669952,0.182,182.0,0.4286901059452502,0.45373487813634183,0.45259947008806095,0.33626751984886166,0.3281729359105168,0.33643776750535354,0.2825862147193196,0.27053246445438023,0.26055521131163195,0.04734065765151841,0.05000228231151784,0.040891030251970155,0.061935534863180965,0.07690327072925524,0.061372263587831447,0.05659871043163835,0.058976945037833975,0.05106115618730361,0.8733871,0.86396396,0.8879562,0.8091603,0.5845529,0.6666667,0.7012195,0.6923358,0.49674995243549347,0.5701174124479294,0.7314000129699707,0.5701174124479294,0.2005,200.5,0.39474571685119275,0.41529219695783565,0.4143344739353514,0.3352426251889387,0.3356250488317278,0.3340844007386493,0.2510027513317685,0.23422961452925564,0.23084331644726772,0.052299546210939005,0.05391782422984263,0.04679946910472255,0.07901183833954789,0.083818355017904,0.07390153709774602,0.07063191549406855,0.07017435661104883,0.06689683561519544,0.7496936,0.73652744,0.8682029,0.7874749,0.7461382,0.6541995,0.601594,0.68556184,2026-10-06T04:54:32.101788
81,0.7985673546791077,0.49913477897644043,0.414740431022644,0.8043246865272522,0.414740431022644,0.8362220274925232,0.9211990489006042,2.315601223373413,0.11293319072127342,2.2077544624328613,2.0,1.0,10.0,,,,,0.9005878099441529,0.9005878099441529,,,,16.416830279541017,0.5494262787282087,0.18252658336215719,,0.20191834451761215,0.654591319572394,0.16851465489454331,0.0015366174010737876,0.0533132619064325,1.0379768547358785,,0.005125654632671273,,74.42391773393959,17.826490147098614,,104.93225403803929,74.37954459220741,23.709990580370473,94.5174976518959,44.49964372671334,16.416813710692583,,0.6931471824645996,,0.10058528422170383,0.21807755548862895,,0.17073000492943322,0.1121861668908672,0.29190334260084067,0.010886073818394713,0.7199028931605588,0.26187230864907524,,,,0.2526,5052.0,0.92614275,0.9241643,0.9366284,0.8079384,0.63707167,0.74032325,0.72624546,0.7376171,0.5075000524520874,0.662996120929718,0.6903000473976135,0.662996120929718,0.211,211.0,0.3645207365758209,0.38598771727231185,0.37818577271534903,0.32450213199233596,0.30213138636076875,0.31594323364224824,0.23497121983445984,0.23280305288292863,0.2250145053426833,0.06231969985847727,0.06858571263628059,0.05245588885253372,0.09678506955099948,0.1055812113564576,0.07883221923813673,0.07421448147845311,0.07898535607950413,0.06397715885475275,0.606,0.62863636,0.8449612,0.75723684,0.9085366,0.62125987,0.4944882,0.6287879,0.49175000190734863,0.5578015904426574,0.7292000651359558,0.5578015904426574,0.182,182.0,0.41626585199444543,0.4342781894505594,0.4278887742847731,0.3429090346469315,0.3412466031110969,0.3349444561967871,0.2684321222742829,0.2551928121006853,0.24489245021809156,0.05057264531716006,0.0564283539066568,0.04289154339974644,0.0656083663737609,0.07695670360162109,0.057733236069228956,0.0630253441213024,0.06112316762946773,0.0536167573791166,0.86491936,0.8022523,0.80802923,0.8068703,0.59308946,0.60745615,0.7036586,0.640511,0.499625027179718,0.6103988556861877,0.7097500562667847,0.6103988556861877,0.1965,196.5,0.39039329428513314,0.4101329533614356,0.4030372735000611,0.33370558331963374,0.3216889947359328,0.32544384491951767,0.25170167105437136,0.24399793249180696,0.23495347778038744,0.056446172587818665,0.0625070332714687,0.04767371612614008,0.08119671796238019,0.09126895747903935,0.06828272765368285,0.06861991279987775,0.07005426185448593,0.058796958116934674,0.7354597,0.7154443,0.82649523,0.7820536,0.750813,0.614358,0.5990734,0.6346494,2026-10-06T04:58:44.040576
82,0.7957926988601685,0.5012349486351013,0.4112571647167206,0.805422306060791,0.4112571647167206,0.8365835295677185,0.921600715637207,2.3277104568481444,0.11469937301278114,2.2312453720092775,2.0,1.0,10.0,,,,,0.9113639921188355,0.9113639921188355,,,,16.396316104125976,0.4889622293175406,0.17016035930556098,,0.18615790665339513,0.6715524411125547,0.17475874266427033,0.001457887389889924,0.05198805791082656,1.162883376999266,,0.005640671437400079,,74.3896873133957,17.80429492634573,,104.93319182183332,74.34503873594248,23.68223027514804,94.51806781550123,44.558604538061054,16.396293142039305,,0.6931471824645996,,0.1012822449871689,0.2191671084636336,,0.17149080668285394,0.1128603362353744,0.293413502205709,0.011023086074526144,0.7240818146687404,0.2636606531917669,,,,0.25005,5001.0,0.93400156,0.92180836,0.93952066,0.8094985,0.6419587,0.7381212,0.7259822,0.7337474,0.500700056552887,0.6600179443359375,0.7022499442100525,0.6600179443359375,0.203,203.0,0.41903653321916295,0.4441239169476072,0.441583969788411,0.36639379499897495,0.3896692502481522,0.37143515223519724,0.30027654491875433,0.29054858835926944,0.29829535619020964,0.05714347773906961,0.05391802427220244,0.046956379661242886,0.11328916080606283,0.09908249529913464,0.0968536212545978,0.09223873243278506,0.08847701400832284,0.08263418987075599,0.589,0.61772734,0.82131785,0.7733553,0.90365857,0.6535433,0.5602362,0.6560606,0.49410000443458557,0.524747394323349,0.7612998485565186,0.524747394323349,0.191,191.0,0.4000367885302312,0.43947950175444084,0.441313032981253,0.31729578089302035,0.329697114564851,0.31957174285659123,0.278781289829714,0.26032970009884165,0.2755108865819249,0.05760019573160688,0.058115443736682135,0.050055170265430216,0.07640442744190304,0.09202335373050706,0.07138365230252242,0.06520839489101717,0.06669897586024726,0.06114096093278344,0.88709676,0.86621624,0.89416057,0.8152672,0.5800813,0.6513158,0.7085366,0.67956203,0.49740003049373627,0.5923826693296432,0.7317748963832855,0.5923826693296432,0.197,197.0,0.4095366608746971,0.44180170935102403,0.44144850138483205,0.34184478794599765,0.3596831824065016,0.34550344754589424,0.28952891737423414,0.2754391442290556,0.2869031213860673,0.057371836735338244,0.05601673400444229,0.04850577496333655,0.09484679412398293,0.09555292451482085,0.0841186367785601,0.07872356366190111,0.07758799493428505,0.07188757540176971,0.7380484,0.7419718,0.8577392,0.7943113,0.7418699,0.6524296,0.6343864,0.6678113,2026-10-06T05:02:57.320413
83,0.7926301956176758,0.4981621503829956,0.41358999807834623,0.8046351671218872,0.41358999807834623,0.8373161286354065,0.9224147167205811,2.3374446321487428,0.11592948846817017,2.308375155830383,2.0,1.0,10.0,,,,,0.9103762305259705,0.9103762305259705,,,,16.372821325683592,0.46078567515323116,0.1786587723548625,,0.18121815850115885,0.6279790900695096,0.17582211648203006,0.0014670586842260543,0.051583231480163375,1.1671745594899365,,0.00507272635071218,,74.35506327440784,17.782249924483573,,104.93136460614052,74.31064464787768,23.654128931130572,94.51507451731688,44.62061934258528,16.372801762477607,,0.6931471824645996,,0.10182629563626211,0.2203182609407765,,0.17223009144424634,0.11353897483675343,0.29507614852516517,0.01109751633065901,0.7284129744122743,0.26513773278825603,,,,0.24645,4929.0,0.92953086,0.9228756,0.9395404,0.80547,0.64049846,0.7391111,0.72223574,0.7392261,0.5067999958992004,0.6296297760009766,0.7070499658584595,0.6296297760009766,0.202,202.0,0.40665936629396504,0.441637442109584,0.4242201095081568,0.32462968332056863,0.3486346609382634,0.33385063554754346,0.27392887220674056,0.2760176261396636,0.2731696414636048,0.07779900601620929,0.07439876189698284,0.06605808998415687,0.11180560753275817,0.0972946572016596,0.09176336253537772,0.08278294252509086,0.08269431567042143,0.07104447321671427,0.60400003,0.6222728,0.84341085,0.7565789,0.9085366,0.6437008,0.5472441,0.69242424,0.49355000257492065,0.4968017702102661,0.762999951839447,0.4968017702102661,0.183,183.0,0.44618912024111584,0.47711312707087244,0.4686852286806786,0.35322166732227134,0.35130942058227554,0.34650224227898296,0.3270261877930625,0.32147079456840555,0.30940818394674285,0.04961774195417312,0.05131378516667354,0.04431555355669597,0.06417573857697434,0.07698017345515878,0.061266714181471664,0.059879925446418056,0.05793788893474547,0.0516797590410435,0.86854845,0.8558559,0.8872263,0.8133588,0.57845527,0.68333334,0.7146342,0.69525546,0.5001749992370605,0.5632157731056213,0.7350249588489532,0.5632157731056213,0.1925,192.5,0.42642424326754047,0.45937528459022825,0.4464526690944177,0.33892567532142,0.34997204076026944,0.3401764389132632,0.3004775299999015,0.29874421035403453,0.2912889127051738,0.0637083739851912,0.06285627353182818,0.055186821770426414,0.08799067305486626,0.08713741532840918,0.07651503835842469,0.07133143398575445,0.07031610230258345,0.06136211612887889,0.73627424,0.73906434,0.86531854,0.78496885,0.74349594,0.66351706,0.6309391,0.69383985,2026-10-06T05:07:09.585382
84,0.7904650568962097,0.4987296760082245,0.41135789659023286,0.8053174018859863,0.41135789659023286,0.8355202597618103,0.9204193088531494,2.3124944272994994,0.11285918809175491,2.2200187072753907,2.0,1.0,10.0,,,,,0.9121796399116516,0.9121796399116516,,,,16.351485635375976,0.4127094441206212,0.16208286362753552,,0.18066658838919014,0.6376759104288308,0.1714993803317,0.0015012119250864407,0.05227378013122613,1.185807695908911,,0.005399437635324326,,74.32081254120845,17.761749437660168,,104.93046433758583,74.27581753092966,23.626802687432356,94.51371906061841,44.68389933883764,16.351469258593905,,0.6931471824645996,,0.10243425546747864,0.2215922552688866,,0.17293863947604113,0.11419744609267848,0.2967003657939328,0.01123619789649157,0.7327125334435967,0.2670238466019843,,,,0.2483,4966.0,0.93464315,0.92128474,0.9386886,0.81036735,0.63041276,0.7429899,0.7277036,0.73816705,0.4957500696182251,0.6340334346294403,0.7065500617027283,0.6340334346294403,0.199,199.0,0.45129000244066264,0.44396103613692567,0.45852265261238406,0.36255729612844084,0.3509552961040449,0.35450060587518284,0.37080135015471943,0.3621647370712242,0.3691603489028715,0.07654676367666774,0.07402743116192456,0.06172227300902245,0.11834597606560607,0.11190766238971131,0.0947261783068556,0.07566175257773285,0.07614217938773653,0.06120970964178147,0.591,0.6272727,0.8534884,0.7575658,0.9056911,0.64724416,0.5503937,0.67954546,0.5053000450134277,0.4928246331214905,0.7638500332832336,0.4928246331214905,0.181,181.0,0.4410618809429421,0.4655358190168976,0.4660324899271915,0.34960216325891735,0.34038517756579983,0.3519541417723328,0.3499982479681463,0.34588437300721125,0.3465201494204472,0.03642563962132017,0.044613035092798986,0.03251953037063691,0.053334011711631824,0.07547807870907079,0.05184124660046313,0.04498246628531208,0.04087031651223814,0.03822988373956096,0.9056452,0.86621624,0.8879562,0.7969466,0.56585366,0.6872807,0.7044715,0.69160587,0.5005250573158264,0.5634290338754654,0.735200047492981,0.5634290338754654,0.19,190.0,0.44617594169180236,0.45474842757691164,0.46227757126978775,0.35607972969367907,0.3456702368349224,0.3532273738237578,0.3603997990614329,0.3540245550392177,0.35784024916165935,0.056486201648993956,0.059320233127361774,0.04712090168982968,0.08583999388861895,0.09369287054939104,0.07328371245365936,0.06032210943152246,0.058506247949987336,0.04971979669067121,0.7483226,0.7467445,0.8707223,0.7772562,0.7357724,0.66726243,0.6274326,0.68557566,2026-10-06T05:11:22.495063
85,0.80460524559021,0.49942225217819214,0.4120166336536408,0.8051698803901672,0.4120166336536408,0.8355263660430908,0.9204260956764221,2.319845429801941,0.1016138888478279,2.261489660835266,2.0,1.0,10.0,,,,,0.9055383500099182,0.9055383500099182,,,,16.329472061157226,0.4493419819386901,0.1726195757176466,,0.18220378923567998,0.6131694797117999,0.16588720128794385,0.0015216643898302961,0.05301361045782353,1.1029573107600972,,0.005521293013255782,,74.28696606872947,17.74136945396472,,104.92822061526547,74.24139773617884,23.599927938667832,94.51449205920954,44.752504385201036,16.329455393894463,,0.6931471824645996,,0.10311164626270343,0.2231529676800321,,0.17361822183344774,0.11486958019482861,0.2984311854004101,0.01135334322691723,0.7371229510398427,0.268658976645986,,,,0.2582,5164.0,0.9365076,0.91862667,0.9386688,0.8060427,0.63446265,0.7410101,0.7294046,0.7382892,0.4968000054359436,0.6703704466819763,0.687049925327301,0.6703704466819763,0.201,201.0,0.3927601989288437,0.4195073328592904,0.40068172590849616,0.3376595314626727,0.3653598526029979,0.3451836928936379,0.2802171847416199,0.27967695864601544,0.2740536005208642,0.08269636806241501,0.09051055609530498,0.07576177775049224,0.13361493419444107,0.14180484094998924,0.12243807097789124,0.0885327990185591,0.087151708552909,0.08331723359150446,0.585,0.6209091,0.83255816,0.75690794,0.9012195,0.6165355,0.5342519,0.6121212,0.5111499428749084,0.5570790803432465,0.7327500581741333,0.5570790803432465,0.166,166.0,0.39640354365083424,0.4417301747823451,0.42049476967536237,0.296478904204545,0.3476790486967921,0.3162888188633944,0.25952523358311697,0.2516382425784503,0.25390797986379665,0.04099152626893784,0.05337484594685044,0.03818315505352301,0.06213177772930433,0.08031295435777105,0.056599700470705686,0.053824597507140026,0.05162813496404036,0.04863046380068305,0.88225806,0.83423424,0.8018248,0.8125954,0.5821138,0.6114035,0.69959354,0.6357664,0.503974974155426,0.6137247635126114,0.7098999917507172,0.6137247635126114,0.1835,183.5,0.39458187128983896,0.43061875382081777,0.41058824779192926,0.31706921783360886,0.356519450649895,0.3307362558785161,0.2698712091623684,0.26565760061223287,0.26398079019233045,0.06184394716567643,0.0719427010210777,0.05697246640200762,0.0978733559618727,0.11105889765388015,0.08951888572429846,0.07117869826284956,0.06938992175847468,0.06597384869609375,0.733629,0.72757167,0.8171915,0.78475165,0.7416667,0.6139695,0.61692274,0.6239438,2026-10-06T05:15:37.091284
86,0.8040201663970947,0.49714261293411255,0.40815243332386014,0.807290256023407,0.40815243332386014,0.8390027946472168,0.9242887877464294,2.3614544761657714,0.10584129937887192,2.316357656288147,2.0,1.0,10.0,,,,,0.9094432446479798,0.9094432446479798,,,,16.30958824157715,0.4539771865175408,0.16642069688458352,,0.17678615956264696,0.6473815828371959,0.1695164630936969,0.0014585264191731432,0.051659872945232,1.1428299905008572,,0.00533197264980071,,74.25291180458798,17.720854400829147,,104.9274049503788,74.20693051283527,23.573453320059805,94.51205852532843,44.81037669576657,16.30956685011554,,0.6931471824645996,,0.10376139901056411,0.2243583893320363,,0.1743623369438633,0.11552106812121762,0.29999484529920445,0.011405897979286445,0.7411298687290994,0.2706306244537329,,,,0.24575,4915.0,0.94099844,0.9238622,0.9425515,0.80870855,0.6380452,0.7427273,0.7261442,0.7367617,0.5000500679016113,0.6369350733757019,0.7025499939918518,0.6369350733757019,0.208,208.0,0.3826314284169391,0.4118178705778826,0.40137202385209864,0.32536818822901475,0.35649415165899895,0.3231101182860022,0.23171750901791993,0.23112781685827466,0.2378185884118677,0.06303498380367936,0.06466782564936656,0.05390830300481406,0.10445964882399084,0.09415532101424226,0.08267786732227325,0.07774432557826255,0.07499171063579052,0.06869251732694973,0.60050005,0.615,0.8488372,0.75625,0.9069106,0.6496063,0.52086616,0.6833334,0.5000500082969666,0.48501035022735595,0.7686499357223511,0.48501035022735595,0.191,191.0,0.40153057103322504,0.42708790026586185,0.42788019104315594,0.31472028442637007,0.3130848693914219,0.3334107095197446,0.2674745487107739,0.2515528711661557,0.2578262205848375,0.058282469732254816,0.056169364349164,0.050925316489563416,0.07216000395405035,0.0871410845712986,0.06999409767255106,0.06781923155646126,0.06443892178481686,0.05852687860607478,0.9,0.8716216,0.89562047,0.82022905,0.58170736,0.67061406,0.7113821,0.69087595,0.5000500380992889,0.5609727118015289,0.7355999648571014,0.5609727118015289,0.1995,199.5,0.39208099972508204,0.4194528854218722,0.4146261074476273,0.3200442363276924,0.33478951052521044,0.3282604139028734,0.24959602886434692,0.24134034401221519,0.2478224044983526,0.06065872676796709,0.06041859499926528,0.052416809747188736,0.0883098263890206,0.09064820279277043,0.07633598249741216,0.0727817785673619,0.06971531621030369,0.06360969796651225,0.75025,0.7433108,0.87222886,0.78823954,0.74430895,0.6601102,0.61612415,0.6871047,2026-10-06T05:19:51.578235
87,0.8043425679206848,0.49898236989974976,0.40778231534957887,0.8070670366287231,0.40778231534957887,0.8368352263450622,0.9218803792953492,2.33155520362854,0.10780487290024757,2.20600604801178,2.0,1.0,10.0,,,,,0.9034105697631836,0.9034105697631836,,,,16.292187976074217,0.4228492727989604,0.17037067164898298,,0.19358896829520061,0.6131897491824095,0.16773356976592615,0.0014754992199373569,0.05186583462414468,1.1332895860170862,,0.005682950996690739,,74.2189458373246,17.69882466990477,,104.92872605050445,74.17265932119577,23.54750300364889,94.51316337828423,44.87421281170693,16.29217074934844,,0.6931471824645996,,0.10430029409516389,0.22516163462286543,,0.1752554849264728,0.1161686628107812,0.30166835769726214,0.011593724577242781,0.7453652460863636,0.272668200503489,,,,0.24385,4877.0,0.937911,0.91987514,0.94445324,0.8083926,0.6332555,0.7449293,0.73037666,0.73902243,0.5081999897956848,0.6350933513641357,0.7054499387741089,0.6350933513641357,0.226,226.0,0.3698982773158442,0.4051469885532159,0.3935220418256827,0.28972929472913284,0.28343657477071293,0.29770251067280407,0.22198995893163956,0.21562212989503013,0.2218303881082458,0.07640610375964735,0.08206824721318161,0.07333596786188885,0.11972828266720087,0.12509800307779786,0.11376622762143586,0.08663888545884282,0.09175587081374512,0.08516354886626824,0.591,0.61136365,0.85775197,0.76348686,0.9101626,0.6543307,0.5200788,0.69166666,0.4981999695301056,0.48891438269615173,0.767000138759613,0.48891438269615173,0.181,181.0,0.41077238420476636,0.43324160139834833,0.4283955542790799,0.33355214247794585,0.33068766373836433,0.33820004162089945,0.27842927786186195,0.2708224612763606,0.26054754772036637,0.05066836499042469,0.0541128986169182,0.042143402550073955,0.06469351294310914,0.0821081020956106,0.06405440637403827,0.06434652307814431,0.06322235665218144,0.05744610374803376,0.8854839,0.8585586,0.89416057,0.81450385,0.5886179,0.67850876,0.70813006,0.699635,0.5031999796628952,0.5620038670301437,0.736225038766861,0.5620038670301437,0.20350000000000001,203.5,0.39033533076030524,0.4191942949757821,0.4109587980523813,0.31164071860353937,0.30706211925453863,0.31795127614685176,0.25020961839675077,0.24322229558569536,0.24118896791430608,0.06353723437503601,0.0680905729150499,0.057739685205981404,0.09221089780515501,0.10360305258670424,0.08891031699773706,0.07549270426849357,0.07748911373296327,0.071304826307151,0.738242,0.73496115,0.8759563,0.7889954,0.74939024,0.66641974,0.6141044,0.6956508,2026-10-06T05:24:04.736505
88,0.7841424942016602,0.5002650618553162,0.41088429639339447,0.8061896562576294,0.41088429639339447,0.835790794467926,0.9207199026107789,2.3133120096206663,0.11766726665496827,2.1947048097610473,2.0,1.0,10.0,,,,,0.9147401383399963,0.9147401383399963,,,,16.27277882385254,0.5065115817650488,0.19333598776394204,,0.19483874031123083,0.6134984171504427,0.17624607297835077,0.0015213614940320017,0.05435359651210961,1.2375227258463575,,0.0053539812829194195,,74.18589695244079,17.677177222671023,,104.9319143599006,74.13832354697452,23.523008176475575,94.5157880357876,44.930247434385265,16.272755215881737,,0.6931471824645996,,0.10500268173065914,0.22624788238744067,,0.1760980258132242,0.11683221270514142,0.3035027730237147,0.011728427604220475,0.7492315393344612,0.2746391011651155,,,,0.25185,5037.0,0.93911386,0.9250503,0.94179875,0.81220376,0.6268692,0.73806065,0.7240178,0.7442159,0.5134499669075012,0.6567397818565369,0.6983999013900757,0.6567397818565369,0.237,237.0,0.4125413486876509,0.4613732260259845,0.4384046963080144,0.3106962640059458,0.31437366058378663,0.31768904568177764,0.32045928885112807,0.3153866265729356,0.3133034287289404,0.0693466663266319,0.06045976811534849,0.06417082046105063,0.0999426453768879,0.08897947890189503,0.10242886087643206,0.09217379285414092,0.0915383354359108,0.08861384193759612,0.575,0.6159091,0.82325584,0.7631579,0.90731704,0.65039366,0.53346455,0.67424244,0.49244993925094604,0.4912722172737122,0.7716501355171204,0.4912722172737122,0.181,181.0,0.45454794780069496,0.4636743473683895,0.47170089728272296,0.36149243439703227,0.3240306730759196,0.3561689081011004,0.3676875849320714,0.3583072297337444,0.3576358704696578,0.035892997516436424,0.043208784417922794,0.028242428264012513,0.055777673349357314,0.07417435999939184,0.05247180494337308,0.04986118611787022,0.04468736309314021,0.04019803930595429,0.9104839,0.8891892,0.8992701,0.8038168,0.57967484,0.6671053,0.71829265,0.699635,0.5029499530792236,0.5740059995651245,0.735025018453598,0.5740059995651245,0.209,209.0,0.43354464824417294,0.46252378669718697,0.4550527967953687,0.33609434920148906,0.31920216682985314,0.336928976891439,0.34407343689159975,0.33684692815334,0.3354696495992991,0.05261983192153416,0.05183427626663564,0.046206624362531576,0.07786015936312261,0.08157691945064344,0.07745033290990257,0.07101748948600557,0.06811284926452552,0.06440594062177521,0.74274194,0.7525492,0.861263,0.7834873,0.74349594,0.65874946,0.6258786,0.68693876,2026-10-06T05:28:17.180784
89,0.7974674105644226,0.4968997538089752,0.4067473096847534,0.8086721897125244,0.4067473096847534,0.8377411487579346,0.9228869578361512,2.3408706560134886,0.10763883699774743,2.1862659812927245,2.0,1.0,10.0,,,,,0.9260927068710327,0.9260927068710327,,,,16.251088009643556,0.41814626755703027,0.16760768718827682,,0.18681965606987097,0.6053239886358286,0.1810231965723311,0.0015130464423590215,0.05445598585495524,1.2804184104226957,,0.005916657067900583,,74.15175652959545,17.656450623919252,,104.93237868387988,74.10411149529135,23.500599891516813,94.51565891921899,44.99427209841977,16.251070630018877,,0.6931471824645996,,0.10570383698317655,0.22754698697548764,,0.17685837977251428,0.11749915830838452,0.3057786247153191,0.011788178128516598,0.7534821477665263,0.27652317228590606,,,,0.2531,5062.0,0.9433239,0.93139344,0.942294,0.8111177,0.639817,0.7388485,0.7248886,0.73914456,0.5034499764442444,0.644764380455017,0.7032499313354492,0.644764380455017,0.223,223.0,0.39041009632610574,0.4102061690173214,0.41168250008003204,0.32060321481247617,0.3549761861746536,0.3706002641810445,0.2572416286089363,0.25646991503847233,0.26345473896161525,0.06652389629891264,0.07719407354149646,0.06294834112543761,0.09355308993615503,0.13908359765801695,0.10434198521421073,0.09115287278555619,0.09079376871219658,0.09249988282928284,0.582,0.63000005,0.8542636,0.75526315,0.9044715,0.6582677,0.51889765,0.6818182,0.4984000325202942,0.48640224552154543,0.7736000418663025,0.48640224552154543,0.173,173.0,0.4130867834351941,0.4468869256313228,0.43727714904128656,0.30775758140316395,0.33946329145783,0.3225502289927294,0.28044235385283867,0.27618852469582533,0.2724996032263226,0.050892573333310986,0.051548635159285774,0.042884118400939794,0.07059913464263401,0.08065591018362155,0.0685454076854395,0.05926623144766635,0.05493513267489744,0.051578539648604885,0.92056453,0.8896396,0.90036494,0.80992365,0.57886183,0.6763158,0.7121951,0.6959854,0.5009250044822693,0.5655833129882812,0.7384249866008759,0.5655833129882812,0.198,198.0,0.4017484398806499,0.42854654732432207,0.4244798245606593,0.31418039810782006,0.3472197388162418,0.346575246586887,0.2688419912308875,0.26632921986714886,0.2679771710939689,0.058708234816111815,0.06437135435039112,0.0529162297631887,0.08207611228939451,0.10986975392081924,0.08644369644982511,0.07520955211661126,0.07286445069354701,0.07203921123894386,0.7512823,0.75981987,0.87731427,0.78259337,0.7416667,0.66729176,0.61554635,0.6889018,2026-10-06T05:32:31.335358
90,0.8071499466896057,0.49913734197616577,0.40567502772808073,0.8094024062156677,0.40567502772808073,0.8348020219802856,0.9196212627410889,2.311461449050903,0.11359639179110527,2.1627537294387817,2.0,1.0,10.0,,,,,0.916984727191925,0.916984727191925,,,,16.228947177124024,0.4605684028879093,0.20251624101096657,,0.21060029948782769,0.613078030146611,0.1858817693439259,0.0015856448329605495,0.05520485621538891,1.3836082842699282,,0.006612140809150211,,74.11816717257166,17.635051860930812,,104.93584301213549,74.07000241613692,23.476495426931198,94.51248586861192,45.075416880808056,16.228932532535236,,0.6931471824645996,,0.10631541343061787,0.22864689682699313,,0.17778095982636616,0.11814872213419836,0.3076690915663531,0.011819593092296153,0.7584111728485982,0.2782900447298767,,,,0.25405,5081.0,0.94520855,0.93193716,0.94217515,0.8080174,0.64304906,0.7409091,0.72312677,0.7422607,0.49540001153945923,0.643105925321579,0.7079499363899231,0.643105925321579,0.215,215.0,0.38090137743687114,0.4070542320381954,0.3919346565416194,0.2726197314513697,0.2849699552877403,0.27687756499242927,0.2362437574445059,0.23286109019681892,0.2232483716760312,0.08134791703753683,0.0826201074583351,0.068229108194746,0.143651407716257,0.13064123589784887,0.11383488090060342,0.10600907599426716,0.10458272260267225,0.0873653710761516,0.6095,0.6427273,0.8395349,0.75230265,0.8955285,0.66181105,0.5330709,0.69507575,0.5019000768661499,0.48838855385780333,0.7703500986099243,0.48838855385780333,0.199,199.0,0.431958598360245,0.45751662416303346,0.45437768898014297,0.3309438560509776,0.3386080508723081,0.3356717679715088,0.3046636973616085,0.3015507267528157,0.29399054214566533,0.05133896862342921,0.05861252216306005,0.04786857013527026,0.05835446287024382,0.0767418214631201,0.06268278151872922,0.05441751508908721,0.054138012864645015,0.05045822260489792,0.9032258,0.88873875,0.8992701,0.8011451,0.5849594,0.6925439,0.69878054,0.6912409,0.49865004420280457,0.5657472395896912,0.7391500174999237,0.5657472395896912,0.20700000000000002,207.0,0.4064299878985581,0.43228542810061443,0.4231561727608812,0.30178179375117364,0.3117890030800242,0.30627466648196905,0.2704537274030572,0.2672059084748173,0.25861945691084826,0.06634344283048302,0.07061631481069758,0.05804883916500812,0.10100293529325041,0.10369152868048448,0.08825883120966632,0.0802132955416772,0.07936036773365863,0.06891179684052476,0.7563629,0.765733,0.8694025,0.77672386,0.7402439,0.6771775,0.6159257,0.6931583,2026-10-06T05:36:45.327243
91,0.8039249777793884,0.4990948736667633,0.4057944377422333,0.809339702129364,0.4057944377422333,0.8363979233741761,0.9213944878578186,2.3436008516311646,0.1074698788523674,2.2671877237319946,2.0,1.0,10.0,,,,,0.923517780303955,0.923517780303955,,,,16.20771466064453,0.42997552789035876,0.21219528912548807,,0.20494652276111255,0.6182615043251378,0.17607827484607697,0.0015421272833849404,0.05545731498652203,1.2277372519301761,,0.005816542809668952,,74.08418633527816,17.61817876244806,,104.9409803645626,74.03578594232062,23.45344811943686,94.51387150272443,45.14761597943154,16.207691593534626,,0.6931471824645996,,0.1069080171881208,0.23072131822822958,,0.17882484985384972,0.11880429188726814,0.30978400426305785,0.011852824176620147,0.7628844182962066,0.2799989630462258,,,,0.2601,5202.0,0.9422614,0.9386629,0.94070923,0.8097156,0.63835675,0.74559593,0.72207373,0.73894095,0.5080000758171082,0.6170496830940246,0.7158501148223877,0.6170496830940246,0.223,223.0,0.37843974906203265,0.3844136523111451,0.40243906612237335,0.3270429272801037,0.3120870235423485,0.33190816196741585,0.2598698502461326,0.2522867759014135,0.2642355593103711,0.05491942537827571,0.05572021879134001,0.052198474571237684,0.09407564194664532,0.09645805639105931,0.08572220284128415,0.0657355072570289,0.06278364925102965,0.058335024356921936,0.634,0.66727275,0.8674419,0.76085526,0.90731704,0.6582677,0.51889765,0.6848485,0.5087000131607056,0.4804912977218628,0.7746999859809875,0.4804912977218628,0.192,192.0,0.4252397227090387,0.4515901668549932,0.4478266858678977,0.3224226920992693,0.3147799122662805,0.3252777548313347,0.3222193947841915,0.31232560893894484,0.30967053165800434,0.056183332792179026,0.060186375471947065,0.052673975595727694,0.060254006149624645,0.0748095278442948,0.06541957278855469,0.05950709880653044,0.05971912741204815,0.054733742545977945,0.90120965,0.9234234,0.89343065,0.81068707,0.58170736,0.6850877,0.70813006,0.6941606,0.5083500444889069,0.5487704904079437,0.7452750504016876,0.5487704904079437,0.20750000000000002,207.5,0.4018397358855357,0.41800190958306915,0.4251328759951355,0.32473280968968654,0.3134334679043145,0.3285929583993753,0.29104462251516205,0.2823061924201792,0.28695304548418776,0.055551379085227365,0.05795329713164354,0.05243622508348269,0.07716482404813499,0.08563379211767705,0.07557088781491941,0.06262130303177967,0.0612513883315389,0.05653438345144994,0.7676048,0.79534805,0.8804363,0.78577113,0.7445122,0.6716777,0.6135138,0.6895045,2026-10-06T05:40:57.506982
92,0.8018252849578857,0.5001324415206909,0.4002656337738037,0.8120325207710266,0.4002656337738037,0.8344351968765259,0.9192136814117432,2.2947875930786132,0.10258799494504929,2.1831680881500244,2.0,1.0,10.0,,,,,0.9194004433631897,0.9194004433631897,,,,16.18540010986328,0.43204804530046925,0.16438854424650692,,0.19824641591804043,0.6082124022921179,0.17219560187618443,0.0014912496047660968,0.054124796181727365,1.1763565460587764,,0.005884827841866678,,74.05042359175955,17.600299968840968,,104.94404417390277,74.00163895916786,23.429604475665244,94.51436056149234,45.20775805916756,16.185378955428007,,0.6931471824645996,,0.10758148508656556,0.2322656667915879,,0.17974581346390353,0.11947727189132362,0.3116613658750133,0.011938943468319004,0.7669729157617897,0.28144458923370214,,,,0.25825,5165.0,0.946251,0.9469593,0.94158083,0.80833334,0.6444315,0.74503034,0.7227015,0.74254584,0.4923999607563019,0.6253258957862854,0.7140499949455261,0.6253258957862854,0.227,227.0,0.33166231055761813,0.36068312570334027,0.34497892569792366,0.2942817710684437,0.31108623650392664,0.28094793176350674,0.22761579857237788,0.22283757586765254,0.21949221720198137,0.0919911334955904,0.0951621026267274,0.08644666836055677,0.1396281296466722,0.16512944421935438,0.141380574943399,0.12735894269338632,0.1279408062471615,0.11864923195887936,0.6135,0.6468182,0.86201555,0.7697368,0.9101626,0.6562992,0.5240158,0.6931818,0.5078999400138855,0.46749209094047545,0.7811999320983887,0.46749209094047545,0.18,180.0,0.37193858775387123,0.4145324567155105,0.40091260667483103,0.2935352471763161,0.30224960722546407,0.29415556418738764,0.2586937186140204,0.24935473170617825,0.2514581133046432,0.06230922389363569,0.06346582973368096,0.05958288907541861,0.06671018042290258,0.07685647249233285,0.0692030582769825,0.07242851870129491,0.07661454223139917,0.06999308936539728,0.93225807,0.9274775,0.9010949,0.81450385,0.5833333,0.6885965,0.7093496,0.69343066,0.5001499503850937,0.5464089933633804,0.7476249635219574,0.5464089933633804,0.20350000000000001,203.5,0.3518004491557447,0.38760779120942535,0.3729457661863773,0.2939085091223799,0.3066679218646954,0.2875517479754472,0.24315475859319913,0.2360961537869154,0.23547516525331227,0.07715017869461305,0.07931396618020418,0.07301477871798769,0.1031691550347874,0.12099295835584362,0.10529181661019076,0.09989373069734062,0.10227767423928033,0.09432116066213832,0.772879,0.7871479,0.8815552,0.79212034,0.746748,0.6724478,0.61668265,0.6933062,2026-10-06T05:45:10.529362
93,0.8094948530197144,0.5000850558280945,0.3982714157342911,0.8126403093338013,0.3982714157342911,0.8332288547515869,0.9178733033180236,2.2843723045349122,0.09947819991707801,2.211459630012512,2.0,1.0,10.0,,,,,0.9206480843544006,0.9206480843544006,,,,16.16256382751465,0.44544860938931724,0.1639171154089984,,0.19131290317056285,0.6130294427750217,0.17572787240337415,0.00151647293289892,0.05510156113464551,1.244101917288106,,0.006196416144416472,,74.01618709685697,17.576311633845044,,104.94603466835751,73.96784132453287,23.40312507046256,94.51862549022505,45.26917101623146,16.16254429908315,,0.6931471824645996,,0.10812380003511526,0.23304579791369712,,0.18048521344828758,0.12012934760682902,0.3133168691282819,0.012150008154285562,0.7710667180407579,0.2828669781517831,,,,0.26605,5321.0,0.95004004,0.95223516,0.9426109,0.80600315,0.63471574,0.741697,0.7264885,0.74936867,0.5049499869346619,0.6236848030090332,0.7211501002311707,0.6236848030090332,0.238,238.0,0.40689116861477037,0.4078265738995776,0.4248252264044185,0.3533758833724956,0.2850747244286914,0.3598845641819576,0.29362900188638535,0.2761935148406917,0.285430901904326,0.0800498573079429,0.0778412961012202,0.07361991215722344,0.11780424820380606,0.12058194097715698,0.11165761677958706,0.10169289297683023,0.10098403512939758,0.09354476161211081,0.65550005,0.6718182,0.86395353,0.762829,0.9085366,0.6527559,0.5543307,0.6761364,0.5003499388694763,0.47170767951011655,0.7794499397277832,0.47170767951011655,0.19,190.0,0.3796921075800616,0.40921863701669303,0.40381644271279493,0.2946903175513405,0.3009952412159192,0.3058560948369575,0.2554045970384537,0.24158863070642758,0.24748712966586045,0.05549500811031745,0.0608630686069531,0.05507695721525805,0.06425448574030632,0.07692827559085122,0.06621172560315214,0.0660940005520171,0.0651101800581604,0.06317028232849409,0.93346775,0.9139639,0.8981752,0.80992365,0.5813008,0.6763158,0.7223577,0.6981752,0.5026499629020691,0.5476962412595748,0.7503000199794769,0.5476962412595748,0.214,214.0,0.39329163809741596,0.40852260545813535,0.4143208345586067,0.324033100461918,0.29303498282230533,0.33287032950945755,0.2745167994624195,0.25889107277355966,0.26645901578509323,0.06777243270913016,0.06935218235408665,0.06434843468624074,0.09102936697205619,0.0987551082840041,0.08893467119136961,0.08389344676442367,0.08304710759377898,0.07835752197030245,0.7944839,0.792891,0.88106436,0.78637636,0.7449187,0.6645359,0.63834417,0.6871558,2026-10-06T05:49:23.641871
94,0.8062444925308228,0.49954476952552795,0.39622162618637086,0.8136023879051208,0.39622162618637086,0.8324562300682068,0.9170148318290711,2.2556278207778933,0.11280358421802521,2.159257526397705,2.0,1.0,10.0,,,,,0.920220314502716,0.920220314502716,,,,16.140752545166016,0.37280027705962493,0.1481899366992864,,0.1722366014483628,0.6291396304680283,0.16727990509977766,0.001468316133202285,0.05295575198948763,1.2208012556953796,,0.005678861773188024,,73.98270027500809,17.553289559236756,,104.94641181314067,73.93372043682511,23.378477679696054,94.5151044031617,45.33312925107919,16.140739866123077,,0.6931471824645996,,0.1087436905712079,0.23384342129063454,,0.18118474827070905,0.1207420069985329,0.3151482668272249,0.012159139499258084,0.7751468070753061,0.28438684704956735,,,,0.26295,5259.0,0.9569567,0.9444019,0.94326466,0.80718803,0.6393692,0.75200003,0.7251114,0.7423422,0.5060499906539917,0.7448794851303101,0.6791998744010925,0.7448794851303101,0.282,282.0,0.33609465560387486,0.360273448940696,0.38416326157577835,0.27748004783659036,0.24619814504403068,0.32213220759963,0.22295525681162204,0.21175867392648517,0.23136532337281862,0.06777712461332838,0.06974418357443661,0.059717123614617444,0.09314345159072233,0.12058489905041422,0.09059015479227904,0.07189870527350438,0.07495700705316802,0.0642381250554467,0.6145,0.6536364,0.7585271,0.75789475,0.91056913,0.60748035,0.51496065,0.592803,0.4922000765800476,0.6497981925010681,0.7246000170707703,0.6497981925010681,0.228,228.0,0.372711695961586,0.4096108912219389,0.40762956514619303,0.28431428020206834,0.3036673866986257,0.31364886563562094,0.2649571941237434,0.2546158758274836,0.2553134554141124,0.044994398845903665,0.04081152805287892,0.04006812614941509,0.05453031239548602,0.057976738792940935,0.05147545015671073,0.05041286938156486,0.045990446812527064,0.03861950179429963,0.8737903,0.83423424,0.7726277,0.81564885,0.5857724,0.6070175,0.7101626,0.6010949,0.49912503361701965,0.6973388388156891,0.7018999457359314,0.6973388388156891,0.255,255.0,0.3544031757827304,0.3849421700813175,0.3958964133609857,0.28089716401932935,0.2749327658713282,0.31789053661762545,0.24395622546768272,0.23318727487698437,0.2433393893934655,0.05638576172961603,0.05527785581365777,0.04989262488201626,0.07383688199310418,0.08928081892167758,0.07103280247449488,0.06115578732753462,0.06047372693284754,0.05142881342487316,0.74414515,0.74393535,0.76557744,0.7867718,0.74817073,0.6072489,0.6125616,0.596949,2026-10-06T05:53:37.140522
95,0.7834374904632568,0.49833279848098755,0.3972987105369568,0.8125500679016113,0.3972987105369568,0.8335471395492554,0.9182269501686097,2.285235019874573,0.1254231848716736,2.1626606697082518,2.0,1.0,10.0,,,,,0.9165699964523315,0.9165699964523315,,,,16.118762966918947,0.41928645014573057,0.16785293853112088,,0.18176460028833644,0.5807481215448137,0.18220940023470836,0.0015014173847824857,0.054370889855418235,1.3353468447354189,,0.005693550111880158,,73.94850746689329,17.533372563161667,,104.9467959069902,73.89955207192973,23.35312214019192,94.51842197491105,45.387501734836846,16.118746010361203,,0.6931471824645996,,0.10925622578639134,0.2354378093769596,,0.18195175574083997,0.12136421637360457,0.3169126990874102,0.012375572257360835,0.778868057545583,0.2858692565161711,,,,0.25615,5123.0,0.9570369,0.9510269,0.94209594,0.80633885,0.64049846,0.744202,0.7229243,0.737943,0.505649983882904,0.6193265569210052,0.7196499705314636,0.6193265569210052,0.253,253.0,0.38592127866708403,0.391217119049839,0.39941546141653167,0.30396290668069537,0.2958370627432297,0.3096648978094855,0.28302089664431695,0.27197395116027046,0.27899649782028124,0.09011774455377458,0.06877433969505206,0.06963367958106265,0.1264847696172053,0.12105288792803966,0.11355379096700997,0.11031198660165786,0.1087151673128902,0.09547875386869463,0.6365,0.67136365,0.8697675,0.7601974,0.9101626,0.6507874,0.5342519,0.69659096,0.49164995551109314,0.46714428400993346,0.7810500264167786,0.46714428400993346,0.182,182.0,0.41349857601980555,0.43949173654823015,0.4409731393167919,0.30174125726673323,0.2985277471689008,0.3282660868658665,0.3197153433032003,0.3107554180460578,0.31627694342444207,0.053650393953118596,0.053502433577831444,0.04849652599724386,0.06617878575589835,0.07333104113054324,0.06284832963447187,0.06158172805976128,0.06075213662674887,0.0562748392579754,0.9346774,0.91801804,0.9010949,0.8091603,0.58536583,0.6903509,0.7134146,0.6959854,0.4986499696969986,0.5432354204654694,0.7503499984741211,0.5432354204654694,0.2175,217.5,0.3997099273434448,0.4153544277990346,0.4201943003666618,0.30285208197371427,0.29718240495606524,0.318965492337676,0.3013681199737586,0.2913646846031641,0.2976367206223617,0.07188406925344659,0.06113838663644175,0.05906510278915325,0.09633177768655182,0.09719196452929145,0.08820106030074093,0.08594685733070957,0.08473365196981954,0.07587679656333501,0.78558874,0.79469085,0.8854312,0.7846788,0.7477642,0.6705692,0.6238333,0.69628817,2026-10-06T05:57:51.144426
96,0.813119649887085,0.4968177378177643,0.3948141384601593,0.8147976398468018,0.3948141384601593,0.8336257552146912,0.9183143028259277,2.289392847442627,0.1137741762638092,2.2187543684005737,2.0,1.0,10.0,,,,,0.9326896984100341,0.9326896984100341,,,,16.09365521850586,0.4075165424187472,0.17925185430201757,,0.2016533377348997,0.5675704304579716,0.17713253916638672,0.0015260363049556021,0.054178748695049316,1.37365884310121,,0.006022078952207794,,73.91494410812476,17.512519593451433,,104.94627079082902,73.86531698627836,23.330242254172163,94.51958280915667,45.437517372665894,16.09363462363079,,0.6931471824645996,,0.10984784250806091,0.23674724872704525,,0.1826751573829894,0.12198784316231491,0.31899736831142644,0.012521619362768474,0.7824356297778475,0.28694360518151785,,,,0.26065,5213.0,0.95260626,0.95173174,0.9440966,0.812737,0.6396028,0.74739397,0.72989064,0.74209774,0.4906499981880188,0.6224682064056396,0.7127000093460083,0.6224682064056396,0.221,221.0,0.38174806063207783,0.3666632728988656,0.3857981263665346,0.30455425566657524,0.280935336927852,0.30473004407954735,0.25232198286748314,0.23540311820038287,0.23789839058321116,0.07704848674777252,0.0755469335028401,0.07055329263997821,0.1250910084658999,0.11908073440177983,0.11258624173503011,0.09198152133942047,0.08782204965230613,0.0825539201764997,0.639,0.64500004,0.8635659,0.7707237,0.9077236,0.65000004,0.515748,0.6787879,0.4956999719142914,0.47080445289611816,0.7755500078201294,0.47080445289611816,0.187,187.0,0.39946628241686966,0.4312757855098341,0.4243078192607606,0.30247380312138783,0.3018556035460387,0.3005324480408864,0.27876571951440565,0.2701569246240637,0.2686398547558084,0.06216430705713262,0.0659599633552335,0.059960722146169175,0.07468756053084319,0.08986420494257286,0.07638835618566202,0.0713267447806703,0.07081641597614306,0.06864104456523759,0.921371,0.92027026,0.90072995,0.8110687,0.57601625,0.6767544,0.71056914,0.6868613,0.4931749850511551,0.5466363296508789,0.7441250085830688,0.5466363296508789,0.20400000000000001,204.0,0.3906071715244738,0.3989695292043498,0.4050529728136476,0.30351402939398153,0.29139547023694534,0.30263124606021685,0.26554385119094437,0.2527800214122233,0.2532691226695098,0.06960639690245257,0.0707534484290368,0.06525700739307369,0.09988928449837155,0.10447246967217634,0.09448729896034606,0.08165413306004539,0.0793192328142246,0.07559748237086865,0.78018546,0.78263515,0.8821479,0.7908962,0.7418699,0.6633772,0.6131586,0.6828246,2026-10-06T06:02:04.385525
97,0.8125650882720947,0.5009174346923828,0.3943999438285828,0.814597487449646,0.3943999438285828,0.8354692193984985,0.9203625906944275,2.295753329086304,0.11974062899947166,2.2544597547531127,2.0,1.0,10.0,,,,,0.9291921509742737,0.9291921509742737,,,,16.069436871337892,0.4087419024650838,0.1949737884555083,,0.19434353937009338,0.5900814049183183,0.17374091339149292,0.0015306450729851559,0.053693619046573805,1.4149272403899271,,0.006284500530640636,,73.88116017724299,17.490792985175066,,104.94859391716635,73.83122418640525,23.30851867092643,94.51728432041824,45.49356511595902,16.069415450855423,,0.6931471824645996,,0.11045099045061002,0.23788179647011362,,0.18351426464357193,0.12264232574754459,0.3212095333892069,0.012657881150864492,0.7862446763712889,0.2883020265466848,,,,0.25985,5197.0,0.95657575,0.95036244,0.9428487,0.8124802,0.63393694,0.7528889,0.7302349,0.7394094,0.5083500146865845,0.6337930483818054,0.7096500992774963,0.6337930483818054,0.222,222.0,0.3604968304349814,0.3825034209141391,0.356729080613069,0.2770487726061892,0.2546942436466442,0.2461840764890962,0.2091090121313434,0.20451492291161014,0.18231588779492586,0.08010652505452522,0.08893825572563648,0.06166632172942903,0.11537237650746619,0.1405648136816037,0.0966165670490313,0.08215791341473984,0.08441723248224832,0.06710423070193151,0.638,0.6495455,0.8674419,0.75690794,0.8987805,0.6566929,0.4988189,0.68295455,0.5072999596595764,0.4561985092163086,0.7822000980377197,0.4561985092163086,0.18,180.0,0.4099727634255707,0.4329235791912424,0.42348301649628284,0.3142020611989681,0.29988802972789175,0.31001601210097335,0.2760102253803325,0.2635973394955364,0.25645331999841786,0.05127837419611541,0.05737689577192365,0.04554360254323933,0.06161709245227117,0.07635784127123524,0.05843671019687978,0.05659148933304601,0.05419133097606434,0.050211264436993,0.9342742,0.9328829,0.9010949,0.80610687,0.58170736,0.6969299,0.7077236,0.69854015,0.5078249871730804,0.544995778799057,0.745925098657608,0.544995778799057,0.201,201.0,0.38523479693027607,0.40771350005269075,0.3901060485546759,0.29562541690257865,0.277291136687268,0.27810004429503477,0.24255961875583792,0.23405613120357327,0.21938460389667186,0.06569244962532031,0.07315757574878007,0.05360496213633418,0.08849473447986868,0.10846132747641947,0.07752663862295553,0.06937470137389293,0.06930428172915633,0.05865774756946226,0.7861371,0.7912142,0.8842684,0.7815074,0.7402439,0.6768114,0.60327125,0.6907474,2026-10-06T06:06:18.446897
98,0.8144147992134094,0.49954521656036377,0.3948630120754242,0.8152325749397278,0.3948630120754242,0.8358578381538391,0.9207943914413452,2.3085253650665285,0.10698375989198684,2.285782383346558,2.0,1.0,10.0,,,,,0.9372647027015686,0.9372647027015686,,,,16.043920040893553,0.37296895678066144,0.16265617427267845,,0.17565470150891382,0.592877553526763,0.18629409251793935,0.0014875773373831088,0.05412871197198227,1.592164763789268,,0.005743043068433062,,73.84742226570275,17.469452135122506,,104.95051171369613,73.79695989523724,23.287797138189813,94.51508365315237,45.553779018912344,16.043899560430248,,0.6931471824645996,,0.11103052147634469,0.23905026855742095,,0.18422098040201101,0.12330363472555853,0.3235133364322079,0.012773323525336517,0.790124766765886,0.2895560909988015,,,,0.2611,5222.0,0.9575581,0.95785344,0.9392829,0.8078199,0.63557243,0.747495,0.73027545,0.748167,0.5052499175071716,0.6266380538940429,0.7089999318122864,0.6266380538940429,0.21,210.0,0.39043325364799814,0.43166563300336874,0.40182846351061885,0.28809766087644756,0.3142336587324546,0.27946690702716503,0.24079181575008562,0.23361367925026127,0.23128832498723997,0.07051272445450103,0.08143220972441068,0.06499959770826631,0.1114577015993991,0.13506689419584944,0.0993217897686319,0.09130536251941362,0.09238212121946787,0.08673406486213418,0.63600004,0.6518182,0.8655039,0.75164473,0.90081304,0.6543307,0.5074803,0.6776515,0.5046000480651855,0.4669245371818542,0.7770500779151917,0.4669245371818542,0.174,174.0,0.42576588566217594,0.44926544435150817,0.4402032825262239,0.3392002692092105,0.3337690698326094,0.33811329227373194,0.3255374153762664,0.3192404184068403,0.30870049580769227,0.05538428773688043,0.053665867138232376,0.048719493548059115,0.06865622779447002,0.07542479240720791,0.06466678826385318,0.06549840666837936,0.06535171491368616,0.05623328595703038,0.9125,0.91576576,0.8970803,0.809542,0.5821138,0.6921053,0.7093496,0.6974453,0.5049249827861786,0.5467812955379485,0.743025004863739,0.5467812955379485,0.192,192.0,0.40809956965508704,0.44046553867743843,0.42101587301842136,0.313648965042829,0.324001364282532,0.30879009965044846,0.283164615563176,0.2764270488285508,0.26999441039746613,0.06294850609569073,0.06754903843132153,0.056859545628162714,0.09005696469693455,0.10524584330152867,0.08199428901624253,0.07840188459389649,0.07886691806657702,0.07148367540958228,0.77425003,0.783792,0.8812921,0.7805934,0.7414634,0.673218,0.60841495,0.6875484,2026-10-06T06:10:32.416643
99,0.8076400756835938,0.4987323582172394,0.3953655224561691,0.8153349161148071,0.3953655224561691,0.8353473415374756,0.9202271711349488,2.3240175046920775,0.11683013554215431,2.352724977302551,2.0,1.0,10.0,,,,,0.9373917892456055,0.9373917892456055,,,,16.0189979095459,0.37024152371439206,0.18833647302357823,,0.19149636518755916,0.6194754354893022,0.18170145054341882,0.0015369684373882783,0.05516120947446603,1.5236567772307974,,0.006008944085337204,,73.8134815191767,17.44983195651109,,104.95103566358044,73.76314549537221,23.264583709133657,94.50985183229872,45.62359619140625,16.01897144925063,,0.6931471824645996,,0.11163929180734476,0.2403279189850874,,0.18496620066606315,0.12394278994791068,0.32549365367859034,0.012884597299964565,0.7943771792824861,0.29080024266698556,,,,0.2574,5148.0,0.95206493,0.9537454,0.9396791,0.81095976,0.6390966,0.75177777,0.73171324,0.7456416,0.4953500032424927,0.6137594203948975,0.7177000641822815,0.6137594203948975,0.241,241.0,0.3504381266656614,0.3924174848364152,0.36891825582551296,0.28439194701904996,0.33110125383533373,0.2929779728648637,0.22771327762626425,0.22430552977675974,0.207885506764828,0.06166814462821227,0.06590713372195921,0.06176397769880616,0.09939423012059166,0.11953050635220659,0.10764952128613771,0.08937916541972617,0.09434255661333535,0.09849971666559187,0.6355,0.6736364,0.86317825,0.7582237,0.90609753,0.6535433,0.5342519,0.6905303,0.5046999454498291,0.46375455856323244,0.7802500128746033,0.46375455856323244,0.185,185.0,0.3886365103330694,0.42585092202568026,0.4106872915478236,0.29448450376211116,0.3183701951332215,0.30170158152903326,0.24877580478769862,0.2395726497901278,0.23531581542983293,0.050777789293790385,0.05941228094908849,0.05179977248710028,0.05668367423392209,0.08048568703617119,0.06461014459087781,0.0628059466044698,0.06432920426617174,0.06433717146017759,0.9354839,0.93108106,0.9010949,0.81068707,0.58252037,0.69166666,0.71178865,0.680292,0.5000249743461609,0.5387569894790649,0.7489750385284424,0.5387569894790649,0.213,213.0,0.3695373184993654,0.4091342034310477,0.38980277368666827,0.28943822539058056,0.3247357244842776,0.2973397771969485,0.23824454120698144,0.23193908978344377,0.22160066109733045,0.056222966961001326,0.06265970733552385,0.056781875092953224,0.07803895217725687,0.10000809669418889,0.08612983293850776,0.07609255601209798,0.07933588043975354,0.08141844406288473,0.78549194,0.80235875,0.8821366,0.7844554,0.74430895,0.672605,0.6230203,0.68541116,2026-10-06T06:14:46.197348
