epoch,train_eval_mode_acc,train_shuffled_message_acc,train_loss,train_acc,train_combined_loss,train_realised_survival,train_unmixed_survival,train_logit_margin,train_logit_prior_share,train_logit_spread,train_logit_scale,train_sampling_tau,train_pool_effective_examples,train_pool_score_norm,train_pool_score_sd,train_prototyper_mix_share,train_prototyper_within_share,train_referent_spread,train_referent_spread_backbone,train_polarity_separation,train_score_scale,train_score_bias,train_bilinear_weight_norm,train_clip_sender_vision,train_clip_sender_adapter,train_clip_sender_prototyper,train_clip_sender_language_model,train_clip_receiver_vision,train_clip_receiver_adapter,train_clip_receiver_token_embedding,train_clip_receiver_language_model,train_clip_receiver_discriminator,train_clip_log_score_scale,train_clip_log_logit_scale,train_clip_other,train_weight_sender_vision,train_weight_sender_adapter,train_weight_sender_prototyper,train_weight_sender_language_model,train_weight_receiver_vision,train_weight_receiver_adapter,train_weight_receiver_token_embedding,train_weight_receiver_language_model,train_weight_receiver_discriminator,train_weight_log_score_scale,train_weight_log_logit_scale,train_weight_other,train_drift_sender_vision,train_drift_sender_adapter,train_drift_sender_prototyper,train_drift_sender_language_model,train_drift_receiver_vision,train_drift_receiver_adapter,train_drift_receiver_token_embedding,train_drift_receiver_language_model,train_drift_receiver_discriminator,train_drift_log_score_scale,train_drift_log_logit_scale,train_drift_other,train_unique_message_fraction,train_unique_message_count,train_acc_md_and_color_color,train_acc_md_or_color_color,train_acc_md_color,train_acc_md_shape,train_acc_md_and_shape_shape,train_acc_md_and_color_shape,train_acc_md_or_shape_shape,train_acc_md_or_color_shape,test_shuffled_message_acc,test_loss,test_acc,test_combined_loss,test_unique_message_fraction,test_unique_message_count,test_topsim_s1,test_topsim_s2,test_topsim_s3,test_topsim_s4,test_topsim_s5,test_topsim_s6,test_topsim_s1_static,test_topsim_s2_static,test_topsim_s3_static,test_topsim_gt_s1,test_topsim_gt_s2,test_topsim_gt_s3,test_topsim_gt_s4,test_topsim_gt_s5,test_topsim_gt_s6,test_topsim_gt_s1_static,test_topsim_gt_s2_static,test_topsim_gt_s3_static,test_acc_md_and_color_color,test_acc_md_or_color_color,test_acc_md_color,test_acc_md_shape,test_acc_md_and_shape_shape,test_acc_md_and_color_shape,test_acc_md_or_shape_shape,test_acc_md_or_color_shape,test_same_shuffled_message_acc,test_same_loss,test_same_acc,test_same_combined_loss,test_same_unique_message_fraction,test_same_unique_message_count,test_same_topsim_s1,test_same_topsim_s2,test_same_topsim_s3,test_same_topsim_s4,test_same_topsim_s5,test_same_topsim_s6,test_same_topsim_s1_static,test_same_topsim_s2_static,test_same_topsim_s3_static,test_same_topsim_gt_s1,test_same_topsim_gt_s2,test_same_topsim_gt_s3,test_same_topsim_gt_s4,test_same_topsim_gt_s5,test_same_topsim_gt_s6,test_same_topsim_gt_s1_static,test_same_topsim_gt_s2_static,test_same_topsim_gt_s3_static,test_same_acc_md_and_color_color,test_same_acc_md_or_color_color,test_same_acc_md_color,test_same_acc_md_shape,test_same_acc_md_and_shape_shape,test_same_acc_md_and_color_shape,test_same_acc_md_or_shape_shape,test_same_acc_md_or_color_shape,test_avg_shuffled_message_acc,test_avg_loss,test_avg_acc,test_avg_combined_loss,test_avg_unique_message_fraction,test_avg_unique_message_count,test_avg_topsim_s1,test_avg_topsim_s2,test_avg_topsim_s3,test_avg_topsim_s4,test_avg_topsim_s5,test_avg_topsim_s6,test_avg_topsim_s1_static,test_avg_topsim_s2_static,test_avg_topsim_s3_static,test_avg_topsim_gt_s1,test_avg_topsim_gt_s2,test_avg_topsim_gt_s3,test_avg_topsim_gt_s4,test_avg_topsim_gt_s5,test_avg_topsim_gt_s6,test_avg_topsim_gt_s1_static,test_avg_topsim_gt_s2_static,test_avg_topsim_gt_s3_static,test_avg_acc_md_and_color_color,test_avg_acc_md_or_color_color,test_avg_acc_md_color,test_avg_acc_md_shape,test_avg_acc_md_and_shape_shape,test_avg_acc_md_and_color_shape,test_avg_acc_md_or_shape_shape,test_avg_acc_md_or_color_shape,timestamp
0,0.5340525507926941,0.502839982509613,0.9792346394538879,0.5324649214744568,0.9792346394538879,0.5148380482196808,0.564105750465393,1.8527596796512604,0.8114006532669067,1.0189904251813888,1.0152215003967284,1.0,10.0,,,,,0.2928528080224991,0.2928528080224991,,,,18.44962713623047,0.05334010500546877,0.019515904962014004,,0.1080125727198401,0.35240256539575615,0.5737340720785651,0.007684462298164559,0.4071485541381274,0.8437879856225032,,0.011272933663708413,,77.30964689801453,19.55589443862818,,103.8930412827024,77.22974065306839,26.138164034314975,95.21634256156386,39.07247521467269,18.449601908398282,,0.01511048783057304,,0.009969506090563265,0.020317234365109377,,0.012589861972518502,0.004839301577570498,0.022419365306806032,0.0005613961848385846,0.03748216168883785,0.028021475350614757,,,,0.52905,10581.0,0.5254411,0.5406766,0.5877774,0.5274092,0.514817,0.5277576,0.505164,0.5303055,0.49889999628067017,0.8602305898666381,0.5985999703407288,0.8602305898666381,0.014,14.0,0.525403075618192,0.524774990790837,0.5249081696301093,0.4361367813494167,0.41986414960884766,0.4361367813494167,0.4361367813494167,0.4361367813494167,0.4361367813494167,-0.0056096688559602904,-0.00559030725668438,-0.0055855529035768545,-0.00890351827910223,-0.013461078681217514,-0.00890351827910223,-0.00890351827910223,-0.00890351827910223,-0.00890351827910223,0.67450005,0.7031818,0.6848837,0.51348686,0.5357724,0.5893701,0.54133856,0.59015155,0.49764999747276306,0.8838652000427246,0.5854000449180603,0.8838652000427246,0.013,13.0,0.41850961489106964,0.42387682869069127,0.41930545740357683,0.340801067105988,0.34906398230134666,0.3413112706701165,0.34079527562975503,0.34173961016336196,0.3412894773427525,6.523016724155575e-05,0.0004923264061764507,0.0004883062416013199,-0.003322287127513479,-0.006573418349520579,-0.0031265250536888617,-0.0033055526162514264,-0.0028133606364868276,-0.0031544241318433907,0.61129034,0.58513516,0.7364964,0.5335878,0.5243902,0.5732456,0.54308945,0.5635037,0.4982749968767166,0.8720478949546814,0.5920000076293945,0.8720478949546814,0.0135,13.5,0.4719563452546308,0.47432590974076416,0.4721068135168431,0.38846892422770235,0.3844640659550972,0.38872402600976663,0.3884660284895859,0.3889381957563893,0.3887131293460846,-0.0027722193443593672,-0.0025489904252539645,-0.0025486233309877674,-0.006112902703307855,-0.010017248515369047,-0.006015021666395546,-0.006104535447676828,-0.005858439457794529,-0.00602897120547281,0.6428952,0.6441585,0.71069,0.52353734,0.5300813,0.5813078,0.54221404,0.57682765,2026-10-04T14:09:27.174791
1,0.6046528816223145,0.4991672933101654,0.8440221719741822,0.6047723889350891,0.8440221719741822,0.6867428972244263,0.7551111330032348,2.6244885402679445,0.5107348692417145,1.2205406747817993,1.120705659866333,1.0,10.0,,,,,0.4532694076538086,0.4532694076538086,,,,18.414979293823244,0.17067837845652725,0.04500042982280824,,0.13943096900441845,0.5124552937070276,0.6427649725584468,0.0031945504022726588,0.1580791204076284,1.779064250220159,,0.009585745295266485,,77.27611527169586,19.541212482816853,,103.89976885364314,77.19307980871504,26.11748101301254,95.21438632649222,39.12059373308899,18.41495161603211,,0.11349790061640132,,0.021964123614939154,0.04188094247773195,,0.024549334707438565,0.011658869333755059,0.03887370240631377,0.0006801881063670204,0.08209113525167393,0.041278802736359796,,,,0.3175,6350.0,0.6689856,0.653383,0.78716326,0.50685227,0.50806075,0.6127071,0.5041717,0.5981874,0.5042000412940979,0.8416178278923034,0.6056000590324402,0.8416178278923034,0.024,24.0,0.4169934447197018,0.4130284033701376,0.41644942106118155,0.39297710671294744,0.3858393648249184,0.3932505890459971,0.39044040049557943,0.38962970953611104,0.3900265027281058,0.018683539179806474,0.020931836754892706,0.019567839670504728,0.013285613849521375,0.009575766889512267,0.014907614249539413,0.013754853717851871,0.01400560900980326,0.015134530632885551,0.69699997,0.74636364,0.7031008,0.5092105,0.51585364,0.6188976,0.4980315,0.6090909,0.508650004863739,0.824312313079834,0.6125499606132507,0.824312313079834,0.022,22.0,0.4312685730627452,0.43134887782359976,0.43394383864672104,0.3799495827002384,0.3731982412384286,0.3764708819003605,0.3824114239687919,0.38569298989574535,0.37972232523667654,0.00018380332670916313,-0.0015258674530896188,-0.0014073110226420927,-0.0014156533252523992,-0.003668369312789355,-0.0038270797775406726,-0.0018600802943153358,-0.003413704665138565,-0.004134300654535744,0.6931452,0.6599099,0.79890513,0.49503815,0.5142276,0.61710525,0.50731707,0.6062044,0.5064250230789185,0.8329650704860687,0.6090750098228455,0.8329650704860687,0.023,23.0,0.42413100889122346,0.42218864059686867,0.4251966298539513,0.38646334470659294,0.3795188030316735,0.3848607354731788,0.3864259122321857,0.3876613497159282,0.3848744139823912,0.009433671253257819,0.009702984650901544,0.009080264323931317,0.005934980262134488,0.0029536987883614562,0.00554026723599937,0.005947386711768267,0.005295952172332348,0.005500114989174904,0.6950726,0.7031368,0.75100297,0.5021243,0.51504064,0.61800146,0.5026743,0.60764766,2026-10-04T14:13:35.600953
2,0.6192173957824707,0.49866756796836853,0.8024924341201782,0.6198321580886841,0.8024924341201782,0.6927743609428406,0.7618127605438233,2.4993910846710206,0.310226221203804,1.497490058708191,1.2470251745224,1.0,10.0,,,,,0.5164342983722687,0.5164342983722687,,,,18.381849209594726,0.1521869324990044,0.05222272788987133,,0.14576423061406538,0.5891191949889918,0.7099004250233341,0.002384921881573417,0.11190091861281426,2.541330955590412,,0.006714940182423474,,77.2423578736129,19.519290122256916,,103.90544677539995,77.15651532798816,26.09530772069457,95.21348255910691,39.141059073672935,18.381828040833685,,0.22039766362897908,,0.026622316900901735,0.05587769489569269,,0.03159168308043176,0.01703466044347377,0.05187032587683884,0.0007940168825429004,0.10398196965266185,0.048257527932239946,,,,0.33875,6775.0,0.71555734,0.6944825,0.8073098,0.4964455,0.50332946,0.6287677,0.4990482,0.6159267,0.5023999810218811,0.8211302523612976,0.6093000173568726,0.8211302523612976,0.017,17.0,0.47557094539128836,0.4768923685856268,0.477288816908767,0.4014398974226292,0.41714953854380626,0.41399740803044693,0.4491269064625791,0.45156960288942044,0.4496893769860429,0.023019967606262435,0.02279335373458925,0.02286415338497908,0.018033225186650778,0.017864518128515805,0.018629358381429862,0.02307603970070611,0.02329332005819869,0.022729149951577782,0.693,0.7468182,0.7073643,0.51743424,0.5231707,0.61614174,0.50078744,0.6193182,0.5056501030921936,0.8053926863670349,0.6128999590873718,0.8053926863670349,0.017,17.0,0.46754926967474447,0.47482873629818184,0.4738660667954477,0.40280088587022755,0.4068921042657533,0.4032757198939684,0.43663290018674944,0.43953896836315665,0.436826693525401,0.011819529160781581,0.008077296629829443,0.01191132274065589,0.00942087412787726,0.008604782386705903,0.011857548353390493,0.013027234845541703,0.011169363921070543,0.01189210035562254,0.6911291,0.67252254,0.79890513,0.49580157,0.5081301,0.6127193,0.50487804,0.6109489,0.5040250420570374,0.8132614693641662,0.6110999882221222,0.8132614693641662,0.017,17.0,0.4715601075330164,0.4758605524419043,0.4755774418521074,0.4021203916464284,0.4120208214047798,0.40863656396220766,0.44287990332466426,0.4455542856262885,0.44325803525572194,0.017419748383522008,0.015435325182209346,0.017387738062817487,0.013727049657264019,0.013234650257610853,0.015243453367410177,0.018051637273123908,0.017231341989634618,0.01731062515360016,0.6920645,0.70967036,0.7531347,0.5066179,0.5156504,0.61443055,0.5028328,0.6151335,2026-10-04T14:17:44.413318
3,0.6215824484825134,0.5049275755882263,0.7931167823791504,0.6217474937438965,0.7931167823791504,0.6890678358078003,0.7576944002151489,2.130557771682739,0.2495831596851349,1.7390621774673463,1.366458334159851,1.0,10.0,,,,,0.5495180793762207,0.5495180793762207,,,,18.35205893859863,0.08657583342212591,0.043749081338666805,,0.11210531728330311,0.5728608291050431,0.6605641747925691,0.0017968693508612359,0.0786181560177712,2.801939649756547,,0.004865319654567962,,77.20607354230941,19.49890533981809,,103.90950182289075,77.11905990892156,26.06808725587881,95.21293027841361,39.15279981285144,18.352036190640394,,0.311999684116643,,0.02870482310747645,0.06827584644601603,,0.03718404407808735,0.02026475656326789,0.060958882307360886,0.0009005417877505682,0.12028663249532129,0.05361828374065411,,,,0.32205,6441.0,0.72578186,0.6946637,0.8068146,0.49887443,0.500331,0.6349091,0.49641556,0.618554,0.5029999017715454,0.810931749343872,0.6070998907089233,0.810931749343872,0.022,22.0,0.5198952756615105,0.5277676540469698,0.5244760194405215,0.48638283135825183,0.42574938881330626,0.4633668945755574,0.5077353683336919,0.5105150923237876,0.5094076635860126,0.0451849527105909,0.04825485259723113,0.04907966624080457,0.04938270904946977,0.05901762087825664,0.05102704554267515,0.044278165538664586,0.043398039833635806,0.045984456222883094,0.69200003,0.7468182,0.6996124,0.51611847,0.5231707,0.61614174,0.49527562,0.61780304,0.49880000948905945,0.7960977625846862,0.6122999787330627,0.7960977625846862,0.023,23.0,0.48402383361224216,0.49224609418413595,0.498791011029711,0.4400878935390118,0.386981146905699,0.4241531783762062,0.4621510360719966,0.4606884470045505,0.4672015466025224,0.010128887871106135,0.009263436868565964,0.01114139129759313,0.003943039360946515,0.0077596565303269,0.007396945326359899,0.006258457958932249,0.007819369200320435,0.006541691056546242,0.6875,0.69009006,0.79890513,0.49083972,0.50487804,0.60833335,0.50853664,0.6036497,0.5008999556303024,0.8035147559642791,0.609699934720993,0.8035147559642791,0.0225,22.5,0.5019595546368764,0.5100068741155529,0.5116335152351162,0.46323536244863184,0.40636526785950267,0.4437600364758818,0.48494320220284426,0.485601769664169,0.48830460509426754,0.027656920290848517,0.028759144732898548,0.03011052876919885,0.026662874205208145,0.03338863870429177,0.029211995434517524,0.025268311748798417,0.02560870451697812,0.026263073639714668,0.68975,0.7184541,0.74925876,0.5034791,0.5140244,0.6122376,0.50190616,0.61072636,2026-10-04T14:21:53.538685
4,0.6225575804710388,0.5013375282287598,0.7817883975028992,0.622622549533844,0.7817883975028992,0.7228907050132751,0.7952753624916077,2.1533524196624754,0.2360783096075058,1.8139995904922486,1.4598784601211547,1.0,10.0,,,,,0.5348061635017395,0.5348061635017395,,,,18.3232440826416,0.09834845281639107,0.046252576515648014,,0.10713023025613681,0.6138088230494481,0.5790711505587693,0.0014449715084888658,0.06016600979076829,2.7607086295155203,,0.004250260990166408,,77.16757780427386,19.478303581286387,,103.91076893411625,77.0811889065299,26.03688429571261,95.21126206513424,39.14503841035685,18.323224134505935,,0.37823571615917667,,0.029215260889309987,0.07780702174848812,,0.04096679519980576,0.022920510844345307,0.06682554793775461,0.0009798710961132103,0.13103111961464972,0.05714948382821812,,,,0.26985,5397.0,0.734984,0.68977046,0.8122425,0.4984597,0.4981698,0.63715154,0.4968003,0.6157434,0.5006999373435974,0.8040827283859253,0.6072999238967896,0.8040827283859253,0.028,28.0,0.49595469790071517,0.49520380130899266,0.5033808569608597,0.4719325277090515,0.42303670815951777,0.46639219692021844,0.4994187424772994,0.4996085609904529,0.502486961245276,0.09277953762121703,0.0919688241263076,0.09327732424906834,0.09210080923251661,0.09982147949086319,0.08894453562394193,0.09701116574676535,0.09351127372713888,0.09630204911049328,0.688,0.7468182,0.70193803,0.51085526,0.51910573,0.61929137,0.5031496,0.6193182,0.4981999397277832,0.7884687628746033,0.613800048828125,0.7884687628746033,0.027,27.0,0.4648297298240814,0.46933395106352455,0.4768842935395946,0.42407964220064476,0.4033986838384246,0.41369019890620523,0.45288587312536643,0.45686523658471934,0.45534794928468997,0.01581050128647108,0.014016268483311936,0.017944132748884747,0.012008709362461078,0.013729939610944198,0.016849353438101167,0.0180081080896257,0.016631228768741537,0.018397632915092436,0.6923387,0.6873874,0.79890513,0.49847332,0.502439,0.61359656,0.50772357,0.6036497,0.4994499385356903,0.7962757456302643,0.6105499863624573,0.7962757456302643,0.0275,27.5,0.4803922138623983,0.4822688761862586,0.49013257525022713,0.4480060849548481,0.4132176959989712,0.44004119791321183,0.4761523078013329,0.47823689878758613,0.47891745526498297,0.05429501945384406,0.05299254630480976,0.055610728498976546,0.052054759297488845,0.05677570955090369,0.05289694453102155,0.05750963691819553,0.05507125124794021,0.05734984101279286,0.69016933,0.71710277,0.7504216,0.5046643,0.51077235,0.616444,0.5054366,0.61148393,2026-10-04T14:26:01.727902
5,0.6226275563240051,0.5008625984191895,0.7784588433265686,0.6226796507835388,0.7784588433265686,0.748077880859375,0.8232611105918884,2.136142304611206,0.19564950693845748,2.1286793546676637,1.549480774307251,1.0,10.0,,,,,0.5851427094459534,0.5851427094459534,,,,18.294741293334962,0.11517864941978222,0.04046781468620393,,0.09255622455162132,0.6673061790739655,0.6202138234285792,0.0012281218382001967,0.051564133868428175,2.9889441958278606,,0.002957272719926272,,77.13029266163042,19.457235882995995,,103.91168344096774,77.04333326011707,26.003549843077447,95.21075930261308,39.12286656373625,18.294720473562837,,0.4378445015591421,,0.03087207450750907,0.08489393504561892,,0.044716635754533635,0.0250559730016312,0.07244965718809966,0.0010955870065505907,0.1382673080939396,0.06093786962947268,,,,0.237,4740.0,0.7388934,0.68290377,0.8116482,0.4984202,0.5007983,0.6281414,0.49590927,0.62706727,0.4932999312877655,0.8094325361251831,0.6052000522613525,0.8094325361251831,0.02,20.0,0.4559416137290175,0.4594943527212747,0.46357699537014185,0.44124399000612363,0.4402853621997901,0.4408300214230532,0.4726106565974478,0.47777649359609026,0.47681582065177175,0.0384475480418964,0.040303638701294456,0.04328811710565385,0.03826318301440759,0.04904029740963372,0.04052691990850028,0.04046452825790936,0.045891885896244045,0.04711649646975767,0.693,0.7468182,0.70348835,0.5095395,0.5150407,0.614567,0.4968504,0.61401516,0.495699942111969,0.7926048922538758,0.6118999719619751,0.7926048922538758,0.02,20.0,0.4294604096429121,0.43656159187059246,0.4460435936032024,0.37635830254989205,0.37185876209886737,0.3773973458682956,0.4287450307217356,0.4336526090698569,0.43298105990084107,0.006365200003201179,0.006372687624390138,0.005578903641586529,0.0038679440626739575,0.006073774037566862,0.0008406653950331231,0.013632716997554068,0.01349294759105132,0.009626822891702871,0.6923387,0.6594595,0.79890513,0.49541986,0.51463413,0.61622804,0.50772357,0.6021898,0.49449993669986725,0.8010187141895294,0.6085500121116638,0.8010187141895294,0.02,20.0,0.44270101168596476,0.4480279722959336,0.4548102944866721,0.40880114627800784,0.4060720621493287,0.4091136836456744,0.4506778436595917,0.45571455133297356,0.45489844027630644,0.02240637402254879,0.023338163162842297,0.02443351037362019,0.021065563538540773,0.02755703572360029,0.0206837926517667,0.027048622627731715,0.029692416743647684,0.02837165968073027,0.6926694,0.7031388,0.75119674,0.5024797,0.5148374,0.6153975,0.502287,0.60810244,2026-10-04T14:30:10.796876
6,0.6246848702430725,0.4968852400779724,0.7713827275276184,0.6247451305389404,0.7713827275276184,0.7817637272834778,0.8606898273468018,2.188307842063904,0.23429094989299773,2.2956141191482544,1.6351169706344604,1.0,10.0,,,,,0.5957869765758514,0.5957869765758514,,,,18.265368228149413,0.10261628381124917,0.0449799234106852,,0.09664894228765539,0.6832588678522474,0.666151621539122,0.0010463138957912768,0.04614633856234467,3.2989090183737932,,0.002586135266074921,,77.093917360731,19.434835276026636,,103.91158129455178,77.00506363400987,25.969079789082716,95.21119617049102,39.093724463396015,18.26534657569448,,0.49163937075122904,,0.03231372563227727,0.09118661189534862,,0.04789911720688176,0.026877496569494532,0.07745056964789226,0.0011688564395365916,0.14388336677839803,0.06347473032155614,,,,0.18705,3741.0,0.7328789,0.6979058,0.8123416,0.5012836,0.49384737,0.63416165,0.50020254,0.6280448,0.49890005588531494,0.7989253988265991,0.6065000295639038,0.7989253988265991,0.023,23.0,0.43135153457694936,0.4428045849328221,0.4435175370814638,0.3363956767704642,0.38203168873673904,0.3653666574999863,0.43037701884161644,0.43735821596028895,0.4350287073139349,-0.0030325010124326907,-0.0020566147436871306,-0.006052450891900521,-0.011747945041633364,-0.013315466774000232,-0.013690847563261813,0.0035444203972474064,0.003152480438777111,0.000708724837485225,0.67800003,0.7468182,0.70348835,0.51480263,0.5280488,0.62401575,0.5015748,0.6034091,0.49709993600845337,0.7859292159080505,0.6119000911712646,0.7859292159080505,0.023,23.0,0.45364416709166927,0.45567090226132234,0.46539978409094374,0.41783811396621445,0.4168153727424078,0.40427727432408694,0.4621081260709476,0.4668319223812156,0.46356473237650353,0.01086384225091081,0.011814731921240454,0.010093849000288398,0.010706172450748312,0.013254867853249488,0.007145316028090126,0.01470740640619862,0.018235593917830483,0.012516013149752038,0.69153225,0.67927927,0.79890513,0.50229007,0.5089431,0.6179825,0.50528455,0.5861314,0.49799999594688416,0.7924273073673248,0.6092000603675842,0.7924273073673248,0.023,23.0,0.4424978508343093,0.44923774359707225,0.45445866058620377,0.37711689536833937,0.39942353073957343,0.38482196591203666,0.446242572456282,0.45209506917075226,0.44929671984521924,0.00391567061923906,0.0048790585887766615,0.0020206990541939383,-0.0005208862954425263,-3.029946037537163e-05,-0.0032727657675858434,0.009125913401723012,0.010694037178303797,0.006612368993618631,0.6847662,0.7130487,0.75119674,0.50854635,0.5184959,0.6209991,0.50342965,0.59477025,2026-10-04T14:34:19.754823
7,0.6245250105857849,0.49991270899772644,0.7697283686637878,0.6245276927947998,0.7697283686637878,0.7739750205993652,0.8520357110023499,2.061816343307495,0.2126399878501892,2.3656516242980956,1.7017313220977783,1.0,10.0,,,,,0.592062983417511,0.592062983417511,,,,18.236636740112306,0.11997102443899983,0.04361901657098228,,0.08569545450080542,0.5976857014807166,0.5929824370582393,0.0009870718853921886,0.04179316984525152,3.0848216403062176,,0.002125741100838003,,77.0570450800999,19.410738003481725,,103.91063500665555,76.96642240293467,25.934123227550725,95.21059267080514,39.07345738988014,18.236614688946183,,0.5316039141576001,,0.0334957278553088,0.0956784838893611,,0.05070121107017918,0.02826919074460959,0.0819449488334595,0.0011713887241544428,0.15061720133207407,0.06568673343225649,,,,0.1811,3622.0,0.740417,0.6859646,0.80966717,0.5006912,0.49694315,0.636,0.50350344,0.6256416,0.49629998207092285,0.8101239871978759,0.6037000417709351,0.8101239871978759,0.028,28.0,0.44683067702382584,0.4412181108449954,0.45278746585674245,0.44392756367123726,0.4195604664685731,0.43387638770298353,0.49329875327309797,0.48552746575735567,0.4853647571580681,0.024145458379250483,0.02443641710854251,0.027126770209919077,0.04288079618326772,0.05065783457678185,0.04289704225909358,0.040497377394480595,0.041384479635736306,0.04314156405833598,0.703,0.7468182,0.70348835,0.50427634,0.5134146,0.6019685,0.5,0.61174244,0.4976000189781189,0.7981152753829956,0.609499990940094,0.7981152753829956,0.031,31.0,0.41368921622730714,0.4144376024044251,0.42407472387845146,0.3815014674120519,0.36928054478723144,0.3685984769324029,0.4095773258524048,0.40916317560022675,0.39701171212511144,0.0191737030116487,0.018389515921084076,0.020424395836151875,0.0234605024112624,0.022588871600068658,0.022516862635090614,0.03296429235506923,0.03219065299608436,0.03130941729526783,0.6979839,0.64954954,0.79890513,0.50458014,0.5097561,0.58728075,0.5093496,0.60583943,0.4969500005245209,0.8041196312904357,0.6066000163555145,0.8041196312904357,0.0295,29.5,0.4302599466255665,0.42782785662471023,0.43843109486759696,0.41271451554164457,0.39442050562790226,0.4012374323176932,0.4514380395627514,0.4473453206787912,0.44118823464158974,0.02165958069544959,0.021412966514813295,0.023775583023035476,0.033170649297265056,0.03662335308842525,0.0327069524470921,0.03673083487477491,0.03678756631591033,0.037225490676801906,0.70049196,0.6981839,0.75119674,0.50442827,0.51158535,0.59462464,0.5046748,0.60879093,2026-10-04T14:38:28.539904
8,0.6254000663757324,0.4997003376483917,0.7663911301612853,0.6254326701164246,0.7663911301612853,0.7801211378097535,0.8588647269248962,2.1716189405441284,0.17538826131820678,2.611557558441162,1.751457946395874,1.0,10.0,,,,,0.6257890414237977,0.6257890414237977,,,,18.207295623779295,0.055517047705947405,0.0388489051790208,,0.0833909955279083,0.5454072769090628,0.5292542418287058,0.0008984410077382389,0.037908193174820796,3.1125263009861017,,0.002093918184078911,,77.01986320155441,19.390028449380473,,103.91004938988169,76.92800247289573,25.900432562372487,95.20989766697974,39.04051213355581,18.20727388418404,,0.5604304170152944,,0.03481814092037025,0.10120946814300148,,0.053178595011211506,0.029291615246018025,0.08578790819189351,0.0012727417778461033,0.15530969828936705,0.0672414764572101,,,,0.1855,3710.0,0.7372093,0.6882602,0.81240094,0.49739337,0.50510126,0.6384041,0.5006278,0.6264766,0.5047999620437622,0.8005140719413757,0.6061000823974609,0.8005140719413757,0.029,29.0,0.45103795747860403,0.44850140800837673,0.45702428228851527,0.4410315862947041,0.4812815510696615,0.47551487821855526,0.4546646607357291,0.45468802280588394,0.44934714895014183,0.042996206391456855,0.037945937029082416,0.04368429334793597,0.04502603764002645,0.041414074170704356,0.03973097946569405,0.04132296344341181,0.0377436832662805,0.03932680747384236,0.70199996,0.7468182,0.70348835,0.50690794,0.5134146,0.61929137,0.5031496,0.60795456,0.5102999806404114,0.7888025550842285,0.6114000082015991,0.7888025550842285,0.027,27.0,0.42233018296312386,0.4225127673991374,0.43855757835115083,0.3937245394198969,0.3839489722150795,0.37206962541887145,0.4291201352871879,0.4336803799682662,0.4269343616038552,0.015906979335317623,0.01434299774478461,0.011332869980666196,0.024714326989823572,0.017431124496474836,0.007630254774645923,0.013618795085747266,0.011730012124801218,0.0036805598359938825,0.6923387,0.6648649,0.79890513,0.49770996,0.5121951,0.61710525,0.5028455,0.5978102,0.5075499713420868,0.794658313512802,0.60875004529953,0.794658313512802,0.028,28.0,0.436684070220864,0.43550708770375707,0.4477909303198331,0.4173780628573005,0.4326152616423705,0.4237922518187134,0.4418923980114585,0.44418420138707504,0.4381407552769985,0.02945159286338724,0.026144467386933514,0.027508581664301084,0.034870182314925016,0.029422599333589594,0.023680617120169986,0.02747087926457954,0.024736847695540857,0.021503683654918122,0.6971693,0.70584154,0.75119674,0.50230896,0.51280487,0.6181983,0.5029976,0.6028824,2026-10-04T14:42:37.594890
9,0.624977707862854,0.5026974081993103,0.7671513275146484,0.6250001192092896,0.7671513275146484,0.7873214318275452,0.8668650564193725,2.214542105102539,0.17286094472408295,2.596352763557434,1.797647239112854,1.0,10.0,,,,,0.6122851212501526,0.6122851212501526,,,,18.178988150024413,0.05318078111002969,0.028388751694446157,,0.06051008058652566,0.534038087554798,0.5211727758691569,0.0008317479625741719,0.0349030741282804,3.0757215634273116,,0.0020423963001208485,,76.98076099954594,19.359984501152283,,103.90457449749017,76.88960533385064,25.867263611714552,95.20948363869053,39.009164020514035,18.178964153216903,,0.5864328924258044,,0.035025021025709285,0.10136729939158555,,0.05466326209864798,0.030159607055080924,0.08952456053085388,0.00132608096186475,0.15993203232242803,0.0695946402135928,,,,0.1752,3504.0,0.74182034,0.6914821,0.815214,0.5029226,0.49857864,0.63814145,0.49293238,0.62124234,0.49709993600845337,0.795472083568573,0.6092000603675842,0.795472083568573,0.029,29.0,0.4848848878653063,0.48891077646142816,0.48958471043239316,0.5152267917467207,0.4968452913240195,0.4625297713524207,0.4732085865580974,0.4691007610881895,0.45729181716289874,0.03517718479173092,0.034662689980561476,0.035909876049450055,0.03947521750283071,0.05043036020875939,0.031094232952356048,0.03254391099649117,0.03656447685041702,0.028885382705909762,0.693,0.7468182,0.7073643,0.5167763,0.5239838,0.61614174,0.5,0.6193182,0.5036999583244324,0.7842938590049744,0.6137000322341919,0.7842938590049744,0.029,29.0,0.454397972736981,0.4500930574266486,0.46817052357428574,0.45917274764868976,0.4416527566838024,0.43584799637571825,0.439619923738961,0.43491587017948347,0.43631308002919883,0.008939636347839904,0.010012457846621707,0.012740422830179152,0.019134027631896516,0.018412866002956524,0.016318894690384098,0.013894361023800648,0.015711606864231696,0.012780741184033445,0.6923387,0.68108106,0.79890513,0.49847332,0.5081301,0.6144737,0.50528455,0.6043796,0.5003999471664429,0.7898829712867736,0.6114500463008881,0.7898829712867736,0.029,29.0,0.4696414303011437,0.4695019169440384,0.4788776170033394,0.48719976969770523,0.46924902400391094,0.44918888386406947,0.4564142551485292,0.4520083156338365,0.4468024485960488,0.02205841056978541,0.02233757391359159,0.024325149439814606,0.02930462256736361,0.03442161310585796,0.023706563821370073,0.02321913601014591,0.026138041857324358,0.020833061944971604,0.6926694,0.7139496,0.7531347,0.5076248,0.5160569,0.6153077,0.5026423,0.6118489,2026-10-04T14:46:46.723961
10,0.6262074708938599,0.49856239557266235,0.7631008263587952,0.6262399554252625,0.7631008263587952,0.8048254555702209,0.8863139673233033,2.35250834980011,0.20869290117025374,2.9679371349334716,1.8318385854721069,1.0,10.0,,,,,0.6442452354431152,0.6442452354431152,,,,18.14995375061035,0.15233277813917037,0.07426327932626009,,0.13420761228319567,0.527397182337038,0.5798684187755463,0.0009572033808940345,0.03413547164386815,3.759484340620648,,0.0030987246973150123,,76.94193394168927,19.33900672766813,,103.90463805957964,76.8509924821793,25.833161384436735,95.20939956956609,38.9715614561822,18.149931512820494,,0.6053119153733466,,0.03557058134276396,0.1060621896462076,,0.05713988553471626,0.030995620592574404,0.09245305731418027,0.0015008948538689666,0.16353128271497738,0.07082589791648707,,,,0.1695,3390.0,0.7390538,0.6948047,0.8104794,0.50029624,0.50669783,0.6358384,0.5015391,0.6235438,0.4977000057697296,0.7993328347206116,0.6067500114440918,0.7993328347206116,0.036,36.0,0.41615706506124106,0.41695659079106906,0.41208529055976495,0.5080340426018382,0.5024979380178519,0.5064274203848709,0.5052911275062095,0.5014139162253513,0.5065928397571965,0.020752911010512437,0.019310056188156417,0.019878139221222075,0.042189315957962034,0.039669985390361984,0.039678502569529234,0.026874440279572993,0.025163077196859854,0.027337822555021728,0.70199996,0.7468182,0.70348835,0.50888157,0.5130082,0.6188976,0.5019685,0.6125,0.4990500509738922,0.7844244360923767,0.613349974155426,0.7844244360923767,0.036,36.0,0.38363494093999095,0.37955072617825825,0.3842532802704756,0.43959713536877365,0.43474561270598266,0.4361791897998986,0.4278211081551078,0.42738886057846365,0.42429388635695525,-0.0009869321264224834,-0.0011645904027146284,-0.0004996385937526903,0.008500768986798605,0.008614192830280074,0.0074962114262034606,0.0024674193075045012,0.0014990791302634074,0.0018689555005640148,0.69395167,0.66756755,0.79890513,0.49923664,0.51626015,0.62061405,0.502439,0.60072994,0.4983750283718109,0.7918786354064942,0.6100499927997589,0.7918786354064942,0.036,36.0,0.399896003000616,0.39825365848466365,0.3981692854151203,0.4738155889853059,0.4686217753619173,0.4713033050923847,0.46655611783065865,0.4644013884019075,0.4654433630570759,0.009882989442044977,0.009072732892720894,0.009689250313734693,0.02534504247238032,0.02414208911032103,0.02358735699786635,0.014670929793538748,0.013331078163561631,0.014603389027792872,0.6979758,0.7071929,0.75119674,0.5040591,0.51463413,0.61975586,0.50220376,0.60661495,2026-10-04T14:50:56.174974
11,0.6243098378181458,0.5052750706672668,0.7647509742736817,0.6242948174476624,0.7647509742736817,0.7955443013191223,0.876001573753357,2.1351343477249145,0.1821070197224617,3.1748585823059083,1.8584263246536254,1.0,10.0,,,,,0.6466776284217834,0.6466776284217834,,,,18.121241607666015,0.12817962822255197,0.06078945528597209,,0.09453303438379981,0.51861736529572,0.5678297661861796,0.0008223030457026948,0.029009385271721585,3.878258055182779,,0.0021646046827913925,,76.90553079592954,19.32414011135223,,103.91033342689465,76.81222402973539,25.79802404998974,95.20850566693932,38.93941444348378,18.121219209804657,,0.6197217364979398,,0.03656464993099498,0.11350715354939175,,0.06068398962449876,0.03188206869990203,0.09495700710708169,0.0016844399676770921,0.16784443748984368,0.07183254049841765,,,,0.1728,3456.0,0.7250802,0.7020338,0.81426305,0.49684045,0.5030568,0.6386869,0.5004861,0.61625254,0.5121000409126282,0.7976394648551941,0.6065998673439026,0.7976394648551941,0.025,25.0,0.347785041322552,0.3464588994956328,0.35874200455218075,0.4552570156893475,0.48117919687651395,0.4538815282405937,0.43090506079174734,0.42734414086621386,0.4206623223979215,0.023261579124521477,0.026050081456809253,0.025422319694751706,0.04643696958139989,0.03600259861107182,0.03460005946224428,0.0449007060323959,0.04679708720330928,0.0438015181349077,0.693,0.7468182,0.70348835,0.5180921,0.5247968,0.6106299,0.49527562,0.61098486,0.49889999628067017,0.7863863387107849,0.6114000082015991,0.7863863387107849,0.025,25.0,0.39467548443246253,0.3905662026330917,0.4028436109041552,0.44665664511325276,0.445469482857805,0.4376567504614974,0.41779628923909506,0.41434279904236876,0.4047842598949425,0.02125774111253285,0.022760828379432146,0.022449933787029874,0.02730828600744167,0.02460003289069593,0.022699631659450444,0.019399764322646115,0.021348855175191906,0.018173511071980876,0.68669355,0.68108106,0.79890513,0.49847332,0.503252,0.6144737,0.5117886,0.5912409,0.5055000185966492,0.7920129017829896,0.6089999377727509,0.7920129017829896,0.025,25.0,0.37123026287750727,0.36851255106436226,0.380792807728168,0.45095683040130013,0.4633243398671595,0.44576913935104556,0.42435067501542123,0.42084346995429134,0.412723291146432,0.022259660118527164,0.024405454918120698,0.023936126740890788,0.03687262779442078,0.030301315750883878,0.028649845560847362,0.032150235177521004,0.034072971189250595,0.03098751460344429,0.68984675,0.7139496,0.75119674,0.5082827,0.5140244,0.6125518,0.5035321,0.60111284,2026-10-04T14:55:05.381763
12,0.6228199601173401,0.49861761927604675,0.766244139957428,0.6227246522903442,0.766244139957428,0.7802474158287048,0.8590050389289856,1.9067589748382567,0.20713753130435944,3.0112507957458496,1.8788230991363526,1.0,10.0,,,,,0.6543032392501831,0.6543032392501831,,,,18.092838989257814,0.08851591889541834,0.09152846262719079,,0.1241433615084429,0.4676419033840963,0.5140485914459654,0.0008959971671585872,0.02870273555682343,3.6321255446998935,,0.0025722154420175793,,76.86886470333026,19.298715931594753,,103.91141563464122,76.77332208718464,25.762492939165444,95.20631398972432,38.920257203897854,18.092817355113425,,0.6305876070526755,,0.03772696563202864,0.11551882568628165,,0.06296261642009589,0.03261122105133002,0.09741398573491224,0.0018313376264124635,0.17383950331788153,0.07305205926583831,,,,0.1747,3494.0,0.72008824,0.70543694,0.81178683,0.49601108,0.5048287,0.635798,0.49840018,0.6116497,0.49900007247924805,0.8304375095367431,0.585099995136261,0.8304375095367431,0.021,21.0,0.44014224693441345,0.4414716953150749,0.4476854946171512,0.39417196640313246,0.4173204329514429,0.4046948306178214,0.3576351865820881,0.3708432421636781,0.36149657827305975,0.04979070092410318,0.05161562195530339,0.05118946590367206,0.04025238243022586,0.043818128966019734,0.043939291656425114,0.03809261429909483,0.044074213815278554,0.04217926974737891,0.66400003,0.72409093,0.68410856,0.4963816,0.50772357,0.5830709,0.50236225,0.5685606,0.49469995498657227,0.8123889799118043,0.5945000052452087,0.8123889799118043,0.025,25.0,0.38547335518154746,0.3805654045152414,0.3881717524744484,0.35064676506100356,0.3506292446308627,0.3489204668837311,0.32064287388132356,0.32380529598407576,0.3127002091008979,0.0031657389883425124,0.0015100564487796066,0.0031263139314005426,0.005090275304356954,0.00013010741332817935,0.002664162440612896,0.0021374317463508418,0.0022595159432388843,-0.0003361527190622981,0.63750005,0.69909906,0.7916059,0.49770996,0.5065041,0.58377194,0.50365853,0.5357664,0.49685001373291016,0.8214132447242737,0.5898000001907349,0.8214132447242737,0.023,23.0,0.41280780105798043,0.4110185499151582,0.4179286235457998,0.372409365732068,0.3839748387911528,0.3768076487507762,0.33913903023170583,0.3473242690738769,0.3370983936869788,0.026478219956222848,0.0265628392020415,0.0271578899175363,0.022671328867291406,0.021974118189673958,0.023301727048519006,0.020115023022722837,0.02316686487925872,0.020921558514158306,0.65075004,0.711595,0.7378572,0.4970458,0.5071138,0.5834214,0.5030104,0.5521635,2026-10-04T14:59:14.097228
13,0.6236823797225952,0.5010424852371216,0.7702638443946839,0.6236823201179504,0.7702638443946839,0.7938369688034057,0.8741045408248901,2.1145439851760863,0.24705461342334747,3.2758530014038088,1.8815063835144044,1.0,10.0,,,,,0.6464967594146729,0.6464967594146729,,,,18.06436319885254,0.09583587484926602,0.06065065089381851,,0.10564502368378602,0.48550577333588507,0.612508077245609,0.0009608604023188566,0.03103939421878309,4.509124070216137,,0.0028665675182443463,,76.83195087408563,19.277069881463508,,103.92193389698198,76.73442991220267,25.72873821380032,95.20307888346872,38.88701802150459,18.064341721261382,,0.6320475377854268,,0.03862643977449198,0.11792624708573529,,0.06651958192040207,0.033311625171429035,0.1004861333187978,0.0018781723430866648,0.1775962555674231,0.07427629581682242,,,,0.172,3440.0,0.72780675,0.70334274,0.81353015,0.49585307,0.49489877,0.63151515,0.49937224,0.62582487,0.4965999126434326,0.7970541100502014,0.6094000339508057,0.7970541100502014,0.026,26.0,0.4128421947992433,0.41077339231251253,0.4222458200027117,0.44305771866083443,0.4356670460406061,0.434619991726789,0.38412804282343394,0.39219844262901155,0.38995513040163216,0.0331420842189652,0.036710644995505956,0.04075290923093498,0.040086217760275156,0.04897341775183742,0.043412852978662896,0.04844873648053066,0.054391720709416745,0.058264603055696085,0.688,0.7468182,0.7073643,0.5180921,0.5256098,0.62165356,0.49842522,0.61780304,0.4982999861240387,0.7879561619758606,0.6124999523162842,0.7879561619758606,0.027,27.0,0.4064717950108035,0.4012454652836747,0.41889940287071814,0.41766453975294027,0.423069106053582,0.42363255786744125,0.3783250829699404,0.36700570474628125,0.3734759364245427,0.021204922281211725,0.0187468380445159,0.017868501627629728,0.022667796508289807,0.017005368702177188,0.008809870850919006,0.02017039286859765,0.01621063546230614,0.011187589172508693,0.68669355,0.6846847,0.79890513,0.49770996,0.503252,0.61096495,0.50447154,0.60656935,0.49744994938373566,0.7925051360130311,0.6109499931335449,0.7925051360130311,0.0265,26.5,0.4096569949050234,0.40600942879809365,0.4205726114367149,0.43036112920688735,0.42936807604709404,0.4291262747971151,0.38122656289668716,0.3796020736876464,0.3817155334130874,0.027173503250088465,0.027728741520010928,0.029310705429282356,0.03137700713428248,0.0329893932270073,0.02611136191479095,0.034309564674564155,0.035301178085861445,0.03472609611410239,0.6873468,0.7157514,0.7531347,0.507901,0.5144309,0.6163093,0.5014484,0.6121862,2026-10-04T15:03:22.683945
14,0.6254803538322449,0.5014277100563049,0.7641012907981872,0.625510573387146,0.7641012907981872,0.7920032348632813,0.8720670600891113,1.876507913017273,0.16339862142801284,3.104507354736328,1.9666254192352295,1.0,10.0,,,,,0.6632357789993286,0.6632357789993286,,,,18.036178915405273,0.026122523551794945,0.017767093776114237,,0.036583693635762686,0.4249909606993578,0.5474516185605602,0.0005708085777160895,0.022845156312843038,4.1332297697188745,,0.0014344882876545974,,76.79470494750198,19.25068708286164,,103.9186301261756,76.69550119387875,25.695957038053283,95.20142228436318,38.841326962610715,18.0361568912579,,0.6762462262135402,,0.03961417807420348,0.1202183940987678,,0.06801755816503695,0.033797351560395233,0.10352826778106629,0.001883151651075359,0.17958637901172517,0.07597857913014236,,,,0.15845,3169.0,0.7286488,0.701027,0.81331223,0.5011256,0.49857864,0.6288081,0.5049413,0.63026476,0.4982999563217163,0.7924796028137207,0.6097999811172485,0.7924796028137207,0.024,24.0,0.42899428085216174,0.42085110350174065,0.44691311912647136,0.42267435817677435,0.4040526754054954,0.42540025635291334,0.36052039276398684,0.3651583565922705,0.36155262702627505,0.03600757615875393,0.03895554081788958,0.0391806758631331,0.042053307964913224,0.05902743629093877,0.04338707809192361,0.05443919074081354,0.05489483094365911,0.05646585200202798,0.693,0.7468182,0.7073643,0.51875,0.5239838,0.61614174,0.5,0.6215909,0.5040000081062317,0.782069739818573,0.6137999892234802,0.782069739818573,0.026,26.0,0.39490392158346166,0.39482113255993456,0.4182618820295417,0.3759489252973225,0.386533652672015,0.39611283154284355,0.36501115102478626,0.3593100004679608,0.3622083271191915,0.00947498659199735,0.012031474241416604,0.011600585482739918,0.020603079856008698,0.023025322316120922,0.014620593347532726,0.017766867094372408,0.018733022465112603,0.014348111906439113,0.6955645,0.67747754,0.79890513,0.49694654,0.50731707,0.6127193,0.50447154,0.609489,0.501149982213974,0.7872746713161468,0.6117999851703644,0.7872746713161468,0.025,25.0,0.4119491012178117,0.40783611803083764,0.43258750057800655,0.3993116417370484,0.3952931640387552,0.4107565439478784,0.3627657718943865,0.36223417853011564,0.3618804770727333,0.022741281375375642,0.02549350752965309,0.02539063067293651,0.03132819391046096,0.04102637930352984,0.029003835719728168,0.036103028917592976,0.03681392670438585,0.03540698195423354,0.6942823,0.71214783,0.7531347,0.50784826,0.5156504,0.61443055,0.5022358,0.61553997,2026-10-04T15:07:31.642132
15,0.6205328106880188,0.5032423138618469,0.7711310611724853,0.6206651926040649,0.7711310611724853,0.77627064743042,0.8545864013671876,1.747630143547058,0.19630225492715836,2.9637479064941408,1.9997777917861939,1.0,10.0,,,,,0.6600818591117859,0.6600818591117859,,,,18.008749258422853,0.030054980392158506,0.033563230302374646,,0.06829347334220816,0.3479579790572452,0.3951192542815664,0.001091603386018627,0.03262440465794057,2.9420220424794845,,0.002053068165246925,,76.75563486670232,19.22534137166989,,103.91547738822402,76.65659929992287,25.663517277711517,95.20190405390065,38.82562163529123,18.0087249901644,,0.6930337836787959,,0.03988297286022241,0.12222135342230463,,0.06945527468327505,0.03439989363311962,0.10665064627767369,0.00200418937524223,0.18542898868679242,0.0782082049045593,,,,0.1823,3646.0,0.7403769,0.67515105,0.8090729,0.49567538,0.5078077,0.62410104,0.4975091,0.61759675,0.5019500255584717,0.8113165154457093,0.6052500605583191,0.8113165154457093,0.025,25.0,0.3946961626575407,0.3927394247908925,0.39854416265960974,0.3709948987931056,0.36617100873941666,0.36986940734866347,0.4384208063303375,0.4322907337936133,0.4398873409291153,0.017261439128121052,0.01372869215027506,0.018771288870896193,0.019008730412352366,0.03059605002637688,0.02712885554091177,0.020451211111461743,0.01720554757679636,0.021247010395512234,0.70199996,0.7468182,0.7031008,0.5055921,0.5142276,0.6082677,0.5,0.6162879,0.5100499987602234,0.7969616847038269,0.6119999885559082,0.7969616847038269,0.026,26.0,0.3464387015932619,0.3429809638336958,0.3522052161155537,0.32190460958770617,0.3020678833620117,0.316290839495344,0.36779461223212717,0.36153207654618574,0.35809811063624103,0.0125439469987147,0.012052965150191518,0.012678356873529618,0.01260169440724635,0.015262010355821299,0.01048213239467816,0.006938128827342182,0.005860507406238793,0.004114001473219337,0.6979839,0.65855855,0.7992701,0.5,0.5146342,0.5991228,0.5126017,0.6036497,0.5060000121593475,0.8041391000747681,0.6086250245571136,0.8041391000747681,0.025500000000000002,25.5,0.37056743212540133,0.36786019431229416,0.37537468938758173,0.3464497541904059,0.3341194460507142,0.3430801234220037,0.4031077092812323,0.39691140516989953,0.3989927257826782,0.014902693063417877,0.012890828650233289,0.015724822872212905,0.015805212409799357,0.02292903019109909,0.018805493967794965,0.013694669969401963,0.011533027491517576,0.012680505934365786,0.69999194,0.70268834,0.7511854,0.50279605,0.5144309,0.6036953,0.5063008,0.6099688,2026-10-04T15:11:40.739880
16,0.625779926776886,0.5007476210594177,0.7648180770874023,0.6258399486541748,0.7648180770874023,0.8131807550430298,0.8955976346969604,2.207205668258667,0.16818255783319475,3.33658044052124,1.9998682521820068,1.0,10.0,,,,,0.6978741903305054,0.6978741903305054,,,,17.980278604125978,0.03266134998274694,0.040498353097481045,,0.07789635333191057,0.422117623459002,0.5382081507022973,0.0007710046777027143,0.025407209962748797,4.225662355590019,,0.002046165751079379,,76.71692380479946,19.19666731281645,,103.91932027051404,76.61734451002376,25.62942559552041,95.20139677205663,38.86860532821364,17.980256171742823,,0.6930777578596856,,0.04043741483881975,0.12255205062164623,,0.0721398116486847,0.03509358454282117,0.11068798834161395,0.0022666795997862603,0.1988617741757897,0.08043590325648618,,,,0.1484,2968.0,0.7419206,0.69643575,0.81010306,0.49646527,0.50403035,0.6407071,0.50251114,0.6169654,0.49709996581077576,0.7996565108299255,0.6051000356674194,0.7996565108299255,0.025,25.0,0.3189160778756196,0.31710603206244603,0.323004114015455,0.38517955824144084,0.38174984490812486,0.38187882897703285,0.40310956946430443,0.3861055622789944,0.3853908713417028,0.05024537248909558,0.04901085101497257,0.052387602100589244,0.03835042779541518,0.042681725573470095,0.03897722400195791,0.050593356843590793,0.04704880936974984,0.04913438280512686,0.70199996,0.7468182,0.70348835,0.5055921,0.5142276,0.6066929,0.5,0.6162879,0.4987999498844147,0.7851118774414062,0.6119999885559082,0.7851118774414062,0.026,26.0,0.3288944052458146,0.3221740318119111,0.3403000523693632,0.3366689127233489,0.3375953145064049,0.3306160268297543,0.368989004983628,0.35453072223735294,0.34975059000839237,0.011778544439760081,0.012418956627390388,0.011787208389071352,0.014762757491190446,0.011822322634172598,0.009302780818113138,0.0121808446961945,0.011982673942327925,0.006126170985433083,0.6979839,0.65855855,0.79890513,0.5,0.5146342,0.5995614,0.5126016,0.6036497,0.4979499578475952,0.7923841941356659,0.6085500121116638,0.7923841941356659,0.025500000000000002,25.5,0.3239052415607171,0.3196400319371786,0.33165208319240913,0.3609242354823949,0.35967257970726485,0.3562474279033936,0.38604928722396625,0.37031814225817367,0.3675707306750476,0.03101195846442783,0.03071490382118148,0.032087405244830294,0.02655659264330281,0.027252024103821347,0.024140002410035524,0.031387100769892644,0.02951574165603888,0.02763027689527997,0.69999194,0.70268834,0.75119674,0.50279605,0.5144309,0.6031271,0.5063008,0.6099688,2026-10-04T15:15:50.327073
17,0.6248823404312134,0.4997846186161041,0.7640304620742798,0.6249100565910339,0.7640304620742798,0.8089315249443054,0.8908762731552125,2.124862504386902,0.21234085175991058,3.1864929306030274,1.998098056602478,1.0,10.0,,,,,0.6690189142227173,0.6690189142227173,,,,17.952713333129882,0.0621178005095334,0.05118102231507848,,0.10842106458108136,0.3703936479843346,0.49783111653130524,0.0010051047522129763,0.02794946321422697,3.97477202164899,,0.0026533440162151887,,76.67830453860532,19.17133196448065,,103.9209805142348,76.57815153279881,25.59564443454621,95.20063140286003,38.848108036502914,17.952691035665524,,0.6921972753895316,,0.04066929458432896,0.12353372013872596,,0.07428921332025225,0.03571262874990512,0.11405361154276854,0.002340594761868476,0.20363447743995933,0.08244577800012698,,,,0.14645,2929.0,0.74432635,0.6887032,0.81691766,0.49425358,0.50239486,0.6368687,0.49465373,0.6235234,0.49894994497299194,0.8005014023780823,0.6064000725746155,0.8005014023780823,0.034,34.0,0.316180416897684,0.31922280982827267,0.33061606229693874,0.37032220193684867,0.4088728920629243,0.39032954375851486,0.3398651002639099,0.33528263542973974,0.33556953756234986,0.03348272944737096,0.03541926591015714,0.0375242494480719,0.01947284841595207,0.034990239185322965,0.027287763147100033,0.033496191037118435,0.03811741114746313,0.03333629501718141,0.693,0.7468182,0.70348835,0.5075658,0.5150407,0.61929137,0.5031496,0.61477274,0.4958000183105469,0.7861877107620239,0.6130000352859497,0.7861877107620239,0.034,34.0,0.34002801783853914,0.3353962014962928,0.34467782686287823,0.38169553725010125,0.3556460601143046,0.3459214564167967,0.3774246245591614,0.3705246942938537,0.36206933526170526,0.012189361149166626,0.012262329300309344,0.012567612677225812,0.018918172698855384,0.018561615958577977,0.016463298078304104,0.014272547663518521,0.0135679223373765,0.008887572478869895,0.6979839,0.66306305,0.79890513,0.49847332,0.5121951,0.6144737,0.50853664,0.6021898,0.4973749816417694,0.7933445565700531,0.6097000539302826,0.7933445565700531,0.034,34.0,0.3281042173681116,0.32730950566228273,0.3376469445799085,0.37600886959347496,0.38225947608861444,0.36812550008765577,0.3586448624115357,0.3529036648617967,0.34881943641202756,0.022836045298268794,0.023840797605233242,0.02504593106264886,0.019195510557403726,0.02677592757195047,0.021875530612702067,0.023884369350318478,0.025842666742419813,0.021111933748025655,0.69549197,0.7049406,0.75119674,0.5030196,0.5136179,0.61688256,0.50584316,0.6084813,2026-10-04T15:19:59.924801
18,0.626377284526825,0.497514933347702,0.7592387283325195,0.6263297200202942,0.7592387283325195,0.8146730178833008,0.8972557040214538,2.1857176877975464,0.1889898370742798,3.2076869552612304,1.9965201652526856,1.0,10.0,,,,,0.6472049248695374,0.6472049248695374,,,,17.92523991088867,0.05491843916902876,0.03363749295307003,,0.0659964523088353,0.3107212564320701,0.353019154233158,0.0006019469288661245,0.02135414404165783,2.8037655924915508,,0.0013282784073071177,,76.63964489007452,19.142162225808306,,103.91629932184888,76.53936845329916,25.56254418488521,95.19869625796179,38.798305438582304,17.92521700282006,,0.6913901571255581,,0.04092203536231047,0.12433186766638119,,0.0755663803618425,0.03632017331802921,0.11730713131511288,0.002337262955357789,0.2050005930244543,0.0848476143589445,,,,0.14875,2975.0,0.7427426,0.6868103,0.8135103,0.49865717,0.5051986,0.64066666,0.49989873,0.6255397,0.49480006098747253,0.7962568473815917,0.6066000461578369,0.7962568473815917,0.03,30.0,0.37709945353254787,0.384856646384981,0.3831596395150113,0.4186491178951703,0.44897762211932674,0.40321468140148037,0.4819454756815632,0.4952655608166007,0.4721924164193568,0.0193214143948071,0.021735825146750248,0.022968570392010213,0.017384838398664268,0.036776875043859694,0.014726437029453908,0.01856619912136586,0.022698390585647175,0.015378257172488873,0.693,0.7468182,0.7073643,0.5075658,0.5142276,0.61141735,0.49842522,0.6253788,0.4930000305175781,0.780765634059906,0.6146999597549438,0.780765634059906,0.032,32.0,0.36983983853628294,0.373861611924601,0.38342361115326185,0.369195711264423,0.4023368571604572,0.38241000547186854,0.46557260233100406,0.4664765509829801,0.45175718219107197,0.011325564347244042,0.013963922542700753,0.012224910908782137,0.020314067745250367,0.028291855659447446,0.015468672025635245,0.02908690173963353,0.030167636975996434,0.020875488099524036,0.69637096,0.67297304,0.79890513,0.49923664,0.5113821,0.61008775,0.50609756,0.6138686,0.49390004575252533,0.7885112407207489,0.6106500029563904,0.7885112407207489,0.031,31.0,0.3734696460344154,0.379359129154791,0.3832916253341366,0.39392241457979665,0.425657239639892,0.3928123434366745,0.47375903900628363,0.4808710558997904,0.46197479930521435,0.01532348937102557,0.0178498738447255,0.017596740650396174,0.018849453071957317,0.03253436535165357,0.015097554527544577,0.023826550430499693,0.026433013780821805,0.018126872636006455,0.69468546,0.7098956,0.7531347,0.5034012,0.51280487,0.6107526,0.5022614,0.61962366,2026-10-04T15:24:08.758627
19,0.6251776218414307,0.5025274157524109,0.7590187760353089,0.62517249584198,0.7590187760353089,0.8022543717384338,0.8834572138786316,2.044973895263672,0.1885843334197998,3.0980162754058838,1.9864310880661011,1.0,10.0,,,,,0.6516437547683716,0.6516437547683716,,,,17.897543322753908,0.03469746513440493,0.02332730650542909,,0.05325426764572692,0.3021847881898759,0.36321877384451545,0.0005666387875810574,0.019080959367239553,2.947977396712941,,0.0013509803024030907,,76.60180702938396,19.116841200810327,,103.91060410031847,76.50121074117672,25.52879238736098,95.19528047598092,38.775101777094946,17.89752164464088,,0.6863566435826053,,0.04149948686930784,0.12694584687424312,,0.07655853094758501,0.03691165291579666,0.11977721679552346,0.00237596090616077,0.20954470962855468,0.08676776987542013,,,,0.1654,3308.0,0.73724943,0.7008055,0.8113114,0.49298972,0.5018692,0.6332323,0.49684086,0.6296945,0.5012499690055847,0.8015443096160889,0.6055999398231506,0.8015443096160889,0.034,34.0,0.3511997828585389,0.34527666061896845,0.35032822467807234,0.4135117519486527,0.41602239927862206,0.39913911603417324,0.47833539759497284,0.4746521167231744,0.45764911792511553,0.06032212612940727,0.061290076368425615,0.06117362914398703,0.04924930562532288,0.053539751391379696,0.04587892273565094,0.04638475665018475,0.04511451962776668,0.041272774866452644,0.697,0.7468182,0.7073643,0.50164473,0.5199187,0.6066929,0.496063,0.62310606,0.4884999394416809,0.7852948818206787,0.6126999855041504,0.7852948818206787,0.033,33.0,0.3730083433218235,0.36742962575801474,0.37081466989033074,0.37874490866592253,0.3940743826009101,0.3694489342638099,0.45836078374836153,0.4546227153865219,0.4346207856143585,0.014605105534101302,0.017227641518824,0.01728837012360979,0.021971503597818524,0.02809148922698104,0.023616594217228455,0.02063600218500874,0.023352150354854617,0.017786145159801953,0.6979839,0.66126126,0.79890513,0.50687027,0.50731707,0.5925439,0.5126017,0.61240876,0.4948749542236328,0.7934195957183838,0.6091499626636505,0.7934195957183838,0.0335,33.5,0.36210406309018117,0.3563531431884916,0.36057144728420154,0.3961283303072876,0.4050483909397661,0.3842940251489916,0.46834809067166716,0.46463741605484815,0.44613495176973705,0.03746361583175429,0.03925885894362481,0.03923099963379841,0.0356104046115707,0.040815620309180366,0.0347477584764397,0.03351037941759675,0.03423333499131065,0.0295294600131273,0.697492,0.7040397,0.7531347,0.5042575,0.5136179,0.59961843,0.5043323,0.61775744,2026-10-04T15:28:17.404945
20,0.6200249791145325,0.5009550452232361,0.7714701236724854,0.620180070400238,0.7714701236724854,0.8074384224891663,0.8892172685623169,2.1186360048294066,0.23089426918029785,3.2293874393463136,1.9969565940856933,1.0,10.0,,,,,0.6260667737960816,0.6260667737960816,,,,17.87025971069336,0.03626963575696869,0.04044382480732432,,0.06547950430043564,0.32485240678878347,0.4046589704171108,0.0007704826667652745,0.02379761856927234,3.270864012894357,,0.001817327914873522,,76.56486516089956,19.094058698909297,,103.91094144590342,76.46261154466374,25.49422015050414,95.19325820048144,38.77007988607807,17.87024754323777,,0.6916277188404351,,0.042350041685969966,0.12724437502918728,,0.07826701594386132,0.03744122749016543,0.122731060833688,0.002425440361687712,0.2160371851389575,0.08855550954486155,,,,0.16455,3291.0,0.72441864,0.7062626,0.811569,0.49834126,0.49879286,0.6167677,0.4956663,0.6117515,0.4963500201702118,0.8080781302452087,0.6089499592781067,0.8080781302452087,0.023,23.0,0.4117080929561902,0.4198140019569396,0.4137977298048371,0.35647974542015953,0.3231130994729214,0.3550847718225946,0.39870441034332194,0.39503331837188,0.3978115470686156,0.02034865893692218,0.019488150293905698,0.020397229887594546,0.017514628355292817,0.003433997849864776,0.01708527485997328,0.01708464353142812,0.012268216863612944,0.017328904131336136,0.693,0.7468182,0.7069768,0.5092105,0.5268293,0.6169291,0.49921262,0.62386364,0.4930499792098999,0.7937105298042297,0.6150999665260315,0.7937105298042297,0.024,24.0,0.4195765218823595,0.4266218399772024,0.422866833883886,0.38072069800036734,0.35753620221490606,0.37530149389032275,0.4082978306924581,0.4089720217361946,0.4052675838216149,0.0067006167779755585,0.005560105476538934,0.006063876148928066,0.006707224395296779,0.0036884730024710093,0.004568753320166019,0.0006315123753179623,0.00027494948778831123,-0.001593210830455345,0.6911291,0.67927927,0.79890513,0.5019084,0.5093496,0.6153509,0.5093496,0.60839415,0.49469999969005585,0.8008943300247192,0.6120249629020691,0.8008943300247192,0.0235,23.5,0.4156423074192749,0.423217920967071,0.41833228184436155,0.3686002217102634,0.3403246508439137,0.3651931328564587,0.40350112051789,0.40200267005403734,0.40153956544511527,0.01352463785744887,0.012524127885222315,0.013230553018261306,0.012110926375294798,0.003561235426167893,0.010827014090069649,0.008858077953373041,0.0062715831757006275,0.007867846650440396,0.6920645,0.7130487,0.75294095,0.50555944,0.5180894,0.61614,0.5042811,0.6161289,2026-10-04T15:32:26.035647
21,0.6251824498176575,0.5003400444984436,0.7660518721580505,0.6252424120903015,0.7660518721580505,0.8461395787239074,0.9322185481071472,2.587668489265442,0.225291921710968,4.0264829082489015,1.9995374458312989,1.0,10.0,,,,,0.6093832072257995,0.6093832072257995,,,,17.843413787841797,0.060005439042001014,0.03826917614787817,,0.0623061741423455,0.34396101581822536,0.40418192146310383,0.001010664941885384,0.03275356961971825,3.182497116031161,,0.0021992800611306345,,76.52600909190572,19.072275538353402,,103.9133398456938,76.42395213910729,25.467251686533544,95.1956731225275,38.91729614840951,17.843396448026038,,0.6928996174198807,,0.04260807296937438,0.13066139314205025,,0.08027139562330428,0.03811172600005083,0.12817311970291623,0.002615040973433928,0.23807122411241957,0.09121994209137692,,,,0.144,2880.0,0.7341219,0.7034434,0.8158875,0.4967417,0.49926013,0.6328889,0.4975294,0.62458247,0.5007500052452087,0.7953634791374207,0.6097500324249268,0.7953634791374207,0.029,29.0,0.4277076159491303,0.43003098670592815,0.4302429964180464,0.46181976708114975,0.4953075551816893,0.46182005869067266,0.4827377764073908,0.4827321812721161,0.4827417139824952,0.025452051783267225,0.02483255787295895,0.025027251601801352,0.037226840856763255,0.04062878338221259,0.03719451283838576,0.036476254447639196,0.03639493650034712,0.03644825474322368,0.693,0.7468182,0.7073643,0.51875,0.5260163,0.6165355,0.49921262,0.619697,0.5042500495910645,0.7825811820030213,0.6140999794006348,0.7825811820030213,0.03,30.0,0.3963064486335831,0.3971147604727551,0.40022552341866074,0.4399009565941466,0.4578718205793456,0.4403256835141363,0.44266952461871534,0.44087052192216747,0.44138732149828275,-0.00357033628273083,-0.004200655536166562,-0.0036023292377473644,0.007287029262186292,0.006558181274082713,0.006879185943878742,0.006441249136179744,0.005782365544458096,0.00590487009783474,0.6935484,0.6761262,0.79890513,0.49732825,0.50406504,0.6179825,0.51056916,0.6072993,0.5025000274181366,0.788972330570221,0.6119250059127808,0.788972330570221,0.0295,29.5,0.4120070322913567,0.41357287358934164,0.4152342599183536,0.45086036183764816,0.4765896878805175,0.45107287110240446,0.46270365051305307,0.46180135159714175,0.462064517740389,0.010940857750268198,0.010315951168396193,0.010712461182026994,0.022256935059474774,0.02359348232814765,0.022036849391132252,0.02145875179190947,0.021088651022402607,0.02117656242052921,0.6932742,0.71147215,0.7531347,0.5080391,0.51504064,0.617259,0.5048909,0.61349815,2026-10-04T15:36:34.971305
22,0.6241676807403564,0.4983925223350525,0.7652239566802979,0.6242526769638062,0.7652239566802979,0.835654204750061,0.9205681368827819,2.4861369157791136,0.19134445482492446,4.127026356124878,1.961393515586853,1.0,10.0,,,,,0.6287657651901245,0.6287657651901245,,,,17.81689284667969,0.03820874268162379,0.025396656531211773,,0.04400960925913113,0.3279246350002896,0.4161755350080265,0.0007318675830948409,0.023383705093744832,3.3487496987269942,,0.0015811740819221677,,76.48852213476873,19.045577602022014,,103.90634407966759,76.3856966055123,25.4359070844711,95.19628847936157,38.94867932264972,17.8168704524921,,0.6736137297502749,,0.043177425932542535,0.13239771146683177,,0.08126632413666719,0.03881676053735101,0.13211200115786995,0.0026850676279704853,0.24750478831446096,0.09373312642809692,,,,0.1611,3222.0,0.7287089,0.70388645,0.81673926,0.4949842,0.5007204,0.63266665,0.4971446,0.6215886,0.49640002846717834,0.7889835047721863,0.6090500354766846,0.7889835047721863,0.028,28.0,0.3757965259840717,0.3775152535174496,0.3779422977245629,0.44148695712002906,0.4720978351366534,0.4583845413371459,0.39774772298917993,0.39812016249472,0.3978383391016258,0.03171062103251952,0.029021342157983878,0.03163141665202702,0.0447602398377441,0.05365726717268524,0.04159105858797259,0.04617131769802703,0.04635741293320076,0.04622639234251309,0.693,0.7468182,0.7069768,0.5141447,0.5239838,0.618504,0.5,0.6193182,0.500749945640564,0.7772235441207885,0.6139500141143799,0.7772235441207885,0.032,32.0,0.3667168506068557,0.364610901807845,0.36709250188800197,0.4166369326447785,0.42767367126821965,0.40505295962927135,0.401619203965551,0.4083281253496348,0.39908560255052383,0.0021785967784749903,0.0008143626630676225,0.0009395274685524039,0.013473970096719913,0.011773606554232765,0.0068661068986726895,0.011647163144588135,0.012836070994523227,0.00991634519712613,0.6923387,0.68108106,0.7992701,0.49847332,0.50487804,0.6144737,0.50772357,0.60656935,0.49857498705387115,0.7831035244464875,0.6115000247955322,0.7831035244464875,0.03,30.0,0.3712566882954637,0.3710630776626473,0.3725173998062824,0.4290619448824038,0.4498857532024365,0.4317187504832086,0.3996834634773655,0.4032241439221774,0.3984619708260748,0.016944608905497257,0.014917852410525751,0.01628547206028971,0.029117104967232004,0.032715436863459006,0.024228582743322638,0.028909240421307582,0.029596741963861993,0.02807136876981961,0.6926694,0.7139496,0.7531234,0.50630903,0.5144309,0.6164888,0.5038618,0.61294377,2026-10-04T15:40:44.058294
23,0.6242952346801758,0.5007150173187256,0.7637937455177307,0.6243331432342529,0.7637937455177307,0.771031514453888,0.8487651456832885,1.8767447713851928,0.15091043244600297,3.805120778656006,1.9523396394729615,1.0,10.0,,,,,0.647548729133606,0.647548729133606,,,,17.79032160949707,0.025429229940892834,0.022586873158587106,,0.04810036387840274,0.3299163253444016,0.4490157396645303,0.0007759621413202161,0.022972418072449555,3.715651240887915,,0.0020921793922729667,,76.45062625180384,19.01696754261187,,103.89726743272915,76.34770805213103,25.404998305496896,95.19728613203498,38.929818220199294,17.790300174883217,,0.669012874934324,,0.04376610131210582,0.13309866474692228,,0.08186962882614439,0.0394273607214545,0.134923900578432,0.002817968486446389,0.25165778151742974,0.09620009457609456,,,,0.2266,4532.0,0.73722935,0.6969191,0.81222266,0.49899292,0.49951324,0.6299596,0.49594977,0.626334,0.49970003962516785,0.7976618413925171,0.6053000688552856,0.7976618413925171,0.032,32.0,0.37239154622599274,0.3746861039898402,0.37636420572440726,0.40078624946318736,0.38248077264214425,0.3807079902277634,0.45485629553856677,0.45557449731949157,0.4581591908331743,0.022150115163602713,0.02200190197808693,0.021982948769157185,0.021211677537490026,0.01661675230368457,0.012539533446263483,0.026828982468177776,0.027053949931663,0.026884757069514157,0.70199996,0.7468182,0.70348835,0.5055921,0.5150407,0.6070866,0.50039375,0.6162879,0.49445000290870667,0.7828392004966735,0.611799955368042,0.7828392004966735,0.034,34.0,0.40994579905884354,0.4098695964494206,0.4149707857656714,0.35151970634779206,0.34417840670674255,0.36536646010175533,0.44259083038814717,0.44547824833702254,0.44153925039139347,0.013231396628995282,0.012223965180318121,0.012698310065886242,0.024583742641641856,0.02503016447049832,0.017911857196500815,0.016511858555613896,0.017775918541620087,0.014469294186066912,0.70282257,0.64954954,0.79890513,0.50229007,0.5097561,0.6057018,0.5113821,0.60328466,0.49707502126693726,0.7902505209445954,0.6085500121116638,0.7902505209445954,0.033,33.0,0.39116867264241817,0.3922778502196304,0.39566749574503934,0.37615297790548974,0.3633295896744434,0.37303722516475935,0.44872356296335697,0.450526372828257,0.4498492206122839,0.017690755896298996,0.017112933579202527,0.017340629417521715,0.02289771008956594,0.020823458387091445,0.01522569532138215,0.021670420511895834,0.022414934236641544,0.020677025627790536,0.7024113,0.6981839,0.75119674,0.50394106,0.51239836,0.6063942,0.5058879,0.6097863,2026-10-04T15:44:52.660184
24,0.6244196891784668,0.49968475103378296,0.7619727505683899,0.6245024800300598,0.7619727505683899,0.7624724969863892,0.8392551288604736,1.8249200561523438,0.14138909715414047,3.851182330703735,1.9533219482421875,1.0,10.0,,,,,0.6437376436233521,0.6437376436233521,,,,17.76410003967285,0.036113880708173014,0.02964402070108825,,0.05833593355847677,0.3306111228788734,0.3930901006148879,0.0007726390157221181,0.022118482940420982,3.0895703649444943,,0.0019695568868193765,,76.41175657624652,18.98936854805916,,103.89305756198372,76.3098336480985,25.374244118951687,95.196117231041,38.97610760342543,17.764077046874224,,0.6695374573112294,,0.04401514619873587,0.13418774866754082,,0.08310232150137045,0.039991709575721415,0.13780121220524905,0.0029974425668312108,0.26193826612393567,0.09893665581372134,,,,0.2168,4336.0,0.7285886,0.699557,0.8117076,0.5018365,0.4961059,0.6370707,0.49896723,0.62478614,0.5060499310493469,0.7976851725578308,0.6071500182151794,0.7976851725578308,0.027,27.0,0.3694054251100119,0.35358822504506315,0.37405910313768836,0.428066271099995,0.38865205716937057,0.42736274572590927,0.41926397149220923,0.4238822512189423,0.41527320599266987,0.053887493845540244,0.052299358733856195,0.05476953032100455,0.04006278871016264,0.05816219234371667,0.03973782941012374,0.0615520123477381,0.05949856531757286,0.058154964663549205,0.688,0.7468182,0.7069768,0.51480263,0.5247968,0.61377954,0.4937008,0.61780304,0.4900500178337097,0.7942040553092956,0.6068500280380249,0.7942040553092956,0.028,28.0,0.3551469805507834,0.3567325595424912,0.3626117566586005,0.3795853831453743,0.36987189987257696,0.3813359963365354,0.38126131842216504,0.374805415054394,0.37699806577209805,0.023720252302216183,0.025680006822226348,0.02414004927646572,0.027057481004804887,0.029572207892692323,0.023078571709431037,0.024817618259954367,0.026456834699283477,0.020841668935512165,0.67540324,0.6846847,0.7992701,0.49541986,0.5,0.6144737,0.4995935,0.5817519,0.4980499744415283,0.7959446139335632,0.6070000231266022,0.7959446139335632,0.0275,27.5,0.36227620283039763,0.35516039229377716,0.36833542989814444,0.40382582712268467,0.37926197852097376,0.40434937103122237,0.4002626449571871,0.39934383313666816,0.396135635882384,0.03880387307387821,0.03898968277804127,0.03945478979873514,0.03356013485748376,0.0438672001182045,0.03140820055977739,0.043184815303846234,0.04297770000842817,0.03949831679953068,0.68170166,0.7157514,0.7531234,0.5051112,0.51239836,0.6141266,0.49664715,0.59977746,2026-10-04T15:49:01.717190
25,0.6255651116371155,0.4992796778678894,0.7587801864624023,0.6253825426101685,0.7587801864624023,0.7636426431655884,0.8405552935600281,1.8086321773529053,0.15928094029426576,3.724387429046631,1.9915364429473876,1.0,10.0,,,,,0.6340318067550659,0.6340318067550659,,,,17.735564056396484,0.032419004636241276,0.0281064075841954,,0.05375994924621977,0.29215782339785507,0.36174508217413714,0.0008115754727864412,0.02216895230138188,2.9954003615743794,,0.002439553499365282,,76.37337566788788,18.96309424965245,,103.88935720844633,76.271334168258,25.340396407303537,95.19455859919263,38.965440883757964,17.735543172070933,,0.6888903052943527,,0.04426858552796825,0.13552900009853824,,0.08417977800794468,0.04064869069179911,0.14009983163730355,0.0030999721716021655,0.2665496009170629,0.10018546513880894,,,,0.2065,4130.0,0.73277867,0.6984092,0.81006336,0.5046801,0.49957165,0.6391515,0.5014783,0.6193687,0.4993000328540802,0.7995769438743592,0.6055999398231506,0.7995769438743592,0.021,21.0,0.3289856053263766,0.31944231047373434,0.33939913362320634,0.4015536084909428,0.4169823490355494,0.4116156417992645,0.4206434406813205,0.42438328842141354,0.4281355464458919,0.02834308757425921,0.036722434766245655,0.032577142210338396,0.023516226799083637,0.028842328461735765,0.024724625498887178,0.025889600366254664,0.0324518871372342,0.030951293339152867,0.69699997,0.7468182,0.70348835,0.5075658,0.5126017,0.614567,0.49921262,0.6162879,0.4935000240802765,0.7843916707038879,0.6135500073432922,0.7843916707038879,0.022,22.0,0.33868243182016927,0.32620210084371626,0.33886407634445687,0.3821599506253738,0.38106288252317555,0.3761277983575324,0.3925675554371736,0.3933593998517639,0.3815656461774197,0.012688747725294406,0.012654936804037181,0.013001747547197372,0.00724301792078996,0.008908923505811754,0.007492705425616247,0.01461744561282302,0.015283745030956123,0.014925664496391813,0.69717747,0.6603604,0.79890513,0.5,0.5126017,0.61622804,0.5126017,0.6021898,0.49640002846717834,0.7919843072891235,0.6095749735832214,0.7919843072891235,0.0215,21.5,0.33383401857327294,0.3228222056587253,0.3391316049838316,0.3918567795581583,0.3990226157793625,0.39387172007839844,0.40660549805924706,0.4088713441365887,0.4048505963116558,0.020515917649776807,0.02468868578514142,0.022789444878767884,0.015379622359936798,0.01887562598377376,0.016108665462251714,0.020253522989538843,0.02386781608409516,0.02293847891777234,0.6970887,0.7035893,0.75119674,0.50378287,0.5126017,0.6153975,0.5059072,0.60923886,2026-10-04T15:53:10.696388
26,0.6253498792648315,0.5011100769042969,0.7581402356147766,0.6253126263618469,0.7581402356147766,0.7779560956001281,0.85645912733078,1.7850232748031616,0.1681021048307419,3.926536706161499,1.9995788192749024,1.0,10.0,,,,,0.6607734305381775,0.6607734305381775,,,,17.70782028503418,0.021837608340777647,0.020108976121843574,,0.03940620543998755,0.29882329645430206,0.3721711273975433,0.0005596713124029932,0.017332472070268574,3.162774134973052,,0.0013094566546995594,,76.33608887301888,18.933018739056436,,103.88632095239724,76.23335202939951,25.30711565199931,95.19614182004503,38.9265723015852,17.70779829571961,,0.6929374599153069,,0.045083274507218864,0.13597933407042437,,0.08553114837142313,0.04125909663879188,0.1422823789013419,0.003208111636459258,0.2683011754682869,0.10202337915350677,,,,0.1795,3590.0,0.73135525,0.7022151,0.81196517,0.50576615,0.49750778,0.63646466,0.49592957,0.6237678,0.4967000186443329,0.7880141630172729,0.6093499660491943,0.7880141630172729,0.025,25.0,0.40110087607590744,0.39731106932055266,0.41299889132366524,0.42947390356945053,0.36840132481907667,0.4360613307043659,0.3775180351840256,0.3810111120005073,0.38634581281211655,0.045149796780807,0.04310385465350196,0.052538896521296806,0.04433318224974175,0.05404159456985075,0.04948088429482281,0.051887621005165425,0.05000340930018582,0.0613069895613339,0.693,0.7468182,0.7073643,0.51447374,0.5239838,0.61771655,0.5,0.6215909,0.4941999912261963,0.7778334965705872,0.6134000420570374,0.7778334965705872,0.022,22.0,0.3839526688385957,0.38641231426852596,0.4001727967698264,0.3959816739494898,0.35961066587769935,0.3928233757294985,0.34920980514826416,0.35216274202343284,0.35175105014421815,0.022656343769906963,0.02236678181114028,0.02395848197149123,0.01894816683386456,0.02422155201369342,0.015787636204136327,0.023061206705128217,0.022428653672670835,0.02178164736810148,0.6923387,0.68108106,0.79890513,0.49770996,0.50487804,0.6144737,0.50691056,0.6043796,0.4954500049352646,0.78292382979393,0.6113750040531158,0.78292382979393,0.0235,23.5,0.39252677245725154,0.39186169179453934,0.4065858440467458,0.41272778875947014,0.364005995348388,0.41444235321693224,0.3633639201661449,0.36658692701197004,0.36904843147816735,0.03390307027535698,0.03273531823232112,0.03824868924639402,0.03164067454180315,0.03913157329177208,0.03263426024947957,0.03747441385514682,0.036216031486428324,0.04154431846471769,0.6926694,0.7139496,0.7531347,0.50609183,0.5144309,0.6160951,0.5034553,0.61298525,2026-10-04T15:57:19.696524
27,0.6253604292869568,0.5008824467658997,0.7573486277580261,0.6254978179931641,0.7573486277580261,0.7880749009132385,0.8677022449493408,1.8607246658325196,0.18081552600860595,3.8095904846191404,1.9994018184661866,1.0,10.0,,,,,0.6612704628944397,0.6612704628944397,,,,17.680716488647462,0.03532948464253075,0.02641054430819312,,0.046894213021584565,0.3113151979958935,0.40211075088780396,0.0006493605813456426,0.018359904969407686,3.387898615970733,,0.0018489566486976539,,76.29843941463787,18.90446615522834,,103.8779936869433,76.19556392985544,25.274328547678177,95.19833597559838,38.89760239716548,17.680693814708928,,0.6928461964722652,,0.04565062364385386,0.13688538750265813,,0.08616541121985502,0.04183505283324582,0.14456390404397515,0.0033646449817427595,0.2710944554608339,0.10383193512820894,,,,0.16205,3241.0,0.7336006,0.70235604,0.81208396,0.49784756,0.50163555,0.6408687,0.50012153,0.6179226,0.49834999442100525,0.7956301460266113,0.6065500378608704,0.7956301460266113,0.017,17.0,0.43277807755381487,0.43358948068626413,0.4341420346310223,0.4521875240712787,0.4018367022292296,0.4521981809678458,0.46741526591399946,0.47150160716215056,0.4700789399639053,0.05522514484217066,0.05672025827927317,0.05477464184508196,0.05505341186618702,0.047679263442410774,0.054989920344411664,0.05959361459656628,0.05853412050020133,0.05695183004470126,0.70199996,0.7468182,0.70348835,0.5075658,0.51626015,0.614567,0.4988189,0.6166667,0.49580004811286926,0.781346923828125,0.6136000156402588,0.781346923828125,0.017,17.0,0.387232499290009,0.38210480646839723,0.39252110446590555,0.4051712694277504,0.35363035142003546,0.40509520268229804,0.415437428197541,0.4143660829500672,0.40446316955493444,0.01350959556181162,0.011951049705181462,0.01363725263462714,0.019976471394307537,0.021291041504369713,0.018393337401794937,0.013720889614294077,0.013197651769356557,0.011797055823991301,0.69717747,0.6581081,0.79890513,0.50114506,0.5126017,0.61622804,0.5121951,0.6036497,0.49707502126693726,0.7884885349273681,0.6100750267505646,0.7884885349273681,0.017,17.0,0.410005288421912,0.40784714357733065,0.41333156954846395,0.42867939674951455,0.37773352682463257,0.4286466918250719,0.4414263470557702,0.4429338450561089,0.43727105475941985,0.03436737020199114,0.034335653992227315,0.03420594723985455,0.03751494163024728,0.03448515247339024,0.0366916288731033,0.03665725210543018,0.035865886134778945,0.03437444293434628,0.6995887,0.70246315,0.75119674,0.50435543,0.5144309,0.6153975,0.505507,0.6101582,2026-10-04T16:01:28.403230
28,0.625542402267456,0.49812519550323486,0.7579256001472473,0.6254425048828125,0.7579256001472473,0.8176136652946472,0.9005230953216553,2.1976796701431276,0.19565232701301574,4.2399044921875,1.9989160678863525,1.0,10.0,,,,,0.6868255236625671,0.6868255236625671,,,,17.653713565063477,0.01963510589932157,0.020425478544436205,,0.03434274908582306,0.3337825565676021,0.44629118093259773,0.0005630807417491599,0.01702938591586841,3.7244187500446464,,0.0011980741305734999,,76.26225237026335,18.878531850826967,,103.87109340983591,76.15803620162283,25.24316588480761,95.19863920758485,38.88978452743239,17.65369223333468,,0.6926054878599325,,0.046590403908756885,0.13897522145016178,,0.08689549228378163,0.04236328663529864,0.14685729497177585,0.0035011983019815887,0.27573632548569116,0.10557099199219114,,,,0.1448,2896.0,0.7406576,0.6910794,0.81014264,0.5041074,0.5047118,0.6379394,0.49775216,0.6193687,0.4925000071525574,0.7966713027954102,0.6060000658035278,0.7966713027954102,0.018,18.0,0.3221206466451725,0.33283908958451414,0.32954330193784287,0.4210966728102125,0.4356809699210961,0.41828134775922887,0.38850288822872253,0.406176782384636,0.3830191481176005,0.04142622845457901,0.043428409160994205,0.0455765395860026,0.03332022699445564,0.04386174272948651,0.031922856054340754,0.023436428201897008,0.026971283698582087,0.027306748367810208,0.702,0.7468182,0.70348835,0.50690794,0.5142276,0.61220473,0.5,0.6162879,0.5010499954223633,0.7807536883354187,0.6130000352859497,0.7807536883354187,0.018,18.0,0.3033223145841221,0.2905832704795702,0.30523371549006306,0.3385441066866272,0.3272048133749409,0.33787248686782057,0.35676905101096834,0.3563626427427687,0.3394745797507517,0.002175980118647788,0.0013613871143169163,0.0012416882609350443,0.004224914672264322,0.009967153974488847,0.0010014842579347666,-3.154548443672217e-05,-0.00028384430017942163,-0.003933006271459171,0.69717747,0.65675676,0.79890513,0.5,0.5121951,0.6144737,0.5121951,0.60328466,0.4967750012874603,0.7887124955654145,0.6095000505447388,0.7887124955654145,0.018,18.0,0.31272148061464733,0.3117111800320422,0.31738850871395297,0.37982038974841986,0.3814428916480185,0.3780769173135247,0.37263596961984546,0.38126971256370235,0.3612468639341761,0.021801104286613398,0.02239489813765556,0.02340911392346882,0.01877257083335998,0.026914448351987676,0.01646217015613776,0.011702441358730144,0.013343719699201333,0.011686871048175519,0.6995888,0.7017875,0.75119674,0.50345397,0.51321137,0.6133392,0.50609756,0.6097863,2026-10-04T16:05:37.562077
29,0.625209629535675,0.4997599124908447,0.7579228970527649,0.6252299547195435,0.7579228970527649,0.8092308631896973,0.8912088680267334,2.062727018928528,0.195925461435318,4.006698603820801,1.9995400650024413,1.0,10.0,,,,,0.676665030002594,0.676665030002594,,,,17.62719171447754,0.020587325957381303,0.01416398534420759,,0.026704105237131095,0.31910928360121266,0.4241647656271412,0.00043117600548003984,0.014124466924910333,3.4769783319940992,,0.001093672674666841,,76.22395436475232,18.85254932816621,,103.86310543376169,76.12023843169972,25.210848206927064,95.1983073046253,38.881270244622684,17.62717023472877,,0.6929182091336341,,0.046910926296262985,0.1405818058047325,,0.08753284631641048,0.04290023690481095,0.14907218041313683,0.003606403448209641,0.2802617079133441,0.10722126887672266,,,,0.14895,2979.0,0.7488974,0.68147403,0.81479794,0.4942733,0.50149924,0.64018184,0.49783313,0.62535644,0.48520004749298096,0.8071111359596252,0.6034999489784241,0.8071111359596252,0.024,24.0,0.3786774707084951,0.37772585092475996,0.37971005071580155,0.3453949465959363,0.33913423594561626,0.34017976841711856,0.4305911586133405,0.43286208806064924,0.40646675335518745,-0.021964804533864,-0.0188065549951696,-0.023512735487057214,-0.0007802908019880489,0.011253727328834106,-0.0039287875714239424,-0.002431866788105944,0.0015830160072497327,-0.007982420653466982,0.70199996,0.7468182,0.7003876,0.50690794,0.5126017,0.6003937,0.5,0.6132576,0.49810001254081726,0.7879958128929139,0.6128000617027283,0.7879958128929139,0.022,22.0,0.3505083061005893,0.3421040200099458,0.3509240735030173,0.34956660664167083,0.31630573048418265,0.333053286960531,0.4056072419480585,0.40185684274176375,0.3742815963386686,0.0090791679760954,0.008386353816794076,0.009034630326505588,0.012273719919017751,0.02332063430153993,0.008797022169579468,0.0038273901608556595,0.004240672663283259,-0.002287224948609805,0.6979839,0.65855855,0.79890513,0.5,0.51056916,0.61096495,0.5150407,0.60145986,0.4916500300168991,0.7975534744262696,0.6081500053405762,0.7975534744262696,0.023,23.0,0.3645928884045422,0.35991493546735287,0.3653170621094094,0.34748077661880356,0.3277199832148995,0.3366165276888248,0.41809920028069947,0.4173594654012065,0.39037417484692805,-0.0064428182788843,-0.005210100589187762,-0.007239052580275813,0.0057467145585148515,0.017287180815187018,0.002434117299077763,0.0006977616863748576,0.002911844335266496,-0.005134822801038393,0.69999194,0.70268834,0.74964637,0.50345397,0.5115854,0.60567933,0.5075203,0.6073587,2026-10-04T16:09:46.915602
30,0.6243751049041748,0.49737757444381714,0.7622613701820373,0.6244150400161743,0.7622613701820373,0.7974437342643738,0.8781120576858521,1.9612556573867799,0.19073572652339935,4.211855435562134,1.9991134422302246,1.0,10.0,,,,,0.6816380886077881,0.6816380886077881,,,,17.599785833740235,0.042332601915914446,0.030249810794659052,,0.047298219490938695,0.3388924784721083,0.5315584889642752,0.0006162343418561545,0.01701196526017064,4.540518113002656,,0.0017311555906197064,,76.18705637743518,18.824280696310055,,103.86238540357844,76.08232617226376,25.178416051682394,95.19160825887303,38.922068626258024,17.59976164702397,,0.6927053757533905,,0.04797460397432564,0.14156137672579214,,0.08936972569697982,0.04338088410959882,0.15100461671686477,0.0036428106806365547,0.28894936070320715,0.1084148767552558,,,,0.16015,3203.0,0.7425421,0.6900121,0.812183,0.49763033,0.49970794,0.63383836,0.49641556,0.62545824,0.5092000365257263,0.8108663206100464,0.6037999987602234,0.8108663206100464,0.032,32.0,0.32423828482787187,0.3200591949633739,0.3379253245258378,0.41689753812056957,0.3835367499897674,0.4204267727223044,0.40811593146009373,0.3978454915331302,0.4132136278739203,0.029741479292260044,0.03380059256560965,0.038199818004336236,0.033964920565654325,0.03701660738595051,0.039652946936342234,0.041603317346194685,0.04474124870939791,0.04829995328023961,0.703,0.7468182,0.70348835,0.50296056,0.5134146,0.5956693,0.5,0.62007576,0.49469995498657227,0.7973029913902283,0.6094000339508057,0.7973029913902283,0.031,31.0,0.3390811988515738,0.33467214247144644,0.35616352689972963,0.33073447804616685,0.29968763016052313,0.3295535983099984,0.34664337774589543,0.3508967546838125,0.3541779955334025,0.02425267900646653,0.023667206726959367,0.02292756610568471,0.019421193275351155,0.025040364979475836,0.017444520472207816,0.013926664686704084,0.011490584497344462,0.009244516193080485,0.705242,0.64054054,0.79890513,0.50534356,0.5113821,0.579386,0.5093496,0.61021894,0.5019499957561493,0.8040846560001373,0.6066000163555145,0.8040846560001373,0.0315,31.5,0.3316597418397228,0.3273656687174102,0.3470444257127837,0.37381600808336823,0.34161219007514526,0.3749901855161514,0.3773796546029946,0.3743711231084713,0.3836958117036614,0.026997079149363286,0.028733899646284505,0.030563692055010472,0.02669305692050274,0.031028486182713172,0.028548733704275027,0.027764991016449386,0.028115916603371188,0.028772234736660046,0.704121,0.69367933,0.75119674,0.50415206,0.51239836,0.58752763,0.5046748,0.61514735,2026-10-04T16:13:55.556247
31,0.6246453523635864,0.5000478029251099,0.7598059741020202,0.6246627569198608,0.7598059741020202,0.8082280214309693,0.890094599533081,2.0338838752746584,0.20133713979721068,4.43798871383667,1.999715040588379,1.0,10.0,,,,,0.6933603371620178,0.6933603371620178,,,,17.5716375,0.04833615239921684,0.02680536852645314,,0.04176658798738792,0.28725803202124917,0.3892520366675535,0.0005261992815448932,0.015145306620794307,3.2968366880705404,,0.0012328129923438738,,76.15245391456943,18.800278378140394,,103.86236285555894,76.04432663644195,25.14649304918423,95.19218964789324,38.877200885942784,17.571614769613667,,0.6930053173356755,,0.0491516379176811,0.14336635011016943,,0.09114585759913087,0.04400187977560007,0.15338895711929176,0.003855446137037057,0.2902239627519231,0.11032822144449136,,,,0.14945,2989.0,0.7332398,0.6996577,0.8143424,0.49792653,0.4988707,0.63147473,0.49896723,0.62533605,0.49980005621910095,0.8027552871704101,0.607200026512146,0.8027552871704101,0.022,22.0,0.4041069631098258,0.41475017032062844,0.41797763587813075,0.4589771145426615,0.43644280036774774,0.4640056405872777,0.39838745762091166,0.39916600479917097,0.4126660806647531,0.0640628372895988,0.06636896617220284,0.06484005579041,0.06814489174175657,0.09085294511737478,0.07002457449844406,0.0677226227521585,0.06935080250160218,0.06711992492829691,0.70199996,0.7468182,0.70348835,0.5075658,0.5199187,0.618504,0.50078744,0.6125,0.49720004200935364,0.7903843894004822,0.612200140953064,0.7903843894004822,0.022,22.0,0.33403899617594013,0.3347057546408967,0.3430397099426055,0.377774276854314,0.3519744352625219,0.36915399630442874,0.3399858648812175,0.3420495707704309,0.3309877598333372,0.008066316166179574,0.007477071478758067,0.007518263655104767,0.014940912282291469,0.02121552634734489,0.011883077662710066,0.014893879795311609,0.01353543529560157,0.01225052097872011,0.6923387,0.6738739,0.79890513,0.49160308,0.5146342,0.61710525,0.50772357,0.59562045,0.4985000491142273,0.7965698382854461,0.609700083732605,0.7965698382854461,0.022,22.0,0.369072979642883,0.37472796248076257,0.38050867291036816,0.41837569569848776,0.39420861781513483,0.41657981844585323,0.3691866612510646,0.37060778778480097,0.3718269202490452,0.03606457672788919,0.03692301882548045,0.036179159722757384,0.04154290201202402,0.056034235732359834,0.04095382608057706,0.04130825127373505,0.041443118898601874,0.03968522295350851,0.6971693,0.71034604,0.75119674,0.49958444,0.5172764,0.61780465,0.50425553,0.60406023,2026-10-04T16:18:04.123552
32,0.6239849328994751,0.49808013439178467,0.7618843606948853,0.6240324974060059,0.7618843606948853,0.8020958882331848,0.8832811186790467,2.0090797887802125,0.1840198385477066,4.396898802566528,1.9940206241607665,1.0,10.0,,,,,0.7055335906028748,0.7055335906028748,,,,17.543807431030274,0.042036696935182284,0.028522939153555426,,0.04949039411820044,0.29484156552393725,0.4810516416646872,0.00040736015564257836,0.012451158658524229,4.349907901636355,,0.0010661614475799405,,76.115342838749,18.776893275558567,,103.85613192418579,76.00669574130113,25.113772920742157,95.192139789557,38.859707316015935,17.543784536373842,,0.6901270413095024,,0.04961903424114938,0.1447676942226993,,0.09178813219450083,0.044571701864338224,0.15548653445046418,0.004000560961853547,0.2937674091500082,0.11136134979641361,,,,0.15305,3061.0,0.7459102,0.68773663,0.8117076,0.49727488,0.49653426,0.637697,0.49931148,0.6185947,0.4952999949455261,0.8198556752204895,0.5965999364852905,0.8198556752204895,0.027,27.0,0.33301279313083276,0.33290785053533367,0.3401246423804697,0.3340282120029509,0.3004761676397101,0.33363351786393725,0.3237723251286146,0.32736996288241904,0.31232233991839803,-0.032584310739023806,-0.02543045922928731,-0.027550648165370773,-0.030660404197192702,-0.028657409026205356,-0.03151265627086623,-0.03124470697269456,-0.02647949524708279,-0.03354408607100637,0.702,0.7468182,0.6755814,0.5036184,0.5134146,0.60354334,0.49527562,0.5897727,0.5054000020027161,0.7908889236450195,0.6096000075340271,0.7908889236450195,0.025,25.0,0.3265839039336657,0.32352560870828206,0.3415212022279811,0.32645001869347856,0.3047283240341549,0.3245212826022166,0.3387236762026776,0.34159959423019953,0.3255003739470399,0.010827253440864857,0.008119585033361026,0.008465720201012668,0.012619609766650622,0.02227529231633357,0.005557162105394427,-0.0007734934098568454,-0.002398403720319433,-0.0073065084687126075,0.6987903,0.64144146,0.79890513,0.49770996,0.50487804,0.60394734,0.51910573,0.60072994,0.5003499984741211,0.8053722994327546,0.6030999720096588,0.8053722994327546,0.026000000000000002,26.0,0.3297983485322492,0.32821672962180787,0.3408229223042254,0.3302391153482147,0.3026022458369325,0.3290774002330769,0.3312480006656461,0.3344847785563093,0.318911356932719,-0.010878528649079474,-0.008655437097963143,-0.009542463982179053,-0.00902039721527104,-0.0031910583549358933,-0.012977747082735903,-0.016009100191275702,-0.014438949483701112,-0.020425297269859487,0.70039517,0.6941298,0.7372433,0.5006642,0.50914633,0.60374534,0.5071907,0.5952513,2026-10-04T16:22:12.807815
33,0.6238651275634766,0.4996947646141052,0.7617881574630737,0.6238702535629272,0.7617881574630737,0.7889996476173401,0.8687297440528869,1.9709046560287475,0.16704306375980377,4.201305570220947,1.984455401611328,1.0,10.0,,,,,0.6797772057533265,0.6797772057533265,,,,17.51571755371094,0.035571368270298574,0.01438237160257402,,0.026238911954247077,0.27332926589022777,0.4443792341526147,0.0005187829977730408,0.01408406063190596,4.181937001313374,,0.0010961429865242599,,76.07669164572552,18.755361095355575,,103.85394457191418,75.96854118784522,25.08021626806563,95.18773442165107,38.8336762349317,17.51569616718657,,0.6853489067144455,,0.04976419587234023,0.147351298457498,,0.09255329638150088,0.0451895405010433,0.15753660944237072,0.004040540418451189,0.2964436671916087,0.11259205772238932,,,,0.17445,3489.0,0.7398356,0.6826822,0.81408477,0.4984597,0.5037383,0.6416566,0.49720535,0.61547863,0.5002999901771545,0.7957889747619629,0.6064500212669373,0.7957889747619629,0.025,25.0,0.3016903603656022,0.3037595581629081,0.31344890290442173,0.38889677049661847,0.355933743058016,0.39251247732266464,0.3263789399173483,0.31127709890920313,0.329951438285526,0.015557683074095016,0.016105484587639822,0.021689670663067182,0.012000994744798004,0.028247127012396418,0.01878384863283548,-0.0012567732411004964,0.003744155394412463,0.0057671560851704886,0.69699997,0.7468182,0.7031008,0.5115132,0.5166667,0.61614174,0.5,0.6125,0.49775001406669617,0.7783453993797302,0.6143499612808228,0.7783453993797302,0.026,26.0,0.32673532993184856,0.32824946982757525,0.340270712159641,0.3637348426070827,0.34357114533496563,0.3647849827298636,0.33771861444429346,0.33819550263213183,0.3364624487872809,0.01285018601523925,0.012222875201939069,0.013175074386530494,0.010116830763475308,0.01573399603176141,0.008223008437318647,-0.0031268408220735374,-0.0033536386006273147,-0.004946525371059937,0.6923387,0.67657655,0.7992701,0.5,0.5138211,0.6179825,0.5085366,0.6,0.49902500212192535,0.7870671870708466,0.61039999127388,0.7870671870708466,0.025500000000000002,25.5,0.3142128451487254,0.31600451399524165,0.32685980753203137,0.3763158065518506,0.3497524441964908,0.3786487300262641,0.3320487771808209,0.3247363007706675,0.33320694353640345,0.014203934544667132,0.014164179894789446,0.017432372524798838,0.011058912754136657,0.021990561522078914,0.013503428535077064,-0.002191807031587017,0.00019525839689257416,0.0004103153570552756,0.69466937,0.71169734,0.7511854,0.5057566,0.5152439,0.6170621,0.5042683,0.60625005,2026-10-04T16:26:21.500730
34,0.6248499751091003,0.5011271238327026,0.7569320618629456,0.6248775124549866,0.7569320618629456,0.7994482045173645,0.8803392481803894,2.0676329034805296,0.1653730108857155,4.075384059524536,1.9988376609802245,1.0,10.0,,,,,0.6680695289611817,0.6680695289611817,,,,17.488978884887697,0.0380329465386784,0.015787061105132293,,0.026604600658545353,0.2154869317154216,0.28386803132713223,0.00039582671629113687,0.01184825801771063,2.627086718892975,,0.0010297907102094135,,76.03872189855879,18.72914469773602,,103.84535363069764,75.9300449152661,25.045819300754815,95.18667442175993,38.808003686795566,17.48895583183143,,0.6925450392589447,,0.05015541266673689,0.14884253577062279,,0.0931115883645738,0.04585518934734308,0.1597762548240127,0.004123450277646067,0.29917661418580704,0.11468062122726137,,,,0.16425,3285.0,0.7318965,0.7074104,0.8118463,0.49830177,0.500331,0.6356364,0.49463347,0.6214256,0.4948999583721161,0.7953628492355347,0.6053001284599304,0.7953628492355347,0.026,26.0,0.3608209428755774,0.36813927217065484,0.37718160927225647,0.4061794722778186,0.40283718172172533,0.4100611592911265,0.37697937539037163,0.3812180884824505,0.3775061475927448,0.02283208839309491,0.021156158729799094,0.02803879501534889,0.03610738573997803,0.057447217304400354,0.037416169921973184,0.016387429972321066,0.016219208003147644,0.018223847364150645,0.693,0.7468182,0.70348835,0.51348686,0.5231707,0.61377954,0.49133858,0.60871214,0.4921000301837921,0.7872943477630615,0.6081001162528992,0.7872943477630615,0.026,26.0,0.38552287727687784,0.38186067033836374,0.39320345038595167,0.3915852007909171,0.36005556572987824,0.3927681240342846,0.38020030651602754,0.38021461752504143,0.37131463598905773,0.02747269403522566,0.026689879479865123,0.028871181404828958,0.026918715911784755,0.03684681242324985,0.02839438421027017,0.016331565972193086,0.01560185183520581,0.016399754452685093,0.68024194,0.68108106,0.79890513,0.49541986,0.501626,0.6144737,0.50853664,0.580292,0.4934999942779541,0.7913285984992982,0.6067001223564148,0.7913285984992982,0.026,26.0,0.37317191007622763,0.3749999712545093,0.38519252982910407,0.39888233653436783,0.3814463737258018,0.4014146416627056,0.3785898409531996,0.38071635300374596,0.3744103917909013,0.025152391214160286,0.02392301910483211,0.028454988210088926,0.03151305082588139,0.0471470148638251,0.032905277066121674,0.016359497972257074,0.015910529919176727,0.01731180090841787,0.68662095,0.7139496,0.75119674,0.50445336,0.51239836,0.6141266,0.4999376,0.5945021,2026-10-04T16:30:30.937315
35,0.6259651780128479,0.5017070770263672,0.7557012475967407,0.6257999539375305,0.7557012475967407,0.8157909587860107,0.898497864818573,2.286641549491882,0.1757885655641556,4.30902015991211,1.9948386640548705,1.0,10.0,,,,,0.6698589458465576,0.6698589458465576,,,,17.462644915771484,0.033309038633563715,0.020851786831204012,,0.03271784019585296,0.25361332591551883,0.3500500984822109,0.0005365571201405233,0.014925413447651704,3.301541789132319,,0.0011377528285700198,,76.0015682050377,18.700570950842206,,103.836607671847,75.89225453176316,25.0149311746002,95.18875297011843,38.78066404306205,17.462621506612013,,0.6905580599596546,,0.05067933346055875,0.14943346011031206,,0.09354356334657427,0.04649783189224589,0.162291386704536,0.004221620892358433,0.3017952108079461,0.11690154847255937,,,,0.15925,3185.0,0.73305935,0.6964559,0.81553096,0.4971564,0.49955216,0.63949496,0.5016201,0.62613034,0.5016999840736389,0.7950824842453003,0.6071999669075012,0.7950824842453003,0.024,24.0,0.3652449395341364,0.37295209324402734,0.37126851628750895,0.4511976639906686,0.4621364619181343,0.4510835499398467,0.4007196740382297,0.40285865698385726,0.40643436115663134,0.004019436560277181,0.004220073048139838,0.0044735189662238675,0.02733955721764675,0.040262999370440054,0.02694739473049574,0.02770400459353619,0.02802939089201858,0.026939809752844726,0.693,0.7468182,0.70348835,0.5154605,0.5231707,0.61614174,0.5,0.6102273,0.5014999508857727,0.7819046130180359,0.6132000088691711,0.7819046130180359,0.022,22.0,0.39228897343036057,0.39316734182915114,0.399020965712009,0.3931861770176373,0.3690785106839013,0.39501197064184657,0.4201627546943085,0.41579951825913936,0.41709496157058107,-0.004652595158227569,-0.005512488352495963,-0.005348841759756258,0.011978125103884697,0.02156792244652706,0.009204861879556324,-0.011804353383026609,-0.01254532992261468,-0.014904780052703813,0.6923387,0.6783784,0.79890513,0.49694654,0.5089431,0.61885965,0.5020325,0.6029197,0.5015999674797058,0.7884935486316681,0.6101999878883362,0.7884935486316681,0.023,23.0,0.37876695648224845,0.38305971753658924,0.385144740999759,0.42219192050415294,0.4156074863010178,0.4230477602908466,0.4104412143662691,0.40932908762149833,0.41176466136360623,-0.000316579298975194,-0.0006462076521780626,-0.0004376613967661952,0.019658841160765723,0.030915460908483558,0.018076128305026033,0.007949825605254791,0.007742030484701949,0.006017514850070457,0.6926694,0.7125983,0.75119674,0.50620353,0.5160569,0.61750066,0.50101626,0.60657346,2026-10-04T16:34:39.803432
36,0.6273748874664307,0.5004777312278748,0.7535633659362793,0.6273725032806396,0.7535633659362793,0.8183471755981445,0.9013381009101867,2.2736804800033568,0.17510625452995301,4.322197410202026,1.9952463035583496,1.0,10.0,,,,,0.6657302863121033,0.6657302863121033,,,,17.437417117309572,0.03700667447825763,0.025748551273748137,,0.040517310379073024,0.2530643685608153,0.30672907219476003,0.0005293219612768976,0.014335885970218546,2.7354303008052194,,0.0011952284794518795,,75.9622447505878,18.676431218529963,,103.8285825692924,75.85445404052734,24.98331106392441,95.19071348153861,38.757074756986775,17.437403332655595,,0.6907729825396447,,0.050897486602804465,0.15142272422268133,,0.09419201931376366,0.047077085253349533,0.1649099834215869,0.004292214479131304,0.30468433601841044,0.11937553264722703,,,,0.1572,3144.0,0.73753005,0.70116794,0.813233,0.50227094,0.5059385,0.6344444,0.49827865,0.6284929,0.5008000135421753,0.7963719806671142,0.6067000031471252,0.7963719806671142,0.029,29.0,0.31603235304732213,0.3189402010186783,0.33514828256686097,0.373451897240196,0.3579947724824132,0.37945241729583346,0.4027763407788624,0.4119688802381994,0.3840119629324499,0.000952178536435682,0.0115591162426832,0.011583287245969678,0.0033616000858346343,0.03127264457254044,0.011063433929535672,0.00590931023848515,0.015338133223163347,0.013449931922666487,0.7015,0.74136364,0.6937984,0.5151316,0.5146342,0.60944885,0.50905514,0.62007576,0.49665001034736633,0.7798949718475342,0.6125499606132507,0.7798949718475342,0.028,28.0,0.3666164296585967,0.36119024581473363,0.3765302995223216,0.4171944131880608,0.40280560673803456,0.40544350120879163,0.45079643164379807,0.45450822103796645,0.4193673569781595,0.013147905413078087,0.011313205563164787,0.01320999658736438,0.005836914581584066,0.014166249938415606,0.0005668465768667772,0.007080648300055869,0.006107956440213077,0.0001798837099129972,0.69758064,0.65900904,0.7967153,0.5019084,0.5121951,0.6131579,0.5097561,0.60145986,0.4987250119447708,0.7881334762573242,0.609624981880188,0.7881334762573242,0.0285,28.5,0.34132439135295944,0.340065223416706,0.3558392910445913,0.3953231552141284,0.38040018961022387,0.3924479592523126,0.42678638621133025,0.4332385506380829,0.4016896599553047,0.0070500419747568845,0.011436160902923993,0.012396641916667029,0.00459925733370935,0.022719447255478024,0.005815140253201225,0.00649497926927051,0.010723044831688212,0.006814907816289742,0.6995403,0.7001864,0.7452569,0.50852,0.5134146,0.6113034,0.5094056,0.61076784,2026-10-04T16:38:49.277144
37,0.6244122385978699,0.49685755372047424,0.758347403049469,0.6243875622749329,0.758347403049469,0.7914292526245117,0.8714293042182922,1.964953818321228,0.1975076862335205,4.095670363235474,1.9993141845703124,1.0,10.0,,,,,0.6646350018501281,0.6646350018501281,,,,17.414168524169924,0.07398582897430796,0.035658935738199504,,0.056326724829858135,0.25081773816495184,0.368033935998086,0.0006231407503853997,0.014853946253609885,3.1801412585814286,,0.0015151138554785437,,75.92680499811841,18.661562512634667,,103.82971881453399,75.81718148395514,24.954996218347247,95.18888524535355,38.8258597501524,17.41414995861661,,0.6928045476318165,,0.05213330992183108,0.1560702517533758,,0.09577942630098124,0.047631805205041435,0.16789910073872585,0.004266613210509917,0.31473505155296083,0.12213588933086698,,,,0.17205,3441.0,0.7299118,0.6988321,0.8147386,0.50039494,0.5048871,0.63301015,0.4924666,0.623055,0.49254995584487915,0.7952035713195801,0.606749951839447,0.7952035713195801,0.043,43.0,0.38007128128868584,0.3885385921512118,0.3843589084906017,0.48010446896973086,0.5099219396611717,0.48087190090227294,0.44484487573542864,0.451548660739993,0.4443474512311582,0.046458533772272555,0.04656829976965377,0.045685072547028534,0.05070050093083584,0.05775171427891013,0.05128954298046836,0.04569996182973394,0.04384974531755651,0.04362508613495247,0.6955,0.7468182,0.70348835,0.50690794,0.5211382,0.61614174,0.5019685,0.61477274,0.5033500790596008,0.7829563527107238,0.6122499704360962,0.7829563527107238,0.037,37.0,0.3458655134959399,0.3475915816452898,0.3533423901593175,0.4230182856343059,0.43004795244089644,0.4162489552391789,0.37266919497086687,0.38617721879151073,0.3790991447234098,0.008332374449520934,0.00993588178472097,0.009595273261998181,0.015310839654818928,0.01532503708784799,0.01400012526447833,0.01336985168969864,0.012278796996379208,0.011988286174329186,0.6923387,0.6734234,0.79890513,0.4965649,0.5097561,0.6192982,0.5020325,0.59927005,0.49795001745224,0.789079962015152,0.6094999611377716,0.789079962015152,0.039999999999999994,40.0,0.3629683973923129,0.3680650868982508,0.3688506493249596,0.4515613773020184,0.4699849460510341,0.44856042807072594,0.4087570353531478,0.41886293976575184,0.411723297977284,0.027395454110896743,0.02825209077718737,0.027640172904513358,0.03300567029282739,0.03653837568337906,0.03264483412247335,0.02953490675971629,0.02806427115696786,0.02780668615464083,0.69391936,0.7101208,0.75119674,0.5017364,0.51544714,0.61772,0.5020005,0.6070214,2026-10-04T16:42:58.204787
38,0.623130202293396,0.5004501938819885,0.7613603713989258,0.6231026649475098,0.7613603713989258,0.8206352396965026,0.9038803936004639,2.3205899181365965,0.23901593811511992,4.699189669799805,1.9992927360534667,1.0,10.0,,,,,0.6803179297447205,0.6803179297447205,,,,17.38842859802246,0.059417829913336336,0.02962219841673727,,0.042783713665239184,0.24553984375136673,0.36431491087861123,0.0003868585415038052,0.0109921078891701,3.1894112147723033,,0.0009907862082272798,,75.89241280525353,18.63656099890448,,103.83435787516794,75.77916469695462,24.92159971006357,95.18771240817513,38.82552099531623,17.38840732452976,,0.6927947853780856,,0.05314229433513751,0.15892413106693584,,0.09809518059727493,0.04825510395465383,0.17023520048256893,0.00441475762172964,0.31933619736865826,0.12411302532170229,,,,0.1498,2996.0,0.7224539,0.7004632,0.8116284,0.50073063,0.50249225,0.62810105,0.49967602,0.62156826,0.49100005626678467,0.79200372838974,0.6073000431060791,0.79200372838974,0.027,27.0,0.37653007672223354,0.38428836477346767,0.37764389405262694,0.44690657179554394,0.47562814096384204,0.4478929117644091,0.42777531228090276,0.43433992560428447,0.4263561355287295,-0.0002490164328874404,0.002114691314750428,-9.020468622156519e-05,0.021833491462735347,0.02779798632370892,0.02257494356862427,0.004558370607421556,0.003993324749116422,0.0035210244928339657,0.693,0.7468182,0.70348835,0.512829,0.5239838,0.61614174,0.5,0.6132576,0.49679994583129883,0.7808943490982055,0.6125001311302185,0.7808943490982055,0.03,30.0,0.3708714891846083,0.3760418457856362,0.37443548311531316,0.4375701094394318,0.4656432468048632,0.4399232059484982,0.3964004222606557,0.40023563930225675,0.39179208863419945,-0.004002900638389762,-0.003778994467892062,-0.004849288384774592,0.009745320027780145,0.013769825182101219,0.00820634514752707,-0.0033046601563484416,-0.004129865511442823,-0.006506318594708219,0.6923387,0.67477477,0.79890513,0.49770996,0.5089431,0.61710525,0.50447154,0.59927005,0.49390000104904175,0.7864490387439728,0.6099000871181488,0.7864490387439728,0.028499999999999998,28.5,0.3737007829534209,0.38016510527955194,0.3760396885839701,0.4422383406174879,0.4706356938843526,0.4439080588564537,0.41208786727077923,0.4172877824532706,0.4090741120814645,-0.0021259585356386015,-0.0008321515765708169,-0.0024697465354980783,0.015789405745257744,0.02078390575290507,0.01539064435807567,0.000626855225536557,-6.827038116320044e-05,-0.0014926470509371266,0.6926694,0.7107965,0.75119674,0.50526947,0.5164634,0.6166235,0.5022358,0.6062638,2026-10-04T16:47:06.325946
39,0.6245998740196228,0.4999300241470337,0.758116515159607,0.6246474385261536,0.758116515159607,0.8215547560691834,0.9049020792961121,2.3429753616333007,0.20674156847000122,4.57705276260376,1.9978856361389161,1.0,10.0,,,,,0.6410931174278259,0.6410931174278259,,,,17.362032672119142,0.1619169656721175,0.02298607533518818,,0.03483154989666288,0.24875384554931312,0.391524808279648,0.00040860016896815046,0.0111233078619572,3.4030015943156684,,0.0009015596160621776,,75.85551122191605,18.608802187974288,,103.8306775913117,75.7420014302442,24.88874237400711,95.18596585996592,38.792259945231635,17.362010907215677,,0.6920930811554004,,0.0537962663657726,0.16010640068039014,,0.09913891145757808,0.04890982989387907,0.17243928932080602,0.004578822983464428,0.3213098705953853,0.12607947798671237,,,,0.1511,3022.0,0.74097836,0.68552154,0.8141046,0.4993286,0.49834502,0.6389495,0.5032807,0.6191243,0.5067999958992004,0.7997394666671753,0.6056000590324402,0.7997394666671753,0.034,34.0,0.4267777653793258,0.4258830869326853,0.42827851578252535,0.4762974155329189,0.49126613034200967,0.4780313439508129,0.4849684751026592,0.4895140089670512,0.48286247379047836,0.022546124393188077,0.023285391146340186,0.021583506374769718,0.033434741256360714,0.03440844275236803,0.03515297206124687,0.01832289909804544,0.018241701962022357,0.017894451038352088,0.69699997,0.7468182,0.6996124,0.50888157,0.5117886,0.61929137,0.5015748,0.6125,0.5047999620437622,0.7828187613487244,0.6140000224113464,0.7828187613487244,0.033,33.0,0.3479476522496119,0.34908306309030185,0.3515262670512064,0.4104314469755578,0.39131840419291686,0.40584166568313174,0.3762175500348197,0.3762857569030772,0.37423899714924974,-0.0044054848186860455,-0.00516961184760166,-0.005478895695073444,0.009395162768869585,0.01333437326975318,0.006577702601425279,-0.0052945282498264344,-0.006253060746940413,-0.00818356433716256,0.7012097,0.6558559,0.79890513,0.5,0.5138211,0.6179825,0.5134146,0.6021898,0.5057999789714813,0.7912791140079498,0.6098000407218933,0.7912791140079498,0.0335,33.5,0.3873627088144689,0.3874830750114936,0.3899023914168659,0.4433644312542383,0.4412922672674633,0.44193650481697233,0.4305930125687395,0.4328998829350642,0.42855073546986405,0.009070319787251015,0.009057889649369263,0.008052305339848137,0.02141495201261515,0.023871408011060608,0.020865337331336074,0.006514185424109503,0.0059943206075409716,0.004855443350594763,0.69910485,0.70133704,0.74925876,0.5044408,0.51280487,0.61863697,0.5074947,0.60734487,2026-10-04T16:51:14.749809
40,0.6257021427154541,0.5013502240180969,0.7552994502067566,0.625697135925293,0.7552994502067566,0.8214201237678528,0.9047524878501892,2.287104450035095,0.20702184829711914,4.698437693405151,2.0,1.0,10.0,,,,,0.696384983921051,0.696384983921051,,,,17.336649826049804,0.07083482994656463,0.01809923546492555,,0.026954588687171935,0.23056347905450567,0.36484197498696624,0.0002695512178370278,0.008887175893244944,3.0670647754031384,,0.0006319021532612064,,75.81920686952627,18.581622214833644,,103.82146638517926,75.70474559030716,24.857220631496162,95.1822581686032,38.79556225819193,17.33662714624101,,0.6931471824645996,,0.054444644291689444,0.16136842434573326,,0.09963367627874302,0.04948015496799141,0.17476460859654055,0.004601791640447014,0.3260695947583314,0.12817657117251377,,,,0.1512,3024.0,0.73440254,0.70072496,0.8143621,0.4974921,0.49877337,0.6363435,0.500648,0.6254379,0.5057999491691589,0.79640118932724,0.6056999564170837,0.79640118932724,0.033,33.0,0.412468148784159,0.4213121905555285,0.4175133237065474,0.47797002909843456,0.45994968968790706,0.4807111427728642,0.4250998621965715,0.42076369640878125,0.4182288461410454,0.042942201847889494,0.04185727870760237,0.04460732936178979,0.050440819099076425,0.058743147096831955,0.05245299803730677,0.039300439294440194,0.03821032733545031,0.039196395186803346,0.688,0.74136364,0.6996124,0.512829,0.52154475,0.61535436,0.50236225,0.61401516,0.4902000427246094,0.78218204164505,0.6125999689102173,0.78218204164505,0.029,29.0,0.37186308303702165,0.36726665657193563,0.3732316366466033,0.4276058063325338,0.40263802190102016,0.4188637096068192,0.36052560747106993,0.3579804677598188,0.3450856576426738,0.013286039074336916,0.013132669569229913,0.014259767741554222,0.012633786670366019,0.018321668677461905,0.01133472374237358,-0.001228644393560249,-0.0012006178547424862,-0.0018479223778498036,0.6923387,0.6873874,0.7967153,0.49847332,0.501626,0.6144737,0.5020325,0.6021898,0.49799999594688416,0.789291615486145,0.6091499626636505,0.789291615486145,0.031,31.0,0.3921656159105903,0.3942894235637321,0.39537248017657534,0.4527879177154842,0.4312938557944636,0.4497874261898417,0.39281273483382073,0.3893720820843,0.3816572518918596,0.028114120461113206,0.02749497413841614,0.029433548551672004,0.03153730288472122,0.03853240788714693,0.03189386088984018,0.019035897450439973,0.01850485474035391,0.018674236404476772,0.69016933,0.7143755,0.7481638,0.5056512,0.51158535,0.61491406,0.5021974,0.60810244,2026-10-04T16:55:23.849573
41,0.6221223473548889,0.5011279582977295,0.7618744428634644,0.6220898032188416,0.7618744428634644,0.8090200994491578,0.8909746849060058,2.0568092489242553,0.20772277450561524,4.447547802734375,1.9917917457580567,1.0,10.0,,,,,0.6849666131973267,0.6849666131973267,,,,17.310468280029298,0.0350724486107671,0.01671526004978497,,0.025027937501977394,0.21390859322373273,0.32962977231308155,0.00040983835074518196,0.011086555384692682,2.8896176765678794,,0.0012531901856552168,,75.78189179244315,18.561428458827315,,103.81635401051516,75.66659842327142,24.823683756931572,95.18031369348999,38.74241533704624,17.31045820151165,,0.6890484686869724,,0.054853874098533276,0.16399106041640993,,0.10064798996896501,0.0500603388449189,0.176706395141638,0.004532897755930758,0.32647464761308803,0.1302646267565952,,,,0.1563,3126.0,0.7231957,0.703967,0.80865693,0.49664298,0.5009735,0.62416166,0.49921024,0.6223218,0.49470001459121704,0.789330180644989,0.6088000535964966,0.789330180644989,0.03,30.0,0.4472549143510549,0.4538280492866706,0.4534714093765641,0.5241597244259827,0.5068639153823422,0.5253987556200392,0.45524643526511777,0.4588013433983502,0.4564090354587106,0.06266095491238925,0.06002762694064639,0.06255076333264209,0.07372628666035161,0.09871651384017163,0.07421985447202686,0.052360380495571006,0.05032435045274517,0.050209916522858666,0.693,0.74136364,0.7073643,0.5180921,0.5239838,0.61614174,0.5,0.6193182,0.5024000406265259,0.7790596742630005,0.6141000390052795,0.7790596742630005,0.028,28.0,0.4243924016594845,0.42928629876764984,0.43068126787446825,0.452838040559256,0.4355244585262235,0.45827242175232313,0.40276751722201454,0.402896422405279,0.39364385462116736,0.013911632371233561,0.01451917869151352,0.013953151369722498,0.024202634332512726,0.041732319838902035,0.021716858907148893,0.009749447599973973,0.00951147922722231,0.007441859922697153,0.6923387,0.68108106,0.7967153,0.49847332,0.50487804,0.6144737,0.50853664,0.609489,0.49855002760887146,0.7841949274539948,0.6114500463008881,0.7841949274539948,0.028999999999999998,29.0,0.4358236580052697,0.4415571740271602,0.4420763386255162,0.48849888249261936,0.47119418695428283,0.49183558868618116,0.42900697624356615,0.4308488829018146,0.42502644503993897,0.03828629364181141,0.03727340281607995,0.038251957351182295,0.04896446049643217,0.07022441683953684,0.04796835668958788,0.03105491404777249,0.02991791483998374,0.028825888222777908,0.6926694,0.71122235,0.7520398,0.5082827,0.5144309,0.6153077,0.5042683,0.6144036,2026-10-04T16:59:32.522397
42,0.6251400113105774,0.4983249008655548,0.7553113314628601,0.6252472400665283,0.7553113314628601,0.8182594096183777,0.901240584564209,2.167006694984436,0.19502447955608368,4.38403020324707,1.9975974281311035,1.0,10.0,,,,,0.6864812075614929,0.6864812075614929,,,,17.286957595825196,0.025855087827902974,0.022951361890081436,,0.03601714908768227,0.23347236488939851,0.3529959608130394,0.0005202476888695571,0.012170426590534248,3.13911370733741,,0.001336235207244424,,75.74809770523363,18.53801417502628,,103.81857552498009,75.62932839363243,24.79172444191708,95.17693129618456,38.79262472262048,17.286938879899918,,0.6919484814261175,,0.05614387528721694,0.166051645377639,,0.10203662429265915,0.05069549381732941,0.17874023517605606,0.004675727201163009,0.3344690619380611,0.13298630315786714,,,,0.148,2960.0,0.7393344,0.6885219,0.81168777,0.5034163,0.50280374,0.631798,0.49649656,0.63028514,0.49879997968673706,0.7935918021202087,0.6055000424385071,0.7935918021202087,0.026,26.0,0.3831543092221271,0.38624773727719486,0.3875888331259225,0.4418274554556439,0.4789863953518972,0.44582231141114986,0.3509230365988399,0.35769493151762227,0.3536472021940519,0.06147525514247866,0.06366039586992071,0.061831193152707485,0.07852816621376225,0.09042202478837408,0.07641010423410623,0.0568545666214798,0.05575166105978851,0.05527454468546316,0.697,0.7468182,0.70348835,0.5095395,0.5142276,0.614567,0.49842522,0.6125,0.49000000953674316,0.7808756003379822,0.6118000149726868,0.7808756003379822,0.027,27.0,0.3443774147280184,0.34634942416155046,0.3513802930134078,0.39616324373522327,0.38607265892805837,0.3912630468062088,0.3505498963041768,0.3498454277464913,0.3423020296748576,0.010797646275080609,0.009866697484896273,0.012454194893046845,0.02284428138545317,0.022654936969050472,0.021299845171640595,0.0022292771298771277,0.0013906465105670421,0.0035304670668824777,0.6923387,0.6693694,0.79890513,0.49618322,0.5121951,0.61622804,0.50528455,0.5970803,0.4943999946117401,0.7872337012290955,0.6086500287055969,0.7872337012290955,0.0265,26.5,0.36376586197507277,0.36629858071937266,0.36948456306966515,0.4189953495954336,0.4325295271399778,0.41854267910867937,0.35073646645150836,0.3537701796320568,0.3479746159344548,0.03613645070877963,0.03676354667740849,0.03714269402287716,0.050686223799607716,0.05653848087871227,0.04885497470287341,0.029541921875678463,0.028571153785177775,0.029402505876172817,0.69466937,0.70809376,0.75119674,0.5028614,0.51321137,0.6153975,0.5018549,0.60479015,2026-10-04T17:03:41.826445
43,0.624147355556488,0.5012326836585999,0.7575363265991211,0.6241723895072937,0.7575363265991211,0.8146314413070679,0.8972095104217529,2.053661879348755,0.18944927446842194,4.4024054737091065,1.9983371437072754,1.0,10.0,,,,,0.6812245105743409,0.6812245105743409,,,,17.265930392456056,0.023227328228079092,0.019180995375095943,,0.027970473399195984,0.23418101490398122,0.3093983866748916,0.0003071085437368542,0.010351028075370534,2.5115889568997036,,0.0008868177458326923,,75.7112041886445,18.509976016488046,,103.82096955123221,75.59221381898139,24.762324436455017,95.17311932023163,38.80329673912875,17.26592136796113,,0.6923181676560906,,0.05676132851060788,0.16666164747468984,,0.10370554082143078,0.05135300316533465,0.18148639655796586,0.004818993380328842,0.33950207529553944,0.1370332024659321,,,,0.14785,2957.0,0.7420008,0.69254935,0.8143424,0.49551737,0.49248445,0.639798,0.494512,0.624888,0.5009000301361084,0.794232626914978,0.6051999926567078,0.794232626914978,0.027,27.0,0.30747324655235814,0.29317440563188146,0.302781257367995,0.4267741033470896,0.42250522619141034,0.4303627048819975,0.32702627769741854,0.3227221837248423,0.32160606619506515,0.024935675377217897,0.024182918656271053,0.022630229134669905,0.043200779985069444,0.05126776689267368,0.03939938743732048,0.017718208842266808,0.014541684962359004,0.015463491560828038,0.70199996,0.7468182,0.70348835,0.5049342,0.5126016,0.60590553,0.49842522,0.6215909,0.5040000081062317,0.7809003977775574,0.6119000315666199,0.7809003977775574,0.029,29.0,0.33843761816923795,0.33481662480719554,0.34139806737038003,0.40857107830898587,0.39536991647339165,0.4101978978545101,0.3306589211340001,0.3289633910913096,0.3264023615148857,0.018961443813982546,0.020814769168346403,0.020403767055145676,0.028388887300917865,0.03629014810167385,0.030931142784386665,0.011213374089491234,0.011571251027080232,0.011105836887693912,0.6979839,0.65855855,0.79890513,0.5,0.5121951,0.59780705,0.5134146,0.60583943,0.50245001912117,0.7875665123462676,0.6085500121116638,0.7875665123462676,0.028,28.0,0.32295543236079804,0.3139955152195385,0.3220896623691875,0.41767259082803776,0.408937571332401,0.4202803013682538,0.3288425994157093,0.32584278740807593,0.32400421385497546,0.02194855959560022,0.022498843912308726,0.021516998094907792,0.035794833642993656,0.04377895749717377,0.03516526511085357,0.014465791465879022,0.013056467994719618,0.013284664224260976,0.69999194,0.70268834,0.75119674,0.5024671,0.51239836,0.6018563,0.50591993,0.6137152,2026-10-04T17:07:51.132127
44,0.6259247660636902,0.4994899034500122,0.7561981182098388,0.6260044574737549,0.7561981182098388,0.8024008486747741,0.883619960975647,1.9198246097564697,0.15131934764385224,4.608326508712769,1.9985294647216796,1.0,10.0,,,,,0.7232973182678223,0.7232973182678223,,,,17.254352478027343,0.033882876752080855,0.03034824006493755,,0.048281841021576885,0.2365280552085038,0.2987848080362484,0.000546464073482106,0.015798598560534276,2.407929828402343,,0.0009726031972593102,,75.67721747137179,18.4910938238642,,103.81942112430646,75.5554072872089,24.738172737656125,95.17453197309166,38.8093328050747,17.254333046591206,,0.6924141478386654,,0.057558453196932556,0.1690531106321675,,0.10516262946614793,0.0522741663038351,0.18502849520771367,0.0047831701672380895,0.343957296981933,0.1433311180703959,,,,0.16165,3233.0,0.7471933,0.6814942,0.8168186,0.49693918,0.49957165,0.6448283,0.49420822,0.62953156,0.5051000714302063,0.7977199544906616,0.6040000319480896,0.7977199544906616,0.031,31.0,0.42423603067799354,0.41978213853689245,0.42290984616284394,0.5171782391162971,0.5014847395031674,0.5192938284727538,0.44030217691338663,0.436358265348151,0.4358265956834796,0.04288386423502362,0.04038296945476476,0.0420491392885933,0.07460729960860624,0.06398250994418271,0.06977742926015666,0.03597948078513755,0.03310791730008666,0.03449538797250149,0.693,0.7468182,0.70348835,0.5111842,0.5199187,0.60590553,0.4964567,0.607197,0.5024999380111694,0.7857343249320984,0.6118000745773315,0.7857343249320984,0.03,30.0,0.4164741722346404,0.4154140786437817,0.41631575308103785,0.4863830253524157,0.4570383920093419,0.478664512982126,0.4589711658833219,0.45982774418899447,0.45051370123538864,0.016299153381917196,0.01639087613791243,0.01619652088692692,0.03436729330062986,0.04800475607375391,0.03412085176974913,0.0032311509426501553,0.003841242343636053,0.0030983058345491823,0.69274193,0.67072076,0.7952555,0.49351147,0.51626015,0.6118421,0.5113821,0.5963504,0.5038000047206879,0.79172713971138,0.6079000532627106,0.79172713971138,0.0305,30.5,0.42035510145631694,0.4175981085903371,0.41961279962194087,0.5017806322343564,0.47926156575625467,0.4989791707274399,0.4496366713983543,0.4480930047685727,0.44317014845943414,0.029591508808470408,0.028386922796338594,0.02912283008776011,0.05448729645461805,0.05599363300896831,0.0519491405149529,0.019605315863893854,0.018474579821861355,0.018796846903525337,0.692871,0.70876944,0.7493719,0.5023478,0.5180894,0.60887384,0.5039194,0.6017737,2026-10-04T17:12:00.330292
45,0.6291600465774536,0.5028427839279175,0.7534399718284607,0.6292378902435303,0.7534399718284607,0.7989171020507813,0.8797491358757019,1.8927083934783935,0.15214712595939636,4.981287865447998,1.9998644191741943,1.0,10.0,,,,,0.7924746034622192,0.7924746034622192,,,,17.23568401184082,0.07472156980082358,0.027367343153258797,,0.0431341960148257,0.2968228386276087,0.352770446449708,0.0006979426246631007,0.01896680659869579,3.0409166729374295,,0.0013829475628533905,,75.64496073145776,18.474590690272628,,103.82072006517156,75.51895399154371,24.71064403558233,95.17360468578946,38.931570842767215,17.23567434177277,,0.6930796887464584,,0.05892891572064655,0.17260261620305906,,0.10675898350917609,0.05350716383593857,0.18812512857898786,0.0049204628434103385,0.3566668485380282,0.14784115780690674,,,,0.16955,3391.0,0.7305132,0.7037857,0.81259906,0.4968997,0.504303,0.65537375,0.49434996,0.6389206,0.4934000074863434,0.7967282099723816,0.6069499254226685,0.7967282099723816,0.023,23.0,0.38877498198359955,0.38714556143891515,0.3893056141826698,0.49809732441961163,0.4809174551763082,0.49975051060247405,0.4545176113155811,0.45362422565296684,0.4487674243791376,0.022140624941106204,0.020739029951916184,0.021024117607256455,0.06288558394726089,0.07225741180369612,0.06111623963884357,0.01768413583371532,0.01756911064954167,0.0174035028297013,0.693,0.7468182,0.7073643,0.51381576,0.5239838,0.60984254,0.50078744,0.61098486,0.4955500364303589,0.794814197063446,0.6085999011993408,0.794814197063446,0.022,22.0,0.4177527735298315,0.417517541668117,0.4180366672696745,0.4994169028261688,0.47901390266936916,0.4985701413430399,0.46228207640537433,0.4632442470898802,0.4549621422853629,0.019008630975703433,0.019300243591328932,0.017745393002550725,0.04044174021537889,0.0628090907931658,0.03975658943879275,0.00613459829035319,0.007502524614366915,0.003797879719494133,0.6931452,0.67207205,0.78540146,0.49885496,0.50609756,0.5916667,0.5081301,0.6051095,0.49447502195835114,0.7957712035179139,0.6077749133110046,0.7957712035179139,0.0225,22.5,0.4032638777567155,0.4023315515535161,0.40367114072617216,0.4987571136228902,0.4799656789228387,0.49916032597275695,0.4583998438604777,0.45843423637142355,0.4518647833322502,0.02057462795840482,0.020019636771622558,0.019384755304903592,0.051663662081319894,0.06753325129843096,0.050436414538818156,0.011909367062034255,0.012535817631954292,0.010600691274597715,0.6930726,0.7094451,0.7463829,0.5063354,0.51504064,0.6007546,0.5044588,0.6080472,2026-10-04T17:16:09.092881
46,0.6316449046134949,0.5011749267578125,0.7496393543243408,0.6317275166511536,0.7496393543243408,0.8028990668296814,0.884173534488678,1.9357836200714111,0.16777836207151414,4.7794563064575195,1.9999994050979615,1.0,10.0,,,,,0.7861014037132263,0.7861014037132263,,,,17.215604321289064,0.009256853079897868,0.019209054059936267,,0.03373829642856482,0.30147232248145306,0.37631582435528943,0.0007124688971459948,0.020444545912657194,3.140545537896976,,0.001579164371363801,,75.60757125562922,18.449481040808806,,103.82283574001045,75.48463974484972,24.685123723024017,95.17433885707976,38.99231727259934,17.215589741992343,,0.6931468662182996,,0.059376548382507006,0.1733088316811118,,0.1082450868502544,0.05500354333098527,0.1913838446330113,0.004969261112106833,0.3648514123099625,0.15121923918557015,,,,0.1589,3178.0,0.7260024,0.7039267,0.82175124,0.5002369,0.500331,0.66238385,0.49842042,0.64378816,0.5099999904632568,0.7912490377426148,0.6089000701904297,0.7912490377426148,0.021,21.0,0.3765940044085573,0.37029041644040483,0.37589705139594937,0.505794759695344,0.536517356832623,0.5056730829440036,0.48408844764344733,0.4876485981956173,0.48005615504595883,0.015234499363240134,0.01552745995909917,0.014766248134453458,0.05465592769780211,0.08638471522125835,0.05506268163251984,0.012909400458807138,0.014730874296246487,0.012479692956602947,0.693,0.7468182,0.7073643,0.5141447,0.5239838,0.614567,0.5,0.6215909,0.49995002150535583,0.7872585842609405,0.61285001039505,0.7872585842609405,0.023,23.0,0.3955494985926216,0.3908725357130773,0.39104096943655386,0.4967831114126054,0.5029016296594886,0.49090941471075455,0.5014585306768347,0.49695529765970725,0.4818832060913639,0.02332343762315524,0.0229987377881545,0.022368629382189774,0.05147811223780569,0.07572088109426998,0.050666799287862885,0.005085344324280255,0.0035639246724373233,0.00014862784489057121,0.6923387,0.6801802,0.7941606,0.49847332,0.50487804,0.6087719,0.50772357,0.6091241,0.5049750059843063,0.7892538110017777,0.6108750402927399,0.7892538110017777,0.022,22.0,0.3860717515005895,0.3805814760767411,0.3834690104162516,0.5012889355539747,0.5197094932460558,0.4982912488273791,0.49277348916014097,0.49230194792766224,0.4809696805686614,0.019278968493197688,0.019263098873626837,0.018567438758321616,0.0530670199678039,0.08105279815776417,0.052864740460191365,0.008997372391543697,0.009147399484341906,0.006314160400746759,0.6926694,0.7134992,0.75076246,0.50630903,0.5144309,0.6116694,0.5038618,0.6153575,2026-10-04T17:20:17.561345
47,0.6372300982475281,0.5015975832939148,0.7400272393226623,0.6374325752258301,0.7400272393226623,0.8117891731262207,0.8940514324188232,1.9692586935043335,0.1763591865181923,4.495633827209472,2.0,1.0,10.0,,,,,0.7973255971908569,0.7973255971908569,,,,17.199699279785158,0.0059914689060229405,0.012411755960505859,,0.03484589289458599,0.30225291862419457,0.34683349545878966,0.0005811538365980978,0.021044820434396053,2.770080809380598,,0.0011862623463585011,,75.56954474965478,18.41867672865558,,103.83513918348179,75.44961708214632,24.65736227582215,95.17248826725468,39.060801803686054,17.19968838296878,,0.6931471824645996,,0.059761337176629695,0.17264579597172464,,0.11063564117926701,0.05642608586390307,0.19482916716937046,0.0050591125959755885,0.3731495595661698,0.15608226636033148,,,,0.15515,3103.0,0.7263432,0.7025171,0.83609354,0.4984202,0.5044977,0.67244446,0.5016201,0.66075355,0.5019500255584717,0.790276153087616,0.60875004529953,0.790276153087616,0.032,32.0,0.3951002557461247,0.3899898253555369,0.39804625269539046,0.5279499960056424,0.5859856699187094,0.5278892138059654,0.4252520811596779,0.4243559306326221,0.4203695596557941,0.04701591509250948,0.04452356677911667,0.043792883639761,0.06055165077438202,0.07026262094880435,0.0532990232685898,0.04007806505277927,0.035046062323969,0.03516835453447192,0.693,0.7468182,0.7073643,0.5154605,0.5239838,0.61732286,0.5,0.6162879,0.5003500580787659,0.7958377981185913,0.6131500005722046,0.7958377981185913,0.037,37.0,0.38741692298377545,0.3819286582327115,0.3925246092809806,0.4935383434076742,0.5241112862512284,0.4916674594474675,0.417726198118017,0.41308021304882137,0.40960044494659337,0.04108395347512768,0.04212784498666907,0.04200743665209855,0.0549075236818521,0.08296671497829203,0.05504567315104619,0.032847852937258615,0.03429671831781983,0.031855507830003474,0.69153225,0.68108106,0.7912409,0.4980916,0.50487804,0.61403507,0.50772357,0.61021894,0.5011500418186188,0.7930569756031036,0.6109500229358673,0.7930569756031036,0.0345,34.5,0.39125858936495006,0.3859592417941242,0.3952854309881855,0.5107441697066584,0.5550484780849689,0.5097783366267165,0.42148913963884743,0.41871807184072174,0.41498500230119373,0.04404993428381858,0.04332570588289287,0.042900160145929775,0.057729587228117066,0.07661466796354818,0.05417234820981799,0.036462958995018946,0.03467139032089442,0.03351193118223769,0.6922661,0.7139496,0.7493026,0.50677603,0.5144309,0.61567897,0.5038618,0.6132534,2026-10-04T17:24:26.819507
48,0.6403551697731018,0.502977192401886,0.7359848964691162,0.6405649185180664,0.7359848964691162,0.8136268867492675,0.8960933334350586,1.9039898475646972,0.20209573907852174,4.144588438796997,1.99994524269104,1.0,10.0,,,,,0.8007737027168274,0.8007737027168274,,,,17.191170358276366,0.016661523174713987,0.03272187386440695,,0.06998575628574961,0.33368634019687676,0.34619545438297233,0.0007797885791081224,0.025929339663095914,2.5358667400232546,,0.0018899714919292832,,75.53304626076084,18.391821709408124,,103.86782642534584,75.41597325027368,24.634396911426713,95.17489366470629,39.11817565237641,17.191170844302814,,0.6931115073762881,,0.06057337597961639,0.17258042704527546,,0.11454195448547412,0.05784078257953285,0.19873791971024435,0.005100344800075908,0.38062506724315087,0.16271893993304792,,,,0.16465,3293.0,0.7405774,0.6875151,0.868641,0.4991904,0.49966902,0.66848487,0.5056906,0.6576782,0.5134999752044678,0.8016771998405456,0.6074000597000122,0.8016771998405456,0.034,34.0,0.4561693255607707,0.44221426032830247,0.47241107691789075,0.49917802162839353,0.5732571770638879,0.49868295250737854,0.4270688099552825,0.4322029239083638,0.42850136782541215,0.032263615626212216,0.033891879105616834,0.03152730012851317,0.041125772672346655,0.05618297450293729,0.041954419301610583,0.02859690905301077,0.02836098253730191,0.02833195728166094,0.693,0.7468182,0.70348835,0.51611847,0.52642274,0.61732286,0.5,0.6068182,0.5012499094009399,0.7950802245140076,0.6116500496864319,0.7950802245140076,0.034,34.0,0.46899170599558465,0.46373382217549985,0.4778529817989692,0.5151200303549888,0.5331121616466518,0.49805337477323813,0.4697602119054276,0.46658997071891173,0.4636873275867362,0.027376817562437244,0.029610419459618113,0.028494224776421682,0.040155529077840854,0.05766391262125336,0.04020496742416706,0.026083105753815283,0.02528985004609701,0.02458747342177434,0.6919355,0.67747754,0.7952555,0.49847332,0.5065041,0.6192982,0.50365853,0.5952555,0.5073749423027039,0.7983787121772766,0.609525054693222,0.7983787121772766,0.034,34.0,0.4625805157781777,0.45297404125190116,0.47513202935842996,0.5071490259916911,0.5531846693552698,0.49836816364030834,0.44841451093035506,0.44939644731363776,0.44609434770607415,0.029820216594324732,0.03175114928261748,0.030010762452467424,0.040640650875093755,0.056923443562095326,0.04107969336288882,0.027340007403413025,0.02682541629169946,0.02645971535171764,0.69246775,0.71214783,0.7493719,0.5072959,0.5164634,0.6183106,0.50182927,0.60103685,2026-10-04T17:28:36.144068
49,0.6394474506378174,0.5004852414131165,0.7367143189430236,0.6397325396537781,0.7367143189430236,0.8180985311508179,0.901061827659607,1.9630301643371582,0.21176654148101806,4.056734061431885,1.998506848526001,1.0,10.0,,,,,0.7580826728820801,0.7580826728820801,,,,17.180677996826173,0.020780654390903108,0.03823252790829962,,0.0766629003326462,0.2832025557661512,0.28216931888252306,0.0007692341272686579,0.022954317803381925,1.9532270222712473,,0.0018952781278026441,,75.49639775950438,18.366376840384902,,103.8826587458325,75.38156502110184,24.611479267193253,95.17533995998893,39.22333162149806,17.18065023725959,,0.6923972140451905,,0.06114180414539993,0.17380017678069462,,0.11712220363366375,0.059187171375675564,0.20284928770581628,0.005150007045454091,0.391061379081884,0.16845275509129665,,,,0.15455,3091.0,0.73945475,0.68960935,0.865313,0.49567538,0.5048871,0.66444445,0.49953422,0.6617719,0.4971499443054199,0.8042036738395691,0.605150043964386,0.8042036738395691,0.031,31.0,0.43545439074765424,0.43037147175043516,0.43771267850126355,0.5909196068278205,0.6225384412556353,0.590781055094225,0.4604860840072697,0.4612233269559081,0.45645528624604387,0.08293010742268658,0.08205872296231385,0.08068864671711769,0.0908968436315364,0.08846960577148685,0.09176323792043112,0.06687238704260784,0.06671697468086717,0.06726742934276632,0.693,0.73545456,0.6996124,0.512829,0.5231707,0.60590553,0.49921262,0.6215909,0.5025500655174255,0.79242582654953,0.6119000315666199,0.79242582654953,0.034,34.0,0.4198718142533998,0.4129756460771885,0.42872225818555726,0.5183394917737026,0.5586564310498484,0.5186525533167172,0.40308564921697365,0.4049156129973751,0.4039569890713908,0.028839123850645774,0.03029603528701247,0.02852045673883088,0.03165713030290537,0.04197284535010884,0.03057759361090876,0.008854552368446022,0.00867276015444426,0.006520152824098182,0.6919355,0.68648654,0.7967153,0.49847332,0.50406504,0.5947369,0.50772357,0.6072993,0.49985000491142273,0.7983147501945496,0.6085250377655029,0.7983147501945496,0.0325,32.5,0.427663102500527,0.42167355891381186,0.4332174683434104,0.5546295493007616,0.5905974361527419,0.5547168042054711,0.4317858666121217,0.43306946997664164,0.43020613765871735,0.05588461563666618,0.05617737912466316,0.054604551727974286,0.061276986967220885,0.06522122556079785,0.061170415765669936,0.03786346970552693,0.037694867417655716,0.03689379108343225,0.69246775,0.7109705,0.7481638,0.5056512,0.5136179,0.6003212,0.5034681,0.6144451,2026-10-04T17:32:45.113715
50,0.6364871859550476,0.4997674822807312,0.7399423146247863,0.6367427706718445,0.7399423146247863,0.834480114364624,0.9192635905265808,2.2200980949401856,0.21614534504413604,3.8835614166259766,1.9998861152648926,1.0,10.0,,,,,0.7511940196990967,0.7511940196990967,,,,17.159531341552736,0.06622694028460993,0.03187374364893148,,0.06122360731828009,0.2724987218619152,0.3275750436268415,0.000733483514517166,0.02144343690400955,2.400641015190987,,0.001447136441360978,,75.4618527843694,18.350940983766204,,103.89299448584295,75.34709128604572,24.587899044061164,95.17260319412134,39.34307965807095,17.15952241496675,,0.6930904931323544,,0.06192865768435654,0.17745759988286694,,0.11903350292497379,0.06036347755865686,0.20561662458690108,0.005313148668664656,0.4020957457032173,0.17129819190046588,,,,0.1431,2862.0,0.72672415,0.6976037,0.86154914,0.4977883,0.5030568,0.65046465,0.5008911,0.65859467,0.5019000172615051,0.7913773593902588,0.6087999939918518,0.7913773593902588,0.029,29.0,0.4022138439793155,0.3916065727411813,0.40888687047438577,0.4655190723930012,0.5428171353018343,0.46473700545815,0.451156836442975,0.45107155947330796,0.44963970381095486,0.01277324259021107,0.009944221424768855,0.015045374266666123,0.033015487061842486,0.047519142934633586,0.035040535573005925,0.0063093713049874375,0.0032885011808876825,0.010120304576641453,0.693,0.7468182,0.7073643,0.51611847,0.52073175,0.618504,0.4976378,0.62007576,0.49399998784065247,0.7816196413040161,0.6148000359535217,0.7816196413040161,0.03,30.0,0.4413141076833638,0.4332416003314194,0.4494797238062113,0.4741688680555112,0.5385644155765649,0.4785710262022919,0.4038976910596771,0.3999135170796464,0.4025097743382173,0.024603496537888445,0.02469360595080475,0.02540444105546646,0.03701330979285517,0.056091590464799175,0.037073229470131135,0.022743212110543292,0.02102651088086913,0.021807253261216072,0.6923387,0.68648654,0.79890513,0.49770996,0.50569105,0.6144737,0.50772357,0.60875916,0.4979500025510788,0.7864985003471374,0.6118000149726868,0.7864985003471374,0.0295,29.5,0.4217639758313396,0.41242408653630036,0.42918329714029857,0.46984397022425617,0.5406907754391996,0.47165401583022093,0.42752726375132605,0.42549253827647715,0.42607473907458604,0.018688369564049758,0.017318913687786805,0.020224907661066292,0.035014398427348825,0.05180536669971638,0.03605688252156853,0.014526291707765364,0.012157506030878406,0.015963778918928764,0.6926694,0.7166524,0.7531347,0.5069142,0.51321137,0.6164888,0.50268066,0.61441743,2026-10-04T17:36:54.180217
51,0.6406551003456116,0.49787256121635437,0.7320470075607299,0.6408771872520447,0.7320470075607299,0.8382389427185059,0.9234400640487671,2.282979651451111,0.2073185350060463,3.6878416835784913,1.999766153717041,1.0,10.0,,,,,0.7567887657165527,0.7567887657165527,,,,17.14347137145996,0.3589742915240668,0.04071116988668752,,0.07854733341536634,0.2782080780928302,0.30518691989172037,0.0006870111977665946,0.020595731987813667,2.1193116268344747,,0.001691898986114008,,75.42602961837866,18.326169639635996,,103.89229243576148,75.31122700879529,24.560699827352146,95.1697900371187,39.36895438516216,17.143462490883604,,0.693030731693195,,0.06255275810694998,0.17878483890727825,,0.12022566800094714,0.06137124223599009,0.20867466347612393,0.0054654034987614035,0.40721849670076066,0.17564555812793173,,,,0.14675,2935.0,0.7257418,0.6962344,0.8700277,0.5010861,0.50414723,0.67543435,0.49384367,0.66331977,0.498199999332428,0.7922978625297546,0.6093000769615173,0.7922978625297546,0.027,27.0,0.38105541394568776,0.365155912775561,0.3922555595827875,0.5018065524664002,0.5719711162710585,0.5016364162937268,0.41227956005098637,0.41142985253561554,0.41145762394474417,0.029555987640061135,0.02984106892331628,0.03108825315149587,0.036162529727402845,0.051087629040795605,0.03753632966532678,0.0276033438406831,0.027509052109002414,0.02931821842743895,0.693,0.7468182,0.7073643,0.51348686,0.5239838,0.618504,0.5,0.6215909,0.4997499883174896,0.7849060664176941,0.6142499446868896,0.7849060664176941,0.029,29.0,0.3944572203607115,0.38631744229973103,0.4032339319191294,0.4780555372798855,0.542709447612482,0.4774370050425787,0.39241584049773415,0.39229705571663276,0.3932982429027073,0.03744592237546602,0.0396629134413863,0.03850947852558599,0.04200363578267482,0.06427356724055261,0.04206583148386516,0.020214901566006367,0.020151604524226235,0.019393791331993593,0.6923387,0.68108106,0.79890513,0.49847332,0.50487804,0.61403507,0.50772357,0.609489,0.4989749938249588,0.7886019644737243,0.6117750108242035,0.7886019644737243,0.028,28.0,0.38775631715319964,0.375736677537646,0.3977447457509584,0.4899310448731428,0.5573402819417702,0.48953671066815274,0.4023477002743603,0.4018634541261241,0.40237793342372574,0.03350095500776358,0.03475199118235129,0.03479886583854093,0.03908308275503883,0.05768059814067411,0.03980108057459597,0.023909122703344735,0.023830328316614323,0.024356004879716273,0.6926694,0.7139496,0.7531347,0.5059801,0.5144309,0.6162695,0.5038618,0.61553997,2026-10-04T17:41:02.641741
52,0.6392923593521118,0.5011053085327148,0.7331264266014099,0.6404396295547485,0.7331264266014099,0.8370304858207702,0.9220973340034485,2.2837727014541627,0.1962409397006035,3.782502197265625,1.9999989692687987,1.0,10.0,,,,,0.7405200560569764,0.7405200560569764,,,,17.125116177368163,0.023396354793922405,0.022638316229905246,,0.046095668795002494,0.28460347500576333,0.2883432663407675,0.0005346032373561186,0.017765101816528923,1.846043132103173,,0.0009687395001614057,,75.38853979414435,18.304620730649134,,103.89284204373693,75.27677650208686,24.539416331394463,95.17020469714122,39.38947118771304,17.125097772877687,,0.6931466695609366,,0.06304439105046024,0.1806481675167752,,0.12158230170133008,0.06234109204760782,0.21192760110660724,0.005673267807408123,0.411854957319369,0.17978950129572752,,,,0.1358,2716.0,0.74182034,0.68983084,0.86711574,0.49377963,0.5019081,0.67569697,0.49645606,0.6598778,0.5073000192642212,0.7962695460319519,0.6062999963760376,0.7962695460319519,0.025,25.0,0.35098470872305126,0.3296425081268921,0.3603398781122013,0.4385954432654748,0.5232634215208425,0.4373069372797215,0.36799885671561366,0.3727916628389057,0.3640121826669078,0.004559041880019181,0.0027866559035835798,0.0025672541500288706,0.0024367306690843676,0.016741067086319443,-0.00010022822370457155,0.011992487718367124,0.011252523078411788,0.009492266995291609,0.702,0.7468182,0.70348835,0.50690794,0.5142276,0.614567,0.5,0.6162879,0.4970000088214874,0.7835009860992431,0.613599956035614,0.7835009860992431,0.029,29.0,0.39387653764162933,0.383426606683388,0.40150913373552094,0.4689785001704513,0.5247933729202695,0.47851616615342846,0.4181496804642577,0.4186787551668834,0.4196234603674551,0.034438785174291955,0.03525986190659885,0.03475649518534082,0.038588406677414866,0.05893536947879418,0.03949149036669023,0.02805940964323163,0.028273109111884177,0.027614332587273062,0.69717747,0.65855855,0.79890513,0.5,0.5121951,0.61622804,0.5134146,0.6036497,0.5021500140428543,0.7898852660655975,0.6099499762058258,0.7898852660655975,0.027000000000000003,27.0,0.3724306231823403,0.35653455740514006,0.3809245059238611,0.453786971717963,0.5240283972205559,0.45791155171657494,0.39307426858993566,0.39573520900289455,0.3918178215171815,0.01949891352715557,0.019023258905091215,0.018661874667684843,0.020512568673249618,0.03783821828255681,0.01969563107149283,0.020025948680799377,0.019762816095147982,0.018553299791282334,0.6995888,0.70268834,0.75119674,0.50345397,0.51321137,0.6153975,0.5067073,0.6099688,2026-10-04T17:45:11.106471
53,0.6424773335456848,0.4970974624156952,0.7277437712669372,0.6424272656440735,0.7277437712669372,0.836744949913025,0.9217800723075866,2.2852947561264036,0.20820918551683426,3.6887195766448975,1.999064069366455,1.0,10.0,,,,,0.7204986616134643,0.7204986616134643,,,,17.109072671508788,0.022524915454660063,0.020363354407381386,,0.042769459059912786,0.2536815680610906,0.3395138245764052,0.0006535943122254388,0.01928583231226654,2.260871381137022,,0.0010713618248932813,,75.35040968390787,18.27640991453912,,103.88596154474149,75.24116287717393,24.51332997364603,95.16969177829232,39.439706061296405,17.10906494043435,,0.6926809963147351,,0.06333685429043072,0.18094088459850116,,0.12216032756741639,0.06325388476727115,0.21465484218992245,0.00572997281790539,0.4183250538482787,0.18353707537909222,,,,0.1369,2738.0,0.7435445,0.68934757,0.8697702,0.49755135,0.50200546,0.6783232,0.49801537,0.6638697,0.49830004572868347,0.8040855593681335,0.6063001155853271,0.8040855593681335,0.026,26.0,0.38985194705116555,0.3701972664035439,0.39469869016228043,0.4819745314566655,0.571922101119386,0.4768798747703823,0.3892111454258008,0.382648167358495,0.38076166284305285,0.008786020659526618,0.0042659785942301175,0.002980018764681786,0.020985949795480525,0.03805224939692114,0.013925201353484564,0.016928371766695646,0.010168749486768667,0.010670122828730377,0.70199996,0.7468182,0.70348835,0.50690794,0.5142276,0.614567,0.5,0.6162879,0.4934999942779541,0.7900748190879822,0.613599956035614,0.7900748190879822,0.028,28.0,0.4125215369598034,0.3949683742348153,0.41885694561473996,0.4739624049136439,0.535103260961401,0.4766067733728147,0.42771489149329467,0.42869872844781953,0.42366803240637596,0.02864973525406257,0.030325873873322133,0.027658355047269843,0.03346441472446379,0.05664300676771816,0.03196724376702852,0.028492809386056847,0.02648680078885965,0.025501714408807406,0.69717747,0.65855855,0.79890513,0.5,0.5121951,0.61622804,0.5134146,0.6036497,0.4959000200033188,0.7970801892280579,0.6099500358104706,0.7970801892280579,0.027,27.0,0.4011867420054845,0.38258282031917956,0.4067778178885102,0.4779684681851547,0.5535126810403935,0.4767433240715985,0.40846301845954774,0.4056734479031573,0.4022148476247144,0.018717877956794592,0.017295926233776127,0.015319186905975814,0.02722518225997216,0.047347628082319654,0.022946222560256545,0.022710590576376248,0.018327775137814157,0.01808591861876889,0.6995887,0.70268834,0.75119674,0.50345397,0.51321137,0.6153975,0.5067073,0.6099688,2026-10-04T17:49:20.276103
54,0.6349322199821472,0.4989871680736542,0.7435281665802002,0.6349573731422424,0.7435281665802002,0.8342094309806823,0.9189628246307373,2.2338581453323365,0.24127387334108352,3.6722549434661866,1.9999464942932128,1.0,10.0,,,,,0.6871531820297241,0.6871531820297241,,,,17.09466423034668,0.04919177562125905,0.04358149418543585,,0.07255780502299594,0.2480129665534967,0.35969485819434666,0.0007202119768002504,0.020854920762810546,2.4209484497832645,,0.0012994629024045252,,75.31403783324417,18.252191932338057,,103.88532811061592,75.2051569944734,24.489008958172647,95.17144760812164,39.47696656634094,17.094627076653158,,0.6931205498185128,,0.06386903464604335,0.18229706575916071,,0.12323140291271696,0.06411005371505288,0.21767995843462123,0.005791988911902069,0.42394559493490086,0.187632444083311,,,,0.14045,2809.0,0.7425622,0.6650826,0.8691759,0.49972355,0.4975662,0.66868687,0.49819767,0.6410998,0.49900007247924805,0.7966041178703308,0.6062999963760376,0.7966041178703308,0.028,28.0,0.41677535373548663,0.41208674326433076,0.42088062627349454,0.4890212341126472,0.557843062038433,0.488519569685965,0.4432800965080157,0.4432095336793556,0.4428146962536335,0.017677654889689757,0.015064444570973369,0.015700308559374137,0.02807160628186554,0.03735192823651055,0.027227910756963642,0.01646018053179529,0.015492105666348155,0.015663187768301216,0.702,0.7468182,0.70348835,0.5101974,0.5142276,0.614567,0.49842522,0.61401516,0.49699994921684265,0.7826350674629211,0.612500011920929,0.7826350674629211,0.03,30.0,0.4165053997271227,0.4082354824455927,0.42060414494866144,0.5016527539017018,0.5261941086753734,0.5001002942865838,0.4552568098911872,0.45463557317833836,0.4531406588647003,0.02550208220365971,0.025951012120312023,0.02516141475949665,0.041914886216206,0.05471204712421905,0.04139164914259452,0.026628803621068228,0.02619808447172567,0.025446650092992826,0.69395167,0.65855855,0.79890513,0.5,0.5121951,0.61622804,0.5134146,0.5985401,0.49800001084804535,0.789619592666626,0.6094000041484833,0.789619592666626,0.028999999999999998,29.0,0.41664037673130466,0.4101611128549617,0.420742385611078,0.4953369940071745,0.5420185853569033,0.4943099319862744,0.44926845319960146,0.448922553428847,0.4479776775591669,0.02158986854667473,0.020507728345642698,0.020430861659435393,0.03499324624903577,0.0460319876803648,0.03430977994977908,0.02154449207643176,0.020845095069036913,0.020554918930647023,0.6979759,0.70268834,0.75119674,0.5050987,0.51321137,0.6153975,0.50591993,0.60627764,2026-10-04T17:53:28.610586
55,0.638052225112915,0.49554258584976196,0.7295067713737488,0.6416519284248352,0.7295067713737488,0.8492118775367736,0.9356322181701661,2.46831209564209,0.22938547582626342,3.6826876399993895,1.9999201080322266,1.0,10.0,,,,,0.6982542113304138,0.6982542113304138,,,,17.06978376159668,0.01884091453430996,0.01754245596380228,,0.03432698354160615,0.24852814188428746,0.3241949972880494,0.00048326852970169323,0.016860159007227343,2.174113445031415,,0.0009496220489404985,,75.2791938538764,18.228031972411333,,103.88780994779745,75.16873241837617,24.459324514789945,95.16680043214446,39.533894168343515,17.06974992934306,,0.6931074124992274,,0.06466673585070166,0.1838619898838602,,0.12460281590747226,0.06499830932374213,0.22017423628242153,0.005803972794110798,0.4306333289024936,0.18902662804551945,,,,0.12855,2571.0,0.74450684,0.67843336,0.872286,0.4987362,0.49871498,0.6787677,0.5000405,0.6647658,0.4893999993801117,0.8395613260269165,0.6003000140190125,0.8395613260269165,0.027,27.0,0.42624402381533294,0.41544714314166026,0.4341384611961782,0.5018627542060161,0.5795279604196764,0.4999539361424668,0.4285509193589757,0.4292830175946769,0.4273271625569432,0.036806211387446816,0.03630107645685417,0.03389132119156863,0.05229514790716434,0.06252457125906637,0.04950201197548169,0.03387046083133706,0.032717619304855936,0.030840455337245953,0.70199996,0.7468182,0.70348835,0.50690794,0.5142276,0.5889764,0.5,0.5954545,0.4978500008583069,1.003383411884308,0.5633000135421753,1.003383411884308,0.026,26.0,0.45315924930791895,0.44229692810261484,0.45989081854365593,0.49512921938464083,0.5323828591502462,0.4942858623384856,0.461409315395593,0.4571902244407415,0.45571505604694273,0.028489358557390147,0.030399420763369222,0.02779290175362154,0.04459966573785742,0.06399884238226557,0.04475107205230266,0.02500142991080351,0.024413869179781233,0.023216529564299787,0.6391129,0.60450447,0.6047445,0.5,0.5121951,0.5701754,0.5134146,0.5653285,0.4936250001192093,0.9214723689556121,0.5818000137805939,0.9214723689556121,0.0265,26.5,0.439701636561626,0.42887203562213755,0.4470146398699171,0.49849598679532847,0.5559554097849613,0.49711989924047617,0.4449801173772844,0.4432366210177092,0.441521109301943,0.03264778497241848,0.033350248610111696,0.030842111472595087,0.04844740682251088,0.06326170682066597,0.04712654201389217,0.029435945371070284,0.028565744242318586,0.02702849245077287,0.6705564,0.6756613,0.6541164,0.50345397,0.51321137,0.5795759,0.5067073,0.5803915,2026-10-04T17:57:37.024683
56,0.6420751810073853,0.4974401295185089,0.7289945076942443,0.6423925757408142,0.7289945076942443,0.8457250855445861,0.9317580005645753,2.394697138214111,0.2412832624912262,3.523578045654297,1.9991200164794922,1.0,10.0,,,,,0.6955969831466675,0.6955969831466675,,,,17.05113016052246,0.014492635085369063,0.019418169121453718,,0.040020852759005916,0.26555804315076514,0.37589429119589984,0.0005499026274670413,0.018533209647247747,2.5420242665679593,,0.0011666183108089427,,75.24275260973887,18.20078041902773,,103.88151224707342,75.1328785890227,24.43363369498283,95.16776202742462,39.53740254784845,17.05111119701604,,0.6927083457351491,,0.06516685156495708,0.1845228495491538,,0.12507857296876845,0.06585942009452042,0.22301411372461136,0.0058263297946115206,0.43396109209698475,0.19247874294876294,,,,0.13225,2645.0,0.7478549,0.68270236,0.873653,0.4973144,0.49709892,0.6748687,0.504354,0.6644196,0.49539992213249207,0.7999595861434936,0.605400025844574,0.7999595861434936,0.029,29.0,0.44271801165568847,0.4319432534934798,0.4487851304999308,0.46503795870763603,0.5514647810784323,0.4580982117304882,0.4247176061918717,0.42751197426153426,0.4190397298305453,0.024470862761136476,0.02269223777494639,0.023592050991412053,0.028902541321546214,0.05067443741364353,0.02539372320232435,0.030110343704820176,0.02364502138191746,0.026584962464667485,0.70199996,0.7468182,0.6996124,0.50690794,0.5142276,0.614567,0.5,0.6132576,0.4918999969959259,0.7854831194877625,0.6136000156402588,0.7854831194877625,0.028,28.0,0.4172761723297207,0.405221121079834,0.4227433294348289,0.4868468285781367,0.5228616920169841,0.48621130573370114,0.440021276750891,0.4369228126807029,0.43005053559494616,0.02923758225840005,0.029738539101281113,0.027508726645334745,0.03767143263525379,0.06570967731522057,0.03630215207928855,0.022369748094020984,0.021197370933886885,0.019882180978875324,0.69717747,0.65855855,0.79890513,0.5,0.5121951,0.61622804,0.5134146,0.6036497,0.493649959564209,0.792721352815628,0.6095000207424164,0.792721352815628,0.0285,28.5,0.4299970919927046,0.41858218728665686,0.43576422996737985,0.4759423936428864,0.5371632365477081,0.47215475873209467,0.43236944147138134,0.43221739347111854,0.42454513271274574,0.026854222509768263,0.026215388438113753,0.025550388818373397,0.033286986978400004,0.058192057364432045,0.030847937640806452,0.02624004589942058,0.022421196157902175,0.023233571721771405,0.6995887,0.70268834,0.74925876,0.50345397,0.51321137,0.6153975,0.5067073,0.60845363,2026-10-04T18:01:45.831621
57,0.6402967572212219,0.5005877017974854,0.7316241148948669,0.6403369307518005,0.7316241148948669,0.8358854283332825,0.920825048828125,2.2707162883758545,0.23249177227020262,3.423259522628784,1.9995328685760498,1.0,10.0,,,,,0.6994119839668274,0.6994119839668274,,,,17.024476202392577,0.012214560431701126,0.018817420433435567,,0.03815207188165966,0.21681842635011978,0.276242005098967,0.0005234033963976689,0.016661959795198245,1.8509727239988412,,0.0010786489267487992,,75.20663043951532,18.176353721861627,,103.87674717994253,75.09674626247138,24.40738854134918,95.1634252754746,39.58169169334849,17.024468719579612,,0.6929131389423541,,0.06571760109275769,0.18589535308112004,,0.12573529324334137,0.06666217160642526,0.225548880874731,0.0058222592861694135,0.43963148126936263,0.1934080950583622,,,,0.1358,2716.0,0.7436648,0.68546116,0.8738708,0.49776855,0.49519083,0.6792323,0.4915553,0.6589206,0.4965999722480774,0.7957300906181335,0.6063001155853271,0.7957300906181335,0.023,23.0,0.4083124524566328,0.39520869419790294,0.4122289258990606,0.47791099827581496,0.5464938586624906,0.47340678422702775,0.41216089559527375,0.4102153843752263,0.40353567154477354,0.02236470126096583,0.022075733571166118,0.02009728642054477,0.03349555947171207,0.038756417948412114,0.029397584024276537,0.028743404928500627,0.028302585515383474,0.026441899495310655,0.702,0.7468182,0.70348835,0.5101974,0.5142276,0.614567,0.49842522,0.61401516,0.49799999594688416,0.7817359490394592,0.6122000217437744,0.7817359490394592,0.024,24.0,0.439551112615279,0.42539733754490944,0.44476897013177724,0.4839790778065018,0.5066929240093716,0.483956755327515,0.43962626815638634,0.43786336036960843,0.433197622696609,0.03293309189294659,0.03406675992629869,0.032902556642575825,0.04369354465940984,0.06552252203517457,0.0439886693552838,0.02568185750436447,0.026193591630103825,0.02425483572593573,0.69395167,0.65855855,0.79890513,0.49847332,0.5121951,0.61622804,0.5126017,0.5985401,0.4972999840974808,0.7887330198287963,0.6092500686645508,0.7887330198287963,0.0235,23.5,0.42393178253595587,0.41030301587140616,0.42849894801541893,0.4809450380411584,0.5265933913359311,0.4786817697772714,0.42589358187583004,0.4240393723724174,0.41836664712069127,0.02764889657695621,0.028071246748732404,0.0264999215315603,0.03859455206556096,0.05213946999179334,0.03669312668978017,0.027212631216432547,0.027248088572743648,0.025348367610623194,0.6979759,0.70268834,0.75119674,0.50433534,0.51321137,0.6153975,0.5055134,0.60627764,2026-10-04T18:05:54.718331
58,0.6420500874519348,0.49968260526657104,0.7289111843109131,0.6420450806617737,0.7289111843109131,0.8446602082252502,0.930574806213379,2.4171038160324096,0.24057272050380707,3.2848442008972167,1.9986901407241822,1.0,10.0,,,,,0.6937564977645874,0.6937564977645874,,,,17.002588687133787,0.017035412113849596,0.022142234771100177,,0.049648378756205744,0.23063893649418643,0.30361754067574337,0.0006664999043101825,0.018235945620330846,2.106942126230829,,0.0013355816894325436,,75.16997542654633,18.15240245260251,,103.87712019416178,75.06016584262727,24.37941021524417,95.16298247902256,39.65429286592325,17.00258169963861,,0.6924484163332897,,0.06618590054997972,0.18736307882958916,,0.12679725363376035,0.06745815334046722,0.22807461924993308,0.006048011163451299,0.4468927662463705,0.19537945158162695,,,,0.1308,2616.0,0.7304531,0.7046919,0.87357366,0.49980253,0.5014408,0.6725051,0.5010328,0.65572304,0.5092999935150146,0.7909041142463684,0.6081998944282532,0.7909041142463684,0.026,26.0,0.39924023793000435,0.39097745181050453,0.4045166439171343,0.5288404332012444,0.5904111702482325,0.5256000673797769,0.4479791433417844,0.4482241614861769,0.4476810584651723,0.048753653425853374,0.04677075528625183,0.048790726599591314,0.06816642065652906,0.07860961474421146,0.069612396616747,0.05653910302983895,0.055964990489785586,0.05693080482471861,0.693,0.7468182,0.70348835,0.5141447,0.5239838,0.618504,0.5,0.6162879,0.4954000413417816,0.7796220808029175,0.6130000352859497,0.7796220808029175,0.029,29.0,0.40821278416034745,0.3958527985074885,0.4117664983470737,0.5021492201826355,0.5193531738313377,0.4999774024630219,0.4145316119467145,0.40973993714100276,0.40656703361438895,0.03252096907838083,0.032809858658003975,0.0323822064599775,0.04442981011298591,0.05842348629934637,0.044209445567318505,0.0264210176145972,0.025682814370500587,0.024678437165922155,0.6923387,0.6783784,0.79890513,0.49847332,0.5065041,0.6144737,0.50772357,0.60072994,0.5023500174283981,0.785263097524643,0.6105999648571014,0.785263097524643,0.0275,27.5,0.4037265110451759,0.3934151251589965,0.40814157113210403,0.5154948266919399,0.5548821720397852,0.5127887349213994,0.4312553776442495,0.42898204931358985,0.4271240460397806,0.0406373112521171,0.0397903069721279,0.040586466529784405,0.056298115384757486,0.06851655052177892,0.056910921092032746,0.04148006032221808,0.04082390243014308,0.04080462099532038,0.6926694,0.7125983,0.75119674,0.50630903,0.51524395,0.6164888,0.5038618,0.60850894,2026-10-04T18:10:03.963997
59,0.6416051983833313,0.4984574317932129,0.7279977041244506,0.641615092754364,0.7279977041244506,0.847927505683899,0.9342051329612732,2.4769204875946045,0.24805564715862274,3.3319714992523193,1.991651752281189,1.0,10.0,,,,,0.6952413009643554,0.6952413009643554,,,,16.9861001953125,0.008097902689723055,0.01780426258571256,,0.036088149878937915,0.22825308191548488,0.2729979426760203,0.0005726392536978741,0.016214064476643777,1.9245087530962222,,0.0012236606451285304,,75.13350434515887,18.126691478073216,,103.87350512462056,75.02392621860383,24.351412596975923,95.16088079950612,39.77120424987404,16.986082684462236,,0.6889371928895355,,0.06672615064367367,0.18862263032585191,,0.12764537571721776,0.06825395104042284,0.23005452847025196,0.006073661584549459,0.4565530468703835,0.1989975534616762,,,,0.12765,2553.0,0.7428629,0.6873339,0.87503964,0.4978278,0.50235593,0.67422223,0.49447143,0.66160893,0.4946999251842499,0.7971246228218078,0.6062999963760376,0.7971246228218078,0.02,20.0,0.41082697292834996,0.3950396277952181,0.4209492165313768,0.48902981669192613,0.5503838969535063,0.4862901278931268,0.46968162376609524,0.47130426646985757,0.47161735817998823,0.03670310197991354,0.03919544708806351,0.04041223516841941,0.031087152070570414,0.049179343257464564,0.031988462555172494,0.03221011789894654,0.037216468840745816,0.035735783409573306,0.70199996,0.7468182,0.70348835,0.50690794,0.5142276,0.614567,0.5,0.6162879,0.502299964427948,0.7815709109306336,0.6136000156402588,0.7815709109306336,0.02,20.0,0.3943025983838317,0.37184926692820935,0.40356461324257464,0.4648069470598613,0.4866796828214625,0.4653512113375966,0.43221146423681267,0.43136433668639385,0.43218976459221653,0.0333947254783859,0.039044735141145315,0.03649010423675646,0.04032375244261548,0.07381043236291844,0.04270031021383806,0.031417222097916545,0.03246074752361668,0.03337999611885151,0.69717747,0.65855855,0.79890513,0.5,0.5121951,0.61622804,0.5134146,0.6036497,0.49849994480609894,0.7893477668762208,0.6099500060081482,0.7893477668762208,0.02,20.0,0.40256478565609083,0.38344444736171374,0.4122569148869757,0.47691838187589375,0.5185317898874844,0.47582066961536174,0.45094654400145395,0.4513343015781257,0.4519035613861024,0.03504891372914972,0.03912009111460441,0.03845116970258793,0.03570545225659295,0.0614948878101915,0.037344386384505275,0.03181366999843154,0.03483860818218125,0.03455788976421241,0.6995887,0.70268834,0.75119674,0.50345397,0.51321137,0.6153975,0.5067073,0.6099688,2026-10-04T18:14:12.678989
60,0.638739824295044,0.49871793389320374,0.7334935078620911,0.6387799382209778,0.7334935078620911,0.846090078830719,0.9321635508537293,2.509027953338623,0.21569117586612702,3.370778231048584,1.9991501914978027,1.0,10.0,,,,,0.7090348250389099,0.7090348250389099,,,,16.966102020263673,0.021032361313329927,0.035989270555181724,,0.0637538518184191,0.21626032039428214,0.28150060333928484,0.0007586948952495245,0.019247456578312405,2.020755883045257,,0.0017362360362034694,,75.09709114026113,18.101358996834726,,103.8701319117455,74.98818921131694,24.325299475603043,95.1620015429843,39.759781539819805,16.9660742935861,,0.6927236812129901,,0.0673024400024657,0.18997570283853324,,0.12846729909158816,0.06907618605786828,0.23230780888894562,0.006193468017966315,0.4588697708336411,0.20138358272564638,,,,0.13775,2755.0,0.7411588,0.68954897,0.8679081,0.49583337,0.5056659,0.65008086,0.49671933,0.6660082,0.5032999515533447,0.7912616038322449,0.6090500354766846,0.7912616038322449,0.03,30.0,0.39192285759901196,0.3853347769453945,0.3957304206082045,0.5059585930512847,0.5628142744832518,0.5033488776229347,0.44324891327878,0.4429672611623217,0.44232732039201317,0.0723418192430746,0.06916924596428686,0.07117557813693648,0.0626259592496226,0.07740556171754708,0.06424961611139116,0.049601391887214824,0.04981804628210672,0.0499096008900354,0.7,0.7468182,0.7069768,0.5085527,0.51788616,0.61732286,0.5059055,0.6215909,0.4977000057697296,0.7845007758140564,0.613800048828125,0.7845007758140564,0.032,32.0,0.42578130148318416,0.41251292799405004,0.4275344060207944,0.5070996778526943,0.5272450358948755,0.5087055517460989,0.41231025944622696,0.40338048577605423,0.3968283693701663,0.038808592278523776,0.0357247654490175,0.03769543194393249,0.04786528119451219,0.060786506387201275,0.04543096387371068,0.03400200325059637,0.03051880309611106,0.029442922120306414,0.69717747,0.6621622,0.79890513,0.5080153,0.50487804,0.61403507,0.50609756,0.609489,0.5004999786615372,0.7878811898231506,0.6114250421524048,0.7878811898231506,0.031,31.0,0.40885207954109803,0.3989238524697223,0.41163241331449946,0.5065291354519894,0.5450296551890637,0.5060272146845168,0.42777958636250346,0.423173873469188,0.41957784488108973,0.05557520576079919,0.052447005706652186,0.054435505040434484,0.05524562022206739,0.06909603405237418,0.05484028999255092,0.0418016975689056,0.04016842468910889,0.03967626150517091,0.6985887,0.7044902,0.75294095,0.508284,0.5113821,0.61567897,0.50600153,0.61553997,2026-10-04T18:18:21.249968
61,0.6409294009208679,0.49822524189949036,0.7269498460769653,0.6418718695640564,0.7269498460769653,0.8521372748374939,0.9388826550483703,2.5379790493011476,0.2364877110004425,3.3874521026611326,1.9999889762878418,1.0,10.0,,,,,0.6997427018165588,0.6997427018165588,,,,16.944239144897463,0.025366447144113836,0.026765589393559653,,0.05103040969883133,0.23437994262974732,0.29747725278139114,0.0005868179069247666,0.01711215400344627,2.18796165458336,,0.0012405103519138106,,75.0612479531841,18.076748477425546,,103.8692025348639,74.95212919393163,24.297950295126363,95.15743148706521,39.85760099568944,16.944198608398438,,0.6931416965593957,,0.06780254912034721,0.19160095901246282,,0.12935184407386052,0.06988011395475667,0.23450063026634752,0.006388334756135751,0.4673217328111078,0.2037113294669777,,,,0.1325,2650.0,0.7330994,0.6906967,0.8761886,0.498124,0.50048673,0.67355555,0.49842042,0.6673931,0.5047999620437622,0.7977585844993591,0.6044999361038208,0.7977585844993591,0.02,20.0,0.3964725540788665,0.391676271975576,0.40338955997986514,0.5188615691079438,0.5844234059292663,0.5160801025787713,0.43099318564321215,0.4298618594892478,0.4259157167942267,0.06210796122224722,0.06060417857356658,0.059458275891122445,0.07685514218245168,0.08442088422206848,0.07541906345349414,0.06781535865941488,0.06831833868673431,0.06580140299768351,0.70199996,0.7468182,0.70348835,0.50690794,0.5142276,0.60787404,0.5,0.6090909,0.5085499286651611,0.8132088403701783,0.6081500053405762,0.8132088403701783,0.023,23.0,0.4090516821042652,0.39876331557266104,0.41750568128166543,0.47599880230369884,0.49024252096928106,0.47390214169397155,0.4217281468220113,0.41929452285446445,0.4184525397113185,0.033124258131255344,0.0361524449863089,0.0336785782748407,0.043752556849384935,0.07043946721464661,0.0439336919336809,0.02998118171490922,0.03132727873103187,0.03006010123708857,0.69153225,0.65450454,0.77299273,0.49961835,0.5121951,0.6114035,0.5134146,0.60255474,0.5066749453544617,0.8054837124347687,0.6063249707221985,0.8054837124347687,0.0215,21.5,0.4027621180915658,0.39521979377411853,0.4104476206307653,0.4974301857058213,0.5373329634492737,0.4949911221363714,0.4263606662326117,0.42457819117185613,0.42218412825277263,0.047616109676751284,0.04837831177993774,0.046568427082981576,0.06030384951591831,0.07743017571835754,0.05967637769358752,0.04889827018716205,0.04982280870888309,0.04793075211738604,0.69676614,0.70066136,0.73824054,0.5032631,0.51321137,0.6096388,0.5067073,0.6058228,2026-10-04T18:22:30.575891
62,0.6411594748497009,0.5010076761245728,0.726891819190979,0.6415295600891113,0.726891819190979,0.8521626819610596,0.9389108870506286,2.5150512844085693,0.24112765803337097,3.3467495754241945,1.998608563232422,1.0,10.0,,,,,0.6922414205551147,0.6922414205551147,,,,16.925969775390627,0.016576875883204993,0.02192076663916729,,0.04376798229600499,0.23960286644613668,0.2598741969010632,0.0005751999680310262,0.01605659512399583,1.80923261393787,,0.0013221603420655358,,75.02485685895203,18.05001149511641,,103.86485256510935,74.91594278129043,24.26904718435494,95.15464034353852,39.877328666152465,16.925954709387128,,0.6924534986732872,,0.06831249072673215,0.19232631356093535,,0.12999909309444913,0.07063975455654654,0.2364763459961885,0.006377186771529686,0.47137139747097234,0.20674278895566417,,,,0.13305,2661.0,0.73945475,0.6851993,0.87436604,0.4970182,0.4989486,0.674404,0.49781287,0.6680856,0.499300092458725,0.7943994860649108,0.6091500520706177,0.7943994860649108,0.019,19.0,0.43100299400289244,0.42765185978787157,0.43807059467994774,0.5159795666591853,0.5739235028052245,0.5116881982559874,0.503595097581925,0.5133674557430636,0.5037548294427657,0.047460398410039156,0.044868746809784595,0.04568723864469949,0.06275530914670577,0.07895022640637679,0.06444974506153141,0.034679335820331586,0.03395172479255472,0.034305625028758155,0.6965,0.7468182,0.7073643,0.51447374,0.51747966,0.61771655,0.50196856,0.6215909,0.4969500005245209,0.7821281614303589,0.6142500042915344,0.7821281614303589,0.021,21.0,0.4298486363342334,0.4265721917086635,0.43642784305286536,0.477142267731514,0.5053771958270178,0.47230214477762295,0.5090220413609259,0.511183028583281,0.502652242034389,0.022947945258233012,0.02296412367416232,0.022245932680198793,0.03198293154605829,0.04693412943376556,0.03129823960876905,0.007974261275559918,0.007681678439295605,0.0033467428820140987,0.69717747,0.66846853,0.7985402,0.50534356,0.50650406,0.6131579,0.5065041,0.609489,0.4981250464916229,0.7882638237476349,0.611700028181076,0.7882638237476349,0.02,20.0,0.43042581516856293,0.42711202574826757,0.43724921886640655,0.49656091719534967,0.5396503493161211,0.49199517151680516,0.5063085694714254,0.5122752421631723,0.5032035357385773,0.035204171834136086,0.03391643524197346,0.033966585662449145,0.04736912034638203,0.06294217792007117,0.04787399233515023,0.021326798547945752,0.02081670161592516,0.018826183955386128,0.69683874,0.7076434,0.7529522,0.5099087,0.51199186,0.61543727,0.50423634,0.61553997,2026-10-04T18:26:38.331370
63,0.6416122913360596,0.5020251274108887,0.7275370572090148,0.6416774392127991,0.7275370572090148,0.8485705587387085,0.9349196371078491,2.4314129663467408,0.25577903957366943,3.4867829303741456,1.99555089263916,1.0,10.0,,,,,0.7039629528045654,0.7039629528045654,,,,16.90869371948242,0.011211941290645308,0.026957661928579353,,0.04948817071457435,0.23160153651123594,0.30392786400143507,0.0008036744350583773,0.01797289699671944,2.1400242424125127,,0.0015151552146168686,,74.98929114858056,18.024639178233542,,103.86682439913416,74.87980783061617,24.241388369517722,95.15179875853714,39.93317119331117,16.908684833793885,,0.6909230655165994,,0.06900712135870746,0.19303694737564986,,0.13146346000729092,0.07137874879275158,0.23884315000977485,0.006521678636455612,0.4774837397086393,0.21000915794235886,,,,0.13275,2655.0,0.72459906,0.70269835,0.87270206,0.49612957,0.5049455,0.6746263,0.49505875,0.66558045,0.49310001730918884,0.7897078623771667,0.6091000437736511,0.7897078623771667,0.019,19.0,0.45818626367585236,0.44747523679497614,0.4650083103181676,0.5023145074055673,0.5711858229803731,0.5003371409470752,0.3978534431246704,0.39658902270170093,0.38992696947903877,0.04829503573467036,0.046020495670011166,0.04671671602422086,0.06053295082100612,0.07113897448657014,0.061886765025671524,0.040862633745781224,0.04217573131174386,0.03826078838259223,0.693,0.7468182,0.7073643,0.5141447,0.5239838,0.618504,0.5,0.6193182,0.5028000473976135,0.7880450739860535,0.6136000752449036,0.7880450739860535,0.019,19.0,0.4187643631542121,0.40695293596320675,0.4234893704914081,0.483543233228277,0.5195954900985088,0.48285963764815426,0.3785266804069661,0.3766676308040694,0.37459341251030276,0.031827265753106446,0.03328291775443351,0.030840574573392853,0.047199140932099974,0.058689952268625493,0.04624748715252945,0.023915523415097537,0.023888449974341395,0.023005756032139803,0.6923387,0.68108106,0.79890513,0.49847332,0.50487804,0.6144737,0.50772357,0.6043796,0.4979500323534012,0.7888764681816101,0.6113500595092773,0.7888764681816101,0.019,19.0,0.4384753134150322,0.4272140863790914,0.44424884040478785,0.4929288703169221,0.545390656539441,0.4915983892976147,0.3881900617658183,0.38662832675288517,0.3822601909946708,0.0400611507438884,0.03965170671222234,0.038778645298806855,0.05386604587655305,0.06491446337759782,0.054067126089100484,0.03238907858043938,0.033032090643042626,0.030633272207366016,0.6926694,0.7139496,0.7531347,0.50630903,0.5144309,0.6164888,0.5038618,0.6118489,2026-10-04T18:30:47.031256
64,0.6423875689506531,0.500607430934906,0.723751619052887,0.6429075598716736,0.723751619052887,0.8492098999977111,0.9356300161361695,2.4170160911560057,0.2516475939035416,3.536744903182983,1.9999595306396485,1.0,10.0,,,,,0.6952098017692566,0.6952098017692566,,,,16.88888068847656,0.01017249134075561,0.020919562452383765,,0.03864360964044359,0.22509126479079009,0.29306779929976556,0.0005340097107068831,0.015115273956233148,2.1791830414040074,,0.0012137013079392225,,74.95228042116591,17.999599724058893,,103.86026671585763,74.84349638337542,24.210844015619557,95.15308783464371,39.94685179109027,16.88885993714545,,0.6931229545052644,,0.06940691790003685,0.19404111774104416,,0.13216674232938488,0.07204488014719289,0.24031657341179574,0.006722111397298279,0.4811054359955393,0.2125185132975791,,,,0.12795,2559.0,0.724178,0.703967,0.8748217,0.50043446,0.50403035,0.6771919,0.49842042,0.6631161,0.5011000037193298,0.7921917085647583,0.6093000769615173,0.7921917085647583,0.031,31.0,0.40626998642888673,0.39903115105538084,0.4073043382669264,0.5398248327453014,0.5863256381344955,0.525940513735507,0.4523166899459201,0.4494334312089011,0.4455581597424399,0.07982370102517382,0.0748709977978045,0.07134614082236318,0.07714709290355944,0.08435193678237499,0.06845322219015167,0.06924114817453211,0.06339353355501193,0.060886396180174204,0.69699997,0.7468182,0.7073643,0.51348686,0.51910573,0.618504,0.5015748,0.6215909,0.49379998445510864,0.7784140677452087,0.614300012588501,0.7784140677452087,0.028,28.0,0.3767555061158835,0.36808265639307486,0.38100042601574635,0.46732814487264646,0.5420583218014917,0.46459447099770285,0.40239301355775636,0.391387768967278,0.394013953691765,0.0364902376809411,0.037710522982684326,0.03587391775445223,0.03460886620074563,0.05911370399434687,0.03405438981632138,0.025467137436304427,0.02639095207139834,0.024419295653400005,0.69717747,0.6693694,0.79890513,0.5038168,0.50487804,0.6127193,0.5093496,0.609489,0.49744999408721924,0.7853028881549835,0.6118000447750092,0.7853028881549835,0.0295,29.5,0.3915127462723851,0.38355690372422785,0.3941523821413364,0.5035764888089739,0.5641919799679935,0.49526749236660494,0.42735485175183824,0.42041060008808956,0.41978605671710245,0.05815696935305746,0.056290760390244415,0.053610029288407704,0.05587797955215253,0.07173282038836093,0.05125380600323652,0.04735414280541827,0.044892242813205134,0.042652845916787106,0.6970887,0.70809376,0.7531347,0.50865185,0.51199186,0.6156117,0.50546217,0.61553997,2026-10-04T18:34:55.713545
65,0.6384548544883728,0.500412106513977,0.7265994374275208,0.6416375041007996,0.7265994374275208,0.8394935497283935,0.9248340745925904,2.303847466659546,0.19539443920850755,3.263934917449951,1.9992169887542726,1.0,10.0,,,,,0.6700913849830628,0.6700913849830628,,,,16.868437048339842,0.02189037252950132,0.031095964854485268,,0.059466387972733965,0.2625078471840187,0.312151046244392,0.00056546521542711,0.01596064975924173,2.2848468753182964,,0.0015329638462720193,,74.91524291797808,17.9768887173598,,103.8594319531872,74.807585503645,24.182268932366828,95.1535602739662,39.95204859934035,16.86843082403681,,0.6927550351543791,,0.06972568942483064,0.1958736508705054,,0.13302034300983331,0.07277082068145654,0.24227383704322158,0.006618404324955431,0.4841720482726006,0.21474486855184957,,,,0.1417,2834.0,0.7369487,0.6947845,0.8741284,0.4975316,0.50025314,0.6725252,0.49927098,0.66059065,0.4992000162601471,0.806679114818573,0.6037999987602234,0.806679114818573,0.023,23.0,0.5141783839812457,0.49894821817625545,0.5135890554249161,0.626489445038112,0.6508158436324222,0.5820614168451949,0.5459746954859948,0.5417639969171745,0.5237188572758597,0.05559706872935889,0.05189542836303769,0.049760366130290695,0.04748291872722101,0.05955779455250492,0.04240079674282417,0.04981323513953355,0.04633627356212273,0.04266593522448703,0.688,0.7359091,0.6996124,0.51480263,0.52154475,0.6066929,0.4905512,0.6215909,0.5055000185966492,0.7926183552742004,0.6095999479293823,0.7926183552742004,0.024,24.0,0.4369685242994208,0.4086670943308361,0.437523188308734,0.518022658313802,0.5288261187982172,0.4732291943060288,0.4444014557443573,0.44252049696288803,0.4200239270720935,0.03239966725513832,0.03256124683526285,0.029426552625300736,0.03349663771756024,0.04931377301404186,0.023110162195707155,0.024307865763781817,0.0236547340484354,0.01887680307723809,0.67540324,0.6963964,0.7967153,0.50534356,0.500813,0.59517545,0.50447154,0.5963504,0.5023500174283981,0.7996487350463868,0.6066999733448029,0.7996487350463868,0.0235,23.5,0.47557345414033325,0.4538076562535458,0.47555612186682505,0.572256051675957,0.5898209812153197,0.5276453055756118,0.495188075615176,0.4921422469400313,0.47187139217397656,0.043998367992248606,0.04222833759915027,0.039593459377795716,0.040489778222390624,0.05443578378327339,0.03275547946926566,0.03706055045165768,0.03499550380527906,0.03077136915086256,0.68170166,0.7161528,0.7481638,0.51007307,0.51117885,0.60093415,0.4975114,0.60897064,2026-10-04T18:39:04.743868
66,0.6433601379394531,0.49940502643585205,0.7245572320938111,0.6433326601982117,0.7245572320938111,0.8482500666618347,0.9345635369300842,2.415367354774475,0.23885357949733735,3.734947847366333,1.9981065948486327,1.0,10.0,,,,,0.6895331059455871,0.6895331059455871,,,,16.851532458496095,0.01828846855498376,0.02479009148308853,,0.048062588436718866,0.235397350968449,0.2788737663275497,0.0005536188528491896,0.015394141473421816,1.9465569724702532,,0.0014167701134793341,,74.8802407137148,17.9553805430224,,103.85934963347806,74.77159410221562,24.153932705047023,95.15190007884031,39.98209947233747,16.8515072233358,,0.6922034028988735,,0.07045816188784922,0.19798227660595233,,0.13448244798335302,0.07345663068021178,0.24459673644630772,0.006619725408993519,0.4885026229794618,0.21784835323026985,,,,0.1285,2570.0,0.7435445,0.6868103,0.87545556,0.50065166,0.50274533,0.6753131,0.49819767,0.6668432,0.4969000220298767,0.7922959079742432,0.6060000061988831,0.7922959079742432,0.018,18.0,0.4243629250112491,0.41184593599891367,0.43324866468154205,0.4776969503022595,0.5518953747972267,0.4777455506227398,0.4099045000881346,0.40951738446966707,0.4100394878363853,0.04817646896281249,0.04908401179558185,0.047592109773351515,0.047569341131334514,0.06581904502918094,0.04890495352194207,0.04445231650563921,0.04639670191964998,0.04660703519861945,0.70199996,0.7468182,0.70348835,0.50690794,0.5142276,0.61220473,0.5,0.6162879,0.49719998240470886,0.7765396614074707,0.6133999824523926,0.7765396614074707,0.016,16.0,0.4376420516559436,0.428134189134516,0.4443318321565479,0.4653181316089955,0.5088052238271101,0.4535491762969918,0.41174190325408944,0.4134774357469379,0.4100841276700366,0.018689048889392067,0.0195870741889538,0.017389236955685384,0.03089380849392453,0.051431681436533545,0.029752847994244932,0.020218490771955824,0.02063592124133374,0.019961124801429354,0.69717747,0.65855855,0.79890513,0.5,0.5121951,0.6144737,0.5134146,0.6036497,0.4970500022172928,0.7844177846908569,0.6096999943256378,0.7844177846908569,0.017,17.0,0.43100248833359633,0.41999006256671484,0.438790248419045,0.4715075409556275,0.5303502993121685,0.4656473634598658,0.410823201671112,0.4114974101083025,0.41006180775321094,0.03343275892610228,0.03433554299226782,0.03249067336451845,0.039231574812629524,0.05862536323285725,0.0393289007580935,0.032335403638797514,0.033516311580491856,0.033284080000024405,0.6995887,0.70268834,0.75119674,0.50345397,0.51321137,0.6133392,0.5067073,0.6099688,2026-10-04T18:43:14.050967
67,0.6434502005577087,0.4976348578929901,0.7220114311218262,0.6435551643371582,0.7220114311218262,0.8453837434768676,0.931378733253479,2.281094107055664,0.24564070253372192,3.688705591583252,2.0,1.0,10.0,,,,,0.7005047361373902,0.7005047361373902,,,,16.82621260986328,0.005108259187425134,0.014124400541482932,,0.022452450668807054,0.2583897376231327,0.2947695311989374,0.0003473794810358245,0.012511597243345277,2.1560328606587307,,0.0006212315906416091,,74.8454868292353,17.92920079808326,,103.85214801958412,74.73572102929377,24.125302709591615,95.15206374636122,39.96174898572788,16.826197812511662,,0.6931471824645996,,0.07117117960361918,0.19886492449007218,,0.13504603505134583,0.07413296097782766,0.24649642740085626,0.0066255576861132485,0.4903348099653888,0.21918937782193446,,,,0.1227,2454.0,0.745409,0.68423283,0.8744849,0.50323856,0.50366044,0.6764445,0.49554476,0.6682688,0.509399950504303,0.796601182937622,0.6062999963760376,0.796601182937622,0.016,16.0,0.4405393886035222,0.4177746735442605,0.4487058837929902,0.49258135290137406,0.5725851707905383,0.4882701667461424,0.4117131289864579,0.4128164159225129,0.4033620092370356,0.028623217460419965,0.02636630061087821,0.029909337728677234,0.03340927452659428,0.041867923326886956,0.034295639585801556,0.027393355506137584,0.02713589819355551,0.029384732224063622,0.70199996,0.7468182,0.70348835,0.50690794,0.5142276,0.614567,0.5,0.6162879,0.49050000309944153,0.7805128970146179,0.613599956035614,0.7805128970146179,0.016,16.0,0.43749292769785797,0.42667220515033777,0.44790902671608396,0.4615609229552205,0.5085154024974439,0.4585685481216812,0.4059900693851005,0.4070675827120709,0.40326511096334594,0.027651843019455908,0.029467742771570268,0.027960917550008586,0.036030816001332136,0.06245606686394344,0.037094589066067024,0.025395485462882863,0.02585173744660207,0.02534032554448208,0.69717747,0.65855855,0.79890513,0.5,0.5121951,0.61622804,0.5134146,0.6036497,0.49994997680187225,0.7885570399761199,0.6099499762058258,0.7885570399761199,0.016,16.0,0.43901615815069006,0.4222234393472991,0.4483074552545371,0.47707113792829725,0.5405502866439911,0.4734193574339118,0.4088515991857792,0.4099419993172919,0.40331356010019076,0.02813753023993794,0.027917021691224238,0.02893512763934291,0.0347200452639632,0.0521619950954152,0.03569511432593429,0.026394420484510225,0.026493817820078792,0.027362528884272853,0.6995887,0.70268834,0.75119674,0.50345397,0.51321137,0.6153975,0.5067073,0.6099688,2026-10-04T18:47:22.757141
68,0.6404826641082764,0.49848243594169617,0.7252373731613159,0.6419976353645325,0.7252373731613159,0.8513702360153198,0.9380303901672363,2.3919864810943605,0.2354663894891739,3.5871599960327147,1.9996538970947266,1.0,10.0,,,,,0.7015214261054993,0.7015214261054993,,,,16.802754653930663,0.004692623863989565,0.01302000192278747,,0.024824704368343685,0.25993342109166895,0.2540827246181145,0.00043801020388380227,0.012803055713795553,1.8028797733176285,,0.0007355348898156637,,74.8087668449256,17.901859222703678,,103.84191534929215,74.69977482109313,24.096585413452924,95.15296430648512,39.94989497190828,16.80273373111798,,0.6929748324072285,,0.07164840077518657,0.19945327206781716,,0.13525550314195597,0.07478246918529462,0.24828838988853869,0.006671581470710077,0.4924692712771665,0.2208435110225799,,,,0.119,2380.0,0.7399759,0.6843939,0.8760499,0.49628752,0.50280374,0.6810505,0.4956663,0.6626273,0.5037000179290771,0.7999758877754212,0.6064000725746155,0.7999758877754212,0.023,23.0,0.5238778677384414,0.50797058779919,0.5278198724500593,0.5154981280539872,0.5671236671640987,0.5150887153717965,0.45285127559453714,0.45215757085215946,0.45150489145435446,0.06090555711325435,0.06105535635557814,0.0591828139193234,0.06986006381832463,0.0819449300333807,0.06945758305767491,0.05807014920646946,0.058991002056399414,0.058061717309386335,0.693,0.7468182,0.70348835,0.51480263,0.5239838,0.6129921,0.49842522,0.60871214,0.5091000199317932,0.784965639591217,0.612500011920929,0.784965639591217,0.023,23.0,0.45682462856959366,0.43942301816173435,0.46306649441078673,0.4982972839669513,0.5291480969401691,0.4985973000489883,0.4219835830468111,0.4184470312199367,0.41511401531345393,0.03470500547354005,0.035283475297230964,0.033737674863696464,0.04514747983184358,0.05876990598361784,0.04518980352516523,0.033784106218334525,0.03200762678954244,0.032417789859208714,0.68830645,0.68108106,0.79890513,0.5,0.50487804,0.6144737,0.50853664,0.5978102,0.5064000189304352,0.792470763683319,0.6094500422477722,0.792470763683319,0.023,23.0,0.49035124815401754,0.4736968029804622,0.49544318343042304,0.5068977060104692,0.5481358820521338,0.5068430077103924,0.4374174293206741,0.43530230103604806,0.4333094533839042,0.0478052812933972,0.04816941582640455,0.04646024439150993,0.05750377182508411,0.07035741800849926,0.05732369329142007,0.045927127712402,0.04549931442297093,0.04523975358429752,0.6906532,0.7139496,0.75119674,0.50740135,0.5144309,0.61373293,0.5034809,0.6032612,2026-10-04T18:51:31.675004
69,0.6345573663711548,0.49910488724708557,0.7366268120765685,0.6354823708534241,0.7366268120765685,0.8512084650993347,0.9378506417274475,2.496075791168213,0.22678039934635164,3.5923386886596678,1.9996795890808106,1.0,10.0,,,,,0.6691176726341248,0.6691176726341248,,,,16.782861685180663,0.10506087528455671,0.05667015472182316,,0.08477068046229494,0.23135978607520177,0.2584673274593179,0.0004860777565453107,0.013736932399047977,1.9481551725014,,0.0012421774996823117,,74.7724177366609,17.880808872781742,,103.84239128744527,74.6638052387602,24.066547320906523,95.1501968772548,39.982625001555036,16.782851188805452,,0.6929875878012104,,0.07227881081924317,0.2016495440606099,,0.13617096148478758,0.07543900400210338,0.24967142189763913,0.006664958358356717,0.496915126112616,0.22332401269940055,,,,0.12905,2581.0,0.72518045,0.677789,0.8693542,0.5003555,0.49781933,0.673697,0.49819767,0.6440326,0.4905000329017639,0.8647320203781128,0.5713500380516052,0.8647320203781128,0.028,28.0,0.34765597236527696,0.32179548387393875,0.3433258789798614,0.44296144006861654,0.4188708456573171,0.43814860977333236,0.4122503187662103,0.4178330299803285,0.39260061955824727,0.008072019570810789,0.007354046295925173,0.005274576542646301,0.004546922524097194,0.019661374983710848,0.002126667381186165,-0.004843135352147074,-0.004129133368969818,-0.007140477524153914,0.6685,0.71500003,0.5251938,0.5095395,0.50528455,0.6019685,0.5031496,0.5920455,0.5064500570297241,0.7969125542640686,0.6022999882698059,0.7969125542640686,0.031,31.0,0.2988190013806469,0.28163844420444817,0.29514016215142436,0.43505249185184847,0.4395066334519071,0.415774862130563,0.342232425022668,0.3499376225198153,0.31614522341197426,0.021841848515374986,0.021939986478355156,0.020291308589811506,0.019558900396937074,0.03123889710902386,0.01621181920612894,0.015571703183505717,0.01626986069569252,0.013601365140483407,0.6842742,0.64324325,0.7992701,0.49160308,0.50447154,0.59692985,0.51829267,0.57153285,0.498475044965744,0.8308222873210906,0.5868250131607056,0.8308222873210906,0.0295,29.5,0.32323748687296194,0.30171696403919346,0.31923302056564284,0.4390069659602325,0.4291887395546121,0.4269617359519477,0.3772413718944392,0.3838853262500719,0.3543729214851108,0.014956934043092888,0.014647016387140164,0.012782942566228903,0.012052911460517134,0.025450136046367353,0.009169243293657552,0.0053642839156793215,0.006070363663361352,0.0032304438081647464,0.6763871,0.6791216,0.6622319,0.50057125,0.50487804,0.59944916,0.51072115,0.58178914,2026-10-04T18:55:40.566190
70,0.6393447518348694,0.4999723732471466,0.7295795622825623,0.6398496627807617,0.7295795622825623,0.8482921420097351,0.934610286140442,2.4184314081192015,0.1863217949151993,3.6989539211273192,1.9997127769470215,1.0,10.0,,,,,0.7029845226287842,0.7029845226287842,,,,16.76998708190918,0.05877022120647821,0.04259612234301901,,0.06431742097328233,0.27799147799326357,0.2701785550897668,0.000550929450739181,0.014439912403156613,2.0063218191076237,,0.0010142492069897078,,74.7466234826738,17.861653431205994,,103.84514457556853,74.62914368453299,24.03873086431224,95.14902739312238,40.00451784073167,16.769958994191164,,0.6930041844677773,,0.07420582504598958,0.2042167655601623,,0.1372668795335065,0.07618503637944057,0.2514303136783041,0.0066313832600832364,0.5007951550043312,0.2269151777408685,,,,0.1369,2738.0,0.73334,0.68952876,0.8744849,0.5006319,0.5094821,0.67800003,0.49734715,0.63820773,0.49240002036094666,0.7923338046073913,0.607900083065033,0.7923338046073913,0.028,28.0,0.36259680525170473,0.34967361325623847,0.3731335496786409,0.5704509984286784,0.5539629214246854,0.5725447724443413,0.4421184254693817,0.45256479234456726,0.4371554652231286,0.07060786994815861,0.07142583752115664,0.06584411391755404,0.07545765971327083,0.08873297307662559,0.07413328370460771,0.06783820822372846,0.062352063726044314,0.06576387426037444,0.693,0.7468182,0.70348835,0.5141447,0.5239838,0.618504,0.5,0.61401516,0.49250003695487976,0.7793822402954101,0.6133000254631042,0.7793822402954101,0.03,30.0,0.386141335779463,0.369937202666231,0.38986133458295186,0.5142140090425452,0.4718424572610309,0.49963553410820505,0.40491670609366615,0.4101529910009533,0.39371433029516717,0.037837962249966425,0.03868588596008299,0.038789625056807865,0.04427877289446872,0.053035882166877664,0.04307255467181215,0.0377503253112369,0.03700937761511609,0.03656330484144315,0.6923387,0.6783784,0.79890513,0.49847332,0.50650406,0.6144737,0.50772357,0.6029197,0.4924500286579132,0.7858580224514007,0.6106000542640686,0.7858580224514007,0.028999999999999998,29.0,0.3743690705155839,0.3598054079612347,0.3814974421307964,0.5423325037356118,0.5129026893428581,0.5360901532762732,0.4235175657815239,0.4313588916727603,0.4154348977591479,0.05422291609906252,0.05505586174061981,0.05231686948718095,0.05986821630386978,0.07088442762175162,0.05860291918820993,0.05279426676748268,0.0496807206705802,0.0511635895509088,0.6926694,0.7125983,0.75119674,0.50630903,0.5152439,0.6164888,0.5038618,0.60846746,2026-10-04T18:59:49.624096
71,0.6407074928283691,0.5005772113800049,0.7270494957923889,0.6408549547195435,0.7270494957923889,0.8463733078956605,0.9324782474517822,2.341026469421387,0.1707426391005516,3.6795750106811522,1.9996925472259521,1.0,10.0,,,,,0.7365296510696411,0.7365296510696411,,,,16.7484439453125,0.0243242991048988,0.028486195236524556,,0.04413010786839162,0.23969088888661877,0.2748756728069797,0.00042891895798814284,0.012271474772518512,1.9912885618247804,,0.0009404536087146017,,74.71554351612261,17.84418506986776,,103.84683825255959,74.59362836704133,24.008566911053506,95.14377793233106,40.0342147972933,16.74841950046029,,0.6929883896165593,,0.07540244485732096,0.2066699339515844,,0.13822105327609238,0.07692252464924648,0.2531462837556365,0.006700090794070701,0.5049990301678895,0.2288966516780246,,,,0.1412,2824.0,0.73011225,0.70147,0.8766046,0.49387836,0.49978584,0.68222225,0.4936614,0.6519756,0.5016000270843506,0.7898248138427735,0.6075999736785889,0.7898248138427735,0.025,25.0,0.4287503029171838,0.4130915124840745,0.4272217678975755,0.5467222724274575,0.5917334588628974,0.542688961159204,0.5036693037781708,0.4937332344198336,0.47890909112952,0.07661128907509056,0.07695241267146787,0.0698356382385302,0.07605002310813226,0.08522626611798224,0.07181567736365409,0.0713608813850682,0.06698564232632896,0.06498144118000419,0.693,0.7468182,0.6957364,0.5141447,0.5239838,0.618504,0.5,0.6193182,0.49849992990493774,0.7751523566246032,0.6136000752449036,0.7751523566246032,0.031,31.0,0.39417578279976584,0.3762831514682648,0.3968144431306062,0.5090587871046298,0.5058722736949337,0.505649065967547,0.428918720633764,0.42313714971879235,0.4084253781371968,0.033854093876480605,0.03402464759370492,0.03677998912121107,0.03435562960442542,0.049492173268570645,0.03975730721507337,0.03155862363262918,0.030643182433445465,0.028464572655161093,0.6923387,0.6783784,0.79890513,0.49847332,0.50487804,0.6144737,0.50772357,0.60656935,0.5000499784946442,0.7824885852336884,0.6106000244617462,0.7824885852336884,0.028,28.0,0.4114630428584748,0.3946873319761697,0.41201810551409085,0.5278905297660437,0.5488028662789155,0.5241690135633754,0.4662940122059674,0.45843519206931294,0.44366723463335844,0.05523269147578558,0.055488530132586394,0.053307813679870635,0.055202826356278836,0.06735921969327645,0.05578649228936373,0.05145975250884869,0.04881441237988721,0.046723006917582646,0.6926694,0.7125983,0.7473208,0.50630903,0.5144309,0.6164888,0.5038618,0.61294377,2026-10-04T19:03:58.659426
72,0.6334548592567444,0.5000148415565491,0.7394994620800018,0.6337496638298035,0.7394994620800018,0.8458108519554138,0.9318532965660096,2.3650253028869628,0.18859371287822724,3.6779734592437743,1.9998758005142212,1.0,10.0,,,,,0.6922061587333679,0.6922061587333679,,,,16.72159419555664,0.02228990532116739,0.023990998322672097,,0.039286693304504273,0.24217718286783832,0.3390262069263656,0.0004378950253357387,0.013067120603125567,2.725993681295662,,0.0007284590351475205,,74.67947348819416,17.82377301355836,,103.84623470427884,74.5576755985333,23.97758937033878,95.14258458811766,40.012761765984216,16.721591451365477,,0.6930825805208486,,0.07575210886206596,0.20832746755924952,,0.13884789463441083,0.07749694101749711,0.2543824916812265,0.0067921827286244576,0.5066770539162265,0.22971355468983862,,,,0.12995,2599.0,0.7308741,0.70491344,0.84667194,0.49587286,0.49645638,0.63963634,0.49661806,0.66199595,0.5088000297546387,0.7924345469474793,0.6082000732421875,0.7924345469474793,0.021,21.0,0.3787699539911792,0.3792273012382186,0.39790960053390534,0.4673832443937878,0.4814544790230669,0.47614593725473586,0.4489690081315481,0.45521940185944215,0.459182870549308,0.03378544010383029,0.03320144455987896,0.033943491141758576,0.02881789117299512,0.03305923557348282,0.021731710760920783,0.03458183038162405,0.037748395475329224,0.033327909846845596,0.693,0.7468182,0.69806206,0.5141447,0.5239838,0.618504,0.5,0.6215909,0.5081000328063965,0.7782296991348266,0.614300012588501,0.7782296991348266,0.018,18.0,0.3597100366845112,0.33509451906165705,0.3744733743062238,0.43175675139629555,0.39862319670155,0.42008305741050983,0.3996164151866395,0.4018971005623711,0.4032174580570297,0.01927222931255404,0.019544976555986953,0.022758780465339936,0.0203741730504262,0.030614317445396264,0.022185390584693286,0.02175965710716953,0.023669812567325046,0.02072496514588663,0.6923387,0.68108106,0.79890513,0.49847332,0.50487804,0.6144737,0.50772357,0.609489,0.5084500312805176,0.785332123041153,0.6112500429153442,0.785332123041153,0.0195,19.5,0.3692399953378452,0.3571609101499378,0.3861914874200646,0.4495699978950417,0.44003883786230846,0.4481144973326229,0.42429271165909377,0.4285582512109066,0.4312001643031689,0.026528834708192166,0.026373210557932958,0.028351135803549254,0.02459603211171066,0.03183677650943954,0.021958550672807033,0.028170743744396792,0.030709104021327135,0.027026437496366115,0.6926694,0.7139496,0.7484836,0.50630903,0.5144309,0.6164888,0.5038618,0.61553997,2026-10-04T19:08:06.674804
73,0.6323628425598145,0.5012400150299072,0.7349063181877136,0.6363150477409363,0.7349063181877136,0.8467852831840516,0.9329360012054443,2.3743316417694094,0.18435377218723298,3.9726509349823,1.995861181640625,1.0,10.0,,,,,0.7266393916130066,0.7266393916130066,,,,16.70193617248535,0.02267390361169181,0.028476074111802134,,0.05615775449984488,0.24103853006841272,0.3674546200188862,0.0006057770183042232,0.016724709406566278,2.9370988085391416,,0.0013958339939123038,,74.64670587041576,17.799739509631113,,103.84502075584072,74.5220312130679,23.949771686724038,95.13768433005947,40.0556777419558,16.70191146461827,,0.691078159459837,,0.07671643076998413,0.20931452474776346,,0.1398073516453907,0.07804453619726144,0.25612527397787493,0.006787369015869821,0.5116022377257134,0.23205332495984,,,,0.1382,2764.0,0.73769045,0.6884817,0.858855,0.49729463,0.49966902,0.65836364,0.4949575,0.6580245,0.4872001111507416,0.7960815787315368,0.6075999736785889,0.7960815787315368,0.028,28.0,0.510310000568534,0.511046383559786,0.5169878039186165,0.5663245244818662,0.618117630551531,0.5663245244818662,0.4732803219945681,0.4723549453309815,0.47332751734913564,0.030464645577206493,0.029936129373995052,0.028725245455502063,0.05715565283307608,0.06790818876574238,0.05715565283307608,0.04183302822722806,0.03937396530371131,0.041823396066537316,0.69699997,0.7468182,0.70348835,0.5095395,0.51747966,0.60944885,0.5015748,0.6272727,0.5050000548362732,0.7770426440238952,0.6148499846458435,0.7770426440238952,0.032,32.0,0.48767709148955013,0.4912853352939131,0.49587424902865407,0.5034014103706275,0.5326052648354728,0.5032392536693332,0.45381380029696156,0.4530162626191029,0.45227558099127363,0.015546630315987223,0.015396176515136702,0.015241806752439892,0.04543758229166807,0.058849404085000286,0.045558012816623,0.025422376991612688,0.024685240864464945,0.024169390679205302,0.69717747,0.6594594,0.79890513,0.50458014,0.5097561,0.6127193,0.5150407,0.6113139,0.4961000829935074,0.786562111377716,0.6112249791622162,0.786562111377716,0.03,30.0,0.4989935460290421,0.5011658594268495,0.5064310264736354,0.5348629674262468,0.5753614476935018,0.5347818890755998,0.4635470611457648,0.4626856039750422,0.46280154917020466,0.02300563794659686,0.02266615294456588,0.021983526103970977,0.051296617562372075,0.06337879642537134,0.05135683282484954,0.03362770260942037,0.03202960308408813,0.03299639337287131,0.6970887,0.7031388,0.75119674,0.5070598,0.5136179,0.6110841,0.50830775,0.61929333,2026-10-04T19:12:15.289383
74,0.6286903023719788,0.49961724877357483,0.729876264333725,0.6393073201179504,0.729876264333725,0.8422804885864258,0.927930673122406,2.317311393356323,0.17477111653089522,3.873520637512207,1.999999700164795,1.0,10.0,,,,,0.730733046245575,0.730733046245575,,,,16.6849407409668,0.030470745017192963,0.029583557671274113,,0.05875484036151201,0.2778883266980481,0.3475203764191858,0.0005246370917358169,0.014043923379900824,2.4721523973212878,,0.0013382206850753398,,74.6101811888871,17.78260601553947,,103.85562143508037,74.48637526202354,23.92178015496321,95.1299704776448,40.15776154341971,16.68494166234496,,0.693147033263164,,0.07727231260887377,0.21156046686658433,,0.1415702457640581,0.07864671404574328,0.25806357545457825,0.0067429302770430875,0.5193338602971119,0.23472561644520729,,,,0.14735,2947.0,0.7357859,0.6836287,0.8714739,0.49216035,0.5041667,0.6631717,0.5003443,0.6665988,0.4978499710559845,0.8509791951179504,0.590149998664856,0.8509791951179504,0.034,34.0,0.410335044421347,0.4045580404750563,0.4159718531833783,0.5003534077581773,0.5306310692460672,0.497271188959207,0.4507965383296735,0.44832305330456945,0.44942820406577744,0.04594161842334171,0.04579516351225944,0.0454745625122887,0.054295087528745636,0.04977183560549079,0.048832369179263715,0.04397135474467545,0.04443931666159033,0.042951767425836805,0.67300004,0.72409093,0.6414729,0.50690794,0.50731707,0.60354334,0.5035433,0.6090909,0.5123000741004944,0.8225189566612243,0.601349949836731,0.8225189566612243,0.032,32.0,0.40178429619962736,0.3928537407632811,0.40861377224717826,0.48109149084762065,0.4873888412642951,0.47602361847395125,0.46243563443384184,0.4605251451842238,0.45456372524982486,0.02956678772702658,0.03008017531171459,0.028468785168536848,0.04514149266585051,0.06942321075373258,0.04459294547597029,0.023057820910081753,0.025078869455400932,0.01988841585136637,0.6814516,0.63243246,0.759854,0.4980916,0.5012195,0.6078948,0.5150407,0.60583943,0.5050750225782394,0.8367490758895874,0.5957499742507935,0.8367490758895874,0.033,33.0,0.4060596703104872,0.3987058906191687,0.4122928127152783,0.490722449302899,0.5090099552551811,0.4866474037165791,0.45661608638175766,0.45442409924439664,0.4519959646578011,0.037754203075184144,0.037937669411987014,0.03697167384041278,0.04971829009729807,0.059597523179611686,0.04671265732761701,0.0335145878273786,0.03475909305849563,0.031420091638601585,0.6772258,0.6782617,0.70066345,0.50249976,0.5042683,0.6057191,0.509292,0.60746515,2026-10-04T19:16:23.761287
75,0.6265273690223694,0.4980272948741913,0.7276182317256927,0.6401026248931885,0.7276182317256927,0.8356319150924683,0.9205433670043945,2.18119175491333,0.18407961745262147,3.450798711013794,1.9982532707214355,1.0,10.0,,,,,0.6729434805870056,0.6729434805870056,,,,16.676037982177736,0.052684037361492755,0.04363405769453592,,0.07689694738739235,0.2590089592679291,0.3631267456017482,0.00046917207129959574,0.01293173637300445,2.4616189007736313,,0.0013487697511073127,,74.57527413337853,17.763569789327633,,103.86594565810671,74.45099455232074,23.89827332223297,95.13078327543417,40.190523256921466,16.676036312321948,,0.6922760131252799,,0.07785791637981014,0.21428065305682503,,0.14339113956803728,0.07923643120155213,0.2602761439077414,0.0068399351072396825,0.5235312660788275,0.2386823152280917,,,,0.1501,3002.0,0.732097,0.68654853,0.87527734,0.4978278,0.5047897,0.6713535,0.5003443,0.6552139,0.49800002574920654,0.8187548933029175,0.5947999954223633,0.8187548933029175,0.035,35.0,0.5208426444748998,0.5215031868325039,0.5282767219955337,0.4903834560115854,0.5227746289439862,0.49682197724357885,0.49047489076803236,0.4905015512335197,0.48912061502396414,0.0014275282843558548,0.000691575501991089,0.0015404363972629854,0.015564970693564608,0.03894224521345778,0.01851836944286239,0.0031710466501280303,0.002522798769692468,0.0031053303139450834,0.687,0.7468182,0.67015505,0.5075658,0.5117886,0.59960634,0.5015748,0.58750004,0.5031999945640564,0.787594343662262,0.6096999645233154,0.787594343662262,0.033,33.0,0.5158167893953781,0.5175265102186403,0.5267790997428288,0.48529244435679014,0.4981961866658787,0.4938749385180377,0.5096800895188212,0.5066166054257782,0.5055484214857152,0.014865619995008841,0.013911455995152415,0.014134208469820374,0.030257327566598796,0.04380368921659983,0.026683283270072855,0.014002318768129561,0.01463250214039631,0.012799796434661994,0.6987903,0.64774776,0.79890513,0.50076336,0.499187,0.6057018,0.51829267,0.5978102,0.5006000101566315,0.8031746184825898,0.6022499799728394,0.8031746184825898,0.034,34.0,0.518329716935139,0.5195148485255721,0.5275279108691813,0.48783795018418774,0.5104854078049325,0.4953484578808083,0.5000774901434267,0.49855907832964896,0.49733451825483965,0.008146574139682347,0.007301515748571752,0.007837322433541679,0.0229111491300817,0.041372967215028804,0.022600826356467624,0.008586682709128796,0.008577650455044388,0.007952563374303539,0.6928952,0.69728297,0.7345301,0.5041646,0.5054878,0.6026541,0.5099337,0.5926551,2026-10-04T19:20:32.189980
76,0.6341924667358398,0.5012874603271484,0.7259588937759399,0.6407575011253357,0.7259588937759399,0.8372477690696716,0.9223387578010559,2.197985863876343,0.20585844274759293,3.4101495880126955,1.999979367828369,1.0,10.0,,,,,0.6871168321609497,0.6871168321609497,,,,16.65913661804199,0.021475662725901967,0.016181079061830913,,0.03145997702132222,0.2671531057519138,0.3406154730351298,0.0003875280215269975,0.011908857516683401,2.317617078021074,,0.0008952409498422083,,74.5424519921564,17.741777225664467,,103.8715042794586,74.41518445834993,23.870266264411296,95.13043713417782,40.197391315630284,16.659118530856578,,0.6931369126222695,,0.07880772356015102,0.2163391406558881,,0.14455814830436828,0.07984973803447311,0.2619329802929216,0.006925892316184606,0.5264471704792825,0.24122607461206472,,,,0.14685,2937.0,0.74585,0.6836488,0.87488115,0.49844,0.49811137,0.6757576,0.49779266,0.6543992,0.49310001730918884,0.7936855564117432,0.6063999533653259,0.7936855564117432,0.027,27.0,0.4769459730159079,0.474180290977562,0.48735208575313427,0.5317122866428741,0.5715015569354752,0.5358227641510342,0.4756816861440029,0.4707569086402737,0.47090727582691694,0.022182687180804746,0.02091071226215598,0.02143299357429897,0.04888833450797078,0.0600128679099346,0.050074811439450084,0.027399582654513546,0.02685726928658675,0.02653848389513439,0.69699997,0.7468182,0.7003876,0.50888157,0.5126017,0.614567,0.50629926,0.61704546,0.4926000237464905,0.7749927868843078,0.6141000986099243,0.7749927868843078,0.029,29.0,0.4852853085698945,0.48296338755292006,0.4977440445776823,0.47761485072151577,0.4965152447588226,0.48730355785479373,0.46640860976598125,0.4650178817394249,0.4630151296049766,0.017928269212508882,0.01710520291648148,0.018012619732882124,0.03954418097321146,0.06169787936903296,0.04056607542063702,0.02092228409779754,0.019046418061688157,0.018011993121651356,0.69717747,0.6594595,0.79890513,0.49923664,0.5121951,0.62061405,0.5134146,0.6036497,0.49285002052783966,0.7843391716480255,0.6102500259876251,0.7843391716480255,0.028,28.0,0.4811156407929012,0.47857183926524105,0.4925480651654083,0.504663568682195,0.5340084008471488,0.511563161002914,0.4710451479549921,0.4678873951898493,0.46696120271594677,0.020055478196656814,0.01900795758931873,0.019722806653590545,0.044216257740591125,0.060855373639483776,0.04532044343004355,0.024160933376155543,0.022951843674137454,0.022275238508392872,0.6970887,0.7031388,0.74964637,0.5040591,0.51239836,0.61759055,0.50985694,0.61034757,2026-10-04T19:24:40.804252
77,0.6431225538253784,0.5005348920822144,0.7206603740692139,0.6434051990509033,0.7206603740692139,0.8356238624572754,0.9205344190597534,2.22549010887146,0.20038436028957368,3.2720291236877443,1.9996309787750244,1.0,10.0,,,,,0.6958530490875244,0.6958530490875244,,,,16.63780537109375,0.009491081629189437,0.011193026572015066,,0.027927301143396907,0.20316616528827675,0.2680577494346412,0.00036810700807410476,0.010813031049006305,1.7769867442785554,,0.0008476453233224037,,74.50787455564851,17.71533418157298,,103.86390156351078,74.37905062535766,23.839550820125897,95.13210836033912,40.171840327560524,16.63778192070639,,0.6929634084367449,,0.07943915680145762,0.21701051769362892,,0.14491877320465768,0.08049007652291826,0.2633762851262548,0.0069828115901939426,0.5277825339584593,0.24267774165435962,,,,0.15265,3053.0,0.7448677,0.6932139,0.87454444,0.49942735,0.50142133,0.6787475,0.49777237,0.660163,0.5032999515533447,0.7940404415130615,0.6057000160217285,0.7940404415130615,0.036,36.0,0.4771508156990771,0.4710579518794231,0.48600060326358363,0.5284525953401836,0.5595534894526456,0.53401922137429,0.474526295600717,0.47088986223446627,0.4680829774909589,0.04940549253185565,0.04518492442470476,0.047452846512336465,0.063894844819802,0.06706600106271984,0.06288312873822308,0.04468730519655505,0.04576252779422654,0.04425460898891205,0.70199996,0.7468182,0.7003876,0.50690794,0.5142276,0.61535436,0.5,0.61401516,0.5070999264717102,0.7767853636741638,0.6128000617027283,0.7767853636741638,0.034,34.0,0.4727170289338199,0.46888956756192124,0.4849879604459156,0.4863677014344232,0.5070867537794136,0.49364413955967795,0.46804727756887604,0.470840749704327,0.4624139819801466,0.017289843385697112,0.016456079772441876,0.01707708241560455,0.039480870312422825,0.05164767670437289,0.039173578439111886,0.022083498410489212,0.021566653898747224,0.02093577424765845,0.6931452,0.65855855,0.79890513,0.5,0.5121951,0.61622804,0.5134146,0.60145986,0.5051999390125275,0.7854129025936127,0.6092500388622284,0.7854129025936127,0.035,35.0,0.4749339223164485,0.4699737597206722,0.48549428185474963,0.5074101483873035,0.5333201216160296,0.513831680466984,0.4712867865847965,0.47086530596939663,0.4652484797355527,0.03334766795877638,0.030820502098573316,0.03226496446397051,0.05168785756611241,0.05935683888354637,0.05102835358866748,0.03338540180352213,0.03366459084648688,0.03259519161828525,0.6975726,0.70268834,0.74964637,0.50345397,0.51321137,0.6157912,0.5067073,0.60773754,2026-10-04T19:28:49.689115
78,0.6290053129196167,0.5015022158622742,0.7225255716800689,0.6426452398300171,0.7225255716800689,0.8393460687637329,0.9246702107429504,2.337497712135315,0.19236618045568465,3.267551609802246,1.9999244972229004,1.0,10.0,,,,,0.6988212656974793,0.6988212656974793,,,,16.61293198852539,0.01827984528188226,0.021187431081850675,,0.05162460413897873,0.2509672599518375,0.36024347742556767,0.0004569341989892541,0.012853833521971373,2.531780409395315,,0.0010543960976343199,,74.47161806920532,17.68866579092232,,103.85354706588065,74.3430230207504,23.807651143165153,95.13427321318608,40.15556775232789,16.61290744611412,,0.693109598888713,,0.07987060027707155,0.21765211423870864,,0.14514666596415696,0.08109778070905406,0.2646622259146089,0.006986407601648265,0.5294768377474159,0.243752053968466,,,,0.1484,2968.0,0.7430634,0.68614584,0.87711966,0.4981635,0.49774146,0.673899,0.49783313,0.67028517,0.5126500129699707,0.7971946206092835,0.6072499752044678,0.7971946206092835,0.035,35.0,0.45117024638055336,0.43859408661928634,0.46310558071265984,0.5417356017091687,0.561977669768496,0.5320689446555095,0.4523660913124357,0.4518311529553385,0.45097783548734605,0.04947832971643558,0.04765856733866681,0.04606048444569326,0.05900491269740846,0.07159325534825281,0.06449133461185493,0.0401664107991329,0.041440333315995004,0.04031752348542548,0.693,0.7468182,0.69186044,0.5243421,0.5093496,0.61535436,0.49921262,0.62613636,0.4983000159263611,0.7814479784965516,0.6142500638961792,0.7814479784965516,0.034,34.0,0.45525634121049624,0.4459046110358019,0.4664487860461005,0.48737042046566903,0.5088941813210098,0.49343211103756845,0.45933353180037245,0.4515179835087672,0.4493512018079033,0.02679451113936288,0.026002825379091866,0.025445127058797597,0.042733447676792984,0.054336316241870755,0.04278516655222948,0.027310780409569194,0.026340895065560525,0.02414959067259075,0.6923387,0.6594595,0.79890513,0.50458014,0.5109756,0.6122807,0.5170732,0.60875916,0.5054750144481659,0.7893212995529175,0.6107500195503235,0.7893212995529175,0.0345,34.5,0.4532132937955248,0.44224934882754413,0.4647771833793802,0.5145530110874188,0.5354359255447529,0.512750527846539,0.4558498115564041,0.4516745682320529,0.45016451864762463,0.03813642042789923,0.03683069635887934,0.03575280575224543,0.050869180187100724,0.06296478579506179,0.053638250582042205,0.033738595604351045,0.03389061419077777,0.032233557079008116,0.6926694,0.7031388,0.7453828,0.51446116,0.5101626,0.6138176,0.50814295,0.61744773,2026-10-04T19:32:58.291797
79,0.6355679631233215,0.4993452727794647,0.7352082283496857,0.6365702748298645,0.7352082283496857,0.8586549963951111,0.9461245697975159,2.6269647731781007,0.2227762340903282,3.5467685668945315,1.999994132232666,1.0,10.0,,,,,0.7049220125198364,0.7049220125198364,,,,16.58970562133789,0.054218647935002105,0.03344523074922143,,0.06819160497424068,0.24907887181279006,0.37004041662261744,0.00044104056557044266,0.01223497017832461,2.5650024555481163,,0.0012980590236574747,,74.44505368372437,17.67141978755878,,103.85564383731526,74.30795122863381,23.779539679266087,95.13316515296887,40.18853927417925,16.589691016324768,,0.6931442618370056,,0.08155793283775353,0.22065739001438117,,0.14623452618623237,0.08168345566388148,0.2662413272128743,0.007085987408259871,0.5336326702385191,0.24524632665761717,,,,0.13455,2691.0,0.72455895,0.70289975,0.8667591,0.49830177,0.50075936,0.640303,0.5039287,0.6577393,0.5008000135421753,0.7969408326148987,0.6035000681877136,0.7969408326148987,0.016,16.0,0.4969511940416358,0.4948110289295606,0.5029191818839222,0.5547857614617477,0.6011840193411502,0.5547857614617477,0.44966316759155733,0.4495508553810595,0.4495643175065382,0.03169527581459481,0.031214039070435115,0.02990192026118148,0.030701258546554398,0.03793233261185018,0.030701258546554398,0.019846169323557258,0.02007177680979339,0.02005559920334412,0.693,0.7359091,0.68643415,0.51217103,0.5239838,0.60590553,0.49921262,0.6215909,0.5027999877929688,0.7797437582015991,0.6112000346183777,0.7797437582015991,0.018,18.0,0.45774178244050145,0.4579657568463943,0.46887191433593356,0.5171006741153851,0.5660259644461503,0.5168740235061515,0.41277151872758916,0.41324492333542034,0.4106493506832466,0.009166730738929546,0.010920644297896881,0.008645755732319535,0.018744204730205435,0.03367544565640895,0.018922577891762778,0.002504856811151394,0.0025939091145640147,0.0019449739803471264,0.6923387,0.68108106,0.7967153,0.49770996,0.50406504,0.59517545,0.50772357,0.60656935,0.501800000667572,0.7883422954082488,0.6073500514030457,0.7883422954082488,0.017,17.0,0.4773464882410686,0.4763883928879774,0.48589554810992786,0.5359432177885664,0.5836049918936502,0.5358298924839496,0.4312173431595733,0.4313978893582399,0.43010683409489237,0.02043100327676218,0.021067341684165998,0.019273837996750507,0.024722731638379916,0.03580388913412957,0.02481191821915859,0.011175513067354325,0.011332842962178704,0.011000286591845623,0.6926694,0.7084951,0.74157476,0.5049405,0.5140244,0.6005405,0.5034681,0.61408013,2026-10-04T19:37:07.153418
80,0.6386123895645142,0.49711254239082336,0.7255562422752381,0.6414072513580322,0.7255562422752381,0.8688626726150512,0.9574664316177368,2.743476181411743,0.18391908659934997,3.550386719894409,1.9998645347595214,1.0,10.0,,,,,0.7178213624954224,0.7178213624954224,,,,16.573715740966797,0.009136095441726576,0.009163802731737707,,0.01877669322046386,0.26102732973778325,0.4575818292084773,0.0002767923706994172,0.010567472289630751,3.019040596238367,,0.0005132359300990227,,74.4108777866242,17.649341947713474,,103.85043655687078,74.27260176543217,23.752701947643498,95.13435499835167,40.186068686710044,16.573701068853875,,0.6930797441749815,,0.08225209873383212,0.22220389421578426,,0.14682300777951623,0.0822582116742043,0.26811528623483744,0.007189828175814098,0.5361340884949751,0.24815262578854894,,,,0.1195,2390.0,0.7289094,0.70432943,0.87262285,0.5001185,0.4973715,0.662,0.49973673,0.6692668,0.5031000375747681,0.7952014288902283,0.6077000498771667,0.7952014288902283,0.021,21.0,0.48172054887280097,0.47228694309681307,0.4923120495207813,0.5539264978464943,0.5988745220471388,0.5539264978464943,0.4861942704668929,0.48275859561972934,0.47863056718538527,0.06214349241509697,0.05967297543111926,0.05867548103326514,0.07441223793060962,0.08492086251250903,0.07441223793060962,0.06397287621024729,0.062193050657925075,0.06271572409495685,0.693,0.7468182,0.6957364,0.51480263,0.5239838,0.61614174,0.5,0.6215909,0.49924996495246887,0.7806867518424988,0.6135000586509705,0.7806867518424988,0.017,17.0,0.446944363941672,0.43889200305286813,0.4568297560560948,0.5034248105741922,0.549083754971093,0.5024832786972032,0.4186286860889027,0.4160224816539364,0.41657549173048447,0.025250887275239463,0.02466307370430503,0.024193832219142508,0.04551579336607884,0.05991330404812388,0.045570800458163266,0.025889161274161798,0.02430399726441496,0.02465347189502409,0.6923387,0.67477477,0.79817516,0.49847332,0.50487804,0.6144737,0.50772357,0.609489,0.5011750012636185,0.7879440903663635,0.6106000542640686,0.7879440903663635,0.019000000000000003,19.0,0.46433245640723647,0.4555894730748406,0.47457090278843805,0.5286756542103432,0.5739791385091159,0.5282048882718487,0.4524114782778978,0.44939053863683287,0.44760302945793484,0.04369718984516822,0.042168024567712147,0.041434656626203825,0.059964015648344235,0.07241708328031646,0.059991519194386445,0.044931018742204544,0.043248523961170016,0.04368459799499047,0.6926694,0.7107965,0.74695575,0.506638,0.5144309,0.6153077,0.5038618,0.61553997,2026-10-04T19:41:15.361687
81,0.639162540435791,0.4996999502182007,0.7243929946422577,0.6416722536087036,0.7243929946422577,0.8637830285072327,0.9518223814964294,2.6895268699645998,0.17471348242759704,3.3392007614135744,1.9980012435913086,1.0,10.0,,,,,0.7109085863113404,0.7109085863113404,,,,16.558590072631837,0.010911634330901726,0.015544385348586069,,0.030837984714111324,0.2573371322908599,0.3808272943659953,0.000339913818166609,0.010816297017832755,2.417020621383266,,0.0006679062178614438,,74.37395258618008,17.62298905925386,,103.8406982421875,74.23713134960005,23.724201724787427,95.13599755353988,40.14805923753483,16.558565856544835,,0.6921476885012001,,0.08258803587430602,0.22295174866345277,,0.14700976232434534,0.08281664066253953,0.26961336868583774,0.007245014400879858,0.5368542443415162,0.25083698474677507,,,,0.12095,2419.0,0.7325782,0.6980669,0.87650555,0.49595183,0.49992213,0.67256564,0.49325636,0.66753566,0.5023000240325928,0.787753333568573,0.6090000867843628,0.787753333568573,0.022,22.0,0.392111946840929,0.36817478414314975,0.40227800090331384,0.4809033250043631,0.5462812023885562,0.4821626916935109,0.3866041794569612,0.3849634754945112,0.38176080871064044,0.031844481418565065,0.027363401019580565,0.029301803802517543,0.04431687184783261,0.04255942736587522,0.04109864170196692,0.023403839776764246,0.019447271307794136,0.02150974186199301,0.693,0.7468182,0.70348835,0.5141447,0.5239838,0.618504,0.5,0.6223485,0.5005000233650208,0.7760205230712891,0.6140000820159912,0.7760205230712891,0.028,28.0,0.41588107574059224,0.4075652005842667,0.42448538423243104,0.4956367302060673,0.5540845668595746,0.49378917285883306,0.3990018130614531,0.3983920784659944,0.3939140392500369,0.03441473039397596,0.03404799325857023,0.03445691452310402,0.04441959995739225,0.06376286245896337,0.043317274516539224,0.024884340188812637,0.023620100509485542,0.023635260078634014,0.6923387,0.6783784,0.79890513,0.49847332,0.50487804,0.6144737,0.5109756,0.60656935,0.5014000236988068,0.781886928319931,0.611500084400177,0.781886928319931,0.025,25.0,0.40399651129076064,0.3878699923637082,0.41338169256787244,0.4882700276052152,0.5501828846240654,0.487975932276172,0.3928029962592071,0.3916777769802528,0.38783742398033866,0.03312960590627051,0.0307056971390754,0.03187935916281078,0.044368235902612435,0.0531611449124193,0.04220795810925307,0.02414408998278844,0.02153368590863984,0.022572500970313512,0.6926694,0.7125983,0.75119674,0.50630903,0.5144309,0.6164888,0.5054878,0.6144589,2026-10-04T19:45:24.154851
82,0.6293498277664185,0.49893248081207275,0.7185433287620544,0.644102156162262,0.7185433287620544,0.8497621827125549,0.9362436682701111,2.4207236461639403,0.19081344141960144,3.0842767276763916,1.9999884056091308,1.0,10.0,,,,,0.700597618675232,0.700597618675232,,,,16.536355020141603,0.006396233783243298,0.00925941856457128,,0.019950379676832136,0.2656328024662984,0.3831509551757081,0.00029125969223830117,0.010025905236115407,2.492152335727291,,0.0004971095329162793,,74.33892107921041,17.602333822068136,,103.83687484644021,74.20193369677112,23.694332268587342,95.13243083589396,40.18379072930403,16.53633433542434,,0.6931414125831263,,0.08312628408715983,0.22443539701449644,,0.14748797152832055,0.08339078183386736,0.2708880064214111,0.007336572097365264,0.5410336464833302,0.25235563155951773,,,,0.1305,2610.0,0.73285884,0.7073097,0.8783083,0.49853873,0.5005452,0.671899,0.49963546,0.6667821,0.5001500844955444,0.9134107437133789,0.5365500450134277,0.9134107437133789,0.018,18.0,0.42588026637629933,0.4046568313854509,0.4409864987372185,0.5036620094965057,0.5654981309978256,0.4836791155453791,0.3859233677996103,0.3876170630903342,0.37504941301864014,0.039658868042714436,0.03808252755296948,0.03891863478993643,0.04801480739782451,0.057588193199334343,0.0477649866362058,0.05059526183647479,0.05220200806557711,0.04945519278559498,0.5625,0.56545454,0.57403105,0.50789475,0.49308944,0.55748034,0.4870079,0.557197,0.4978500008583069,0.8540691728591919,0.5725500583648682,0.8540691728591919,0.015,15.0,0.40792163738532494,0.39983847091878183,0.41298032069761875,0.47897865650470345,0.5552220625863661,0.474210691016123,0.339427566787292,0.33812208591666587,0.322316913511213,0.03430008930962037,0.03599586156757543,0.034601443061450056,0.041417217297196864,0.06775245572683321,0.04218507088219032,0.05468231729449917,0.0556403205300499,0.05377275124281105,0.61612904,0.59324324,0.72554743,0.49618322,0.496748,0.57236844,0.49593496,0.5733577,0.49900004267692566,0.8837399582862855,0.554550051689148,0.8837399582862855,0.0165,16.5,0.4169009518808121,0.40224765115211636,0.42698340971741866,0.4913203330006046,0.5603600967920959,0.47894490328075107,0.3626754672934511,0.36286957450350005,0.34868316326492654,0.0369794786761674,0.03703919456027245,0.03676003892569324,0.044716012347510686,0.06267032446308378,0.04497502875919806,0.05263878956548698,0.053921164297813504,0.051613972014203015,0.5893145,0.5793489,0.6497892,0.50203896,0.4949187,0.56492436,0.4914714,0.56527734,2026-10-04T19:49:32.768091
83,0.6402703523635864,0.5013226270675659,0.721978106880188,0.6426852941513062,0.721978106880188,0.8497386510848999,0.9362175199508667,2.420537993621826,0.1923179147362709,3.088524689865112,1.9999663246154784,1.0,10.0,,,,,0.6991438872337341,0.6991438872337341,,,,16.51538243408203,0.007105551178457369,0.0076705034967559345,,0.01635668502162525,0.3014305008065169,0.39385545837461566,0.00024978540500197383,0.009153824625833399,2.4490326479741724,,0.0005230286559169729,,74.30276392068073,17.575711851666686,,103.82600261906909,74.16638037809142,23.66533454360476,95.1310487978018,40.18978556250311,16.515358299206778,,0.6931304217903478,,0.08353864183281637,0.22500772850148998,,0.1477505632077053,0.08398934847610012,0.27236996866335533,0.007284009636373846,0.5437928684957468,0.25425875319796765,,,,0.1256,2512.0,0.7327987,0.700141,0.8748217,0.49913114,0.49715734,0.6729495,0.5014783,0.66615075,0.49970003962516785,0.7869927845001221,0.6089000105857849,0.7869927845001221,0.021,21.0,0.4562795684546009,0.44998152706647315,0.45845747359870426,0.5240229507615591,0.599983595510896,0.5165175657978173,0.4477966866749465,0.4404605908163232,0.41946211044618936,0.049943838941749585,0.05057498248286003,0.04508405313479373,0.05591459603965345,0.08440154905973717,0.05179669693353567,0.0652028627273634,0.06560530969975573,0.05867524263271249,0.693,0.7468182,0.70348835,0.5141447,0.5239838,0.618504,0.5,0.6215909,0.4900999665260315,0.7744580154418945,0.614300012588501,0.7744580154418945,0.019,19.0,0.42786007906773504,0.4144327867059119,0.4304363098062567,0.5001205855752416,0.5613925858244521,0.4810295809031859,0.3451101092774695,0.34607116888620104,0.32045184043169656,0.03631158589319206,0.03842492649785126,0.03745873436254431,0.046862613429649785,0.07681208428713426,0.047888763962585054,0.05618594240836004,0.0583473251781347,0.05438754737641362,0.6923387,0.68108106,0.79890513,0.49847332,0.50487804,0.6144737,0.50772357,0.609489,0.49490000307559967,0.7807253999710083,0.6116000115871429,0.7807253999710083,0.02,20.0,0.442069823761168,0.4322071568861925,0.4444468917024805,0.5120717681684004,0.580688090667674,0.4987735733505016,0.396453397976208,0.39326587985126216,0.36995697543894296,0.04312771241747082,0.04449995449035564,0.04127139374866902,0.05138860473465162,0.08060681667343572,0.04984273044806036,0.060694402567861724,0.061976317438945216,0.056531395004563056,0.6926694,0.7139496,0.75119674,0.50630903,0.5144309,0.6164888,0.5038618,0.61553997,2026-10-04T19:53:41.566674
84,0.6433603167533875,0.4967300295829773,0.720795595407486,0.643382728099823,0.720795595407486,0.8503519454002381,0.9368989544868469,2.4356283157348635,0.20032437558174132,2.994919934082031,2.0,1.0,10.0,,,,,0.6933807277679443,0.6933807277679443,,,,16.494887704467775,0.0023534763905636454,0.005992688272915081,,0.011791333048248509,0.19920532134877647,0.35935031124361,0.00020746469810871247,0.008311778140123814,2.1998381455233145,,0.00039250223092315124,,74.26614258395638,17.54849690236863,,103.81633340629043,74.13045827294611,23.636268251261136,95.1306760265569,40.16791177251536,16.494864020377968,,0.6931471824645996,,0.08389563692413318,0.22553882154689472,,0.1479426157322659,0.08457118799542165,0.27395212555387216,0.007266636602699187,0.545197823624702,0.25585902743278793,,,,0.1193,2386.0,0.72967124,0.7035643,0.875,0.49766982,0.50235593,0.6716364,0.5027947,0.66743386,0.4940999746322632,0.7873914189338684,0.6088500022888184,0.7873914189338684,0.021,21.0,0.4480962143635013,0.4328854395596448,0.45448186200190654,0.5405791717923989,0.5609639898641863,0.4995109657019026,0.4364861354772731,0.4388768266263351,0.42408846039317905,0.044944740404649866,0.04535123313705232,0.042371991348925886,0.05467275316123926,0.05709046582229462,0.0514986004420456,0.0569985869864798,0.05750123785175188,0.05881750958386638,0.693,0.7468182,0.70348835,0.5141447,0.5239838,0.618504,0.5,0.6212121,0.4974000155925751,0.7745116381645203,0.6143000721931458,0.7745116381645203,0.02,20.0,0.41486672789203477,0.4050780042815761,0.4228792148397535,0.47538308359051573,0.5451351018764831,0.47049014968146263,0.3352053825781938,0.3385286213859854,0.3140275641608242,0.033122577203663434,0.03415751715190973,0.034159950097403725,0.03978740182415379,0.06156485363462036,0.04076453659125839,0.05072839493969745,0.050354440516479713,0.04757374266728878,0.6923387,0.68108106,0.79890513,0.49847332,0.50487804,0.6144737,0.50772357,0.609489,0.49574999511241913,0.7809515285491944,0.6115750372409821,0.7809515285491944,0.0205,20.5,0.431481471127768,0.41898172192061045,0.43868053842083,0.5079811276914573,0.5530495458703346,0.4850005576916826,0.38584575902773344,0.38870272400616024,0.36905801227700163,0.03903365880415665,0.039754375144481026,0.0382659707231648,0.047230077492696525,0.059327659728457494,0.046131568516652,0.05386349096308862,0.0539278391841158,0.053195626125577586,0.6926694,0.7139496,0.75119674,0.50630903,0.5144309,0.6164888,0.5038618,0.6153506,2026-10-04T19:57:51.072037
85,0.6425722241401672,0.5029224753379822,0.7206802100658417,0.6430924534797668,0.7206802100658417,0.8431477034568786,0.928894243812561,2.3735400478363036,0.20613201246261598,2.983163328552246,1.9940237129211427,1.0,10.0,,,,,0.6927083954811096,0.6927083954811096,,,,16.47082435913086,0.004678153426834652,0.010904770160140617,,0.024240964459356182,0.2341278239515177,0.3990632347098202,0.0004542232044322926,0.012353364388594867,2.5853356360250217,,0.0010011989427645169,,74.22979478775316,17.521075376279793,,103.80771923672621,74.09503664636308,23.60413079960331,95.13721597270602,40.1725335090783,16.47081460163092,,0.6901632987769546,,0.08427716573332525,0.22596669624185867,,0.14823766043231745,0.08513929789802831,0.27483215757236357,0.007451144281395112,0.5478670851440187,0.2568003436562362,,,,0.1293,2586.0,0.7304531,0.7078534,0.8751783,0.49705768,0.50420564,0.6718384,0.4947347,0.6663544,0.49590009450912476,0.7921550941467285,0.6094000339508057,0.7921550941467285,0.022,22.0,0.4657205216300428,0.452224133652883,0.46875861811684905,0.5365236762501671,0.5941402416886331,0.5256033630758642,0.4826579004439211,0.4845487368554743,0.4649842328470847,0.0669981614843378,0.06611696794830221,0.06325093607041973,0.060528819029564904,0.06342012869629773,0.05864038391242992,0.06562874358729857,0.06693985912436197,0.06314806107468579,0.693,0.7468182,0.7073643,0.5141447,0.5239838,0.618504,0.5,0.6215909,0.4941999912261963,0.7795605607032776,0.6143000721931458,0.7795605607032776,0.019,19.0,0.4381135118377011,0.4268269409795936,0.44377202991794834,0.4912256880541694,0.550082812064888,0.48025933287086714,0.40018292961180674,0.39951029819896045,0.3831969658772603,0.03521072220685546,0.035416621637549696,0.03377744401274437,0.0504319180083286,0.07492643348235972,0.049610030400161334,0.05113789566503401,0.050230125098710963,0.04631463181977028,0.6923387,0.68108106,0.79890513,0.49847332,0.50487804,0.6144737,0.50772357,0.609489,0.4950500428676605,0.785857827425003,0.6118500530719757,0.785857827425003,0.020499999999999997,20.5,0.45191701673387197,0.43952553731623833,0.4562653240173987,0.5138746821521682,0.5721115268767605,0.5029313479733657,0.4414204150278639,0.44202951752721736,0.4240905993621725,0.051104441845596635,0.05076679479292595,0.048514190041582056,0.05548036851894675,0.06917328108932873,0.054125207156295624,0.05838331962616629,0.05858499211153646,0.05473134644722803,0.6926694,0.7139496,0.7531347,0.50630903,0.5144309,0.6164888,0.5038618,0.61553997,2026-10-04T20:01:59.548136
86,0.6394447088241577,0.500902533531189,0.7253180683135987,0.6407996416091919,0.7253180683135987,0.8226340004920959,0.9061012464523316,2.1769849002838133,0.23190674395561217,3.014477906417847,1.999343603515625,1.0,10.0,,,,,0.6791715215682983,0.6791715215682983,,,,16.451439205932616,0.1337864335688835,0.036129057929579725,,0.07320344328485832,0.21835509758846017,0.3527112836670724,0.0005370800060002804,0.013280222248760569,2.2058773144225405,,0.0014196124622198993,,74.19485886689205,17.498332211925725,,103.81133746493394,74.05990304157233,23.574019826901186,95.1364071111011,40.27209103335241,16.45141798371722,,0.6928201955594834,,0.0849408547210086,0.22740078418497828,,0.14958286209470906,0.08574157706491507,0.2761903302684711,0.007627676318215717,0.55500848505907,0.2588506253661623,,,,0.15455,3091.0,0.72953093,0.7047725,0.8714739,0.4978673,0.49754676,0.66979796,0.49696234,0.6614868,0.5002999901771545,0.7870630960464478,0.6089000701904297,0.7870630960464478,0.026,26.0,0.42253604708208137,0.41170430549692943,0.4384017866270633,0.5087139742390122,0.5870440189616946,0.5087291525643713,0.4124084806348029,0.41243438556064765,0.4124054672775146,0.040001158752497226,0.04011287756381619,0.03772346059115865,0.05627214711192327,0.07067321072614953,0.05621806020909356,0.05050078687327275,0.051824782814671934,0.050472108906050354,0.693,0.7468182,0.7073643,0.51480263,0.5223577,0.6169291,0.5,0.62007576,0.5014000535011292,0.7767562661170959,0.6129999160766602,0.7767562661170959,0.022,22.0,0.4177069196198472,0.40476222687511776,0.43003553720075754,0.4821733039803508,0.5143608765215654,0.458377610694942,0.4049913076966786,0.40393977180404317,0.398761363225813,0.031293528327797526,0.03215634113850128,0.03078215385914227,0.03824868271771579,0.06767801950252003,0.04162211729623711,0.029722774341197376,0.03148201773400744,0.030602777147196895,0.6923387,0.68648654,0.79890513,0.49770996,0.503252,0.6144737,0.50365853,0.60145986,0.5008500218391418,0.7819096810817718,0.6109499931335449,0.7819096810817718,0.024,24.0,0.4201214833509643,0.4082332661860236,0.43421866191391045,0.4954436391096815,0.55070244774163,0.48355338162965666,0.40869989416574076,0.4081870786823454,0.4055834152516638,0.035647343540147376,0.03613460935115874,0.034252807225150464,0.047260414914819526,0.06917561511433479,0.04892008875266533,0.04011178060723507,0.04165340027433968,0.040537443026623626,0.6926694,0.7166524,0.7531347,0.5062563,0.51280487,0.61570144,0.50182927,0.61076784,2026-10-04T20:06:08.656943
87,0.6396048069000244,0.5016799569129944,0.7278574501514434,0.6395623087882996,0.7278574501514434,0.8339288995742797,0.91865112657547,2.305569790649414,0.25609732435941696,3.106526140213013,1.9988738533020018,1.0,10.0,,,,,0.663502707195282,0.663502707195282,,,,16.43305563354492,0.05826835284490808,0.020012172289558976,,0.03671241573586016,0.21961290825893925,0.39129446618923336,0.0003826983912942848,0.010589670687973214,2.4278982450627975,,0.000999031874503118,,74.16087501671663,17.478425299286084,,103.8151114882937,74.02429840671029,23.54520297202335,95.13514461638822,40.36595462386016,16.433029138358535,,0.6925859515834006,,0.08567285025195712,0.2292216030085922,,0.15087222568928058,0.08628612733001162,0.27779396628118624,0.007747874461755061,0.5617179642817017,0.2609445678580339,,,,0.14535,2907.0,0.72373694,0.7031414,0.8744651,0.49478674,0.4998248,0.6699798,0.49734715,0.65608966,0.502750039100647,0.7911083421707154,0.6084999442100525,0.7911083421707154,0.023,23.0,0.40755846780196797,0.39638542031186197,0.4250373361397405,0.5000161185218882,0.5739552274529084,0.4999881910255465,0.4014790494694431,0.40167438807687433,0.40124827696397686,0.050610967017524704,0.050286227028557444,0.047015125893391047,0.06292813396257667,0.07690396080906332,0.06293601393968097,0.049675635206858734,0.04922945492829364,0.04964546395104227,0.693,0.7468182,0.70348835,0.51348686,0.5239838,0.61771655,0.49842522,0.6215909,0.48660004138946533,0.7779715013504028,0.6141000390052795,0.7779715013504028,0.024,24.0,0.40568466062832714,0.4008115744569237,0.4168511556147556,0.4702822724419631,0.5377886062648879,0.4679927836983108,0.4216124161860516,0.4135475385754727,0.4126503619961394,0.034142703698451356,0.034226501699862286,0.03287928669874719,0.045611489531172916,0.06674132994942678,0.046252429836519074,0.031885339950216376,0.031963335008201366,0.030775974449171226,0.6923387,0.68108106,0.79890513,0.49770996,0.50406504,0.6144737,0.50772357,0.609489,0.49467504024505615,0.7845399217605591,0.611299991607666,0.7845399217605591,0.0235,23.5,0.40662156421514756,0.39859849738439285,0.42094424587724805,0.48514919548192564,0.5558719168588981,0.4839904873619286,0.4115457328277473,0.4076109633261735,0.40694931948005814,0.04237683535798803,0.04225636436420986,0.03994720629606912,0.05426981174687479,0.07182264537924504,0.05459422188810002,0.040780487578537555,0.040596394968247504,0.04021071920010674,0.6926694,0.7139496,0.75119674,0.5055984,0.5140244,0.6160951,0.5030744,0.61553997,2026-10-04T20:10:18.267359
88,0.6392151713371277,0.5002253651618958,0.729485018157959,0.6391850113868713,0.729485018157959,0.8344334823608398,0.9192117738723755,2.214187051963806,0.20819596427679063,3.373911396026611,1.999055966949463,1.0,10.0,,,,,0.6771411325454711,0.6771411325454711,,,,16.413294540405275,0.14916485391451922,0.03243491711216581,,0.06948009688795728,0.2038719996477768,0.39796427772588033,0.0007953881877893434,0.015420795041640662,2.418147256230093,,0.002123310964443416,,74.12509986245708,17.45432313080806,,103.81811674081595,73.98881535621206,23.518980390706638,95.12711300212106,40.48690611237933,16.413258461435888,,0.6926766987059526,,0.08610698258041576,0.23018266545359495,,0.15191632186531262,0.08683878031505901,0.27970943614176125,0.007820223487771241,0.5695709608922339,0.2628845094115871,,,,0.15395,3079.0,0.72983164,0.69544905,0.86176705,0.49824253,0.50202495,0.6776364,0.49862292,0.6527902,0.5002501010894775,0.7878214511871338,0.6078499555587769,0.7878214511871338,0.03,30.0,0.47963872705297006,0.47495915452152127,0.4889234890411278,0.5848383497644757,0.6193062847361479,0.5943334790081264,0.4858120822438975,0.4800938504955367,0.4839281298373983,0.06031271609081265,0.06175826594675391,0.058836663881050376,0.06635906208542619,0.07591626552533864,0.06925892583941702,0.06277441409391883,0.06380445794814821,0.062124836754813235,0.693,0.7468182,0.70348835,0.5141447,0.5239838,0.61614174,0.5,0.6159091,0.5050500631332397,0.7760611581802368,0.6133999824523926,0.7760611581802368,0.032,32.0,0.4501469466451974,0.44105593717292774,0.4590121551554686,0.5512628841138748,0.5550297144411336,0.5425555324655209,0.4250073155302558,0.4047573186734712,0.40786063672157996,0.032427648669736776,0.03451701204353202,0.03361118939301667,0.0382592497583472,0.05433761551047034,0.046011667830399686,0.0330999412051405,0.0360649036407194,0.03161178323312985,0.6923387,0.68108106,0.79744524,0.49847332,0.50569105,0.6153509,0.50772357,0.6029197,0.5026500821113586,0.7819413046836853,0.6106249690055847,0.7819413046836853,0.031,31.0,0.4648928368490837,0.4580075458472245,0.47396782209829824,0.5680506169391752,0.5871679995886407,0.5684445057368237,0.4554096988870766,0.442425584584504,0.44589438327948916,0.04637018238027471,0.048137638995142965,0.04622392663703352,0.052309155921886695,0.06512694051790449,0.05763529683490835,0.047937177649529664,0.049934680794433806,0.04686830999397154,0.6926694,0.7139496,0.7504668,0.50630903,0.5148374,0.6157463,0.5038618,0.6094144,2026-10-04T20:14:26.292608
89,0.6407750248908997,0.503615140914917,0.726955727148056,0.6410048604011536,0.726955727148056,0.8245823043823243,0.9082660273551941,2.0605163011550904,0.15463797036409377,3.6475120834350587,1.9996156211853027,1.0,10.0,,,,,0.6847723715782166,0.6847723715782166,,,,16.397371615600587,0.01320464844825814,0.013610015532715916,,0.03191857647512606,0.22194838948595297,0.39528626825209634,0.000510663438035408,0.011635024413454589,2.291976366358198,,0.0014738957283402584,,74.09046022451608,17.43102164784814,,103.82343092997363,73.9536428755256,23.493254339619046,95.12419172153352,40.55532027809483,16.397351064499777,,0.6929556617311611,,0.08666699797294702,0.2314933308750201,,0.15291855242221977,0.08741216048313553,0.2816299152602056,0.0078825251893348,0.5749041886086677,0.2653952988849324,,,,0.15725,3145.0,0.7270048,0.6988925,0.87537634,0.49616906,0.49727413,0.6776768,0.49910897,0.6595927,0.5059000253677368,0.7921238374710083,0.6074000000953674,0.7921238374710083,0.029,29.0,0.46060395545156957,0.44615210022541457,0.46199467394040744,0.5566453212551356,0.5880052320580765,0.5545218229174651,0.4796550661348088,0.4696673588751986,0.4687003657642256,0.04891306299883127,0.048369483440823646,0.04729729682401688,0.04496994136606354,0.05478457154326674,0.046850640411070364,0.04268973453993816,0.047035131070920444,0.04229605894959971,0.693,0.7468182,0.70348835,0.5141447,0.52073175,0.62165356,0.5,0.6102273,0.4884999990463257,0.7781824293136597,0.6126999258995056,0.7781824293136597,0.03,30.0,0.46174404916235506,0.4410368819665118,0.46925754703986083,0.5341645780571478,0.5421266140270397,0.5407710205088804,0.4738336730458117,0.4555130325021757,0.4560867350577346,0.03656169010330477,0.038412080379145244,0.03696359624004942,0.044437185423691745,0.058839687687512535,0.04555473390952639,0.023761039739420686,0.02762771837235972,0.02158606095504156,0.6923387,0.6783784,0.79890513,0.49847332,0.50731707,0.61885965,0.50772357,0.5941606,0.49720001220703125,0.7851531333923341,0.6100499629974365,0.7851531333923341,0.0295,29.5,0.4611740023069623,0.44359449109596316,0.46562611049013414,0.5454049496561417,0.5650659230425581,0.5476464217131727,0.47674436959031025,0.46259019568868714,0.46239355041098007,0.04273737655106802,0.043390781909984445,0.04213044653203315,0.044703563394877646,0.05681212961538964,0.04620268716029838,0.03322538713967942,0.03733142472164008,0.03194105995232063,0.6926694,0.7125983,0.75119674,0.50630903,0.5140244,0.6202566,0.5038618,0.60219395,2026-10-04T20:18:34.708278
90,0.640922486782074,0.4985150992870331,0.724429183101654,0.6417326331138611,0.724429183101654,0.837375576210022,0.9224807654380799,2.216342084693909,0.1699544834971428,3.5381776538848877,1.9999650665283204,1.0,10.0,,,,,0.6858022877693176,0.6858022877693176,,,,16.382680380249024,0.011470123702455549,0.011757617411841371,,0.02718198267375208,0.19252074149194037,0.3509707533440013,0.00044944510786092666,0.01079319001347491,2.046085893253612,,0.0013199562215113533,,74.05378382980444,17.40413176178173,,103.81303498091971,73.91854561969733,23.466707800603977,95.12557084393349,40.551842391870586,16.382671246862714,,0.6931297961314014,,0.0870196569687242,0.232060078317952,,0.15317722490638686,0.08799847960472107,0.2834424017720921,0.008001769590339844,0.5771323609503971,0.2683263083172452,,,,0.14145,2829.0,0.7337811,0.697644,0.87462366,0.49818325,0.49324378,0.68432325,0.49918994,0.6560285,0.5059000253677368,0.7997592406272889,0.6026999950408936,0.7997592406272889,0.022,22.0,0.40972299747322927,0.3954961711887062,0.4170378588794212,0.4775778315266391,0.5425219099943697,0.4802251283369001,0.39340059326320337,0.3933244126155332,0.3933385060935136,0.018409951132417543,0.0163019577286461,0.015346179771613726,0.02403682468481179,0.028275487285131,0.021880659964037423,0.005032313142921614,0.004768141594408876,0.0049502008396631395,0.702,0.7468182,0.6965116,0.51085526,0.51829267,0.61377954,0.4944882,0.5935606,0.5031000375747681,0.7788722796440124,0.6125000715255737,0.7788722796440124,0.021,21.0,0.46552006079430935,0.45295659872760724,0.47033865247372775,0.5050089782668077,0.5216083011062662,0.5083033112135437,0.4555757489978527,0.4544562690551269,0.4500111002064091,0.022067783235111726,0.02131628638547378,0.020184880185874634,0.03223823281851667,0.05073736725563706,0.030278318049398477,0.021063191286911396,0.02060987475820377,0.019745888212912396,0.68830645,0.67027026,0.79890513,0.49770996,0.5146342,0.61622804,0.5117886,0.59562045,0.5045000314712524,0.7893157601356506,0.6076000332832336,0.7893157601356506,0.0215,21.5,0.4376215291337693,0.42422638495815673,0.44368825567657444,0.49129340489672335,0.5320651055503179,0.4942642197752219,0.42448817113052806,0.42389034083533006,0.42167480314996136,0.020238867183764636,0.01880912205705994,0.017765529978744178,0.02813752875166423,0.03950642727038403,0.02607948900671795,0.013047752214916504,0.012689008176306324,0.012348044526287768,0.69515324,0.70854425,0.7477084,0.5042826,0.5164634,0.6150038,0.5031384,0.59459054,2026-10-04T20:22:42.803573
91,0.641162633895874,0.502367377281189,0.7240229469299316,0.6415600776672363,0.7240229469299316,0.8519474092483521,0.9386716940879821,2.469533759498596,0.18030135272741318,3.685599099731445,1.997702841949463,1.0,10.0,,,,,0.6979920815467835,0.6979920815467835,,,,16.366345013427733,0.014718574097129416,0.02146390855651954,,0.045083969026198906,0.2071721941991976,0.3720710654120157,0.0004726865794926742,0.012036790669403353,2.1623574726900476,,0.0008782737265629427,,74.01761432817787,17.37955706894018,,103.81074713445773,73.88335642237573,23.43810289225001,95.12536553060933,40.57108399215018,16.36632139363866,,0.6920021574967986,,0.0873770194638307,0.23280865599395364,,0.1538284928745525,0.08856413774429613,0.2847168680968558,0.008203505722295706,0.5803862335575614,0.2708469578035318,,,,0.12765,2553.0,0.73801124,0.6901933,0.87476224,0.4972354,0.49690422,0.67840403,0.50168085,0.65832996,0.4828999638557434,0.7908132967948913,0.6074000000953674,0.7908132967948913,0.021,21.0,0.4972400290128224,0.48171788135866284,0.4975163151495081,0.5830722076157033,0.6092227385879889,0.5791126250889039,0.4738937901667451,0.47277890674546,0.4585456811868239,0.053605491469397915,0.05546463041668099,0.05265928279944027,0.0642109433748629,0.07402722755860719,0.06559988717080992,0.062051784297033,0.06150157069249039,0.0600302211465678,0.693,0.74136364,0.6957364,0.5141447,0.5239838,0.61929137,0.5,0.6215909,0.5036999583244324,0.776323251247406,0.6140999794006348,0.776323251247406,0.022,22.0,0.45727840475645665,0.4445806550657332,0.46238724929470254,0.5355908775079794,0.5526608673183213,0.5310368303865426,0.3882062435348505,0.38662063416528747,0.381684216843688,0.030336121643752725,0.03178337357270483,0.030517019057091643,0.050808116646915265,0.060820163915457075,0.05189012255540412,0.02804067214236166,0.028022926523662107,0.028297521269887077,0.6923387,0.68108106,0.79890513,0.49847332,0.50487804,0.6127193,0.50772357,0.609489,0.4932999610900879,0.7835682740211487,0.6107499897480011,0.7835682740211487,0.0215,21.5,0.4772592168846395,0.46314926821219804,0.4799517822221053,0.5593315425618414,0.5809418029531551,0.5550747277377233,0.4310500168507978,0.4296997704553738,0.4201149490152559,0.04197080655657532,0.04362400199469291,0.041588150928265954,0.057509530010889084,0.06742369573703214,0.05874500486310702,0.04504622821969733,0.04476224860807625,0.04416387120822744,0.6926694,0.71122235,0.7473208,0.50630903,0.5144309,0.6160053,0.5038618,0.61553997,2026-10-04T20:26:51.690714
92,0.6412597894668579,0.4996848702430725,0.7255591408729554,0.6412924528121948,0.7255591408729554,0.8563535411834717,0.9435673938751221,2.5509553955078124,0.19317558188438416,3.739334595108032,1.9999835578918457,1.0,10.0,,,,,0.7152190423965454,0.7152190423965454,,,,16.342950643920897,0.014158609960290119,0.01909145539985921,,0.038575102674484156,0.19999829266860986,0.38534618857180236,0.0005678880979584316,0.012367090064984787,2.267930020951921,,0.0008641104541774943,,73.98197101179962,17.355044285962535,,103.80722706788664,73.84776053459022,23.411648197538533,95.12384786423604,40.62527927471574,16.342922502262578,,0.6931389995441315,,0.08783079588868815,0.2336010713675979,,0.15439238565362942,0.08912866249395783,0.28652043441298664,0.008284951465287406,0.5850762516070324,0.27195147078508025,,,,0.12245,2449.0,0.73291904,0.6955498,0.8744057,0.49944708,0.49857864,0.67359596,0.49850145,0.6602851,0.5009999871253967,0.7969738397598266,0.6063000559806824,0.7969738397598266,0.018,18.0,0.4420444755420594,0.43895615743627936,0.45033223356456153,0.4753381461573644,0.5492550198881045,0.475323161425831,0.411074349271726,0.41117852547064276,0.4110620016032748,0.04179346845345621,0.043529721114036565,0.03995484186027692,0.05028981527210344,0.06158702489016693,0.050279606494321,0.03516925562051187,0.0350526200540584,0.03496270125396508,0.70199996,0.7468182,0.70348835,0.50690794,0.5142276,0.614567,0.5,0.6162879,0.5109999775886536,0.7799096803665161,0.6136000752449036,0.7799096803665161,0.019,19.0,0.4517361319742833,0.4523901987396412,0.46094189581190004,0.4789129488073353,0.5263318541049139,0.4757867384147393,0.41902575091389055,0.4210738095171927,0.41886655115804217,0.012078016570548217,0.013479953990040488,0.012259743372155902,0.0278512039679977,0.04347130043200923,0.028776916250227793,0.018780858551433795,0.01941857054852059,0.018627811003495805,0.69717747,0.65855855,0.79890513,0.5,0.5121951,0.61622804,0.5134146,0.6036497,0.5059999823570251,0.7884417600631713,0.609950065612793,0.7884417600631713,0.0185,18.5,0.44689030375817135,0.44567317808796025,0.4556370646882308,0.47712554748234987,0.5377934369965092,0.47555494992028513,0.41505005009280826,0.41612616749391773,0.41496427638065847,0.026935742512002214,0.028504837552038528,0.02610729261621641,0.03907050962005057,0.05252916266108808,0.039528261372274394,0.02697505708597283,0.027235595301289495,0.02679525612873044,0.6995887,0.70268834,0.75119674,0.50345397,0.51321137,0.6153975,0.5067073,0.6099688,2026-10-04T20:31:00.113453
93,0.6397603750228882,0.5045750737190247,0.7286279752731323,0.6397755146026611,0.7286279752731323,0.868405323600769,0.9569582662582398,2.7644911792755127,0.2530773837089539,4.239633275604248,1.975749584197998,1.0,10.0,,,,,0.7433654600143432,0.7433654600143432,,,,16.31518206176758,0.03128233037666183,0.02227562690779543,,0.05374591555935775,0.19992188359521756,0.34335976563821174,0.0005076347009496093,0.011174019494325301,2.0109701266713964,,0.0013941725099901965,,73.94828164653414,17.336933621935025,,103.8106361437755,73.81227359650241,23.381207885256238,95.11420989795855,40.75328207319709,16.315153340625155,,0.6809205177483285,,0.08856948075970267,0.23562361034238413,,0.15561314382750518,0.08969253443988265,0.28785140632064476,0.008339335590268776,0.5930200090074236,0.27238679406749217,,,,0.119,2380.0,0.72935045,0.7015506,0.8702655,0.49705768,0.5010514,0.6582222,0.49896723,0.6646436,0.5034999847412109,0.7932230663299561,0.6094000339508057,0.7932230663299561,0.017,17.0,0.47860412432851285,0.48101165243799404,0.48680382047911,0.5235852869992542,0.5885517189925513,0.5235250103302019,0.42353034960933833,0.423626349405836,0.42324245021149337,0.04087113125598143,0.04058309041362729,0.039198594961089156,0.054800488999495654,0.06573739635782093,0.054786813462079975,0.03251620093211783,0.03245777239058389,0.03242284670171867,0.693,0.7468182,0.7073643,0.5141447,0.5239838,0.618504,0.5,0.6215909,0.49665001034736633,0.7853668127059936,0.6142999529838562,0.7853668127059936,0.016,16.0,0.454429764383153,0.45639922415026446,0.46231736739559204,0.5029204844258712,0.558436750821215,0.5021369823170384,0.40714045572718044,0.40631851078709635,0.4058955016057284,0.02321703441752461,0.025792679217866963,0.02287216491705107,0.044550839769248736,0.06601673763627025,0.04513595276995295,0.028412415079318663,0.028444476302683094,0.028362685620810762,0.6923387,0.68108106,0.79890513,0.49847332,0.50487804,0.6144737,0.50772357,0.609489,0.5000749975442886,0.7892949395179749,0.6118499934673309,0.7892949395179749,0.0165,16.5,0.4665169443558329,0.46870543829412925,0.47456059393735106,0.5132528857125627,0.5734942349068832,0.5128309963236202,0.4153354026682594,0.41497243009646617,0.41456897590861086,0.032044082836753016,0.03318788481574712,0.031035379939070115,0.049675664384372195,0.0658770669970456,0.04996138311601646,0.030464308005718248,0.03045112434663349,0.030392766161264715,0.6926694,0.7139496,0.7531347,0.50630903,0.5144309,0.6164888,0.5038618,0.61553997,2026-10-04T20:35:08.931330
94,0.6422374248504639,0.5030477643013,0.7233237774848938,0.642242431640625,0.7233237774848938,0.8629348839759826,0.9508800011634827,2.6779210041046144,0.2056752346754074,4.00173858795166,1.9956777132034302,1.0,10.0,,,,,0.7260253437042237,0.7260253437042237,,,,16.286892758178713,0.0306467049144161,0.03821987252583087,,0.07272104198887208,0.2148305613334012,0.4147676475298632,0.0004578593657793222,0.010737070570563435,2.5357865227066028,,0.001012309192557058,,73.91363753786513,17.319007982873615,,103.81196448453673,73.7773280538571,23.34905754380925,95.11306058069702,40.76016888952559,16.286865270821153,,0.6909629569691458,,0.08922929487600448,0.23794685560426895,,0.15650945598152793,0.09026350052493393,0.28887877779401794,0.008317870331133247,0.5955326629292433,0.2728016503677247,,,,0.1236,2472.0,0.72906977,0.6987314,0.87402934,0.5032781,0.5034268,0.6607879,0.5007493,0.6707332,0.5035000443458557,0.7983806705474854,0.6026000380516052,0.7983806705474854,0.023,23.0,0.5262207086386137,0.5057879394535336,0.5288557037463112,0.6249700535911138,0.6117798725622426,0.6288655074900227,0.5219845622703113,0.5099896082804486,0.5084271480778358,0.07285184264205431,0.07153526113907133,0.06903295837807831,0.07013708031348344,0.0692141250112145,0.07401482028869294,0.06282107667072657,0.05974487657147463,0.06066177220358604,0.687,0.7359091,0.6848837,0.51085526,0.5239838,0.6090551,0.50236225,0.6162879,0.4918000102043152,0.7798060736656189,0.6111000180244446,0.7798060736656189,0.023,23.0,0.4692155369018254,0.4498319513001371,0.47450747244549846,0.5635999147086951,0.5523698149270102,0.5667146528114548,0.4337620569788295,0.42676012255322626,0.4215446862058692,0.022388677685430007,0.022273402488073153,0.021046442950515595,0.02420336830237977,0.02704238409255311,0.025387182087144935,0.008972440713195024,0.008466229204216814,0.004453169016912205,0.6875,0.6963964,0.7967153,0.49618322,0.50406504,0.59078944,0.50609756,0.6043796,0.49765002727508545,0.7890933721065522,0.6068500280380249,0.7890933721065522,0.023,23.0,0.49771812277021954,0.47780994537683535,0.5016815880959048,0.5942849841499045,0.5820748437446264,0.5977900801507388,0.4778733096245704,0.4683748654168374,0.46498591714185256,0.047620260163742156,0.04690433181357224,0.04503970066429695,0.04717022430793161,0.048128254551883805,0.04970100118791894,0.0358967586919608,0.03410555288784572,0.03255747061024912,0.68725,0.7161528,0.74079955,0.50351924,0.5140244,0.5999223,0.5042299,0.61033374,2026-10-04T20:39:17.752496
95,0.6388376355171204,0.5001400709152222,0.729538557100296,0.6388551592826843,0.729538557100296,0.8439953019142151,0.9298360214233399,2.4247352071762087,0.17750505677461625,3.792529256439209,1.998622973060608,1.0,10.0,,,,,0.6938660821914673,0.6938660821914673,,,,16.263542416381835,0.02079698526757253,0.02704417468849451,,0.05286995466846,0.18997877743688357,0.3904706131500803,0.0006566983300993801,0.015469212218478417,2.4271809426462574,,0.001506144128757259,,73.87949210974821,17.307235219676024,,103.83066354739438,73.74246677471574,23.321023114927254,95.11560622294238,40.76144625426857,16.263519651570896,,0.6924578342468116,,0.09003439384281256,0.2413183196335082,,0.1582147399331354,0.09086157523902358,0.29019530772403546,0.008416471291024973,0.5977223010579492,0.2740001640502055,,,,0.14305,2861.0,0.7287891,0.7045711,0.8687797,0.49512243,0.500993,0.6550505,0.49850145,0.66191447,0.48489996790885925,0.7937123155593873,0.608799934387207,0.7937123155593873,0.025,25.0,0.37558719595391293,0.35591513875718,0.3797187651354413,0.5658128763818023,0.6021622159120352,0.5668712677005809,0.43637397456490146,0.4367130945691216,0.4326486719627853,0.06124415511964724,0.06011348581049933,0.06088846012445694,0.0550013070671778,0.06326150828743367,0.057443903296596675,0.05863552995251738,0.05882263631871218,0.05807910545771961,0.693,0.7468182,0.70348835,0.5141447,0.5223577,0.618504,0.5,0.6223485,0.49800005555152893,0.7790494270324707,0.614799976348877,0.7790494270324707,0.027,27.0,0.3929328716022506,0.3643459589457812,0.3942642265818101,0.5303525584063661,0.5383208397995197,0.53809072631619,0.3939225077469923,0.38580360633694516,0.38504363948093184,0.023750600837000025,0.02370212636464356,0.024583500487267387,0.031811766125062355,0.04851076706930029,0.03441929832802933,0.03342618642125401,0.033265664150862836,0.031281257223648995,0.6923387,0.6783784,0.79890513,0.49847332,0.50650406,0.61622804,0.5109756,0.609489,0.4914500117301941,0.786380871295929,0.611799955368042,0.786380871295929,0.026000000000000002,26.0,0.38426003377808177,0.3601305488514806,0.3869914958586257,0.5480827173940842,0.5702415278557775,0.5524809970083855,0.41514824115594684,0.4112583504530334,0.40884615572185856,0.04249737797832363,0.04190780608757144,0.04273598030586216,0.04340653659612008,0.055886137678366976,0.045931600812313,0.046030858186885695,0.04604415023478751,0.0446801813406843,0.6926694,0.7125983,0.75119674,0.50630903,0.5144309,0.617366,0.5054878,0.61591876,2026-10-04T20:43:26.167814
96,0.6411949992179871,0.5040553212165833,0.7255059915542602,0.641307532787323,0.7255059915542602,0.8508774010658264,0.9374828015327453,2.4558725677490236,0.1844075375318527,3.9947476486206055,1.9981529636383057,1.0,10.0,,,,,0.695412316608429,0.695412316608429,,,,16.24860594177246,0.07344103537746083,0.04512053514107065,,0.07426090449373576,0.22373763158632692,0.4559184922391822,0.0006084752639467906,0.013439799270408738,2.712526718427421,,0.001853938287240453,,73.84381380506382,17.288003982252377,,103.82931567149556,73.70796043250212,23.295371596220953,95.12198196702703,40.78256283899781,16.248611948292726,,0.6922247884379831,,0.09045064662861976,0.24271655841997475,,0.15917953972224216,0.09143902238007563,0.29194311294586034,0.008333607505603581,0.6008659506299693,0.2766907617544672,,,,0.14705,2941.0,0.7343825,0.6963552,0.8750792,0.49743286,0.496067,0.6804243,0.49374244,0.66002035,0.5055999159812927,0.7890831618309021,0.6089500784873962,0.7890831618309021,0.022,22.0,0.4028490753645661,0.3849826734250216,0.4061017199794771,0.5744395932529209,0.5942146983728384,0.5749854829610347,0.4410023717596663,0.44023716044616207,0.4361107767642683,0.04246500101396173,0.040292774182929425,0.04223043945529992,0.03619590207307994,0.04523526036174618,0.037538778252767226,0.04130531180518737,0.041495480896873986,0.04050519345959598,0.693,0.7468182,0.70348835,0.51447374,0.5239838,0.618504,0.5,0.6215909,0.49410000443458557,0.7757343888282776,0.6140000820159912,0.7757343888282776,0.023,23.0,0.4083350099111818,0.382721439435797,0.41199547188516106,0.558015526614684,0.5773712027630519,0.5659146182726764,0.39570922309216,0.39335093652555847,0.3907373769859759,0.030532815163482333,0.02924182159750343,0.03053052087957455,0.0370278351250816,0.04702007975703566,0.03730778157298972,0.03427433816574103,0.03412876527621614,0.031484051406547836,0.6923387,0.68108106,0.79890513,0.49847332,0.50487804,0.6144737,0.50528455,0.609489,0.49984996020793915,0.7824087753295899,0.6114750802516937,0.7824087753295899,0.0225,22.5,0.40559204263787396,0.3838520564304093,0.40904859593231907,0.5662275599338025,0.5857929505679451,0.5704500506168555,0.4183557974259131,0.41679404848586027,0.41342407687512206,0.03649890808872203,0.03476729789021643,0.03638048016743724,0.03661186859908077,0.04612767005939092,0.03742327991287847,0.0377898249854642,0.037812123086545066,0.03599462243307191,0.6926694,0.7139496,0.75119674,0.50647354,0.5144309,0.6164888,0.5026423,0.61553997,2026-10-04T20:47:33.890929
97,0.6390400528907776,0.5008800029754639,0.7219855155944824,0.6429799795150757,0.7219855155944824,0.8584791669845581,0.9459292015075683,2.5549261470794677,0.20126417925357817,4.07539433517456,1.999932188796997,1.0,10.0,,,,,0.7014471282958984,0.7014471282958984,,,,16.24452045288086,0.011544554856358167,0.020092849958180836,,0.03636919573515915,0.2180809100532228,0.4014359453254065,0.0004025031687824536,0.01000490146659457,2.258562485978102,,0.001067295335409781,,73.81284968868182,17.26801924492903,,103.82894567015823,73.67313710595393,23.268282228214726,95.11915044116367,40.80704765562798,16.244505754701652,,0.6931116356971158,,0.09135885612600168,0.24417256435770898,,0.1602617687290641,0.09202134305504477,0.29363012712472564,0.008302938667642083,0.6041985457869852,0.28090157725249126,,,,0.12725,2545.0,0.73169607,0.7030205,0.87177104,0.4968997,0.5029985,0.6734747,0.5017821,0.6652546,0.501300036907196,0.7873179812431336,0.6094000339508057,0.7873179812431336,0.018,18.0,0.4431220290276919,0.4208495762550718,0.4467951044607926,0.5782715679103385,0.6176371035976491,0.5784810422201287,0.46032672262058755,0.46240237964160996,0.4580104206260357,0.047750923594117506,0.04573364228574283,0.048337853366148466,0.0358891870754972,0.048986393867675455,0.03816049967795713,0.04672187901720687,0.04928276265984328,0.04616091842924865,0.693,0.7468182,0.7073643,0.5141447,0.5239838,0.618504,0.5,0.6215909,0.49729999899864197,0.774100793838501,0.6143000721931458,0.774100793838501,0.017,17.0,0.4163317588121632,0.39816795163477353,0.4242020754479805,0.5355564799718968,0.5726706565304897,0.5380656807295363,0.3872625137277783,0.3870492526325913,0.3862018112569797,0.030644473973959755,0.03143016243811271,0.03164888766782173,0.03764266501240615,0.052652261982251265,0.037754261447071696,0.04263414747269658,0.0440262869612467,0.04117918239185235,0.6923387,0.68108106,0.79890513,0.49847332,0.50487804,0.6144737,0.50772357,0.609489,0.499300017952919,0.7807093875408173,0.6118500530719757,0.7807093875408173,0.0175,17.5,0.4297268939199276,0.40950876394492264,0.43549858995438656,0.5569140239411177,0.5951538800640694,0.5582733614748325,0.42379461817418296,0.42472581613710064,0.4221061159415077,0.03919769878403863,0.03858190236192777,0.039993370516985094,0.03676592604395168,0.05081932792496336,0.03795738056251441,0.04467801324495173,0.04665452481054499,0.0436700504105505,0.6926694,0.7139496,0.7531347,0.50630903,0.5144309,0.6164888,0.5038618,0.61553997,2026-10-04T20:51:42.387276
98,0.6427348852157593,0.49744248390197754,0.721298864030838,0.642754852771759,0.721298864030838,0.8606704006195068,0.9483639080047608,2.58325103263855,0.1967264151930809,4.068443846130371,1.9997449676513672,1.0,10.0,,,,,0.7018336211204529,0.7018336211204529,,,,16.233030166625976,0.002549535239748968,0.0052525240331584185,,0.011387831789877408,0.21369050247416754,0.43493703427683017,0.0003398025339242415,0.009403071268372665,2.4379650721694253,,0.0006971440460726805,,73.77858150992424,17.242539873548374,,103.81926372552374,73.63866346808756,23.23760691114292,95.11552205662818,40.816309862076096,16.233017028517025,,0.6930201930604922,,0.09191043152930631,0.24491535041742263,,0.16056959055791234,0.09259382768231593,0.29484181817929456,0.008328821308388832,0.606805874283906,0.28410725703664647,,,,0.1207,2414.0,0.73047316,0.7058196,0.8748416,0.49727488,0.5048676,0.67256564,0.50105304,0.6579837,0.5120000243186951,0.7864086074829102,0.6093999743461609,0.7864086074829102,0.018,18.0,0.4660311194168932,0.4469509273837217,0.4696396528773938,0.6157226848226626,0.6372006689365756,0.6181617585985286,0.49919240035922374,0.5007590262056079,0.49328767633338927,0.07024932432163172,0.07341527446634122,0.06960078243254636,0.059441569714133606,0.07322010037666568,0.06288440969684315,0.06233122061028101,0.06197655426918909,0.05946329726328482,0.693,0.7468182,0.7073643,0.5141447,0.5239838,0.618504,0.5,0.6215909,0.49590003490448,0.7752744250297546,0.614300012588501,0.7752744250297546,0.017,17.0,0.4262977210275257,0.40258444941127663,0.43008491253531006,0.5630290445428974,0.563081699648871,0.5656594660943631,0.41100287302420396,0.41012938911934205,0.40499499250531257,0.022181432832160765,0.023567206131471154,0.022541958777390476,0.027074990313725462,0.04316047326088382,0.029411556317661947,0.02795304049398334,0.02883405792331779,0.023778993283208424,0.6923387,0.68108106,0.79890513,0.49847332,0.50487804,0.6144737,0.50772357,0.609489,0.5039500296115875,0.7808415162563325,0.6118499934673309,0.7808415162563325,0.0175,17.5,0.4461644202222095,0.4247676883974992,0.4498622827063519,0.58937586468278,0.6001411842927233,0.5919106123464459,0.4550976366917139,0.45544420766247495,0.4491413344193509,0.04621537857689624,0.04849124029890618,0.046071370604968416,0.043258280013929534,0.05819028681877475,0.04614798300725255,0.045142130552132176,0.04540530609625344,0.041621145273246625,0.6926694,0.7139496,0.7531347,0.50630903,0.5144309,0.6164888,0.5038618,0.61553997,2026-10-04T20:55:50.746896
99,0.6419098973274231,0.5017502307891846,0.7228270308494568,0.6421550512313843,0.7228270308494568,0.8558754915237426,0.9430362263679505,2.592152332305908,0.21923527529239656,3.9656729503631594,1.9975462661743164,1.0,10.0,,,,,0.6767658589363098,0.6767658589363098,,,,16.21869013977051,0.02446511460074808,0.03780893060125879,,0.053992518794034744,0.28722778247420194,0.4992003856096298,0.00045655060904400843,0.011065920464142825,2.703684203943629,,0.001255623829756529,,73.74418732466971,17.219705132162495,,103.81072215669474,73.60377735696781,23.208794539141806,95.111634515653,40.808837914922435,16.2186837651927,,0.6919218711792283,,0.09244176398986464,0.24624340454484248,,0.1608694118868773,0.0931571223268843,0.29621852848939834,0.008359524053610434,0.6086579462525191,0.2866891047377495,,,,0.12895,2579.0,0.7275461,0.70734996,0.8677496,0.50073063,0.49733257,0.681899,0.50143784,0.65633404,0.4873500168323517,0.7926812891960144,0.607699990272522,0.7926812891960144,0.018,18.0,0.39670964475740883,0.369729690476298,0.40104088759493933,0.5474310503980503,0.5997041219784432,0.5478085149475741,0.42833522602205176,0.4274453247570428,0.42790451567135723,0.06082362735870976,0.05968858584313736,0.05967199867701771,0.0534033936520538,0.06168313144846461,0.051647483547695196,0.05687592973798894,0.057730386503138706,0.05717982687405959,0.692,0.7459091,0.7023256,0.51381576,0.5223577,0.62007874,0.4996063,0.6159091,0.49814996123313904,0.7785423321723938,0.613800048828125,0.7785423321723938,0.019,19.0,0.41105998913364994,0.39148137228271723,0.41489398482701584,0.5314626309536038,0.5826887191157576,0.5330903649300368,0.39200344606977494,0.38706187121118407,0.3873293119125102,0.028133604604559156,0.02850438462738598,0.028297922902818774,0.03383877353435116,0.049406264316027765,0.03300989861381837,0.036567237741857585,0.03564214136946447,0.03427157785354988,0.69274193,0.68153155,0.79890513,0.49847332,0.50447154,0.61622804,0.50853664,0.60328466,0.49274998903274536,0.785611810684204,0.6107500195503235,0.785611810684204,0.0185,18.5,0.40388481694552936,0.3806055313795076,0.4079674362109776,0.539446840675827,0.5911964205471004,0.5404494399388055,0.4101693360459133,0.4072535979841134,0.4076169137919337,0.04447861598163446,0.04409648523526167,0.043984960789918245,0.04362108359320248,0.05554469788224618,0.04232869108075678,0.04672158373992326,0.046686263936301584,0.045725702363804736,0.69237095,0.7137203,0.75061536,0.5061445,0.5134146,0.6181534,0.5040715,0.60959685,2026-10-04T20:59:59.049372
