epoch,train_eval_mode_acc,train_shuffled_message_acc,train_loss,train_acc,train_combined_loss,train_realised_survival,train_unmixed_survival,train_logit_margin,train_logit_prior_share,train_logit_spread,train_logit_scale,train_sampling_tau,train_pool_effective_examples,train_pool_score_norm,train_pool_score_sd,train_prototyper_mix_share,train_prototyper_within_share,train_referent_spread,train_referent_spread_backbone,train_polarity_separation,train_score_scale,train_score_bias,train_bilinear_weight_norm,train_clip_sender_vision,train_clip_sender_adapter,train_clip_sender_prototyper,train_clip_sender_language_model,train_clip_receiver_vision,train_clip_receiver_adapter,train_clip_receiver_token_embedding,train_clip_receiver_language_model,train_clip_receiver_discriminator,train_clip_log_score_scale,train_clip_log_logit_scale,train_clip_other,train_weight_sender_vision,train_weight_sender_adapter,train_weight_sender_prototyper,train_weight_sender_language_model,train_weight_receiver_vision,train_weight_receiver_adapter,train_weight_receiver_token_embedding,train_weight_receiver_language_model,train_weight_receiver_discriminator,train_weight_log_score_scale,train_weight_log_logit_scale,train_weight_other,train_drift_sender_vision,train_drift_sender_adapter,train_drift_sender_prototyper,train_drift_sender_language_model,train_drift_receiver_vision,train_drift_receiver_adapter,train_drift_receiver_token_embedding,train_drift_receiver_language_model,train_drift_receiver_discriminator,train_drift_log_score_scale,train_drift_log_logit_scale,train_drift_other,train_unique_message_fraction,train_unique_message_count,train_acc_md_and_color_color,train_acc_md_or_color_color,train_acc_md_color,train_acc_md_shape,train_acc_md_and_shape_shape,train_acc_md_and_color_shape,train_acc_md_or_shape_shape,train_acc_md_or_color_shape,test_shuffled_message_acc,test_loss,test_acc,test_combined_loss,test_unique_message_fraction,test_unique_message_count,test_topsim_s1,test_topsim_s2,test_topsim_s3,test_topsim_s4,test_topsim_s5,test_topsim_s6,test_topsim_s1_static,test_topsim_s2_static,test_topsim_s3_static,test_topsim_gt_s1,test_topsim_gt_s2,test_topsim_gt_s3,test_topsim_gt_s4,test_topsim_gt_s5,test_topsim_gt_s6,test_topsim_gt_s1_static,test_topsim_gt_s2_static,test_topsim_gt_s3_static,test_acc_md_and_color_color,test_acc_md_or_color_color,test_acc_md_color,test_acc_md_shape,test_acc_md_and_shape_shape,test_acc_md_and_color_shape,test_acc_md_or_shape_shape,test_acc_md_or_color_shape,test_same_shuffled_message_acc,test_same_loss,test_same_acc,test_same_combined_loss,test_same_unique_message_fraction,test_same_unique_message_count,test_same_topsim_s1,test_same_topsim_s2,test_same_topsim_s3,test_same_topsim_s4,test_same_topsim_s5,test_same_topsim_s6,test_same_topsim_s1_static,test_same_topsim_s2_static,test_same_topsim_s3_static,test_same_topsim_gt_s1,test_same_topsim_gt_s2,test_same_topsim_gt_s3,test_same_topsim_gt_s4,test_same_topsim_gt_s5,test_same_topsim_gt_s6,test_same_topsim_gt_s1_static,test_same_topsim_gt_s2_static,test_same_topsim_gt_s3_static,test_same_acc_md_and_color_color,test_same_acc_md_or_color_color,test_same_acc_md_color,test_same_acc_md_shape,test_same_acc_md_and_shape_shape,test_same_acc_md_and_color_shape,test_same_acc_md_or_shape_shape,test_same_acc_md_or_color_shape,test_avg_shuffled_message_acc,test_avg_loss,test_avg_acc,test_avg_combined_loss,test_avg_unique_message_fraction,test_avg_unique_message_count,test_avg_topsim_s1,test_avg_topsim_s2,test_avg_topsim_s3,test_avg_topsim_s4,test_avg_topsim_s5,test_avg_topsim_s6,test_avg_topsim_s1_static,test_avg_topsim_s2_static,test_avg_topsim_s3_static,test_avg_topsim_gt_s1,test_avg_topsim_gt_s2,test_avg_topsim_gt_s3,test_avg_topsim_gt_s4,test_avg_topsim_gt_s5,test_avg_topsim_gt_s6,test_avg_topsim_gt_s1_static,test_avg_topsim_gt_s2_static,test_avg_topsim_gt_s3_static,test_avg_acc_md_and_color_color,test_avg_acc_md_or_color_color,test_avg_acc_md_color,test_avg_acc_md_shape,test_avg_acc_md_and_shape_shape,test_avg_acc_md_and_color_shape,test_avg_acc_md_or_shape_shape,test_avg_acc_md_or_color_shape,timestamp
0,0.555597722530365,0.5000753402709961,0.93688375082016,0.5533999800682068,0.93688375082016,0.4539483353853226,0.49645051860809325,1.2555891689777374,0.5978259420871734,0.8129527043581009,1.0760569782257081,1.0,10.0,,,,,0.48480429027080535,0.48480429027080535,,,,18.45869335632324,0.110966657293563,0.025649583512905298,,0.11514905401191135,0.3957703227450134,0.7129426123040496,0.008556875376887976,0.47676170911568744,1.1513151190463145,,0.010189538317405142,,77.2828204404017,19.599301830218856,,102.50272903928331,77.29794442729586,26.124247921500235,95.10304804516446,39.06448981412657,18.45866571414243,,0.07350964752179022,,0.011218019726665418,0.02719004708416404,,0.012930071150445066,0.0051520664654939085,0.022386536897889747,0.000403261066312089,0.043013636215595875,0.02751902594367505,,,,0.59505,11901.0,0.56305134,0.569271,0.6348257,0.5281991,0.5170561,0.5483232,0.5208991,0.54564154,0.5016499757766724,0.8371672477722168,0.6096999645233154,0.8371672477722168,0.024,24.0,0.46607769844331076,0.469448673869863,0.4712758998104796,0.4408251027205194,0.4264032835310035,0.4383805043124546,0.44800572568404,0.4498324978723089,0.450639025076655,-0.004166421840639719,-0.0036026404965240713,-0.003911330030620118,0.0011374791339186243,0.004111978562820816,0.0031890481220675513,0.00051700992649127,0.0020151268157963496,-0.0012053078080135299,0.69,0.6595455,0.7007752,0.52664477,0.5313008,0.61732286,0.5602362,0.6272727,0.4944000244140625,0.8630133728981018,0.5879001021385193,0.8630133728981018,0.025,25.0,0.4003237591061005,0.4048713188980502,0.40717579105060714,0.3459628010451543,0.3219002145217726,0.3400295495528048,0.36100790111599257,0.36322239089727204,0.3628947316927335,0.0037468176907862515,-0.0017096979903832177,-4.8689665244945455e-05,0.004779113157887182,-0.004652199751973044,-0.001762175364805317,-0.0013905859536635517,-0.0039460970702102464,-0.005621536678167684,0.61854845,0.62027025,0.7339416,0.5255725,0.5097561,0.5991228,0.5101626,0.57810223,0.49802500009536743,0.8500903103351594,0.5988000333309174,0.8500903103351594,0.0245,24.5,0.4332007287747056,0.43715999638395664,0.4392258454305434,0.3933939518828369,0.37415174902638804,0.3892050269326297,0.40450681340001626,0.4065274443847905,0.4067668783846943,-0.0002098020749267339,-0.0026561692434536443,-0.0019800098479325315,0.0029582961459029035,-0.0002701105945761141,0.0007134363786311171,-0.00043678801358614086,-0.0009654851272069484,-0.003413422243090607,0.6542742,0.63990784,0.7173584,0.5261086,0.52052844,0.60822284,0.5351994,0.6026875,2026-10-05T04:10:03.838447
1,0.5927550792694092,0.50045245885849,0.858151610660553,0.5923328399658203,0.858151610660553,0.6470108189582825,0.7109643823623657,1.7277652095794678,0.4102618736743927,1.1757603754997255,1.3092424629211425,1.0,10.0,,,,,0.5026151705741883,0.5026151705741883,,,,18.422891021728514,0.2421191212762693,0.039535375620434236,,0.12239573725089906,0.41958192769129565,0.46208041545691764,0.0026513546361190497,0.13430637420172903,1.2389356235789646,,0.006013703950907691,,77.24798627719758,19.580956112806962,,102.50461072982496,77.26093885093738,26.099449473581497,95.10213387847706,39.09779365199387,18.422863261714863,,0.26870836051786023,,0.018253602621376895,0.045924158517722115,,0.02310082968917622,0.010692391236116932,0.036413948650762536,0.0006061702893281676,0.0818660765127012,0.038327514721899276,,,,0.34165,6833.0,0.61682034,0.6371124,0.7161846,0.54148895,0.53200936,0.58420205,0.5275618,0.58370674,0.5054000020027161,0.8745308084487915,0.5858501195907593,0.8745308084487915,0.025,25.0,0.47926689540197503,0.4788242585668541,0.48009060007773285,0.46171672635824873,0.4082908652937666,0.4613174511821642,0.44135053544015085,0.44195511154624534,0.42913044166751313,0.004841001727911865,0.00012383363122260037,-0.005793117654082092,-0.001792276145380176,0.0049672116862269,-0.0077096122289007744,0.006205172143339338,0.0006431853367621135,-0.0025833181451170918,0.65650004,0.5568182,0.5724806,0.5463816,0.55243903,0.5956693,0.6228346,0.6011363,0.5073999762535095,0.8419409494400024,0.6025499105453491,0.8419409494400024,0.025,25.0,0.39369074918814284,0.41405807783011317,0.3991600118217365,0.3446036116813806,0.3236920887108778,0.3332995436417751,0.37297993139462843,0.37671878366234385,0.36984492094707405,0.007136427863692833,0.0039764336776058435,0.00341410370673227,0.0058271893970196385,-0.004952058273535876,-0.00032244569373976575,0.003190338187085424,0.0022415668461767246,0.00016790424657532575,0.63145167,0.66801804,0.71496356,0.5618321,0.5369919,0.59342104,0.53170735,0.579927,0.5063999891281128,0.8582358789443969,0.5942000150680542,0.8582358789443969,0.025,25.0,0.43647882229505897,0.4464411681984837,0.4396253059497347,0.40316016901981466,0.3659914770023222,0.39730849741196966,0.40716523341738964,0.4093369476042946,0.3994876813072936,0.0059887147958023485,0.002050133654414222,-0.001189506973674911,0.002017456625819731,7.576706345512052e-06,-0.00401602896132027,0.004697755165212381,0.001442376091469419,-0.001207706949270883,0.64397585,0.6124181,0.64372206,0.55410683,0.54471546,0.5945452,0.577271,0.5905317,2026-10-05T04:13:58.529932
2,0.6002997756004333,0.4990974962711334,0.8364713903427125,0.6003648638725281,0.8364713903427125,0.7263030058860779,0.7990668092727661,2.009507498550415,0.3002753580570221,1.4877111910820007,1.4508898391723632,1.0,10.0,,,,,0.4991735796928406,0.4991735796928406,,,,18.387215753173827,0.3927966344888043,0.04539638575000368,,0.12016345985281239,0.5070713114017135,0.4737061310061224,0.0018225321358968473,0.0948651028429247,1.6207519692789978,,0.003917464431987743,,77.21352439928965,19.560134535382506,,102.50368592086112,77.22348984639356,26.071970970008024,95.10164963060124,39.103217179608194,18.387190266019978,,0.3719887306356126,,0.02329095030666157,0.05782347815526519,,0.028525101080252108,0.015056029952777798,0.045328388239737526,0.0007324494520842934,0.10015808966509096,0.04154883325099945,,,,0.2579,5158.0,0.6268645,0.6476641,0.73335975,0.55402845,0.52821267,0.5926263,0.53647226,0.58419555,0.5051999688148499,0.8837267255783081,0.5828999876976013,0.8837267255783081,0.036,36.0,0.44888086603525046,0.4549059163912218,0.45793034011504724,0.4232313702973774,0.40065740085910795,0.4339365467942376,0.40374124110351234,0.40295354739218203,0.4019254101981801,-0.0171799459940046,-0.014332487356279192,-0.013850546007613764,-0.01576195316022921,-0.017697313237210646,-0.014587812113368596,-0.016024983026416677,-0.010847721717727434,-0.014168529261742792,0.592,0.55045456,0.5585272,0.5861842,0.59390247,0.588189,0.6129921,0.57878786,0.5042999982833862,0.8570062384605408,0.5943000316619873,0.8570062384605408,0.038,38.0,0.3929136179195763,0.3944950236204521,0.4020493645083645,0.3374583773863469,0.30550542653748103,0.3393490699961904,0.3600127469490346,0.3601876944148375,0.36550340754681765,0.0012031677172797005,0.0004859810623983377,0.0019521536806051802,-0.00170571422916362,-0.0020470277460331544,-0.002293239058285395,-0.003680972348627186,-0.002607136685400487,-0.0026664631672050406,0.60040325,0.63198197,0.68175185,0.57595426,0.548374,0.59517545,0.55528456,0.56386864,0.504749983549118,0.8703664820194245,0.5886000096797943,0.8703664820194245,0.037,37.0,0.4208972419774134,0.42470047000583694,0.42998985231170583,0.3803448738418621,0.3530814136982945,0.38664280839521403,0.3818769940262735,0.3815706209035098,0.38371440887249886,-0.00798838913836245,-0.006923253146940427,-0.005949196163504292,-0.008733833694696415,-0.0098721704916219,-0.008440525585826995,-0.009852977687521932,-0.006727429201563961,-0.008417496214473916,0.59620166,0.59121823,0.6201395,0.58106923,0.57113826,0.5916822,0.58413833,0.5713283,2026-10-05T04:17:52.849312
3,0.6063048839569092,0.49884000420570374,0.8235374293327331,0.6064550280570984,0.8235374293327331,0.7428213751792908,0.8174205525398255,1.9631725885391236,0.23710896149873734,1.5931109853744507,1.5581658052444458,1.0,10.0,,,,,0.44654253277778627,0.44654253277778627,,,,18.353474838256837,0.556455485522747,0.06227944987665886,,0.1365134627647271,0.5171813176126238,0.3436918634517937,0.0016807151094870938,0.07726151243469138,1.4182625430974232,,0.00352050738455876,,77.17794104898051,19.53866195678711,,102.50166539477695,77.18626554452689,26.04375134607789,95.10098344353354,39.087964051848004,18.353449511679873,,0.44334999505121997,,0.025508426141681945,0.06717715213063416,,0.03306329345247548,0.018935029234760887,0.052630329611384946,0.000767333440076275,0.110848478213617,0.04455650419851018,,,,0.2504,5008.0,0.6264034,0.642791,0.7292393,0.57719195,0.5453271,0.5949495,0.549676,0.5860285,0.5008999705314636,0.8384077353477478,0.5959499478340149,0.8384077353477478,0.042,42.0,0.46897051578311305,0.46669724297299736,0.470587868312915,0.45436202613039434,0.4521156221199352,0.4544494410133072,0.46071567875793723,0.46165167123478035,0.46002873409541256,0.004219748759919677,0.004152716020420156,0.003119864408738521,0.0002321587714060812,-0.0010369332859677595,9.457378644566917e-05,0.00525181230777551,0.005252395299975555,0.004932852686849151,0.625,0.5622727,0.56782943,0.5805921,0.5886179,0.60984254,0.6350394,0.60303026,0.5041499733924866,0.8218041906356811,0.6045500040054321,0.8218041906356811,0.043,43.0,0.4247981014325172,0.4302623139612918,0.4366528744012879,0.32681029114744525,0.3014869098007658,0.34444476754062725,0.39074711513463967,0.3919303021081401,0.39298959892122903,0.0012959787122470033,-0.0009035071892537711,0.0006038168793130057,-0.003785831331788885,-0.00762374079818297,-0.002987926343949889,-0.0025264448760812805,-0.003596074090229346,-0.0024942366930099844,0.61491936,0.65000004,0.7014598,0.5812977,0.549187,0.60087717,0.55528456,0.58065695,0.5025249719619751,0.8301059629917145,0.6002499759197235,0.8301059629917145,0.042499999999999996,42.5,0.44688430860781514,0.4484797784671446,0.4536203713571014,0.39058615863891977,0.3768012659603505,0.3994471042769672,0.4257313969462885,0.4267909866714602,0.4265091665083208,0.0027578637360833403,0.0016246044155831924,0.0018618406440257633,-0.001776836280191402,-0.004330337042075365,-0.00144667627875211,0.0013626837158471146,0.0008281606048731044,0.0012193079969195833,0.6199597,0.6061364,0.6346446,0.5809449,0.5689025,0.60535985,0.595162,0.5918436,2026-10-05T04:21:47.864107
4,0.6112024784088135,0.5022246837615967,0.8097207003593445,0.6117252707481384,0.8097207003593445,0.7534827389717103,0.8292665093421936,1.9119867528915406,0.2110903406381607,1.984465788078308,1.656190495109558,1.0,10.0,,,,,0.44746503443717955,0.44746503443717955,,,,18.321349905395508,0.7167088926835045,0.06772773655778046,,0.12653566476930478,0.5956685833490578,0.3625265495127933,0.0012533459180274942,0.057663772255182266,1.7764562512658963,,0.002662321020794178,,77.14228096737224,19.520334523194915,,102.50230592375348,77.14905008692651,26.014513368059877,95.09992426975518,39.07135979233274,18.32132508344711,,0.5044429771080139,,0.027710112820195545,0.07723829871529986,,0.03783519224376435,0.022447685515330097,0.05907328882414824,0.0008578326999488624,0.12051829178431991,0.04758599006636127,,,,0.2313,4626.0,0.61688054,0.6450665,0.7267433,0.59883493,0.5545561,0.59727275,0.5617254,0.5924644,0.5015000700950623,0.8563654551506042,0.5882499814033508,0.8563654551506042,0.026,26.0,0.4145384456425164,0.4152516905947308,0.42018784552116106,0.39776282191628926,0.3685089954987757,0.3922060771426076,0.42349574148572294,0.42928051153237323,0.42464001388587636,-0.026284465974731858,-0.025206850431472902,-0.020375832540803582,-0.025557250688843694,-0.023917000560209713,-0.017586823062257666,-0.02314918830568678,-0.02025667834689041,-0.01625898011476907,0.597,0.53909093,0.5585272,0.58289474,0.6191057,0.58385825,0.6232284,0.59962124,0.5029000043869019,0.8289966158866883,0.5999500155448914,0.8289966158866883,0.026,26.0,0.41746536654958666,0.4211493176413924,0.4286389114981388,0.3707606175888216,0.35952181436943254,0.37262927518148714,0.40369227901581317,0.41067350523037593,0.40495181644719186,0.006169031758811378,0.00583462734422781,0.0068837558706105985,0.002106974322185436,0.0012613180731841358,0.0010575176301457132,0.00566583980846298,0.0051942005487120475,0.006092820532224058,0.5931452,0.64054054,0.6737226,0.5912214,0.54227644,0.59342104,0.56585366,0.59562045,0.5022000372409821,0.8426810355186463,0.5940999984741211,0.8426810355186463,0.026,26.0,0.41600190609605153,0.41820050411806164,0.42441337850964994,0.3842617197525554,0.3640154049341041,0.38241767616204736,0.41359401025076803,0.4199770083813746,0.41479591516653413,-0.01005771710796024,-0.009686111543622547,-0.0067460383350964916,-0.01172513818332913,-0.011327841243512788,-0.008264652716055976,-0.0087416742486119,-0.007531238899089181,-0.005083079791272505,0.5950726,0.58981574,0.61612487,0.58705807,0.5806911,0.5886396,0.594541,0.59762084,2026-10-05T04:25:42.524461
5,0.6123001575469971,0.49812498688697815,0.8031575016975403,0.6131775975227356,0.8031575016975403,0.773302944278717,0.8512889569282531,1.901111830329895,0.24018872513771058,2.1393864143371584,1.734106389427185,1.0,10.0,,,,,0.45649122862815855,0.45649122862815855,,,,18.28981735534668,1.0309236708340372,0.08426648403286555,,0.14546510680418484,0.6277739739721748,0.31583523731322805,0.0014114615866680077,0.06031003278816582,1.7778576744400012,,0.002634531892665549,,77.10706936781574,19.503654407088163,,102.49970886813607,77.11185975287371,25.983289524248452,95.09864005313557,39.03530927524445,18.289793378987888,,0.5504378889017044,,0.02935450836114443,0.08672881591471897,,0.04062399949142887,0.026036999550214997,0.06467806284499776,0.0009249545289737404,0.1257282085954004,0.05106679499623882,,,,0.194,3880.0,0.6106656,0.6289569,0.7231973,0.6150869,0.5608256,0.6007273,0.568793,0.5966395,0.49699997901916504,0.8510358805656433,0.5845000743865967,0.8510358805656433,0.035,35.0,0.44714505647627195,0.44391348853793433,0.44705395315224855,0.39813992574005125,0.38567892438335966,0.405334749036077,0.4172202978789076,0.42081701059746635,0.42282706374287854,-0.012888281630613459,-0.015507207229757508,-0.01877775131575744,-0.013961540043743021,-0.018666701046664638,-0.018801936642507545,-0.021261113463333297,-0.023950885961109718,-0.026623225093535166,0.568,0.5359091,0.58217055,0.5779605,0.62439024,0.58149606,0.5944882,0.6034091,0.4947499632835388,0.8147975354194641,0.6018500328063965,0.8147975354194641,0.039,39.0,0.4193667284505915,0.41904375971995284,0.4266043441384557,0.37572103447827626,0.36790107230718666,0.3851756932677977,0.4026115847985756,0.40219268127171487,0.4031009698584992,0.00499391487701875,0.004624000821051754,0.00166527077346619,0.001089897018530637,-0.00012823143347934037,-0.003661226160408919,0.004476651370147143,0.004463291530425298,0.00027498118904226734,0.60685486,0.64819825,0.6919708,0.5866412,0.5349594,0.58728075,0.56056917,0.5934307,0.49587497115135193,0.8329167079925537,0.5931750535964966,0.8329167079925537,0.037000000000000005,37.0,0.4332558924634317,0.43147862412894356,0.43682914864535216,0.38693048010916375,0.37678999834527316,0.39525522115193734,0.4099159413387416,0.4115048459345906,0.41296401680068884,-0.0039471833767973545,-0.005441603204352877,-0.008556240271145625,-0.006435821512606192,-0.009397466240071988,-0.011231581401458232,-0.008392231046593077,-0.00974379721534221,-0.013174121952246449,0.58742744,0.59205365,0.63707066,0.58230084,0.57967484,0.5843884,0.5775287,0.5984199,2026-10-05T04:29:38.031860
6,0.6149851083755493,0.5012724995613098,0.7971167417526245,0.615212619304657,0.7971167417526245,0.8063476963996887,0.8880053461074829,2.1373956048965455,0.17332614864110946,2.6535017839431765,1.806380115509033,1.0,10.0,,,,,0.47923325991630555,0.47923325991630555,,,,18.258751544189455,1.3864685617814398,0.09439482078976502,,0.1432542252905999,0.670918278823233,0.3147211701721902,0.0011533696041664903,0.050512117612513764,2.1483017861083815,,0.0021223819849472848,,77.07031254859487,19.488366655483368,,102.50181696217531,77.07418142914013,25.952250851187735,95.09850724335689,38.997307309679165,18.25872807593862,,0.5913014146173077,,0.03100965614578906,0.09626571364273691,,0.044879448950100854,0.029233684537896685,0.07085230225210737,0.0010669581350354347,0.13041896928267874,0.055251420801802044,,,,0.1698,3396.0,0.60819966,0.6356625,0.7100436,0.62274885,0.56579053,0.59793943,0.5817335,0.599165,0.503000020980835,0.8329792618751526,0.5945999622344971,0.8329792618751526,0.03,30.0,0.3938283324510849,0.39033061684204146,0.39567238770464375,0.43119228963368805,0.43705421963205826,0.43643994319113577,0.4156574647562337,0.41819007548970516,0.41891958876071833,-0.0038981990054813547,-0.00317170009866337,-0.00391344809951502,-0.000506529690901835,-0.008663486525365473,-0.002036142846592491,0.0073028661742305144,0.008003668577913833,0.007036380440998735,0.61,0.53909093,0.53488374,0.59967107,0.66219515,0.57992125,0.614567,0.6136364,0.5037499666213989,0.816305389881134,0.600399911403656,0.816305389881134,0.038,38.0,0.4041240539350926,0.4031904140629679,0.40799611070794867,0.3877021046614156,0.3820256025010836,0.38955467206677985,0.40541620179077814,0.405456396393884,0.40618763828357884,-0.001808218173224647,-0.0023395952026036278,-0.0035547149211157055,-0.010697061359511543,-0.013338259270622899,-0.011865212017357792,-0.003711160481812521,-0.004007832311155397,-0.00558472903254586,0.5903226,0.6171171,0.6580292,0.6221374,0.54186994,0.59122807,0.57601625,0.59963506,0.5033749938011169,0.8246423258781432,0.5974999368190765,0.8246423258781432,0.034,34.0,0.39897619319308875,0.3967605154525047,0.4018342492062962,0.40944719714755184,0.40953991106657095,0.4129973076289578,0.41053683327350593,0.4118232359417946,0.4125536135221486,-0.0028532085893530007,-0.002755647650633499,-0.003734081510315363,-0.005601795525206689,-0.011000872897994186,-0.006950677431975142,0.0017958528462089967,0.0019979181333792183,0.0007258257042264374,0.6001613,0.578104,0.59645647,0.6109042,0.60203254,0.5855746,0.5952916,0.6066357,2026-10-05T04:33:33.200805
7,0.6196849346160889,0.5008798837661743,0.789672846698761,0.6200498938560486,0.789672846698761,0.812915324306488,0.8953027121543884,2.116329165840149,0.14827826442718506,2.763934183883667,1.876656544113159,1.0,10.0,,,,,0.46496846046447754,0.46496846046447754,,,,18.228027416992187,1.0113487617249133,0.06466369467763716,,0.10502776591652993,0.7268546901311085,0.39318662810667304,0.0010527846767495914,0.05339728148689695,2.759363677281483,,0.0017977251709163763,,77.03292686316618,19.467394494706657,,102.49958043189565,77.03630406082056,25.918495894996983,95.09714381709979,38.974090114520614,18.22800262111008,,0.6294404879497115,,0.031730289292183654,0.10195335698355536,,0.04758798468644452,0.03270323924530463,0.07703801040436811,0.00113042595182326,0.1377140872038094,0.06035321749224784,,,,0.15905,3181.0,0.6114475,0.6328433,0.7117472,0.63584125,0.5746301,0.60420203,0.5849939,0.6040326,0.502549946308136,0.8224200534820557,0.5985499024391174,0.8224200534820557,0.018,18.0,0.42580713670882087,0.4211312667432648,0.43091156807490144,0.4258701272429582,0.4186852653397679,0.4312524272931016,0.42529006627521854,0.4166106091780231,0.4218530727182255,-0.007909928749461873,-0.007898956268898737,-0.007704609733125768,0.002976275900998982,0.012319874097865252,0.0033947653811230343,-0.01180056401679644,-0.008437787686478387,-0.0158767214467392,0.614,0.5359091,0.5453488,0.606579,0.6402439,0.58188975,0.6397638,0.6193182,0.4923500418663025,0.7996126928329468,0.6093999743461609,0.7996126928329468,0.018,18.0,0.40194326886309767,0.3980458012278616,0.41009847361902607,0.38020555363782227,0.3660623896517333,0.38479509598569356,0.40716695674420517,0.40995307833126393,0.40911527848204804,0.0023474359217499872,0.0019076341849064734,0.0014317951725567896,0.0010011434028124229,-0.0023856040155455015,-0.0027364308052780276,0.0048899894643555,0.005494494336050182,0.004499142110263994,0.6040323,0.63153154,0.67262775,0.61946565,0.55447155,0.5947369,0.5792683,0.6120438,0.49744999408721924,0.8110163731575013,0.6039749383926392,0.8110163731575013,0.018,18.0,0.41387520278595924,0.40958853398556316,0.42050502084696373,0.40303784044039026,0.3923738274957506,0.4080237616393976,0.41622851150971185,0.4132818437546435,0.41548417560013673,-0.002781246413855943,-0.0029956610419961316,-0.003136407280284489,0.0019887096519057026,0.004967135041159875,0.00032916728792250333,-0.00345528727622047,-0.0014716466752141021,-0.005688789668237604,0.6090162,0.5837203,0.6089883,0.6130223,0.59735775,0.58831334,0.609516,0.615681,2026-10-05T04:37:28.162103
8,0.6202051043510437,0.4999249577522278,0.7863246543884277,0.6203399300575256,0.7863246543884277,0.8099718916893005,0.8920322362899781,2.040409916305542,0.14901390291452407,2.856515581512451,1.9588051015853882,1.0,10.0,,,,,0.48789675073623656,0.48789675073623656,,,,18.197253186035155,0.6414902854924369,0.04023754795431901,,0.06455952726055388,0.744272611703083,0.3759417017079463,0.0010105722858555685,0.050115482976577086,2.7153355232469596,,0.0016386155338452204,,76.99496630042981,19.442860111309464,,102.49503588828311,76.9983167709059,25.889038438250306,95.09659639589346,38.94950910434601,18.197230381570805,,0.6723132311918174,,0.03255591831009859,0.1051390489480298,,0.04952527136559699,0.035585870432436086,0.08465300229894128,0.0012479587383924207,0.14430965160488324,0.06463636211149253,,,,0.16225,3245.0,0.6140337,0.6292993,0.7081221,0.6387836,0.5760319,0.59581816,0.58797085,0.6120367,0.49595001339912415,0.8448509130477905,0.5913500189781189,0.8448509130477905,0.022,22.0,0.35388879156501424,0.3472037197837824,0.354418629812031,0.34231869401850057,0.30558138264378626,0.3432231883689817,0.39898883203448615,0.39847510642562833,0.39800065405603846,-0.030764591329508376,-0.0332191139999939,-0.030298899714483123,-0.014598578903443583,-0.024536636352988077,-0.011767123403874338,-0.016144559894498364,-0.01727473993935229,-0.015762455825542254,0.6025,0.5318182,0.5228683,0.5934211,0.67479676,0.5598425,0.6244095,0.61780304,0.49220001697540283,0.817855908870697,0.6007500290870667,0.817855908870697,0.02,20.0,0.40564277178972247,0.4062206527211055,0.41396106991903714,0.40191422092478185,0.38080911394678957,0.39890525726442494,0.4088293297594944,0.41238884022840094,0.4121872422704398,-0.003975096922429802,-0.0054210901748833595,-0.007012261449956668,-0.008076385944169645,-0.010265988530358209,-0.011553084557274588,-0.0007151141731912153,-0.0012784562510020966,-0.0035935938606484227,0.59112906,0.62027025,0.6572993,0.62938935,0.5487805,0.5671053,0.57520324,0.6072993,0.4940750151872635,0.8313534109592438,0.5960500240325928,0.8313534109592438,0.020999999999999998,21.0,0.37976578167736835,0.37671218625244396,0.38418984986553406,0.37211645747164124,0.3431952482952879,0.3710642228167033,0.4039090808969903,0.40543197332701464,0.4050939481632391,-0.017369844125969088,-0.01932010208743863,-0.018655580582219895,-0.011337482423806614,-0.017401312441673145,-0.011660103980574463,-0.008429837033844789,-0.009276598095177193,-0.009678024843095339,0.5968145,0.5760442,0.5900838,0.61140525,0.61178863,0.56347394,0.59980637,0.6125512,2026-10-05T04:41:22.494485
9,0.623344898223877,0.49976757168769836,0.7774911082267761,0.6241924166679382,0.7774911082267761,0.8186065998077393,0.9016263555526733,2.1252712743759155,0.15533649452924728,3.0369161212921143,1.9977380863189698,1.0,10.0,,,,,0.4822395486354828,0.4822395486354828,,,,18.16773261413574,0.8010148844877436,0.05026801683566278,,0.07401409611746573,0.7364765842249439,0.3445504035349864,0.0009913230199918484,0.04623075096517991,2.7309459318780593,,0.0014841495349926868,,76.95630359042222,19.41899417464141,,102.48968296901435,76.95945278094833,25.8569439930521,95.09505107903937,38.925251177162124,18.167709180503895,,0.6919741057286597,,0.03296016733262949,0.10850523858313348,,0.05162001992012285,0.03807521509421859,0.0904142803921821,0.0013638145607676665,0.15080402449817415,0.0679430238855113,,,,0.15425,3085.0,0.60819966,0.62652034,0.71864104,0.6513231,0.5792251,0.60252523,0.6023289,0.6038697,0.5000000596046448,0.8450461163520813,0.589199960231781,0.8450461163520813,0.021,21.0,0.39435333638778836,0.390817520983676,0.39836494197398625,0.4606128865107117,0.44320363085527825,0.45619805012569825,0.4344529799510117,0.4295410730295071,0.4348579535056427,-0.037336722167400783,-0.03821040356804471,-0.0385009444208174,-0.022155387592607337,-0.02623229738858661,-0.031003718043199995,-0.02677833327522106,-0.030617444075498414,-0.031407296722197865,0.592,0.5531818,0.5449613,0.5963816,0.68414634,0.54094493,0.5901575,0.6090909,0.49439993500709534,0.8542301363945007,0.5846000909805298,0.8542301363945007,0.022,22.0,0.37646307164113874,0.3755900313270237,0.3894842239408913,0.40223791178402307,0.3940688817640076,0.4074078223781062,0.4089612264762838,0.41016207073985755,0.41334042847234526,-0.003220228807557225,-0.0053465665487683525,-0.0053855542817693594,-0.006820490840739913,-0.013168063989709504,-0.011717982863310219,-0.002082501153249613,-0.0025041591614042803,-0.004437988071446169,0.57137096,0.57972974,0.61240876,0.6301527,0.5345529,0.58070177,0.57886183,0.5824818,0.49719999730587006,0.8496381263732911,0.5869000256061554,0.8496381263732911,0.0215,21.5,0.3854082040144635,0.38320377615534984,0.3939245829574388,0.4314253991473674,0.41863625630964296,0.43180293625190225,0.42170710321364774,0.41985157188468236,0.42409919098899396,-0.020278475487479006,-0.021778485058406533,-0.021943249351293378,-0.014487939216673625,-0.019700180689148056,-0.021360850453255108,-0.014430417214235335,-0.016560801618451346,-0.017922642396822015,0.5816855,0.5664558,0.57868505,0.6132672,0.6093496,0.5608233,0.5845097,0.59578633,2026-10-05T04:45:17.880002
10,0.62148517370224,0.501525342464447,0.779694243144989,0.6221122145652771,0.779694243144989,0.8308265206336976,0.9152040380477905,2.203599817276001,0.18107737687826156,3.2560259971618652,1.989947352027893,1.0,10.0,,,,,0.48781961765289306,0.48781961765289306,,,,18.138569873046876,0.849175778021858,0.05039158067221095,,0.07349333892262001,0.7655749558263524,0.3179928770965072,0.0008847507993708465,0.03936728743753236,2.9967910757490026,,0.0015400557245220914,,76.91786504854822,19.395641168970972,,102.48374579362809,76.92101360734101,25.824998029478035,95.09521367747313,38.895233883219916,18.138546925441474,,0.6881005950034804,,0.033331368593083825,0.11171519575984615,,0.05332068204405201,0.040123253253994476,0.09516335871948559,0.001523440030468687,0.1560191906941165,0.0701772003037155,,,,0.1337,2674.0,0.6085806,0.637052,0.7081221,0.6468207,0.57630455,0.601697,0.5950993,0.6025051,0.48920008540153503,0.8186275629997254,0.6018500328063965,0.8186275629997254,0.023,23.0,0.3570229265804736,0.3510668767738099,0.3653869620661331,0.3869264708709858,0.3676789665508026,0.3892331326586873,0.4004991517270884,0.4005020465634605,0.404934877266352,-0.002078652927021822,-0.0014500103248775036,-0.001906742290795606,-0.007600872231219696,-0.005803129309535185,-0.0034904744267168545,-0.004962493766506171,-0.0063199906037786965,-0.007438343900110929,0.62450004,0.55545455,0.5655039,0.6115132,0.64634144,0.60354334,0.5972441,0.6090909,0.49230000376701355,0.8027366318702698,0.6075499653816223,0.8027366318702698,0.024,24.0,0.38232739012760697,0.37664266359433757,0.3907874389189068,0.37709272763688534,0.3654211262276293,0.3809928725942104,0.40011110983090986,0.3973023493438777,0.4005338310361968,-0.007892547924984696,-0.00834474857169026,-0.007449290396557118,-0.012242785885381503,-0.010331852871411872,-0.012052366901477575,-0.006783967251252034,-0.006327630833413441,-0.008085526819129194,0.5931452,0.63423425,0.67153287,0.6171756,0.55325204,0.6105263,0.58617884,0.5912409,0.4907500445842743,0.8106820974349975,0.6046999990940094,0.8106820974349975,0.0235,23.5,0.3696751583540403,0.36385477018407375,0.37808720049252,0.3820095992539356,0.36655004638921596,0.3851130026264489,0.4003051307789991,0.3989021979536691,0.4027343541512744,-0.004985600426003259,-0.004897379448283882,-0.004678016343676362,-0.0099218290583006,-0.00806749109047353,-0.007771420664097215,-0.005873230508879102,-0.006323810718596069,-0.007761935359620062,0.6088226,0.5948444,0.61851835,0.61434436,0.5997968,0.6070348,0.59171146,0.6001659,2026-10-05T04:49:11.924498
11,0.6239950060844421,0.5009349584579468,0.7725347178459168,0.6245650053024292,0.7725347178459168,0.8279017556190491,0.911954301738739,2.2185701093673704,0.16225469106435775,3.213450414276123,1.9988609832763673,1.0,10.0,,,,,0.467824853515625,0.467824853515625,,,,18.109527630615233,0.8230635945679275,0.05378079706518229,,0.0782574730254947,0.7683256221045355,0.2912888851989606,0.0010267627435872795,0.042918497103319804,2.5986982961748817,,0.001843585833502269,,76.880204850701,19.369816774015973,,102.48123708348365,76.88237368832728,25.788959563917416,95.09584609110644,38.88227071579854,18.10950460251729,,0.6925795522465068,,0.0340555317842277,0.1140380053763177,,0.05588058890051143,0.04222350055055254,0.09979853836024642,0.0017180006356411583,0.163439315975092,0.07258429990452565,,,,0.14525,2905.0,0.61379313,0.6271647,0.7174921,0.6558057,0.5756425,0.601394,0.5953423,0.6090428,0.5020500421524048,0.8295220208168029,0.5988999605178833,0.8295220208168029,0.021,21.0,0.3344050354232579,0.33248614915554636,0.3342025768228712,0.35694338560783695,0.35700815946864617,0.3566862031406847,0.3905721959403041,0.39132883045255834,0.38983743762719586,-0.015514262986467652,-0.01501414545742816,-0.015806906958627007,-0.012220388752779926,-0.010145764409305652,-0.014612044014005426,-0.006459085828067399,-0.006691429544124541,-0.007611942988937023,0.6095,0.54727274,0.5472868,0.59407896,0.68495935,0.5582677,0.622441,0.62613636,0.4984999895095825,0.8220346531867981,0.6000500321388245,0.8220346531867981,0.021,21.0,0.393551285749372,0.39395400709182693,0.3984431936074671,0.4040018210550485,0.40522713077566425,0.4068568394555653,0.42221940552010806,0.4254464815037492,0.42572949308936564,0.005877543383132831,0.004925580245288957,0.005317854026138124,-0.0040318880803135275,-0.010285186771972207,-0.005247303168803117,0.007256062131780346,0.006179196135776275,0.006729905290172701,0.58911294,0.60315317,0.6423358,0.6480916,0.55284554,0.5736842,0.57804877,0.60328466,0.5002750158309937,0.8257783370018006,0.5994749963283539,0.8257783370018006,0.021,21.0,0.36397816058631494,0.3632200781236866,0.36632288521516915,0.3804726033314427,0.3811176451221552,0.38177152129812497,0.4063958007302061,0.40838765597815374,0.40778346535828075,-0.004818359801667411,-0.005044282606069601,-0.005244526466244442,-0.008126138416546726,-0.010215475590638928,-0.009929673591404273,0.00039848815185647337,-0.0002561167041741329,-0.000441018849382161,0.59930646,0.57521296,0.5948113,0.6210853,0.61890244,0.56597596,0.6002449,0.6147105,2026-10-05T04:53:06.809015
12,0.6255375146865845,0.5009102821350098,0.7697557109832763,0.625627875328064,0.7697557109832763,0.8466944843292237,0.9328351117134094,2.434934079170227,0.18333213568925857,3.4414105224609375,1.9979383071899415,1.0,10.0,,,,,0.4385947615623474,0.4385947615623474,,,,18.080134384155272,0.9327140777686219,0.052364403635536315,,0.07412705527452432,0.7917767556229974,0.3366867088872916,0.0008018782648189693,0.0365476434587673,3.0555022484178,,0.001097172777112655,,76.84207906540792,19.346275548266757,,102.47841182635848,76.84425130467505,25.752541074327603,95.09538094101438,38.88460645250454,18.080111874136954,,0.6921199822122124,,0.03461162003267343,0.11669595867015753,,0.058176862538620165,0.044336776848241784,0.10448626533245585,0.0017415924423380168,0.17276825798544915,0.07544148172352724,,,,0.12605,2521.0,0.61784285,0.63588405,0.71471876,0.6597551,0.58144474,0.59791917,0.5918388,0.604501,0.4927000403404236,0.8366840167045593,0.5895000696182251,0.8366840167045593,0.017,17.0,0.42364401709915206,0.42088656827496757,0.4294365171364396,0.43231373558685715,0.37145566212379755,0.4331634336434988,0.4409175429741753,0.4454060209329861,0.4434092780607454,-0.019996169468664556,-0.0199444354310993,-0.017524518886862822,-0.006298528005662936,-0.010927501684042037,-0.005902283787620025,-0.010126134532376272,-0.008627284402334782,-0.007922846688122138,0.5935,0.5540909,0.5496124,0.61480266,0.6650407,0.568504,0.57362205,0.59090906,0.49459999799728394,0.8173723440170289,0.5985499620437622,0.8173723440170289,0.017,17.0,0.37987146415231526,0.37124846976413967,0.38033128213830797,0.3464793309417148,0.31668390690993836,0.34140884632353136,0.3939040309229256,0.397789434907125,0.3796029149148501,-0.0020061306409891993,-0.003143958385187812,-0.0027581365816529042,-0.0013289760345622495,-0.00010419834697835879,-0.0029746475684664037,0.0044564927286107475,0.002860422522398692,0.0035678034464948507,0.5798387,0.6198198,0.6459854,0.60725194,0.55284554,0.5986842,0.57804877,0.6018249,0.49365001916885376,0.8270281803607941,0.5940250158309937,0.8270281803607941,0.017,17.0,0.40175774062573366,0.3960675190195536,0.4048838996373738,0.38939653326428597,0.344069784516868,0.3872861399835151,0.41741078694855044,0.42159772792005556,0.4115060964877978,-0.011001150054826877,-0.011544196908143555,-0.010141327734257863,-0.0038137520201125927,-0.005515850015510198,-0.004438465678043214,-0.002834820901882762,-0.0028834309399680454,-0.0021775216208136435,0.5866693,0.58695537,0.59779894,0.6110273,0.6089431,0.5835941,0.5758354,0.596367,2026-10-05T04:57:02.079245
13,0.6256451606750488,0.4990822672843933,0.7660329307556152,0.6264299750328064,0.7660329307556152,0.8417818500518799,0.927376629447937,2.3451661443710328,0.21100325503349304,3.4990227085113523,1.9896132396697999,1.0,10.0,,,,,0.4683548676967621,0.4683548676967621,,,,18.05116901550293,0.9429831931213285,0.06021481688033528,,0.0729046755167804,0.8532744355642112,0.31138548962060053,0.0007758134585630243,0.03471710395874681,2.898112058259879,,0.0012626946254328056,,76.80311574753682,19.328247750640674,,102.47532090108106,76.8060115644127,25.715569599418885,95.0960290021957,38.85361764992878,18.051146829204196,,0.6879294480487799,,0.03512132611529083,0.12237030875151324,,0.059622764706042164,0.0461497944156835,0.10849164563948942,0.0018201847990773096,0.17703930663455064,0.07794777811712521,,,,0.12535,2507.0,0.614996,0.6291382,0.7139065,0.6596564,0.5849494,0.6018788,0.6039085,0.6018941,0.5038500428199768,0.8515729346275329,0.5929999947547913,0.8515729346275329,0.022,22.0,0.3685942881501604,0.3492196280472404,0.3631581278465921,0.38510448415548804,0.35509470203560445,0.3811784911969149,0.36892600243658613,0.35769435239303243,0.35380557257077616,-0.022731460482308282,-0.027305279989430685,-0.03227691502891654,-0.01702644895614637,-0.02154952235086656,-0.024623615981848652,-0.025283676665252643,-0.024883872370442598,-0.03594528179773658,0.6025,0.5477273,0.5534884,0.59375,0.6784553,0.5641732,0.5972441,0.60530305,0.49709996581077576,0.8378942198753357,0.5995500087738037,0.8378942198753357,0.022,22.0,0.3696558994817443,0.3674244161858987,0.37560960117388087,0.34807849400018154,0.34575653012623,0.3521356496507278,0.37776003365726246,0.3795955931622035,0.3771328852552259,-0.0036729708028093427,-0.005807924557661163,-0.006282480783385035,-0.010396848699574912,-0.00904103072074425,-0.015812902060362417,-0.005729144989565902,-0.005463341602360441,-0.008126006174942314,0.58629036,0.61801803,0.65328467,0.64045805,0.54390246,0.5855263,0.5756098,0.5868613,0.5004750043153763,0.8447335772514344,0.5962750017642975,0.8447335772514344,0.022,22.0,0.3691250938159524,0.35832202211656955,0.3693838645102365,0.3665914890778348,0.3504256160809172,0.36665707042382134,0.37334301804692427,0.368644972777618,0.36546922891300104,-0.013202215642558811,-0.016556602273545926,-0.019279697906150788,-0.013711648827860641,-0.015295276535805404,-0.020218259021105536,-0.015506410827409271,-0.015173606986401519,-0.022035643986339448,0.59439516,0.5828726,0.6033865,0.61710405,0.6111789,0.5748497,0.586427,0.5960822,2026-10-05T05:00:57.373475
14,0.6264801025390625,0.5023598670959473,0.7649060457229614,0.6269822120666504,0.7649060457229614,0.8347391391754151,0.9195513926506043,2.2861613231658935,0.2018095901966095,3.3954077186584475,1.9855412879943848,1.0,10.0,,,,,0.4731561484336853,0.4731561484336853,,,,18.0227571685791,0.7063873303211798,0.04764111697967431,,0.07001776440264836,0.8120744093588204,0.30212951079010963,0.000876134804080709,0.03368181738539771,3.2674831495543195,,0.0012625525076632614,,76.76504963674363,19.300647541216225,,102.47132747188495,76.76769927200998,25.678718785571444,95.09659027293989,38.826902450269955,18.02273450231856,,0.6858944114606091,,0.03578727718466406,0.12399410921487079,,0.06121156079943772,0.047822555966058354,0.11109925014008383,0.0019222999015336584,0.1815627373897346,0.07988408022815255,,,,0.1296,2592.0,0.6113874,0.63862264,0.7125397,0.6616311,0.59096575,0.5969697,0.5974889,0.6049491,0.501300036907196,0.7977743811607361,0.6144999265670776,0.7977743811607361,0.021,21.0,0.3236362051731561,0.3268059274242862,0.3241174493245964,0.3830574317798633,0.3521938966041938,0.35983321466893425,0.4076324821260991,0.41660092599615806,0.40216733172209024,-0.03991975831608792,-0.04133040271435807,-0.04264681195361535,-0.017037248835873865,-0.010248832657960618,-0.018126120517328613,-0.022451833571414375,-0.023054609302837332,-0.02592743298171462,0.6455,0.565,0.5782946,0.61217105,0.6378049,0.57322836,0.6755906,0.62954545,0.5057500004768372,0.8010985236167908,0.6119000315666199,0.8010985236167908,0.021,21.0,0.3920998770295011,0.3899698328888747,0.3960118599362645,0.42497750333773765,0.4046775220142564,0.41776380511456235,0.42950248736699503,0.42986458611766737,0.42694608594217537,-0.007859423173864812,-0.008959588404632662,-0.010231765391649767,-0.010425345395049104,-0.0170328984243289,-0.018600861993307644,-0.0038851758047832273,-0.003100284476342819,-0.006739348388662323,0.608871,0.61801803,0.66861314,0.63778627,0.5804878,0.5842105,0.5841463,0.6043796,0.5035250186920166,0.7994364523887634,0.6131999790668488,0.7994364523887634,0.021,21.0,0.35786804110132864,0.35838788015658046,0.36006465463043047,0.40401746755880047,0.3784357093092251,0.3887985098917483,0.41856748474654704,0.4232327560569127,0.4145567088321328,-0.023889590744976368,-0.025144995559495363,-0.02643928867263256,-0.013731297115461484,-0.01364086554114476,-0.01836349125531813,-0.013168504688098801,-0.013077446889590075,-0.01633339068518847,0.62718546,0.591509,0.62345386,0.62497866,0.60914636,0.57871944,0.62986845,0.61696255,2026-10-05T05:04:53.166211
15,0.6272797584533691,0.5010477304458618,0.7620607579231262,0.627732515335083,0.7620607579231262,0.8411604005813599,0.9266861331939698,2.45850498752594,0.19470760555267333,3.7632349868774413,1.9982157344818114,1.0,10.0,,,,,0.5246073140621186,0.5246073140621186,,,,17.99464783630371,1.1699258486746222,0.06744156054452441,,0.088229930921084,0.8592242173328521,0.2787155437336606,0.0009888137751340475,0.034360469980343325,3.172571778487248,,0.0017898099381252058,,76.72804143626219,19.27762391157211,,102.46561179191444,76.72988940196431,25.641312483769312,95.09820430293964,38.79622195784454,17.994624812132233,,0.6922519112088877,,0.03710895292698198,0.12778393107994346,,0.06296300425366232,0.0494492505291465,0.11394929302156351,0.0020961887544246427,0.18562629306392306,0.08188281459793163,,,,0.1378,2756.0,0.61042506,0.6266412,0.7109945,0.66483015,0.5910826,0.60547477,0.6103888,0.60077393,0.4892500340938568,0.8220433497428894,0.6059499979019165,0.8220433497428894,0.021,21.0,0.31088895428547053,0.3114500011521788,0.3110133149438173,0.40987758575476035,0.4267329063867138,0.4088789123823849,0.3799167817405474,0.38396047796502786,0.3752447191358682,-0.023014063171805717,-0.021991105065432434,-0.02260633293689228,-0.02209671835843706,-0.022782135500744725,-0.020476961885165682,-0.0274409813429184,-0.024598718059047564,-0.03054717998852493,0.612,0.55636364,0.5751938,0.6200658,0.6658537,0.56062996,0.6330709,0.6181818,0.5062999725341797,0.8276814584732055,0.6014499664306641,0.8276814584732055,0.026,26.0,0.35578449177940896,0.3546419613261917,0.3589001367353423,0.3955245000781076,0.3997546070482711,0.3994943235263711,0.41364945649228585,0.41542226074865063,0.41176573354609536,-0.006946265807459246,-0.007979375023875261,-0.008506276621268011,-0.01086938067349753,-0.013066342915947946,-0.013915853489484728,-0.0030928269472276716,-0.0034914798143486467,-0.005224867460529271,0.5907258,0.60045046,0.64124084,0.6381679,0.55325204,0.5881579,0.5837399,0.6072993,0.49777500331401825,0.8248624041080475,0.6036999821662903,0.8248624041080475,0.0235,23.5,0.3333367230324398,0.3330459812391853,0.3349567258395798,0.40270104291643394,0.41324375671749247,0.404186617954378,0.3967831191164166,0.39969136935683924,0.3935052263409818,-0.014980164489632481,-0.014985240044653847,-0.015556304779080144,-0.016483049515967296,-0.017924239208346335,-0.017196407687325204,-0.015266904145073036,-0.014045098936698105,-0.0178860237245271,0.6013629,0.57840705,0.60821736,0.6291169,0.60955286,0.5743939,0.60840535,0.6127406,2026-10-05T05:08:48.058774
16,0.6280427575111389,0.5026000738143921,0.7590523423194885,0.6285048127174377,0.7590523423194885,0.8470531273841858,0.9332336051940918,2.5121707275390626,0.19370909917354584,3.7165237541198732,1.9986516738891602,1.0,10.0,,,,,0.5070364695072174,0.5070364695072174,,,,17.966251364135744,1.3211212106713444,0.09146942268570613,,0.11648502477569281,0.8764239868540673,0.2841157724096137,0.0009663392542001263,0.03491533915423284,3.5907226320664596,,0.001958780575808357,,76.69085751673218,19.252865287149028,,102.46074316911637,76.69268516977881,25.60199189641673,95.0981226149638,38.785594794400936,17.96622901965099,,0.6924569337231339,,0.03754260082533405,0.1303318421931783,,0.06463590862265059,0.050850904718705806,0.1165388337081405,0.0021894227618434628,0.19225488935306573,0.08362652812224285,,,,0.127,2540.0,0.61830395,0.6316955,0.71396595,0.6662125,0.5876947,0.6004243,0.6020048,0.6065377,0.500249981880188,0.8065569610595703,0.606249988079071,0.8065569610595703,0.02,20.0,0.3065084439384258,0.3041689055871515,0.3074551221656101,0.2849371183025998,0.24797668368146614,0.2818377454343938,0.3459273022739125,0.3501942537003132,0.34908335383150824,-0.03181374882693953,-0.03343454238383289,-0.03146209533661794,-0.026913739905846126,-0.02219137166773561,-0.025814774307724466,-0.022544353872863916,-0.022340102679848386,-0.023465085962149707,0.61050004,0.54318184,0.5728682,0.6171053,0.65000004,0.5744095,0.6555118,0.6181818,0.49939993023872375,0.7924316058158875,0.6122499108314514,0.7924316058158875,0.021,21.0,0.39205869578839553,0.39024806610694524,0.3961635440068781,0.4112842782266248,0.38641918989974794,0.4059929822228004,0.41196414968438044,0.41583606360798236,0.41724688521065234,-0.009054074502312997,-0.010590958120647928,-0.010338404916794568,-0.012235956208005954,-0.019666609403024848,-0.017950755765510557,-0.005162256924163894,-0.005828562294575157,-0.00556318152557567,0.6072581,0.6238739,0.66094893,0.639313,0.5719512,0.59517545,0.58943087,0.6036497,0.49982495605945587,0.7994942834377289,0.6092499494552612,0.7994942834377289,0.0205,20.5,0.3492835698634107,0.34720848584704833,0.35180933308624407,0.3481106982646123,0.31719793679060704,0.3439153638285971,0.37894572597914644,0.3830151586541478,0.3831651195210803,-0.020433911664626263,-0.022012750252240407,-0.020900250126706252,-0.01957484805692604,-0.020928990535380228,-0.021882765036617513,-0.013853305398513906,-0.014084332487211772,-0.014514133743862689,0.6088791,0.58352786,0.61690855,0.6282091,0.6109756,0.5847925,0.62247133,0.6109158,2026-10-05T05:12:42.372406
17,0.6272523403167725,0.5004196166992188,0.7619949899673462,0.6272128224372864,0.7619949899673462,0.8349186379432678,0.9197508388519288,2.296907464790344,0.18222592990398406,3.393893546676636,1.9836463104248048,1.0,10.0,,,,,0.4465659149646759,0.4465659149646759,,,,17.93803936767578,1.0266883004527942,0.06405151289128432,,0.08158073674258627,0.975051199364814,0.27846739626234507,0.0008115471638427679,0.03281573368129647,3.5655614731797747,,0.0014728448809914966,,76.65492472071557,19.226128001121957,,102.45754693875647,76.65526124018773,25.562200461223625,95.09752086469322,38.75877800716716,17.938017061561535,,0.6849443175990111,,0.03873794910254752,0.13228828882335858,,0.06632455708874259,0.05217643200781694,0.11857481604548777,0.0022930525017866663,0.19668523843880673,0.08510401375164652,,,,0.13215,2643.0,0.6091219,0.63819975,0.7114501,0.6662915,0.58672124,0.59949493,0.6045565,0.60065174,0.5031999945640564,0.7870036931037903,0.6124999523162842,0.7870036931037903,0.022,22.0,0.3935550814391127,0.38884718146379277,0.3947273755130022,0.4320687729457825,0.39306672548350957,0.43287405700528314,0.4505116882242493,0.44896967979628494,0.4502423453702568,-0.01828518768193018,-0.016943840819183268,-0.01664487389524143,-0.0012231930745895288,-0.0037420713688970137,0.0018075152041073124,-0.0013254255120427128,-0.001306580952477111,0.000169391760877513,0.616,0.5681818,0.58449614,0.61513156,0.643496,0.576378,0.66968507,0.6219697,0.4986000657081604,0.7897902750968933,0.6090999841690063,0.7897902750968933,0.022,22.0,0.35363598033809385,0.3549945535609336,0.3577976706307344,0.40299244567703896,0.3987611745155604,0.3959957859212034,0.40887031022223136,0.4103649167977613,0.4101931884887852,-0.01342888631454162,-0.015013076177470273,-0.013582882492732339,-0.014817313090459767,-0.020525866249736555,-0.01729534292942999,-0.008330109286086466,-0.008658177707767372,-0.009333368496451383,0.6032258,0.6175676,0.66167885,0.6328244,0.57073176,0.59517545,0.5934959,0.59233576,0.5009000301361084,0.7883969841003418,0.6107999682426453,0.7883969841003418,0.022,22.0,0.3735955308886033,0.3719208675123632,0.3762625230718683,0.4175306093114107,0.395913949999535,0.41443492146324323,0.42969099922324033,0.4296672982970231,0.430217766929521,-0.0158570369982359,-0.01597845849832677,-0.015113878193986885,-0.008020253082524648,-0.012133968809316784,-0.007743913862661339,-0.004827767399064589,-0.0049823793301222415,-0.004581988367786935,0.60961294,0.5928747,0.6230875,0.623978,0.60711384,0.5857767,0.6315905,0.6071527,2026-10-05T05:16:37.291493
18,0.6262373328208923,0.5014348030090332,0.7624263357162475,0.6260799765586853,0.7624263357162475,0.8402495837211609,0.9256741096496582,2.4880523042678835,0.18166318736076356,4.323580785369873,1.994618416595459,1.0,10.0,,,,,0.5660460498332978,0.5660460498332978,,,,17.9101309967041,1.1993301802664806,0.08362738279607977,,0.09442197189779039,0.8806517843607884,0.2724956490906181,0.0010467423088099676,0.038543842907900076,3.4702867933898975,,0.002874375170811699,,76.61680369771969,19.215020283012635,,102.46512380223365,76.61747897202801,25.525094427120912,95.09897880797173,38.76807476456757,17.910107849509853,,0.6904594423664603,,0.03958109616758717,0.13874324453864129,,0.06965280091686613,0.05336979544086821,0.12082755793431763,0.0024636987297184717,0.20504836927933298,0.08690294575919012,,,,0.1513,3026.0,0.6075381,0.62372136,0.70877576,0.67107034,0.5902064,0.606101,0.6014581,0.5983096,0.5113999843597412,0.7974275679588317,0.6089500784873962,0.7974275679588317,0.031,31.0,0.22749032289378643,0.21936376034839353,0.22772760697834143,0.3170660311692177,0.31394650771883476,0.31338296205836774,0.3247024193231879,0.32434401300555193,0.323988322603668,-0.017413591037302306,-0.018375843942529536,-0.017765034960220354,-0.007552763119821612,-0.0029104765314150994,-0.0026166584459366856,-0.004538467550025902,-0.004710283372935136,-0.0044359937558698615,0.612,0.545,0.57403105,0.61973685,0.6556911,0.568504,0.6606299,0.6272727,0.49505001306533813,0.7876078186035156,0.6120500564575195,0.7876078186035156,0.035,35.0,0.363886317585134,0.3572710589525053,0.3659229038810402,0.38685323385481307,0.37384659028467276,0.3835828672182735,0.38979571667013,0.3903731694866436,0.3894790829199325,-0.011070645614051345,-0.012218202846333168,-0.011566403102435596,-0.009997320688220774,-0.017149198559630697,-0.012922896188043815,-0.008270946742389712,-0.008955199830965441,-0.008892873754626359,0.603629,0.6193694,0.649635,0.6438931,0.5731707,0.58859646,0.60081303,0.61021894,0.5032249987125397,0.7925176932811737,0.6105000674724579,0.7925176932811737,0.033,33.0,0.29568832023946023,0.28831740965044944,0.29682525542969085,0.3519596325120154,0.34389654900175376,0.3484829146383206,0.35724906799665895,0.35735859124609776,0.3567337027618003,-0.014242118325676826,-0.015297023394431352,-0.014665719031327976,-0.008775041904021194,-0.010029837545522897,-0.00776977731699025,-0.006404707146207807,-0.006832741601950288,-0.00666443375524811,0.6078145,0.5821847,0.61183304,0.63181496,0.6144309,0.5785502,0.63072145,0.6187458,2026-10-05T05:20:32.137843
19,0.6290648579597473,0.5008825063705444,0.7542286683082581,0.6296500563621521,0.7542286683082581,0.8268052752494812,0.9107359951972961,2.260718638420105,0.16818752757310867,4.0618171131134035,1.9915692771911622,1.0,10.0,,,,,0.5067448528289795,0.5067448528289795,,,,17.881821301269532,1.324156867435119,0.06777103255342716,,0.07984346925031845,0.9109754465567838,0.24466039819322574,0.0009069740810249131,0.028313770077553143,3.59593386350164,,0.0019985451345648215,,76.57961822315386,19.187363897918896,,102.46324182012279,76.5799970201626,25.48668908769158,95.09595742195275,38.7706161304644,17.88179879887089,,0.6889319230037131,,0.04026217542731079,0.13944984545373612,,0.07164380481098867,0.05454459390158107,0.12292485318745777,0.002580089737797619,0.21266608595088787,0.08811513106724259,,,,0.15655,3131.0,0.6217923,0.6384414,0.7228011,0.66123617,0.58966124,0.5992525,0.6045565,0.5981059,0.4990500211715698,0.7818292360305786,0.6141999959945679,0.7818292360305786,0.027,27.0,0.36902633665033874,0.3670800492267539,0.3698780513972832,0.4294957354573548,0.4273099219323531,0.4259750229665442,0.439339471042464,0.4432807058952928,0.4402638148247607,0.011128570463698742,0.01261628262779448,0.010665117126572058,0.018335492522805908,0.005530785388352418,0.015970317760704733,0.01141640368213867,0.010348956668572043,0.01036613561305625,0.6305,0.5672727,0.59108526,0.62269735,0.63495934,0.57913387,0.6515748,0.632197,0.4978000223636627,0.784664575099945,0.6106499433517456,0.784664575099945,0.033,33.0,0.3422077620350424,0.3379131660055393,0.34435228809673785,0.3923847291161539,0.377864559945165,0.38698187887223334,0.4060212783190981,0.40663660833544985,0.40779324825272434,-0.006858702522720061,-0.008400524531056055,-0.00834338955536037,-0.006352859477280327,-0.014817044314792851,-0.012310415079391093,-0.0029044142950896737,-0.004374630279957752,-0.005131785881243177,0.60201615,0.6243244,0.6510949,0.6354962,0.57439023,0.59122807,0.5857724,0.6142336,0.49842502176761627,0.7832469055652618,0.6124249696731567,0.7832469055652618,0.03,30.0,0.35561704934269056,0.3524966076161466,0.3571151697470105,0.41094023228675436,0.4025872409387591,0.4064784509193888,0.42268037468078107,0.4249586571153713,0.42402853153874254,0.0021349339704893402,0.002107879048369213,0.001160863785605844,0.0059913165227627905,-0.004643129463220217,0.0018299513406568203,0.004255994693524498,0.002987163194307145,0.0026171748659065365,0.6162581,0.59579855,0.62109005,0.62909675,0.6046748,0.585181,0.61867356,0.6232153,2026-10-05T05:24:26.957956
20,0.6253774762153625,0.500639796257019,0.7608587670326233,0.6256499290466309,0.7608587670326233,0.845697728919983,0.9317276043891907,2.507436123275757,0.20127022247314452,4.145824515533447,1.9366066631317138,1.0,10.0,,,,,0.48864304971694944,0.48864304971694944,,,,17.853771774291992,1.81808986348711,0.13181055364032887,,0.1388893352449237,0.9364123710781146,0.24732852985809564,0.0009461796752052607,0.03136761382720463,3.8939972250324906,,0.002356022688664276,,76.54158228977471,19.16528029958154,,102.46544005764518,76.54249115962132,25.44636630404527,95.092984776588,38.75307649260114,17.853749354174184,,0.6607745942796112,,0.040854856632887175,0.14270289583950285,,0.07396484370444231,0.05558269881423871,0.12468005156820747,0.002783753918068614,0.21774417797850956,0.08940443785706903,,,,0.13455,2691.0,0.6133721,0.6209827,0.7073891,0.6662915,0.5917056,0.5917778,0.6050425,0.60727084,0.5004498958587646,0.786967303276062,0.6116499900817871,0.786967303276062,0.032,32.0,0.3207690656347442,0.3200213526452329,0.32102784066485357,0.4163764262701248,0.4072037925798899,0.41514935156522853,0.4147915508492487,0.414746838608785,0.41455134592136433,-0.030921077582634158,-0.029860786202780994,-0.029970319462311344,-0.02478621534031018,-0.024156303267842207,-0.02460501973867632,-0.028166084679018856,-0.027132723850871485,-0.02677811892267868,0.63,0.5740909,0.58410853,0.62039477,0.6544715,0.56929135,0.6350394,0.6242424,0.503849983215332,0.7920168948173523,0.6074000000953674,0.7920168948173523,0.038,38.0,0.3409293922259525,0.33701498758253895,0.34125075879705646,0.379347679084666,0.35272335114535025,0.3729794660313709,0.3883141152094372,0.3893727889120193,0.38748805701918887,-0.0007215512795780553,-0.002292094715807122,-0.002341129339348726,-0.006193659842361994,-0.007408147304789271,-0.009198902096909857,0.0006082194007160489,0.00037655936721253154,-0.0005447578886946517,0.60201615,0.6175676,0.65437955,0.64312977,0.57439023,0.58859646,0.57804877,0.5945256,0.5021499395370483,0.7894920990467071,0.6095249950885773,0.7894920990467071,0.035,35.0,0.33084922893034835,0.32851817011388595,0.331139299730955,0.3978620526773954,0.3799635718626201,0.39406440879829974,0.40155283302934297,0.4020598137604021,0.4010197014702766,-0.015821314431106105,-0.01607644045929406,-0.016155724400830036,-0.015489937591336086,-0.01578222528631574,-0.01690196091779309,-0.013778932639151404,-0.013378082241829476,-0.013661438405686666,0.61600804,0.59582925,0.61924404,0.63176227,0.6144309,0.5789439,0.6065441,0.609384,2026-10-05T05:28:21.252789
21,0.6297401785850525,0.4992048442363739,0.752197285270691,0.6298898458480835,0.752197285270691,0.8170959089279175,0.8999478118896485,2.3302753465652466,0.1948752069234848,4.185356372451782,1.8730061504364013,1.0,10.0,,,,,0.46818717699050905,0.46818717699050905,,,,17.82597609863281,1.3474455884165446,0.06543859585105281,,0.08631496545621402,0.9444503751909656,0.24913011014366607,0.0010241306486805,0.03334359624749346,3.677713042801353,,0.0025747578595186568,,76.5037960368357,19.145641278309427,,102.46425507174935,76.50490336812985,25.40546361352228,95.0941753994887,38.71180892749956,17.825953841968705,,0.627573069493482,,0.041406331856729116,0.14647947071464198,,0.07570196038028996,0.0565839070755585,0.12650073903381445,0.002997025857815982,0.21985976616288447,0.09110050026778203,,,,0.17365,3473.0,0.6123697,0.6359042,0.71073693,0.6673973,0.59484035,0.6039394,0.61470234,0.59790224,0.49974995851516724,0.7927409262657166,0.6098500490188599,0.7927409262657166,0.043,43.0,0.22056922253728858,0.21638103952679832,0.22245386571595244,0.3354925630516831,0.3338870655375573,0.3339126394179543,0.34899348317097717,0.34894413719913914,0.34899348317097717,-0.030408398896841195,-0.02916437934544361,-0.02981298025950367,-0.01107439048662214,-0.011388104706551867,-0.011430813774564634,-0.015125426285474013,-0.015041870715997014,-0.015125426285474013,0.615,0.5427273,0.58023256,0.6236842,0.67520326,0.56141734,0.64724416,0.6246213,0.5089499950408936,0.7932238478660584,0.6069000363349915,0.7932238478660584,0.047,47.0,0.3544979989992821,0.35036264414526325,0.3576184794808386,0.39342311983860345,0.38374001481645303,0.38619153403644074,0.40227207792092295,0.400970376397184,0.40251432488683575,-0.006054947896688462,-0.007503816735322931,-0.00616032170818679,-0.007947094763351994,-0.01320098011854009,-0.010109809004970936,-0.004211393133067166,-0.004949745801150933,-0.004422711035737234,0.5907258,0.6063063,0.64087594,0.6522901,0.56747967,0.6,0.5857724,0.6047445,0.5043499767780304,0.7929823870658874,0.6083750426769257,0.7929823870658874,0.045,45.0,0.2875336107682853,0.2833718418360308,0.29003617259839554,0.36445784144514326,0.3588135401770052,0.3600520867271975,0.37563278054595006,0.3749572567981616,0.37575390402890646,-0.01823167339676483,-0.01833409804038327,-0.01798665098384523,-0.009510742624987068,-0.012294542412545979,-0.010770311389767785,-0.00966840970927059,-0.009995808258573973,-0.009774068660605623,0.6028629,0.5745168,0.6105542,0.63798714,0.62134147,0.5807087,0.61650825,0.6146829,2026-10-05T05:32:16.319563
22,0.6285498738288879,0.5000749230384827,0.7543017114639282,0.6292300224304199,0.7543017114639282,0.8229784604072571,0.906483969783783,2.2986473709106447,0.18146672220230103,4.545277150344849,1.9250657232284545,1.0,10.0,,,,,0.5467123857975006,0.5467123857975006,,,,17.798497048950196,1.255474760226763,0.06970918503334853,,0.08811885810747838,1.0175316400209051,0.23845665795123502,0.0009756972812150255,0.030742497468118076,3.6505994310804235,,0.0020766799258172754,,76.4656243293908,19.119381424727713,,102.4597852670463,76.46749090692799,25.367511676375273,95.09406416583214,38.677420136275565,17.798475180461907,,0.6549308649293936,,0.042145131903279356,0.1475623764429882,,0.07704714984650825,0.057643341102228046,0.12840077518277868,0.0032430666062838523,0.2227467372538937,0.09255039056015622,,,,0.16315,3263.0,0.6194467,0.63370925,0.7158875,0.6664297,0.59357476,0.5978384,0.60362494,0.6018737,0.5005999803543091,0.782808744430542,0.6175500154495239,0.782808744430542,0.037,37.0,0.3235758435393146,0.3172641133202773,0.3242210368595376,0.36721793914802986,0.3607270406516055,0.3679897749471734,0.416879923536273,0.4168309664518802,0.41696500417799526,-0.04565772202775682,-0.043977823050940015,-0.04566313774969396,-0.0229183266556583,-0.016871734264584243,-0.02157698532255109,-0.02969836249341397,-0.029718644327126148,-0.029681807948998825,0.6395,0.5713636,0.58294576,0.6220395,0.6585366,0.56299216,0.6606299,0.6409091,0.4976999759674072,0.7925166754722596,0.6101499795913696,0.7925166754722596,0.037,37.0,0.34546298822958266,0.34099630202087183,0.34700223284323756,0.3599017212868362,0.3691895085728183,0.37275701261962274,0.3823429317734034,0.3827102743177505,0.38242348239007096,-0.011125885987374474,-0.01199880865520439,-0.011347987229193644,-0.014239659500944867,-0.018399305731668793,-0.01799547866135355,-0.0102954319934681,-0.010420831661220301,-0.01088437009277262,0.5907258,0.6130631,0.65000004,0.65267175,0.5756098,0.59342104,0.5845529,0.6127738,0.49914997816085815,0.7876627099514009,0.6138499975204468,0.7876627099514009,0.037,37.0,0.33451941588444867,0.32913020767057455,0.33561163485138756,0.363559830217433,0.36495827461221186,0.37037339378339806,0.3996114276548382,0.39977062038481537,0.39969424328403313,-0.02839180400756565,-0.027988315853072203,-0.028505562489443803,-0.018578993078301582,-0.017635519998126518,-0.01978623199195232,-0.019996897243441034,-0.020069737994173224,-0.02028308902088572,0.6151129,0.5922134,0.6164729,0.6373556,0.6170732,0.5782066,0.6225914,0.6268414,2026-10-05T05:36:10.368150
23,0.6304870843887329,0.5000522136688232,0.7533457820892334,0.6309799551963806,0.7533457820892334,0.8022764456748962,0.8834817372322082,1.9441391044616698,0.1715615583896637,4.324423883056641,1.9716738483428955,1.0,10.0,,,,,0.5155551229000092,0.5155551229000092,,,,17.770935064697266,0.8031505853602081,0.04185788485274953,,0.05097255871221898,0.9738106860476694,0.26593212493855484,0.0008149047329900252,0.030675838772610875,4.3252516601495685,,0.0016972876036544123,,76.42835425115695,19.093447849249383,,102.45085503645004,76.42993416755822,25.32947109003735,95.09461124687438,38.658090069035815,17.770913348835744,,0.6788766118371563,,0.04287273863888091,0.14839323567357032,,0.07760993253653216,0.05856073685702245,0.13030411957935162,0.0032293681651472477,0.227199140437849,0.0939215997791594,,,,0.1744,3488.0,0.6032879,0.6307491,0.7118661,0.68090445,0.5998832,0.6037172,0.61109763,0.6047047,0.5003000497817993,0.8071321649551392,0.604449987411499,0.8071321649551392,0.029,29.0,0.2780329322985209,0.2667890629969277,0.27742377062808493,0.32631925531200257,0.3081502266447782,0.3176388227126766,0.36246501180075646,0.362474654295651,0.3624642663721835,-0.028934322369249182,-0.02801941841666309,-0.028975708396431536,-0.022337766704106816,-0.013747413371737105,-0.020230392019332143,-0.014901236148150657,-0.01491565602923192,-0.015302572157712933,0.6085,0.54727274,0.55736434,0.62072366,0.652439,0.546063,0.67047244,0.6242424,0.49915000796318054,0.7958307757377624,0.6086000204086304,0.7958307757377624,0.033,33.0,0.38248819993902855,0.38044119479466937,0.3848507019291144,0.3668164503317099,0.3621283959299347,0.36614632881485476,0.406189320852186,0.4088455775714436,0.4086042103577003,-0.0061110567604661815,-0.006410136851870975,-0.006930754902403121,-0.012943910267021786,-0.015126138673588637,-0.014326368464707672,-0.005554680198727935,-0.005598850061001228,-0.00670467050292625,0.5979839,0.61576575,0.65437955,0.6522901,0.5747968,0.58201754,0.5800813,0.6029197,0.49972502887248993,0.8014814703464508,0.6065250039100647,0.8014814703464508,0.031,31.0,0.33026056611877475,0.3236151288957985,0.3311372362785997,0.3465678528218562,0.3351393112873564,0.3418925757637657,0.38432716632647124,0.3856601159335473,0.3855342383649419,-0.017522689564857682,-0.017214777634267032,-0.01795323164941733,-0.017640838485564303,-0.01443677602266287,-0.017278380242019907,-0.010227958173439296,-0.010257253045116575,-0.011003621330319593,0.6032419,0.58151925,0.6058719,0.6365069,0.6136179,0.5640403,0.62527686,0.61358106,2026-10-05T05:40:05.284515
24,0.6295748949050903,0.5025622844696045,0.7516447850227356,0.6304123401641846,0.7516447850227356,0.8042858538627624,0.885714414691925,1.9637551490783691,0.1783523405790329,4.20801411857605,1.999939126586914,1.0,10.0,,,,,0.4856175633907318,0.4856175633907318,,,,17.743162771606446,1.1883356950844928,0.06707966520456941,,0.07266275088041783,1.020249865237315,0.2315283075307205,0.0008196870086026514,0.028367411802006755,3.48236986159519,,0.0016343927975861908,,76.39137865783303,19.06781765154213,,102.441853905939,76.3926361958692,25.28802373606688,95.09347441849435,38.66838231663795,17.743140894895905,,0.6931162753682227,,0.04333507623167554,0.1498745637145012,,0.07834589410169869,0.05963958676453609,0.13253800105896724,0.003298140899129924,0.2347830138198889,0.09580219323468056,,,,0.1703,3406.0,0.60992384,0.63461536,0.7109945,0.6754147,0.5929712,0.60515153,0.60986227,0.6030143,0.5026000142097473,0.8000823550224304,0.6087499260902405,0.8000823550224304,0.035,35.0,0.25093251435896585,0.24011137305958846,0.24912128122514404,0.3139791572299857,0.28405144408944466,0.306232213328529,0.34620499119625037,0.3460582468277709,0.3440634698918656,-0.04580234988740604,-0.04602439058859671,-0.04540693666134607,-0.032042301152190714,-0.02883578662390318,-0.031998298145793365,-0.031593579812277624,-0.030984321472842438,-0.03132648869292612,0.6345,0.55136365,0.5616279,0.61907893,0.6300813,0.57598424,0.66417325,0.62954545,0.5117000341415405,0.7837481269836426,0.6154998540878296,0.7837481269836426,0.036,36.0,0.38056617634174383,0.37708311489419777,0.3849802327383104,0.4191707753361497,0.40651946246728904,0.4146385463236742,0.4110017129065432,0.4119097097744257,0.4123034804748373,-0.006315018982918719,-0.0074308139432391,-0.007251582095265411,-0.0015400107099794984,-0.007086495879430102,-0.004773709590618738,-0.0038390760003979454,-0.00435258918425051,-0.00498897670258185,0.61169356,0.6261261,0.67262775,0.65076333,0.57520324,0.58728075,0.5890244,0.6029197,0.5071500241756439,0.7919152410030366,0.612124890089035,0.7919152410030366,0.035500000000000004,35.5,0.3157493453503548,0.30859724397689314,0.31705075698172724,0.36657496628306774,0.34528545327836685,0.36043537982610163,0.3786033520513968,0.3789839783010983,0.37818347518335144,-0.026058684435162377,-0.026727602265917905,-0.02632925937830574,-0.016791155931085107,-0.017961141251666642,-0.01838600386820605,-0.017716327906337783,-0.017668455328546474,-0.018157732697753986,0.6230968,0.5887449,0.61712784,0.63492113,0.6026423,0.5816325,0.62659883,0.6162326,2026-10-05T05:44:00.552020
25,0.630362331867218,0.5014426708221436,0.7512673683166504,0.6308000087738037,0.7512673683166504,0.8176572570800781,0.9005715250968933,2.1591533380508423,0.18567522134780884,4.576103785324097,1.9986263998031617,1.0,10.0,,,,,0.5219740236759186,0.5219740236759186,,,,17.71627207336426,0.8745523276175283,0.05414385636259986,,0.05385907933970166,0.9928467381911673,0.24067854354525828,0.0005843500046142537,0.023561498399373073,3.3198966812935606,,0.0009057778509828309,,76.35465060677498,19.045031796595094,,102.43314463621492,76.35515652796265,25.24652408186797,95.09411849489638,38.650308475372896,17.71625181064484,,0.6924624332956447,,0.04395057263362939,0.15267053702075012,,0.079470507848035,0.060659134843546875,0.13512759831300966,0.003382944160846958,0.23920674631550054,0.09814946277506033,,,,0.15545,3109.0,0.6213112,0.6359847,0.7126189,0.6714455,0.5890966,0.610404,0.6090927,0.5951731,0.4945499897003174,0.7976874394416809,0.6101500391960144,0.7976874394416809,0.039,39.0,0.2563230694236427,0.24958110865578959,0.25671659801927715,0.3383035837760121,0.3263064414459995,0.33685753338831864,0.30913150520997296,0.3098749396932555,0.30912595635273904,-0.04179852790489919,-0.039341090037752276,-0.04169849601784154,-0.030187575690800064,-0.02310320444523603,-0.03023811222883609,-0.02273360123528839,-0.022102507136250768,-0.02273620910312731,0.62700003,0.57318187,0.5724806,0.6108553,0.64918697,0.58543307,0.63779527,0.625,0.5005000829696655,0.7889660353660584,0.6124500036239624,0.7889660353660584,0.038,38.0,0.35114559058945205,0.3487847311469542,0.35643864540411274,0.4007106564779064,0.3911994154108055,0.40007220120435705,0.3795245743899406,0.38050903353406945,0.3817765720961777,-0.008574855475772483,-0.009448215377964142,-0.009721710234224521,-0.009983493058185078,-0.01274207545507269,-0.011103889070160033,-0.009936397839675433,-0.009820384461872859,-0.011103819611242308,0.60645163,0.63243246,0.6689781,0.63740456,0.56504065,0.6057018,0.5849594,0.5941606,0.49752503633499146,0.7933267374038696,0.6113000214099884,0.7933267374038696,0.0385,38.5,0.30373433000654737,0.2991829199013719,0.30657762171169495,0.36950712012695924,0.3587529284284025,0.3684648672963379,0.34432803979995674,0.34519198661366246,0.3454512642244584,-0.025186691690335838,-0.02439465270785821,-0.025710103126033033,-0.02008553437449257,-0.017922639950154362,-0.02067100064949806,-0.01633499953748191,-0.015961445799061814,-0.016920014357184807,0.6167258,0.60280716,0.6207293,0.6241299,0.60711384,0.59556746,0.61137736,0.6095803,2026-10-05T05:47:54.795260
26,0.6284844875335693,0.5001998543739319,0.7558463255882263,0.6293023824691772,0.7558463255882263,0.8186392820358276,0.9016626640319825,2.198998084640503,0.1979219307422638,4.653785401153565,1.999999991607666,1.0,10.0,,,,,0.5509196675300598,0.5509196675300598,,,,17.68999351196289,0.9017168541978688,0.055843690978244515,,0.058315046677354036,1.044508499514525,0.26807611843772755,0.0007328233758735049,0.029427119649377217,4.085847200861402,,0.0011246200736388149,,76.3181214545183,19.01734743300517,,102.42201432149122,76.3182641776504,25.206927390614894,95.09509107261707,38.61551986985905,17.689972385479386,,0.693147178288478,,0.044744828585416646,0.15360180767858103,,0.07994498312473297,0.061626150088894896,0.13765202396234888,0.0034823859359618204,0.24183576985908922,0.100547109534786,,,,0.15275,3055.0,0.6225742,0.63664925,0.7237124,0.66005135,0.58701324,0.6006869,0.6020454,0.60042775,0.49470001459121704,0.7952289505004883,0.6108999848365784,0.7952289505004883,0.04,40.0,0.3606504150494359,0.3589141126832924,0.3625541053770985,0.4444741803163541,0.45825624640845114,0.44672855832207575,0.4326406382126933,0.4322087807341519,0.43174617549141386,-0.02738417432533327,-0.027507955726499413,-0.027319788493577527,-0.019816320850846024,-0.024109103891597528,-0.02100251261139511,-0.020399241666524674,-0.019868523271839727,-0.020201547702089248,0.618,0.57318187,0.5744186,0.63092107,0.6670732,0.5787402,0.62755907,0.6121212,0.5031999945640564,0.813652244091034,0.6014500856399536,0.813652244091034,0.04,40.0,0.3586587699063579,0.35707981686248974,0.3664612511052804,0.39839244049882416,0.3971090070108843,0.40174454927221726,0.3820685571649964,0.3832679477285711,0.383659068781609,-0.010459459416296783,-0.01069485157689332,-0.010820459997444121,-0.0056013765468420395,-0.006173782827504865,-0.005188551085088146,-0.00726841794732409,-0.008174428660056403,-0.008787775173577574,0.5846774,0.60045046,0.6354015,0.648855,0.5630081,0.5986842,0.60284555,0.5737226,0.4989500045776367,0.8044405972957611,0.606175035238266,0.8044405972957611,0.04,40.0,0.3596545924778969,0.35799696477289106,0.36450767824118946,0.42143331040758913,0.4276826267096677,0.42423655379714653,0.40735459768884485,0.4077383642313615,0.40770262213651143,-0.018921816870815025,-0.019101403651696366,-0.019070124245510824,-0.012708848698844031,-0.015141443359551197,-0.013095531848241627,-0.013833829806924382,-0.014021475965948065,-0.01449466143783341,0.6013387,0.5868162,0.60491,0.63988805,0.61504066,0.5887122,0.6152023,0.5929219,2026-10-05T05:51:50.197232
27,0.6281951069831848,0.5018748641014099,0.7572460922241211,0.6289098858833313,0.7572460922241211,0.7973751882553101,0.8780358958244324,2.0079419120788575,0.18127395753860473,4.1354673522949215,1.9993395370483398,1.0,10.0,,,,,0.5026065284252167,0.5026065284252167,,,,17.663347201538087,0.5977331134401689,0.05373418355022504,,0.04987954547937224,1.0546967256221043,0.27218223344178716,0.0008443726255791262,0.0326986301714068,4.854778349779214,,0.001178552128010686,,76.28096236696669,18.9956465071174,,102.41296192339271,76.28101990329232,25.16983174366556,95.09552308100804,38.6082402126045,17.6633259597098,,0.6928183037763948,,0.04541700805543335,0.15630545965425527,,0.08050419940690326,0.06252654155443428,0.13938945294565455,0.0034990480160755908,0.2470313383705297,0.1021084680109267,,,,0.1663,3326.0,0.6057939,0.63209826,0.70132726,0.6768365,0.5941783,0.61143434,0.61832726,0.5898778,0.5042999982833862,0.7949695110321044,0.6087498664855957,0.7949695110321044,0.04,40.0,0.2057359968419931,0.1986354846734564,0.20489009302750427,0.304482536802399,0.2850585786407861,0.3021351285138369,0.24271195731602974,0.2398887553313867,0.23949748764026,-0.014665264556324824,-0.01599406377845975,-0.016233662716319243,-0.011742339975453915,-0.019856341320035904,-0.014152845385360895,-0.011822970233068225,-0.01193068798264439,-0.013743676461396504,0.5975,0.5440909,0.56860465,0.6305921,0.6504065,0.580315,0.6688977,0.6159091,0.4942000210285187,0.7854321494102477,0.6116001009941101,0.7854321494102477,0.041,41.0,0.32262720137735945,0.3197003024321947,0.32884663637902434,0.3768101222967892,0.37358675241246686,0.3790141456309493,0.34814566478170644,0.3504293990691921,0.34470904861091106,-0.0047266973511506365,-0.005726159659523994,-0.00444034281136618,-0.0047086832912627665,-0.006516377842042797,-0.007150412040750518,-0.008259334954533308,-0.008235370434024567,-0.011422505228824625,0.5975806,0.61171174,0.66569346,0.64465654,0.5756098,0.6026316,0.59308946,0.59489053,0.49925000965595245,0.790200830221176,0.6101749837398529,0.790200830221176,0.0405,40.5,0.26418159910967626,0.25916789355282555,0.2668683647032643,0.34064632954959406,0.3293226655266265,0.3405746370723931,0.2954288110488681,0.29515907720028944,0.2921032681255855,-0.009695980953737731,-0.010860111718991872,-0.010337002763842711,-0.008225511633358341,-0.01318635958103935,-0.010651628713055706,-0.010041152593800767,-0.010083029208334478,-0.012583090845110565,0.5975403,0.57790136,0.61714906,0.6376243,0.61300814,0.59147334,0.6309936,0.60539985,2026-10-05T05:55:45.129492
28,0.6313751935958862,0.5009374022483826,0.7498346613883973,0.6320126056671143,0.7498346613883973,0.8083871412277222,0.8902713971138001,2.175219580459595,0.1876700363636017,4.134873166656494,1.9951358238220216,1.0,10.0,,,,,0.5075727356910705,0.5075727356910705,,,,17.636489178466796,0.946943344346657,0.06238148091835486,,0.06609988001109973,1.0957279660899168,0.2501906628726394,0.0007552442220217626,0.028381763453221624,4.8076487650537185,,0.0012866843373708985,,76.24387811551428,18.966698579727463,,102.40237417038838,76.24415117008671,25.13364564689102,95.09442216423666,38.591884370062765,17.636467502375318,,0.6906909661687863,,0.04613145986560044,0.15715579422795847,,0.08078469032314932,0.06334893671190663,0.1408819242078028,0.003616480328807026,0.25126263736539584,0.10329673890095607,,,,0.167,3340.0,0.61038494,0.6304269,0.70635897,0.6799368,0.60136294,0.6094949,0.6237141,0.59283096,0.505649983882904,0.8070396566390992,0.6069999933242798,0.8070396566390992,0.034,34.0,0.26755768327902957,0.2662088296383637,0.2699337732652262,0.3505551797603316,0.3224561591123488,0.33744106208759544,0.3127572071032493,0.313909196639771,0.31564449717559556,-0.03211814102806949,-0.03367423167252968,-0.03369428848238189,-0.028966291893968158,-0.036779394362640834,-0.03209665767645489,-0.020992372399104352,-0.021877869519938344,-0.02179619408585539,0.59800005,0.54636365,0.58062017,0.6325658,0.6378049,0.6023622,0.63582677,0.60871214,0.5078499913215637,0.79648992395401,0.6099000573158264,0.79648992395401,0.031,31.0,0.3418966385847679,0.33712374850254084,0.34803758166656523,0.38973278296690306,0.366814498611504,0.3911934357168277,0.3603547266792735,0.3594752264762249,0.36305959047047415,0.006674243879109536,0.006188237193427172,0.005804533584416438,0.011567937280857036,0.002901850849558028,0.009618299713436557,0.009569517893064712,0.01028408649494111,0.00917355138070277,0.59717745,0.61441445,0.67518246,0.63129777,0.5682927,0.604386,0.602439,0.58065695,0.5067499876022339,0.8017647902965546,0.6084500253200531,0.8017647902965546,0.0325,32.5,0.3047271609318987,0.30166628907045223,0.3089856774658957,0.37014398136361737,0.3446353288619264,0.36431724890221157,0.3365559668912614,0.33669221155799794,0.33935204382303485,-0.012721948574479976,-0.013742997239551252,-0.013944877448982724,-0.008699177306555561,-0.016938771756541404,-0.011239178981509168,-0.00571142725301982,-0.005796891512498617,-0.00631132135257631,0.5975888,0.580389,0.6279013,0.6319318,0.6030488,0.6033741,0.6191329,0.59468454,2026-10-05T05:59:39.998816
29,0.6307626366615295,0.4999275505542755,0.7508704045295715,0.631320059299469,0.7508704045295715,0.8199978880882263,0.9031722282409668,2.2388242584228517,0.1697273285627365,4.5318517486572265,1.995404786491394,1.0,10.0,,,,,0.5312418488979339,0.5312418488979339,,,,17.60902710876465,1.2068302153022425,0.06862630497050252,,0.074095439564757,1.1342100068262428,0.23316471107826112,0.0006790173443547409,0.025252531104644014,4.866629978653732,,0.0013504224412468006,,76.20658641256344,18.94298571689873,,102.40341857132638,76.20704033724061,25.095831864958356,95.0923977991578,38.56706184338612,17.609005387421625,,0.6908373001274789,,0.04687455735483747,0.1587704436224737,,0.08308099879390875,0.06418508196332652,0.14200904282035343,0.003692369903645413,0.2547082726363164,0.10450526061141567,,,,0.1584,3168.0,0.6080994,0.6277487,0.7125198,0.6741904,0.5998832,0.60628283,0.6154921,0.60486764,0.5011000037193298,0.7900950675010681,0.6098500490188599,0.7900950675010681,0.03,30.0,0.2608943917289421,0.25414851448419284,0.2609762416276325,0.3563369438119503,0.33561962321488376,0.3567980754040746,0.3304281693837142,0.33043014730482584,0.33019197219996366,-0.02257947583060055,-0.020808821600347218,-0.022767673839159435,-0.0209849168885692,-0.03036083085301965,-0.02159163750360599,-0.016551450728449664,-0.016867794309780738,-0.016635551451246948,0.614,0.5418182,0.56899226,0.61282897,0.643496,0.59960634,0.66653544,0.62386364,0.5004500150680542,0.7746349678039551,0.615399956703186,0.7746349678039551,0.03,30.0,0.32254590745039147,0.3198382804436002,0.3279549003362682,0.3698220823081915,0.3643943080512569,0.3705763871638355,0.36036591018807307,0.3593857634101342,0.36158115689126147,-0.014334951937916156,-0.01604553070559095,-0.01543088885628401,-0.009167266896446346,-0.012073770536360823,-0.01116214812404242,-0.011227992232290906,-0.010912620324715922,-0.012943654366301788,0.6044355,0.62972975,0.67773724,0.6385496,0.5682927,0.60657895,0.5914634,0.600365,0.500775009393692,0.7823650176525117,0.612625002861023,0.7823650176525117,0.03,30.0,0.29172014958966674,0.2869933974638965,0.29446557098195036,0.3630795130600709,0.3500069656330703,0.3636872312839551,0.34539703978589364,0.34490795535748,0.34588656454561256,-0.018457213884258354,-0.018427176152969085,-0.019099281347721722,-0.015076091892507772,-0.021217300694690237,-0.016376892813824206,-0.013889721480370286,-0.01389020731724833,-0.014789602908774367,0.60921776,0.58577394,0.62336475,0.62568927,0.6058943,0.6030927,0.6289994,0.6121143,2026-10-05T06:03:34.370440
30,0.6302651166915894,0.4999401271343231,0.75054037733078,0.6306948661804199,0.75054037733078,0.8128903414726257,0.8952749530792237,2.1429173034667968,0.16505473964214326,4.510243403244019,1.9986484470367432,1.0,10.0,,,,,0.5572002943992614,0.5572002943992614,,,,17.58166233215332,0.8606262846974431,0.05736758489203254,,0.05786182163698468,1.180945094413818,0.22008508659756867,0.0006287488637782728,0.023865585974684567,4.843264360716389,,0.000985226255243627,,76.16856092708126,18.920890577279838,,102.3995831726463,76.17011931595529,25.05753760125227,95.09332046994737,38.52609201905074,17.581640535099492,,0.692473179975133,,0.04734557983317193,0.16140569936318003,,0.08433665401616673,0.06499340954669722,0.14324345425435692,0.003797784434323003,0.2565131515833982,0.10567849898224424,,,,0.166,3320.0,0.60497195,0.6263995,0.70824087,0.68242496,0.594743,0.6108687,0.6152896,0.60118127,0.5056000351905823,0.8068162150382996,0.6022500395774841,0.8068162150382996,0.026,26.0,0.226741847167004,0.2076623699587704,0.2233223217813188,0.28942690719353564,0.268595201415195,0.2849877877068456,0.3229747862396229,0.32208535680757383,0.321194858601468,-0.01567990038597581,-0.01080322410350787,-0.01509535293406664,-0.0169969283487792,-0.018921716490619758,-0.016676963463609227,-0.020487319765730427,-0.020718997405889214,-0.021047334580473486,0.6125,0.5386364,0.56201553,0.60723686,0.62967485,0.57086617,0.6649607,0.6253788,0.5006500482559204,0.7772220387458801,0.6178999543190002,0.7772220387458801,0.029,29.0,0.3419676270596185,0.33753197528603585,0.34426518139955087,0.37922079719138,0.37383080645515976,0.3759520687912359,0.3920330315667053,0.39217771429701187,0.3907597953379503,0.002044292320352879,0.0014022975415138592,0.000850333460083223,-0.0009796748536797214,0.0011720768698723642,-0.002963150659001176,0.002282185024637969,0.002616170210388574,-0.0009180986695630586,0.61290324,0.63243246,0.6810219,0.64427483,0.5723577,0.59517545,0.5914634,0.60583943,0.5031250417232513,0.7920191268920899,0.6100749969482422,0.7920191268920899,0.0275,27.5,0.2843547371133112,0.2725971726224031,0.28379375159043485,0.33432385219245786,0.3212130039351774,0.33046992824904076,0.3575039089031641,0.3571315355522928,0.3559773269697092,-0.006817804032811466,-0.004700463280997005,-0.007122509736991708,-0.008988301601229461,-0.008874819810373698,-0.0098200570613052,-0.00910256737054623,-0.00905141359775032,-0.010982716625018273,0.61270165,0.58553445,0.62151873,0.62575585,0.6010163,0.5830208,0.62821203,0.6156091,2026-10-05T06:07:28.900907
31,0.6312626004219055,0.49952998757362366,0.7471106252670288,0.631460428237915,0.7471106252670288,0.8221156421661378,0.9055252861022949,2.177967643737793,0.17289042047262193,4.462580795288086,1.9988066459655762,1.0,10.0,,,,,0.5539979434967041,0.5539979434967041,,,,17.553579907226563,1.2588327017310224,0.07633606937512233,,0.07946473155556258,1.149711953037104,0.1813724583643637,0.0005870538513075299,0.019819187765620697,3.656823178005826,,0.0011170548489638924,,76.13135995075201,18.89661703899408,,102.39488030694852,76.13358025034522,25.019580695279846,95.08760668517678,38.509585872577254,17.553558677624746,,0.6925519993350764,,0.04793940308936842,0.16326940724044847,,0.08561942085718653,0.06588002118715056,0.14487733354993687,0.0037047350527066145,0.26077010942872164,0.10712917751757203,,,,0.15025,3005.0,0.6084202,0.6289972,0.7141046,0.68173385,0.60081774,0.6106263,0.6118672,0.5932994,0.4966500401496887,0.8042460174560547,0.6032000184059143,0.8042460174560547,0.029,29.0,0.2569625161199187,0.2541189675323578,0.2566882121175672,0.31241575126411547,0.28544696856502777,0.3116556659717547,0.30211254462900494,0.3025492271974262,0.3011651902195967,0.007341708313028389,0.010357638406232382,0.007046044246717803,0.0073581339786977255,0.024608287416816928,0.0068842320978655305,0.003874078015151643,0.002777724060831724,0.00363283232743978,0.623,0.55227274,0.53023255,0.59375,0.6394309,0.5909449,0.6736221,0.62310606,0.4981999397277832,0.7817971568107605,0.6131500005722046,0.7817971568107605,0.028,28.0,0.34615662797932156,0.3435636004929291,0.3494548022231991,0.38774026181757004,0.36933645273301774,0.385254296354121,0.37980918269079156,0.37928827006925386,0.3812040096772436,0.0010244267770386849,-0.0006129547329979918,0.00027561971487816546,-0.0003895675708008475,0.0030692618337109364,-0.0023808436998078828,-0.004222692496648039,-0.004361746020264319,-0.005742201083283525,0.5919355,0.6265766,0.6737226,0.6484733,0.58252037,0.5938597,0.58943087,0.5919708,0.49742498993873596,0.7930215871334076,0.6081750094890594,0.7930215871334076,0.0285,28.5,0.30155957204962014,0.2988412840126434,0.3030715071703831,0.35007800654084276,0.3273917106490227,0.3484549811629378,0.34096086365989825,0.34091874863334004,0.34118459994842015,0.004183067545033537,0.004872341836617195,0.0036608319807979843,0.003484283203948439,0.013838774625263933,0.002251694199028824,-0.00017430724074819792,-0.0007920109797162978,-0.0010546843779218724,0.6074678,0.58942467,0.6019776,0.62111163,0.6109756,0.5924023,0.63152647,0.60753846,2026-10-05T06:11:23.393722
32,0.6286326050758362,0.49928218126296997,0.7506005877494812,0.6286171674728394,0.7506005877494812,0.8148971585273743,0.8975047535896301,2.120803314208984,0.1816043045759201,4.48236925163269,1.9990105484008789,1.0,10.0,,,,,0.5645843132019043,0.5645843132019043,,,,17.525837185668944,1.1655654032851102,0.07581863715313375,,0.0785407031571884,1.1240192298676557,0.16777359286121502,0.0006078268109544945,0.02086962075536228,4.090246041109608,,0.0011955720884503003,,76.09425771919786,18.871218298650852,,102.3887485091094,76.09710095642478,24.98193701968831,95.08679437333612,38.46333162344185,17.525815259119508,,0.6926537493991244,,0.04849884459737,0.16471119139604506,,0.08674268842123117,0.06680826501102205,0.1467912966848179,0.003718191004435348,0.2618828618982036,0.10837638952360032,,,,0.1531,3062.0,0.60731757,0.627346,0.7069731,0.6810427,0.5995522,0.6007273,0.6054273,0.5987577,0.4911000728607178,0.7786253123283386,0.6159999370574951,0.7786253123283386,0.03,30.0,0.2573021023160261,0.25190019419322257,0.25714485809099225,0.36780409260414376,0.33954663817559216,0.3568660078474603,0.32074316980984185,0.3208221973030834,0.3199118463221841,-0.019033806904247472,-0.018241997749907812,-0.01891304554983034,-0.011881523314238017,-0.011648126198648646,-0.016700643864082484,-0.004381089549121848,-0.0031769344699632486,-0.004173213651071966,0.62950003,0.55954546,0.5503876,0.625,0.64918697,0.5933071,0.6929134,0.62348485,0.5023500323295593,0.7779714102745057,0.6155500411987305,0.7779714102745057,0.033,33.0,0.3444452575838554,0.342069926812761,0.3465186883369308,0.3858871935551812,0.393514483171681,0.38508621081026567,0.38412514397912906,0.38418254427625703,0.38280489586155064,-0.003702425964651195,-0.005171351762191682,-0.00447191096852544,-0.005632749140722764,-0.005400324073233626,-0.00790255435207252,-0.008386909889406779,-0.00832451657266435,-0.009582157170012484,0.59879035,0.6238739,0.6478102,0.6580153,0.58252037,0.5995614,0.599187,0.60875916,0.49672505259513855,0.7782983613014222,0.6157749891281128,0.7782983613014222,0.0315,31.5,0.30087367994994074,0.2969850605029918,0.3018317732139615,0.3768456430796625,0.36653056067363654,0.370976109328863,0.35243415689448543,0.3525023707896702,0.3513583710918674,-0.011368116434449333,-0.011706674756049747,-0.01169247825917789,-0.00875713622748039,-0.008524225135941137,-0.012301599108077502,-0.0063839997192643135,-0.005750725521313799,-0.006877685410542225,0.61414516,0.5917097,0.5990989,0.6415076,0.61585367,0.59643424,0.6460502,0.616122,2026-10-05T06:15:18.330593
33,0.6315048336982727,0.5005097389221191,0.74844132604599,0.6321873068809509,0.74844132604599,0.805540723323822,0.8871087097167969,2.0408861001968384,0.1401580481529236,4.013195665359497,1.99972066116333,1.0,10.0,,,,,0.4857202143192291,0.4857202143192291,,,,17.49840469970703,1.0481897121425836,0.0926018525523009,,0.07826391818701842,1.123386894441714,0.21041499260979094,0.0008415431246271945,0.026696133827731297,5.005081208268548,,0.0013827744547991753,,76.05753010549363,18.84242541319246,,102.3867115579593,76.06062729950924,24.94535883520819,95.0867180793908,38.44153458905068,17.49838363744651,,0.6930080614272197,,0.04905310498586126,0.1657875475420314,,0.08802267880576431,0.06766423597267479,0.1487271551303803,0.003920977947058951,0.2653301418966548,0.10960870658516124,,,,0.16515,3303.0,0.6076183,0.6396295,0.7078447,0.686098,0.5993575,0.6052929,0.61464155,0.5953361,0.48874998092651367,0.8084520888328552,0.6018500328063965,0.8084520888328552,0.031,31.0,0.2676915966931683,0.260423961293044,0.2730767478223509,0.3591309854986289,0.30591174719487896,0.36427665842832124,0.34201537427326584,0.3447514167980594,0.3391711007380383,-0.010242778132199707,-0.014328670942447295,-0.013393744305142756,-0.00987749380458136,0.0010820536059895339,-0.010621218557481816,-0.009639683988383604,-0.011227555660910804,-0.00848969747663866,0.601,0.5418182,0.548062,0.6144737,0.6544715,0.5610236,0.65314966,0.6314394,0.49915003776550293,0.7895677599906922,0.6091500520706177,0.7895677599906922,0.032,32.0,0.33995111866929945,0.3360409241728354,0.3447944570870918,0.37144834045717723,0.3426894639890965,0.3651740613246016,0.38268482203442533,0.3861704616484282,0.3798082786334713,0.00429668850954019,0.002793990753093207,0.001230966736035713,0.004828879688575741,0.00693661202386973,-0.00023506295538280438,0.0027924070959831388,0.0031181100636977796,-0.0028002151463035812,0.60040325,0.6193694,0.6587591,0.6534351,0.5577236,0.5894737,0.5886179,0.5978102,0.4939500093460083,0.7990099244117737,0.6055000424385071,0.7990099244117737,0.0315,31.5,0.30382135768123386,0.2982324427329397,0.30893560245472135,0.36528966297790305,0.3243006055919877,0.36472535987646143,0.36235009815384556,0.3654609392232438,0.3594896896857548,-0.0029730448113297584,-0.005767340094677044,-0.006081388784553521,-0.002524307058002809,0.004009332814929632,-0.00542814075643231,-0.0034236384462002327,-0.004054722798606512,-0.005644956311471121,0.60070163,0.5805938,0.6034106,0.6339544,0.6060976,0.57524866,0.6208838,0.6146248,2026-10-05T06:19:13.062437
34,0.6295626163482666,0.5013376474380493,0.7489531135559082,0.6301853060722351,0.7489531135559082,0.807013269996643,0.888744875240326,2.0532235649108888,0.1513832798242569,3.862831147003174,1.9962661865234375,1.0,10.0,,,,,0.4738368540763855,0.4738368540763855,,,,17.470888287353517,0.39308567716485,0.03103328299868828,,0.031213109701824417,1.1253712186767797,0.16263588933143647,0.0004483313538107404,0.018147410869384838,4.096442626160421,,0.000691704936978069,,76.0204858962138,18.814771810155005,,102.37774697079021,76.02393875608018,24.907444510490272,95.08337912589882,38.439178321012264,17.47086566269018,,0.6912855065552292,,0.04953565011928036,0.16662498682167878,,0.08862329682536946,0.068474947409645,0.1504807323217392,0.0039709607512945205,0.2705612230073115,0.11088509582410193,,,,0.1652,3304.0,0.6120289,0.6312727,0.71507525,0.6712678,0.5929517,0.6132727,0.6140138,0.5901426,0.4981500506401062,0.7945284504890442,0.6100499629974365,0.7945284504890442,0.029,29.0,0.26070716179369813,0.2564543280469602,0.2641233737780215,0.3666325632309301,0.33275782597614206,0.3705669736573476,0.3001884089914322,0.3043852888243753,0.2998590728842038,-0.0072070099000749455,-0.005096002829813808,-0.011292963607752119,0.0024166649617297976,0.014624887868870564,-0.003392676351717997,0.006330808205176753,0.01011288510483978,0.0012347613114005224,0.617,0.5581818,0.5751938,0.62796056,0.6394309,0.5933071,0.65196854,0.6098485,0.5024999976158142,0.7841734838485718,0.6145999431610107,0.7841734838485718,0.031,31.0,0.3238067483637448,0.3158195308108191,0.32675745013984364,0.37930248633765157,0.3694410764510779,0.3861603195799341,0.3679217580284166,0.37139848877213494,0.3625435691743911,0.009518917060955034,0.007203911769123192,0.007018683567434833,0.009174246582985667,0.014868069677446333,0.006296812329840121,0.010831573889070252,0.009790968192755134,0.006150811264972834,0.6024194,0.6216216,0.6689781,0.64083976,0.57154477,0.6096491,0.60284555,0.5937956,0.5003250241279602,0.7893509671688079,0.6123249530792236,0.7893509671688079,0.03,30.0,0.29225695507872146,0.2861369294288897,0.29544041195893256,0.37296752478429085,0.35109945121360997,0.37836364661864086,0.3340550835099244,0.33789188879825516,0.33120132102929745,0.0011559535804400445,0.001053954469654692,-0.002137140020158643,0.005795455772357732,0.014746478773158447,0.001452067989061062,0.008581191047123501,0.009951926648797457,0.0036927862881866785,0.6097097,0.5899017,0.6220859,0.6344001,0.6054878,0.6014781,0.6274071,0.601822,2026-10-05T06:23:08.320291
35,0.6328073143959045,0.4991551339626312,0.7444699343681336,0.633477509021759,0.7444699343681336,0.803383571434021,0.8847118789672852,2.0211614599227907,0.15568161265850067,3.6774586879730227,1.9996712760925293,1.0,10.0,,,,,0.4579406200885773,0.4579406200885773,,,,17.443740029907225,0.3251309191369137,0.025689129446259444,,0.029567690729311886,1.2304645514791939,0.19156970805043627,0.0005203666026254665,0.019869837951460842,4.953698289622167,,0.0007695215654340321,,75.98369034688184,18.78598413649638,,102.36727949008821,75.98719661250995,24.869349182031716,95.08420416959532,38.41129643142603,17.443719487281363,,0.6929782613827165,,0.05016762566319696,0.16704688330364834,,0.08894930134533317,0.06918467799569392,0.15244104091528873,0.003943517320688553,0.27344438262805815,0.11222281008009698,,,,0.16705,3341.0,0.6134322,0.63022554,0.7126387,0.6864139,0.5955607,0.60751516,0.6182057,0.6023422,0.4922500252723694,0.8055424561500549,0.6043999195098877,0.8055424561500549,0.04,40.0,0.32667856981488846,0.3192917655046186,0.3241646431374604,0.35478264855596814,0.31681424525444407,0.3492875525031703,0.3658350616585028,0.368229295925012,0.36784091542987707,-0.005824073875868854,-0.006894282217007619,-0.007753919946349501,-0.0007990988355039704,0.022249745638617587,-0.0009651182971753111,0.007437684604822794,0.0073718847941565795,0.006752291058036158,0.60550004,0.5477273,0.55775195,0.6013158,0.6589431,0.57362205,0.6594488,0.6257576,0.4943000078201294,0.7880692954063415,0.612000048160553,0.7880692954063415,0.04,40.0,0.3492517647109456,0.34670234150987767,0.34974612524351156,0.4076569311609877,0.41176505974754457,0.40129558128488496,0.40821505725267204,0.40928676469594705,0.40388942904244746,-0.005097270812316136,-0.00593058723074927,-0.005672521562381519,-0.0009047032548199213,0.005225630226622276,-0.004395423992816878,0.0010098051812545558,0.0022709362215400293,-0.0016901462447209878,0.6076613,0.60945946,0.65328467,0.659542,0.56869924,0.5894737,0.5886179,0.60985404,0.4932750165462494,0.7968058757781982,0.6081999838352203,0.7968058757781982,0.04,40.0,0.33796516726291703,0.3329970535072481,0.336955384190486,0.38121978985847793,0.3642896525009943,0.37529156689402765,0.3870250594555874,0.3887580303104795,0.38586517223616223,-0.0054606723440924956,-0.006412434723878445,-0.00671322075436551,-0.0008519010451619459,0.013737687932619931,-0.0026802711449960947,0.004223744893038675,0.004821410507848304,0.002531072406657585,0.6065807,0.5785934,0.60551834,0.6304289,0.61382115,0.58154786,0.62403333,0.61780584,2026-10-05T06:27:03.216493
36,0.6322049498558044,0.4985651969909668,0.7473051663398743,0.6323251724243164,0.7473051663398743,0.8141274827003478,0.8966495536804199,2.159125446891785,0.1614016428232193,3.8143415637969973,1.9952984189987182,1.0,10.0,,,,,0.5005354374885559,0.5005354374885559,,,,17.417240454101563,0.9816489092365002,0.06384801188673658,,0.08548850401980909,1.163513100640789,0.20537229385345604,0.0011140685900193075,0.02831840264213503,4.718945653954888,,0.002840468425150393,,75.94687511662768,18.759568354126753,,102.3655810507999,75.95115238845727,24.833639655143593,95.0858970204736,38.431441556116575,17.417216064064366,,0.6907954443791869,,0.050974721955076144,0.16822991828629924,,0.09019324501418764,0.06996000634067377,0.15457266104069484,0.004347850752484267,0.2802269641001513,0.11367728556417356,,,,0.16615,3323.0,0.61519647,0.6270439,0.71356976,0.68678916,0.5949572,0.60234344,0.608951,0.6081874,0.49709999561309814,0.7904463686943054,0.6093999743461609,0.7904463686943054,0.041,41.0,0.22102774890727456,0.21634757247975842,0.22074041212073867,0.3360420945771332,0.34174081294726666,0.3343411146346823,0.35669913391572805,0.36064913832888673,0.3537222593677586,-0.015024995345405804,-0.014384876666761677,-0.016006157564209856,-0.0068803790757760615,-0.0024628869707203267,-0.00840951905434318,-0.0003084936324184454,-0.0007863928098989077,-0.0020386137187536906,0.6275,0.54636365,0.551938,0.60559213,0.6504065,0.5826772,0.68503934,0.62348485,0.505649983882904,0.7772825870513916,0.6150999665260315,0.7772825870513916,0.044,44.0,0.3843760773314319,0.38404168499794406,0.3868100197216334,0.4223091229230912,0.41982683585108205,0.4189934811538708,0.42643706592614694,0.4286403244183629,0.4257531688970293,0.013490007570956251,0.012235597574867895,0.012380131040099473,0.009341051937739934,0.007459376573105584,0.006005302845241774,0.012620942020941304,0.012622309551824216,0.010272461860192508,0.6032258,0.6171171,0.6583942,0.6576336,0.5727643,0.59122807,0.596748,0.6145986,0.5013749897480011,0.7838644778728485,0.6122499704360962,0.7838644778728485,0.042499999999999996,42.5,0.30270191311935324,0.3001946287388512,0.30377521592118606,0.3791756087501122,0.38078382439917435,0.37666729789427655,0.3915680999209375,0.3946447313736248,0.38973771413239394,-0.0007674938872247765,-0.0010746395459468906,-0.0018130132620551914,0.0012303364309819362,0.002498244801192629,-0.001202108104550703,0.006156224194261429,0.005917958370962655,0.004116924070719409,0.6153629,0.5817404,0.6051661,0.6316129,0.6115854,0.5869526,0.6408937,0.6190417,2026-10-05T06:30:57.826679
37,0.6334375739097595,0.5014297366142273,0.740933071899414,0.6337524652481079,0.740933071899414,0.8088840836524963,0.8908235548019409,2.121259383392334,0.17055025860071182,3.941385229110718,1.99877159576416,1.0,10.0,,,,,0.5276362864971161,0.5276362864971161,,,,17.389914974975586,0.8547554318407539,0.0565127678019748,,0.06960965989299925,1.1624093799834039,0.17106813023899012,0.000795565556588725,0.022686894116982534,4.055509948426751,,0.0015411532459571843,,75.90949011152716,18.736967038197122,,102.36892593286599,75.91521240039995,24.795818037288203,95.07940581497873,38.47749775686082,17.389891812755803,,0.6925352117058577,,0.051760332575839035,0.169923910289813,,0.09213589203016014,0.07069286457292594,0.15670215343214144,0.004492628503780646,0.28916113771450747,0.11523768965415894,,,,0.1648,3296.0,0.611668,0.6312324,0.70986533,0.68969196,0.59877336,0.6049091,0.61642367,0.605886,0.5026500225067139,0.7842583560943603,0.6111499071121216,0.7842583560943603,0.039,39.0,0.21193713612033824,0.20960555191458452,0.203257317356913,0.27592862221517295,0.2469070917834179,0.2648842432080018,0.27066922366530155,0.2823326880780374,0.2636092127254238,-0.01340699751623918,-0.012241162855797495,-0.014695595613331258,-0.00802094458930381,0.006270585286875795,-0.004730655231921854,-0.008019508689397619,-0.007223626277953039,-0.010016880329554828,0.64,0.5690909,0.5546512,0.6029605,0.6227642,0.57952756,0.6854331,0.6371212,0.492900013923645,0.7783573780059815,0.6123999357223511,0.7783573780059815,0.039,39.0,0.30977566973343496,0.3034721913256392,0.3054645354132183,0.3818558088195275,0.3689682004100155,0.3730343481838947,0.366725270204683,0.36668218333918967,0.35907635359465645,0.0012002242843798545,-0.0005296496300322031,-0.000786217030335949,0.001821845310728738,0.009427868283558627,0.0005583998861390189,0.00678287680206102,0.008056861880494882,0.002839947688901163,0.61169356,0.6171171,0.65510947,0.6561069,0.56951225,0.5785088,0.5841463,0.6167883,0.49777501821517944,0.781307867050171,0.6117749214172363,0.781307867050171,0.039,39.0,0.2608564029268866,0.25653887162011185,0.25436092638506563,0.32889221551735026,0.3079376460967167,0.3189592956959483,0.31869724693499224,0.3245074357086135,0.31134278316004016,-0.006103386615929663,-0.006385406242914849,-0.007740906321833604,-0.0030995496392875357,0.007849226785217212,-0.0020861276728914176,-0.0006183159436682992,0.00041661780127092134,-0.003588466320326833,0.62584674,0.593104,0.60488033,0.6295337,0.59613824,0.5790182,0.6347897,0.6269548,2026-10-05T06:34:52.907560
38,0.6323102116584778,0.5015774369239807,0.74391673412323,0.6322272419929504,0.74391673412323,0.8149587917327881,0.8975732303619385,2.166522360420227,0.1857219780921936,4.103768525695801,1.9990181781768799,1.0,10.0,,,,,0.5560039397716522,0.5560039397716522,,,,17.362074566650392,0.7111521822513099,0.07064961359738284,,0.06064076562542587,1.1897067074563092,0.16585458067666953,0.00047975235459599407,0.017673403472538776,4.019461261239021,,0.0008158102285798719,,75.87338276273886,18.716782041416046,,102.36904324088127,75.87927926421925,24.756510327576073,95.07622688439241,38.48162596392783,17.36205239508562,,0.6926517562501749,,0.052492694537730734,0.17256713397563642,,0.09366583093336434,0.07159686121781161,0.15920988038466993,0.004466977207713826,0.29444392889168614,0.11693008139634588,,,,0.1535,3070.0,0.60852045,0.6319976,0.70204043,0.6852883,0.6027843,0.611697,0.61958283,0.59425664,0.5131999850273132,0.761729329586029,0.623699963092804,0.761729329586029,0.043,43.0,0.32172164562868716,0.29481628515792696,0.31220976735365086,0.39606677588073563,0.3284856135126021,0.3773825037604107,0.39676684578501364,0.38464550481513166,0.37573313167949063,-0.009001865359487259,-0.011913632306077707,-0.014304035465434519,-0.010433420315721883,0.005970235947029729,-0.012268501813234842,-0.010982637049380224,-0.012115888410391358,-0.01687354104621166,0.635,0.5686364,0.5887597,0.6496711,0.64268297,0.59960634,0.6748032,0.6215909,0.49650004506111145,0.7852179765701294,0.6119500994682312,0.7852179765701294,0.041,41.0,0.29767883546920065,0.2882116311570261,0.2889749884936088,0.37602609038650353,0.3889864192668857,0.36103594894652746,0.35320985125796,0.3497078841960421,0.33009456030816603,-0.0022022575124691145,-0.003971226264093227,-0.0032213819346538315,-0.0016240355855324203,0.01038539641436994,-0.0037558335247427823,-0.001104204004315544,0.0001190666059949093,-0.003884305531499989,0.6012097,0.6193694,0.65474457,0.6423664,0.5682927,0.6118421,0.6089431,0.58576643,0.5048500150442123,0.7734736530780792,0.6178250312805176,0.7734736530780792,0.041999999999999996,42.0,0.3097002405489439,0.2915139581574765,0.3005923779236298,0.3860464331336196,0.3587360163897439,0.3692092263534691,0.3749883485214868,0.3671766945055869,0.35291384599382836,-0.005602061435978187,-0.007942429285085467,-0.008762708700044175,-0.006028727950627152,0.008177816180699835,-0.008012167668988813,-0.006043420526847884,-0.005998410902198224,-0.010378923288855823,0.6181048,0.5940029,0.62175214,0.64601874,0.6054878,0.6057242,0.6418731,0.6036787,2026-10-05T06:38:47.732884
39,0.630970299243927,0.49825239181518555,0.7454189814567566,0.6315695643424988,0.7454189814567566,0.8002865456581115,0.8812707369804382,2.080990581512451,0.18810959026813506,3.802892363357544,1.997465980911255,1.0,10.0,,,,,0.5597138911724091,0.5597138911724091,,,,17.334418325805665,0.5081225929390283,0.040454203443850874,,0.04118926905297265,1.214585376013616,0.16854877879095684,0.000554364014440661,0.01936953919969357,4.310372752748477,,0.0008594983218980739,,75.83745983148077,18.69107024077397,,102.3614430032718,75.84332722463425,24.71880958945888,95.07549596895838,38.47501375720759,17.33439530536627,,0.6918808666004497,,0.0533500004108924,0.1738863057771306,,0.09422001133489001,0.07238898440531105,0.16121387557618938,0.004475110296492175,0.29873866241449004,0.11841629711306019,,,,0.1668,3336.0,0.6103448,0.63000405,0.7016046,0.6799961,0.6050234,0.6138788,0.62164843,0.5883503,0.49434995651245117,0.7681589403152466,0.621999979019165,0.7681589403152466,0.039,39.0,0.19189826639828675,0.17769122536987877,0.17508980339047409,0.2767128864797396,0.26557652005628024,0.24989311498691907,0.2692016834402255,0.2658340067503488,0.25457642636884453,-0.018703715238116553,-0.017149861550063063,-0.020797444369261835,-0.0037937143241117744,-0.0017075677284581208,-0.005393623141156367,-0.004368607675885367,-0.0028512881506780833,-0.0047879682010963645,0.62850004,0.56545454,0.583721,0.6332237,0.6504065,0.5744095,0.6929134,0.6397728,0.4994499981403351,0.7889149713516236,0.6094000339508057,0.7889149713516236,0.047,47.0,0.3140910233473006,0.29863998451885204,0.3055870440091669,0.35653393898474783,0.36562885801244516,0.35093761835191745,0.34981638009593563,0.345853774258913,0.33506983559519377,0.0018413172787638227,-0.0005904866478496774,0.00021785756075594503,-0.0010519031711388634,0.00899068815576376,-0.00014773524564002372,-0.0030598865955567722,-0.004703239844143313,-0.006030865632651926,0.58911294,0.60225224,0.64562047,0.65877867,0.57642275,0.602193,0.595122,0.5985401,0.4968999773263931,0.7785369558334351,0.6157000064849854,0.7785369558334351,0.043,43.0,0.25299464487279366,0.2381656049443654,0.2403384236998205,0.3166234127322437,0.3156026890343627,0.30041536666941826,0.30950903176808053,0.3058438905046309,0.2948231309820192,-0.008431198979676365,-0.00887017409895637,-0.010289793404252946,-0.0024228087476253187,0.0036415602136528197,-0.0027706791933981953,-0.0037142471357210693,-0.003777263997410698,-0.005409416916874145,0.6088065,0.58385336,0.61467075,0.6460012,0.61341465,0.58830124,0.6440177,0.6191565,2026-10-05T06:42:43.060030
40,0.628012478351593,0.49659037590026855,0.7528910184860229,0.6284300088882446,0.7528910184860229,0.8195360261917114,0.9026590475082398,2.2781758352279664,0.1858678158044815,4.062919532394409,1.996354093170166,1.0,10.0,,,,,0.5796793993473053,0.5796793993473053,,,,17.306754724121095,1.1024448333106414,0.09070521533032463,,0.09172267902043357,1.208327735685239,0.20907313362428337,0.0009024101002683127,0.02664448480436187,4.652325351336959,,0.001974113122041035,,75.80136735272255,18.664448088141764,,102.36296139856812,75.80716549818683,24.6847301410262,95.0742747312898,38.51402360466635,17.306731424513895,,0.6912905873766371,,0.05417147134045127,0.1751529442466748,,0.09599777714462038,0.07312689185332341,0.1637239782673538,0.004627421468638691,0.3066060269714161,0.12007414141468181,,,,0.1695,3390.0,0.60384923,0.61786145,0.7023178,0.68744075,0.5990265,0.6058384,0.6137708,0.59553975,0.5004000067710876,0.7733829445838928,0.619700014591217,0.7733829445838928,0.053,53.0,0.3187631989261366,0.320022228602589,0.3173921909775663,0.421868675636036,0.42701398324274875,0.42362228287705145,0.4236142371960595,0.4246255706787635,0.42502275138996876,0.008556936259054232,0.009231575009442298,0.008176964288925732,0.018444746059342945,0.01614010564668103,0.01702125053203065,0.008961365858155271,0.008675095113748359,0.008177489931324127,0.6325,0.5681818,0.5763566,0.6618421,0.6455285,0.5940945,0.6610237,0.6075758,0.49639999866485596,0.7993652300834656,0.6068999767303467,0.7993652300834656,0.058,58.0,0.36213273287973274,0.35748273379525475,0.36000279627203746,0.4621026396528307,0.4661387670467068,0.45511167912270134,0.4485285175815732,0.4467059518012558,0.4398103316831987,0.006910733054158832,0.005191721483614339,0.006213255976933684,0.018113442899241633,0.019429542274364928,0.01737552231892962,0.00805860734816199,0.007606012369579428,0.006055183917827643,0.59233874,0.61171174,0.6448905,0.65038174,0.56747967,0.6149123,0.6073171,0.5649635,0.4984000027179718,0.7863740873336792,0.6132999956607819,0.7863740873336792,0.0555,55.5,0.3404479659029347,0.3387524811989219,0.3386974936248019,0.4419856576444333,0.4465763751447278,0.43936698099987637,0.43607137738881635,0.43566576124000966,0.4324165415365837,0.007733834656606532,0.007211648246528319,0.007195110132929708,0.01827909447929229,0.01778482396052298,0.017198386425480133,0.008509986603158631,0.008140553741663894,0.0071163369245758855,0.61241937,0.58994675,0.61062354,0.65611196,0.6065041,0.6045034,0.6341704,0.5862696,2026-10-05T06:46:39.668452
41,0.6303550601005554,0.49986758828163147,0.7461649165153503,0.630712628364563,0.7461649165153503,0.8186717652320862,0.9016987554550171,2.2804913627624512,0.17157936486005784,4.487749884414673,1.99023161277771,1.0,10.0,,,,,0.6031764364242553,0.6031764364242553,,,,17.27927497253418,0.9397359729691106,0.05282282229115486,,0.0517380860749822,1.2247149902544203,0.17119299031936439,0.000591059597238756,0.020017160476440456,4.5755123534020345,,0.0009676338236870364,,75.76474431517777,18.639910776903676,,102.37053000091747,75.77085152401287,24.648189763354647,95.06960097391894,38.5156562707986,17.279253419037836,,0.6882496802670182,,0.05483635944450737,0.17728489504498282,,0.09853365770570792,0.0738514161603466,0.16552774978291457,0.004804288206183037,0.3114578951695922,0.12138510936764395,,,,0.1604,3208.0,0.5993785,0.6222312,0.70033675,0.69332546,0.6025896,0.61145455,0.6218915,0.592668,0.48805001378059387,0.7921426782608032,0.6085000038146973,0.7921426782608032,0.053,53.0,0.13594904703313665,0.13223614139915854,0.12359458755964914,0.21512794409269773,0.19768464624758428,0.20195619705294993,0.2051685078074753,0.207770860116935,0.19295615803516625,-0.0058497841878791665,-0.006482310025391078,-0.008254018169863531,0.019970995167646933,0.02523796526332637,0.016037068631522104,0.009667679189670382,0.013796508247566145,0.006252030649634912,0.6185,0.5640909,0.5697674,0.5907895,0.67357725,0.55078745,0.6673228,0.6344697,0.49484995007514954,0.7944625296592712,0.6068999767303467,0.7944625296592712,0.057,57.0,0.2723186921967871,0.2651675481440324,0.2658418226690096,0.36596082761830234,0.34663203490832517,0.3561971411217451,0.32736130345078385,0.32471259214137127,0.32017851024586286,0.010742359047687597,0.009322446522741726,0.010310525265201879,0.018198034324719035,0.02189720118748401,0.01830332501620822,0.010813565911047245,0.009718622805413905,0.008413194547996878,0.5927419,0.6076577,0.6142336,0.66946566,0.57804877,0.5850878,0.58983743,0.6113139,0.4914499819278717,0.7933026039600373,0.607699990272522,0.7933026039600373,0.055,55.0,0.20413386961496188,0.19870184477159547,0.19471820511432936,0.2905443858555,0.27215834057795474,0.2790766690873475,0.2662649056291296,0.26624172612915314,0.2565673341405146,0.002446287429904215,0.0014200682486753243,0.0010282535476691737,0.019084514746182984,0.02356758322540519,0.017170196823865162,0.010240622550358814,0.011757565526490026,0.007332612598815895,0.605621,0.5858743,0.5920005,0.63012755,0.625813,0.5679376,0.6285801,0.6228918,2026-10-05T06:50:33.563851
42,0.6329549551010132,0.5021198987960815,0.7443969167709351,0.6333798766136169,0.7443969167709351,0.8291390236854553,0.9133290440559387,2.418071738243103,0.2075547718167305,4.385798796081543,1.9920284595489501,1.0,10.0,,,,,0.556111066532135,0.556111066532135,,,,17.25290273742676,0.711388795879806,0.04398599141099413,,0.04961931428005978,1.1760120839829658,0.18513324785574226,0.0005853164178811631,0.01958912795492608,5.4407254708041055,,0.0009082622938621849,,75.7286272960104,18.615457959995148,,102.36685462514306,75.73431411062836,24.612850833091006,95.06815124317339,38.51141891965441,17.25288190659444,,0.6891418019677423,,0.05541412219120439,0.17875800239052742,,0.09981337773382284,0.07443013426604544,0.16715206841754307,0.004842666796390798,0.31565725214921747,0.12291805161412354,,,,0.1454,2908.0,0.6087009,0.6244462,0.7048336,0.69237757,0.6016161,0.60767674,0.61634266,0.60945016,0.5003500580787659,0.7835338039398193,0.6145000457763672,0.7835338039398193,0.055,55.0,0.22594809274937364,0.21734438349065086,0.22092082713955502,0.3134137670195471,0.28052028418883973,0.30949023027540706,0.3120526786299049,0.3089795176812082,0.3111843668456203,-0.040392607419291786,-0.04242332584029154,-0.04052176230148796,-0.018246985964758978,-0.013066954537131015,-0.018512586902325403,-0.022271376870032136,-0.022050102163879794,-0.022421322665095663,0.617,0.5581818,0.5724806,0.6134868,0.6390244,0.572441,0.703937,0.6333333,0.4979500472545624,0.7825626411437988,0.6141999363899231,0.7825626411437988,0.056,56.0,0.3080939160232787,0.3030136616366677,0.3026735704108046,0.3824247674483298,0.3816323877442524,0.3736572022828693,0.3516488269592141,0.3497333637492274,0.34365717783262145,0.013447186959715626,0.011722320717230944,0.012488591399298785,0.013251528448828523,0.016929878882705723,0.011734512359356134,0.008610713638999538,0.008043246809581895,0.006581942600493746,0.59395164,0.6148649,0.65474457,0.66221374,0.58983743,0.58859646,0.58617884,0.6138686,0.4991500526666641,0.7830482225418091,0.6143499910831451,0.7830482225418091,0.0555,55.5,0.26702100438632614,0.26017902256365927,0.2617971987751798,0.34791926723393846,0.33107633596654606,0.3415737162791382,0.3318507527945595,0.3293564407152178,0.32742077233912087,-0.01347271022978808,-0.0153505025615303,-0.014016585451094589,-0.0024977287579652273,0.001931462172787354,-0.0033890372714846344,-0.006830331615516299,-0.007003427677148949,-0.007919690032300959,0.6054758,0.58652335,0.6136126,0.6378503,0.6144309,0.5805187,0.6450579,0.62360096,2026-10-05T06:54:28.535285
43,0.6344472765922546,0.5036525726318359,0.7415669966697693,0.6348374485969543,0.7415669966697693,0.8238831097602844,0.9074891417503357,2.3888883995056154,0.17633375000953674,4.2406518947601315,1.9967250574111939,1.0,10.0,,,,,0.5294858488082885,0.5294858488082885,,,,17.226651257324217,0.8357759522286,0.06630222841053252,,0.05878331575833356,1.1666827501764723,0.1848694602869878,0.0006406307425298046,0.020557132143242535,5.371528581449181,,0.0011187727456678084,,75.6908877427411,18.59356723469534,,102.36179055377936,75.69842242587144,24.577831802854114,95.06947404411947,38.47062359949586,17.226630678602085,,0.691504754078616,,0.05588915414965836,0.18058234310833512,,0.10080430158384286,0.07513369420531449,0.1688302476314982,0.00488785102038057,0.31686633198883885,0.12432365299789769,,,,0.15825,3165.0,0.6053729,0.6267821,0.7070325,0.6984795,0.6038941,0.61050504,0.62077767,0.60409373,0.5092000365257263,0.7792156457901,0.6204500794410706,0.7792156457901,0.04,40.0,0.15829808959620692,0.15488337733170532,0.15164253759118293,0.2700286766195966,0.25527471207894553,0.2664126480525342,0.25049027586143535,0.24857876578457458,0.24684923224154462,0.009745519167681361,0.00811796805186156,0.006946026139497879,0.021055926888344803,0.03286788426358026,0.017892295573776463,0.006068951371645552,0.003690353779669444,0.002906776434563294,0.6465,0.5836364,0.581783,0.62927634,0.64918697,0.568504,0.6751968,0.62954545,0.4975999891757965,0.7926433997154236,0.6118499636650085,0.7926433997154236,0.042,42.0,0.31576332569797316,0.308422264584317,0.3116416974554792,0.37109234956590287,0.37184929145513923,0.36876976132176603,0.36907287273671874,0.36635559976152177,0.3619406745225804,0.006762274393857686,0.00427658829911441,0.004080086863397028,0.00878789470198239,0.01852436361624086,0.007588840963445588,0.005834661282659412,0.00539738807445598,0.00197812473569201,0.60806453,0.6238739,0.6514599,0.6561069,0.56869924,0.59692985,0.57723576,0.60583943,0.5034000128507614,0.7859295227527618,0.6161500215530396,0.7859295227527618,0.041,41.0,0.23703070764709006,0.23165282095801115,0.23164211752333108,0.32056051309274974,0.3135620017670424,0.3175912046871501,0.30978157429907704,0.3074671827730482,0.3043949533820625,0.008253896780769524,0.006197278175487985,0.0055130565014474536,0.014921910795163596,0.02569612393991056,0.012740568268611027,0.005951806327152483,0.0045438709270627115,0.0024424505851276517,0.62728226,0.6037551,0.61662143,0.6426916,0.6089431,0.58271694,0.6262163,0.6176925,2026-10-05T06:58:22.703479
44,0.6299475431442261,0.5027350783348083,0.750402185344696,0.6301476955413818,0.750402185344696,0.8437271835327148,0.9295381125450134,2.581295378303528,0.21308786159753798,4.471634350585937,1.9898035659790039,1.0,10.0,,,,,0.5586798986434937,0.5586798986434937,,,,17.20002780456543,1.1526272499779606,0.07462932174850351,,0.08401447140009612,1.1262098239485625,0.17763798505922032,0.0007439148002437606,0.021121483536401562,5.2527760654498055,,0.0011739566112841794,,75.65524462074231,18.576649817691486,,102.36666933290518,75.66250872763858,24.541259328271174,95.06488207191418,38.499875670026064,17.20000597473922,,0.6880460438454986,,0.056616319734959085,0.18413381278514862,,0.10261976448403802,0.07588961203197006,0.17016073453957867,0.004850791432082084,0.3236689225883241,0.12569832602503953,,,,0.14275,2855.0,0.6119487,0.6191301,0.69972265,0.6841035,0.6045561,0.59579796,0.61340624,0.610835,0.5083499550819397,0.7840655951499939,0.6143999695777893,0.7840655951499939,0.047,47.0,0.11386561355267144,0.10993439846800016,0.10817974977306649,0.22761206713710497,0.22068977893717207,0.2228866018985093,0.20984124956014552,0.20604202439735622,0.20385365197097507,-0.009031532870041636,-0.008611858188708361,-0.008763078045694539,0.003128441815104033,0.013219804797898443,0.003858964230227956,-0.0002260774486807809,-0.00019373532261187634,-0.00044939275658516334,0.6105,0.57454544,0.6031008,0.60986847,0.63699186,0.5598425,0.68700784,0.62840915,0.5092499852180481,0.7937643127441406,0.6065999865531921,0.7937643127441406,0.05,50.0,0.2529493849098773,0.24265936472969832,0.2474047199674248,0.3330913059195511,0.32577204210721494,0.33104473157999426,0.3013867542001936,0.2978516331674286,0.29575541150067136,0.006534415056935809,0.00442968596481916,0.005722370968098446,0.009512486147167182,0.013399465969579177,0.009633473433612585,0.00414628086156004,0.0018106975799140326,0.0019565783731561493,0.61008066,0.6171171,0.6321168,0.6419847,0.5731707,0.58464915,0.57601625,0.6113139,0.5087999701499939,0.7889149539470672,0.6104999780654907,0.7889149539470672,0.0485,48.5,0.18340749923127436,0.17629688159884924,0.17779223487024565,0.28035168652832804,0.2732309105221935,0.27696566673925177,0.2556140018801696,0.2519468287823924,0.24980453173582323,-0.0012485589065529133,-0.0020910861119446005,-0.0015203535387980464,0.006320463981135607,0.01330963538373881,0.0067462188319202705,0.0019601017064396296,0.0008084811286510781,0.000753592808285493,0.6102903,0.5958313,0.6176088,0.6259266,0.6050813,0.57224584,0.63151205,0.6198615,2026-10-05T07:02:17.458247
45,0.6320849061012268,0.49920761585235596,0.7463330853462219,0.6324299573898315,0.7463330853462219,0.833429755973816,0.9180965248107911,2.4570757293701173,0.2033834676504135,4.096896420669555,1.9983412315368652,1.0,10.0,,,,,0.5271069680690765,0.5271069680690765,,,,17.17308104248047,0.7488142216020519,0.05818996915836955,,0.05601921390036157,1.1382303298658627,0.18259440673289784,0.0006352485266735089,0.02043211741289895,5.216579735658731,,0.0009953333788570299,,75.62046021868468,18.556978019179812,,102.36766824904521,75.62699958169536,24.50691749183995,95.06451809634069,38.51151297502457,17.17305931771637,,0.6922985376066463,,0.05732797503851022,0.1865867786346727,,0.10400658822173525,0.0767071976972993,0.17196124896502038,0.004930428445790034,0.32889681143365845,0.12723976686881605,,,,0.14555,2911.0,0.6129711,0.6303665,0.6998217,0.69131124,0.5984229,0.60608083,0.6128392,0.60611,0.4931999742984772,0.787471992969513,0.6126999855041504,0.787471992969513,0.052,52.0,0.3486881828900454,0.33889555237803,0.34436836310428537,0.46024881041632015,0.4477034964100452,0.45210206787950424,0.39085027859227117,0.39028181202476403,0.3768880260471887,0.0027581254799307954,0.0020782889151508767,0.004183674952092926,0.016948300607443876,0.01241301362887443,0.015364469998133982,0.0013542006087756571,0.002092503462162621,0.0019608659417927102,0.6355,0.5590909,0.56899226,0.6470395,0.6337399,0.5952756,0.6311024,0.62272733,0.49824997782707214,0.7974174075126648,0.6062500476837158,0.7974174075126648,0.054,54.0,0.31152413312872723,0.287809664652861,0.3059188628233176,0.4214185415178981,0.4052529832412637,0.4141570667535337,0.33222201940859397,0.3275746563451252,0.31510829873892543,0.021193075710045802,0.019111526691674433,0.02111821161257212,0.033408881378068814,0.034597219839711826,0.03424104935960351,0.026012594586207555,0.026612814468551727,0.025947854405859436,0.5895161,0.60720724,0.65912414,0.61374044,0.57845527,0.59342104,0.60081303,0.6010949,0.49572497606277466,0.7924447002410888,0.6094750165939331,0.7924447002410888,0.053,53.0,0.3301061580093863,0.3133526085154455,0.32514361296380145,0.4408336759671091,0.42647823982565447,0.43312956731651897,0.36153614900043257,0.35892823418494463,0.34599816239305703,0.0119756005949883,0.010594907803412655,0.012650943282332523,0.025178590992756343,0.02350511673429313,0.024802759678868747,0.013683397597491606,0.014352658965357173,0.013954360173826072,0.61250806,0.5831491,0.6140582,0.6303899,0.6060976,0.5943483,0.61595774,0.6119111,2026-10-05T07:06:12.584678
46,0.6338851451873779,0.5002075433731079,0.7417576261520386,0.6346798539161682,0.7417576261520386,0.839333539390564,0.9246562890052795,2.523144075012207,0.20917023527622222,4.353594381713867,1.9873795473098754,1.0,10.0,,,,,0.587333072757721,0.587333072757721,,,,17.146495077514647,0.8541515393147043,0.07685051289102311,,0.05756209549274604,1.1398275464203707,0.17868174897257688,0.000663009221750092,0.019324041514473547,5.2442059532092635,,0.0007750834741788712,,75.58357020092618,18.540357735506287,,102.36708443028152,75.5911486194392,24.47200364519836,95.06116631380311,38.51413605319467,17.146472639338985,,0.6868175249190847,,0.057885577036127164,0.18971990846144926,,0.10520823627330694,0.07749772394538686,0.17379823887044457,0.005081447084570766,0.3334514456949416,0.1287686843780955,,,,0.1493,2986.0,0.6057538,0.62690294,0.70465535,0.6933847,0.6054517,0.6127475,0.62498987,0.6018737,0.5041499733924866,0.8013176589012146,0.6082000136375427,0.8013176589012146,0.024,24.0,0.38842502703940107,0.38785557016212713,0.38816832300240806,0.4684345324576404,0.4683373548799664,0.46765159411731305,0.4482293858149153,0.4488752282220228,0.4472286761109186,0.0012744512829090163,0.0008293383363076261,0.0010343787220591905,0.002121632578038334,0.002278887554254217,0.002091162676254087,0.0030877932058790583,0.0032864882315947704,0.003027442852796633,0.605,0.5618182,0.5736434,0.6457237,0.66219515,0.5897638,0.62598425,0.59015155,0.5030499696731567,0.8264121780395508,0.5957500338554382,0.8264121780395508,0.023,23.0,0.37900318733011373,0.37850128133471683,0.3810240920489941,0.40727374476595535,0.4323757526195785,0.4066326250507576,0.42279773157026374,0.42869579916291345,0.41705834551018167,0.01158194678435856,0.01149976721154501,0.01145895056987218,0.01334062305236879,0.016971776931777215,0.011439650394234453,0.012396896084285024,0.012656409205287534,0.010917690120227233,0.57741934,0.60090095,0.62335765,0.6274809,0.5597561,0.61403507,0.61300814,0.5518248,0.5035999715328217,0.8138649184703828,0.6019750237464905,0.8138649184703828,0.0235,23.5,0.3837141071847574,0.383178425748422,0.3845962075257011,0.4378541386117979,0.45035655374977246,0.4371421095840353,0.4355135586925895,0.4387855136924681,0.43214351081055014,0.006428199033633788,0.006164552773926318,0.006246664645965685,0.007731127815203562,0.009625332243015716,0.006765406535244271,0.0077423446450820416,0.007971448718441153,0.0069725664865119335,0.59120965,0.58135957,0.5985005,0.6366023,0.6109756,0.60189945,0.6194962,0.5709882,2026-10-05T07:10:07.121694
47,0.633892297744751,0.4995226562023163,0.739687093925476,0.6340574026107788,0.739687093925476,0.8429703227043152,0.9286971528053284,2.5756827741622925,0.2212123393535614,4.634958124542236,1.9968200117111206,1.0,10.0,,,,,0.6192007610321045,0.6192007610321045,,,,17.119787100219728,0.9416475668460558,0.07020289590656402,,0.05277992449300423,1.1651141658710067,0.15373781826465752,0.000591883993545209,0.018306354763710005,4.236724751010822,,0.0012961182388596408,,75.54801241151846,18.520607614213493,,102.37613682838003,75.55512320160106,24.437419976398445,95.06008196788228,38.53497314453125,17.11976328321323,,0.691528453568744,,0.05850045038921058,0.19233603319924347,,0.10706666695654013,0.07819530486491076,0.1756361500852427,0.005448357519474189,0.3392182725250341,0.13048220430589785,,,,0.1373,2746.0,0.60918206,0.6318365,0.7078843,0.6836493,0.5997469,0.61519194,0.6258607,0.59767824,0.5090000629425049,0.7553900623321533,0.6271501183509827,0.7553900623321533,0.034,34.0,0.24373212590810708,0.2386670482950638,0.230350375733619,0.3472509824351199,0.35661407602676043,0.33320018410398894,0.35405668382910266,0.34821574814637407,0.3173202113600785,-0.010838198568976897,-0.009294860177195137,-0.012527444792754075,-0.012110607244069743,0.0012888936444983169,-0.008343020686717058,-9.224408943786421e-05,0.00274212985643328,0.0017856107726641182,0.643,0.5854546,0.5949612,0.6536184,0.62317073,0.5944882,0.6751968,0.6397728,0.5020500421524048,0.7760051903724671,0.6160999536514282,0.7760051903724671,0.038,38.0,0.33135745154565815,0.3260586963844002,0.3217451441223321,0.41585205393660046,0.409956312330407,0.37479763494718066,0.39055139219853846,0.3890138368849099,0.37125905224357336,0.009772510672379726,0.008764892219569347,0.006083109529879504,0.014248768779748618,0.023555818058078833,0.00877321743675451,0.014391168135724374,0.013982359425404017,0.008301228591330815,0.5991936,0.62297297,0.6645986,0.63893133,0.5837399,0.60394734,0.60121953,0.60802925,0.5055250525474548,0.7656976263523102,0.6216250360012054,0.7656976263523102,0.036000000000000004,36.0,0.2875447887268826,0.282362872339732,0.2760477599279756,0.3815515181858602,0.38328519417858375,0.35399890952558477,0.37230403801382056,0.368614792515642,0.3442896318018259,-0.0005328439482985853,-0.0002649839788128952,-0.0032221676314372854,0.001069080767839438,0.012422355851288574,0.00021509837501872651,0.007149462023143255,0.00836224464091865,0.005043419681997467,0.6210968,0.6042138,0.62977993,0.64627486,0.6034553,0.5992178,0.63820815,0.623901,2026-10-05T07:14:02.316805
48,0.6338301301002502,0.501237154006958,0.7389420526504517,0.6342299580574036,0.7389420526504517,0.8272441375732422,0.9112236179351807,2.448672070503235,0.19383305319547653,4.298993683242798,1.9862374765396118,1.0,10.0,,,,,0.5810785962104797,0.5810785962104797,,,,17.0935173248291,0.6123748680125851,0.04419588049648294,,0.03955054486609379,1.1927032969939482,0.14269111699359432,0.0005261694571629142,0.01656758417167766,4.2270545101469486,,0.00088705395643672,,75.51247430303295,18.493535132924464,,102.36727856678569,75.51914287980195,24.402463281230563,95.0587897331092,38.53775903981203,17.09349639552414,,0.6862528069763426,,0.05916740652766957,0.19327367472041185,,0.10753671711037872,0.07890381493196366,0.1776953776171253,0.005328243785199656,0.343592055663941,0.13223026113904965,,,,0.1537,3074.0,0.61333203,0.631031,0.7126387,0.6801738,0.6038357,0.60896975,0.61701095,0.605275,0.4858500361442566,0.757373984336853,0.625749945640564,0.757373984336853,0.042,42.0,0.2455720693508628,0.24255534543179896,0.23653199606969336,0.3416238067458418,0.3309914438117097,0.3234117641321934,0.3561246791270837,0.35817061230494895,0.3429195869022829,0.010981140284307935,0.01000519946093442,0.009115399710574467,0.009857529688328228,0.02639716242315907,0.013133183361172876,0.006571027129342537,0.006186197968932855,0.004615923279007187,0.655,0.58909094,0.58682173,0.6315789,0.63414633,0.592126,0.6877953,0.6303031,0.5044500231742859,0.7774914817810059,0.6148501038551331,0.7774914817810059,0.044,44.0,0.31116530570508866,0.3055650897618294,0.3044188812598878,0.3827983836852185,0.39743075937134603,0.3784734743763487,0.3719730914734567,0.3631761561789027,0.35860788930258675,0.004958902538345371,0.002776662568014706,0.002550326447054806,0.014283414575827363,0.019167895796247406,0.013113658001133361,0.009117528768088598,0.008175665839097151,0.004532050849816296,0.603629,0.61846846,0.66386867,0.6381679,0.5756098,0.6026316,0.59634143,0.6127738,0.49515002965927124,0.7674327330589295,0.6203000247478485,0.7674327330589295,0.043,43.0,0.2783686875279757,0.2740602175968142,0.27047543866479057,0.3622110952155302,0.36421110159152786,0.35094261925427106,0.3640488853002702,0.36067338424192585,0.35076373810243483,0.007970021411326654,0.006390931014474563,0.005832863078814636,0.012070472132077795,0.022782529109703235,0.013123420681153119,0.007844277948715568,0.007180931904015003,0.004573987064411741,0.6293145,0.6037797,0.62534523,0.6348734,0.60487807,0.59737885,0.6420684,0.6215384,2026-10-05T07:17:57.962262
49,0.634563148021698,0.5025573968887329,0.7386657500267029,0.6349001526832581,0.7386657500267029,0.8316078393936157,0.9160721710205079,2.563893518447876,0.2002262944817543,4.483166806411743,1.9947496376037597,1.0,10.0,,,,,0.5704421320438385,0.5704421320438385,,,,17.067124536132813,0.6251999192343206,0.046740666457457815,,0.05041156950181314,1.1150668707622844,0.15196390509320673,0.0007356212300709656,0.019299824336531816,4.410419013090195,,0.0011948046928068109,,75.47618229374005,18.46652627446849,,102.35960835256394,75.48336544158353,24.36764149756948,95.05291767484823,38.586847851990136,17.067104120922696,,0.6904620919257972,,0.05981574556345393,0.19413740913959066,,0.10825255807417973,0.07964429491834277,0.18007181470940828,0.005261993222531809,0.35147353418313776,0.13406172053069826,,,,0.1576,3152.0,0.6126303,0.6248691,0.7142631,0.6893365,0.60658103,0.6008081,0.617821,0.6110998,0.5019500255584717,0.767961181640625,0.6203999519348145,0.767961181640625,0.054,54.0,0.18882734388058772,0.18304984108004116,0.18718121453623351,0.3164978573277372,0.27458738844429936,0.31005007345856067,0.2699428689926451,0.2693528090246499,0.2686402768922686,-0.01614349506628147,-0.014921127763101703,-0.016037176974648855,-0.001513778861190117,0.007402814192663688,0.0031148568798233848,-0.007489485913516225,-0.006677897920299732,-0.008017889212692201,0.6405,0.5740909,0.579845,0.62796056,0.6548781,0.56496066,0.68700784,0.6318182,0.49775004386901855,0.7854617404937744,0.6100000143051147,0.7854617404937744,0.06,60.0,0.3308744465118682,0.32182316262758975,0.32880313871983297,0.40802606366011673,0.3913612898239608,0.4123748997119319,0.3703921353544728,0.36485044942370104,0.3650023576297266,0.020293245139076325,0.018740323428730495,0.019497221880639813,0.02634177599748309,0.023188575013505158,0.026087001566388116,0.015831404077630947,0.015828302536937722,0.013023544128510617,0.59717745,0.6175676,0.649635,0.6534351,0.5666667,0.59429824,0.57845527,0.6145986,0.4998500347137451,0.7767114610671997,0.6151999831199646,0.7767114610671997,0.056999999999999995,57.0,0.25985089519622795,0.25243650185381544,0.25799217662803325,0.362261960493927,0.3329743391341301,0.3612124865852463,0.32016750217355894,0.3171016292241755,0.3168213172609976,0.002074875036397427,0.0019095978328143963,0.0017300224529954791,0.012413998568146487,0.015295694603084423,0.01460092922310575,0.004170959082057361,0.004575202308318996,0.002502827457909208,0.6188387,0.59582925,0.61474,0.64069784,0.6107724,0.5796294,0.63273156,0.6232084,2026-10-05T07:21:51.677214
50,0.635117769241333,0.5011550188064575,0.7400974022865295,0.6352428197860718,0.7400974022865295,0.8284210572242737,0.9125313069343567,2.5021431854248046,0.18403129521608352,4.4150962581634525,1.9940835735321045,1.0,10.0,,,,,0.5494195109844208,0.5494195109844208,,,,17.041946896362305,0.795859910096902,0.060728209954834765,,0.05499666631162451,1.1526337632328083,0.17746654069822304,0.0008613868747859345,0.022727845381992826,4.86236549391868,,0.0016679038036290065,,75.43975907829916,18.445942119428306,,102.36108262371864,75.44802793271982,24.332849053060933,95.05309407422497,38.592254784456486,17.041923486503066,,0.690153267732851,,0.06059944938132717,0.195967469150853,,0.10976579230112635,0.08043762068649765,0.1825814145575663,0.005468304844418908,0.3559163996748104,0.13612523674964905,,,,0.1645,3290.0,0.6064355,0.6274668,0.71121234,0.69526064,0.6116238,0.60119194,0.61996764,0.6067617,0.5015000104904175,0.7830653405189514,0.6149001121520996,0.7830653405189514,0.048,48.0,0.19810345445904082,0.19068963209633313,0.1908732882139048,0.30991774823789425,0.30238784113756384,0.294407811294237,0.2825009141661043,0.2800408616162575,0.2805340932572628,-0.024584806703369166,-0.02208505866263981,-0.02328016955970917,-0.00982659233857618,-0.007323447882906797,-0.010196467333407384,-0.010593196035877417,-0.008976988042119362,-0.010012907225071947,0.62100005,0.5490909,0.54457366,0.6401316,0.66056913,0.57086617,0.6905512,0.6318182,0.49939993023872375,0.7952973794937134,0.608500063419342,0.7952973794937134,0.051,51.0,0.3451028425457376,0.33891620394550104,0.34029830845078457,0.4219700247258935,0.43383969143328627,0.4194587156289557,0.4231370931364129,0.4167667720202887,0.4101412268668082,0.006745846614533797,0.005267082913628645,0.005891352483067784,0.016462570712494868,0.017880417427300746,0.017454873485945165,0.009786775799179543,0.009075277176039103,0.008868951719118844,0.58790326,0.6108108,0.640146,0.6557252,0.56626016,0.59429824,0.60365856,0.60255474,0.5004499703645706,0.7891813600063324,0.6117000877857208,0.7891813600063324,0.0495,49.5,0.2716031485023892,0.2648029180209171,0.2655857983323447,0.3659438864818939,0.368113766285425,0.3569332634615964,0.3528190036512586,0.34840381681827315,0.3453376600620355,-0.008919480044417685,-0.008408987874505582,-0.008694408538320694,0.003317989186959344,0.005278484772196975,0.0036292030762688906,-0.00040321011834893675,4.914456695987064e-05,-0.0005719777529765513,0.60445166,0.57995087,0.59235984,0.64792836,0.61341465,0.58258224,0.64710486,0.6171864,2026-10-05T07:25:46.487620
51,0.6293522119522095,0.5019000768661499,0.750416907787323,0.6300473213195801,0.750416907787323,0.8186841093063354,0.9017124738693237,2.3292167024612427,0.16770850402116774,4.245976235580445,1.9978317436218263,1.0,10.0,,,,,0.5915215477466583,0.5915215477466583,,,,17.01618285217285,0.7090300462879003,0.06159866033685483,,0.05917154446801847,1.1585285023898835,0.16602337683082385,0.0006649263748516489,0.019980223336298564,4.965411186218262,,0.0009799117152820115,,75.40205485350008,18.42524561304955,,102.35874472454095,75.41246800513784,24.301356297389717,95.05122040183682,38.674826628083636,17.0161622770273,,0.6920668900392617,,0.06103941624996009,0.19768635349668515,,0.11046876468855864,0.08122766781954249,0.18488171924451355,0.0057455248727350475,0.36527271445389764,0.1378890913762864,,,,0.16635,3327.0,0.59879714,0.62118405,0.698435,0.6842812,0.6033684,0.60612124,0.6231471,0.6034827,0.5029500722885132,0.7637583808898926,0.6245500445365906,0.7637583808898926,0.051,51.0,0.24385079011211072,0.23448133566627136,0.23626768055489508,0.32847059756708474,0.3343187108396826,0.3262272466146988,0.33304608137744335,0.3225121617448628,0.32114345659407445,-0.013416017166167105,-0.009206259156040262,-0.012087224724287129,-0.015966768110583267,-0.0076258520984415525,-0.010925210084014654,0.0010604454666997434,0.0025737076575311343,0.0006024028957657717,0.6425,0.5663637,0.5833333,0.64407897,0.64959353,0.58188975,0.6807087,0.6409091,0.4986500144004822,0.7928642563819885,0.6091500520706177,0.7928642563819885,0.051,51.0,0.3346644023244411,0.3288897940021696,0.3272748226666546,0.4108597502694056,0.42070096318638656,0.4019756757217632,0.39656380692806253,0.3902761037886625,0.382686946567908,0.0015245737837162364,-0.0003707276315250378,4.458075178218758e-05,0.012192800051633692,0.013680924177230188,0.012160246788041597,0.00476434139248832,0.004893170027330529,0.0019402725847437808,0.59717745,0.6135135,0.640511,0.64732826,0.5589431,0.604386,0.6097561,0.5970803,0.5008000433444977,0.7783113186359405,0.6168500483036041,0.7783113186359405,0.051,51.0,0.2892575962182759,0.28168556483422047,0.2817712516107748,0.36966517391824516,0.3775098370130346,0.364101461168231,0.36480494415275294,0.3563941327667627,0.3519152015809912,-0.005945721691225434,-0.00478849339378265,-0.006021321986252471,-0.0018869840294747876,0.0030275360393943176,0.0006175183520134714,0.0029123934295940315,0.0037334388424308316,0.0012713377402547763,0.6198387,0.58993864,0.61192214,0.6457036,0.6042683,0.59313786,0.64523244,0.6189947,2026-10-05T07:29:41.375049
52,0.6317326426506042,0.5016927123069763,0.7469109680175782,0.6319153308868408,0.7469109680175782,0.8122169145584106,0.8945267002105712,2.3447406768798826,0.15755961821079253,4.113977319717407,1.9999999279022216,1.0,10.0,,,,,0.6161141201972962,0.6161141201972962,,,,16.99018999938965,0.6750125803207611,0.05292589002389722,,0.05307189029920253,1.0365155753056714,0.18386911306601422,0.0007311331239272396,0.025336283087066026,4.401080028456487,,0.0013454364753397964,,75.36341935661947,18.401402576713807,,102.35581372497947,75.3771124675775,24.270402094361128,95.05797688672497,38.67637670723496,16.990164860039002,,0.69314711033159,,0.061267652448005736,0.19894557090321924,,0.11113566748655526,0.08204557172432067,0.18731370340487,0.005826549076587911,0.36898247261715544,0.13993435927257417,,,,0.18565,3713.0,0.5903769,0.6234595,0.6954042,0.6935032,0.6064642,0.6116364,0.6314702,0.60138494,0.5008500218391418,0.7770306205749512,0.6166500449180603,0.7770306205749512,0.062,62.0,0.2210154160783073,0.21660937929043284,0.21890229397087485,0.3336189371041015,0.2513876519938344,0.31407674070144875,0.2777692513411498,0.26942853561329505,0.27254602165977077,-0.014172507177652413,-0.010473600801841352,-0.015110316514915987,-0.011147270077716499,-0.00876933128900464,-0.013547106093984688,-0.006213033446854161,-0.007300032852602713,-0.00835017642795472,0.615,0.54818183,0.5748062,0.6513158,0.64268297,0.58149606,0.6795276,0.625,0.49229997396469116,0.7882549638748169,0.6090499758720398,0.7882549638748169,0.055,55.0,0.3445643186244389,0.3415228816397832,0.3437389827811524,0.412663162864426,0.40373718827033206,0.405601609257919,0.39562574589388133,0.39088207099844263,0.3934381282148033,-0.003422407662181456,-0.00608422414394076,-0.005160654152287186,0.015789591306872554,0.011722865702620036,0.01107033203086481,0.0026648093696341976,0.001984939477665,-0.0006958236369431574,0.59879035,0.6153153,0.6569343,0.6354962,0.56626016,0.5938597,0.60406506,0.59562045,0.4965749979019165,0.782642792224884,0.61285001039505,0.782642792224884,0.058499999999999996,58.5,0.2827898673513731,0.27906613046510803,0.2813206383760136,0.3731410499842638,0.32756242013208325,0.3598391749796839,0.3366974986175156,0.33015530330586884,0.332992074937287,-0.008797457419916934,-0.008278912472891056,-0.010135485333601587,0.0023211606145780274,0.001476767206807698,-0.0012383870315599392,-0.0017741120386099817,-0.0026575466874688564,-0.004523000032448939,0.6068952,0.5817486,0.61587024,0.64340603,0.60447156,0.58767784,0.64179635,0.6103102,2026-10-05T07:33:35.874194
53,0.632302463054657,0.49885493516921997,0.7442554566383361,0.6326799392700195,0.7442554566383361,0.8269616203308106,0.9109097088813781,2.474235703086853,0.2007500856757164,4.478253657531738,1.9797136682510377,1.0,10.0,,,,,0.6241233849525452,0.6241233849525452,,,,16.963732275390626,1.1419219063345794,0.10919815587817104,,0.08387283505397333,1.0191579366185863,0.18073250867046747,0.0008419033924635251,0.025724508850034446,3.928335848222872,,0.002195510433509999,,75.32715042988966,18.386862991721767,,102.3572428515003,75.34237738931255,24.238614610805634,95.05792134278899,38.71932283632315,16.963713882835048,,0.6828575707544946,,0.061978618572851654,0.2022288414133582,,0.11270208058843187,0.08292716005995016,0.19051214967184005,0.0058458230375152105,0.375466185770217,0.14259358082607293,,,,0.1749,3498.0,0.6015838,0.6231172,0.70938987,0.69806474,0.606912,0.6079798,0.622337,0.58989817,0.505050003528595,0.798033311843872,0.6091500520706177,0.798033311843872,0.052,52.0,0.17347432433919663,0.1544336857326749,0.15611295257711785,0.2985729120721663,0.28639770095029643,0.2723992034257273,0.23081892415132652,0.2286269788333444,0.2057292914015983,-0.032486344110927226,-0.030154425893610757,-0.03243645425444555,-0.011413500043048513,-0.00872353670961477,-0.012227872815522324,-0.012836187887170404,-0.01122985343500435,-0.010654422031574993,0.617,0.54045457,0.55813956,0.63684213,0.6662602,0.57598424,0.6507874,0.61704546,0.4976000487804413,0.7980944766998291,0.6067999601364136,0.7980944766998291,0.056,56.0,0.31128842317597416,0.3050572407575399,0.3070687109331288,0.46447597672042157,0.4852860536015237,0.46540348501243234,0.34239903914797215,0.3436789027634769,0.3264829929133939,0.008054577064741926,0.006327980030405205,0.006561800680134278,0.020109972166233885,0.02142559423497961,0.019450742225452976,0.009446212064741858,0.007318034578986298,0.005643909219385707,0.58588713,0.61666673,0.6489051,0.65267175,0.55406505,0.5903509,0.5995935,0.59927005,0.5013250261545181,0.7980638942718505,0.6079750061035156,0.7980638942718505,0.054,54.0,0.2423813737575854,0.22974546324510742,0.23159083175512335,0.38152444439629396,0.3858418772759101,0.36890134421907983,0.2866089816496493,0.28615294079841064,0.26610614215749606,-0.01221588352309265,-0.011913222931602775,-0.012937326787155637,0.004348236061592686,0.006351028762682421,0.003611434704965326,-0.0016949879112142727,-0.001955909428009026,-0.0025052564060946427,0.6014435,0.57856065,0.6035223,0.6447569,0.6101626,0.58316755,0.6251905,0.60815775,2026-10-05T07:37:31.304506
54,0.636267900466919,0.5015249848365784,0.737828892326355,0.6366251111030579,0.737828892326355,0.815033676624298,0.8976564388275147,2.3713585857391357,0.20020056500434877,4.234756777954102,1.9833802412033081,1.0,10.0,,,,,0.5699903888702392,0.5699903888702392,,,,16.939574520874025,0.8841215990910865,0.0811956119160079,,0.06976969989170884,1.0933148876117293,0.18771381505355714,0.001002724702131881,0.02735532158807774,3.889675303439426,,0.0021255049117374423,,75.29520430838227,18.36899570295006,,102.36584603862399,75.30751717925831,24.20768539768875,95.05882248605133,38.75253429534329,16.939550569862316,,0.6847643381471087,,0.06311391384168795,0.20487780384956653,,0.11409438202145752,0.08374249484318837,0.19317724636405897,0.005838633464518816,0.3813637931635425,0.1452055655087635,,,,0.1897,3794.0,0.61525667,0.63097066,0.7135301,0.68651265,0.60576326,0.6188485,0.62193197,0.59851325,0.5003500580787659,0.7756364316940307,0.621749997138977,0.7756364316940307,0.058,58.0,0.18985664905776578,0.18559984329202298,0.18038474418005035,0.32328869165110585,0.3084077867494475,0.3126367471651083,0.31925589015749717,0.31406690898190553,0.3058700970971887,0.008501318176842878,0.01022571641454064,0.008331725758988604,0.0070032718787185685,0.010708030879835767,0.008082244477041069,-0.0003429318709426688,-0.0011330984032224484,9.748897656949186e-05,0.63100004,0.5663637,0.58255816,0.6391447,0.645935,0.57913387,0.6834646,0.63825756,0.5050999522209167,0.7856389036178589,0.6150499582290649,0.7856389036178589,0.065,65.0,0.3525927783216752,0.33578045095239706,0.3423470986638454,0.4564232019942138,0.43793518213567106,0.43576022870209286,0.37016770668276616,0.36335431072181246,0.3537933282569382,0.0037928340494806033,0.0018504590754312015,0.0033822356482898232,0.01347194679470245,0.013768969821640293,0.01169554439156773,-0.001730479692409647,-0.004081810552409919,-0.004659467711417658,0.5927419,0.61576575,0.65766424,0.65839696,0.5731707,0.6048246,0.5914634,0.6178832,0.5027250051498413,0.7806376676559448,0.618399977684021,0.7806376676559448,0.0615,61.5,0.27122471368972045,0.26069014712221,0.26136592142194787,0.38985594682265984,0.3731714844425593,0.37419848793360055,0.34471179842013167,0.33871060985185897,0.32983171267706346,0.006147076113161741,0.006038087744985921,0.005856980703639214,0.010237609336710508,0.01223850035073803,0.0098888944343044,-0.001036705781676158,-0.0026074544778161837,-0.002280989367424083,0.611871,0.5910647,0.6201112,0.6487708,0.60955286,0.59197927,0.637464,0.62807035,2026-10-05T07:41:25.885642
55,0.6350218057632446,0.5015053153038025,0.7413862408638,0.6354676485061646,0.7413862408638,0.8207444990158081,0.9040017987251282,2.3841961839675903,0.21147132189273835,4.438385210418701,1.9998255790710449,1.0,10.0,,,,,0.5869757400512695,0.5869757400512695,,,,16.915062252807616,0.7345150489193998,0.05346463158857196,,0.05593103587413859,1.1035469094659114,0.1957739913586978,0.0009114356204692369,0.026978078695714093,4.022134743108871,,0.00201144412547909,,75.26034706261507,18.343358665514902,,102.36164637280118,75.27247677942749,24.178530371113187,95.05415655245447,38.86558552152792,16.91505072526871,,0.6930603441918731,,0.06394157515969245,0.20598746959570866,,0.11510446539540199,0.08453524198122085,0.19647469252917418,0.0058615118514295595,0.3922555828170412,0.14784849373398312,,,,0.1784,3568.0,0.6060946,0.63614583,0.71095484,0.6878752,0.6064447,0.6138586,0.6219117,0.5987373,0.4991500973701477,0.8014436793327332,0.6122000813484192,0.8014436793327332,0.056,56.0,0.31151720823094725,0.2989498585705041,0.30332736173653563,0.4018196697491938,0.37392449696006075,0.38409533062239704,0.41009298386273063,0.4010011982455904,0.4039304654620937,-0.016712923953128064,-0.015699813773873472,-0.02009766973726802,-0.00747968555864548,-0.0059114674583144134,-0.0071388201109203455,-0.010501884677447216,-0.011032469499944441,-0.015285506222218687,0.6265,0.5690909,0.56899226,0.62072366,0.6817073,0.5744095,0.6311024,0.62310606,0.4985499978065491,0.8024077429771423,0.6083499193191528,0.8024077429771423,0.059,59.0,0.37110486520408703,0.36038113134483807,0.3641087419187296,0.477862211837537,0.4619774487675031,0.4657543571718273,0.413909925875445,0.4079794590726105,0.3952343189430001,0.0003427486363281666,-0.0018434304506011355,1.4657589474166362e-05,0.01732921440621335,0.025340288320294342,0.02072586712480643,0.00888916153045936,0.007318402674089475,0.004782497936332113,0.59879035,0.6063063,0.6481752,0.6541985,0.551626,0.6048246,0.59268296,0.6029197,0.4988500475883484,0.8019257111549378,0.610275000333786,0.8019257111549378,0.057499999999999996,57.5,0.34131103671751717,0.32966549495767106,0.3337180518276326,0.43984094079336544,0.4179509728637819,0.42492484389711216,0.4120014548690878,0.40449032865910045,0.3995823922025469,-0.008185087658399948,-0.008771622112237304,-0.010041506073896927,0.004924764423783935,0.009714410430989964,0.006793523506943042,-0.0008063615734939279,-0.0018570334129274831,-0.005251504142943287,0.61264515,0.5876986,0.6085837,0.63746107,0.6166667,0.589617,0.6118927,0.6130129,2026-10-05T07:45:21.056494
56,0.6381824016571045,0.5014475584030151,0.7345861127853394,0.6388571858406067,0.7345861127853394,0.8173389700889587,0.9002178737640381,2.325934903526306,0.19407506392002105,4.189719239807129,1.9988090515136718,1.0,10.0,,,,,0.5782905886650086,0.5782905886650086,,,,16.89470337219238,0.6753409449841566,0.04972496425887202,,0.05486682993448844,1.101733072927803,0.204042921993573,0.0008663306298968234,0.029779927283050907,3.807525617871315,,0.0020681937553461605,,75.22448574965168,18.318656982130307,,102.35929758837268,75.23720511661213,24.14898096072446,95.05352443039038,38.92437821892416,16.894691090674918,,0.6925530353928827,,0.06471841806059431,0.20700234260149064,,0.11619878133201296,0.08533575789184328,0.19943654119588766,0.0058339217197221176,0.3994048336508927,0.15106421500254588,,,,0.1826,3652.0,0.6081596,0.6308498,0.7242274,0.6897314,0.6096768,0.6150101,0.62401783,0.6073931,0.49900001287460327,0.7743936944007873,0.6178500652313232,0.7743936944007873,0.053,53.0,0.2390987751526418,0.2240509143123127,0.22993674631287145,0.3393181770124855,0.32825620685345075,0.3254292574609434,0.3676814816156793,0.3625130309650473,0.3508931069387574,-0.0315354690067754,-0.030088280991070263,-0.03181634048467352,-0.008110142469067045,-0.005097461283754657,-0.013738501060569622,-0.009356184529512205,-0.0029489233825793415,-0.011210046176455535,0.6375,0.5713636,0.56937987,0.6269737,0.6540651,0.57755905,0.66811025,0.63522726,0.5031500458717346,0.7806426615715026,0.6136499643325806,0.7806426615715026,0.065,65.0,0.3521675163510373,0.3443134592696162,0.34711764021907077,0.4344816567673595,0.4304815336348708,0.41789935647251136,0.39476630495796944,0.3885367959106778,0.3778235704991947,0.005584955054036425,0.003931636641718703,0.0038938479888071045,0.01305679522945899,0.015385748540829957,0.008524657126571562,0.010368014872614946,0.007302779445678188,0.004858342027165909,0.5927419,0.6265766,0.6653285,0.6580153,0.5617886,0.60087717,0.5943089,0.60255474,0.501075029373169,0.777518177986145,0.6157500147819519,0.777518177986145,0.059,59.0,0.2956331457518396,0.28418218679096446,0.2885271932659711,0.38689991688992253,0.37936887024416077,0.37166430696672736,0.3812238932868244,0.37552491343786254,0.36435833871897605,-0.01297525697636949,-0.01307832217467578,-0.013961246247933209,0.0024733263801959724,0.005144143628537649,-0.0026069219669990302,0.0005059151715513703,0.002176928031549423,-0.003175852074644813,0.61512095,0.5989701,0.61735415,0.6424945,0.60792685,0.58921814,0.6312096,0.618891,2026-10-05T07:49:15.970658
57,0.6394824981689453,0.49816757440567017,0.7299837065696716,0.6400923132896423,0.7299837065696716,0.8284744002342224,0.912590576171875,2.3757931480407715,0.22280261355638503,4.054639730453491,1.9998238048553467,1.0,10.0,,,,,0.5434694409847259,0.5434694409847259,,,,16.87520529785156,0.8026390932737641,0.05932517060535444,,0.05675101833667155,1.058814144817887,0.17291375017090208,0.0007946737580354307,0.02501725420877812,3.8265282494626986,,0.0014163488178070157,,75.19004787760935,18.29260038873952,,102.35862411207454,75.20238110973577,24.116549157792594,95.05280226203287,38.92652487299245,16.875187758427515,,0.693045240678605,,0.06573976619038613,0.20738948530452267,,0.1175798810306628,0.08615994946971821,0.20102303574798971,0.005920614492575265,0.4030593891811978,0.15369211621345227,,,,0.1659,3318.0,0.6052125,0.6239227,0.7182845,0.7029621,0.6134346,0.6168687,0.63349533,0.6045825,0.5102000832557678,0.7641958913803101,0.6263000965118408,0.7641958913803101,0.051,51.0,0.2566139151477072,0.2560432902394279,0.2441103047136754,0.3766053033922729,0.3429359384857195,0.331970324311974,0.33726941291094553,0.3355644539359604,0.30981199240158136,-0.005629996805118179,-0.0066402520171601745,-0.008911167071057375,0.0027401920836206324,-0.010131204065986414,-0.0062829913310305805,-0.010016743174784076,-0.010269370916213471,-0.014269626175826675,0.6395,0.55954546,0.5790698,0.65789473,0.64837396,0.5964567,0.6755906,0.6424243,0.5000000596046448,0.7870114431381225,0.6122499108314514,0.7870114431381225,0.061,61.0,0.33031531923902935,0.3244671625876838,0.32605484057293965,0.44450310151272476,0.42567164744789054,0.41342348179745,0.35819502851785423,0.35288050009369887,0.3417450262366339,0.008791023329233733,0.006690082507748085,0.0076682556313464,0.019952105649141502,0.02800036780767769,0.021765982302849644,0.007676874853045664,0.007224743813207841,0.00455850263239796,0.5899194,0.6171171,0.65766424,0.6553435,0.5666667,0.5956141,0.6073171,0.6010949,0.5051000714302063,0.7756036672592164,0.6192750036716461,0.7756036672592164,0.055999999999999994,56.0,0.29346461719336825,0.29025522641355583,0.2850825726433075,0.41055420245249885,0.38430379296680506,0.372696903054712,0.3477322207143999,0.34422247701482966,0.3257785093191076,0.001580513262057777,2.4915245293955206e-05,-0.0006214557198554872,0.011346148866381068,0.008934581870845639,0.007741495485909532,-0.001169934160869206,-0.0015223135515028152,-0.004855561771714357,0.61470973,0.5883313,0.618367,0.6566191,0.60752034,0.59603536,0.64145386,0.6217596,2026-10-05T07:53:10.458641
58,0.6391055583953857,0.5015951991081238,0.7328339617729187,0.6397124528884888,0.7328339617729187,0.8265491070747375,0.910451366519928,2.292488551521301,0.22054988021850586,4.12659608039856,1.9957130525588989,1.0,10.0,,,,,0.5488257256507874,0.5488257256507874,,,,16.84936017150879,0.72733521995366,0.06015984350400176,,0.054866066665216616,1.103379926484102,0.1907360432372921,0.000794533523545559,0.026138994412698374,3.8679043832857896,,0.0014961199421742574,,75.1529918597762,18.26971191357655,,102.3640794207336,75.16802244733094,24.086618472056784,95.05029049041165,38.968978104318026,16.849342394786277,,0.6909998511053195,,0.06620590208442348,0.2087089396586084,,0.11897228330753412,0.08700607043163032,0.20409459464109628,0.006124959398464413,0.40937606961863815,0.1559291680337517,,,,0.1642,3284.0,0.60962313,0.63489735,0.72155315,0.6944313,0.6101441,0.6127071,0.62203324,0.61050916,0.4963500201702118,0.7802392439842224,0.6145000457763672,0.7802392439842224,0.049,49.0,0.18870343611638155,0.16730935718060308,0.18149473008036218,0.282945152827883,0.2565548019862153,0.2642565275341905,0.2998223961536157,0.28359711630332884,0.2816797435051917,-0.012802308371481394,-0.012500177230180542,-0.011276429914937382,-0.0099738500991882,0.0022960392598633927,-0.0013849997562940593,-0.008756118288679048,-0.011079546446593246,-0.013369920935277323,0.63,0.5686364,0.5635659,0.61776316,0.66097564,0.56692916,0.6728347,0.6333333,0.49980002641677856,0.7775464386940002,0.6145499348640442,0.7775464386940002,0.064,64.0,0.32648267602334324,0.3206512436025855,0.3211526909579593,0.3859342002325016,0.3759168881783356,0.3764658607185144,0.3285122314017049,0.31922828610044895,0.32020024899142224,-0.0007103501499551074,-0.001171481751769242,-0.0018210818248006776,0.006309472090249324,0.007020025921509242,0.00226190609909784,-0.00683759576157193,-0.007592817373352974,-0.009472843141742413,0.60967743,0.6243244,0.6649635,0.6549619,0.5569106,0.59429824,0.5902439,0.61240876,0.4980750232934952,0.7788928413391113,0.6145249903202057,0.7788928413391113,0.0565,56.5,0.2575930560698624,0.2439803003915943,0.25132371051916075,0.3344396765301923,0.3162358450822754,0.32036119412635244,0.3141673137776603,0.3014127012018889,0.300939996248307,-0.006756329260718251,-0.0068358294909748925,-0.00654875586986903,-0.0018321890044694384,0.004658032590686317,0.0004384531714018903,-0.007796857025125489,-0.00933618190997311,-0.011421382038509868,0.6198387,0.59648037,0.6142647,0.63636255,0.6089431,0.58061373,0.6315393,0.62287104,2026-10-05T07:57:05.268759
59,0.6346474885940552,0.501702606678009,0.7405653931617737,0.634737491607666,0.7405653931617737,0.8345824117660523,0.9193772523880005,2.35671275844574,0.26462998262643816,4.288005146408081,1.9977858726501465,1.0,10.0,,,,,0.5364191723823547,0.5364191723823547,,,,16.823306631469727,0.8696441534835442,0.08533254576028343,,0.07498065787990382,1.094413266440106,0.19006932294292814,0.0010051643886495156,0.027900293576204854,3.7274298410696587,,0.001861696795910407,,75.1189420663627,18.24796438520881,,102.36940993776747,75.13341716596275,24.057230530271106,95.04565551174674,39.043656731866726,16.82327853646248,,0.6920432205412798,,0.06715967938019211,0.2103796089720574,,0.12060292373607114,0.08777560820435262,0.2063833215054433,0.006321235192097296,0.4175203135059138,0.15764088074492802,,,,0.15905,3181.0,0.60437053,0.62935966,0.723237,0.69119275,0.6023559,0.61852527,0.6132645,0.59362525,0.5069000720977783,0.8196182842254639,0.5985500812530518,0.8196182842254639,0.036,36.0,0.3132086804174147,0.30429675893285707,0.3130883906168911,0.45730896413681926,0.47107863548929146,0.45438394603161497,0.40800127510641165,0.40054659772844536,0.39817652676056053,-0.006957369956480765,-0.006655150508002547,-0.00391122861897001,-0.001924554777353578,-0.007019868672150056,0.001729620603721876,-0.014891577519381131,-0.012838784601336676,-0.0123648426430647,0.5895,0.54136366,0.54651165,0.63026315,0.66178864,0.58740157,0.6314961,0.58750004,0.5020501017570496,0.8071485190391541,0.6021000146865845,0.8071485190391541,0.035,35.0,0.39205563216628814,0.38142507935932607,0.3900186643664343,0.4671432558384202,0.47407795959855387,0.4533293639505608,0.4732499459286119,0.4649072819751404,0.45988532606617155,0.013434150438678582,0.013341908027968679,0.012705125635723579,0.02189572957887999,0.023641597561688,0.024249639477692674,0.014167843719574493,0.01345062706955128,0.01172786662198998,0.59435487,0.6108108,0.6631387,0.64045805,0.5512195,0.60087717,0.6044715,0.54890513,0.5044750869274139,0.8133834016323089,0.6003250479698181,0.8133834016323089,0.035500000000000004,35.5,0.3526321562918514,0.34286091914609157,0.3515535274916627,0.4622261099876197,0.47257829754392267,0.45385665499108785,0.4406256105175118,0.4327269398517929,0.42903092641336604,0.0032383902410989085,0.003343378759983066,0.004396948508376785,0.009985587400763205,0.008310864444768971,0.012989630040707275,-0.00036186689990331915,0.0003059212341073019,-0.00031848801053735963,0.5919274,0.57608724,0.60482514,0.6353606,0.6065041,0.59413934,0.6179838,0.5682026,2026-10-05T08:00:59.518834
60,0.6372928023338318,0.4975751042366028,0.740169103717804,0.6376948952674866,0.740169103717804,0.8344046270370483,0.9191797119140624,2.3004337324142456,0.20986545050144195,4.453949100875854,1.9934128700256348,1.0,10.0,,,,,0.5755102779388428,0.5755102779388428,,,,16.79661555786133,0.7635109297646459,0.07209238959298392,,0.06144164622446913,1.1018275721057964,0.2147015612216512,0.0009518759202799363,0.02716363113444702,4.439845032183228,,0.001695767415886349,,75.08273412619427,18.230916588169755,,102.37530425247873,75.09866517668317,24.030876754955123,95.05019684809788,39.09776179805683,16.796597681227762,,0.6898498409872602,,0.06786939881409809,0.21281182443260388,,0.12223187796059687,0.0886327459648916,0.20972482822123606,0.006560529024595288,0.4240219477255633,0.15962500091950604,,,,0.15025,3005.0,0.6051924,0.6316955,0.7143423,0.6991114,0.59865654,0.62551516,0.6311057,0.5943788,0.5047499537467957,0.7847517461776733,0.6128000617027283,0.7847517461776733,0.042,42.0,0.24528034677785968,0.24978185241569067,0.2373588052964335,0.3771826751804904,0.3808659924430165,0.36902656767643616,0.33063176908581315,0.32497756251991095,0.31880642949588645,-0.02676030041720348,-0.03037833245190748,-0.028278949726035556,-0.018560018693893298,-0.01824698490783878,-0.01896545180279176,-0.027770910472804063,-0.033353540258497835,-0.029582189934272595,0.609,0.55954546,0.56860465,0.6286184,0.65284556,0.5992126,0.6622047,0.6132576,0.4950999915599823,0.788643922328949,0.6088499426841736,0.788643922328949,0.044,44.0,0.3132533798769741,0.30909148780030776,0.3052947584898214,0.41168286484759015,0.4231729138003611,0.4027741585835308,0.3376128018109579,0.33218068541310475,0.31710889107966017,0.0013963660126858958,-0.0003867486967419163,-0.00023442038190673778,0.006706642553846719,0.014908274671282957,0.004388044157038244,-0.0007879355331641996,-0.0025364236238146036,-0.005105645888399623,0.6092742,0.6220721,0.6605839,0.6396947,0.55406505,0.6144737,0.5943089,0.5740876,0.499924972653389,0.7866978342533111,0.6108250021934509,0.7866978342533111,0.043,43.0,0.2792668633274169,0.2794366701079992,0.2713267818931274,0.3944327700140403,0.4020194531216888,0.38590036312998344,0.3341222854483855,0.32857912396650785,0.3179576602877733,-0.012681967202258792,-0.015382540574324699,-0.014256685053971147,-0.0059266880700232895,-0.0016693551182779117,-0.007288703822876759,-0.014279423002984131,-0.01794498194115622,-0.017343917911336108,0.6091371,0.59080875,0.6145943,0.6341566,0.6034553,0.6068431,0.6282568,0.59367263,2026-10-05T08:04:54.046870
61,0.6424447894096375,0.4994300901889801,0.726786330986023,0.6425299048423767,0.726786330986023,0.841163301372528,0.9266893504142761,2.3370818658828734,0.22950215353965758,4.74720761756897,1.9997394737243652,1.0,10.0,,,,,0.608189256477356,0.608189256477356,,,,16.775138104248047,0.9211508210772162,0.0782277195797462,,0.06285548625976607,1.1572965672061701,0.1746595204113775,0.0009362398671612119,0.024496690779449833,3.97336582583227,,0.0021158366847896775,,75.04744185915419,18.208965702421345,,102.37326880776958,75.06386459253396,24.001886720110658,95.04843829695587,39.12928395362417,16.775112370776522,,0.693017470608851,,0.0688058668925504,0.21385603440794976,,0.1232789691276611,0.08943345018063381,0.2121111552236946,0.006568861760460077,0.4290656014612526,0.16220104058457027,,,,0.14725,2945.0,0.6072574,0.6262787,0.7253368,0.7087875,0.6123832,0.6229899,0.6236938,0.6115071,0.4939499497413635,0.7966498522758484,0.6070998907089233,0.7966498522758484,0.046,46.0,0.27371926932525625,0.26965918895245683,0.2698326635237343,0.3314430056203141,0.3199396561746041,0.3208018865059485,0.310726319258587,0.30721746967329,0.29546672429247356,-0.007581338483477126,-0.010710275492224733,-0.011377074993613987,-0.00217398822819773,-0.0033260662026507516,-0.007454747041088511,-0.007901294501260077,-0.009392505045054067,-0.015252669448633785,0.6095,0.55136365,0.5631783,0.5993421,0.6569106,0.56496066,0.6732283,0.63409096,0.513949990272522,0.7739627561569213,0.6171500086784363,0.7739627561569213,0.047,47.0,0.31953777271805645,0.30776147346376803,0.3157374675119417,0.37931656450547596,0.36307236214198535,0.37361264138048084,0.3750432041263139,0.3632402704259414,0.36213983551540696,0.011243522105673514,0.009950536643916487,0.010552140296562403,0.011981261399796064,0.013709485920642578,0.011011884981530105,0.0028053073704889455,0.0010797031635554478,0.001155501714654065,0.60806453,0.63018024,0.6762774,0.66412216,0.5666667,0.5864035,0.5934959,0.6029197,0.5039499700069427,0.7853063042163848,0.6121249496936798,0.7853063042163848,0.0465,46.5,0.2966285210216564,0.2887103312081124,0.292785065517838,0.355379785062895,0.34150600915829477,0.34720726394321466,0.34288476169245047,0.3352288700496157,0.32880327990394026,0.0018310918110981938,-0.000379869424154123,-0.0004124673485257921,0.004903636585799167,0.0051917098589959135,0.0017785689702207968,-0.0025479935653855658,-0.004156400940749309,-0.00704858386698986,0.6087823,0.5907719,0.61972785,0.6317321,0.61178863,0.57568204,0.6333621,0.61850536,2026-10-05T08:08:48.702842
62,0.6395301818847656,0.5038498640060425,0.7302435371398925,0.6403022408485413,0.7302435371398925,0.8451333228111267,0.9311004863739014,2.3582247259140017,0.242038240981102,5.086252993011475,1.9999219367980956,1.0,10.0,,,,,0.6501315683364868,0.6501315683364868,,,,16.749188369750975,1.369243961563156,0.11150710726050055,,0.08207169715255784,1.1992992530962465,0.15349508862301803,0.0009767734202790626,0.0234951216869863,3.358501156424261,,0.0017346540763199323,,75.01147276276996,18.194114770099617,,102.38060629291898,75.02874644091175,23.969141358782533,95.04418804387377,39.14384130004105,16.749170497724204,,0.6931083251716225,,0.06951789083374534,0.2163779897864457,,0.12497592157429191,0.09019966817395703,0.21353224014780323,0.006735685800504722,0.43302955995699405,0.1640086263228374,,,,0.14875,2975.0,0.6013833,0.6239428,0.7194334,0.71034753,0.614486,0.61939394,0.6228838,0.60839105,0.5031999349594116,0.7940732707977295,0.6061500906944275,0.7940732707977295,0.052,52.0,0.23830326523975498,0.23499718138184794,0.23858746846843518,0.324794719423096,0.31084334523400003,0.3213917847339547,0.29901311918449075,0.29090815760462946,0.2861407193648113,0.027531794488254237,0.026530388380822393,0.02700105051338902,0.030669798722003417,0.03826556594114008,0.031081451347049323,0.02847240220577796,0.030890925930115602,0.029481143663860804,0.593,0.525,0.5608527,0.60625,0.6691057,0.5748032,0.6669292,0.6409091,0.4938500225543976,0.7757849388122559,0.6163000464439392,0.7757849388122559,0.052,52.0,0.3041616583570446,0.30140095174190673,0.3065649751805635,0.3770493661803176,0.34825268543557925,0.37237851561423363,0.34898730520912996,0.3415350619086207,0.33828993998889906,0.0031061767796941135,0.0019429596255993572,0.002769724125436698,0.00855181051642499,0.011289310744911013,0.010307952143073692,-0.0050376651688598135,-0.00619346455878511,-0.00717495533565725,0.59879035,0.60990995,0.6722628,0.6709924,0.5719512,0.58201754,0.6093496,0.6036497,0.4985249787569046,0.7849291048049927,0.6112250685691833,0.7849291048049927,0.052,52.0,0.27123246179839977,0.2681990665618773,0.27257622182449937,0.3509220428017068,0.3295480153347896,0.34688515017409416,0.32400021219681036,0.31622160975662505,0.31221532967685517,0.015318985633974175,0.014236674003210876,0.014885387319412859,0.019610804619214203,0.024777438343025544,0.02069470174506151,0.011717368518459073,0.012348730685665246,0.011153094164101778,0.5958952,0.56745493,0.6165577,0.6386212,0.62052846,0.5784104,0.63813937,0.6222794,2026-10-05T08:12:43.914756
63,0.637797474861145,0.5023550987243652,0.7362014352798462,0.6383525729179382,0.7362014352798462,0.8485784442901612,0.9349284032821655,2.4474179737091064,0.2290205765724182,5.241103679656982,1.997748141860962,1.0,10.0,,,,,0.7297127843856811,0.7297127843856811,,,,16.723459533691408,0.4494061267039009,0.060081553907922594,,0.04007541794614617,1.1683967867095,0.1749187201546256,0.000796644000509297,0.022345415909721212,4.0368483115913,,0.0015229265947802478,,74.97556105692675,18.188186208153986,,102.38540362704332,74.99436868072316,23.935225711506643,95.04062458208412,39.176206503704094,16.723443037385394,,0.692024461782662,,0.07043337556207256,0.2203891150131347,,0.12644203216027303,0.091044286443929,0.2151258963688164,0.006857146983550992,0.43805254511772446,0.16583430178605826,,,,0.1506,3012.0,0.59450686,0.6238019,0.7164026,0.7100909,0.6098715,0.62565655,0.6289186,0.5954582,0.49890002608299255,0.7815194931030274,0.6137500405311584,0.7815194931030274,0.052,52.0,0.21721148250723568,0.21393453964929243,0.21793994098223793,0.3182375080032424,0.27264892238826444,0.30580702918245667,0.2710075141609245,0.25969958371954843,0.26363900019219083,0.013314869270643308,0.01406205948795054,0.013241672128294016,0.017354574810388917,0.020460363555792286,0.020151881197564746,0.024190724366733377,0.028160924766844304,0.02444066070471624,0.6115,0.5477273,0.57325584,0.62039477,0.66463417,0.5893701,0.67007875,0.6242424,0.498850017786026,0.7882400870323181,0.6100999712944031,0.7882400870323181,0.055,55.0,0.29616182652841827,0.2926870105519086,0.30113283960626497,0.39420593223292666,0.3744802288633002,0.3855259222333388,0.3381914915666257,0.33401738419355453,0.3353324774106336,0.0025775586255807536,-0.00016538218076063766,0.002037256262386179,0.010219556185651476,0.012414944555527621,0.008935983320888822,-0.000539613671378415,-0.0024610886494927007,-0.0011032213631532442,0.60201615,0.61216223,0.6645986,0.65267175,0.56707317,0.59210527,0.5934959,0.5890511,0.4988750219345093,0.7848797900676727,0.6119250059127808,0.7848797900676727,0.0535,53.5,0.25668665451782696,0.2533107751006005,0.25953639029425146,0.3562217201180845,0.32356457562578234,0.34566647570789777,0.30459950286377513,0.29685848395655146,0.2994857388014122,0.00794621394811203,0.006948338653594951,0.007639464195340097,0.013787065498020196,0.016437654055659952,0.014543932259226785,0.01182555534767748,0.012849918058675802,0.011668719670781497,0.6067581,0.57994473,0.61892724,0.63653326,0.61585367,0.5907377,0.6317873,0.6066468,2026-10-05T08:16:38.650740
64,0.6243798732757568,0.5004525780677795,0.7750983709335327,0.6247851848602295,0.7750983709335327,0.8016193223953247,0.8827516049385071,1.9081347713470458,0.22197756215333939,4.406760610198974,1.9967905717849732,1.0,10.0,,,,,0.731348614025116,0.731348614025116,,,,16.702332696533205,2.5125625754237935,0.24079014804321014,,0.12967912163466785,1.113582199166535,0.20502442885546168,0.0015740648532474627,0.04000659748484754,3.103095517606492,,0.003738684140021207,,74.94164854401996,18.173104292268206,,102.39459903984313,74.96121308150565,23.908725471253607,95.04364961271833,39.17856860312686,16.70232217630763,,0.6915461265357437,,0.07199181065817548,0.2233987718251101,,0.12804090691979525,0.09192807160934825,0.2176731871381687,0.006927517557125183,0.44114286618627563,0.16895335514074677,,,,0.2067,4134.0,0.5758621,0.59931535,0.65542793,0.7128752,0.6077882,0.614404,0.6241191,0.60680246,0.4927000105381012,0.7616374526023865,0.6377999186515808,0.7616374526023865,0.072,72.0,0.23261283043430592,0.2295925954657791,0.2346504673242694,0.30336391857733985,0.28869117377532144,0.3024541429062927,0.26981592783552816,0.265819937285163,0.2656776058570612,-0.020494219617839954,-0.021679627964536055,-0.02048581668299963,-0.024401136854971788,-0.02750171081105922,-0.025418570368606223,-0.026596664411006297,-0.02878741304125017,-0.028926245363985175,0.6395,0.57863635,0.6135659,0.6513158,0.698374,0.60551184,0.65000004,0.6568182,0.4975000023841858,0.8068001523017884,0.6159000396728516,0.8068001523017884,0.075,75.0,0.25748220920933057,0.2527388835852913,0.2618212520657545,0.3059046205443338,0.27853920426799117,0.2985280387563078,0.2899514205215285,0.28518439672660745,0.2815285301022134,0.00167531997492409,0.0006815558752825598,0.0013057999580264594,0.0008229816791512217,0.0011235745999433734,0.001707009561080457,-0.0012392204876535006,-0.0020675049645370596,-0.0030773533973877812,0.6,0.60675675,0.6445256,0.6832061,0.5463415,0.62368417,0.60040647,0.6145986,0.4951000064611435,0.7842188024520874,0.6268499791622162,0.7842188024520874,0.0735,73.5,0.24504751982181824,0.2411657395255352,0.24823585969501194,0.30463426956083683,0.2836151890216563,0.3004910908313002,0.27988367417852833,0.27550216700588526,0.2736030679796373,-0.009409449821457931,-0.010499036044626748,-0.009590008362486585,-0.011789077587910283,-0.013189068105557922,-0.011855780403762884,-0.013917942449329899,-0.015427459002893615,-0.01600179938068648,0.61975,0.59269655,0.6290457,0.66726094,0.6223577,0.61459804,0.62520325,0.6357084,2026-10-05T08:20:34.458881
65,0.6467201113700867,0.49980229139328003,0.7374507866859435,0.6467675566673279,0.7374507866859435,0.7961176381111145,0.8766386192321778,1.8224732366561889,0.17945884726047515,4.287915398788452,1.9999796005249024,1.0,10.0,,,,,0.7378135154724121,0.7378135154724121,,,,16.68870622253418,3.174820420373777,0.30103202274508156,,0.17230657879619082,0.878201422417999,0.22848428652924338,0.0015927158465911485,0.04390887403564089,2.2197446836407777,,0.004692850778955272,,74.91095548982074,18.17798038652748,,102.44836119633571,74.93063121236813,23.897454012731078,95.04562883316332,39.34157710470212,16.68869104810581,,0.693137029933322,,0.073513437655701,0.22854717389033857,,0.1335415940755492,0.09293584060517086,0.22173529863357544,0.007181320748748673,0.4535573346979299,0.17611835991880695,,,,0.20185,4037.0,0.6015036,0.62313735,0.7016046,0.7211888,0.6224494,0.6287071,0.6558931,0.6179837,0.5011499524116516,0.7148308825492858,0.6681500673294067,0.7148308825492858,0.072,72.0,0.33473699742319984,0.33642840294105003,0.336441262121023,0.2938287296966647,0.2586170846380032,0.29400788552415447,0.31822900131714543,0.31430432418437726,0.31444138599928356,-0.013659189320936018,-0.015358267670314354,-0.016182912112193006,0.003214007290475402,0.01484511006991563,-0.003088531746414554,-0.014024816745547957,-0.0132374102859105,-0.016078509758712764,0.7055,0.6245455,0.6437985,0.68157893,0.7252033,0.6314961,0.6755906,0.6594697,0.4973999857902527,0.7499991784095764,0.6510500311851501,0.7499991784095764,0.088,88.0,0.22298053325093936,0.23968160083221166,0.24308827446394446,0.2091512104280794,0.20415212508938224,0.21608467020733393,0.20450733716601352,0.20703728656070824,0.21160638641210713,0.004973265954838021,0.004577694635803753,0.004752346368637446,-0.0009287098214040743,-0.0009602517186454537,-0.0024289018800894248,-0.00024734437717201246,-6.473130938065357e-05,-0.0045000942662262195,0.6395162,0.6486486,0.7240876,0.7030534,0.58170736,0.64868426,0.62520325,0.6281022,0.49927496910095215,0.7324150304794311,0.6596000492572784,0.7324150304794311,0.07999999999999999,80.0,0.2788587653370696,0.28805500188663086,0.2897647682924837,0.25148997006237206,0.23138460486369272,0.2550462778657442,0.26136816924157946,0.2606708053725427,0.26302388620569533,-0.004342961683048999,-0.0053902865172553,-0.00571528287177778,0.0011426487345356639,0.006942429175635088,-0.0027587168132519897,-0.007136080561359985,-0.006651070797645577,-0.010289302012469491,0.6725081,0.63659704,0.68394303,0.6923162,0.6534553,0.64009017,0.65039694,0.64378595,2026-10-05T08:24:29.157887
66,0.6638925671577454,0.49745020270347595,0.7132541066169739,0.664872944355011,0.7132541066169739,0.7824887580871582,0.8614954169273377,1.8491322465896607,0.16588283010721205,3.682171017074585,1.997672679901123,1.0,10.0,,,,,0.7384066269874573,0.7384066269874573,,,,16.675447760009767,2.3715697480899514,0.30597202110869487,,0.2603295264397837,0.7468429875981276,0.24881742714316982,0.0024633147986605763,0.060929913601725345,1.6973795029008465,,0.007002881800223462,,74.87785616346225,18.16071517604172,,102.49119310318285,74.8984243793852,23.883535628106184,95.04379729252712,39.59558615714881,16.675431743548934,,0.691984348616023,,0.07457064277237388,0.23162296689619685,,0.13737347370879666,0.09415673455045481,0.22525252800458556,0.00721068760961484,0.47061519087499876,0.1816621077288488,,,,0.24095,4819.0,0.6319768,0.6674587,0.7381141,0.7346564,0.6310553,0.63753533,0.6581815,0.6180652,0.5005999803543091,0.6833114504814148,0.6833500862121582,0.6833114504814148,0.097,97.0,0.36746279346654,0.36442978097222295,0.36971511513419086,0.3776909052775185,0.3179149057197875,0.3678987994696333,0.36571887445848006,0.3643318597195704,0.3608919070825428,-0.021796105606754337,-0.02429717975265366,-0.02243239012278292,-0.003120604188116958,-0.007820640544486212,-0.003929105884613372,-0.010983562966820324,-0.01273202862478485,-0.01533912415731398,0.749,0.6522727,0.6449613,0.7026316,0.71056914,0.6409449,0.72204727,0.65303034,0.4908500015735626,0.7223659844398499,0.662850022315979,0.7223659844398499,0.106,106.0,0.3115391579514475,0.31988774629791344,0.33043337519592797,0.29029314497621644,0.27999423432014475,0.3036328506423329,0.2965648446004786,0.3009739859665164,0.29023810754005924,-0.0042362144059999475,-0.0029314020986579165,-0.0037957508361234253,0.0018941958078700356,0.0009646513661140045,-0.0009051081991550351,-0.00037676594725995216,0.0007851381308834382,-0.0037290005678497326,0.642742,0.67072076,0.7441606,0.7183206,0.59837395,0.6513158,0.6394309,0.6288321,0.49572499096393585,0.7028387174606323,0.6731000542640686,0.7028387174606323,0.1015,101.5,0.33950097570899374,0.3421587636350682,0.3500742451650594,0.33399202512686743,0.2989545700199661,0.33576582505598307,0.33114185952947933,0.3326529228430434,0.325565007311301,-0.013016160006377142,-0.01361429092565579,-0.013114070479453172,-0.0006132041901234613,-0.0034279945891861037,-0.0024171070418842035,-0.005680164457040138,-0.0059734452469507055,-0.009534062362581856,0.695871,0.66149676,0.69456095,0.7104761,0.6544715,0.6461303,0.68073905,0.64093125,2026-10-05T08:28:24.524254
67,0.6742897629737854,0.4994925260543823,0.6842913666725159,0.6752126216888428,0.6842913666725159,0.7834555875778199,0.8625696727752685,1.8199964624404907,0.15385590816736222,3.9997599601745604,1.9996205505371094,1.0,10.0,,,,,0.7651753244400025,0.7651753244400025,,,,16.653531604003906,1.5297939714732443,0.156520820222795,,0.1722024455073343,0.7518882026338274,0.25290659966931983,0.0024699638278822705,0.05636236665972099,1.9258395706772045,,0.007372960399418838,,74.84477919074381,18.14680342461653,,102.52723246774856,74.8656201210751,23.865837170060274,95.04205608975356,39.89339818772237,16.653514108840067,,0.6929378657583978,,0.07554721903459281,0.233776364261937,,0.1403675664951847,0.09554219407260797,0.22863704573576618,0.007522977467412781,0.48958908505500504,0.18526798012150322,,,,0.2343,4686.0,0.65495193,0.6756142,0.74437404,0.74853873,0.6489097,0.63301015,0.6631835,0.6308147,0.4950999915599823,0.6588658747673035,0.6844500303268433,0.6588658747673035,0.098,98.0,0.3730147302264166,0.37966759438994524,0.37822845535485794,0.35812775883653825,0.32461117701144376,0.3614514827917073,0.35644058451384175,0.3509940252300818,0.3480648386649838,0.00297333965198708,-0.0008780159422827943,-0.0021773012288740143,0.02985416994241498,0.03047996412843219,0.027593301527247018,0.016360015805955353,0.01770322430509598,0.010310617202237261,0.768,0.64500004,0.6620155,0.7177631,0.6914634,0.6232284,0.7279528,0.6481061,0.49650007486343384,0.6913476753234863,0.6660999655723572,0.6913476753234863,0.105,105.0,0.3187680094873967,0.33033995435890423,0.33592366660979084,0.2712301530893995,0.25999847198708176,0.28273721128024176,0.3041752444750284,0.30656292027031057,0.30924890030198693,-0.0030213731661062953,-0.005215125825420163,-0.005180175439427825,0.007840105647351844,0.0021065863055043043,-0.002426969750236849,-0.005686975484128997,-0.007399553110487537,-0.01314097086441874,0.6556452,0.67747754,0.7481752,0.69541985,0.61747974,0.6526316,0.63821137,0.6361314,0.49580003321170807,0.675106775045395,0.6752749979496002,0.675106775045395,0.1015,101.5,0.34589136985690666,0.35500377437442476,0.35707606098232436,0.3146789559629689,0.29230482449926276,0.3220943470359745,0.3303079144944351,0.32877847275019617,0.3286568694834854,-2.401675705960768e-05,-0.0030465708838514787,-0.0036787383341509196,0.018847137794883412,0.01629327521696825,0.012583165888505084,0.005336520160913178,0.005151835597304221,-0.0014151768310907394,0.7118226,0.6612388,0.70509535,0.7065915,0.6544716,0.63793,0.6830821,0.64211875,2026-10-05T08:32:18.967941
68,0.676567554473877,0.4997824728488922,0.6780578644275665,0.6766400337219238,0.6780578644275665,0.799591761302948,0.880498755645752,1.9099135608673097,0.17776722927093505,4.800666799163818,1.9989521863937378,1.0,10.0,,,,,0.8285325485229492,0.8285325485229492,,,,16.62489305419922,1.00813168429645,0.1049284925625013,,0.20635427686439198,0.7260846047644403,0.2519188064868283,0.002237469392419336,0.05370705091886839,1.9596707577917987,,0.006232042006842769,,74.81140574072576,18.13190338717904,,102.53527856328685,74.83247866296465,23.845851752408752,95.0436309522884,40.10664253477837,16.624867421046943,,0.6926130568905241,,0.0764853051703447,0.23623236150118956,,0.14232248039382278,0.09685268528332376,0.23185958604144444,0.007742916423661314,0.5034311763040579,0.18754379821431105,,,,0.20805,4161.0,0.6648356,0.67784935,0.7485539,0.7483807,0.6477609,0.63432324,0.66547185,0.6235845,0.5017499923706055,0.6781177487373352,0.6794500946998596,0.6781177487373352,0.07,70.0,0.3475158050507094,0.34978684342916744,0.3516336615572742,0.3307852694307407,0.2852796383960919,0.32580750626968297,0.3518526819052371,0.3471146983780789,0.34150140212185365,-0.027101386480745757,-0.028381986967910573,-0.031144589314991082,-0.011014291908192262,-0.0022533619849366276,-0.010902518246698445,-0.013380976360419301,-0.015736669575684124,-0.021377575419607994,0.7485,0.6404546,0.6375969,0.7148026,0.6930894,0.62598425,0.7401575,0.6401515,0.49375006556510925,0.6984203624725341,0.6671500205993652,0.6984203624725341,0.083,83.0,0.3527110688075903,0.36487693406101157,0.3699837547374913,0.3115970091553287,0.30026875835141453,0.31196356542343273,0.3443089843532215,0.3465735720179992,0.34390068066931756,-0.011596109135321704,-0.010960517667607533,-0.011734255168259173,-0.0026135450305622985,0.002930836521269366,-0.007548105486626238,-0.0095928706471144,-0.009870804613890508,-0.013824123170583753,0.65403223,0.6621622,0.74452555,0.7316794,0.62682927,0.6407895,0.64268297,0.6240876,0.49775002896785736,0.6882690556049347,0.6733000576496124,0.6882690556049347,0.07650000000000001,76.5,0.35011343692914987,0.3573318887450895,0.36080870814738275,0.32119113929303467,0.2927741983737532,0.3188855358465579,0.34808083312922933,0.346844135198039,0.3427010413955856,-0.01934874780803373,-0.019671252317759052,-0.02143942224162513,-0.0068139184693772805,0.0003387372681663691,-0.00922531186666234,-0.01148692350376685,-0.012803737094787316,-0.017600849295095873,0.7012661,0.6513084,0.69106126,0.723241,0.6599593,0.63338685,0.6914202,0.63211954,2026-10-05T08:36:15.429551
69,0.6809675097465515,0.49859756231307983,0.6657068389892579,0.680959939956665,0.6657068389892579,0.8203424556732177,0.903555080127716,2.0620601779937746,0.1736159483194351,4.812950351715088,1.9988202041625978,1.0,10.0,,,,,0.7829274370193482,0.7829274370193482,,,,16.59478342895508,1.108653205500287,0.09833669919330792,,0.1497229059837806,0.7090791524595516,0.2657477650198208,0.0016179109918351053,0.04780370392095132,2.29105617779835,,0.004174519468367301,,74.7786461896957,18.10741657815921,,102.53863209523972,74.79925901570897,23.82269019837592,95.04764498570923,40.145470540234996,16.59476212179585,,0.6925591439198536,,0.07741997016083663,0.23709134833448253,,0.1434225697236456,0.09813568095682533,0.2350319721706354,0.007772668166928421,0.5080831950637186,0.18988262439609332,,,,0.1791,3582.0,0.67165196,0.68258154,0.7514461,0.75781995,0.6522975,0.63367677,0.6695626,0.6261507,0.49590003490448,0.6651274313926697,0.6843001246452332,0.6651274313926697,0.064,64.0,0.3623901075820642,0.35693143973538594,0.3615243075947623,0.31630805700731807,0.2672683771969331,0.315296975672529,0.3315060229434966,0.32431027886273456,0.3242828604769327,-0.022975038737128,-0.02076196158415367,-0.022468997641885556,-0.018834992242635067,-0.0036483055563310933,-0.020428063197187613,-0.006498579107011353,-0.004840360231893147,-0.006367471969602258,0.746,0.6363636,0.64573646,0.7029605,0.70081306,0.6188976,0.7751969,0.6537879,0.49515002965927124,0.6951674208641052,0.6671000123023987,0.6951674208641052,0.079,79.0,0.36454321677525936,0.374005865941434,0.37472135484902097,0.29439255120908164,0.2786822619685433,0.3031983446811434,0.3226318475482085,0.3249832719737623,0.32564414831503835,-0.014326983547230148,-0.014849622442337477,-0.015394246646841872,0.00046895892358870297,0.0029585984361636983,-0.004336302016320523,-0.008533829192015344,-0.010147216477970537,-0.013443616904401328,0.6415323,0.67027026,0.7310219,0.7416031,0.6313008,0.6285088,0.6333333,0.6470803,0.4955250322818756,0.6801474261283875,0.6757000684738159,0.6801474261283875,0.07150000000000001,71.5,0.36346666217866175,0.36546865283840996,0.3681228312218916,0.30535030410819985,0.2729753195827382,0.3092476601768362,0.32706893524585257,0.32464677541824843,0.32496350439598554,-0.018651011142179076,-0.017805792013245572,-0.018931622144363714,-0.009183016659523181,-0.0003448535600836975,-0.012382182606754069,-0.007516204149513348,-0.007493788354931842,-0.009905544437001793,0.6937661,0.653317,0.68837917,0.7222818,0.66605693,0.62370324,0.7042651,0.65043414,2026-10-05T08:40:10.664862
70,0.681447446346283,0.5015477538108826,0.6613855237960815,0.6813053488731384,0.6613855237960815,0.8232091255187989,0.9067402645111085,2.102617349243164,0.17741105382442474,4.56790072555542,1.9980180107116698,1.0,10.0,,,,,0.7357154467582703,0.7357154467582703,,,,16.56974805908203,0.8738557339473895,0.10587032960882042,,0.16004239976595921,0.7378707000404406,0.23970168003231096,0.0015919636356626536,0.046630817079904734,2.0766140159907613,,0.003595046756049814,,74.74433184581197,18.086414519388963,,102.53714261389082,74.76546176983292,23.79854912970476,95.04988666704506,40.17618772178699,16.56972271621607,,0.6921578695060341,,0.07815090258410022,0.2386317181928902,,0.14434083366090325,0.09927972278017906,0.23753145090333974,0.0078057237710969845,0.5122409736274913,0.19271136658966162,,,,0.18235,3647.0,0.67040896,0.6821587,0.75655705,0.76577806,0.65212226,0.63222224,0.66117865,0.6272709,0.4964499771595001,0.6535950798988343,0.6849000453948975,0.6535950798988343,0.071,71.0,0.317367255206238,0.3127593347147444,0.3161128943476721,0.30077841645407516,0.2458876913489949,0.29700684750201556,0.3230010692960863,0.31921775387260876,0.31646153630869794,-0.0117688836072713,-0.007730667058340684,-0.010910028386388037,0.002778832757737882,0.020401784040588705,0.004598867687036347,-0.002356405758875511,-0.0010243966761236181,-0.0034607332329276053,0.76,0.6409091,0.6604652,0.69177634,0.7065041,0.622441,0.7625984,0.6458333,0.48260000348091125,0.6725969591140747,0.6718500852584839,0.6725969591140747,0.082,82.0,0.3271660538272689,0.33212357672874265,0.33512729585363116,0.2783536863006813,0.24453246150082003,0.27726300590089925,0.31708903241383796,0.31483541391037845,0.3140719877863759,-0.007537246265694747,-0.009966634079541258,-0.008329295415346655,0.0015293255087000317,-0.0012240661587203832,0.0003280283155815255,-0.005623213093374785,-0.0057308059196666365,-0.00919728340977291,0.6580645,0.67657655,0.74197084,0.7469466,0.6357724,0.6403509,0.62601626,0.6383212,0.4895249903202057,0.6630960195064545,0.6783750653266907,0.6630960195064545,0.0765,76.5,0.3222666545167534,0.32244145572174354,0.3256200951006516,0.28956605137737823,0.24521007642490747,0.2871349267014574,0.32004505085496215,0.31702658389149363,0.3152667620475369,-0.009653064936483022,-0.00884865056894097,-0.009619661900867346,0.002154079133218957,0.009588858940934161,0.002463448001308936,-0.003989809426125148,-0.0033776012978951274,-0.006329008321350258,0.70903224,0.6587428,0.701218,0.7193614,0.6711383,0.63139594,0.6943073,0.64207727,2026-10-05T08:44:05.180893
71,0.6857975125312805,0.500212550163269,0.6530936776638031,0.6858721375465393,0.6530936776638031,0.8243270111083985,0.9079823640823365,2.0964952966690062,0.1645405179142952,4.454261672592163,1.9999601959228515,1.0,10.0,,,,,0.7385321690559388,0.7385321690559388,,,,16.543972247314453,1.061727180127885,0.10530467786689758,,0.13616977142063297,0.745731642291804,0.2542903946036366,0.0015025304059073875,0.045471414787232114,2.3983112488202987,,0.003342799989174411,,74.70886079824655,18.06001534431603,,102.53385084601724,74.73140920651187,23.772545735547496,95.04924477741217,40.20999923025727,16.54394882347933,,0.6931273690454519,,0.07871452073572548,0.23931002446040986,,0.1451008655842702,0.10043576093995647,0.23970673513260615,0.007846411187083098,0.5166270740472587,0.19507923285672618,,,,0.1866,3732.0,0.6688051,0.6908578,0.7596078,0.7760861,0.66125387,0.6365859,0.6629405,0.6278208,0.5111500024795532,0.652029691696167,0.6868000030517578,0.652029691696167,0.069,69.0,0.35027944732415667,0.34655348281704124,0.34938699256297784,0.31792110271147694,0.27296304142022,0.3159171364657375,0.3557988587359906,0.35371530113642696,0.35150521483710334,-0.0004644964034886346,-0.0009155758292329224,-0.0010882551753166377,0.017504503080017813,0.022290268032997166,0.016951997161880086,0.012176644344744946,0.01262175838104719,0.011800954312709654,0.7585,0.64863634,0.6577519,0.70131576,0.69512194,0.6232284,0.7606299,0.65833336,0.5117500424385071,0.6739565978050231,0.6726500391960144,0.6739565978050231,0.08,80.0,0.3240857127952493,0.329858097036582,0.3324540645297128,0.2905366638793098,0.26941016973507304,0.292336756519387,0.31221115963493706,0.31097595805757794,0.30700423841636904,-0.00724219344151134,-0.009377704032449172,-0.008629673709492656,0.003525308701250032,0.0028797542048087372,0.0006892099995132984,-0.004605190650504335,-0.006673753073268989,-0.008416291160180138,0.65403223,0.68648654,0.75291973,0.74312973,0.62642276,0.64254385,0.63821137,0.6281022,0.5114500224590302,0.662993144750595,0.6797250211238861,0.662993144750595,0.07450000000000001,74.5,0.337182580059703,0.3382057899268116,0.34092052854634536,0.3042288832953934,0.2711866055776465,0.3041269464925622,0.33400500918546383,0.3323456295970024,0.32925472662673616,-0.0038533449224999873,-0.005146639930841047,-0.004858964442404647,0.010514905890633922,0.012585011118902952,0.008820603580696692,0.003785726847120306,0.0029740026538891007,0.0016923315762647582,0.7062661,0.6675614,0.70533586,0.72222275,0.6607723,0.6328861,0.69942063,0.6432178,2026-10-05T08:48:00.167487
72,0.6818951964378357,0.4981352686882019,0.6567185412406922,0.6822097897529602,0.6567185412406922,0.831357070350647,0.9157935422897339,2.201413288116455,0.14096886602044106,4.614603706741333,2.0,1.0,10.0,,,,,0.7488257843971252,0.7488257843971252,,,,16.5190770904541,1.4478082853327892,0.14797717621727924,,0.1558021910275054,0.7243923226929014,0.24092325928864206,0.0014427757627704437,0.041343527816378386,2.4557767764777894,,0.003614057206910602,,74.67436383484275,18.03840984660349,,102.53411991581036,74.69695763071631,23.746809977634697,95.04834139878582,40.24450435759915,16.519058409769823,,0.6931471824645996,,0.07953040164177584,0.24137868755941938,,0.14616488670087924,0.10150269428446035,0.24208716051593707,0.008015460305058272,0.5210816423604443,0.19733267975081303,,,,0.1821,3642.0,0.6696873,0.6909787,0.7522385,0.7564573,0.65634733,0.6335152,0.6699271,0.6259878,0.5069499611854553,0.6388725214004517,0.6897498965263367,0.6388725214004517,0.062,62.0,0.32323856191277717,0.31944561182431686,0.32319442201697507,0.27924657481355586,0.24917218643780273,0.27890309936214625,0.2823570560520474,0.28089033029972593,0.2807699804455409,-0.001077089047595012,-0.0029293819347276035,-0.0016954664087235473,0.013942254033609963,0.017494441204081747,0.013810724196447424,-0.001275884296776386,-0.0021070415245586374,-0.0003641178282889836,0.768,0.6709091,0.67015505,0.6901316,0.693496,0.62125987,0.7531496,0.6662879,0.5036500692367554,0.676845510005951,0.6689000129699707,0.676845510005951,0.077,77.0,0.3333421435223212,0.3407167709027372,0.34026326941253465,0.2790115146895588,0.2737183964399907,0.2818140893617358,0.3066535756733307,0.30660277664968727,0.30744793467479675,0.00016166728110273565,-0.0006654101223114795,0.00022174530610519853,0.005863295204820941,0.0025688278952442005,0.0051670640596827,0.004436589622856229,0.004489575267836792,0.002561041730770791,0.66895163,0.67477477,0.75802916,0.7164122,0.61382115,0.66052634,0.6292683,0.62153286,0.5053000152111053,0.6578590157032014,0.6793249547481537,0.6578590157032014,0.0695,69.5,0.3282903527175492,0.33008119136352704,0.33172884571475486,0.2791290447515573,0.2614452914388967,0.280358594361941,0.294505315862689,0.2937465534747066,0.29410895756016886,-0.0004577108832461382,-0.0017973960285195415,-0.0007368605513091744,0.009902774619215453,0.010031634549662974,0.009488894128065061,0.0015803526630399213,0.0011912668716390772,0.0010984619512409038,0.7184758,0.6728419,0.71409214,0.70327187,0.65365857,0.6408931,0.69120896,0.6439104,2026-10-05T08:51:55.162975
73,0.6879503130912781,0.4985596537590027,0.6441093761920929,0.6881253123283386,0.6441093761920929,0.8361035551071166,0.9210674160957336,2.251606533241272,0.11998812379837036,4.5391616603851315,1.9999800483703614,1.0,10.0,,,,,0.7304560755729675,0.7304560755729675,,,,16.494840563964843,0.9042772667328264,0.10954330251759785,,0.12465892203009812,0.7496670237772024,0.23112565079692063,0.0014324994345498122,0.04096630503939595,2.362066863258933,,0.0036455589470974093,,74.63882120703435,18.012364673007067,,102.5269858487852,74.66213474152194,23.718782777239564,95.04771331009592,40.245614385908574,16.494824038948984,,0.6931372531660044,,0.08006883246503818,0.2423395030437761,,0.14672385839519986,0.10247366158825577,0.24391496437750046,0.008019990329245094,0.5237646102905273,0.19952482355248397,,,,0.1738,3476.0,0.6767041,0.6909585,0.75227815,0.7750395,0.66164327,0.64345455,0.6718712,0.63034624,0.5024999976158142,0.6447643389701844,0.6863999366760254,0.6447643389701844,0.065,65.0,0.33614715415899743,0.3366921664986973,0.33789419068402243,0.2758631594648421,0.24972022145239356,0.2759873537113268,0.27697336765183767,0.2779520100325225,0.27822037995497517,0.0038829263900513893,0.003429044252858151,0.0033753710557549634,-0.005882192011817963,-0.009090068727516122,-0.00662763217354168,-0.005094984422695419,-0.005386950645608742,-0.006312260909838267,0.7725,0.66727275,0.67015505,0.68322366,0.6869919,0.62125987,0.7633859,0.64469695,0.5112000703811646,0.6725210466384888,0.6695500612258911,0.6725210466384888,0.079,79.0,0.324316053310797,0.3322135312719546,0.33138089134314536,0.27673678393924916,0.26658034478915293,0.27566584111069287,0.30271325450930814,0.3041231257946926,0.3044340706132221,-0.0024451665623740986,-0.002190315318970944,-0.0022222615911339305,-0.0012496978959806442,-0.0023073857180334867,-0.0014298194370036448,-0.004725871047778669,-0.006155993921117943,-0.005446073938697921,0.66935486,0.6716216,0.75510955,0.7385496,0.6170732,0.645614,0.6223577,0.6259124,0.5068500339984894,0.6586426928043365,0.6779749989509583,0.6586426928043365,0.07200000000000001,72.0,0.33023160373489724,0.33445284888532595,0.3346375410135839,0.2762999717020456,0.25815028312077326,0.27582659741100984,0.28984331108057293,0.2910375679136076,0.2913272252840986,0.0007188799138386453,0.0006193644669436036,0.0005765547323105164,-0.0035659449538993034,-0.0056987272227748045,-0.004028725805272662,-0.004910427735237043,-0.005771472283363343,-0.005879167424268094,0.7209274,0.6694472,0.7126323,0.7108866,0.6520325,0.6334369,0.6928718,0.6353047,2026-10-05T08:55:49.950538
74,0.6880145072937012,0.5017474889755249,0.6424907713413238,0.6879599094390869,0.6424907713413238,0.8388094588279724,0.9240739688873291,2.299822849273682,0.13095709582567214,4.644231451797485,1.999359243774414,1.0,10.0,,,,,0.739784539604187,0.739784539604187,,,,16.470281198120116,1.1811481889835589,0.12122847655918567,,0.14110562285989714,0.7762212411613222,0.2197573986023095,0.0014862422013854027,0.039624595955298964,2.240282849521394,,0.004160160126094484,,74.60384028732398,17.991161067015046,,102.52288910689627,74.62768700472108,23.690843424219995,95.0459274000423,40.2939573154328,16.47026247887095,,0.6928279088560942,,0.08071172023844567,0.24406506481823648,,0.14755779912896977,0.1034639901985788,0.24579392810156392,0.008151555706740945,0.5288260370303112,0.20158662215159956,,,,0.17385,3477.0,0.6738573,0.68725336,0.765313,0.7766588,0.6600857,0.6417778,0.668712,0.62706727,0.49824997782707214,0.6469567942619324,0.6900501847267151,0.6469567942619324,0.071,71.0,0.31980695375154927,0.3179741512134538,0.32000274428585507,0.3223418376046359,0.2874376555801477,0.3225808737466264,0.33712332636929637,0.3367324991868897,0.3366341379378629,0.012278027062583807,0.012020356750413175,0.012083480359098089,0.015434281117953738,0.010277847946716252,0.015681592340807866,0.015100009444085264,0.014365727151799772,0.015814356995812885,0.768,0.65636367,0.6751938,0.7029605,0.6865854,0.62598425,0.76496065,0.6515151,0.49119994044303894,0.675655791759491,0.6726499199867249,0.675655791759491,0.079,79.0,0.3265453146882411,0.3323322515831796,0.3365213700387122,0.28314460422055077,0.2768418839503135,0.28403665937478356,0.3026846718819836,0.302539292174426,0.3022468513362878,-0.01139334145118576,-0.013078020880985692,-0.012134293615493643,-0.003800633189473145,-0.005501856885121929,-0.004087834282914207,-0.006490621237796821,-0.007301770021715373,-0.00958908129111486,0.6580645,0.68783784,0.760219,0.74007636,0.6256098,0.64342105,0.63414633,0.62262774,0.49472495913505554,0.6613062930107116,0.68135005235672,0.6613062930107116,0.075,75.0,0.3231761342198952,0.3251532013983167,0.3282620571622836,0.3027432209125933,0.2821397697652306,0.303308766560705,0.31990399912564,0.31963589568065787,0.31944049463707536,0.0004423428056990232,-0.0005288320652862581,-2.540662819777717e-05,0.005816823964240297,0.0023879955307971614,0.005796879028946829,0.004304694103144222,0.0035319785650421995,0.0031126378523490122,0.71303225,0.6721008,0.7177064,0.7215184,0.65609765,0.6347027,0.6995535,0.63707143,2026-10-05T08:59:44.845163
75,0.6888346076011658,0.4995649456977844,0.6407781007289887,0.6890100240707397,0.6407781007289887,0.8394054927825928,0.9247362325668335,2.303054051399231,0.12923300057649612,4.922388878250122,1.9986230888366698,1.0,10.0,,,,,0.7807617691993713,0.7807617691993713,,,,16.445959912109377,1.00607452631756,0.1345150407617259,,0.12677030849039175,0.7555512594189614,0.23418969475919274,0.0013694500661481789,0.040574136136728486,2.532842690587803,,0.0037841263906006955,,74.56936081807325,17.974026175820903,,102.51680643847034,74.59291703533974,23.661787361096426,95.04514720941046,40.319032243862274,16.44594103819246,,0.692460755254053,,0.08151335914613335,0.2461056000297996,,0.14809400346248772,0.10441367783743864,0.2474267414421033,0.008256512053405784,0.532667739376141,0.20357642678698157,,,,0.17315,3463.0,0.6856455,0.6991342,0.76778924,0.7609992,0.6577882,0.637798,0.6734913,0.6268432,0.5054000616073608,0.6299532895088196,0.6949499845504761,0.6299532895088196,0.064,64.0,0.3787755507456061,0.38189203193097354,0.38084607092473644,0.32045512482298366,0.31270463128261333,0.32033754164741846,0.34114894691850667,0.34069105752649054,0.3402604603123655,-0.007492407957011742,-0.008791927764501764,-0.00827353502021873,0.005090831865857988,-0.007627117128932037,0.005137130941978306,-0.008629594755668948,-0.008077216921118496,-0.007382386457122477,0.769,0.665,0.6775194,0.7151316,0.6869919,0.63188976,0.77086616,0.65265155,0.498850017786026,0.6784377112388611,0.6687999963760376,0.6784377112388611,0.083,83.0,0.3326745061413749,0.33852243824098266,0.33953543319756047,0.28272603637172394,0.28950635799605784,0.28713013801748005,0.2979358874839127,0.29739276944118287,0.2981849914183434,-0.008829575671144152,-0.008629883439783681,-0.008737934494067862,0.003570834484070661,0.002503785771345243,0.0020334729156854642,-0.01209175724969603,-0.012118258173491629,-0.013078123663579272,0.6608871,0.67882884,0.7518248,0.71755725,0.62398374,0.64605266,0.62764233,0.6343066,0.5021250396966934,0.6541955003738403,0.6818749904632568,0.6541955003738403,0.07350000000000001,73.5,0.3557250284434905,0.3602072350859781,0.3601907520611485,0.3015905805973538,0.30110549463933556,0.3037338398324493,0.3195424172012097,0.3190419134838367,0.3192227258653545,-0.008160991814077947,-0.008710905602142723,-0.008505734757143297,0.004330833174964324,-0.002561665678793397,0.0035853019288318855,-0.010360676002682489,-0.010097737547305061,-0.010230255060350874,0.7149435,0.67191446,0.7146721,0.7163444,0.6554878,0.6389712,0.6992543,0.6434791,2026-10-05T09:03:39.331880
76,0.6898574233055115,0.5004300475120544,0.6376007972717285,0.6897576451301575,0.6376007972717285,0.8418548789024353,0.9274577682495118,2.3409160606384276,0.11776673154234886,4.863635384368896,2.0,1.0,10.0,,,,,0.7516486771583557,0.7516486771583557,,,,16.42032615966797,0.801454754344597,0.11793528758226686,,0.11705352527320764,0.7572659647009176,0.20760858986692823,0.0011747737202324733,0.03525201822660721,2.4531250818140187,,0.0030919555680319123,,74.53462136627003,17.952187204057243,,102.5138174652294,74.55828590150092,23.632183694535758,95.04456042635972,40.33691850893057,16.420310123710877,,0.6931471824645996,,0.08203530287856509,0.24780012524811326,,0.14902574013752543,0.10530810779447008,0.24905858544787024,0.008313692554499314,0.5360623036220575,0.2054610651010161,,,,0.1685,3370.0,0.6759022,0.69643575,0.7650753,0.77310425,0.661877,0.6419394,0.6700081,0.63091654,0.4994499981403351,0.6621440062522889,0.6808000206947327,0.6621440062522889,0.076,76.0,0.32144271861390855,0.3181972863871041,0.3229718254650981,0.26407379371964146,0.24423000565237746,0.26978219578102075,0.25222690577242074,0.2517437278722474,0.2515383514431745,-0.022687792562698608,-0.02233598677186818,-0.022301289612251817,-0.015164692024462165,-0.011417455466598754,-0.017369538979096284,-0.024288422138066965,-0.02479613919128542,-0.023548180772905963,0.76449996,0.65772724,0.6585272,0.6743421,0.703252,0.6188976,0.7452756,0.6424243,0.4995500147342682,0.6801776957511901,0.6700499653816223,0.6801776957511901,0.078,78.0,0.3465971513698109,0.3513241453225443,0.35189145265400923,0.28617902214958174,0.27453440040075855,0.29229368783722537,0.30526581846613937,0.30160460707340303,0.3013197579196567,0.006554039858613827,0.006399211774861792,0.006943098048126411,0.009418163556144263,0.009710476967095292,0.007735868900114477,0.0077667694489224615,0.006724651150728366,0.005687770760039884,0.67258066,0.6734234,0.7514599,0.7389313,0.61585367,0.63596493,0.6292683,0.6313869,0.49950000643730164,0.6711608510017395,0.6754249930381775,0.6711608510017395,0.077,77.0,0.3340199349918597,0.3347607158548242,0.33743163905955365,0.2751264079346116,0.259382203026568,0.28103794180912306,0.27874636211928006,0.27667416747282525,0.2764290546814156,-0.00806687635204239,-0.007968387498503194,-0.007679095782062703,-0.0028732642341589513,-0.0008534892497517313,-0.004816835039490904,-0.008260826344572252,-0.009035744020278527,-0.00893020500643304,0.7185403,0.6655753,0.70499355,0.70663667,0.6595528,0.6274313,0.68727195,0.63690555,2026-10-05T09:07:34.625583
77,0.6833476424217224,0.500099778175354,0.6495999376296997,0.6836323142051697,0.6495999376296997,0.8184422379493713,0.9014437309265136,2.180655040931702,0.10994222193956375,4.763709872817993,1.9388946453094482,1.0,10.0,,,,,0.7178758551597595,0.7178758551597595,,,,16.3957083984375,1.1548593759323191,0.18225144113526698,,0.17079528409002978,0.8200852453329002,0.2140113514652298,0.001769963435748604,0.04166426253356752,2.433236423191751,,0.0052911841281271495,,74.50192975086772,17.930384617702217,,102.52137698033813,74.52330473881618,23.600864896349087,95.033061859714,40.47055799642186,16.39569007970725,,0.6620872924282293,,0.08296269928194155,0.249156879296728,,0.15036805192376398,0.10617018410354663,0.2503887276360943,0.008341639700114348,0.5451824596733045,0.20731138803397015,,,,0.1993,3986.0,0.66323173,0.68836087,0.7534073,0.7734005,0.6596184,0.64280814,0.6679628,0.6172913,0.4943999648094177,0.6506680808067322,0.6844000816345215,0.6506680808067322,0.085,85.0,0.28746525186438626,0.2874236769875629,0.28757583055534397,0.26926303298844223,0.24616173615538559,0.2691357255183565,0.2539385768463212,0.2538687286426033,0.25382478289483296,-0.03526928540279373,-0.03351641601290391,-0.03521613855332439,-0.03324596558185948,-0.021431805320756166,-0.03350956325267215,-0.026395050405346395,-0.026539227547549664,-0.026464487564801978,0.759,0.64500004,0.6511628,0.69276315,0.693496,0.6267716,0.7763779,0.64204544,0.4976999759674072,0.6711501269340515,0.6707499623298645,0.6711501269340515,0.087,87.0,0.33273199118421015,0.3387273711430651,0.3378016775479307,0.2682146030226316,0.2596980227714911,0.2619932644803471,0.2865896377647693,0.28727014767321407,0.2877327789823419,-0.007020242234920412,-0.00790051042763816,-0.007019605140670875,-0.004350282702838848,-0.00788223800276433,-0.004756651314955592,-0.008251582425983768,-0.009192193717574215,-0.008409426856940324,0.6572581,0.66756755,0.7492701,0.7561069,0.6321138,0.63552636,0.6178862,0.6368613,0.4960499703884125,0.6609091038703918,0.677575021982193,0.6609091038703918,0.086,86.0,0.31009862152429823,0.313075524065314,0.3126887540516373,0.2687388180055369,0.25292987946343837,0.2655644949993518,0.2702641073055453,0.2705694381579087,0.2707787809385874,-0.021144763818857073,-0.020708463220271034,-0.02111787184699763,-0.018798124142349163,-0.014657021661760248,-0.01913310728381387,-0.01732331641566508,-0.01786571063256194,-0.01743695721087115,0.70812905,0.6562838,0.7002164,0.72443503,0.6628049,0.631149,0.69713205,0.6394534,2026-10-05T09:11:29.191004
78,0.6875126957893372,0.49869266152381897,0.6409088503837586,0.6874299049377441,0.6409088503837586,0.8342854230880737,0.9190472683906555,2.3240359926223757,0.11471984804272652,5.126594132232666,1.997186664390564,1.0,10.0,,,,,0.787147850227356,0.787147850227356,,,,16.371287359619142,0.622019115954068,0.08573542681231999,,0.09383116797751682,0.8080301637862138,0.21636958005037277,0.001230025301378956,0.034853786645326644,2.568499386690225,,0.002670905397877551,,74.46710282829916,17.90785348491304,,102.51531059119353,74.48864313599411,23.57027216625821,95.03085988038664,40.512523140876915,16.371262957336036,,0.6917224587148921,,0.0836818569879623,0.25059701227078773,,0.1510840654373169,0.10703136971232238,0.2518986736892895,0.008316196554642954,0.5497394587583603,0.20911039478459936,,,,0.18425,3685.0,0.6729952,0.6865888,0.75663626,0.7804502,0.6701129,0.6407071,0.66012555,0.6285336,0.5057000517845154,0.6363030338287353,0.6896499395370483,0.6363030338287353,0.082,82.0,0.33742981891891033,0.33732477122579346,0.3381221139698086,0.26843188353637387,0.2630849071887703,0.26784910286360175,0.2890836046934341,0.2891757458850052,0.28873580454495656,0.004182059798696062,0.005004383736492219,0.004193959113079648,0.014719326118925475,0.02977400875551542,0.015503977286958718,0.012296820564499187,0.012357047994396941,0.012588010465581726,0.7655,0.65727276,0.66550386,0.69736844,0.68536586,0.63188976,0.7850394,0.6416667,0.49874991178512573,0.6642074813842773,0.6750499606132507,0.6642074813842773,0.091,91.0,0.3786978487508451,0.3846783544112456,0.3843682344658296,0.3087643474513019,0.3115819081018066,0.31291686864574003,0.32649910799331683,0.3280625171795975,0.32804275861579346,-0.00043120379032003274,-0.0013582724358620832,-0.0007973602591522083,0.0030375682370370697,-0.00097985991964119,0.004468929303923015,-0.0014326153871154926,-0.002081229849260019,-0.002104752855363056,0.66290325,0.67702705,0.7565693,0.7480916,0.63699186,0.6543859,0.6329268,0.6222628,0.5022249817848206,0.6502552576065064,0.6823499500751495,0.6502552576065064,0.0865,86.5,0.3580638338348777,0.36100156281851953,0.3612451742178191,0.28859811549383785,0.2873334076452885,0.2903829857546709,0.30779135634337546,0.30861913153230136,0.30838928158037504,0.0018754280041880145,0.001823055650315068,0.0016982994269637197,0.008878447177981273,0.014397074417937115,0.009986453295440866,0.005432102588691847,0.005137909072568461,0.005241628805109335,0.7142016,0.6671499,0.71103656,0.72273004,0.6611788,0.6431378,0.7089831,0.63196474,2026-10-05T09:15:24.533474
79,0.6892179846763611,0.49938514828681946,0.6372712296009063,0.6892650127410889,0.6372712296009063,0.8389078412055969,0.9241832863807679,2.3611496173858644,0.10077498751282692,5.13923099899292,1.999804557800293,1.0,10.0,,,,,0.7951495182037354,0.7951495182037354,,,,16.344100875854494,1.0135217958669753,0.1346382383126647,,0.1326419731519025,0.7922739325814946,0.21195157104806536,0.0014927621706904975,0.03831969280460268,2.7951175035185116,,0.0029562807990057144,,74.43289607345679,17.885093348800755,,102.50610419595317,74.45373340776771,23.53911810467957,95.03300947444454,40.49062775046962,16.344077079918733,,0.693049864024873,,0.08438695307560028,0.25194457192329844,,0.15154357510767166,0.10784705533723163,0.2534081280990771,0.008429978784339823,0.5511461158466947,0.21041292255851113,,,,0.17455,3491.0,0.6760625,0.69315344,0.76043975,0.77898896,0.66851634,0.6410505,0.66652495,0.6262118,0.5008000135421753,0.6416577277183533,0.6876000761985779,0.6416577277183533,0.068,68.0,0.3454861506193094,0.34499521916391235,0.3459453196896516,0.2855705021449173,0.2777385125590098,0.2851693587079843,0.299210456767433,0.29902331967783563,0.2976661796537881,-0.007784371934977064,-0.007602549401311194,-0.007929916436576607,0.006455698503556844,0.012380842861476669,0.00594843259234497,-0.005469007174616439,-0.005683508620120262,-0.005694030737581895,0.7555,0.6522727,0.6686047,0.6911184,0.6869919,0.62992126,0.7858268,0.6416667,0.49060001969337463,0.6713653655052185,0.6726500988006592,0.6713653655052185,0.078,78.0,0.3709746432535036,0.37598504781483055,0.37712302584577856,0.29652783301970476,0.2930576264667666,0.3030604440945856,0.3140493567796205,0.31600518983705317,0.31813908356773674,-0.001809085521360105,-0.001205054183744335,-0.00171950004513346,0.0019033568241932483,0.003565157951511976,0.0024312980446625,-0.006499633581779783,-0.007899970554210564,-0.008040773793071701,0.6600806,0.66981983,0.7474453,0.7519084,0.6390244,0.64824563,0.62317073,0.63065696,0.49570001661777496,0.6565115466117859,0.6801250874996185,0.6565115466117859,0.07300000000000001,73.0,0.35823039693640646,0.3604901334893714,0.36153417276771505,0.29104916758231103,0.28539806951288815,0.29411490140128493,0.30662990677352675,0.3075142547574444,0.3079026316107624,-0.0047967287281685846,-0.0044038017925277645,-0.0048247082408550334,0.004179527663875046,0.007973000406494322,0.004189865318503735,-0.005984320378198111,-0.006791739587165413,-0.006867402265326799,0.7077903,0.66104627,0.708025,0.7215134,0.6630081,0.63908345,0.70449877,0.6361618,2026-10-05T09:19:19.299528
80,0.6890671849250793,0.49953243136405945,0.637101328420639,0.6889698505401611,0.637101328420639,0.8453495714187622,0.9313407615661621,2.4159695178985596,0.10796888853311538,5.233062629699707,1.9997918548583984,1.0,10.0,,,,,0.7701834712028504,0.7701834712028504,,,,16.31713598022461,1.1453216501102326,0.16777661585717635,,0.14844908054538403,0.8189275183115795,0.2156087242209228,0.002038603798696878,0.044041468316962006,2.6370210036350663,,0.004626393863177936,,74.39875516466275,17.86334153193577,,102.49859463637043,74.41901927389156,23.5082778201741,95.02998940048704,40.561951072352706,16.3171159902196,,0.6930435421360526,,0.08504519179748123,0.25342579214436234,,0.15212918599699712,0.10867114056637332,0.2550133546446539,0.008554599307192738,0.5570739283683194,0.21183879028080374,,,,0.16415,3283.0,0.679992,0.69311315,0.7652932,0.7712678,0.66345406,0.6432727,0.6654111,0.6270061,0.506350040435791,0.6431876883506775,0.6871500015258789,0.6431876883506775,0.069,69.0,0.3211725320784096,0.3196147119641077,0.32178561771608266,0.27066718341866913,0.2634935625372266,0.2692502626935854,0.2957792218480368,0.29344247962248704,0.29511153862066175,0.004561832173506254,0.005444930015261448,0.004875846057416249,0.011029397356086235,0.021307952538108188,0.009553019886404644,0.005160127069589794,0.0064567501900196535,0.004608158601888208,0.7705,0.66681814,0.66937983,0.68815786,0.7150407,0.626378,0.74448824,0.6344697,0.5090500116348267,0.6787531361579895,0.6673000454902649,0.6787531361579895,0.069,69.0,0.345242451986154,0.35175559770427567,0.3514366527836533,0.2959135431405164,0.28619449383434065,0.2922768221026585,0.3205951356904652,0.3195354953580537,0.32093844748953065,0.007607108001695511,0.007653195311566464,0.0077329384064007845,0.009317046174324302,0.005412071516512522,0.00857797165352402,-0.00047779116720532064,-0.0013291467441724652,-0.00197736343627333,0.6608871,0.6738739,0.760219,0.74541986,0.6044715,0.6543859,0.6235773,0.60656935,0.5077000260353088,0.6609704122543335,0.6772250235080719,0.6609704122543335,0.069,69.0,0.33320749203228184,0.3356851548341917,0.33661113524986797,0.2832903632795928,0.27484402818578363,0.28076354239812196,0.308187178769251,0.30648898749027037,0.30802499305509623,0.006084470087600883,0.006549062663413956,0.006304392231908517,0.010173221765205269,0.013360012027310355,0.009065495769964332,0.0023411679511922364,0.0025638017229235944,0.0013153975828074389,0.7156936,0.670346,0.7147994,0.7167889,0.65975606,0.64038193,0.6840328,0.6205195,2026-10-05T09:23:14.182907
81,0.6886875629425049,0.5024374723434448,0.6371629167556763,0.688647449016571,0.6371629167556763,0.8499147332191467,0.9364131669044494,2.4901272773742678,0.13043125257492066,5.389229116821289,1.9986713218688965,1.0,10.0,,,,,0.7756637767791748,0.7756637767791748,,,,16.29139955444336,0.998820614852723,0.11456484381394212,,0.10697983836482285,0.8516212005144471,0.20854220610515328,0.0013930534444909519,0.03709031703176013,2.7271873020822075,,0.003304581114392769,,74.36416373283241,17.843193758824828,,102.4949557553431,74.38429406038514,23.47896741150291,95.02840758888584,40.63810115255368,16.291381981722107,,0.6924851286183497,,0.08567991017535993,0.25477118173222635,,0.1529989816770432,0.10942582278304798,0.2566503869120482,0.008577988518603669,0.5630032021528596,0.21327763226381533,,,,0.1595,3190.0,0.67213315,0.6846758,0.75715137,0.7844194,0.6651285,0.6461818,0.66717297,0.6292465,0.5059500336647034,0.6358984417915344,0.6894499659538269,0.6358984417915344,0.061,61.0,0.30264903301844703,0.300726477905242,0.3030891454521595,0.2646042007572854,0.2411842946004849,0.26354242342969164,0.2861547184552724,0.28210635837782544,0.28160019710856304,0.0029758412377396144,0.0037842350967039347,0.0029528665489624096,0.02379874956687006,0.025231615036495438,0.023248014172003086,-0.0025258203187800373,-0.0021729914701206715,-0.002496210073544392,0.752,0.6445455,0.65697676,0.7174342,0.68577236,0.62204725,0.7917323,0.6488637,0.5060000419616699,0.669376667022705,0.6729999780654907,0.669376667022705,0.065,65.0,0.32603350502862394,0.33137937763203795,0.3306522529108157,0.2566618103558612,0.26449899474703864,0.25898713369881093,0.31514986443452975,0.3158414251449501,0.3156332697672691,-0.0027394976470886904,-0.0014968905284667917,-0.002229392141240277,0.0037691186361978623,0.005996424037727847,0.004267352087716156,-0.01059602255520893,-0.009720540457525649,-0.010045269871403627,0.65604836,0.66081077,0.7390511,0.76183206,0.6345529,0.65087724,0.63617885,0.6332117,0.5059750378131866,0.6526375544071197,0.6812249720096588,0.6526375544071197,0.063,63.0,0.3143412690235355,0.31605292776863997,0.3168706991814876,0.2606330055565733,0.2528416446737618,0.2612647785642513,0.3006522914449011,0.2989738917613878,0.29861673343791606,0.00011817179532546199,0.0011436722841185716,0.00036173720386106626,0.013783934101533961,0.015614019537111643,0.013757683129859621,-0.006560921436994483,-0.00594676596382316,-0.006270739972474009,0.7040242,0.65267813,0.6980139,0.73963314,0.6601626,0.6364622,0.7139556,0.6410377,2026-10-05T09:27:09.273043
82,0.6903154253959656,0.5013198256492615,0.6333090664386749,0.6904693245887756,0.6333090664386749,0.8500154472351075,0.9365250652313233,2.47446683139801,0.1228136462211609,5.484625688171387,1.9885389274597167,1.0,10.0,,,,,0.7550299169540405,0.7550299169540405,,,,16.26611121520996,1.546564052961055,0.1640231901761975,,0.13234534329633899,0.8403810255087105,0.1856811154325297,0.001232529569852498,0.03258678514605305,2.363691055850618,,0.0034886796149676577,,74.32934424527892,17.829255231626473,,102.49111758675545,74.34945037258659,23.445950319812557,95.0276622893704,40.65026906493363,16.266087732497294,,0.6873343867860782,,0.08634830574700787,0.25806440669260206,,0.15360934519843691,0.11020720531796194,0.2576394827122901,0.008670478050780904,0.5660508992565665,0.21492470364282085,,,,0.15615,3123.0,0.6706295,0.6893274,0.75948894,0.78609794,0.66399926,0.6447273,0.67156744,0.63501024,0.5067999958992004,0.6353871088027954,0.6930500268936157,0.6353871088027954,0.068,68.0,0.3517341642216618,0.353350805554921,0.3538599538898858,0.2854389337299401,0.2956996841357222,0.28510897438407096,0.30324596830964723,0.3035682270198501,0.3046446027693756,-0.015110723732219224,-0.013911161295495078,-0.014859551490757612,-0.0012565834915170256,0.00023731060644515407,-0.0018880425677936469,-0.013713490285207332,-0.014275518137374137,-0.013994255778779422,0.76199996,0.64,0.66744184,0.7263158,0.6845529,0.6244095,0.8031496,0.6397728,0.4927000105381012,0.6757898035049439,0.6703999638557434,0.6757898035049439,0.079,79.0,0.327875757855667,0.33164735910282667,0.33144073189117096,0.2561306279860471,0.24209620953635136,0.2524833929053545,0.29626632149033844,0.2949157230600934,0.29449222022855015,-0.010186288578664405,-0.009356757718982098,-0.010010881070657934,-6.136099159397155e-05,-0.0004103803005606234,0.0013684350845453957,-0.012815326460617204,-0.012949244901138484,-0.013380027134965042,0.6532258,0.66126126,0.73613137,0.7614504,0.6414634,0.6324561,0.6329268,0.63175184,0.4997500032186508,0.6555884561538696,0.6817249953746796,0.6555884561538696,0.07350000000000001,73.5,0.3398049610386644,0.3424990823288738,0.34265034289052837,0.2707847808579936,0.26889794683603674,0.2687961836447127,0.2997561448999928,0.29924197503997174,0.29956841149896285,-0.012648506155441814,-0.011633959507238587,-0.012435216280707772,-0.0006589722415554986,-8.653484705773466e-05,-0.0002598037416241256,-0.013264408372912269,-0.013612381519256311,-0.013687141456872231,0.7076129,0.6506306,0.70178664,0.74388313,0.66300815,0.6284328,0.7180382,0.63576233,2026-10-05T09:31:03.994343
83,0.6875249147415161,0.5019823908805847,0.6389342647552491,0.6873552203178406,0.6389342647552491,0.8397618269920349,0.9251321597099305,2.344856611251831,0.12771131019592286,5.429148329162597,1.9930252906799317,1.0,10.0,,,,,0.7785529111862183,0.7785529111862183,,,,16.238738018798827,0.7040348249446055,0.10154061097722904,,0.10057636678432393,0.8662204903781794,0.19377951945658703,0.0012836013312576113,0.03603216149150186,2.582027874554798,,0.0030148551280261386,,74.29425442446569,17.80593564707762,,102.49223337355693,74.3148332340702,23.411798938824113,95.0283398476376,40.6618718675747,16.238714509708867,,0.6896306834403118,,0.08689664887964346,0.2593262189892447,,0.15426960046503954,0.11097768267059023,0.25863100085288854,0.008758108724786598,0.5689986458249913,0.21626558472776108,,,,0.16685,3337.0,0.66894543,0.6895892,0.75538826,0.77221566,0.66423285,0.64189905,0.67217493,0.63160896,0.49564996361732483,0.6471848068237305,0.6911000609397888,0.6471848068237305,0.059,59.0,0.3717807864990537,0.37403557877588567,0.3732093432133416,0.2801104153798396,0.29619034550145434,0.2801104153798396,0.3151175415531415,0.3125397148627771,0.3165143388027252,-0.027894055443060246,-0.028420397280481707,-0.027936328872818175,-0.019861306582107142,-0.02462522464732069,-0.019861306582107142,-0.02087322137473834,-0.02041623837175051,-0.022447481034470685,0.7665,0.65772724,0.67945737,0.70361847,0.70528454,0.6204725,0.7637795,0.64356065,0.49729999899864197,0.685341914653778,0.6676499843597412,0.685341914653778,0.07,70.0,0.35432444108068517,0.35842628411959104,0.35962971958530693,0.2935973652335703,0.26583719083900803,0.2899931645583178,0.3110435261043164,0.3119688609384038,0.31070650285965884,-0.01417847911785715,-0.014094383438874602,-0.013911859852784605,-0.002345837880212301,-0.0052446944925497365,-0.0029960004013363374,-0.01205433823589901,-0.012660190996614997,-0.013243933042804643,0.6520161,0.66576576,0.7481752,0.7480916,0.62439024,0.6307018,0.62601626,0.6328468,0.4964749813079834,0.6662633607387543,0.679375022649765,0.6662633607387543,0.0645,64.5,0.3630526137898694,0.36623093144773833,0.36641953139932426,0.28685389030670494,0.28101376817023116,0.2850517899690787,0.3130805338287289,0.31225428790059045,0.31361042083119206,-0.0210362672804587,-0.021257390359678156,-0.02092409436280139,-0.011103572231159722,-0.014934959569935215,-0.01142865349172174,-0.016463779805318674,-0.016538214684182755,-0.017845707038637665,0.7092581,0.6617465,0.7138163,0.725855,0.66483736,0.6255871,0.6948979,0.63820374,2026-10-05T09:34:58.583008
84,0.6904098391532898,0.5028349161148071,0.6325309171199799,0.6906226277351379,0.6325309171199799,0.8527643847465515,0.9395794429779053,2.5067935386657716,0.11689999484419823,5.3736631927490235,1.9999188369750978,1.0,10.0,,,,,0.7752402795791626,0.7752402795791626,,,,16.21106340637207,1.0343219940165045,0.17303513517532093,,0.13743817775397543,0.7992881752882793,0.1895802049974727,0.0013529855025165482,0.03550422168485108,2.522387285521076,,0.0031021167825856307,,74.25990173922982,17.78389755783567,,102.48675566266297,74.28030560730369,23.377985595897506,95.02733087235956,40.668182324452005,16.21104073980052,,0.6931067819048644,,0.08754938579858489,0.26037224102172124,,0.15501234552283197,0.11174664674860657,0.2598290862930808,0.008765117306807998,0.5716344421836221,0.21761394173476348,,,,0.15115,3023.0,0.6927626,0.68896496,0.76600635,0.7714257,0.66516745,0.6421212,0.6673147,0.62824845,0.5029000043869019,0.641672393321991,0.6850998997688293,0.641672393321991,0.05,50.0,0.2732015164079491,0.2711981475536748,0.2737839382757431,0.23684387762697595,0.222768830354051,0.23684387762697595,0.20602144348921783,0.20590438620233903,0.20602144348921783,0.01269969658640784,0.012657418772960583,0.0127773159362053,0.0018906380328421468,0.0066482738838596405,0.0018906380328421468,0.014925747433464833,0.014869520627065409,0.014925747433464833,0.77099997,0.65772724,0.679845,0.67664474,0.67439026,0.6149606,0.7905512,0.6337121,0.4876500070095062,0.6655331692695617,0.6728498935699463,0.6655331692695617,0.059,59.0,0.3349686673392476,0.34055599975380163,0.33891806285749293,0.2842495382041006,0.2814304702363854,0.28423070699826736,0.2799804282097517,0.27932119382389825,0.2808954375314857,4.1191149972947885e-05,6.578503625704242e-05,0.00030513624890304115,-0.0022520509094926364,-0.004439792196198808,-0.0021364876696968577,-0.0005048280320668842,-0.0007223452481372935,-0.0005446108228516392,0.67701614,0.67072076,0.7525547,0.7465649,0.6410569,0.6245614,0.6178862,0.6386861,0.49527500569820404,0.6536027812957763,0.6789748966693878,0.6536027812957763,0.0545,54.5,0.30408509187359833,0.3058770736537382,0.306351000566618,0.26054670791553824,0.2520996502952182,0.2605372923126217,0.2430009358494848,0.24261279001311864,0.24345844051035176,0.0063704438681903945,0.006361601904608813,0.006541226092554171,-0.0001807064383252448,0.0011042408438304164,-0.00012292481842735546,0.007210459700698974,0.007073587689464058,0.007190568305306597,0.7240081,0.664224,0.7161999,0.71160483,0.65772355,0.619761,0.7042187,0.6361991,2026-10-05T09:38:53.571375
85,0.6893500685691833,0.501310408115387,0.6344103558540344,0.6895148158073425,0.6344103558540344,0.8561646966934204,0.9433575693130494,2.5621399806976317,0.12035560117959976,5.403979970550537,1.9941797286987304,1.0,10.0,,,,,0.7506138919830322,0.7506138919830322,,,,16.183042474365234,1.0450673905337693,0.1523175458572093,,0.1161940257112454,0.8734379908081832,0.19137871815900134,0.0011272168268559345,0.03230811029103151,2.7797234248203835,,0.0030480104150616854,,74.22581345867958,17.76418933746921,,102.48305331673592,74.24570207535082,23.344591298680395,95.02091357966138,40.71043789614538,16.183022590199855,,0.6901339372252203,,0.08809536828356944,0.26183928653692745,,0.15574429160470415,0.11249975570637709,0.26113188323701264,0.008807716375086337,0.5760361833177554,0.21878989771672874,,,,0.15325,3065.0,0.67293507,0.6813532,0.7531894,0.7911335,0.6744548,0.6434142,0.6670109,0.6292057,0.5028999447822571,0.633129141330719,0.6919000744819641,0.633129141330719,0.058,58.0,0.3060751766075533,0.30630314495780286,0.30782053330870646,0.25021739633758694,0.2396810554125343,0.2515401263587847,0.22663937689477556,0.22188477503196954,0.22190990104577746,-0.018979979452063648,-0.017883149355635727,-0.01809098719585127,-0.021363254016139747,-0.017289359653719267,-0.02332437896682381,-0.025003383261643513,-0.021038677415018133,-0.021074916340861807,0.763,0.6468182,0.6620155,0.7105263,0.6955285,0.61574805,0.8059055,0.64356065,0.5009999871253967,0.6788882069587707,0.6665500402450562,0.6788882069587707,0.068,68.0,0.32216886538323275,0.3256421103312533,0.32645100096340474,0.259230535718756,0.24758515563113884,0.2595805469409673,0.2776446815087625,0.279227790139309,0.274544070307018,-0.0013840806950469622,-0.0018284927993584307,-0.0015186085585323808,0.008936074190568149,0.005492470681963728,0.008281909871197594,-0.002983109659835366,-0.004332946261010689,-0.004610906182996841,0.65403223,0.65675676,0.7281022,0.76488554,0.6414634,0.61359656,0.6256098,0.6335767,0.5019499659538269,0.6560086741447448,0.6792250573635101,0.6560086741447448,0.063,63.0,0.314122020995393,0.31597262764452805,0.3171357671360556,0.2547239660281715,0.24363310552183656,0.255560336649876,0.25214202920176904,0.2505562825856393,0.24822698567639773,-0.010182030073555306,-0.009855821077497079,-0.009804797877191825,-0.0062135899127857995,-0.0058984444858777695,-0.007521234547813107,-0.013993246460739439,-0.012685811838014411,-0.012842911261929324,0.7085161,0.6517875,0.6950588,0.73770595,0.66849595,0.6146723,0.71575767,0.63856864,2026-10-05T09:42:48.528663
86,0.6905925869941711,0.5028325319290161,0.6322739986419678,0.6904799342155457,0.6322739986419678,0.8570048617362976,0.944291086101532,2.569612292098999,0.12464853804707528,5.480835068511963,1.989171181678772,1.0,10.0,,,,,0.7721508549690247,0.7721508549690247,,,,16.156847875976563,0.8819926178237055,0.1060233343033725,,0.09689688728973982,0.8642598923983847,0.18690930783843537,0.0011081063655015246,0.031948513582728474,2.687790677805615,,0.002814945376688165,,74.19148089171975,17.735584016058855,,102.4761239798965,74.21121031159808,23.31139200052638,95.02178644070959,40.713684470790206,16.156826918292197,,0.6876637567380431,,0.08870529615954989,0.2614821518302723,,0.15640784923438053,0.11321278704199822,0.2625105620189837,0.00885242442630089,0.5785496808161401,0.22014516554061014,,,,0.14925,2985.0,0.6774459,0.68946844,0.75671554,0.78343207,0.67091125,0.6424445,0.67025113,0.6300204,0.507550060749054,0.6386968054771424,0.6903500556945801,0.6386968054771424,0.051,51.0,0.3426324235987944,0.3421060590248604,0.34310760007093094,0.27675440957783604,0.2811888704148031,0.27634462596381204,0.29964115815288583,0.29916190322769176,0.2993248102964702,-0.021399191376059588,-0.02080220148110281,-0.021396859398587518,-0.019482332303858384,-0.014760072404076034,-0.019945124362827207,-0.026318621699246363,-0.026638879880499296,-0.02669502621425631,0.763,0.6554545,0.675969,0.6986842,0.71097565,0.6204725,0.76417327,0.6458333,0.5059999227523804,0.6787442946434021,0.6685000061988831,0.6787442946434021,0.061,61.0,0.3195469475584719,0.3223839435919275,0.32333377559962523,0.27093993986618853,0.2549811245883868,0.2732110932420697,0.2916391559334321,0.29195809187198296,0.2908097856804343,-0.003678593257249906,-0.0030915173546054386,-0.003307642761037997,0.0022257943100942035,-0.001770335513155839,0.001959219119901287,-0.011347501135427873,-0.011550227355845408,-0.011016250289241454,0.65483874,0.65855855,0.7430657,0.75496185,0.62601626,0.6403509,0.62601626,0.6313869,0.5067749917507172,0.6587205500602722,0.6794250309467316,0.6587205500602722,0.055999999999999994,56.0,0.33108968557863316,0.33224500130839396,0.3332206878352781,0.27384717472201225,0.268084997501595,0.2747778596029409,0.29564015704315894,0.29555999754983736,0.2950672979884522,-0.012538892316654747,-0.011946859417854123,-0.012352251079812757,-0.00862826899688209,-0.008265203958615937,-0.00899295262146296,-0.018833061417337118,-0.019094553618172354,-0.018855638251748883,0.7089194,0.6570065,0.70951736,0.72682303,0.66849595,0.6304117,0.69509476,0.6386101,2026-10-05T09:46:43.821544
87,0.6913225054740906,0.5013701915740967,0.6303928805351258,0.6911774277687073,0.6303928805351258,0.8588655212402344,0.9463584868431091,2.5842609729766846,0.1227834879398346,5.4896464408874515,1.998163549041748,1.0,10.0,,,,,0.7291482111930847,0.7291482111930847,,,,16.130643908691408,1.027123742683488,0.12319180754066747,,0.11251856947234672,0.8637374191527154,0.17789996754686543,0.0012188897657973371,0.03239156961274944,2.5916190458710786,,0.0032557001973985795,,74.15698732995683,17.71313527587113,,102.46820398804489,74.17660269767616,23.278146269974435,95.01915128671439,40.738638495184055,16.13062128443627,,0.6922320746312476,,0.08925402885789324,0.26276014868620856,,0.15699595668513305,0.11391879627659063,0.2639468822889267,0.00889753856381793,0.5820449249000307,0.2216419233068539,,,,0.14045,2809.0,0.6703689,0.6896899,0.75679475,0.7828002,0.6669003,0.6475556,0.67511135,0.6373931,0.5024999976158142,0.6325363540649414,0.6923500895500183,0.6325363540649414,0.049,49.0,0.3117556890808588,0.3105867017812992,0.31304533181979644,0.26514952471875947,0.2639005312542047,0.26490896488906085,0.27480150454087865,0.27317514815726107,0.2762064444239868,-0.008447714382063291,-0.007410247436168559,-0.007885938156100827,-0.006572481748501781,-0.0007524598530187703,-0.007490494722609444,-0.002435732316890256,0.0006774500357062868,-0.0019390951427596954,0.7635,0.63045454,0.6782946,0.7151316,0.68333334,0.6244095,0.8019685,0.6458333,0.49834999442100525,0.6738648157119751,0.6721500158309937,0.6738648157119751,0.057,57.0,0.32456597808985244,0.3265760676413893,0.3271923380781132,0.25662774991458764,0.2578592234151725,0.25708835533897084,0.3005187318872866,0.29974766342974973,0.30084328222798656,-0.004115619318227417,-0.004429081086264736,-0.004337697371139826,0.000848692059195634,-0.0005547737377126535,0.0004821200030508941,-0.009655904029209557,-0.009301125328797146,-0.009422260723558524,0.6459677,0.66576576,0.7310219,0.76106876,0.6487805,0.6412281,0.6313008,0.640511,0.5004249960184097,0.6532005848884582,0.682250052690506,0.6532005848884582,0.053000000000000005,53.0,0.31816083358535563,0.31858138471134423,0.3201188349489548,0.26088863731667356,0.2608798773346886,0.26099866011401585,0.28766011821408266,0.28646140579350543,0.2885248633259867,-0.006281666850145353,-0.005919664261216647,-0.006111817763620327,-0.0028618948446530734,-0.000653616795365712,-0.0035041873597792747,-0.0060458181730499065,-0.00431183764654543,-0.005680677933159109,0.70473385,0.64811015,0.70465827,0.7381002,0.66605693,0.6328188,0.71663463,0.64317214,2026-10-05T09:50:38.678887
88,0.6874451637268066,0.4982374906539917,0.637413026714325,0.6874650716781616,0.637413026714325,0.8580450764656067,0.9454468781471252,2.555894474029541,0.1514381721019745,5.127630380249023,1.9984041015625,1.0,10.0,,,,,0.6767886268615723,0.6767886268615723,,,,16.10240933532715,0.8250355980489522,0.12094833304331443,,0.11634922327079282,0.8760962376169338,0.17708541505086195,0.0011131228722637864,0.030622961302139578,2.702110393791442,,0.0027417745278532036,,74.12207444306392,17.687789941289623,,102.4632677211883,74.14177767030752,23.245548612752536,95.02010690482558,40.74924818877202,16.102387883860594,,0.692351812769653,,0.08993507632214552,0.264021364556756,,0.15743131536966676,0.11458486152492511,0.26526578349672303,0.008961263000016,0.5848760494760646,0.2227873398809676,,,,0.1427,2854.0,0.6725341,0.67925894,0.7560816,0.7833531,0.6732866,0.6417172,0.6632038,0.6268432,0.4968000054359436,0.6327701363563537,0.6927000284194946,0.6327701363563537,0.053,53.0,0.28188918106146954,0.27856214243263216,0.2817580872787428,0.25547633537179004,0.2412269870708265,0.25533920093263107,0.24880562632495357,0.24663851865514264,0.2477059777134052,-0.033570803294038616,-0.03251412405004349,-0.03304200161838657,-0.023547332238490218,-0.014187855861789092,-0.023448686803239294,-0.025027262391303238,-0.02424043644293931,-0.02355575187848358,0.7655,0.65727276,0.67248064,0.70855266,0.69065046,0.62401575,0.77952754,0.65303034,0.497700035572052,0.6714187331199646,0.6715001463890076,0.6714187331199646,0.052,52.0,0.3362664369749038,0.33661889897823605,0.33749060700649125,0.2917200517525297,0.2749746168648057,0.292110754790911,0.30185111875148035,0.30063988891513244,0.2986708565411704,-0.0018768116439281605,-0.0009520006424252046,-0.001595553967069207,-0.0026762907408815245,0.0025979652198650765,-0.003306943249437248,-0.00740562339513239,-0.006888142554852954,-0.007602052925783518,0.66411287,0.67297304,0.7543796,0.74389315,0.6300813,0.6333334,0.6203252,0.63978106,0.4972500205039978,0.6520944347381592,0.6821000874042511,0.6520944347381592,0.0525,52.5,0.3090778090181867,0.30759052070543413,0.309624347142617,0.27359819356215986,0.2581008019678161,0.273724977861771,0.27532837253821696,0.2736392037851375,0.2731884171272878,-0.017723807468983388,-0.016733062346234347,-0.01731877779272789,-0.013111811489685871,-0.005794945320962008,-0.013377815026338271,-0.016216442893217813,-0.015564289498896133,-0.015578902402133549,0.71480644,0.66512287,0.7134301,0.7262229,0.6603659,0.62867457,0.6999264,0.6464057,2026-10-05T09:54:33.542608
89,0.6906701922416687,0.5000473856925964,0.6310933196067811,0.6908473968505859,0.6310933196067811,0.856550595664978,0.9437863487243653,2.531282102584839,0.13472636635303498,5.5974146850585935,1.9999562194824219,1.0,10.0,,,,,0.7129681469917297,0.7129681469917297,,,,16.075800485229493,0.9261918693875811,0.10556958315324537,,0.10786764083465764,0.8335413507595184,0.178645149632624,0.0010134995205752005,0.030289582807309687,2.6630157513223636,,0.0023662518110396163,,74.08802994649122,17.668873392092955,,102.46118810374266,74.10709298492237,23.213144168732274,95.02049124164945,40.745952023062735,16.075778329448337,,0.6931253918416941,,0.0906350685722509,0.2652583921411235,,0.15833386294781024,0.11521206824642838,0.26630777443290515,0.008999508342877695,0.5870343507475154,0.22393981163289137,,,,0.14115,2823.0,0.6849038,0.69617397,0.76761097,0.77650076,0.6639408,0.63638383,0.66778046,0.6304888,0.5014000535011292,0.6442360434532165,0.6856001019477844,0.6442360434532165,0.048,48.0,0.28013251308068027,0.28235926110175985,0.2827618722270633,0.2332000842698919,0.2513700338072203,0.2268064912875316,0.24978798892418366,0.24358138845134422,0.24584310046504296,-0.023696954123419656,-0.02360381682898598,-0.02322017219218252,-0.026916832399039452,-0.02290068994966445,-0.024858017777143034,-0.02811483929476986,-0.027584182484485874,-0.027396285438900082,0.76949996,0.6536364,0.6686047,0.69934213,0.7020325,0.614567,0.74645674,0.6439394,0.5068500638008118,0.671395043373108,0.6700500845909119,0.671395043373108,0.052,52.0,0.3376531651832682,0.3375818582837282,0.33905313585965313,0.30382941708792355,0.2932657713296673,0.30326650793692467,0.31073879805194227,0.31014740400619334,0.31069057994323934,0.009374434155350919,0.009693929417703768,0.00938039371945963,0.011728302237583086,0.014039554105705142,0.011067756818693588,0.0039898660041615165,0.004558259643477948,0.0037375216002418915,0.6697581,0.6756757,0.7583942,0.738168,0.61219513,0.6421053,0.6227642,0.62992704,0.5041250586509705,0.6578155434131623,0.6778250932693481,0.6578155434131623,0.05,50.0,0.30889283913197424,0.309970559692744,0.3109075040433582,0.26851475067890773,0.2723179025684438,0.26503649961222814,0.28026339348806295,0.2768643962287688,0.27826684020414116,-0.007161259984034368,-0.006954943705641106,-0.006919889236361445,-0.007594265080728183,-0.004430567921979654,-0.006895130479224723,-0.012062486645304172,-0.011512961420503964,-0.011829381919329095,0.71962905,0.66465604,0.7134994,0.71875507,0.6571138,0.62833613,0.6846105,0.6369332,2026-10-05T09:58:28.891391
90,0.6893227100372314,0.5004498958587646,0.6350534576892852,0.6892750263214111,0.6350534576892852,0.8531667695045472,0.9400265394210815,2.519298196029663,0.12266069966554642,5.88013865814209,1.999330950164795,1.0,10.0,,,,,0.7872305096626282,0.7872305096626282,,,,16.04950604248047,1.1714051946950186,0.15089639478250388,,0.12637190089507658,0.8308610804141707,0.1815588909919095,0.0011636839836990094,0.03279083705608063,2.6513907339922183,,0.0028490334721925376,,74.05347879980779,17.650049574056247,,102.4600337326147,74.07260253323112,23.1801733393578,95.02091936245085,40.756412360318905,16.049483268883577,,0.692813782175635,,0.09117996265554125,0.267050552520023,,0.15924280483251924,0.11588614723484987,0.2677815710283389,0.009040350373241173,0.5898163261686921,0.22529927532004704,,,,0.15125,3025.0,0.6780874,0.693677,0.7655111,0.7720182,0.6619743,0.6431313,0.6656339,0.6313238,0.5087000131607056,0.6352839546203614,0.6933499574661255,0.6352839546203614,0.057,57.0,0.3682246326303075,0.3674036814817133,0.3684819537752655,0.293612954840246,0.293612954840246,0.293612954840246,0.32307993532540813,0.32307993532540813,0.32307993532540813,0.0027467771597868185,0.002456279600424298,0.0024964796218512986,-0.0016982240445240534,-0.0016982240445240534,-0.0016982240445240534,-0.0011177959977694705,-0.0011177959977694705,-0.0011177959977694705,0.76199996,0.6468182,0.68449616,0.71546054,0.69796747,0.63464564,0.7633859,0.6481061,0.5067000389099121,0.6811578488349914,0.667650043964386,0.6811578488349914,0.073,73.0,0.3147482000277073,0.3160356871098798,0.31922145411505665,0.28603330906265767,0.2743704861005859,0.286336929405324,0.2929647965059073,0.2915872285733105,0.29104648425738744,-0.0039026950444877896,-0.00421046913740049,-0.004022298719244256,0.0018114257347124664,-0.0036183330450736623,0.0005342656695678947,-0.0050566500972571956,-0.005520199145170473,-0.006228188425623811,0.65362906,0.67747754,0.740511,0.7469466,0.6219512,0.64605266,0.64918697,0.59927005,0.5077000260353088,0.6582209017276763,0.6805000007152557,0.6582209017276763,0.065,65.0,0.34148641632900745,0.3417196842957966,0.34385170394516107,0.2898231319514518,0.283991720470416,0.289974942122785,0.3080223659156577,0.30733358194935934,0.3070632097913978,-0.0005779589423504856,-0.000877094768488096,-0.0007629095486964786,5.6600845094206494e-05,-0.002658278544798858,-0.0005819791874780793,-0.003087223047513333,-0.003318997571469972,-0.003672992211696641,0.7078145,0.6621479,0.71250355,0.73120356,0.6599593,0.64034915,0.70628643,0.6236881,2026-10-05T10:02:23.458367
91,0.6908820867538452,0.4994753301143646,0.6310208501815796,0.6909521222114563,0.6310208501815796,0.8491487431526185,0.9355620644569397,2.4987005126953123,0.1286747661948204,5.853580339813233,1.9999948654174804,1.0,10.0,,,,,0.7759433485984802,0.7759433485984802,,,,16.02322289428711,0.664061741464457,0.07607608839608491,,0.07742223277640571,0.8335644238314052,0.17272125749261516,0.0009594922314344603,0.02923656343986654,2.7368108212568196,,0.002070950652112306,,74.0195306182667,17.626757214783105,,102.4615144182922,74.0384209505312,23.146729147358304,95.02460542909658,40.72382988899377,16.02320234942588,,0.6931446278171175,,0.09191363214687177,0.2685552436834688,,0.16011759771662912,0.11655254258661513,0.2692877439556608,0.009119944148667299,0.5906139961473501,0.2267568829902418,,,,0.15715,3143.0,0.6743184,0.6992751,0.7640848,0.76820695,0.6610787,0.6473333,0.6754759,0.6353564,0.5037500262260437,0.6425652408599853,0.6897000074386597,0.6425652408599853,0.057,57.0,0.41433329477453607,0.41443046094624425,0.41516046038681303,0.36563739642801374,0.34548006254181834,0.3651309864567218,0.3974856911915539,0.3952838970705767,0.3960848669966705,-0.01126918909006909,-0.011839912578484029,-0.011604991606301596,-0.010926947441400764,-0.017358265205632085,-0.011458149000086053,-0.015972499411787387,-0.015886300591804604,-0.016074870294630426,0.7615,0.65727276,0.6848837,0.69967103,0.7065041,0.6251969,0.7397638,0.6537879,0.49834999442100525,0.676877818107605,0.6707000732421875,0.676877818107605,0.067,67.0,0.3237657204852858,0.3276751724621519,0.32892923841184324,0.27055894453263196,0.27166174185215186,0.2783626555203461,0.2938222634491262,0.2948616968273371,0.2948612892752261,-0.006663580289270102,-0.006068966168694651,-0.0060827487187267775,-0.005028949269120449,-0.0044915573322579375,-0.0048096747411234195,-0.0073020286198744455,-0.007874923592397332,-0.007370970003569773,0.65,0.6828829,0.7565693,0.7366412,0.61544716,0.64736843,0.6333333,0.6332117,0.5010500103235245,0.6597215294837951,0.6802000403404236,0.6597215294837951,0.062,62.0,0.36904950762991096,0.3710528167041981,0.37204484939932814,0.31809817048032285,0.30857090219698513,0.32174682098853397,0.3456539773203401,0.3450727969489569,0.3454730781359483,-0.008966384689669597,-0.00895443937358934,-0.008843870162514186,-0.007977948355260606,-0.010924911268945011,-0.008133911870604736,-0.011637264015830916,-0.011880612092100968,-0.0117229201491001,0.70575,0.6700778,0.7207265,0.7181561,0.66097564,0.6362827,0.6865486,0.6434998,2026-10-05T10:06:18.630532
92,0.6905025243759155,0.5014452338218689,0.6324282155036927,0.690422534942627,0.6324282155036927,0.8450478163719177,0.931005480480194,2.454443264579773,0.12638853505849837,5.580789405059814,1.999712911605835,1.0,10.0,,,,,0.7571136805534363,0.7571136805534363,,,,15.996593533325195,0.9270407511929798,0.11501510742055193,,0.09370804013340336,0.8441331211928349,0.16610012122779894,0.0009887407401837646,0.029308413879079804,2.5510166773370875,,0.0021328134047924868,,73.98583260311443,17.59882116621467,,102.45326286364512,74.0037640128166,23.112835707937837,95.02465698825326,40.709110308604636,15.996575549909263,,0.6929996412271148,,0.09250666903462379,0.2690374063458412,,0.16050002273100955,0.11719365607781015,0.27059048642018796,0.009174626510424218,0.5922654578640203,0.22816900159143338,,,,0.16325,3265.0,0.68127507,0.688381,0.7529517,0.780233,0.6632593,0.64228284,0.67575943,0.63655806,0.48930004239082336,0.6270234022140503,0.6934500336647034,0.6270234022140503,0.063,63.0,0.3859192965332543,0.3869515412674246,0.38670710261449054,0.3162828523693508,0.3236015118760964,0.3178483323730937,0.3397007882941212,0.3390024257200652,0.3385378258371027,0.03185611202436297,0.03110671431445334,0.03184134166630962,0.02148875358420656,0.01843683837207994,0.022109115295839706,0.028333059023174338,0.027853437941047172,0.02914593944624553,0.7685,0.6545454,0.6806202,0.70625,0.6772358,0.61968505,0.7996063,0.6507576,0.5031500458717346,0.6606508305072785,0.6748999953269958,0.6606508305072785,0.068,68.0,0.3214920476458608,0.3264895486138061,0.3267687610938212,0.2798899277682155,0.2950860923431602,0.28782471200962745,0.31266714296105075,0.31237814359079535,0.3115215245779516,0.0003480645979485144,0.001456139499345095,0.0006711359821841909,-0.006983251827796472,-0.003418458576150555,-0.00803536778059141,-0.004213925132639254,-0.0039928131962279016,-0.004950630212240587,0.66895163,0.67432433,0.75583947,0.74541986,0.63699186,0.63771933,0.6284553,0.63905114,0.496225044131279,0.6438371163606644,0.6841750144958496,0.6438371163606644,0.0655,65.5,0.35370567208955755,0.35672054494061534,0.35673793185415587,0.2980863900687831,0.3093438021096283,0.3028365221913606,0.326183965627586,0.32569028465543026,0.3250296752075271,0.01610208831115574,0.016281426906899217,0.016256238824246906,0.007252750878205044,0.0075091898979646925,0.007036873757624147,0.012059566945267542,0.011930312372409636,0.012097654617002471,0.7187258,0.6644349,0.71822983,0.72583497,0.6571138,0.62870216,0.7140308,0.6449044,2026-10-05T10:10:13.864995
93,0.6928970813751221,0.49970757961273193,0.6260062305927276,0.69298255443573,0.6260062305927276,0.8475664782524109,0.9338039909362793,2.491276312828064,0.12499434983730316,5.4265107139587405,1.9997183221817016,1.0,10.0,,,,,0.747639910030365,0.747639910030365,,,,15.970778024291992,0.5483629801755499,0.08336485922929777,,0.07973123895846734,0.8060489084310593,0.16199097293577377,0.0009060753563160943,0.028205621951989307,2.4201320140225113,,0.001952694300615902,,73.95240924616529,17.576340146884796,,102.45092088249838,73.96916198730469,23.078765699058582,95.02164240551602,40.71184449894413,15.970755607459196,,0.6930027494005336,,0.0931334579541425,0.2696228507597735,,0.16109074851509872,0.11782221026291513,0.27151192943002006,0.009210837738007117,0.5946262167517546,0.22958578359169565,,,,0.16095,3219.0,0.68931437,0.6958719,0.7692155,0.7708333,0.6646028,0.64345455,0.67006886,0.6377801,0.498850017786026,0.6279346330165863,0.6942999958992004,0.6279346330165863,0.066,66.0,0.41513788519733874,0.4140300268191226,0.41537420483851994,0.37949932497236405,0.3617922846717588,0.3798629701944917,0.36363766607861003,0.3642511495882858,0.35548472608550086,0.036452188877062405,0.037069325772209956,0.036733361080056634,0.02315872720740971,0.01607293945608011,0.023791054317634844,0.028857622065212345,0.028220949168016093,0.02928667371492363,0.765,0.6527273,0.6786822,0.71282893,0.6955285,0.6248031,0.77362204,0.65871215,0.5021499991416931,0.6620271639823914,0.6760000586509705,0.6620271639823914,0.067,67.0,0.32732640269844615,0.3298423014155418,0.3317483684226367,0.289589218282742,0.2824041056553695,0.2985306610938906,0.30006114956048413,0.29589666508246004,0.29870208169909085,0.007186559891701457,0.00781596907587479,0.0073479793527093,0.0010615563761167944,-0.00511613377924013,-0.0009425230604229543,-0.0017814194595375315,-0.0013032029565013335,-0.0019816144784445826,0.66774195,0.68153155,0.7609489,0.74885494,0.62642276,0.6399123,0.6333333,0.6372263,0.5005000084638596,0.6449808984994888,0.6851500272750854,0.6449808984994888,0.0665,66.5,0.37123214394789245,0.3719361641173322,0.3735612866305783,0.334544271627553,0.32209819516356414,0.33919681564419113,0.3318494078195471,0.3300739073353729,0.32709340389229585,0.02181937438438193,0.022442647424042374,0.022040670216382965,0.012110141791763254,0.00547840283841999,0.011424265628605944,0.013538101302837406,0.01345887310575738,0.013652529618239524,0.71637094,0.6671294,0.71981555,0.73084193,0.66097564,0.6323577,0.7034777,0.64796925,2026-10-05T10:14:08.542604
94,0.6918848752975464,0.5032998323440552,0.6288296003818512,0.6918625235557556,0.6288296003818512,0.8501833615303039,0.9367116377830506,2.5187339962005617,0.1354773392558098,5.371795788574219,1.999252936553955,1.0,10.0,,,,,0.7439073068618774,0.7439073068618774,,,,15.943611920166015,0.7463617664376262,0.11286181160456436,,0.09106569941256457,0.8045098952427032,0.17082014679908752,0.0009876678767836516,0.028887977621927383,2.526395079816223,,0.002303361540673609,,73.91752114265587,17.55447057250199,,102.44557476651137,73.93466084474211,23.044914853041337,95.02168891080626,40.706393393741294,15.943590322117897,,0.6927734681755114,,0.09369899436926386,0.2710455164408228,,0.16157706176779071,0.1184593007727793,0.2727082407778236,0.009318983680598296,0.596653493346682,0.23088793380624928,,,,0.15965,3193.0,0.6818765,0.6827829,0.76113313,0.78657186,0.669743,0.64747477,0.668955,0.63321793,0.5,0.6243572683334351,0.69364994764328,0.6243572683334351,0.055,55.0,0.3391361344597867,0.3389726454202915,0.34010160756604557,0.2777298319329534,0.27958881151108106,0.2777226200378896,0.2655004491190292,0.26548857157199446,0.2662353503768383,0.008019505309437808,0.00844039108676274,0.008501261972256516,0.007989135295199661,0.005146507967110931,0.008022087667169487,0.0034140306516519713,0.003373933804639764,0.00355231901449462,0.768,0.64500004,0.68410856,0.7118421,0.68495935,0.622441,0.78897643,0.6511364,0.5037999749183655,0.6653806114196777,0.6723999977111816,0.6653806114196777,0.07,70.0,0.3333069754746391,0.3390513430183771,0.3386274724403294,0.283611859839843,0.27863992006090454,0.28428695320699304,0.2869128546190339,0.28598656238713915,0.2871820078776106,-0.0019858768474895067,-0.0011245213839798304,-0.001567459253317772,-0.0005118925231321155,-0.0010338372268756807,-0.0004067598632824788,-0.0043220868653395285,-0.004533277647865454,-0.003986024101878991,0.6685484,0.66621625,0.7540146,0.7461832,0.63536584,0.6258772,0.62967485,0.63905114,0.5018999874591827,0.6448689398765564,0.6830249726772308,0.6448689398765564,0.0625,62.5,0.3362215549672129,0.33901199421933426,0.3393645400031875,0.28067084588639823,0.2791143657859928,0.2810047866224413,0.27620665186903154,0.2757375669795668,0.27670867912722447,0.003016814230974151,0.0036579348513914546,0.0034669013594693723,0.003738621386033773,0.002056335370117625,0.003807663901943504,-0.0004540281068437786,-0.0005796719216128448,-0.00021685254369218547,0.71827424,0.6556082,0.7190616,0.72901267,0.66016257,0.6241591,0.7093257,0.6450938,2026-10-05T10:18:04.105061
95,0.6943327188491821,0.502632737159729,0.6236386213302613,0.6943548917770386,0.6236386213302613,0.8507473098754883,0.937338248538971,2.5254641677856444,0.13057734788656233,5.6439983230590824,1.999997834777832,1.0,10.0,,,,,0.7801796488761902,0.7801796488761902,,,,15.916449317932129,0.7137266118198063,0.10332871261082448,,0.09402153384130282,0.8385464597469682,0.1722370960577658,0.0009423365959583241,0.028412819940857828,2.804406343751652,,0.00220489749173481,,73.8842866253701,17.532587828909517,,102.44082981765649,73.90006785787594,23.011066157347077,95.01991067874204,40.71384446939845,15.916426269871414,,0.6931461050252247,,0.094496632315171,0.2722726532608081,,0.16215125960149582,0.11910302044859358,0.2739741456736425,0.009403937395401062,0.5991942780033038,0.23209285755066356,,,,0.1593,3186.0,0.68466324,0.6908981,0.7667195,0.7864929,0.6663941,0.64810103,0.6740786,0.63454175,0.4891999363899231,0.632065544128418,0.6933000087738037,0.632065544128418,0.075,75.0,0.3240982463524907,0.3196059168423746,0.3250007202450902,0.2578600874081628,0.23113984934541537,0.2709655799028868,0.2508804657115251,0.24491189819475578,0.244765140302498,0.008767453740461886,0.011688259159663402,0.00997524156214994,-0.001997678871541686,0.021024882893061262,0.005526557863781959,0.0115056298177781,0.015112989033376972,0.01561023154184395,0.769,0.6513637,0.67248064,0.7101974,0.6825204,0.62007874,0.7984252,0.6511364,0.5085499286651611,0.6690063614845276,0.6740499138832092,0.6690063614845276,0.073,73.0,0.3280750224818839,0.33174675225813416,0.332940663769351,0.31648176560270186,0.301574406947545,0.31352292219094735,0.30178743068305885,0.30118469755988875,0.300318509345105,-0.0009221047497372734,0.0007169769000825774,-0.00033174038006569096,-0.0055060121091057256,0.00800690390231277,-0.0022350351120189772,-0.004168023217989896,-0.0031899763662839647,-0.0039055554659555313,0.666129,0.6761262,0.75510955,0.7557252,0.6345529,0.6214912,0.6300813,0.63905114,0.4988749325275421,0.6505359528064728,0.6836749613285065,0.6505359528064728,0.074,74.0,0.3260866344171873,0.32567633455025435,0.3289706920072206,0.2871709265054323,0.26635712814648016,0.2922442510469171,0.27633394819729196,0.27304829787732227,0.2725418248238015,0.003922674495362306,0.0062026180298729895,0.004821750591042125,-0.003751845490323706,0.014515893397687017,0.0016457613758814908,0.003668803299894102,0.005961506333546503,0.00585233803794421,0.71756446,0.6637449,0.71379507,0.7329613,0.6585367,0.620785,0.71425325,0.6450938,2026-10-05T10:21:59.712697
96,0.6941952705383301,0.5002248287200928,0.6234253494739532,0.6942799091339111,0.6234253494739532,0.8474454145431518,0.9336694794654846,2.516387190628052,0.1162830938577652,5.520956512451172,1.9999717308044433,1.0,10.0,,,,,0.7943899189949035,0.7943899189949035,,,,15.889690269470215,0.972837573012254,0.1150730383718849,,0.10384458565052337,0.7839040461998836,0.1671865401896322,0.0009913387069564645,0.027180938833173674,2.5209266106793833,,0.0026159429595096462,,73.85043631389642,17.505546679162677,,102.44245794016844,73.86589750059092,22.977807342626487,95.01703410543453,40.74090972220063,15.889669053873439,,0.6931331112126636,,0.09515309329055677,0.2722869107298031,,0.16298542489671403,0.11973980937603933,0.27534241338444365,0.009414093325709461,0.6025770424277919,0.23331721117542048,,,,0.16395,3279.0,0.69330394,0.68946844,0.76662046,0.78518957,0.66306466,0.64737374,0.67270154,0.6336456,0.5014000535011292,0.6346824498176574,0.6903500556945801,0.6346824498176574,0.074,74.0,0.3371452195500083,0.33663403391743507,0.3380140875147009,0.27631081037416844,0.26394708025052777,0.2756620470225883,0.2879571241482449,0.2960427201686169,0.2873898697286249,-0.000832981478408446,-0.00048415239929885473,-0.00038277640220755273,0.018242559923850328,0.034790880231714005,0.01799819740478023,0.007351050823473854,0.004328509581127297,0.0073899648383444205,0.7675,0.6404546,0.675969,0.7174342,0.67439026,0.6251969,0.7771654,0.65037876,0.5016499757766724,0.6682870535850525,0.6724499464035034,0.6682870535850525,0.076,76.0,0.3463771473798881,0.34907883848047694,0.34988932399364714,0.3081027518784419,0.3027236461681146,0.3091794120531669,0.28364509535919735,0.2840908276529591,0.28184154566506137,0.0014031271282945665,0.0013369933134553796,0.0017281838110275016,0.0063011964305331155,0.0009601906568973918,0.006408795836546176,-0.003172635554339219,-0.003238124683658942,-0.0036848938874737653,0.6625,0.6783784,0.7518248,0.73282444,0.63861793,0.6381579,0.6402439,0.6273723,0.5015250146389008,0.6514847517013549,0.6814000010490417,0.6514847517013549,0.075,75.0,0.3417611834649482,0.342856436198956,0.343951705754174,0.29220678112630516,0.2833353632093212,0.29242072953787757,0.28580110975372114,0.290066773910788,0.28461570769684313,0.00028507282494306024,0.00042642045707826245,0.0006727037044099744,0.012271878177191721,0.017875535444305698,0.012203496620663203,0.002089207634567317,0.0005451924487341773,0.0018525354754353276,0.71500003,0.6594165,0.7138969,0.72512937,0.6565041,0.6316774,0.70870465,0.63887554,2026-10-05T10:25:55.191085
97,0.6874926090240479,0.5008900761604309,0.6369763743877411,0.6873826384544373,0.6369763743877411,0.8504739950180054,0.9370345677375793,2.5317199007034303,0.10881204695105552,5.7307677085876465,1.998996343612671,1.0,10.0,,,,,0.8156026638031005,0.8156026638031005,,,,15.863989756774902,1.268400280006752,0.13190202476088977,,0.09290905226211829,0.8990792075919497,0.1602921494442946,0.0008646864906527328,0.025722368756771846,2.810894018905178,,0.0019068261582760664,,73.81596821584519,17.48955239459967,,102.44217093886843,73.83147984401435,22.94523606027008,95.01754775320649,40.74506774222016,15.863969602402609,,0.6926398174777911,,0.09586259537631539,0.27433622946405106,,0.16389960999701433,0.1203444385604494,0.2763286891636575,0.009446019555922527,0.6049548717820721,0.23466054259971447,,,,0.1563,3126.0,0.6762229,0.684857,0.7446513,0.77991706,0.6624611,0.6461212,0.6753746,0.62670064,0.5057500004768372,0.6181402969360351,0.6975001096725464,0.6181402969360351,0.074,74.0,0.3605439445657989,0.36014188131202274,0.36175394956480444,0.26784130140099005,0.24347051067247635,0.267837098246228,0.2988992850387287,0.3013130622467012,0.29705428756564656,-0.0035936862829399657,-0.0025499166594677714,-0.003204251236067066,-0.0061128817374605585,0.004186531716572723,-0.004412081934649276,0.0012980337052828437,0.0009185116251118996,0.0019312852836855204,0.769,0.6536364,0.6910853,0.7289474,0.67276424,0.62992126,0.7897638,0.64924246,0.501300036907196,0.6623700041770935,0.6743999719619751,0.6623700041770935,0.077,77.0,0.37135435197936817,0.3782175497453671,0.37785596027274254,0.29864195091402035,0.30955532286609483,0.30907946678470566,0.30369005010391054,0.3065247781978234,0.3067433952717797,-0.0075315159569615975,-0.008011282593786487,-0.007613148776982611,-0.0026624296614261972,-0.007593799055231314,-0.004037327661081854,-0.010015699131123988,-0.011084189674410036,-0.010498566477257328,0.671371,0.68198204,0.7492701,0.73969465,0.6292683,0.64517546,0.6430894,0.62664235,0.5035250186920166,0.6402551505565643,0.6859500408172607,0.6402551505565643,0.0755,75.5,0.3659491482725835,0.3691797155286949,0.3698049549187735,0.2832416261575052,0.2765129167692856,0.2884582825154668,0.3012946675713196,0.3039189202222623,0.30189884141871315,-0.005562601119950781,-0.005280599626627129,-0.005408700006524839,-0.004387655699443378,-0.0017036336693292955,-0.0042247047978655645,-0.004358832712920572,-0.005082839024649068,-0.004283640596785904,0.7201855,0.66780925,0.72017765,0.734321,0.65101624,0.6375483,0.7164266,0.63794243,2026-10-05T10:29:49.932179
98,0.6935322880744934,0.499812513589859,0.6244303827762604,0.6935949921607971,0.6244303827762604,0.8522488887786865,0.9390066766738892,2.5583788736343385,0.11890400928258896,5.9761021484375,1.9995255210876466,1.0,10.0,,,,,0.8263323987007141,0.8263323987007141,,,,15.839086921691894,0.569658799725733,0.07675524648563688,,0.07199538231584107,0.7790213836606141,0.1583520001049634,0.0009190160566110425,0.026479052765306772,2.6433238311178364,,0.0021682829438719104,,73.78144953053469,17.46544109028616,,102.43730600928045,73.79729762958114,22.912514085222963,95.01885942592742,40.773845502525376,15.839065825103955,,0.6929068648891085,,0.09636697320231966,0.27490208255257575,,0.16444063091733654,0.1210140312078652,0.27787592304739983,0.009445371224906794,0.6084353061997967,0.23608086357830435,,,,0.155,3100.0,0.6892943,0.703826,0.7726228,0.769293,0.65899533,0.643899,0.671689,0.63661915,0.5080000758171082,0.634220299243927,0.6880999803543091,0.634220299243927,0.073,73.0,0.38635780328323444,0.3886375522507528,0.387928414391418,0.3001621658161645,0.2905302591922125,0.3010562783313153,0.3260508809668756,0.32383660106993384,0.3248854798375809,-0.0028775879902921356,-0.003659379632672645,-0.002952094800329139,-0.00918935668611424,-0.012003154167513427,-0.008604870841122849,-0.010790816945836022,-0.011598300466790503,-0.009737863018670757,0.762,0.665,0.69069767,0.700329,0.67560977,0.6311024,0.7362205,0.6549243,0.5070000290870667,0.6675335760116577,0.6705500483512878,0.6675335760116577,0.073,73.0,0.3658284430906501,0.36956396919306334,0.37064285465525887,0.30521971178948065,0.30229072115035216,0.30924113253851065,0.3125223969093481,0.3109487650193259,0.3097757757903055,-0.006448773412715519,-0.005963224875388805,-0.005891834006889802,-0.005401668328964791,-0.004792824947772531,-0.0030692754788423657,-0.013304490210089693,-0.013981614557231153,-0.013643615997656754,0.67217743,0.6851352,0.7609489,0.7259542,0.61219513,0.6543859,0.6219512,0.62335765,0.5075000524520874,0.6508769376277923,0.6793250143527985,0.6508769376277923,0.073,73.0,0.37609312318694227,0.37910076072190807,0.3792856345233384,0.3026909388028226,0.2964104901712823,0.305148705434913,0.3192866389381118,0.31739268304462986,0.3173306278139432,-0.0046631807015038275,-0.004811302254030725,-0.004421964403609471,-0.007295512507539515,-0.008397989557642978,-0.005837073159982607,-0.012047653577962857,-0.012789957512010827,-0.011690739508163756,0.7170887,0.6750676,0.7258233,0.71314156,0.6439024,0.6427442,0.67908585,0.63914096,2026-10-05T10:33:45.046090
99,0.6918823719024658,0.4990476667881012,0.6279156951904297,0.691987931728363,0.6279156951904297,0.846147737979889,0.9322276186943054,2.4608734651565554,0.12311313551664352,5.544519216918945,1.9999480831146241,1.0,10.0,,,,,0.7699654064178467,0.7699654064178467,,,,15.813989707946778,0.7971693616668889,0.12631219524035978,,0.10597160798764438,0.8267104974977529,0.16362944273811997,0.0011282777935555678,0.028863381493575632,2.6177895194405965,,0.0025241117040492493,,73.74724583716909,17.43741606451144,,102.43556189081471,73.7629980099429,22.880262168349734,95.01630202372363,40.84574489229044,15.813971385834323,,0.6931211823111127,,0.09678898865629913,0.27523322564781094,,0.16519827058740483,0.12159806010639591,0.2793990407779718,0.009518985179769006,0.6137834965803062,0.2376898947604902,,,,0.1618,3236.0,0.6695068,0.7019533,0.7638669,0.78487366,0.6606503,0.6484848,0.67270154,0.63107944,0.49925005435943604,0.6206660323143005,0.6992500424385071,0.6206660323143005,0.065,65.0,0.364854781896966,0.3646232593635499,0.3660584516152976,0.27795241685313693,0.2779742736835062,0.2806731583469613,0.3125650803565527,0.3109645633469996,0.31091864946714726,-0.0022349898416394614,-0.0013902252297661951,-0.001586410654450047,-0.002369551383259321,-0.0016611718700118127,-0.002659852700696348,-0.002747384382661259,-0.002736136500130432,-0.002043670383009067,0.764,0.6554545,0.6848837,0.7273027,0.7004065,0.63937014,0.7677165,0.65909094,0.5014500021934509,0.6659255928993225,0.673799991607666,0.6659255928993225,0.074,74.0,0.3168589607460644,0.32148403397833153,0.32259285602457544,0.27919231087899066,0.27962542664961954,0.28224920857080665,0.2817943150026876,0.2812963640911819,0.2788045011957069,0.000936515374389622,0.0012428854691762725,0.0005202994153581514,0.0015125323253647597,0.006856158310912265,0.002145601442414058,-0.007182679588847568,-0.007197578868450833,-0.008081123281241947,0.65967745,0.6828829,0.75,0.7465649,0.6219512,0.65,0.6410569,0.6291971,0.5003500282764435,0.6432958126068116,0.6865250170230865,0.6432958126068116,0.0695,69.5,0.3408568713215152,0.34305364667094074,0.3443256538199365,0.27857236386606377,0.27879985016656283,0.281461183458884,0.29717969767962016,0.2961304637190908,0.2948615753314271,-0.0006492372336249197,-7.366988029496133e-05,-0.0005330556195459478,-0.0004285095289472807,0.002597493220450226,-0.00025712562914114497,-0.004965031985754414,-0.004966857684290633,-0.005062396832125508,0.7118387,0.6691687,0.71744186,0.7369338,0.6611788,0.64468503,0.7043867,0.64414406,2026-10-05T10:37:40.502370
