epoch,train_eval_mode_acc,train_shuffled_message_acc,train_loss,train_acc,train_combined_loss,train_realised_survival,train_unmixed_survival,train_logit_margin,train_logit_prior_share,train_logit_spread,train_logit_scale,train_sampling_tau,train_pool_effective_examples,train_pool_score_norm,train_pool_score_sd,train_prototyper_mix_share,train_prototyper_within_share,train_referent_spread,train_referent_spread_backbone,train_polarity_separation,train_score_scale,train_score_bias,train_bilinear_weight_norm,train_clip_sender_vision,train_clip_sender_adapter,train_clip_sender_prototyper,train_clip_sender_language_model,train_clip_receiver_vision,train_clip_receiver_adapter,train_clip_receiver_token_embedding,train_clip_receiver_language_model,train_clip_receiver_discriminator,train_clip_log_score_scale,train_clip_log_logit_scale,train_clip_other,train_weight_sender_vision,train_weight_sender_adapter,train_weight_sender_prototyper,train_weight_sender_language_model,train_weight_receiver_vision,train_weight_receiver_adapter,train_weight_receiver_token_embedding,train_weight_receiver_language_model,train_weight_receiver_discriminator,train_weight_log_score_scale,train_weight_log_logit_scale,train_weight_other,train_drift_sender_vision,train_drift_sender_adapter,train_drift_sender_prototyper,train_drift_sender_language_model,train_drift_receiver_vision,train_drift_receiver_adapter,train_drift_receiver_token_embedding,train_drift_receiver_language_model,train_drift_receiver_discriminator,train_drift_log_score_scale,train_drift_log_logit_scale,train_drift_other,train_unique_message_fraction,train_unique_message_count,train_acc_md_and_color_color,train_acc_md_or_color_color,train_acc_md_color,train_acc_md_shape,train_acc_md_and_shape_shape,train_acc_md_and_color_shape,train_acc_md_or_shape_shape,train_acc_md_or_color_shape,test_shuffled_message_acc,test_loss,test_acc,test_combined_loss,test_unique_message_fraction,test_unique_message_count,test_topsim_s1,test_topsim_s2,test_topsim_s3,test_topsim_s4,test_topsim_s5,test_topsim_s6,test_topsim_s1_static,test_topsim_s2_static,test_topsim_s3_static,test_topsim_gt_s1,test_topsim_gt_s2,test_topsim_gt_s3,test_topsim_gt_s4,test_topsim_gt_s5,test_topsim_gt_s6,test_topsim_gt_s1_static,test_topsim_gt_s2_static,test_topsim_gt_s3_static,test_acc_md_and_color_color,test_acc_md_or_color_color,test_acc_md_color,test_acc_md_shape,test_acc_md_and_shape_shape,test_acc_md_and_color_shape,test_acc_md_or_shape_shape,test_acc_md_or_color_shape,test_same_shuffled_message_acc,test_same_loss,test_same_acc,test_same_combined_loss,test_same_unique_message_fraction,test_same_unique_message_count,test_same_topsim_s1,test_same_topsim_s2,test_same_topsim_s3,test_same_topsim_s4,test_same_topsim_s5,test_same_topsim_s6,test_same_topsim_s1_static,test_same_topsim_s2_static,test_same_topsim_s3_static,test_same_topsim_gt_s1,test_same_topsim_gt_s2,test_same_topsim_gt_s3,test_same_topsim_gt_s4,test_same_topsim_gt_s5,test_same_topsim_gt_s6,test_same_topsim_gt_s1_static,test_same_topsim_gt_s2_static,test_same_topsim_gt_s3_static,test_same_acc_md_and_color_color,test_same_acc_md_or_color_color,test_same_acc_md_color,test_same_acc_md_shape,test_same_acc_md_and_shape_shape,test_same_acc_md_and_color_shape,test_same_acc_md_or_shape_shape,test_same_acc_md_or_color_shape,test_avg_shuffled_message_acc,test_avg_loss,test_avg_acc,test_avg_combined_loss,test_avg_unique_message_fraction,test_avg_unique_message_count,test_avg_topsim_s1,test_avg_topsim_s2,test_avg_topsim_s3,test_avg_topsim_s4,test_avg_topsim_s5,test_avg_topsim_s6,test_avg_topsim_s1_static,test_avg_topsim_s2_static,test_avg_topsim_s3_static,test_avg_topsim_gt_s1,test_avg_topsim_gt_s2,test_avg_topsim_gt_s3,test_avg_topsim_gt_s4,test_avg_topsim_gt_s5,test_avg_topsim_gt_s6,test_avg_topsim_gt_s1_static,test_avg_topsim_gt_s2_static,test_avg_topsim_gt_s3_static,test_avg_acc_md_and_color_color,test_avg_acc_md_or_color_color,test_avg_acc_md_color,test_avg_acc_md_shape,test_avg_acc_md_and_shape_shape,test_avg_acc_md_and_color_shape,test_avg_acc_md_or_shape_shape,test_avg_acc_md_or_color_shape,timestamp
0,0.5320098400115967,0.5016601085662842,0.9741100028038024,0.5293370485305786,0.9741100028038024,0.3628869914054871,0.39527124722003937,0.9007762040138244,0.6997146831989288,0.798160216498375,1.0190771629333497,1.0,10.0,,,,,0.3135780525684357,0.3135780525684357,,,,18.458612854003906,0.053466596453232616,0.016787977733465423,,0.09675680329892666,0.48582002017528386,0.8182615081595767,0.010881114533099874,0.6037500818871009,1.1818142846511428,,0.007900692114469693,,77.28184975788092,19.60193709355251,,104.56253148947552,77.2761505515712,26.123012712806652,94.44747900507252,39.068990841033354,18.458590270607335,,0.03888802543715544,,0.009669064554522277,0.020350182271758274,,0.010856598282713372,0.00432634896822689,0.022866896294342104,0.0003764125086392341,0.03690837890763951,0.028195120782775293,,,,0.74255,14851.0,0.5387931,0.5463351,0.56725436,0.5202409,0.5125195,0.52044445,0.5072296,0.52173114,0.49729999899864197,0.9173813037872315,0.5649999976158142,0.9173813037872315,0.006,6.0,0.42687533960616364,0.4281207836279019,0.42678939221531065,0.3564038370980255,0.3657043431669207,0.35660963853971284,0.37639804669577326,0.37791542792898325,0.3762509075900532,0.010466490607003514,0.012200818535147567,0.011862147149555706,0.010915115625291301,0.01159728869551306,0.01185854112416801,0.00940852648943612,0.010661499657294156,0.011075898301284092,0.5435,0.57454544,0.5992248,0.5263158,0.5256098,0.5901575,0.5511811,0.6102273,0.5005499720573425,0.8913413906097412,0.5834499597549438,0.8913413906097412,0.007,7.0,0.4800942457784795,0.47972287947514763,0.48064369623313996,0.3847803040683332,0.3774529246684296,0.3858351214044047,0.40113384698146043,0.4046095788705988,0.40063365305529175,-0.0037673962128540054,-0.004254404730563154,-0.004042587450124527,-0.013218219534194204,-0.014260128083459256,-0.013308401758237543,-0.00924777471513814,-0.009485951396856871,-0.009424774182877047,0.6262097,0.62792796,0.7080292,0.52442753,0.51544714,0.57807016,0.5126017,0.56970805,0.49892498552799225,0.9043613471984864,0.574224978685379,0.9043613471984864,0.006500000000000001,6.5,0.45348479269232156,0.45392183155152477,0.4537165442242253,0.37059207058317933,0.37157863391767515,0.37122237997205876,0.38876594683861687,0.391262503399791,0.3884422803226725,0.003349547197074754,0.003973206902292206,0.00390977984971559,-0.0011515519544514517,-0.001331419693973098,-0.0007249303170347669,8.037588714899027e-05,0.0005877741302186424,0.0008255620592035225,0.58485484,0.6012367,0.65362704,0.5253717,0.52052844,0.58411384,0.53189135,0.58996767,2026-10-06T03:38:14.153508
1,0.5976724028587341,0.5028523802757263,0.862237661933899,0.597007691860199,0.862237661933899,0.6662858033180237,0.7323810285568237,1.9609394586563111,0.43335386378765106,1.157399122619629,1.2552015417098998,1.0,10.0,,,,,0.44747554697990416,0.44747554697990416,,,,18.425758532714845,0.1948156853675083,0.03539438310203848,,0.11887761634910941,0.5863518779444846,0.4443925978366736,0.002765936708777763,0.14002673304194857,1.194376529591858,,0.007116946349866617,,77.24765821323274,19.587912322609288,,104.56596146115831,77.23960439111018,26.100796790639308,94.44678264059078,39.112464394539025,18.425728718945933,,0.22640930932418557,,0.02065379642377234,0.04482539083547653,,0.022594751303742645,0.009964220021157318,0.038892085836002024,0.000543791769965178,0.08118002942413281,0.04247382418460147,,,,0.33575,6715.0,0.652506,0.6441402,0.7246236,0.5420616,0.5233061,0.5800606,0.5250912,0.5849287,0.4952000379562378,0.9210985841751098,0.5615000128746033,0.9210985841751098,0.022,22.0,0.4437598189637708,0.4607636338189809,0.4473349099162951,0.38893159101416824,0.4095522607557174,0.39599126573984134,0.40242454071143163,0.4036063286113352,0.39904371507732284,0.040249669980307295,0.03485457829607181,0.037439052907413714,0.060957874699491786,0.0586537672150185,0.05922451644636431,0.045838325054601815,0.04513378973809726,0.04650068086048561,0.5025,0.5945455,0.56046516,0.52532893,0.53373986,0.5964567,0.5496063,0.625,0.5042500495910645,0.8596323227882385,0.5972499847412109,0.8596323227882385,0.019,19.0,0.45516725689500276,0.4760039848954458,0.4653550732017766,0.36533906027867796,0.3777470385340885,0.35311776914178583,0.3972437926137761,0.40382684819152903,0.3935317973493197,0.018839855751805912,0.015798786200012255,0.014091604846512324,0.028110358997169647,0.022804896852154487,0.01816359083816266,0.016688680439851406,0.015312323620048213,0.01304879465648068,0.65,0.6418919,0.7390511,0.5354962,0.5170732,0.5925439,0.50609756,0.58832115,0.4997250437736511,0.8903654534816742,0.5793749988079071,0.8903654534816742,0.020499999999999997,20.5,0.44946353792938676,0.46838380935721335,0.45634499155903585,0.3771353256464231,0.3936496496449029,0.3745545174408136,0.39983416666260385,0.4037165884014321,0.39628775621332124,0.029544762866056604,0.025326682248042034,0.02576532887696302,0.04453411684833072,0.040729332033586495,0.038694053642263485,0.03126350274722661,0.030223056679072734,0.029774737758483143,0.57624996,0.61821866,0.6497581,0.53041255,0.52540654,0.5945003,0.52785194,0.6066606,2026-10-06T03:42:16.283162
2,0.606602668762207,0.4997676610946655,0.8296164475440979,0.6069979667663574,0.8296164475440979,0.706295537853241,0.7768362908363342,1.9441913625717162,0.3010034010410309,1.3405373309135438,1.43409464263916,1.0,10.0,,,,,0.4003564980506897,0.4003564980506897,,,,18.391303817749023,0.39096291638483666,0.04201682223374866,,0.11631026120180157,0.6836338354523774,0.3515801124132363,0.0020311170956119895,0.09400335771690128,1.1973971559363565,,0.00457801348090418,,77.2172910848241,19.56726167763874,,104.56646393211025,77.20409432186443,26.075092996002002,94.44595283459707,39.124233683203435,18.391276645052965,,0.3600193727168308,,0.02542810557279617,0.05791552969889276,,0.028675429226391633,0.014555979075183155,0.04859391452780195,0.0006289403584554411,0.10125228387724822,0.04709490756415258,,,,0.28525,5705.0,0.67259425,0.6622634,0.75992477,0.5397117,0.51454437,0.5931313,0.52308625,0.5917108,0.4989999532699585,0.9094231309890747,0.5587999820709229,0.9094231309890747,0.024,24.0,0.3200372855603248,0.32481283664975247,0.32153389358091417,0.28226494979828803,0.27788267339326556,0.27405775757825296,0.2969044184016921,0.2954873426074706,0.29963200899473014,0.02611592365558296,0.02442116085762808,0.025274012459841417,0.04272982128793427,0.03254135950899848,0.037712890962654816,0.023702158647239204,0.021823347301129652,0.018410774473721275,0.5715,0.59727275,0.5751938,0.5101974,0.499187,0.5917323,0.5185039,0.619697,0.5020000338554382,0.826311978816986,0.605199933052063,0.826311978816986,0.025,25.0,0.47490729823461025,0.49675770046075035,0.48103279900438917,0.4164641826858571,0.41922726340454736,0.3892627797678987,0.4387914337550259,0.4475067734989604,0.43619407255656467,0.007776124970294176,0.007226449455094481,0.005453163037129957,0.007048461339082811,0.012651794601324862,0.005995491022398417,0.00920611733893812,0.009106312137961424,0.006224463116135136,0.64556456,0.66306305,0.790146,0.5167939,0.5166667,0.6241228,0.5150407,0.5660584,0.5004999935626984,0.8678675549030304,0.5819999575614929,0.8678675549030304,0.0245,24.5,0.3974722918974675,0.41078526855525144,0.40128334629265167,0.34936456624207257,0.34855496839890643,0.33166026867307585,0.36784792607835903,0.37149705805321553,0.3679130407756474,0.016946024312938568,0.01582380515636128,0.015363587748485686,0.02488914131350854,0.022596577055161673,0.021854190992526615,0.01645413799308866,0.015464829719545537,0.012317618794928206,0.6085323,0.6301679,0.6826699,0.5134957,0.5079268,0.60792756,0.5167723,0.5928777,2026-10-06T03:46:17.283562
3,0.6144426465034485,0.5015249252319336,0.8091503911018372,0.614607572555542,0.8091503911018372,0.698533560848236,0.7682118698120117,1.6605195355415345,0.3094119304895401,1.4726014947891235,1.5985386688232421,1.0,10.0,,,,,0.36460511298179626,0.36460511298179626,,,,18.358051318359376,0.5540667381256249,0.060479268562167315,,0.1327312817666561,0.6541811342641806,0.4100388131656085,0.0020559285040707533,0.08936152483817118,1.7328930760075332,,0.004031930319560027,,77.18577983880499,19.548930684472346,,104.57061816172994,77.16841246975456,26.048513825531977,94.44456462495646,39.13531200141664,18.358027537157582,,0.4687041215076568,,0.02909642558805882,0.0713009569485476,,0.03463503571262785,0.018912722682876953,0.05690929756327799,0.0007381813628836327,0.11762943213722508,0.051016246840642515,,,,0.28315,5663.0,0.6894948,0.6774265,0.77826864,0.530154,0.516102,0.60424244,0.5221142,0.6003462,0.5106000304222107,0.8721641001701355,0.5786999464035034,0.8721641001701355,0.045,45.0,0.41835101295516947,0.4218255367617286,0.42754989269852506,0.3867755314457398,0.3466144495809303,0.3552156266434108,0.38768196864611093,0.3830051517286467,0.3859859084688738,-0.0038886439547545417,-0.003461150217175083,-0.005477614239248136,-0.007368451888459189,-0.011263387201763855,-0.013691999174488706,-0.005115115082795458,-0.0061163059798585995,-0.010885083333884793,0.61300004,0.64590913,0.62480617,0.5085527,0.502439,0.6066929,0.5114173,0.64128786,0.49935001134872437,0.8120076022148133,0.6038999557495117,0.8120076022148133,0.047,47.0,0.5203918925455232,0.5200890970619684,0.5241262716178116,0.47167160898478916,0.41797324590396967,0.4585068931397626,0.4832020948785945,0.4778085939320551,0.47136318118722276,0.01626617297052321,0.013053013521737985,0.013770618483556868,0.02058593260785544,0.01825806234968546,0.018091978293789238,0.014506343042824766,0.01305778695063177,0.00963107912360666,0.6649194,0.6531532,0.80073,0.5038168,0.499187,0.6131579,0.5142276,0.5744526,0.5049750208854675,0.8420858511924744,0.5912999510765076,0.8420858511924744,0.046,46.0,0.4693714527503463,0.4709573169118485,0.4758380821581683,0.42922357021526447,0.38229384774245,0.4068612598915867,0.43544203176235274,0.4304068728303509,0.4286745448280483,0.006188764507884334,0.004795931652281451,0.004146502122154366,0.0066087403596981256,0.003497337573960802,0.0021999895596502657,0.004695613980014654,0.003470740485386585,-0.0006270021051390665,0.6389597,0.6495311,0.7127681,0.5061847,0.500813,0.6099254,0.5128225,0.6078702,2026-10-06T03:50:18.370942
4,0.6169920563697815,0.5005375742912292,0.7937392713546753,0.6172499656677246,0.7937392713546753,0.7306812671661377,0.8039315421104432,1.788885805130005,0.22634576510190962,1.6186372953414916,1.7710199920654297,1.0,10.0,,,,,0.3911555503845215,0.3911555503845215,,,,18.328793341064454,0.6465054290594568,0.0747739988005465,,0.14165936858885608,0.6178882319456452,0.32254577520641553,0.0018990358347399457,0.07571555267141503,1.6075246935817087,,0.003629495678202599,,77.15116508143723,19.533314091384792,,104.5781469162862,77.13129862402654,26.021637946936735,94.44377204263286,39.1440703276616,18.328772320109568,,0.5711407122338653,,0.03131242845041357,0.08364534230938384,,0.040419633767217585,0.02229177616062058,0.06396501345239627,0.0008713002854240406,0.13150785550190386,0.05556508732639301,,,,0.2849,5698.0,0.70647556,0.6946234,0.78476626,0.52158374,0.50891745,0.6087273,0.5097003,0.60486764,0.49914997816085815,0.8839759440422058,0.5703999996185303,0.8839759440422058,0.057,57.0,0.41807112009486375,0.4685667189646163,0.45183116690377667,0.3147203831578924,0.37768347229245475,0.32739219342402653,0.3665804222473804,0.3938054396808303,0.38823368640889405,0.015271720394944316,0.018112782898863578,0.018943834879100514,0.0030360324208504705,0.01628159295481457,0.004250466880986434,-0.004340400597218524,-0.00303711591055752,0.012141756387045564,0.589,0.6345455,0.61395353,0.5065789,0.49065042,0.6003937,0.5031496,0.6439394,0.4990999698638916,0.7972186331748963,0.6107999682426453,0.7972186331748963,0.053,53.0,0.5421116887243037,0.5675281307152404,0.5609008002124535,0.4280379991040518,0.4347088233874142,0.4185803581040963,0.5217377379460372,0.5333246112395651,0.5262229538625359,0.030124907268903225,0.02726246152088572,0.023702958154787727,0.03184387781704608,0.03261753360663368,0.027007312560544096,0.023034274808257916,0.01971009823995433,0.012028688093341336,0.6729839,0.6671171,0.8167883,0.4980916,0.5028455,0.622807,0.5101626,0.58795625,0.4991249740123749,0.8405972886085511,0.5905999839305878,0.8405972886085511,0.055,55.0,0.48009140440958376,0.5180474248399284,0.5063659835581151,0.3713791911309721,0.40619614783993446,0.3729862757640614,0.4441590800967088,0.46356502546019773,0.457228320135715,0.02269831383192377,0.02268762220987465,0.02132339651694412,0.01743995511894828,0.024449563280724125,0.015628889720765263,0.009346937105519697,0.008336491164698406,0.01208522224019345,0.63099194,0.65083134,0.7153709,0.50233525,0.49674797,0.6116004,0.5066561,0.61594784,2026-10-06T03:54:15.394205
5,0.6198076009750366,0.5029147267341614,0.7835926013946534,0.6199496388435364,0.7835926013946534,0.7740653661727905,0.8521360934257507,1.890792112159729,0.2264895186662674,1.8643836013793946,1.9458711044311523,1.0,10.0,,,,,0.4082304175376892,0.4082304175376892,,,,18.301833880615234,0.7099517027663577,0.09058710035814602,,0.1373721935614279,0.6163499968446744,0.281002629050024,0.0017257609447630443,0.06638490995926083,1.4780184977753148,,0.0027461015624157302,,77.11479983967581,19.515207144864807,,104.58662866483068,77.09402344333138,25.992725080745235,94.44206446750908,39.15352280732173,18.301810963138653,,0.6655203620339655,,0.03262709019480237,0.09177109561148722,,0.04609693686483772,0.02508479921491283,0.07009481083435617,0.0009948284629210356,0.14439879841865247,0.06074392081351037,,,,0.20875,4175.0,0.71267045,0.6950463,0.7965333,0.5153831,0.50459504,0.6143838,0.5156136,0.60731167,0.5038999915122986,0.88372585439682,0.5701000690460205,0.88372585439682,0.044,44.0,0.4144320349099962,0.42695290927726276,0.40017401664324426,0.414673947518672,0.443572738646332,0.3951182297350279,0.397865161097746,0.41117368618320743,0.3753257806608896,0.03060523915735488,0.03366086867654509,0.038009188427670836,0.04512530650737209,0.04791722017888868,0.03551099888874521,0.03220981178185589,0.03491942830286174,0.03779937993458664,0.6065,0.6463636,0.64728683,0.49605265,0.49024394,0.6043307,0.49527562,0.60227275,0.5120000243186951,0.805845576763153,0.6086499691009521,0.805845576763153,0.042,42.0,0.5203675230905356,0.515071295945711,0.5092879751327324,0.4794971297547182,0.44360652787709764,0.43739204868329007,0.49911987362736954,0.49803374584711796,0.46815935758627153,0.02769128704090734,0.023527299269949696,0.024252730886395978,0.027002687389873246,0.03511379902069583,0.02535035236623208,0.023627166819348167,0.023623555041612794,0.020057754431957127,0.65645164,0.6783784,0.829927,0.5030534,0.50731707,0.6258772,0.5004065,0.5624088,0.5079500079154968,0.8447857155799865,0.5893750190734863,0.8447857155799865,0.043,43.0,0.46739977900026586,0.47101210261148685,0.4547309958879883,0.4470855386366951,0.44358963326171486,0.416255139209159,0.4484925173625578,0.4546037160151627,0.42174256912358055,0.029148263099131107,0.02859408397324739,0.031130959657033407,0.03606399694862267,0.04151550959979225,0.030430675627488645,0.027918489300602027,0.029271491672237266,0.028928567183271883,0.6314758,0.66237104,0.7386069,0.49955302,0.4987805,0.61510396,0.49784106,0.5823408,2026-10-06T03:58:16.864410
6,0.6217221021652222,0.498212605714798,0.7799973670959472,0.622337281703949,0.7799973670959472,0.7896557294845581,0.8694587149620057,1.931997727203369,0.25368576936721804,2.02988258895874,1.9999365844726562,1.0,10.0,,,,,0.4444949522972107,0.4444949522972107,,,,18.27364122619629,0.9797651857185136,0.10118569395724375,,0.15116540221556737,0.6308819826241512,0.28824593871831894,0.0017594108087378465,0.06561573744294749,1.7497155531576485,,0.0027009672872725116,,77.07953454278837,19.496422749416084,,104.59545169514456,77.05649221626817,25.962259814997388,94.43898603111316,39.16191521419841,18.273620362494402,,0.6931156151613612,,0.034534857222798525,0.09620796011132039,,0.0507608653538546,0.02737668991848162,0.07520340762700245,0.0010817912755723877,0.15593626070174443,0.0642574341243999,,,,0.19915,3983.0,0.7181636,0.7001208,0.800416,0.51599526,0.50846964,0.616303,0.5112799,0.60979635,0.49595001339912415,0.8854480090141297,0.5832500457763672,0.8854480090141297,0.077,77.0,0.402865119744827,0.40850539333613345,0.4045351943510729,0.36028317157014245,0.34018847171792843,0.33742460240755023,0.3601083779447038,0.3669069384821602,0.34153673119340394,0.007586043362979628,-0.0007058636886915733,0.010145820966115972,-0.004475628896177807,-0.019522295336653103,-0.008343689746984505,-0.003739685891537899,-0.00845284875530035,0.00041322513224538985,0.6,0.62909096,0.6511628,0.5157895,0.50365853,0.61968505,0.4948819,0.66780305,0.49800002574920654,0.7956491246223449,0.6246500611305237,0.7956491246223449,0.074,74.0,0.4789445035717765,0.47324603725463893,0.4707256799318929,0.42652898411866824,0.37428769557669256,0.3727406719535039,0.4570145048330468,0.439717644556122,0.4268978516168553,0.02325874072375756,0.01831923336828889,0.021113350120026117,0.028681957001118318,0.023792036523344,0.019483967792407197,0.016101711023814518,0.014180683561378101,0.0125324423119323,0.68104845,0.67252254,0.8529197,0.49694654,0.5020325,0.6368421,0.50569105,0.6354015,0.49697501957416534,0.8405485668182373,0.6039500534534454,0.8405485668182373,0.0755,75.5,0.44090481165830175,0.44087571529538616,0.43763043714148286,0.39340607784440534,0.35723808364731047,0.35508263718052707,0.4085614413888753,0.4033122915191411,0.3842172914051296,0.015422392043368593,0.008806684839798658,0.015629585543071044,0.012103164052470255,0.002134870593345448,0.005570139022711346,0.0061810125661383095,0.0028639174030388754,0.006472833722088845,0.64052427,0.6508068,0.7520412,0.50636804,0.5028455,0.6282636,0.50028646,0.65160227,2026-10-06T04:02:18.061988
7,0.6309599280357361,0.500422477722168,0.765835304737091,0.6313025951385498,0.765835304737091,0.7615262866973876,0.8382037832260132,1.6946814027786254,0.2862711292028427,1.7366994684219361,2.0,1.0,10.0,,,,,0.40580651297569276,0.40580651297569276,,,,18.24688950805664,0.7251496379067943,0.07934754981309365,,0.1399217934412941,0.5299203598954875,0.25016826927472074,0.002087060947143206,0.07474819866192949,1.4882273658825333,,0.003246932853106706,,77.04283846715454,19.47771382179989,,104.6075068188321,77.01925882716088,25.935275363314684,94.43821376144507,39.159381307614076,18.24686973717562,,0.6931471824645996,,0.03555779337028789,0.09898678009297437,,0.055464386228163534,0.02889568645768105,0.08079409086780184,0.0012061419625392859,0.1646469149999558,0.0682381591789282,,,,0.2411,4822.0,0.7371492,0.71441805,0.8159866,0.5215443,0.50549066,0.6206667,0.5155529,0.62177193,0.4975999891757965,0.8188369836807251,0.6062999367713928,0.8188369836807251,0.131,131.0,0.38170484834673396,0.3948723347903863,0.3942259606251568,0.3392806883404431,0.3080098719005897,0.35188420559675976,0.3401822148964101,0.33074374889194913,0.32835038769289787,0.013233469458339364,0.003494472755979064,0.0049546739464468685,0.0028978277148808992,-0.0022740486889907476,-0.008489458921794757,0.007042166110713009,0.003635043135912966,-0.011356023198112467,0.65550005,0.685,0.70852715,0.50328946,0.49878052,0.6397638,0.51968503,0.67348486,0.5110000371932983,0.7597468953132629,0.6371999979019165,0.7597468953132629,0.128,128.0,0.44934100684903444,0.4873791458142618,0.4768906075578889,0.36452989320397666,0.3660450970489811,0.38200731760018525,0.3983306517761935,0.3967722413649867,0.4096217610401794,0.013619412682646177,0.008706801437850282,0.009502100798641075,0.012026958810103447,0.012545606442536944,0.006458692228334887,0.013613978120554477,0.009330537032136633,0.005158925585582355,0.72459674,0.69729733,0.8642336,0.5061069,0.49878052,0.65482455,0.50609756,0.63503647,0.5043000131845474,0.7892919394969939,0.6217499673366547,0.7892919394969939,0.1295,129.5,0.41552292759788423,0.44112574030232404,0.43555828409152286,0.3519052907722099,0.33702748447478537,0.3669457615984725,0.36925643333630176,0.3637579951284679,0.36898607436653863,0.01342644107049277,0.006100637096914673,0.0072283873725439715,0.007462393262492173,0.005135778876773098,-0.001015383346729935,0.010328072115633743,0.0064827900840248,-0.003098548806265056,0.6900484,0.69114864,0.7863804,0.50469816,0.49878052,0.64729416,0.5128913,0.65426064,2026-10-06T04:06:18.900641
8,0.6391499042510986,0.5011246204376221,0.7489068677902222,0.6390998363494873,0.7489068677902222,0.7624601795196533,0.839241436290741,1.6766365760803223,0.2610385593175888,1.6821621448516846,2.0,1.0,10.0,,,,,0.392495957326889,0.392495957326889,,,,18.219660250854492,0.44232599211821133,0.089892419873719,,0.1445461346702591,0.5244336056101854,0.2286442991369849,0.0022031109643637376,0.07918480255753751,1.3017224215777816,,0.0038602252377369175,,77.00890029615657,19.458584694346044,,104.61571031315312,76.9827762287893,25.90757376069476,94.43835055600306,39.22903439953069,18.219635799432258,,0.6931471824645996,,0.03777068976763707,0.10313018852738058,,0.059187694695914624,0.03073129808874267,0.08604720139959056,0.001375981826768227,0.18245567134611165,0.0720793958397428,,,,0.2675,5350.0,0.75485164,0.73956907,0.8279715,0.5174171,0.5009151,0.62945455,0.5111786,0.6341344,0.5009000301361084,0.7891412177085877,0.6215500235557556,0.7891412177085877,0.153,153.0,0.41060918915320965,0.4162270821966858,0.414283708368556,0.362223794646723,0.3558696663528112,0.3648384903870269,0.38897907726874426,0.36360827787215283,0.37647243419593884,0.03242611703776745,0.035782421432889414,0.03182622647088074,0.02609313070845381,0.03342815125965974,0.021239035975318957,0.030243148468160706,0.03305362283467471,0.02446707941111836,0.655,0.7145454,0.8162791,0.50296056,0.49878052,0.6354331,0.5185039,0.66515154,0.498850017786026,0.7361628923416138,0.6467000246047974,0.7361628923416138,0.153,153.0,0.4897164218354181,0.5229583396328361,0.510466587920958,0.4175271954053771,0.4117792073898641,0.4132524969703729,0.4514040811943571,0.46342500239482154,0.4584227274939539,0.0483418747544018,0.03267763427699124,0.041522419809498536,0.06043234781888326,0.04476832306498471,0.056800775524610866,0.052825325753972203,0.04479431393175429,0.04381566132886406,0.76491934,0.7297297,0.850365,0.5259542,0.50731707,0.6539474,0.5134146,0.6229927,0.4998750239610672,0.7626520550251008,0.6341250240802765,0.7626520550251008,0.153,153.0,0.45016280549431387,0.46959271091476096,0.462375148144757,0.38987549502605,0.38382443687133766,0.3890454936786999,0.4201915792315507,0.4135166401334872,0.4174475808449464,0.04038399589608463,0.03423002785494032,0.03667432314018964,0.04326273926366853,0.039098237162322226,0.03901990574996491,0.041534237111066456,0.0389239683832145,0.03414137036999121,0.7099596,0.7221376,0.83332205,0.51445735,0.5030488,0.6446903,0.51595926,0.6440721,2026-10-06T04:10:20.236960
9,0.6490004658699036,0.5001350045204163,0.7305966945648193,0.6488572955131531,0.7305966945648193,0.7684040990829468,0.8458457992553711,1.7636584486007691,0.20200923448801042,1.7199777269363403,2.0,1.0,10.0,,,,,0.42053829221725464,0.42053829221725464,,,,18.19135267944336,0.35658792809695955,0.10481109659952723,,0.14163756368171637,0.4869085089985732,0.27375326191733595,0.00229439784173563,0.08162199149418409,1.622948491079792,,0.004135419568269377,,76.97429443164995,19.4402531058925,,104.63030957264506,76.94679090171863,25.879935999584806,94.4366827800775,39.30701016468607,18.191336941567197,,0.6931471824645996,,0.03978379156179489,0.10859172696330745,,0.06333770607687106,0.033094448767080425,0.09188656518413763,0.0015472203172790776,0.19994158796064412,0.07599753426138763,,,,0.2757,5514.0,0.77115077,0.7562626,0.8423732,0.5187204,0.5012656,0.64907074,0.508708,0.64637476,0.508899986743927,0.7879435491561889,0.6259000301361084,0.7879435491561889,0.155,155.0,0.4805027900278966,0.5218872723986899,0.49305323629752196,0.4412350154346913,0.45837162502286805,0.418057061903469,0.4352533517038614,0.44780936103873853,0.44144605498573436,0.0700582284849457,0.052693201940192766,0.05117245877288718,0.06134407912079708,0.04519407295888957,0.04563507592681631,0.07114866940454385,0.06634082266238633,0.04923404442007171,0.65800005,0.69545454,0.8515504,0.50230265,0.5028455,0.6448819,0.5106299,0.6727273,0.5025500059127808,0.7474343709945679,0.645799994468689,0.7474343709945679,0.166,166.0,0.5128489853479082,0.5611801443852142,0.5391973542286678,0.42363131451745484,0.4442256571867726,0.4089360881664606,0.46779914190035743,0.4840088266482913,0.48789535250612076,0.04938100803842137,0.03983461578109772,0.04357035323563601,0.05044718088478459,0.045657402513678835,0.0494322878672483,0.05221120125914586,0.049072276629632434,0.04308104259596298,0.7641129,0.72477484,0.85145986,0.50114506,0.49308944,0.65657896,0.50569105,0.66131383,0.5057249963283539,0.7676889600753785,0.6358500123023987,0.7676889600753785,0.1605,160.5,0.4966758876879024,0.541533708391952,0.5161252952630948,0.4324331649760731,0.4512986411048203,0.4134965750349648,0.4515262468021094,0.4659090938435149,0.46467070374592756,0.05971961826168353,0.04626390886064524,0.047371406004261596,0.05589563000279084,0.0454257377362842,0.047533681897032304,0.06167993533184486,0.05770654964600938,0.046157543508017346,0.7110565,0.7101147,0.85150516,0.5017239,0.49796748,0.65073043,0.5081605,0.66702056,2026-10-06T04:14:17.552281
10,0.652962863445282,0.501057505607605,0.7222096494674682,0.6528799533843994,0.7222096494674682,0.7612077251434326,0.8378498292922973,1.7460972423553467,0.19018402223587036,1.7105669618606567,2.0,1.0,10.0,,,,,0.4207967783927917,0.4207967783927917,,,,18.168493884277343,0.38196004642422793,0.11309095529044509,,0.14942705232626313,0.46923527055105585,0.2237503795060003,0.002243196514989754,0.07576396061214292,1.3093567680401408,,0.004226757840225236,,76.9374919818465,19.418475181433806,,104.6428769834482,76.91080528307872,25.853801192751355,94.43712849222172,39.38939093328585,18.168480526869462,,0.6931471824645996,,0.04096695448562598,0.11304263689905215,,0.06710085823277759,0.035409212942905485,0.09793421161022915,0.0017245580511950668,0.2165247117448005,0.08216285074402573,,,,0.28875,5775.0,0.78480357,0.76469994,0.8377377,0.51903635,0.50885904,0.6412525,0.51449984,0.6552953,0.5108000040054321,0.7900286564826965,0.6241000294685364,0.7900286564826965,0.215,215.0,0.43142552868410583,0.456037128595677,0.4459178106742424,0.378625775582175,0.3436950956921847,0.3524345436687411,0.3951081192866568,0.38593369409828093,0.3952985054123682,0.08883627727770756,0.08701077665869032,0.08009191855052875,0.09511712147512959,0.07857426923569,0.08150447536761292,0.0876179939002428,0.09201678876819476,0.07469140920863067,0.65,0.6972728,0.85968995,0.50065786,0.5081301,0.6283465,0.5307087,0.64924246,0.4993499517440796,0.7570372714996337,0.6462998986244202,0.7570372714996337,0.189,189.0,0.49867015038194434,0.5156789671976916,0.4993096154171639,0.4297137839080716,0.3931291700068867,0.38289168984320293,0.4513479923638767,0.4495671837728143,0.41282741201917683,0.04495401646650833,0.04173810643552065,0.04249672480428493,0.05311090041047567,0.05397090548586932,0.044225220903890396,0.055266405739298766,0.0576245157440217,0.05102474528324894,0.75766134,0.7324325,0.8521898,0.51717556,0.5020325,0.6513158,0.49756098,0.6521898,0.5050749778747559,0.7735329639911651,0.6351999640464783,0.7735329639911651,0.202,202.0,0.4650478395330251,0.4858580478966843,0.47261371304570315,0.40416977974512325,0.36841213284953567,0.367663116755972,0.42322805582526674,0.41775043893554764,0.4040629587157725,0.06689514687210794,0.06437444154710549,0.06129432167740684,0.07411401094280262,0.06627258736077965,0.06286484813575166,0.07144219981977079,0.07482065225610823,0.06285807724593981,0.70383066,0.71485263,0.85593987,0.50891674,0.5050813,0.6398312,0.5141348,0.6507161,2026-10-06T04:18:14.164036
11,0.6588476300239563,0.5015697479248047,0.7175192936897278,0.6596025824546814,0.7175192936897278,0.764521441936493,0.8415317336082458,1.7868555757522584,0.19140234599113465,1.7447620182037353,1.9999998001098633,1.0,10.0,,,,,0.42912190403938294,0.42912190403938294,,,,18.15009822998047,0.3886088052657759,0.14602731388940174,,0.1606830513448852,0.5220758319850181,0.24180629989428884,0.0022347629782862393,0.07685863479354958,1.4178109272460269,,0.005417590320205233,,76.90105530562674,19.39805030822754,,104.658446147943,76.87483370835614,25.828514208459552,94.43899536132812,39.49804272013865,18.15008572863925,,0.6931470826173284,,0.04215237752172598,0.11722115897069312,,0.07096971139596527,0.037853106880074094,0.10409829542515384,0.0019116685540373822,0.2345898253902508,0.08983379331933465,,,,0.28365,5673.0,0.7829391,0.7731977,0.8402932,0.54172593,0.52058023,0.6433536,0.5254759,0.6519145,0.5045499801635742,0.7798858151435852,0.6420499682426453,0.7798858151435852,0.206,206.0,0.4324289958983742,0.4588981445808519,0.4671142461389198,0.3406027013663027,0.31930233418740067,0.3427923516206659,0.37925557587139574,0.3626239024581766,0.39628886704430843,0.09716255717685622,0.09374599000558058,0.08054382095077704,0.09254097131318093,0.07560217296691091,0.06574443154949959,0.09034979071607477,0.08503555022669493,0.0704668044015794,0.65300006,0.69454545,0.8635659,0.5671053,0.5630081,0.618504,0.5870079,0.6090909,0.5051500201225281,0.7843447341918945,0.6420999765396118,0.7843447341918945,0.201,201.0,0.5001228977259708,0.5347793816839653,0.5210523081731989,0.4334369141573982,0.4174374068701747,0.40299455624097796,0.43981013241183814,0.43892627826888697,0.4313567534939305,0.05128224341758215,0.04481648761603001,0.045215766227576365,0.05483097751767855,0.05789698428175458,0.05104186977090583,0.052296432403213106,0.050561403833285584,0.04119893237115134,0.7068549,0.73963964,0.78467155,0.5717557,0.54227644,0.63771933,0.5402439,0.6138686,0.5048500001430511,0.7821152746677399,0.6420749723911285,0.7821152746677399,0.20350000000000001,203.5,0.46627594681217255,0.4968387631324086,0.4940832771560594,0.38701980776185047,0.36836987052878767,0.37289345393082196,0.40953285414161694,0.40077509036353176,0.4138228102691195,0.07422240029721919,0.06928123881080529,0.0628797935891767,0.07368597441542973,0.06674957862433274,0.05839315066020271,0.07132311155964394,0.06779847702999026,0.05583286838636537,0.67992747,0.7170925,0.82411873,0.5694305,0.5526423,0.62811166,0.56362593,0.61147976,2026-10-06T04:22:15.183729
12,0.6705026030540466,0.5012252330780029,0.7028616590976715,0.6709149479866028,0.7028616590976715,0.7658427625656128,0.8429998656272888,1.7986469696044922,0.16426110436916352,1.8550692346572877,2.0,1.0,10.0,,,,,0.44890736932754516,0.44890736932754516,,,,18.128557809448242,0.43189908659002585,0.2080353299381247,,0.1739561196630168,0.6285765040072666,0.23271438536370637,0.002295129371148528,0.08118531767539917,1.3586453064611763,,0.005271999156888527,,76.86473797840678,19.38436910301257,,104.68325480078435,76.83973465451768,25.805834509005212,94.44104718250834,39.632537525930225,18.12853582345756,,0.6931471824645996,,0.04356683897459583,0.12308032815433612,,0.07566508347061789,0.040301346285327985,0.11102140068438403,0.0020908448937093944,0.2540233342131232,0.09657664720419866,,,,0.28105,5621.0,0.7787891,0.76915026,0.84453255,0.5825237,0.5429712,0.6455354,0.55795866,0.6476578,0.5018499493598938,0.7478076963424682,0.6566499471664429,0.7478076963424682,0.2,200.0,0.4881391793658185,0.4985995126882755,0.48322599701809,0.4247689643114528,0.40418068786493,0.3600434129632389,0.46479592009609455,0.45075281070096146,0.4433358724461175,0.06859726183798145,0.0719309213613313,0.047375244983392545,0.07150756468293659,0.07103269575753753,0.04058328369628863,0.06982868452819167,0.07141554746074917,0.0481577288057185,0.644,0.685,0.86201555,0.6194079,0.6211382,0.60354334,0.62401575,0.6003788,0.5065999627113342,0.7369594988822937,0.6589000225067139,0.7369594988822937,0.174,174.0,0.4884319068678684,0.5340591433523324,0.514758204692638,0.40916853798928887,0.4295781940770827,0.396544377411008,0.4366755138042531,0.44963715398360826,0.43951997324791564,0.056236642689929894,0.05258430009396087,0.04904555735748792,0.05297351202978387,0.05730518625562101,0.04698477241033803,0.0601475442450318,0.061381054840049756,0.047890111495780485,0.72379035,0.722973,0.84562045,0.5942748,0.5512195,0.6311404,0.57967484,0.6142336,0.504224956035614,0.7423835976123809,0.6577749848365784,0.7423835976123809,0.187,187.0,0.48828554311684347,0.516329328020304,0.498992100855364,0.4169687511503708,0.4168794409710064,0.3782938951871234,0.45073571695017384,0.45019498234228483,0.4414279228470166,0.062416952263955675,0.06225761072764608,0.04821040117044023,0.06224053835636023,0.06416894100657927,0.04378402805331333,0.06498811438661173,0.06639830115039946,0.048023920150749494,0.6838952,0.7039865,0.853818,0.6068413,0.5861789,0.6173419,0.60184526,0.60730624,2026-10-06T04:26:16.204082
13,0.6725999116897583,0.4997899830341339,0.6932518590927124,0.6768273711204529,0.6932518590927124,0.7666551917076111,0.8439025677680969,1.8009855625152589,0.15057176452875137,1.815138285446167,2.0,1.0,10.0,,,,,0.4521066491603851,0.4521066491603851,,,,18.102016220092775,0.4639397577685156,0.2544110961448235,,0.1867291000523385,0.6642746999385251,0.21093387545863534,0.0023585310988840026,0.0800081557434076,1.2394097625829612,,0.006048770360596727,,76.82977469863405,19.374024360802522,,104.70608987018561,76.80482176762477,25.784871083156318,94.44427592283601,39.72323287672298,18.10200239290857,,0.6931471824645996,,0.04533264207042706,0.12864498637474267,,0.07983148605770367,0.0425130024694713,0.11742861364867277,0.0023434767232626487,0.2681612093357523,0.10034715118491726,,,,0.2957,5914.0,0.7808541,0.7632098,0.8437401,0.6099526,0.55621105,0.6398384,0.5782301,0.64376783,0.5041000247001648,0.7268743457794189,0.6663000583648682,0.7268743457794189,0.21,210.0,0.5029354136524513,0.52090884984027,0.5026602449165267,0.43988156594459754,0.3945521534796822,0.3819767778858328,0.4630334217556338,0.4593385168727073,0.44099306892720985,0.05487074011009209,0.05147931000934476,0.053092613709958714,0.05228825270153991,0.058335532459460895,0.04589461792511042,0.05657833762642664,0.053728753540216445,0.044695587184903164,0.64599997,0.6963636,0.9011628,0.5898026,0.6410569,0.61338586,0.63858265,0.6162879,0.5040500164031982,0.7230049052238464,0.6641499996185303,0.7230049052238464,0.2,200.0,0.566238409417117,0.583169510870059,0.5712488603818615,0.49093104107994134,0.4635339738239992,0.45377619558242477,0.5265232541568421,0.529248421786263,0.5133433359398716,0.0552067872164346,0.04524048014437285,0.050264542922166616,0.06250817009424872,0.0486427861353899,0.05368460260022195,0.05850437475051323,0.059940952128213675,0.05579568334608648,0.733871,0.727928,0.84927005,0.5927481,0.55569106,0.6368421,0.5739837,0.6335767,0.5040750205516815,0.7249396255016327,0.6652250289916992,0.7249396255016327,0.20500000000000002,205.0,0.5345869115347841,0.5520391803551645,0.5369545526491941,0.4654063035122694,0.4290430636518407,0.4178764867341288,0.49477833795623793,0.49429346932948515,0.47716820243354074,0.055038763663263345,0.048359895076858804,0.051678578316062665,0.05739821139789432,0.0534891592974254,0.049789610262666185,0.057541356188469936,0.05683485283421506,0.05024563526549482,0.68993545,0.7121458,0.8752164,0.59127533,0.598374,0.62511396,0.6062832,0.6249323,2026-10-06T04:30:17.555332
14,0.676720142364502,0.49798256158828735,0.6649462080478669,0.6922376751899719,0.6649462080478669,0.760478014087677,0.8370390375137329,1.7378071477890014,0.16354053972959517,1.7481778825759888,2.0,1.0,10.0,,,,,0.4740997956752777,0.4740997956752777,,,,18.07937125854492,0.5017807686784465,0.2646021503172103,,0.1921053226016889,0.6632956818790193,0.2090684023157806,0.0023192713314453793,0.07787183192884846,1.2082839367116334,,0.0063652116212115925,,76.79581475713451,19.371665991035997,,104.73188980977247,76.76954796663514,25.76051097311032,94.44520495955352,39.83063886120061,18.079356515483493,,0.6931471824645996,,0.04735239412469469,0.1352574280492819,,0.0843503936460823,0.04475372628706276,0.12324268052912062,0.002516689432998467,0.28311870261362404,0.10516211893528131,,,,0.3088,6176.0,0.78566563,0.7655256,0.85059434,0.6431082,0.5782905,0.6540808,0.6025111,0.6589613,0.4998500347137451,0.7223733019828796,0.676800012588501,0.7223733019828796,0.184,184.0,0.5207484228935598,0.5376507049641949,0.5205722431069763,0.44660818501163796,0.3598891747646614,0.385958365517193,0.49429764482182154,0.48814864584319295,0.4888766536514845,0.0556001445226218,0.06007138714119947,0.044436877353147185,0.05333376155883536,0.0525959904322885,0.028120156933958314,0.05510685056713302,0.056832849198578776,0.03532267013929021,0.634,0.67727274,0.9003876,0.62434214,0.6865854,0.63188976,0.65118116,0.6094697,0.49615001678466797,0.7346402235031128,0.6660001277923584,0.7346402235031128,0.24,240.0,0.5167345927329509,0.5495108789519625,0.5238580886382241,0.4196122482694823,0.3506705964286463,0.36451879004070775,0.4815786251376272,0.4827028186036138,0.48187018369507023,0.058223608560139195,0.055810055233585815,0.056231609273347256,0.05319833426815169,0.05535109495099718,0.05394040157465811,0.061710396074636166,0.0639705944414915,0.06099499625606256,0.73790324,0.7117117,0.8339416,0.6164122,0.55569106,0.63552636,0.60081303,0.6262774,0.49800002574920654,0.7285067627429962,0.6714000701904297,0.7285067627429962,0.212,212.0,0.5187415078132553,0.5435807919580786,0.5222151658726002,0.43311021664056015,0.35527988559665385,0.37523857777895037,0.4879381349797244,0.48542573222340335,0.4853734186732774,0.056911876541380496,0.057940721187392644,0.05033424331324722,0.05326604791349353,0.05397354269164284,0.041030279254308216,0.05840862332088459,0.06040172182003514,0.04815883319767639,0.6859516,0.6944922,0.8671646,0.6203772,0.6211382,0.63370806,0.62599707,0.61787355,2026-10-06T04:34:15.885734
15,0.6969253420829773,0.49998506903648376,0.6479490064620972,0.6997827887535095,0.6479490064620972,0.7547961924552917,0.830725904750824,1.6003597846984863,0.1337223556995392,1.7616986206054688,2.0,1.0,10.0,,,,,0.4944741934776306,0.4944741934776306,,,,18.055049563598633,0.4866464399987725,0.23973323506819214,,0.20602682014559484,0.7602135732675054,0.2140760999054286,0.0025453000580802987,0.08280046880957048,1.3118545265903898,,0.008219173810204526,,76.7609549844341,19.363425078665376,,104.75819426129578,76.73459498897479,25.736677376328,94.44982370753198,39.91461475639586,18.055031260107732,,0.6931471824645996,,0.04905900755410741,0.13968546033664875,,0.08895561303112917,0.04694639075144082,0.12852878593335484,0.0028243633550680746,0.29533266053078283,0.10855518808220602,,,,0.3281,6562.0,0.78460306,0.76898915,0.8479596,0.66473144,0.5964564,0.6545454,0.6233293,0.6580041,0.5016999840736389,0.6675000514984131,0.6962499618530273,0.6675000514984131,0.243,243.0,0.46288740132294925,0.5170821241794544,0.5080186628958884,0.3400061250949139,0.3520639381149546,0.3848394888873242,0.4409176577947897,0.44723387056729924,0.5122332838464024,0.07279514477433757,0.06631483425574856,0.06576063970593782,0.07216460776463667,0.07924699937551626,0.07112417171707687,0.07498482380269798,0.07814465820719595,0.060560030689927984,0.63,0.6840909,0.920155,0.6598684,0.73130083,0.62874013,0.6614173,0.6454546,0.49574998021125793,0.6859438314437866,0.6815999150276184,0.6859438314437866,0.246,246.0,0.42882148498664047,0.4941335837592527,0.4728623108959356,0.29373822822037576,0.2950095199733952,0.3102070857111548,0.38123440438841777,0.39555101442754775,0.42512180073504924,0.05292636031341378,0.04720249080474328,0.047236515614205186,0.06030230530131637,0.05505374028138517,0.05318989404797613,0.06728582798074921,0.06994815619019921,0.05806063817879085,0.733871,0.7252252,0.84671533,0.6480916,0.5593496,0.63859653,0.63821137,0.65036494,0.4987249821424484,0.6767219414710999,0.6889249384403229,0.6767219414710999,0.2445,244.5,0.44585444315479483,0.5056078539693536,0.490440486895912,0.31687217665764483,0.3235367290441749,0.34752328729923954,0.41107603109160373,0.42139244249742347,0.46867754229072583,0.06286075254387567,0.05675866253024592,0.056498577660071506,0.06623345653297652,0.06715036982845071,0.0621570328825265,0.0711353258917236,0.07404640719869758,0.059310334434359416,0.6819355,0.70465803,0.88343513,0.65398,0.6453252,0.6336683,0.64981437,0.64790976,2026-10-06T04:38:15.314676
16,0.7084198594093323,0.500182569026947,0.6299747827529907,0.7089250683784485,0.6299747827529907,0.7661342449188232,0.8433237329483032,1.6638570941925048,0.13135692930221557,1.7331244478225707,2.0,1.0,10.0,,,,,0.4949825667381287,0.4949825667381287,,,,18.029244540405273,0.5334640492679207,0.22256800629625653,,0.20077239555917728,0.7310120385543556,0.20405510691985204,0.002527936568608282,0.07968608486899145,1.153822876085901,,0.006822097942360624,,76.7254245053431,19.342440453304608,,104.77365384435957,76.69895662927324,25.71076920381777,94.45079157155031,40.04039161827914,18.02922161369567,,0.6931471824645996,,0.050414382747024485,0.141303992764965,,0.09222226466532725,0.04904943078186861,0.13368148257018656,0.0029878573800632907,0.31046356668897496,0.11171594043825842,,,,0.3156,6312.0,0.78823173,0.77521145,0.85356575,0.67644155,0.6050428,0.66535354,0.6348522,0.67319757,0.49484992027282715,0.6812718086242676,0.6927000880241394,0.6812718086242676,0.227,227.0,0.4074936924758545,0.4533691576511749,0.43313688933275235,0.3047707208639097,0.3140058651400763,0.27575531068835724,0.37793604284160914,0.3755380320507898,0.3863403410548162,0.05507578409459877,0.03306070978928437,0.038180124569038985,0.07995381465619508,0.07143411215862529,0.0685891581973226,0.07031289060502564,0.06470983307534575,0.05530842989570704,0.6365,0.7027273,0.85232556,0.6532895,0.7504065,0.6515748,0.66968507,0.6242424,0.498199999332428,0.6963962016105651,0.6845501065254211,0.6963962016105651,0.228,228.0,0.4301976951209684,0.4646330923627206,0.4540025491776094,0.31545205222392536,0.27891284241967806,0.3084785016360375,0.38058564576938164,0.37081402319142304,0.3784772154020528,0.04288394533600411,0.04606992053780882,0.04292724656275663,0.048365502987739395,0.05939951801890544,0.0489704989048594,0.05949771617192836,0.060453574152375844,0.05636649892275757,0.7233871,0.72612613,0.85,0.660687,0.56504065,0.65964913,0.6333333,0.6470803,0.49652495980262756,0.6888340051174164,0.6886250972747803,0.6888340051174164,0.2275,227.5,0.4188456937984114,0.4590011250069478,0.44356971925518085,0.31011138654391757,0.2964593537798772,0.2921169061621974,0.3792608443054954,0.3731760276211064,0.3824087782284345,0.04897986471530144,0.0395653151635466,0.04055368556589781,0.06415965882196724,0.06541681508876536,0.058779828551091,0.064905303388477,0.0625817036138608,0.055837464409232304,0.67994356,0.71442676,0.8511628,0.65698826,0.65772355,0.655612,0.65150917,0.63566136,2026-10-06T04:42:16.646333
17,0.7128000855445862,0.5020249485969543,0.6219816811084747,0.7132475972175598,0.6219816811084747,0.760325862789154,0.8368699827194214,1.6011339052200317,0.12584311012625693,1.7122448642730712,2.0,1.0,10.0,,,,,0.4983249351024628,0.4983249351024628,,,,18.002677197265626,0.5898626677359745,0.22875826293305987,,0.21532040032421706,0.7792084963078711,0.20579081911380123,0.0025176455505536337,0.07982391054937794,1.1188289099817823,,0.007007523805939646,,76.68968006304115,19.31907173934256,,104.78641587761557,76.66346454012925,25.684347845186853,94.45296347065336,40.13373942284068,18.00265500499944,,0.6931471824645996,,0.05170548889952101,0.1426160799659741,,0.09511646680581341,0.0510463426067571,0.13825541212680234,0.003167310722207852,0.3224681315908007,0.1148112156208913,,,,0.32845,6569.0,0.78179634,0.771909,0.85915214,0.6938389,0.60391355,0.67474747,0.6449575,0.67615074,0.49679994583129883,0.6619822630882263,0.6958999037742615,0.6619822630882263,0.258,258.0,0.39116233881124307,0.5044298785133148,0.463379624948983,0.2337657200115034,0.32223996268423544,0.24704366853120927,0.33866180099945453,0.3729517761666713,0.41190298354799393,0.08814255805593775,0.07926436155583386,0.07692716151077945,0.07744482177602433,0.08586719369060876,0.070452742156956,0.08867929357140554,0.08513376176112551,0.0791000953998121,0.6395,0.6922727,0.9147287,0.6601974,0.75487804,0.63267714,0.62598425,0.64204544,0.4908500015735626,0.66897523021698,0.6852499842643738,0.66897523021698,0.265,265.0,0.4304519506053292,0.48539464525457665,0.48110391419527154,0.28264804222028933,0.26409845601712434,0.28459943570313784,0.37738481499850507,0.38243398053514405,0.4196160588803174,0.06084218134533828,0.049825943929020275,0.05068723191401277,0.06636424299305094,0.07126131969726403,0.06160591770287306,0.07439985064212726,0.07495098401776934,0.0671518580056107,0.73145163,0.72702706,0.8463504,0.67213744,0.56504065,0.64868426,0.63495934,0.6445256,0.4938249737024307,0.6654787466526031,0.6905749440193176,0.6654787466526031,0.2615,261.5,0.41080714470828616,0.4949122618839457,0.47224176957212727,0.25820688111589635,0.2931692093506799,0.26582155211717357,0.3580233079989798,0.3776928783509077,0.41575952121415566,0.07449236970063802,0.06454515274242706,0.06380719671239611,0.07190453238453763,0.0785642566939364,0.06602932992991453,0.0815395721067664,0.08004237288944743,0.0731259767027114,0.6854758,0.7096499,0.88053954,0.6661674,0.6599593,0.6406807,0.6304718,0.6432855,2026-10-06T04:46:17.611577
18,0.7190552949905396,0.499590128660202,0.6098508087158203,0.7196823358535767,0.6098508087158203,0.7654306206703186,0.8425419341087341,1.6472638668060302,0.11721545634269714,1.6846870035171508,2.0,1.0,10.0,,,,,0.511980659866333,0.511980659866333,,,,17.979894924926757,0.6292138924454428,0.21151085857562957,,0.20443483090894238,0.8452608917549158,0.20852622199969686,0.002499542159775782,0.0808706338380932,1.1319738613192443,,0.007888869485509386,,76.65417679707716,19.297508373381984,,104.7978050086149,76.62805933861216,25.659819159538124,94.45384264903463,40.22107312633733,17.979876487877718,,0.6931471824645996,,0.05307956168036552,0.14428826948260046,,0.09767121005399972,0.05301439577037362,0.14291754118196523,0.003326425669940224,0.3335146456007745,0.11863660133758168,,,,0.3261,6522.0,0.78771055,0.775292,0.8694334,0.70732623,0.6064447,0.67757577,0.6504658,0.6836253,0.4939500093460083,0.6522171273231506,0.6963500380516052,0.6522171273231506,0.238,238.0,0.35239538614920196,0.4547900131453299,0.3971808672188319,0.2072438645830883,0.26219344626022806,0.21340543386131736,0.2655026154017592,0.27864919754109563,0.2882186566389842,0.056721850844737784,0.05266552398590004,0.050640141978363674,0.058754112988327716,0.06926652885192279,0.047628388151570465,0.06386520552370284,0.06825382610004335,0.059353320398492136,0.65,0.68590915,0.9186047,0.6717105,0.7703252,0.62992126,0.60748035,0.6318182,0.5029500126838684,0.659644157409668,0.692799985408783,0.659644157409668,0.228,228.0,0.3774277565262167,0.4478037935448465,0.4178954551737642,0.25848301962408077,0.2660378975782601,0.25421079606201585,0.2865402661007811,0.26532031886019664,0.2773615636321141,0.054655026788013816,0.046415277999130915,0.049223006142555877,0.06448767414110138,0.06994714936924955,0.06427157306950831,0.07474024360529476,0.07630548490534549,0.06624433659421938,0.7354839,0.7211712,0.8485401,0.69045806,0.56422764,0.65175444,0.66097564,0.6558394,0.49845001101493835,0.6559306423664093,0.6945750117301941,0.6559306423664093,0.23299999999999998,233.0,0.36491157133770935,0.4512969033450882,0.40753816119629804,0.23286344210358453,0.26411567191924407,0.2338081149616666,0.2760214407512701,0.27198475820064616,0.28279011013554917,0.0556884388163758,0.04954040099251548,0.049931574060459775,0.06162089356471455,0.06960683911058617,0.05594998061053939,0.06930272456449879,0.07227965550269441,0.06279882849635576,0.69274193,0.7035402,0.8835724,0.6810843,0.6672764,0.64083785,0.634228,0.64382875,2026-10-06T04:50:18.865654
19,0.7239347100257874,0.5019221901893616,0.5990421620368958,0.7243123650550842,0.5990421620368958,0.7817411972999573,0.8606647979736328,1.7544505863189697,0.12296716904640198,1.786359115409851,2.0,1.0,10.0,,,,,0.5212778841018677,0.5212778841018677,,,,17.955543997192382,0.7303554205947621,0.23181970557494527,,0.2060121589690257,0.8871346871564343,0.20280004012736547,0.0023115516661007885,0.07479123410525595,1.10022458642911,,0.006764380680248853,,76.61856812884093,19.275240831314377,,104.80863398655205,76.59269787247773,25.634650831769225,94.45504012381195,40.33469398158371,17.955524043672405,,0.6931471824645996,,0.05447000400370853,0.14623254964685745,,0.10017312346560181,0.05492189220467191,0.14772177463883807,0.003510762209215077,0.34615611194804974,0.1220177975334939,,,,0.28755,5751.0,0.7881917,0.77047926,0.87563396,0.7259874,0.6103777,0.68032324,0.6651681,0.6784318,0.5019000172615051,0.6581350383758545,0.7050500512123108,0.6581350383758545,0.247,247.0,0.36625968865365066,0.4332228884511257,0.38775800839934066,0.26013084373259626,0.3012239424551226,0.23697005998464085,0.30781967850669784,0.30750502434379856,0.3225495085154582,0.06357233918868506,0.06304065670045868,0.06026913427040425,0.051793477670342036,0.06635600771056707,0.04694375604035331,0.06894591332355503,0.07565313716340054,0.06727515581253164,0.6415,0.7027273,0.9189923,0.67763156,0.8012195,0.64527565,0.6,0.6465909,0.5078999400138855,0.6577512240409851,0.6988500356674194,0.6577512240409851,0.238,238.0,0.3785679330242953,0.45241145113634684,0.4130126235998846,0.27693792951532586,0.29452989006509284,0.26865822204842715,0.27459413319828513,0.26806387047064156,0.2641082444678085,0.04888128549226372,0.04624904375891043,0.047822760460484046,0.06056544317706693,0.07597015021126569,0.062270953431938704,0.07405051930677774,0.08015106261182303,0.06827553248205566,0.7512097,0.72927934,0.850365,0.71183205,0.56747967,0.65789473,0.65162605,0.6572993,0.5048999786376953,0.6579431312084199,0.7019500434398651,0.6579431312084199,0.2425,242.5,0.37241381083897296,0.4428171697937363,0.40038531599961263,0.26853438662396106,0.2978769162601077,0.252814141016534,0.2912069058524915,0.2877844474072201,0.29332887649163336,0.056226812340474386,0.05464485022968456,0.054045947365444144,0.05617946042370448,0.07116307896091638,0.054607354736146,0.07149821631516638,0.07790209988761179,0.06777534414729365,0.69635487,0.7160033,0.8846786,0.69473183,0.6843496,0.6515852,0.625813,0.6519451,2026-10-06T04:54:21.055085
20,0.7295727133750916,0.49750712513923645,0.5879255142211914,0.7301271557807922,0.5879255142211914,0.7727089852333069,0.8506290064811707,1.6969342994689942,0.11270889597535133,1.6889812602996825,2.0,1.0,10.0,,,,,0.526125195646286,0.526125195646286,,,,17.931276806640625,0.8097303779261886,0.2302463733276744,,0.20909634593186105,0.9145268313823991,0.21468144980300763,0.0024036006801049846,0.07660137029115562,1.1231849759247652,,0.00755076260998501,,76.58305247118518,19.249823454838648,,104.8175890491267,76.5573221680465,25.608195638960336,94.45540900746728,40.40333056601749,17.93125619098639,,0.6931471824645996,,0.05568255443766618,0.14721328456690358,,0.10228447905581468,0.05695132142419269,0.15312785062060993,0.003602759412839819,0.35517251282740553,0.1260951888883949,,,,0.3128,6256.0,0.79326385,0.7701772,0.8803487,0.73921806,0.610845,0.6895353,0.67205346,0.6857638,0.4887000024318695,0.9683350377082824,0.6019999980926514,0.9683350377082824,0.26,260.0,0.34830104863056144,0.42970734584559783,0.3814240101535437,0.22275217811206155,0.2984188140974375,0.22320648077565608,0.28135675434921614,0.28574217996709633,0.2915659600653346,0.05272107037820647,0.05855965690162476,0.04686565769294287,0.04382033949330886,0.08128304264302653,0.0421614944906947,0.05563778503827622,0.06196414721256121,0.05107759140485893,0.5215,0.54,0.52170545,0.6779606,0.8126017,0.57519686,0.55866146,0.5768939,0.5092000365257263,1.0260456018447877,0.6166999936103821,1.0260456018447877,0.232,232.0,0.3557482121949951,0.4353027102689526,0.39695230075728977,0.24823182260309748,0.26115381953915723,0.23675190361344284,0.2596680796775244,0.2640300614409635,0.2750001807302928,0.046965687088240796,0.05065652793153438,0.04237356755322581,0.057783677070147525,0.07821153042700664,0.053483053560982624,0.06914624612884725,0.07578498927581342,0.058255565354414396,0.55524194,0.5594595,0.6788321,0.72977096,0.5756098,0.5767544,0.6613821,0.57846713,0.4989500194787979,0.997190319776535,0.6093499958515167,0.997190319776535,0.246,246.0,0.35202463041277826,0.4325050280572752,0.38918815545541674,0.2354920003575795,0.27978631681829735,0.22997919219454946,0.27051241701337025,0.27488612070402996,0.2832830703978137,0.04984337873322363,0.05460809241657957,0.04461961262308434,0.05080200828172819,0.07974728653501659,0.04782227402583866,0.062392015583561736,0.06887456824418732,0.05466657837963666,0.53837097,0.54972976,0.6002688,0.70386577,0.69410574,0.57597566,0.61002177,0.5776805,2026-10-06T04:58:22.023986
21,0.7317646741867065,0.5000547170639038,0.5798715757369995,0.7329322695732117,0.5798715757369995,0.7812750672340393,0.8601468737602234,1.7687400407791138,0.10990939306020736,1.7293544347763061,2.0,1.0,10.0,,,,,0.530741779756546,0.530741779756546,,,,17.90734561767578,0.85328738116155,0.24155552879830075,,0.21329019133262572,0.9245145863788143,0.20711947521965973,0.0023654019578721874,0.07551922873374384,1.1506447978080458,,0.007711020171876617,,76.54649707769892,19.22680621541989,,104.82721651891235,76.52198461058792,25.581268553521223,94.45612680228652,40.49308111105755,17.907316098547284,,0.6931471824645996,,0.05672216856745398,0.14918339859907795,,0.10454269996873893,0.058907234056550226,0.1574035822206242,0.003751086244644348,0.36540908532537475,0.12967415134997884,,,,0.3072,6144.0,0.7934443,0.7762787,0.8802298,0.75073063,0.6194315,0.6890505,0.67235726,0.6817108,0.4941999614238739,0.6645054984092712,0.6930001378059387,0.6645054984092712,0.243,243.0,0.3385462807830601,0.4362716838995235,0.36160403090649335,0.25318658922671966,0.32017397916910745,0.2188450706525754,0.28677262253886615,0.2912259937189355,0.2975531037327694,0.04936563444601981,0.05126965480511675,0.04894354564589271,0.052731605942523026,0.09250779842509892,0.05682367399362075,0.05411175096648778,0.05861077291844227,0.055659765823856525,0.6365,0.69863635,0.91782945,0.66710526,0.7849594,0.63937014,0.5515748,0.6431818,0.5004500150680542,0.6512432372570038,0.6945501565933228,0.6512432372570038,0.248,248.0,0.3780762003845,0.4758068243962386,0.40598295536633766,0.2814919473172664,0.3150180088104154,0.26413809135068994,0.30229095883622503,0.29243755272946453,0.286155787436135,0.05396576983301129,0.05361208632756901,0.05069831044756299,0.06403168283577469,0.08398675504337182,0.06167989773982856,0.07168858861095419,0.07858560358974093,0.06887353532844108,0.74354845,0.74414414,0.8518249,0.68969464,0.5617886,0.6526316,0.6479675,0.65328467,0.49732498824596405,0.6578743678331376,0.6937751471996307,0.6578743678331376,0.2455,245.5,0.35831124058378006,0.45603925414788105,0.38379349313641553,0.26733926827199306,0.31759599398976146,0.24149158100163268,0.2945317906875456,0.2918317732242,0.29185444558445217,0.051665702139515546,0.052440870566342876,0.04982092804672785,0.05838164438914886,0.08824727673423537,0.05925178586672465,0.06290016978872098,0.0685981882540916,0.0622666505761488,0.69002426,0.72139025,0.88482714,0.6783999,0.673374,0.64600086,0.59977114,0.64823323,2026-10-06T05:02:23.321926
22,0.7330674529075623,0.5000827312469482,0.577848865365982,0.73412024974823,0.577848865365982,0.7815985770225525,0.8605063284873963,1.7520486696243287,0.11682226842641831,1.7547646100997925,2.0,1.0,10.0,,,,,0.5412481078624726,0.5412481078624726,,,,17.88184220275879,0.8898300229553964,0.2311375139008282,,0.21844860871031785,0.8802554018937858,0.2194710155106654,0.002432763273976031,0.07538427138451938,1.244622083606234,,0.007194314968392585,,76.51083262255237,19.203454400323757,,104.83449068494663,76.48698585656038,25.553266294442924,94.45629333690474,40.584565885507374,17.881819524582784,,0.6931471824645996,,0.05781149797758479,0.15067478682205176,,0.10656989104808516,0.06084046069129258,0.16237687960172156,0.0038624185235328545,0.37555617834352384,0.13311716230811588,,,,0.2978,5956.0,0.7924018,0.7774466,0.8748613,0.75997233,0.6147391,0.6879192,0.68226004,0.68334013,0.5013000965118408,0.6597616996765137,0.696850061416626,0.6597616996765137,0.277,277.0,0.29807502158738464,0.431426651380776,0.3367068339557136,0.19034190594826336,0.3076652567189689,0.16579412925007225,0.20933444567491713,0.2041115836698027,0.18844916761496017,0.04887977130511251,0.041235648880353276,0.04711591310641407,0.0503290012181729,0.07492183430777784,0.04956132880913766,0.04758513748309459,0.05420319447905858,0.04406325163238677,0.6205,0.7063637,0.91124034,0.70493424,0.81747967,0.65039366,0.52362204,0.62689394,0.49799996614456177,0.6551255812644958,0.7016499042510986,0.6551255812644958,0.262,262.0,0.39171409533729423,0.4878559666463986,0.441397440057215,0.26241742920855576,0.24987604164435362,0.25230253200457436,0.2909905654737937,0.2840524594301063,0.2810254446911311,0.05373431468642594,0.0496164784169768,0.04710161091008614,0.06533183828496013,0.07226072104024372,0.061696962018968765,0.07019875667622558,0.07383403769597842,0.0638797188796065,0.7391129,0.72027034,0.85072994,0.73969465,0.5646342,0.6513158,0.67398375,0.6569343,0.4996500313282013,0.6574436404705047,0.6992499828338623,0.6574436404705047,0.2695,269.5,0.3448945584623394,0.4596413090135873,0.3890521370064643,0.22637966757840955,0.2787706491816613,0.2090483306273233,0.25016250557435543,0.2440820215499545,0.23473730615304564,0.05130704299576923,0.04542606364866504,0.04710876200825011,0.05783041975156651,0.07359127767401077,0.05562914541405321,0.058891947079660084,0.06401861608751849,0.05397148525599664,0.6798065,0.71331704,0.88098514,0.7223145,0.69105697,0.6508547,0.5988029,0.6419141,2026-10-06T05:06:25.214878
23,0.7339179515838623,0.5015050768852234,0.5730789079666138,0.7370144724845886,0.5730789079666138,0.7862465461730958,0.8656707377433777,1.8115318347930909,0.11040479180216789,1.8222243314743043,2.0,1.0,10.0,,,,,0.5555956802368164,0.5555956802368164,,,,17.856802780151366,0.8919350288476154,0.24036787184560374,,0.20155255069398575,0.905777251644499,0.22994371551047466,0.0022618161083590594,0.07278861602542887,1.3431368692285697,,0.0069349513939362326,,76.47529310481563,19.18140679863608,,104.8387740797298,76.45166623060871,25.526199802471574,94.45671139856812,40.64635827131332,17.856784504689987,,0.6931471824645996,,0.058848673347265096,0.15247292057344108,,0.1082375024439423,0.06277577899348964,0.167903265945471,0.00396483747739416,0.3834453234626989,0.13640327182165377,,,,0.2964,5928.0,0.79699284,0.770882,0.88145804,0.76552135,0.6169003,0.69343436,0.6877076,0.6830957,0.5120000243186951,0.6336564021110535,0.7075001001358032,0.6336564021110535,0.257,257.0,0.35351871995124035,0.4481129328132557,0.3854488418954131,0.2692531555963747,0.3692418826394647,0.28901779952978013,0.2949997218391879,0.28080933242946526,0.306094190820553,0.07447671298524425,0.05439930575432787,0.0661412499926794,0.07940226297534064,0.07907617076556073,0.07193124005985498,0.07713412772562964,0.08106650935668504,0.07532534313152113,0.6355,0.6913637,0.9186047,0.7111842,0.85325205,0.6417323,0.55,0.6439394,0.4989500045776367,0.626833649635315,0.7114999890327454,0.626833649635315,0.249,249.0,0.4012141055914327,0.4929004345496925,0.4264702614060122,0.30383187434260966,0.32481542850618306,0.28939853492144674,0.32718448267742284,0.3215169015288066,0.3081303888882213,0.04566833887286746,0.04499732766297961,0.04470688308118576,0.05733293412452192,0.06948625715436162,0.05980304565477863,0.06393822664136575,0.06817751321564695,0.06171702938118597,0.7592742,0.7342342,0.8518249,0.7687023,0.57520324,0.6649123,0.6788618,0.6452555,0.5054750144481659,0.6302450258731842,0.7095000445842743,0.6302450258731842,0.253,253.0,0.37736641277133653,0.4705066836814741,0.4059595516507126,0.2865425149694922,0.3470286555728239,0.28920816722561343,0.31109210225830536,0.3011631169791359,0.30711228985438715,0.060072525929055855,0.04969831670865374,0.055424066536932576,0.06836759854993128,0.07428121395996118,0.0658671428573168,0.0705361771834977,0.074622011286166,0.06852118625635355,0.6973871,0.71279895,0.8852148,0.73994327,0.7142277,0.6533223,0.6144309,0.6445974,2026-10-06T05:10:26.097171
24,0.7364925146102905,0.5004254579544067,0.5666333452701569,0.7382297515869141,0.5666333452701569,0.7861411889076233,0.8655536718368531,1.8066871644973754,0.12380133230686188,1.813484644317627,2.0,1.0,10.0,,,,,0.5625073802947999,0.5625073802947999,,,,17.832815328979493,0.929439470456664,0.27072284190328255,,0.21741687999978945,0.8958194715202235,0.20433916825397758,0.0022487606998580468,0.07068776555216996,1.185612688968136,,0.00641017968938419,,76.44038371675333,19.157274695718364,,104.84194883115732,76.41659759715864,25.5020511165546,94.4563284224006,40.74626767103839,17.832792087725014,,0.6931471824645996,,0.059917525429824356,0.15348860592978775,,0.10990993839919946,0.06452006547693993,0.17229581704944563,0.004061069748821152,0.3936671553903325,0.13982266586297637,,,,0.2948,5896.0,0.7984363,0.77464765,0.8773375,0.77628356,0.6150312,0.6893535,0.68552047,0.6891242,0.5062500238418579,0.6143863401412963,0.7156500220298767,0.6143863401412963,0.247,247.0,0.3405899577700719,0.45846698773453876,0.37134517900276554,0.21761692214134207,0.33961933953777457,0.210450165284158,0.26626508920618697,0.276853738934484,0.2708667490267983,0.05819009452447703,0.050663783001596206,0.0521712244374107,0.05953666237966455,0.05849614198270415,0.053783210263141555,0.0600455946781551,0.06092856362243966,0.0529556783814299,0.6355,0.71590906,0.916279,0.73223686,0.87317073,0.65118116,0.53740156,0.64772725,0.4976000189781189,0.5993737106323243,0.7216000556945801,0.5993737106323243,0.224,224.0,0.3693680313191571,0.48150166984258796,0.41235951555088196,0.24644517605956368,0.29643047985442067,0.2508184783924444,0.2782163877980284,0.28766549236020095,0.28144143305181846,0.0475617296248356,0.054502985068573186,0.046961551917713715,0.05548145694311333,0.08293871851244425,0.05971780493974383,0.06212864490655604,0.06523740156599883,0.05692817930259375,0.7512097,0.731982,0.8518249,0.8026718,0.595122,0.6666667,0.6922764,0.66423357,0.5019250214099884,0.6068800253868103,0.7186250388622284,0.6068800253868103,0.2355,235.5,0.35497899454461446,0.46998432878856333,0.3918523472768237,0.23203104910045286,0.31802490969609765,0.2306343218383012,0.27224073850210767,0.2822596156473425,0.2761540910393084,0.05287591207465631,0.052583384035084696,0.049566388177562204,0.05750905966138894,0.0707174302475742,0.05675050760144269,0.06108711979235557,0.06308298259421924,0.05494192884201182,0.69335485,0.7239455,0.8840519,0.7674543,0.73414636,0.6589239,0.61483896,0.6559804,2026-10-06T05:14:22.981952
25,0.7406948208808899,0.5009125471115112,0.555135791349411,0.743192195892334,0.555135791349411,0.7865440249443054,0.8660012689590454,1.7784866918563842,0.13245302373170853,1.8279831378936768,2.0,1.0,10.0,,,,,0.5673187039375305,0.5673187039375305,,,,17.807914279174806,0.8853720105757379,0.2609583546354133,,0.20825089115625733,0.8964672508133444,0.2101331289122059,0.0021959879386659925,0.06896811412872782,1.2678400769734839,,0.0068946212893841305,,76.40479487522393,19.132480426958413,,104.85062141175483,76.38139965276049,25.474383433153676,94.45659054312736,40.80558932359052,17.807896486513176,,0.6931471824645996,,0.060920506431038975,0.15462876818362314,,0.11180338121143876,0.0662849218032922,0.17621791248868227,0.004186297031297426,0.40109363824698574,0.1427195418602342,,,,0.2913,5826.0,0.79741377,0.7853202,0.87820923,0.7795221,0.62217677,0.69454545,0.6940664,0.6942566,0.5068999528884888,0.6962362179756164,0.6855000853538513,0.6962362179756164,0.259,259.0,0.3176543675916215,0.469934096000719,0.399527439308874,0.18393283819297226,0.27660517091938,0.21070630250303524,0.2209892232504859,0.2355294146732844,0.25928112970366085,0.09187654203251477,0.10035363032667284,0.08596342635541082,0.0874391834485913,0.14692212745153557,0.08461544300794432,0.09676190513332793,0.09581365392930973,0.09871675514818165,0.617,0.7,0.78023255,0.7289474,0.8727642,0.6397638,0.5259843,0.60568184,0.503350019454956,0.7326327600479126,0.6617000102996826,0.7326327600479126,0.259,259.0,0.4170044755778785,0.5191927813297731,0.4646622323035637,0.2763394188675166,0.26933426801220917,0.2626137619684169,0.2998994550367222,0.29442244545519874,0.2985100167705598,0.05418707345360721,0.05920711982993643,0.048965730103288446,0.06410547984350971,0.1005867987952855,0.060082883335003126,0.07610273527969505,0.07751294559197533,0.07172235227176946,0.6443549,0.65450454,0.7065694,0.7820611,0.57439023,0.62061405,0.692683,0.60802925,0.5051249861717224,0.7144344890117644,0.673600047826767,0.7144344890117644,0.259,259.0,0.36732942158475,0.49456343866524605,0.4320948358062189,0.23013612853024445,0.27296971946579457,0.23666003223572607,0.26044433914360404,0.2649759300642416,0.27889557323711034,0.07303180774306099,0.07978037507830463,0.06746457822934963,0.07577233164605052,0.12375446312341054,0.07234916317147372,0.08643232020651148,0.08666329976064252,0.08521955370997555,0.63067746,0.6772523,0.74340093,0.75550425,0.72357726,0.63018894,0.60933363,0.6068555,2026-10-06T05:18:24.443983
26,0.7439070343971252,0.5003224611282349,0.5519334782123566,0.7444722652435303,0.5519334782123566,0.7880086539268494,0.8676286359786988,1.8456391881942749,0.10270927048921585,1.828633469581604,2.0,1.0,10.0,,,,,0.5796006377220154,0.5796006377220154,,,,17.78381358947754,0.9005100208862572,0.2234532518941126,,0.20846100768465906,0.8473009007751562,0.20795407077404343,0.002213544101798373,0.06963210500729312,1.2416260308900458,,0.006916574536152421,,76.36857478633807,19.107371409227895,,104.85823297196893,76.34613537636532,25.446262821270402,94.4559910282208,40.88837619951576,17.783795204891522,,0.6931471824645996,,0.06189160419117873,0.15569778612464857,,0.11349748620751557,0.06792702122478728,0.18028590576663897,0.00427481884160524,0.40982173620515566,0.14588643154900544,,,,0.2976,5952.0,0.7988974,0.7832662,0.8844493,0.7831161,0.6231503,0.6942828,0.69835967,0.6900611,0.5000500082969666,0.6201890449523926,0.7106500267982483,0.6201890449523926,0.271,271.0,0.34833466040379346,0.4793182379806054,0.37515468438955607,0.25640368887192383,0.3886572448946196,0.23531205686059434,0.25783092806532104,0.25834246196216065,0.25732621779663994,0.06660843618128902,0.06940517277019206,0.0681153627886318,0.06760024361225377,0.09618144212222429,0.07415124658165205,0.07846277199798675,0.08854935293665438,0.07358102913540844,0.632,0.7113636,0.9096899,0.71710527,0.8707317,0.6468504,0.52677166,0.6568182,0.4915500581264496,0.6049313497543335,0.718950092792511,0.6049313497543335,0.258,258.0,0.4112292744118819,0.5249908190009145,0.43783724829084414,0.294917745198351,0.33283481904356427,0.27336301548207387,0.2968617884977285,0.2925377222156308,0.27730433994752707,0.04534649410695375,0.05493157118582208,0.04660223068841683,0.051249912427533864,0.09893985486756844,0.058589352226052265,0.05982562579568572,0.06727611157447619,0.05827596072761295,0.7520161,0.7432432,0.8521898,0.789313,0.5768293,0.67280704,0.6918699,0.65912414,0.49580003321170807,0.612560197353363,0.7148000597953796,0.612560197353363,0.2645,264.5,0.37978196740783765,0.5021545284907599,0.40649596634020013,0.2756607170351374,0.36074603196909194,0.2543375361713341,0.27734635828152476,0.27544009208889575,0.2673152788720835,0.055977465144121386,0.06216837197800707,0.057358796738524315,0.059425078019893815,0.09756064849489637,0.06637029940385215,0.06914419889683623,0.07791273225556528,0.06592849493151069,0.6920081,0.7273034,0.88093984,0.7532091,0.7237805,0.6598287,0.60932076,0.65797114,2026-10-06T05:22:25.500916
27,0.7441126704216003,0.49835267663002014,0.5473768507480621,0.7459573149681091,0.5473768507480621,0.7810530223846436,0.8599001556396484,1.7878892984390258,0.10431699364185333,1.8798139612197875,2.0,1.0,10.0,,,,,0.588460646533966,0.588460646533966,,,,17.75813390197754,0.9267968669723553,0.258369767457057,,0.20745513870552845,0.8651468505145637,0.2220291840327773,0.002120471340352017,0.06738818578042421,1.373610433119877,,0.005805899828472575,,76.33219783321307,19.084293644899017,,104.86423220300371,76.31098831079568,25.41782668289865,94.45655433994949,40.95852481331795,17.75811093324309,,0.6931471824645996,,0.06279475626292502,0.15690436475216205,,0.11522486103568108,0.06945606686507061,0.184350939028582,0.004401585641821288,0.4176616476979225,0.14892040401886983,,,,0.30125,6025.0,0.7985766,0.7759162,0.8829636,0.79526067,0.6323987,0.6956364,0.69862294,0.6876171,0.5133498907089233,0.6193967423439026,0.7158999443054199,0.6193967423439026,0.263,263.0,0.3645799158960506,0.444878564289456,0.3854609189021873,0.24896945867037826,0.35255036368930276,0.2540132949278785,0.28813518162912777,0.28435595082151255,0.29094885394124603,0.04929997328830331,0.043596954242564954,0.051339669824961444,0.06630849874464437,0.08754230528200976,0.06810183891940763,0.05542464673707662,0.06163351959211263,0.05338982681362455,0.62850004,0.7054545,0.9135659,0.73059213,0.88577235,0.64842516,0.52952754,0.6666667,0.5025500655174255,0.6071007518768311,0.7180998921394348,0.6071007518768311,0.247,247.0,0.34862651051445454,0.4698463333978304,0.389162899014179,0.24331879859882957,0.28796735100734216,0.21752965991490744,0.2338894217608195,0.23563336573439989,0.22243334922889496,0.05782837924377136,0.06180056789306383,0.05389234579591373,0.06845233629136638,0.10499690156434295,0.0692691078853711,0.08079350351244366,0.08477736674177933,0.07472827264402736,0.7560484,0.73738736,0.8521898,0.79503816,0.5841463,0.66052634,0.6930894,0.6510949,0.5079499781131744,0.6132487471103669,0.7169999182224274,0.6132487471103669,0.255,255.0,0.35660321320525257,0.4573624488436432,0.3873119089581831,0.24614412863460391,0.3202588573483225,0.23577147742139298,0.26101230169497364,0.2599946582779562,0.25669110158507047,0.053564176266037336,0.05269876106781439,0.052616007810437584,0.06738041751800537,0.09626960342317636,0.06868547340238937,0.06810907512476014,0.07320544316694598,0.06405904972882595,0.6922742,0.72142094,0.8828778,0.7628151,0.73495936,0.65447575,0.61130846,0.65888083,2026-10-06T05:26:26.818453
28,0.745725154876709,0.5015826225280762,0.5459712617397309,0.7460574507713318,0.5459712617397309,0.7887209567070007,0.8684200887680054,1.8446472940444947,0.11661810101270675,1.87054122467041,2.0,1.0,10.0,,,,,0.5883361330986023,0.5883361330986023,,,,17.729405563354494,0.888232762836347,0.2114898848353298,,0.19131035609230115,0.86017715228591,0.22440620212797907,0.002035189036629904,0.06582497202666701,1.3028102344388415,,0.006371970435643011,,76.29537618843614,19.058943669507457,,104.86608065465454,76.27552090784546,25.390356622683775,94.45865247204046,41.03296542319522,17.72938604415602,,0.6931471824645996,,0.06354160241450474,0.15815393854478363,,0.11659994337019647,0.07101907467196701,0.18989583147559197,0.004505114015903633,0.4256116744059666,0.15216070897639936,,,,0.28935,5787.0,0.7998396,0.77631897,0.88127977,0.79127175,0.62951714,0.6953939,0.70182264,0.6926273,0.5071500539779663,0.6232387866973877,0.7173498868942261,0.6232387866973877,0.263,263.0,0.318038525396624,0.42966094064054394,0.3556072783152241,0.23395869946082365,0.35917933119893886,0.23033244582936882,0.25349426475650466,0.25595772157912683,0.2687075123142158,0.07863922829680296,0.07986873096460421,0.08078354377961496,0.09009128572034222,0.1344411472916719,0.0919838327437343,0.0879897343304571,0.08904312853289757,0.07895293661116039,0.6315,0.7109091,0.9100775,0.7414474,0.8898374,0.6496063,0.53897643,0.64772725,0.49765005707740784,0.6022237620353699,0.7213500142097473,0.6022237620353699,0.237,237.0,0.40889729228633015,0.5124498100899736,0.43905586657019136,0.3026104353408715,0.32981163251507023,0.28371343257045245,0.3033882827712471,0.3070824135639345,0.3081440008807413,0.05071810601594108,0.057087960346113326,0.049005359214173386,0.05956899840735522,0.08884202223277264,0.0561527106282033,0.06822155586097838,0.0715741952354094,0.0632995403811408,0.7645162,0.736937,0.8521898,0.80496186,0.57601625,0.67061406,0.69796747,0.65255475,0.5024000555276871,0.6127312743663789,0.7193499505519867,0.6127312743663789,0.25,250.0,0.36346790884147706,0.47105537536525877,0.3973315724427077,0.2682845674008476,0.3444954818570045,0.25702293919991065,0.27844127376387584,0.2815200675715307,0.28842575659747854,0.06467866715637202,0.06847834565535876,0.06489445149689417,0.07483014206384872,0.11164158476222227,0.0740682716859688,0.07810564509571774,0.08030866188415348,0.0711262384961506,0.69800806,0.7239231,0.8811337,0.7732046,0.73292685,0.6601102,0.618472,0.650141,2026-10-06T05:30:28.012692
29,0.7471075654029846,0.4981025457382202,0.5403433537006378,0.74747234582901,0.5403433537006378,0.7932995103836059,0.8735073670387268,1.8662634578704833,0.11477717959880829,1.8455823760986327,2.0,1.0,10.0,,,,,0.5963824877738952,0.5963824877738952,,,,17.703402474975587,0.8794890987170729,0.2263275068134639,,0.18866157384624907,0.8237609064123433,0.1998800729775125,0.0020856517033390463,0.0662444830533995,1.2312719379640689,,0.006049456076316868,,76.25855998628458,19.03346619332672,,104.86687707597284,76.24006098850518,25.36328668047668,94.45851805863107,41.08735156211124,17.703375931758032,,0.6931471824645996,,0.06431671839420962,0.1594501207968232,,0.11783531849171705,0.0723757223243926,0.19362217073987245,0.004605888567010688,0.43222558840065245,0.15486140587147634,,,,0.2815,5630.0,0.8004411,0.78066856,0.88094294,0.7955372,0.6258957,0.70224243,0.7020454,0.69175154,0.501550018787384,0.6253510599136353,0.7190999388694763,0.6253510599136353,0.239,239.0,0.30562414685821665,0.40127177458249036,0.3374617126871363,0.20809790333684994,0.2888029974167151,0.2013147067078008,0.2243164427250783,0.22376439575071563,0.23313929751564622,0.08877739489494191,0.07502175072838807,0.08011411845602305,0.10125292230319861,0.1330471925487639,0.1108570967002205,0.10265862160739289,0.09478230083737542,0.0993024498293684,0.643,0.7022727,0.920155,0.7424342,0.88739836,0.6468504,0.51968503,0.6719697,0.5055500268936157,0.6058948531150817,0.7182499766349792,0.6058948531150817,0.256,256.0,0.33555810163338967,0.4608528089863442,0.38762036002730066,0.20386276977482587,0.2495963188728449,0.21180563435309768,0.23433365294075062,0.2398061310317763,0.24151458291785793,0.053984274521271705,0.06331758986088554,0.051223457626213546,0.0651638792868564,0.09668544293669255,0.06177409428557958,0.07346686504326996,0.07419714598710227,0.06717924261822109,0.7592742,0.7355856,0.850365,0.79503816,0.58536583,0.66403514,0.6882114,0.65291977,0.5035500228404999,0.6156229565143585,0.7186749577522278,0.6156229565143585,0.2475,247.5,0.32059112424580316,0.43106229178441724,0.36254103635721846,0.20598033655583792,0.26919965814478,0.20656017053044923,0.22932504783291446,0.23178526339124597,0.23732694021675207,0.0713808347081068,0.0691696702946368,0.0656687880411183,0.0832084007950275,0.11486631774272824,0.08631559549290004,0.08806274332533143,0.08448972341223884,0.08324084622379474,0.70113707,0.7189292,0.88526,0.7687362,0.7363821,0.6554428,0.60394824,0.6624447,2026-10-06T05:34:29.499249
30,0.7470524907112122,0.5035900473594666,0.5412244436264038,0.7472850680351257,0.5412244436264038,0.790408229637146,0.8702948287010193,1.846393194770813,0.11509027819037437,1.8992210834503174,2.0,1.0,10.0,,,,,0.6126309484481811,0.6126309484481811,,,,17.677648818969725,0.9045790757533092,0.24810593212201337,,0.20281680436081187,0.8452495319448459,0.19543720708246443,0.0020349104358565514,0.06317076364615161,1.1678136888962642,,0.005898266815681272,,76.22223770238791,19.01006486005844,,104.87049540137029,76.20432811178219,25.335608451989046,94.45833038524458,41.15170317242859,17.67763061280463,,0.6931471824645996,,0.06521466094407306,0.1606506180421562,,0.11927515012063798,0.07365301137517212,0.19692987127668538,0.004732348520166365,0.43931853885103944,0.15730229703484067,,,,0.2917,5834.0,0.8023256,0.77799034,0.87941754,0.7965245,0.6259735,0.69545454,0.70708793,0.6932587,0.49869999289512634,0.6198330302238464,0.7124500870704651,0.6198330302238464,0.225,225.0,0.3337760425391485,0.39583024950922746,0.3540429571583594,0.25523430978798683,0.32954217134563146,0.23896648291724706,0.27465384331427173,0.27779879434509136,0.2769144448230583,0.08257039445356548,0.10052498797531684,0.0837974048722147,0.07604476392452304,0.1458415065549927,0.08340134430921091,0.07034493894341647,0.07387663840580683,0.07277637083454604,0.634,0.69500005,0.9015504,0.7417763,0.88617885,0.6562992,0.5098425,0.6549243,0.502250075340271,0.5981136412620545,0.7211999297142029,0.5981136412620545,0.223,223.0,0.36779238464762326,0.4674036948784664,0.41215191416635416,0.23610969723091638,0.259365647714103,0.23221325545484114,0.2426764004872656,0.2425795371192208,0.24691044861946487,0.052851361210591356,0.06426048484720745,0.05162033921514321,0.06108304606531663,0.09162823041878249,0.0576881765450687,0.06901798421102798,0.06919247532120243,0.06183543531632708,0.7536291,0.73513514,0.8518249,0.79885495,0.60406506,0.66403514,0.6902439,0.6562044,0.5004750341176987,0.6089733357429504,0.716825008392334,0.6089733357429504,0.224,224.0,0.35078421359338585,0.4316169721938469,0.38309743566235677,0.24567200350945162,0.2944539095298672,0.2355898691860441,0.2586651219007687,0.2601891657321561,0.26191244672126157,0.06771087783207842,0.08239273641126214,0.06770887204367895,0.06856390499491984,0.1187348684868876,0.07054476042713981,0.06968146157722221,0.07153455686350463,0.06730590307543656,0.6938145,0.7150676,0.87668765,0.77031565,0.74512196,0.66016716,0.6000432,0.6555643,2026-10-06T05:38:31.013951
31,0.7494902014732361,0.5021401643753052,0.535717325925827,0.7493898272514343,0.535717325925827,0.7906905596733094,0.8706085318565369,1.8594236711502075,0.10660540302991867,1.9441648147583008,2.0,1.0,10.0,,,,,0.6168178440093994,0.6168178440093994,,,,17.653596548461913,0.8943733049046462,0.2267587850475387,,0.1938849564190883,0.8136757221191552,0.18666018071068322,0.0020071953033826725,0.06190997452303103,1.1890610300811233,,0.006293212876478685,,76.18630787065834,18.985777107773313,,104.87449777202242,76.16883874395091,25.307692570291508,94.45808527272219,41.21093302927199,17.653576553247536,,0.6931471824645996,,0.06598822293198033,0.16174388567733158,,0.12079859880884741,0.07489922206113293,0.19994703912810916,0.004810843667145937,0.4460153864447478,0.15992823518385554,,,,0.2862,5724.0,0.80082196,0.7815143,0.8822306,0.80063194,0.63144475,0.69741416,0.7077764,0.69285136,0.5075500011444092,0.6104402713775635,0.7178499698638916,0.6104402713775635,0.256,256.0,0.34506422073963494,0.48839576273678637,0.39594393170860415,0.2127364368455784,0.32866158145563534,0.22398441534543864,0.2118822920308484,0.21742068180608914,0.24093688763387333,0.07675863905797857,0.0911266152236591,0.0748364335437962,0.07832388081174387,0.10601072064738803,0.0670265555839241,0.0662355907871862,0.06790467838436026,0.05864271667814402,0.6395,0.7090909,0.8945736,0.75065786,0.89512193,0.65196854,0.5192914,0.6632576,0.4973500072956085,0.5928962235450744,0.719200074672699,0.5928962235450744,0.243,243.0,0.4083766224571591,0.5287814546412658,0.4606350384665285,0.26190541060471745,0.28962367613020196,0.2576381037034657,0.2837969427287274,0.28813609767261583,0.2952644973737006,0.04999631943884616,0.05786330684191467,0.04991038107731728,0.06809504036709964,0.09932196919030094,0.06566802631421265,0.05991908446746136,0.06200799765579774,0.05440232038549835,0.7451613,0.73063064,0.84927005,0.80496186,0.5890244,0.6657895,0.70609754,0.64744526,0.5024500042200089,0.601668247461319,0.7185250222682953,0.601668247461319,0.2495,249.5,0.376720421598397,0.5085886086890261,0.4282894850875663,0.23732092372514793,0.30914262879291865,0.24081125952445215,0.2478396173797879,0.2527783897393525,0.268100692503787,0.06337747924841236,0.07449496103278688,0.06237340731055674,0.07320946058942175,0.1026663449188445,0.06634729094906838,0.06307733762732379,0.064956338020079,0.056522518531821185,0.69233066,0.7198608,0.87192184,0.77780986,0.7420732,0.65887904,0.6126945,0.6553514,2026-10-06T05:42:32.192603
32,0.7512221932411194,0.5013599395751953,0.5289551699638366,0.7512698173522949,0.5289551699638366,0.7917425475120544,0.8717774067878723,1.8535277406692505,0.10349512807130813,1.861377668952942,2.0,1.0,10.0,,,,,0.615697006893158,0.615697006893158,,,,17.629153588867187,0.8823477852686196,0.21752721638341618,,0.19501370891549025,0.8160587175256887,0.17526697974865604,0.0019296387078501522,0.059252271784623715,1.1131781829390557,,0.005579096895040481,,76.14968322948286,18.961244765360643,,104.87746191328498,76.13307496089085,25.279390407975313,94.45665439678605,41.254510818773014,17.62913731860507,,0.6931471824645996,,0.06672088370011871,0.16312883898710748,,0.12214576310602723,0.07611632280668636,0.20245762188343486,0.00486791161464373,0.45170671886699215,0.16213765284817688,,,,0.2899,5798.0,0.80842024,0.78272253,0.88288426,0.79735386,0.6271223,0.70113134,0.7116849,0.69877803,0.5053000450134277,0.6387729144096375,0.7063499689102173,0.6387729144096375,0.26,260.0,0.3469995973733907,0.4674171966302482,0.38681365546578483,0.19759964342746308,0.3192914611482798,0.19869321918271662,0.2337625790631567,0.25012748190059947,0.24932332488348272,0.05970049922433814,0.07309338585313514,0.0637801128573975,0.056189634964278416,0.13841026964159794,0.07303458553280476,0.06562164171767354,0.06676124422199366,0.0687621627517046,0.6305,0.6940909,0.88488376,0.73256576,0.8947155,0.65314966,0.4909449,0.6522727,0.5060499310493469,0.6002112331390381,0.7238499522209167,0.6002112331390381,0.239,239.0,0.402518031047031,0.5221927510579616,0.43128201567049607,0.2833873833699959,0.3086214955751224,0.24713126289963472,0.2904994002882725,0.2865791844922116,0.2757574551042264,0.05534571808156752,0.057785950148797616,0.05351445569806174,0.06697064088924223,0.09388845768551111,0.06341412695849194,0.0771745137314386,0.07853430439540199,0.0746559057911665,0.7592742,0.74459463,0.85328466,0.78854966,0.5995935,0.67280704,0.7,0.65912414,0.5056749880313873,0.6194920737743378,0.715099960565567,0.6194920737743378,0.2495,249.5,0.37475881421021084,0.49480497384410493,0.40904783556814045,0.24049351339872949,0.3139564783617011,0.22291224104117568,0.2621309896757146,0.26835333319640553,0.26254038999385454,0.057523108652952834,0.06543966800096637,0.058647284277729625,0.06158013792676033,0.11614936366355452,0.06822435624564835,0.07139807772455607,0.07264777430869782,0.07170903427143555,0.6948871,0.71934277,0.86908424,0.7605577,0.7471545,0.66297835,0.59547246,0.6556984,2026-10-06T05:46:33.087790
33,0.752480149269104,0.49934229254722595,0.530465288734436,0.7525623440742493,0.530465288734436,0.7927063149452209,0.8728482586860656,1.855509024810791,0.11056657643318177,1.8823394889831544,2.0,1.0,10.0,,,,,0.6182466539382935,0.6182466539382935,,,,17.603985888671875,0.8883493650870719,0.21721854032414734,,0.19223507818807462,0.8116964601027737,0.22611143532547223,0.0020088591656623896,0.0631088490366556,1.397634329120065,,0.005736947425004913,,76.11323994436081,18.93582146031082,,104.87797332569292,76.09721082942501,25.25200356647467,94.45883368230929,41.314334553518115,17.603967435800346,,0.6931471824645996,,0.06740628344238184,0.16408009808154622,,0.12344513591497568,0.07738583188527709,0.20710088787185157,0.004955679261285788,0.45829049094467406,0.16517061374749348,,,,0.2967,5934.0,0.8088813,0.78505844,0.8848851,0.8010664,0.6325156,0.7033536,0.7067234,0.6976986,0.4982500374317169,0.6124120678901672,0.7165500521659851,0.6124120678901672,0.264,264.0,0.37551648650594777,0.5051841496698186,0.42481637978350983,0.23563317695997585,0.3050140778031875,0.21649355155900307,0.25495189709655985,0.2650029647995973,0.2688323057936759,0.07321674876127725,0.07727223076641368,0.06964520903939352,0.07809394396962512,0.12220028144441936,0.07551796016860787,0.07778511777073902,0.0852767612063129,0.07246690855836599,0.6325,0.69590914,0.91782945,0.7450658,0.8930894,0.6562992,0.51220477,0.6579545,0.4952499568462372,0.5983228092193603,0.7219499945640564,0.5983228092193603,0.25,250.0,0.40027144872596293,0.5044426821357717,0.4494285191297912,0.25893740528973436,0.2648625617171316,0.25801309793678057,0.28926489476338,0.29088131514581567,0.2986077911465823,0.05451602236129867,0.05927527750285181,0.0527942574273772,0.062201951804298584,0.09212225629638038,0.05766715684765416,0.06772527381136963,0.0732522212653311,0.06261591111542561,0.75403225,0.73153156,0.8521898,0.7969466,0.57967484,0.67456144,0.70731705,0.66350365,0.49674999713897705,0.6053674385547638,0.7192500233650208,0.6053674385547638,0.257,257.0,0.38789396761595535,0.5048134159027952,0.4371224494566505,0.2472852911248551,0.28493831976015954,0.23725332474789182,0.27210839592996994,0.27794213997270645,0.2837200484701291,0.06386638556128796,0.06827375413463274,0.06121973323338536,0.07014794788696185,0.10716126887039987,0.06659255850813102,0.07275519579105433,0.079264491235822,0.0675414098368958,0.69326615,0.7137203,0.88500965,0.7710062,0.7363821,0.6654303,0.6097609,0.66072905,2026-10-06T05:50:34.752094
34,0.7517299056053162,0.5012354254722595,0.5301090680122376,0.7519543170928955,0.5301090680122376,0.7906174902915954,0.8705273386001587,1.8644775667190552,0.10195341670513153,1.896323427581787,2.0,1.0,10.0,,,,,0.6272622207641602,0.6272622207641602,,,,17.579121368408202,0.8426245589070259,0.25904360802689935,,0.20752716251904038,0.7957922668214057,0.18830559889127493,0.0020227142488050045,0.06160638037665635,1.1478213114533455,,0.00621213401822747,,76.07666316913192,18.914529205127884,,104.8797252193378,76.0614829579736,25.224962793338072,94.46031728367896,41.384170313549646,17.579106191161333,,0.6931471824645996,,0.06810759800444742,0.16582095063036414,,0.124789881051346,0.07846294144156632,0.21037193202668694,0.00503681531875946,0.4652432753781604,0.16771475572115296,,,,0.30505,6101.0,0.8009222,0.78437376,0.8832211,0.80282384,0.63563085,0.7014545,0.708222,0.69857436,0.5079500079154968,0.6315259604454041,0.7046500444412231,0.6315259604454041,0.292,292.0,0.34410937024392324,0.48478602630090795,0.40718852808356315,0.2107257845875027,0.3469084320571013,0.22227221078595488,0.18403146624201533,0.21239917065112926,0.22088694159754568,0.02573120398030031,0.05282953776733938,0.027682799180813077,0.02310926619771236,0.0572869017119812,0.021872364981444705,0.017854327699121826,0.021172022451993313,0.010485714152876224,0.62450004,0.6777273,0.8782946,0.73618424,0.89065045,0.6496063,0.5098425,0.6488637,0.49455004930496216,0.59964199924469,0.7166998982429504,0.59964199924469,0.278,278.0,0.38842143735952034,0.5005391360550356,0.44239534025793925,0.24300554269406738,0.2522936497343427,0.23968975430899353,0.23610679754308206,0.23086396270915968,0.22767043692779013,0.043505315020535174,0.04722161156607494,0.039724266996499315,0.051755543544095894,0.06923065722743735,0.04423823949611144,0.04491683756190338,0.04315290807344374,0.031495362544530274,0.7512097,0.74189186,0.83321166,0.7961832,0.5955285,0.66885966,0.69593495,0.63978106,0.5012500286102295,0.6155839798450471,0.7106749713420868,0.6155839798450471,0.28500000000000003,285.0,0.3662654038017218,0.4926625811779718,0.42479193417075123,0.22686566364078503,0.29960104089572204,0.2309809825474742,0.2100691318925487,0.22163156668014447,0.22427868926266792,0.03461825950041774,0.050025574666707165,0.033703533088656194,0.03743240487090413,0.06325877946970927,0.033055302238778075,0.0313855826305126,0.03216246526271853,0.02099053834870325,0.6878549,0.70980954,0.8557531,0.76618373,0.74308944,0.659233,0.6028887,0.6443224,2026-10-06T05:54:35.761202
35,0.7518676519393921,0.49915507435798645,0.5282256324768067,0.7522276639938354,0.5282256324768067,0.7924602239608765,0.8725748235702515,1.875860277748108,0.1014848482131958,1.923949688911438,2.0,1.0,10.0,,,,,0.6380419419288635,0.6380419419288635,,,,17.554548013305663,0.7454098421297256,0.23519644429491962,,0.1998850011806579,0.7782789390937538,0.18911260081704256,0.001983859495461509,0.05963020902245667,1.2289156338591485,,0.005581938087344051,,76.04068683211212,18.893782245125742,,104.88635273344198,76.02580839509417,25.198390984990795,94.46004442348601,41.46186082682033,17.554523297935535,,0.6931471824645996,,0.06890178016226763,0.16776707910808028,,0.12639683048436595,0.07952775184515935,0.21298841752444103,0.005177106862519956,0.4725240252579853,0.16980644804277237,,,,0.2974,5948.0,0.80747795,0.78749496,0.88108164,0.800316,0.6297508,0.7041818,0.70963955,0.69773936,0.5008000135421753,0.6250376362800598,0.7128000259399414,0.6250376362800598,0.243,243.0,0.2992921748183537,0.4571308140983312,0.3401616256695902,0.19809353429253237,0.3647711762128107,0.19528967478892348,0.20839477770069625,0.21019116677329944,0.216327173336868,0.06778833366551909,0.06594699556915275,0.07531651193105615,0.07824872234704662,0.12193906227402125,0.0964507369314206,0.07647420499390598,0.0844076905565887,0.08273687560823252,0.63,0.6831818,0.90193796,0.73355263,0.8939024,0.6629922,0.5153544,0.6606061,0.5031999945640564,0.5838004021644593,0.7272499799728394,0.5838004021644593,0.252,252.0,0.40425660791226586,0.49196302447280166,0.4303104517500054,0.28710965079457573,0.2853526721091308,0.2721665275279326,0.27950335008657706,0.26786279933787893,0.2583748392359747,0.061776378904481025,0.06532977816909918,0.060983993387849926,0.064535641262536,0.0901400516403118,0.06367972580720867,0.06774415435054146,0.06574478957824158,0.0602955096689144,0.76814514,0.7572072,0.85255474,0.8038168,0.5947155,0.6789474,0.7004065,0.65072995,0.5020000040531158,0.6044190192222596,0.7200250029563904,0.6044190192222596,0.2475,247.5,0.35177439136530975,0.4745469192855664,0.3852360387097978,0.24260159254355407,0.32506192416097074,0.23372810115842801,0.24394906389363666,0.23902698305558917,0.23735100628642136,0.06478235628500006,0.06563838686912596,0.06815025265945304,0.07139218180479132,0.10603955695716652,0.08006523136931464,0.07210917967222372,0.07507624006741515,0.07151619263857346,0.6990726,0.7201945,0.8772464,0.76868474,0.74430895,0.6709698,0.6078805,0.655668,2026-10-06T05:58:37.136861
36,0.7537225484848022,0.4986174404621124,0.5226285316944123,0.7539876699447632,0.5226285316944123,0.7893224029541016,0.8690883573532104,1.8439253120422363,0.09930938225984573,1.882931340789795,2.0,1.0,10.0,,,,,0.6358417963981629,0.6358417963981629,,,,17.529731576538087,0.7469001790140845,0.21060015757087688,,0.1792437389113341,0.773144445791366,0.18483999528133185,0.0018566431122487945,0.05783335151518606,1.1831507234816339,,0.006151622689957879,,76.00463901203909,18.868297528309427,,104.89033163277207,75.99011609508733,25.171494307791352,94.45985320267404,41.51518793774259,17.529715301124913,,0.6931471824645996,,0.0696473474715166,0.16841689150804168,,0.12767432800903442,0.08064480685884026,0.21619914604979715,0.0052912387237617165,0.4783663459264549,0.17198874407513126,,,,0.29985,5997.0,0.80832,0.790294,0.8834984,0.8064178,0.62661606,0.7055354,0.71087486,0.70028514,0.4994000196456909,0.6144446322917938,0.7135499715805054,0.6144446322917938,0.261,261.0,0.3574121530429235,0.48957040912482014,0.4148711208014391,0.20096753115123703,0.316115712846594,0.21003181252588035,0.2469981671066011,0.2716716142060011,0.2888414059437215,0.07209902012488592,0.06881340565634048,0.0732965476104004,0.07959476226762413,0.09897027146291885,0.07983895780061977,0.06839378556588196,0.07047797381752646,0.06539470456685795,0.63100004,0.6927273,0.9135659,0.7470395,0.897561,0.6409449,0.50629926,0.657197,0.4913499653339386,0.5891208825111389,0.7204500436782837,0.5891208825111389,0.274,274.0,0.4045352397392363,0.5156682732668564,0.45844068955632883,0.24595741239917143,0.2730770125119646,0.252797003893314,0.30194013646918105,0.30448916101320533,0.3086242678127316,0.05655164568918544,0.06692166214374615,0.05615732281930299,0.062891645816788,0.1016193630331968,0.06062706726492558,0.0658592792922781,0.06727300120709535,0.06164734766662379,0.7512097,0.740991,0.8481752,0.8034351,0.5878049,0.6644737,0.7,0.65291977,0.49537499248981476,0.6017827574014664,0.7170000076293945,0.6017827574014664,0.2675,267.5,0.3809736963910799,0.5026193411958383,0.436655905178884,0.22346247177520423,0.2945963626792793,0.2314144082095972,0.2744691517878911,0.2880803876096032,0.29873283687822655,0.06432533290703568,0.06786753390004331,0.06472693521485169,0.07124320404220606,0.10029481724805783,0.07023301253277267,0.06712653242908004,0.0688754875123109,0.06352102611674088,0.6911049,0.71685916,0.8808706,0.7752373,0.74268293,0.6527093,0.60314965,0.6550584,2026-10-06T06:02:33.897150
37,0.7568875551223755,0.5009273290634155,0.515305991601944,0.7573099732398987,0.515305991601944,0.7908788497924805,0.8708177429199219,1.8863290576934815,0.09327441275715828,1.8967516721725464,2.0,1.0,10.0,,,,,0.6494817777633667,0.6494817777633667,,,,17.50767527770996,0.7853718017506751,0.21201527560022987,,0.18180625178631704,0.7759406130025341,0.17573905513165103,0.0018059150605005728,0.05594106348361939,1.0581367013940386,,0.005951713938392094,,75.96854050751705,18.844139184162117,,104.89252700319716,75.95415054612859,25.14375878595243,94.46169300443808,41.56425403181915,17.507664880934794,,0.6931471824645996,,0.07040139729050314,0.16967229393257457,,0.1288662232031488,0.08163870785646378,0.218702422585457,0.0054195410821136015,0.48404916931109826,0.17471675375464615,,,,0.30065,6013.0,0.8078589,0.7939791,0.88597465,0.8083136,0.6342095,0.70422226,0.7178615,0.70594704,0.515500009059906,0.629522322177887,0.7014499306678772,0.629522322177887,0.27,270.0,0.3512772047278851,0.5103855806430642,0.4219799288742614,0.18072472713228957,0.33129103127062715,0.21650871942932345,0.21601223551129828,0.236134893820108,0.24744816963191094,0.0694980836559705,0.07731467537743168,0.06479806517296882,0.07347745925822233,0.125442379976677,0.0671593490376536,0.06291683337154434,0.06721352012709347,0.05647057923298651,0.625,0.65727276,0.8554264,0.75723684,0.90365857,0.64330715,0.4858268,0.6564394,0.4974500834941864,0.5940305104255676,0.7225000262260437,0.5940305104255676,0.279,279.0,0.42515114254740377,0.5408733125231628,0.47457863309660125,0.2840530560122751,0.27769188644957193,0.2659339725398312,0.30828282905825855,0.3069098501833665,0.3094753200014983,0.06611672982936101,0.07393305361510921,0.06313745871005746,0.06809602857062509,0.11423068439652576,0.06384724113562551,0.07482237614851324,0.07747631171224652,0.0655328790411752,0.75685483,0.73828834,0.85072994,0.8057252,0.599187,0.6649123,0.6947155,0.65437955,0.5064750462770462,0.6117764163017273,0.7119749784469604,0.6117764163017273,0.2745,274.5,0.38821417363764443,0.5256294465831135,0.44827928098543135,0.23238889157228232,0.30449145886009954,0.24122134598457734,0.2621475322847784,0.27152237200173723,0.2784617448167046,0.06780740674266575,0.07562386449627045,0.06396776194151314,0.07078674391442372,0.11983653218660138,0.06550329508663955,0.06886960476002879,0.07234491591966999,0.06100172913708086,0.6909274,0.69778055,0.8530781,0.781481,0.75142276,0.6541097,0.5902711,0.65540946,2026-10-06T06:06:36.052319
38,0.7563847899436951,0.4972822368144989,0.5190344958305358,0.7569775581359863,0.5190344958305358,0.7920654079437256,0.8721361397743225,1.8697606214523315,0.1043552627325058,1.8275604776382446,2.0,1.0,10.0,,,,,0.656945797920227,0.656945797920227,,,,17.486224215698243,0.7978792115571393,0.23178362491641455,,0.2031091827733122,0.7723483986156002,0.1863271315243973,0.0020394665971368692,0.0612034894359909,1.1141788401421469,,0.005257004538846089,,75.93218916388834,18.82073029439161,,104.89672778670196,75.91870646871578,25.118394475074332,94.46376951181205,41.6386264387969,17.48620370998504,,0.6931471824645996,,0.07110345434800834,0.17113242217689562,,0.13020031372452998,0.0826805403373044,0.22204235860496568,0.005555272063798016,0.4910120100352415,0.1774519719895284,,,,0.30665,6133.0,0.8111668,0.7977648,0.88373613,0.81198657,0.6336059,0.70412123,0.713872,0.69930756,0.5070499777793884,0.6076699566841125,0.7115500569343567,0.6076699566841125,0.267,267.0,0.3455120594878241,0.4841887791792082,0.3966349825531617,0.22497197023159046,0.35421778825736233,0.23198424939387127,0.20173152206002365,0.21622613755038553,0.21510149118590427,0.07919813309778004,0.08212693400076258,0.06991599351072386,0.09551165318084295,0.12836813153086302,0.09677184356638473,0.09307858469626179,0.09668932242929515,0.09607399050227147,0.6275,0.64590913,0.90193796,0.7582237,0.903252,0.64803153,0.51417327,0.6625,0.4980999827384949,0.5804137878417969,0.7275001406669617,0.5804137878417969,0.255,255.0,0.368980101951698,0.4883667085885303,0.4215612101680041,0.23635039136523617,0.2830167020604113,0.23691711826351383,0.2383092187746585,0.2373663811720776,0.23363959582721366,0.05621716847527113,0.0644884436882718,0.05862471681593197,0.06308933047516803,0.09675177768436301,0.06433245632543454,0.06391948155924453,0.0627355572279452,0.059018315280924626,0.75967747,0.74864864,0.85,0.8034351,0.59634143,0.68114036,0.7028456,0.6645986,0.5025749802589417,0.5940418722629547,0.7195250988006592,0.5940418722629547,0.261,261.0,0.35724608071976105,0.48627774388386924,0.4090980963605829,0.2306611807984133,0.3186172451588868,0.23445068382869255,0.22002037041734107,0.22679625936123154,0.22437054350655897,0.06770765078652559,0.07330768884451719,0.06427035516332791,0.0793004918280055,0.112559954607613,0.08055214994590963,0.07849903312775316,0.07971243982862017,0.07754615289159805,0.69358873,0.69727886,0.875969,0.7808294,0.74979675,0.66458595,0.6085094,0.6635493,2026-10-06T06:10:36.621000
39,0.7555124759674072,0.5021250247955322,0.5188026320934296,0.7557999491691589,0.5188026320934296,0.787060741519928,0.8665753997802734,1.82598231048584,0.10278209314346314,1.881230002593994,2.0,1.0,10.0,,,,,0.6609459275245666,0.6609459275245666,,,,17.462652337646485,0.7403336766229314,0.23736297078193372,,0.2053913315817429,0.7959343842260397,0.18483272648066473,0.001971730244995516,0.059298891526688435,1.1296802003672168,,0.006483826738638376,,75.8959007506158,18.796977267903127,,104.90002135258571,75.88363807824007,25.092518071460116,94.46146519168927,41.71651971416109,17.462633485247377,,0.6931471824645996,,0.07176278170886313,0.172319548999428,,0.13146441311213622,0.08374441804210092,0.22545720864633087,0.0056652894931708934,0.49802572085599234,0.18009967864698664,,,,0.30525,6105.0,0.8056135,0.79436165,0.8780507,0.8087283,0.6360787,0.7028889,0.7143378,0.7061915,0.5031499862670898,0.6361827888488769,0.7002002000808716,0.6361827888488769,0.276,276.0,0.3087428124485598,0.44136266898594495,0.36992902496733865,0.187700946086695,0.2876433648709733,0.1724684138012381,0.18605335970423062,0.20016170713630438,0.21433355125337283,0.08375759257773842,0.0732308756316145,0.07148266506944059,0.10727210923708105,0.13395948666688706,0.10350383645156783,0.096083148936951,0.10166799707097966,0.08601808711659537,0.61,0.6522727,0.83565897,0.7486842,0.89918697,0.6535433,0.5059055,0.6666667,0.4931999444961548,0.5870158958435059,0.7280000448226929,0.5870158958435059,0.266,266.0,0.37634469273701293,0.49498191943270137,0.4241575523601603,0.2434646654922318,0.27387000275359724,0.23461227526445574,0.24577502364504172,0.24506615403339263,0.23161443443994442,0.053719633616954664,0.05882456211723076,0.0521938373218882,0.05750010410470605,0.09484227799907376,0.05759658221165283,0.0636705319885951,0.0665160853258816,0.05813744985874753,0.75080645,0.75765765,0.8518249,0.80496186,0.60203254,0.6754386,0.69878054,0.6689781,0.4981749653816223,0.6115993423461914,0.7141001224517822,0.6115993423461914,0.271,271.0,0.34254375259278635,0.46817229420932316,0.3970432886637495,0.2155828057894634,0.28075668381228525,0.20354034453284692,0.21591419167463616,0.22261393058484852,0.22297399284665864,0.06873861309734654,0.06602771887442263,0.0618382511956644,0.08238610667089355,0.1144008823329804,0.08055020933161033,0.07987684046277305,0.08409204119843064,0.07207776848767145,0.68040323,0.7049652,0.8437419,0.77682304,0.75060976,0.66449094,0.602343,0.66782236,2026-10-06T06:14:37.753158
40,0.7563672661781311,0.5001900792121887,0.5155594364643097,0.7576075792312622,0.5155594364643097,0.7881961630821228,0.8678369786262512,1.8551767488479614,0.0908797553896904,1.8995356615066528,2.0,1.0,10.0,,,,,0.6637355463027954,0.6637355463027954,,,,17.439059786987304,0.7107159268039807,0.2044611442834139,,0.1856584609931062,0.7734831408330589,0.18265471028484356,0.001945981680219815,0.05845815657525306,1.1243696218463266,,0.005785330132248361,,75.85968668749378,18.773337892665985,,104.9019983376667,75.84817154999752,25.06656330861863,94.463276030911,41.79324170738269,17.439039679849223,,0.6931471824645996,,0.07250641020619945,0.1736376468732858,,0.1327157619462651,0.08470867887424056,0.22833195907674778,0.005750516340563632,0.5047808498333973,0.1824583660834914,,,,0.3075,6150.0,0.8084803,0.79105926,0.8829636,0.8118088,0.63785046,0.70737374,0.71500605,0.70606923,0.5044000148773193,0.6477104086875916,0.6934500336647034,0.6477104086875916,0.268,268.0,0.3650548871394811,0.5210915903041421,0.44102349320877876,0.22101269338419688,0.34451321928005585,0.25437644529043396,0.21317029932902418,0.2340434338371212,0.24389981248835077,0.07516385606677106,0.06421486023655379,0.06304734137046507,0.08247343570820465,0.07941399897281551,0.07158037552721014,0.06987668210783196,0.07071882083826173,0.0647196804425826,0.63,0.64,0.81240314,0.75065786,0.90081304,0.6448819,0.5055118,0.63825756,0.49260005354881287,0.6339589323997498,0.7015501260757446,0.6339589323997498,0.277,277.0,0.36704575202158796,0.5004432801241196,0.4290695503230367,0.22089214778969324,0.2734326639053742,0.22371276672533477,0.23248892484202247,0.2395998843202506,0.23947146819319712,0.037909293723991384,0.0479836625113953,0.037309703958228975,0.048385828019630824,0.08455571846241414,0.043628406196450975,0.04766548694201794,0.05048827851473498,0.03969417921799541,0.70443547,0.7117117,0.7810219,0.8034351,0.599187,0.6429825,0.69878054,0.6569343,0.4985000342130661,0.6408346705436707,0.697500079870224,0.6408346705436707,0.2725,272.5,0.3660503195805345,0.5107674352141309,0.43504652176590775,0.22095242058694506,0.30897294159271504,0.23904460600788435,0.22282961208552332,0.2368216590786859,0.24168564034077394,0.05653657489538122,0.05609926137397454,0.050178522664347025,0.06542963186391773,0.08198485871761482,0.05760439086183056,0.05877108452492495,0.06060354967649835,0.052206929830289,0.66721773,0.6758559,0.7967125,0.77704644,0.75,0.6439322,0.60214615,0.64759594,2026-10-06T06:18:39.061276
41,0.7587674260139465,0.49994736909866333,0.5118523970127106,0.7591596245765686,0.5118523970127106,0.790351418876648,0.8702317103385925,1.8802557361602783,0.08678200959563255,1.896397713279724,2.0,1.0,10.0,,,,,0.6741778942108154,0.6741778942108154,,,,17.415247412109377,0.7409086868072011,0.18742995982052416,,0.18168287783576426,0.7761025128850512,0.17975845055025855,0.0018597839197743043,0.05672183326759916,1.1355833863946283,,0.005787984869935235,,75.82344439075251,18.750075358494072,,104.90485420955974,75.81255374592581,25.039729549626635,94.46372937244975,41.85441062101133,17.415233514870806,,0.6931471824645996,,0.073237456998248,0.1749501071727959,,0.13394321501255035,0.08565209810711016,0.23092038122711667,0.0058216035965189435,0.5106826025968904,0.18467086373241084,,,,0.3012,6024.0,0.80898154,0.79647607,0.8833003,0.81656796,0.6360592,0.70820206,0.71227217,0.71126276,0.5013499855995178,0.6267675557136536,0.7077998518943787,0.6267675557136536,0.291,291.0,0.3184885412263762,0.42397754061722964,0.361770036700905,0.20899095682388955,0.31449487424126554,0.21930831916271315,0.22063545300399987,0.23130587721401985,0.23512404508047022,0.06935601592921901,0.0695545907696968,0.07258411222366579,0.07479355156595156,0.09747420919535671,0.08924161638116902,0.07029853349130029,0.07132600819553149,0.07487613652956879,0.623,0.63954544,0.8833334,0.75032896,0.903252,0.6527559,0.5161418,0.6636363,0.4991500675678253,0.5843210196495057,0.7297000885009766,0.5843210196495057,0.291,291.0,0.36692782178372535,0.47832280297591456,0.4122682217111291,0.2402490435731075,0.26216688905965846,0.22459694218833745,0.24405397101042278,0.2416753321829074,0.21944966100848126,0.05228464773385437,0.0600246058981089,0.05139565659146027,0.05982649271881802,0.09519219437089313,0.052169429340738274,0.06438231014527278,0.06712942247595527,0.05779568591290362,0.7604839,0.76666665,0.8518249,0.80610687,0.5947155,0.6741228,0.7044715,0.66678834,0.5002500265836716,0.6055442876815796,0.7187499701976776,0.6055442876815796,0.291,291.0,0.3427081815050508,0.45115017179657213,0.38701912920601705,0.22462000019849854,0.288330881650462,0.2219526306755253,0.23234471200721132,0.2364906046984636,0.22728685304447574,0.06082033183153669,0.06478959833390285,0.06198988440756303,0.0673100221423848,0.09633320178312492,0.07070552286095365,0.06734042181828653,0.06922771533574337,0.06633591122123621,0.69174194,0.70310605,0.8675791,0.7782179,0.74898374,0.6634394,0.6103066,0.66521233,2026-10-06T06:22:40.006782
42,0.7617199420928955,0.4995875060558319,0.5057788699150085,0.7621470093727112,0.5057788699150085,0.791757311630249,0.8717938129425049,1.8585153718948364,0.10331961948275566,1.8356395334243774,2.0,1.0,10.0,,,,,0.6755889624595642,0.6755889624595642,,,,17.394788745117186,0.7288357094404804,0.2152343102535055,,0.18845717544863178,0.7535506536246864,0.1695554561580822,0.0019050456704364223,0.057530317111474695,1.0409552494811405,,0.005715651842591258,,75.78667168100928,18.724454308771023,,104.90610479852955,75.7768460413453,25.01360540936707,94.46372218040904,41.92603158647088,17.394768259327883,,0.6931471824645996,,0.07378635071455293,0.17557889764096327,,0.1350255471885584,0.08662066608667374,0.23340309776697948,0.005876730015252236,0.5171085774518882,0.18728224980603358,,,,0.29875,5975.0,0.81060547,0.8009867,0.8917987,0.81530416,0.63130844,0.7145657,0.71976507,0.71297354,0.5037500262260437,0.6302686924934388,0.7038500905036926,0.6302686924934388,0.242,242.0,0.35101579346261774,0.44778976367327195,0.3937664956902319,0.21114909022620643,0.24031574357787963,0.19918522814350342,0.224692368738371,0.2313649744177489,0.2360083792496464,0.05941545049339784,0.09084472971626727,0.06962505986235693,0.05764863338585617,0.13378251358551366,0.07047581530944329,0.06561735530702342,0.07651444792724776,0.08194542019190204,0.6355,0.6545454,0.8604651,0.7539474,0.89918697,0.6448819,0.4996063,0.657197,0.5112999677658081,0.5733506445884704,0.7286500334739685,0.5733506445884704,0.253,253.0,0.382752583117689,0.47834024548977994,0.4133768341057564,0.246298208098961,0.2691860110615383,0.2231029914973901,0.24517690572315118,0.23707742470424098,0.22860992720238274,0.05402684933161715,0.06500913500227805,0.054495619838936867,0.06032276210748787,0.10393251563070423,0.06426749657574447,0.06440106644591857,0.065821771896725,0.05706087387308584,0.75403225,0.75540537,0.8510949,0.8125954,0.5995935,0.66798246,0.7,0.67335767,0.5075249969959259,0.6018096685409546,0.7162500619888306,0.6018096685409546,0.2475,247.5,0.36688418829015335,0.46306500458152594,0.4035716648979941,0.2287236491625837,0.25475087731970897,0.21114410982044676,0.23493463723076108,0.23422119956099494,0.2323091532260146,0.0567211499125075,0.07792693235927266,0.06206033985064689,0.05898569774667202,0.11885751460810895,0.06737165594259388,0.06500921087647099,0.07116810991198638,0.06950314703249394,0.69476616,0.70497537,0.85578,0.78327143,0.74939024,0.65643215,0.59980315,0.66527736,2026-10-06T06:26:41.310426
43,0.7584195733070374,0.5014698505401611,0.5106459447383881,0.7594649195671082,0.5106459447383881,0.7957200546264649,0.8761968547821045,1.8829840223312377,0.10644619867801666,1.8334890272140503,2.0,1.0,10.0,,,,,0.6775984041213989,0.6775984041213989,,,,17.371051809692382,0.6551394832741683,0.19957474272721892,,0.18327962028182995,0.7500346919913201,0.1781939603625589,0.0019010491724790425,0.057074618840198606,1.1313047552374518,,0.005521952082472705,,75.75047394576346,18.700466083113554,,104.9081856794418,75.74195147471822,24.987124582764448,94.46396214187524,41.99045720677467,17.371032119556595,,0.6931471824645996,,0.07449866608259784,0.17660366065183264,,0.1361312085086373,0.08756814080818444,0.23648572300270104,0.005975047719611484,0.5230602439801404,0.18978887473701672,,,,0.29645,5929.0,0.8148757,0.79252917,0.88246834,0.816173,0.6341511,0.7097172,0.71452004,0.711222,0.506850004196167,0.625778706073761,0.7017500996589661,0.625778706073761,0.26,260.0,0.32471361496171547,0.4502957604353077,0.3708178540102088,0.19074976183213008,0.2682275489476714,0.18231730920174102,0.20960392399363673,0.21421592282343715,0.21170740650059386,0.06902008262536453,0.07600659037764528,0.07210541937287931,0.0777899103202529,0.13793762643891908,0.08626649528558175,0.07038623896888788,0.08149831317103026,0.07951870532471711,0.6365,0.62545455,0.86860466,0.74473685,0.90000004,0.6562992,0.4944882,0.6606061,0.5012500882148743,0.5722140898704529,0.7285001277923584,0.5722140898704529,0.262,262.0,0.376940696900689,0.46804533975769086,0.4147272345419951,0.26911955361981216,0.25751507009102764,0.24486674137662637,0.2573401716199705,0.24704604446021072,0.23537136856723678,0.06383730977668743,0.07611030794804415,0.06144631903710547,0.06414549031004275,0.10453409907405986,0.05836455494907272,0.07073949376695436,0.0694765820176046,0.06207936660816085,0.7612903,0.7725225,0.8518249,0.80496186,0.5947155,0.67105263,0.69634145,0.66350365,0.5040500462055206,0.5989963979721069,0.7151251137256622,0.5989963979721069,0.261,261.0,0.35082715593120223,0.4591705500964993,0.392772544276102,0.2299346577259711,0.26287130951934956,0.2135920252891837,0.23347204780680364,0.23063098364182394,0.22353938753391533,0.06642869620102598,0.07605844916284471,0.0667758692049924,0.07096770031514782,0.12123586275648947,0.07231552511732724,0.07056286636792111,0.07548744759431743,0.07079903596643898,0.69889516,0.69898856,0.86021477,0.77484936,0.7473577,0.6636759,0.5954148,0.6620549,2026-10-06T06:30:42.709174
44,0.7603599429130554,0.5021076798439026,0.509937830209732,0.760959804058075,0.509937830209732,0.7955736045837403,0.8760341401100159,1.9180884943008423,0.09081558659076691,1.8834693473815918,2.0,1.0,10.0,,,,,0.6761058508872986,0.6761058508872986,,,,17.349917050170898,0.7124646264276687,0.20781735416240754,,0.1903048850073936,0.738732709816307,0.17696306137901963,0.0018927482521060594,0.056753745243238035,1.057505648986549,,0.006176374963140649,,75.71497660837356,18.675587295726608,,104.91092234811966,75.70655764440063,24.961175347589382,94.46710817373483,42.05092970732671,17.34989558663338,,0.6931471824645996,,0.0752453687274532,0.1776084467104286,,0.13724717972384895,0.0884944639008516,0.2392720517459189,0.006109870890167298,0.5287284494205645,0.19270540792850932,,,,0.3036,6072.0,0.808741,0.8020137,0.8842314,0.8193523,0.63035434,0.7137778,0.7144593,0.714888,0.5017499923706055,0.624823838710785,0.7010500431060791,0.624823838710785,0.259,259.0,0.3474331063413679,0.4854020767797294,0.3849368335178429,0.20462757119318303,0.3085198054808144,0.20414353252191186,0.22371568999576721,0.22519294644647692,0.2232561127751151,0.08188252482156798,0.08395268436387944,0.08275092093454067,0.0950981947137933,0.11950098525578119,0.09716694483530722,0.08037830740108161,0.08602330163797187,0.08218331063473826,0.63600004,0.63772726,0.8511628,0.7345395,0.8930894,0.65314966,0.5047244,0.67386365,0.5187500715255737,0.5831460466384888,0.7255500555038452,0.5831460466384888,0.263,263.0,0.3522245198003767,0.4846727080273964,0.3948245444618315,0.22964523285397734,0.27047468953196063,0.21211889389398475,0.23803631889338484,0.23746295210424537,0.22347651835550295,0.0494787734910686,0.06762170867977885,0.053756425394545844,0.05385623591932158,0.10294378636756177,0.05769520757881321,0.05914669298886164,0.062036100395031685,0.05861249381310757,0.7548387,0.75540537,0.8518249,0.79809165,0.58983743,0.6758772,0.6882114,0.6759124,0.5102500319480896,0.6039849426746369,0.7133000493049622,0.6039849426746369,0.261,261.0,0.3498288130708723,0.4850373924035629,0.3898806889898372,0.2171364020235802,0.2894972475063875,0.2081312132079483,0.230876004444576,0.23132794927536116,0.223366315565309,0.06568064915631829,0.07578719652182914,0.06825367316454325,0.07447721531655743,0.11122238581167149,0.07743107620706022,0.06976250019497163,0.07402970101650178,0.07039790222392292,0.6954194,0.69656634,0.85149384,0.7663156,0.7414634,0.66451347,0.59646785,0.674888,2026-10-06T06:34:44.273907
45,0.7594099044799805,0.5013145804405212,0.5079417067050934,0.7614004015922546,0.5079417067050934,0.7944895831108093,0.8748296682357788,1.894172920036316,0.09717748784422875,1.907737456893921,2.0,1.0,10.0,,,,,0.689572953414917,0.689572953414917,,,,17.327898803710937,0.6344877736773461,0.20861397275499477,,0.18148624512610162,0.7697643611081846,0.18345365189253146,0.0018484628719283613,0.0564921571499413,1.1338120518596309,,0.005443700196430573,,75.67912924213773,18.652911872620795,,104.91180521971101,75.67162653443161,24.936220533528903,94.46948271344422,42.119354393831486,17.327880033262215,,0.6931471824645996,,0.07600086519292965,0.1787651222033106,,0.1382484706533942,0.08945608793929884,0.24209093905178605,0.006187693453186257,0.5347778706034277,0.19522865135578593,,,,0.3019,6038.0,0.80892146,0.7955296,0.8842314,0.82231444,0.6328661,0.7111515,0.7223775,0.7138493,0.4990999698638916,0.6451773300170899,0.7001001238822937,0.6451773300170899,0.264,264.0,0.3391807074936538,0.5318107402800137,0.4180890958263281,0.1944681331402395,0.36494423783732227,0.21249700068893176,0.19820998278741653,0.21583081255505074,0.2305507886725912,0.07768329415991519,0.07986616529048284,0.07106466039906141,0.0753376022167965,0.10697672011305383,0.08420108191252547,0.0817160662767565,0.08638280719558494,0.07918820091975202,0.6305,0.64727277,0.8310078,0.74671054,0.9004065,0.64842516,0.5015748,0.6693182,0.5033500790596008,0.614978485584259,0.7181500792503357,0.614978485584259,0.241,241.0,0.4191408620813158,0.5387759261432437,0.4767704785184591,0.26897204949845377,0.28445632115681435,0.2733359038390715,0.2680132177024447,0.25919780567873496,0.26497254492132416,0.04639651851372822,0.05305084261261489,0.044794062619614036,0.05203332961606841,0.08578119325747723,0.046621734789458615,0.06048843668006801,0.06227050466933303,0.053139455320154926,0.7298387,0.7324325,0.83722633,0.80419844,0.59390247,0.6666667,0.69796747,0.6671533,0.5012250244617462,0.6300779078006744,0.7091251015663147,0.6300779078006744,0.2525,252.5,0.37916078478748483,0.5352933332116288,0.44742978717239357,0.23172009131934662,0.3247002794970683,0.24291645226400166,0.2331116002449306,0.23751430911689286,0.24776166679695769,0.0620399063368217,0.06645850395154887,0.05792936150933772,0.06368546591643245,0.09637895668526553,0.06541140835099205,0.07110225147841226,0.07432665593245899,0.06616382811995347,0.68016934,0.6898526,0.83411705,0.7754545,0.7471545,0.6575459,0.59977114,0.6682358,2026-10-06T06:38:40.680561
46,0.7597280740737915,0.5011528134346008,0.5040032555103302,0.7633876800537109,0.5040032555103302,0.7966946074485779,0.8772796927452088,1.9236664958953857,0.09007828966379165,1.932694797515869,2.0,1.0,10.0,,,,,0.7005643381118775,0.7005643381118775,,,,17.305490866088867,0.7164995415954832,0.19301183509883607,,0.18528957252100015,0.7406997249764242,0.1614907067150447,0.0017944009923435463,0.0544393914425449,0.9533212706921207,,0.005529172618607961,,75.64311106493518,18.62782124804843,,104.91235006538926,75.63655114629466,24.909856310315952,94.46894603170406,42.17212917546558,17.305477786216006,,0.6931471824645996,,0.07664809485149991,0.17951697414847695,,0.13925130674793462,0.09037750551275386,0.24461031662430732,0.006273409360604491,0.5399744324623399,0.19743380852185996,,,,0.3033,6066.0,0.81263036,0.79997987,0.88141835,0.8255727,0.63576716,0.7148081,0.7182868,0.71869653,0.5000001192092896,0.6148167939186097,0.7102500200271606,0.6148167939186097,0.228,228.0,0.3938105967354479,0.5469607195604979,0.43387347630596107,0.23564167883281442,0.36087064464521723,0.22676690698944257,0.2656836439325716,0.27077469000434007,0.2664882792795773,0.058679025198527975,0.054180656246685256,0.05803281764351839,0.06858848000545296,0.13960890874422202,0.07953688784544911,0.07524429839294872,0.08695177112913713,0.08080518480282439,0.634,0.6409091,0.8852714,0.75625,0.89796746,0.65590554,0.50826776,0.67348486,0.5022500157356262,0.565664999961853,0.7314499616622925,0.565664999961853,0.25,250.0,0.4106957752718323,0.5135115049280143,0.4564153726225303,0.2838407360942563,0.259994867349676,0.26276488778973817,0.26293102503616644,0.24533150727745406,0.24328642313748092,0.05440241740809393,0.05975804685116705,0.056653690702279366,0.06156873191713439,0.09192235807407528,0.06492467966281049,0.07033867687056297,0.07339238226637097,0.06969987405420296,0.76814514,0.75585586,0.8521898,0.8053435,0.60121953,0.681579,0.70162606,0.6722628,0.5011250674724579,0.5902408969402313,0.7208499908447266,0.5902408969402313,0.239,239.0,0.40225318600364013,0.530236112244256,0.4451444244642457,0.25974120746353535,0.3104327559974466,0.24476589738959037,0.26430733448436905,0.2580530986408971,0.2548873512085291,0.05654072130331095,0.056969351548926156,0.05734325417289888,0.06507860596129368,0.11576563340914865,0.07223078375412981,0.07279148763175584,0.08017207669775406,0.07525252942851368,0.7010726,0.6983825,0.86873055,0.78079677,0.7495935,0.6687423,0.6049469,0.67287385,2026-10-06T06:42:41.880725
47,0.7636598348617554,0.4979299306869507,0.5024452641487122,0.7644599676132202,0.5024452641487122,0.7946372464179993,0.8749937346458435,1.8650291217803956,0.10379909574985505,1.862781831932068,2.0,1.0,10.0,,,,,0.6926520991325379,0.6926520991325379,,,,17.28563603210449,0.6505533693607446,0.17950692551008834,,0.1705473763808893,0.7456456458872291,0.1760358631278679,0.0018207661547641728,0.05583317622922029,1.1432838768336424,,0.005356883590115579,,75.60695473251829,18.602595068087243,,104.90946751491279,75.60174351588935,24.885212564164664,94.46953913208786,42.23440882202926,17.285623198102233,,0.6931471824645996,,0.07725634748578832,0.18059596058669364,,0.14006469640762184,0.09136979006657935,0.2473237570493844,0.006405379460044917,0.5456248825522745,0.2000964970155886,,,,0.29985,5997.0,0.81164795,0.7994563,0.8801704,0.8340838,0.63983643,0.7149899,0.71597815,0.71934825,0.5111500024795532,0.6278759179115295,0.7072000503540039,0.6278759179115295,0.266,266.0,0.380217193645873,0.46821969390731905,0.40979275863318393,0.24778870514521303,0.30880003302465836,0.2405962300721852,0.29492967115868546,0.29859705705551565,0.2844420820781425,0.07846522378574809,0.0813242776984282,0.095774078724881,0.09015675983384946,0.10480471272114678,0.10581624371801934,0.07987287480020853,0.08278420846150826,0.07654200015993816,0.63850003,0.62636364,0.8794574,0.74473685,0.903252,0.65393704,0.50905514,0.67424244,0.4948500394821167,0.5782885670661926,0.7285999655723572,0.5782885670661926,0.261,261.0,0.3664248629624852,0.49013176691804594,0.41347569632073283,0.24051341550701896,0.29414024659512295,0.24861648380438844,0.2562875993970104,0.25448965751115715,0.2491211262985877,0.0533377485654848,0.06421422408847899,0.06525205751410519,0.05703493862145228,0.08698478906402074,0.07667482339307026,0.06578071744974452,0.06545009241303809,0.0710928009471742,0.76209676,0.77432436,0.85145986,0.7984733,0.596748,0.6723684,0.69390243,0.6678832,0.503000020980835,0.6030822424888611,0.7179000079631805,0.6030822424888611,0.2635,263.5,0.3733210283041791,0.47917573041268247,0.4116342274769584,0.244151060326116,0.3014701398098907,0.2446063569382868,0.27560863527784796,0.2765433572833364,0.2667816041883651,0.06590148617561645,0.0727692508934536,0.0805130681194931,0.07359584922765088,0.09589475089258376,0.0912455335555448,0.07282679612497653,0.07411715043727318,0.07381740055355618,0.7002984,0.70034397,0.8654586,0.7716051,0.75,0.6631527,0.6014788,0.6710628,2026-10-06T06:46:43.369197
48,0.7649924159049988,0.50272536277771,0.4988295033454895,0.7661851644515991,0.4988295033454895,0.7905878772735596,0.8704944421768188,1.8578085042953492,0.09076690104007722,1.8752830917358398,2.0,1.0,10.0,,,,,0.6936899961471558,0.6936899961471558,,,,17.263535873413087,0.6342215810896484,0.2014174115173756,,0.18185164100804907,0.7643200352693059,0.17315743614438991,0.0018636777675947898,0.05634451534148235,1.0442259474924416,,0.005960075229192805,,75.57044521258895,18.57807037936654,,104.91099698983939,75.56701106174737,24.859412903998308,94.47248402978205,42.30050795245322,17.263526394109057,,0.6931471824645996,,0.07786005208636546,0.1815691244829992,,0.1411432756739817,0.09239569130786665,0.2498559697418456,0.006539864456696305,0.5514300875603013,0.20250772575663914,,,,0.3089,6178.0,0.8107057,0.8023158,0.8846276,0.8425751,0.6320288,0.723596,0.7152491,0.71835035,0.4932500422000885,0.6369290399551392,0.6990500688552856,0.6369290399551392,0.262,262.0,0.398361096129326,0.5202670432100354,0.43354063459548103,0.2547430233400091,0.37030319404710066,0.25442804757785464,0.299126931143255,0.29979691685391474,0.2976049992790277,0.04623569907475553,0.0705766782582636,0.06712797203319627,0.04391588873219475,0.10327671282778779,0.07115780579194395,0.06056178149884354,0.0769501055622791,0.07799967009862561,0.6345,0.6218182,0.86821705,0.73717105,0.9012195,0.65393704,0.4925197,0.6568182,0.499300092458725,0.5771686568260193,0.7257999777793884,0.5771686568260193,0.259,259.0,0.3770360519521128,0.5117056287228882,0.43012242375632065,0.25485036624441476,0.2863489248242552,0.2335189824011733,0.2426003091897311,0.23649734378796128,0.23262429318772168,0.05075796790438365,0.059855932227447735,0.050907260377842725,0.059661399493832284,0.10046846027807792,0.06041847957960368,0.07030208670167087,0.07444381320767861,0.06703950040679188,0.7689516,0.7747748,0.8518249,0.79809165,0.58739835,0.65877193,0.6882114,0.66569346,0.49627506732940674,0.6070488483905792,0.712425023317337,0.6070488483905792,0.2605,260.5,0.3876985740407194,0.5159863359664618,0.43183152917590084,0.2547966947922119,0.32832605943567794,0.24397351498951397,0.27086362016649307,0.268147130320938,0.2651146462333747,0.048496833489569596,0.06521630524285567,0.0590176162055195,0.05178864411301352,0.10187258655293285,0.06578814268577382,0.0654319341002572,0.07569695938497886,0.07251958525270874,0.70172584,0.6982965,0.860021,0.76763135,0.74430895,0.6563545,0.5903655,0.66125584,2026-10-06T06:50:44.248107
49,0.762607216835022,0.5022224187850952,0.4989478120326996,0.7667326927185059,0.4989478120326996,0.7918143310546875,0.8718571658134461,1.8666756170272827,0.099424541836977,1.8222515048980712,2.0,1.0,10.0,,,,,0.6999490808486939,0.6999490808486939,,,,17.2408794921875,0.5629466195015391,0.18432555302597914,,0.17171483902130158,0.791632657407955,0.17051311259626584,0.001876933958046257,0.056450397476174266,1.019828250074083,,0.005955721707132224,,75.53486628441294,18.55432968382623,,104.91423073543865,75.53259044088375,24.834244333255064,94.47218206126219,42.37429994230817,17.240857021064514,,0.6931471824645996,,0.07856984004663055,0.18283047360979068,,0.1422189761688755,0.09340915567935652,0.25217460181303086,0.006587600412594665,0.557492606199471,0.2045796792598287,,,,0.31845,6369.0,0.81232965,0.79891264,0.8884113,0.8473341,0.63144475,0.7178586,0.72258,0.7148269,0.4966999888420105,0.6429333362579346,0.6984999775886536,0.6429333362579346,0.277,277.0,0.38107922866798216,0.4725968215417395,0.4177380417746181,0.2664558995780972,0.3359849343998853,0.26247806889944225,0.2894825715860623,0.3038457317829991,0.2928112250443835,0.07530721976159206,0.07542044109338158,0.07911314927415088,0.07045087336465802,0.08491807514514912,0.08363058300102659,0.08039517639555205,0.08608365606534348,0.08134305122716703,0.6415,0.6281818,0.84379846,0.7381579,0.89715445,0.65118116,0.5035433,0.6606061,0.4964500367641449,0.5765444979667663,0.7309499382972717,0.5765444979667663,0.254,254.0,0.37473900586521974,0.4818444790069852,0.42690108322401304,0.2573424950192008,0.2745734124488816,0.2669629184404222,0.260923790949873,0.2546733859109016,0.25771808664171386,0.05623406788486751,0.07510799978926819,0.07100491451727108,0.060372153795456344,0.09996175948063811,0.07926522859606011,0.062047041022306466,0.06726357540877913,0.06775309232761746,0.7604839,0.76936936,0.8510949,0.80419844,0.59308946,0.68114036,0.7012195,0.67481756,0.4965750128030777,0.6097389171123504,0.7147249579429626,0.6097389171123504,0.2655,265.5,0.3779091172666009,0.47722065027436233,0.42231956249931557,0.26189919729864897,0.3052791734243835,0.2647204936699322,0.2752031812679676,0.27925955884695036,0.2752646558430487,0.06577064382322978,0.07526422044132489,0.07505903189571098,0.06541151358005719,0.09243991731289361,0.08144790579854336,0.07122110870892925,0.0766736157370613,0.07454807177739226,0.700992,0.6987756,0.8474467,0.7711782,0.74512196,0.66616076,0.6023814,0.66771185,2026-10-06T06:54:45.383767
50,0.7657151222229004,0.4988224506378174,0.49575894770622253,0.7673349380493164,0.49575894770622253,0.7956017349243164,0.8760653888702392,1.9085021379470826,0.1023553444981575,1.8366915996551514,2.0,1.0,10.0,,,,,0.7062206265449524,0.7062206265449524,,,,17.217186444091798,0.6880140557030964,0.22237383809154201,,0.19878117725917488,0.7573604069317982,0.16343519540064655,0.0018653000317881726,0.055592356522561635,0.9973788189280565,,0.006079479598567768,,75.49879533318197,18.533931258377756,,104.91604896108056,75.497699859036,24.80679713692635,94.46940292066829,42.435623776381185,17.217174943085688,,0.6931471824645996,,0.07925369946440314,0.18457741731671012,,0.14332987557930552,0.09438248647815863,0.2539834556685891,0.006723659118981498,0.5628883523546206,0.20632685388729072,,,,0.3127,6254.0,0.8077386,0.7987314,0.88001186,0.844846,0.64042056,0.72676766,0.72118264,0.7188188,0.5023999214172363,0.6447711701393127,0.7002500891685486,0.6447711701393127,0.228,228.0,0.34791626901272416,0.4534068169668903,0.3814696809390817,0.22010562684103688,0.3060652320003663,0.2124630418735024,0.2662151988259555,0.29061862897452556,0.2888666264552826,0.05936537619584767,0.08645051417248628,0.06913178166064828,0.05411861022282361,0.17079618500040056,0.07995148622710044,0.0682257828304927,0.07229485718606711,0.0760426891618115,0.6445,0.6413637,0.83294576,0.7450658,0.9004065,0.64921266,0.5019685,0.6636363,0.4995500445365906,0.6073012025356292,0.7199000716209412,0.6073012025356292,0.272,272.0,0.38669762555770937,0.4864633334109967,0.4196759628904404,0.25038901935286273,0.25682112429646115,0.24120249755154588,0.2542288239314859,0.24446022172877713,0.23190011514976377,0.06676130656053378,0.08350046662419576,0.06909567020385123,0.07513490319242402,0.12022934956160149,0.07317484427117013,0.0870139802676729,0.09022788518935396,0.08301739030331086,0.7306451,0.7436937,0.83138686,0.80458015,0.6097561,0.6662281,0.698374,0.66131383,0.5009749829769135,0.626036186337471,0.7100750803947449,0.626036186337471,0.25,250.0,0.36730694728521673,0.4699350751889435,0.40057282191476107,0.2352473230969498,0.2814431781484137,0.22683276971252414,0.2602220113787207,0.2675394253516513,0.26038337080252316,0.06306334137819072,0.08497549039834101,0.06911372593224975,0.06462675670762381,0.14551276728100102,0.07656316524913528,0.07761988154908281,0.08126137118771054,0.07953003973256118,0.6875726,0.6925287,0.8321663,0.77482295,0.7550813,0.6577204,0.6001712,0.6624751,2026-10-06T06:58:46.307434
51,0.7514347434043884,0.5008476376533508,0.49527590851783754,0.7679650187492371,0.49527590851783754,0.7961949530601502,0.8767245230674744,1.9032742259979247,0.09942499638795853,1.8097763236999511,2.0,1.0,10.0,,,,,0.7022378051757813,0.7022378051757813,,,,17.195952450561524,0.6024193011081902,0.1822319899561109,,0.17916301360270778,0.7385019077237245,0.16439924768771336,0.001774338537836032,0.05416264683957313,0.9644198888426374,,0.005257033557960301,,75.46291088906064,18.51349687272576,,104.9169440299842,75.46270484681342,24.781522775151927,94.46737389048194,42.49759163826135,17.19593387044919,,0.6931471824645996,,0.07998563909226922,0.18608941318123204,,0.1444352880405013,0.09533186888049362,0.2562465941070751,0.0068209281986116605,0.5682995809111625,0.20865541886372171,,,,0.30655,6131.0,0.8125501,0.7979863,0.88240886,0.84761065,0.64129674,0.7211111,0.72000813,0.72046846,0.4929000735282898,0.6616357126235962,0.6886499524116516,0.6616357126235962,0.233,233.0,0.3895565276991463,0.46477058080787054,0.41176822015291753,0.27442461610960484,0.3087462031632706,0.2544678411261126,0.30256532200681663,0.30464247622923135,0.29349231461526504,0.08206892067268955,0.10645591995362287,0.09451845299226119,0.06659176573761404,0.12893984984484383,0.07867970163998844,0.08426479795637945,0.08737678994962984,0.08818850776341489,0.6515,0.64500004,0.8058139,0.7282895,0.89959353,0.642126,0.4937008,0.6287879,0.4973999857902527,0.6559589149951934,0.6853999495506287,0.6559589149951934,0.25,250.0,0.37732181438854784,0.477118152194789,0.42344789719466097,0.26201348474486263,0.2813415278820937,0.25805039311191896,0.24485934447290755,0.24521672500513286,0.23758581253575956,0.05774523428815322,0.07495457292104052,0.0626424390301269,0.06103508658099269,0.10879211941248033,0.0651534658709004,0.07079427893073639,0.07518399056617464,0.07215437907172594,0.67540324,0.69684684,0.7288321,0.80419844,0.5947155,0.65175444,0.697561,0.62664235,0.49515002965927124,0.6587973138093948,0.6870249509811401,0.6587973138093948,0.2415,241.5,0.38343917104384706,0.47094436650132976,0.41760805867378925,0.2682190504272337,0.29504386552268214,0.2562591171190158,0.2737123332398621,0.2749296006171821,0.26553906357551227,0.06990707748042138,0.09070524643733169,0.07858044601119404,0.06381342615930335,0.11886598462866207,0.07191658375544442,0.07752953844355792,0.08128039025790224,0.0801714434175704,0.6634516,0.6709235,0.767323,0.76624393,0.7471545,0.64694023,0.5956309,0.6277151,2026-10-06T07:02:47.020744
52,0.7654001712799072,0.5020400285720825,0.49327672028541564,0.7684423327445984,0.49327672028541564,0.798597264957428,0.8793937571525574,1.9275175792694093,0.10914800986647606,1.8609235609054566,2.0,1.0,10.0,,,,,0.7027149515151978,0.7027149515151978,,,,17.173454037475587,0.5390126354944934,0.19980591995890734,,0.17713359069482537,0.776403468505592,0.16908884504038818,0.0017437800082117081,0.05400738110587855,1.1049260637562746,,0.005490338712690434,,75.42672744070649,18.490941649029967,,104.91934918446147,75.42807794072826,24.757270740095976,94.46883091045792,42.555956603615144,17.17342720517687,,0.6931471824645996,,0.08050065758122,0.18717939705605718,,0.14552805643932076,0.0962763646510756,0.2591252793931657,0.006912493749053046,0.5735095105353435,0.2108602707932709,,,,0.2975,5950.0,0.81710106,0.7930125,0.884687,0.8504345,0.63913554,0.72440404,0.71909684,0.71936864,0.5131999850273132,0.6271219506263733,0.7057000398635864,0.6271219506263733,0.269,269.0,0.4081876723550881,0.5312101250233698,0.44523069949441446,0.30109093093728306,0.365061624342147,0.2622696085844127,0.27884587850450804,0.278931453657529,0.2724877485169338,0.08028429528304792,0.06622761539748603,0.0832672527212812,0.07025571628459101,0.09616936992037883,0.08328506305309685,0.08640550994214748,0.09482683794896947,0.09435139931004734,0.6265,0.62681824,0.8802326,0.7677632,0.9081301,0.6496063,0.4948819,0.6575758,0.4999999403953552,0.563726731300354,0.73089998960495,0.563726731300354,0.254,254.0,0.3648029488317843,0.494576900469337,0.4342608514898488,0.23017426098336677,0.29505052813334826,0.2651841554647525,0.21963823369117622,0.2230455878325976,0.22663411499722985,0.041000469341440825,0.05189857406580698,0.047823456521665086,0.05104605167859087,0.07714628308345772,0.05716791161304933,0.04327957160179335,0.04579407672055488,0.04217207963158791,0.7532258,0.7495495,0.8518249,0.81984735,0.61544716,0.6649123,0.7012195,0.67481756,0.5065999627113342,0.5954243409633637,0.7183000147342682,0.5954243409633637,0.2615,261.5,0.3864953105934362,0.5128935127463534,0.4397457754921316,0.2656325959603249,0.33005607623774763,0.2637268820245826,0.2492420560978421,0.2509885207450633,0.24956093175708183,0.06064238231224438,0.059063094731646504,0.06554535462147315,0.06065088398159094,0.08665782650191828,0.07022648733307309,0.06484254077197041,0.07031045733476218,0.06826173947081762,0.6898629,0.6881839,0.8660287,0.79380524,0.7617886,0.6572593,0.5980507,0.6661967,2026-10-06T07:06:48.218196
53,0.7622851729393005,0.499422550201416,0.4959100110054016,0.7674977779388428,0.4959100110054016,0.7994084771156311,0.8802951035499573,1.940250819015503,0.09906007953882218,1.8636624143600464,2.0,1.0,10.0,,,,,0.7063099656105042,0.7063099656105042,,,,17.14687964782715,0.5841487014939071,0.18940140890657522,,0.18060633269654716,0.7482079337736603,0.1699234016809114,0.001919739332812346,0.05651896569142296,1.0510749108852095,,0.006248408752778296,,75.39140348981141,18.468056198897635,,104.92249055121356,75.39328406267106,24.73078259996548,94.46575412628756,42.61305465212293,17.146857377070532,,0.6931471824645996,,0.08120758760317116,0.18821097302968334,,0.14664488841014303,0.09718918491890476,0.26159224597511777,0.006969542417580345,0.5785752276706088,0.21254871405993297,,,,0.29945,5989.0,0.8147354,0.7979259,0.88201267,0.85343605,0.6363902,0.71834344,0.71773994,0.7191039,0.5148000717163086,0.6257404260635376,0.7077000141143799,0.6257404260635376,0.241,241.0,0.36136839836533247,0.5030296855094987,0.3999558832544357,0.24080420960464727,0.36635017178771284,0.22879895769833392,0.2557742757380605,0.25553289630466686,0.2673094790510585,0.06717223438774966,0.078864469946148,0.08495612586984681,0.06801404087409796,0.1328526795971164,0.1019978143526838,0.08078884648822578,0.08557188354876245,0.0888657307116731,0.6225,0.6240909,0.89728683,0.7480264,0.9020325,0.66377956,0.4980315,0.6731061,0.5005999803543091,0.569308690071106,0.7315500974655151,0.569308690071106,0.251,251.0,0.3884431869471237,0.49917551267354615,0.4395618206854801,0.26312235396913447,0.28983183587886013,0.2660741606935767,0.24717579078877974,0.2352226849014748,0.2303097286767963,0.04890337980303071,0.05944872526174957,0.053958739529836146,0.06060811821594265,0.09157825610358328,0.06822739630852227,0.06483703027161289,0.06733784733542374,0.06145220727354811,0.775,0.7657658,0.8521898,0.80419844,0.5955285,0.66798246,0.7048781,0.67335767,0.5077000260353088,0.5975245580673219,0.7196250557899475,0.5975245580673219,0.246,246.0,0.3749057926562281,0.5011025990915224,0.4197588519699579,0.25196328178689087,0.3280910038332865,0.2474365591959553,0.25147503326342013,0.24537779060307083,0.24880960386392742,0.058037807095390186,0.06915659760394878,0.06945743269984148,0.0643110795450203,0.11221546785034985,0.08511260533060304,0.07281293837991934,0.0764548654420931,0.0751589689926106,0.69875,0.69492835,0.87473834,0.77611244,0.7487805,0.66588104,0.6014548,0.67323184,2026-10-06T07:10:49.999848
54,0.7684476971626282,0.5028901100158691,0.4873653914451599,0.7712351083755493,0.4873653914451599,0.7983854845046997,0.879158452129364,1.9397846509933472,0.09335752420425415,1.8309325592041015,2.0,1.0,10.0,,,,,0.7191650276184082,0.7191650276184082,,,,17.123681698608397,0.6433250998995107,0.2107102892533609,,0.18675912717345414,0.7249020165318896,0.16684828231194218,0.0017581836840992046,0.05393637761853303,1.0345906556411912,,0.005268460193205518,,75.35607963610606,18.445377070433015,,104.922226486692,75.35863242179725,24.704091940715813,94.46918701366255,42.671122872905364,17.12366293645968,,0.6931471824645996,,0.0819247551025099,0.18922793741818447,,0.14757199537981847,0.0980925432341114,0.26382293518941113,0.0071022355258702095,0.5836751704003401,0.2144844791122303,,,,0.30735,6147.0,0.8140337,0.79814744,0.8864303,0.8603476,0.63993376,0.72470707,0.72098017,0.72498983,0.5020500421524048,0.6181185250282287,0.705049991607666,0.6181185250282287,0.246,246.0,0.37017100515910295,0.5318589780188231,0.41144344881764466,0.2089618235280693,0.38291316154100524,0.2060220642667091,0.19432895051233604,0.1886412689102895,0.20669121991883574,0.06425863208280336,0.07476327266912489,0.07597985643781133,0.08411817668025329,0.10608483923940722,0.09073412787745239,0.07862155133337012,0.08702146250833681,0.0907845471205715,0.62850004,0.61954546,0.86627907,0.7555921,0.9044715,0.6708662,0.4940945,0.6685606,0.49015000462532043,0.5658599400520324,0.7312999963760376,0.5658599400520324,0.263,263.0,0.39595722360250774,0.515418695843408,0.46175954348734133,0.2636387841535317,0.284817765535006,0.27666967260876235,0.23631369184607326,0.2334575153234087,0.23638595457135733,0.04957543615746907,0.05549446671554458,0.05197871330525799,0.05977116499064112,0.09041890387062412,0.06262124550176827,0.06407546467758193,0.06449355054386265,0.06220854448175819,0.7641129,0.754955,0.8485401,0.81374043,0.60325205,0.67149127,0.70162606,0.67773724,0.4961000233888626,0.5919892325401306,0.7181749939918518,0.5919892325401306,0.2545,254.5,0.38306411438080534,0.5236388369311156,0.436601496152493,0.2363003038408005,0.3338654635380056,0.24134586843773573,0.21532132117920466,0.2110493921168491,0.22153858724509654,0.05691703412013621,0.06512886969233474,0.06397928487153466,0.0719446708354472,0.09825187155501566,0.07667768668961034,0.07134850800547603,0.07575750652609972,0.07649654580116486,0.69630647,0.68725026,0.8574096,0.7846663,0.7538618,0.6711787,0.5978603,0.67314893,2026-10-06T07:14:51.464820
55,0.7625274658203125,0.5021548867225647,0.4902527710914612,0.7691701650619507,0.4902527710914612,0.7947197981834412,0.8750854629516601,1.912767918586731,0.09222135744094849,1.8561038007736206,2.0,1.0,10.0,,,,,0.7315376757621765,0.7315376757621765,,,,17.102819650268554,0.6142096282665137,0.20901680787562565,,0.19398658780772596,0.7245409107132322,0.16337992492944572,0.0017728125652414005,0.05392069217695552,0.9500733940464676,,0.005710867734642249,,75.32036590576172,18.422891288805918,,104.92622987783639,75.32378061865545,24.678357871474734,94.47311819283067,42.72873799512341,17.102798170344844,,0.6931471824645996,,0.08267002842228884,0.19038472111058083,,0.14880175081787594,0.09898773647227864,0.26609495528943977,0.007266131380964426,0.5886681580999095,0.21675390384759113,,,,0.30795,6159.0,0.80978346,0.79925495,0.8839541,0.85809636,0.6379673,0.7170707,0.7206359,0.72633404,0.5008000731468201,0.603243965625763,0.7133500576019287,0.603243965625763,0.235,235.0,0.4009532858136532,0.5252380860426528,0.44250453000563544,0.2350701916191267,0.3408156145937751,0.23482159943069505,0.23650518264104675,0.24457884264731472,0.2445963600466433,0.05706698127285659,0.07267864808649079,0.0566300122528102,0.06986962686108854,0.13871776557293727,0.08022206758070759,0.07587728111820789,0.07069911013544534,0.060898565125455474,0.648,0.6245455,0.9023256,0.7460526,0.903252,0.6582677,0.52165353,0.675,0.49355000257492065,0.5555723385810852,0.7321000695228577,0.5555723385810852,0.263,263.0,0.37785066548776935,0.5085882406067808,0.4436915821601455,0.21962633433673984,0.2648621609080273,0.2523324456944154,0.23139873963201912,0.2273300838537866,0.22273536012170628,0.03992812138091218,0.05171881844054709,0.04508488379109369,0.051673470780749686,0.09117318165728404,0.06285731504464853,0.04669574629350214,0.049642739467818504,0.04501091868947347,0.7608871,0.772973,0.8518249,0.8030535,0.5902439,0.6780702,0.70609754,0.6810219,0.49717503786087036,0.5794081521034241,0.7227250635623932,0.5794081521034241,0.249,249.0,0.3894019756507113,0.5169131633247168,0.44309805608289043,0.22734826297793326,0.3028388877509012,0.2435770225625552,0.23395196113653294,0.23595446325055067,0.23366586008417478,0.04849755132688438,0.062198733263518935,0.05085744802195194,0.06077154882091911,0.11494547361511065,0.07153969131267807,0.061286513705855014,0.06017092480163193,0.05295474190746447,0.7044436,0.69875926,0.8770752,0.77455306,0.746748,0.6681689,0.6138755,0.67801094,2026-10-06T07:18:52.820488
56,0.7698150277137756,0.4968123435974121,0.487467168712616,0.771112859249115,0.487467168712616,0.7909986118316651,0.8709508080482483,1.8741803693771362,0.09178156021237373,1.872285293006897,2.0,1.0,10.0,,,,,0.7353572160720825,0.7353572160720825,,,,17.080671560668947,0.6905942191458811,0.19929331384456841,,0.18972334073512417,0.7401600882505915,0.16528163053047884,0.0018607885999438964,0.05492722886098418,0.9815437493810228,,0.006232063837310857,,75.28436250139953,18.399487076291614,,104.92742409675743,75.28905793208226,24.65246137388193,94.4708224739998,42.801258694594075,17.080648725959147,,0.6931471824645996,,0.08331988424442377,0.19140820546894316,,0.14975379663667862,0.09985747923896571,0.2683704408111086,0.007334420098596887,0.5943463194142481,0.21869043578767472,,,,0.31865,6373.0,0.81702083,0.79631495,0.8844295,0.8605845,0.6406932,0.7245253,0.71664643,0.72837067,0.49730002880096436,0.6253219013214111,0.7018000483512878,0.6253219013214111,0.249,249.0,0.3529046227316761,0.4369971571675666,0.382040987003567,0.22398922550867661,0.2567341218276322,0.20336557322700458,0.22874159208011285,0.22850107845960022,0.2535441391666136,0.0757173435576915,0.10567734634304558,0.08706540314656837,0.06715063370784993,0.14600738109390976,0.07247652445195155,0.0810116143503309,0.08591392405969021,0.0795689163307762,0.6455,0.6222728,0.86395353,0.75131583,0.903252,0.6590552,0.47519687,0.6666667,0.5008499622344971,0.5598092768192291,0.731249988079071,0.5598092768192291,0.25,250.0,0.3930125669757115,0.48879350949391265,0.4436734200611818,0.2566333743337229,0.2566046377028097,0.25044877574988406,0.26710225784419694,0.25886929762678396,0.2552108981946651,0.05451706809183552,0.06665166041961429,0.05963258005732078,0.06555140562254848,0.10832395337438433,0.07537346554033887,0.07232058327529423,0.0726210811244178,0.07076912754170313,0.7637097,0.76756763,0.8518249,0.80190843,0.60365856,0.67368424,0.7004065,0.67445254,0.4990749955177307,0.5925655890703201,0.7165250182151794,0.5925655890703201,0.2495,249.5,0.3729585948536938,0.4628953333307396,0.41285720353237443,0.24031129992119976,0.256669379765221,0.22690717448844433,0.2479219249621549,0.24368518804319209,0.25437751868063935,0.0651172058247635,0.08616450338132994,0.07334899160194458,0.06635101966519921,0.12716566723414705,0.07392499499614522,0.07666609881281256,0.079267502592054,0.07516902193623967,0.70460486,0.6949202,0.8578892,0.77661216,0.7534553,0.6663697,0.5878017,0.67055964,2026-10-06T07:22:50.126286
57,0.7711177468299866,0.4962327182292938,0.4857269221305847,0.7712424993515015,0.4857269221305847,0.7924273818016052,0.872538332271576,1.882895830154419,0.09256337640881539,1.8652004476547241,2.0,1.0,10.0,,,,,0.736774730873108,0.736774730873108,,,,17.058596926879883,0.6109023571583876,0.18212981291922034,,0.17460304007503638,0.7142590336549054,0.15755572753727057,0.0017392695251152298,0.053291825031873526,0.9263269975306881,,0.0059869693288917706,,75.24850099405666,18.378007694414467,,104.92898632462617,75.25431216294598,24.62699888921847,94.47037700482994,42.87064896115832,17.058577470718674,,0.6931471824645996,,0.08392373771424506,0.19281996710664906,,0.15076259594814034,0.10070524720629309,0.2708463701093273,0.007404144592345899,0.599751983098923,0.22082480854669195,,,,0.31095,6219.0,0.8198677,0.7991543,0.88498414,0.86441547,0.6362539,0.71852523,0.7156946,0.7307943,0.5108499526977539,0.6182661471366883,0.7103500366210938,0.6182661471366883,0.247,247.0,0.40649007332743636,0.4983032762854577,0.4306609628551018,0.24573811054840128,0.2842784444043477,0.2208664872960458,0.25772666913494957,0.2615351675095374,0.25530598450243597,0.059448501244714305,0.08536136953652318,0.060957736459737975,0.06890431212389914,0.15908729920497167,0.06088965297366998,0.06816459500537299,0.06894330662615221,0.07042292969471341,0.633,0.625,0.90891474,0.76085526,0.90609753,0.66417325,0.4897638,0.66212124,0.4843499958515167,0.5663214716911316,0.7311000227928162,0.5663214716911316,0.253,253.0,0.38350468217027955,0.4762618667178904,0.45096314102748,0.23972133838970688,0.23878239965771075,0.2546882298776044,0.2380272610144524,0.2274686824264049,0.23202038164117617,0.057378303339738916,0.06663231577986445,0.06258218769602492,0.06319616798705235,0.09336559015549929,0.07339799193087995,0.06934090475833234,0.0709611883609727,0.06796001164267372,0.7629032,0.76216215,0.8518249,0.81068707,0.5934959,0.6741228,0.699187,0.679927,0.4975999742746353,0.5922938094139099,0.720725029706955,0.5922938094139099,0.25,250.0,0.39499737774885796,0.48728257150167403,0.4408120519412909,0.24272972446905408,0.2615304220310292,0.2377773585868251,0.24787696507470097,0.24450192496797116,0.24366318307180607,0.05841340229222661,0.07599684265819381,0.06176996207788145,0.06605024005547575,0.12622644468023547,0.06714382245227496,0.06875274988185266,0.06995224749356246,0.06919147066869356,0.6979516,0.6935811,0.8803698,0.78577113,0.74979675,0.669148,0.5944754,0.6710241,2026-10-06T07:26:50.815231
58,0.7707675099372864,0.5010248422622681,0.48319731936454774,0.7734900712966919,0.48319731936454774,0.7980280072212219,0.878761248588562,1.9525637983322144,0.08664587989449501,1.8342427879333496,2.0,1.0,10.0,,,,,0.737788806438446,0.737788806438446,,,,17.03668525390625,0.572749659893619,0.184607039187934,,0.179441140478204,0.7080098453221048,0.16917043074870566,0.001744503857179361,0.05379395923654365,1.021664668420318,,0.005897562482963749,,75.21235734490072,18.352844590594056,,104.92999909030404,75.21928065597632,24.601041866715548,94.47027510138834,42.934358973411996,17.03665758849709,,0.6931471824645996,,0.08447852920574747,0.1937178796643664,,0.1517277727271341,0.10153454034381611,0.2732485295480983,0.0074702834793526655,0.6049217741200879,0.22296757711346743,,,,0.30735,6147.0,0.8169607,0.8050342,0.88545954,0.8637836,0.6396223,0.72535354,0.718631,0.7329124,0.5047000050544739,0.6363283739089965,0.7010500431060791,0.6363283739089965,0.24,240.0,0.40184484870898374,0.4939593138469016,0.43081195667180566,0.233393223579257,0.30553632176571965,0.23292918400034623,0.23397911119189463,0.2294900108297522,0.23721135802638288,0.05734038945463601,0.07214251478450369,0.05596210606462466,0.07334608976996596,0.12908227963630348,0.08116178245657066,0.08106189887954872,0.0767970895124474,0.0771488310002437,0.641,0.6240909,0.8511628,0.7496711,0.89715445,0.6582677,0.49251968,0.6670455,0.4965500235557556,0.5749884924888611,0.7315000891685486,0.5749884924888611,0.245,245.0,0.40112088604271107,0.5089901931493513,0.46997805373470575,0.26825142393355167,0.2689327831735576,0.2803743298940084,0.2599603913279141,0.2575067000213675,0.26241535693251267,0.05011518199851577,0.06783621096160965,0.05295113628880949,0.06052605771606477,0.10739361351131589,0.062490390357896934,0.06187642301334279,0.06244028008957612,0.05765922044339996,0.76209676,0.76216215,0.84927005,0.81030536,0.5955285,0.67192984,0.7,0.68576646,0.5006250143051147,0.6056584331989288,0.7162750661373138,0.6056584331989288,0.2425,242.5,0.4014828673758474,0.5014747534981265,0.4503950052032557,0.25082232375640434,0.28723455246963864,0.25665175694717735,0.24696975125990436,0.24349835542555986,0.24981335747944777,0.05372778572657589,0.06998936287305667,0.054456621176717075,0.06693607374301536,0.11823794657380968,0.0718260864072338,0.07146916094644576,0.06961868480101176,0.06740402572182183,0.70154834,0.69312656,0.8502164,0.7799882,0.74634147,0.6650988,0.59625983,0.67640597,2026-10-06T07:30:52.245330
59,0.7732477784156799,0.49899476766586304,0.4813922208309174,0.7732324004173279,0.4813922208309174,0.7993030387878418,0.8801779537200928,1.9479185043334961,0.08957336012721062,1.8320901645660401,2.0,1.0,10.0,,,,,0.7362962003707886,0.7362962003707886,,,,17.015627554321288,0.5566060690648237,0.19071092288110666,,0.17584928939012207,0.7141436522553681,0.15891758551832977,0.001674693738478147,0.051756407306262645,0.9383725322735538,,0.005193837487530319,,75.17678833007812,18.329311868947023,,104.92899633516932,75.18459519307325,24.573276276801042,94.46684206822876,43.00107754263908,17.015601893139493,,0.6931471824645996,,0.08508616581464269,0.19476318729531233,,0.15258803043016203,0.10241179305846525,0.2748758082936524,0.007529028391785872,0.6102403694657004,0.2251271608338994,,,,0.2974,5948.0,0.8152767,0.8028997,0.8808439,0.8655016,0.6407126,0.726101,0.7205549,0.73382896,0.5082000494003296,0.6837113552093506,0.6842999458312988,0.6837113552093506,0.267,267.0,0.36433148038647306,0.4916381660339633,0.41916981087905925,0.21860992383210856,0.27305131399117377,0.20366336174688932,0.17562058245680745,0.1671721388858637,0.17658149193261868,0.06863292162416894,0.08980454828955038,0.0609832442094998,0.07333274733987884,0.12038614038617745,0.05711268684423786,0.07847220588811238,0.08268921914536027,0.07046432241354414,0.64,0.62954545,0.7554264,0.7582237,0.9012195,0.6515748,0.48818898,0.62689394,0.4984999895095825,0.6909162945747376,0.6830499768257141,0.6909162945747376,0.227,227.0,0.4019336306942881,0.5343017569544537,0.48473877504592544,0.23591509162039853,0.28583360831395355,0.27443808934590025,0.2291278721487126,0.22869772444704697,0.23651338476576808,0.04251025440668844,0.05582220678627995,0.04488936019066642,0.05406084653744477,0.09279873985012556,0.0573740063746856,0.04915289440079996,0.04913587318091404,0.041693192708791925,0.6681451,0.68423426,0.7142336,0.81641227,0.60487807,0.6429825,0.7004065,0.6248175,0.503350019454956,0.6873138248920441,0.6836749613285065,0.6873138248920441,0.247,247.0,0.3831325555403806,0.5129699614942085,0.45195429296249234,0.22726250772625356,0.27944246115256366,0.23905072554639478,0.20237422730276003,0.19793493166645534,0.20654743834919337,0.05557158801542869,0.07281337753791517,0.05293630220008311,0.0636967969386618,0.1065924401181515,0.05724334660946173,0.06381255014445616,0.06591254616313716,0.056078757561168036,0.6540725,0.65688986,0.73483,0.787318,0.7530488,0.64727867,0.59429777,0.6258557,2026-10-06T07:34:53.339980
60,0.7731075882911682,0.4996747672557831,0.48056728138923643,0.7740052938461304,0.48056728138923643,0.7985030152320862,0.8792890368461609,1.9323679214477538,0.08337021754980087,1.8655997247695923,2.0,1.0,10.0,,,,,0.746174433517456,0.746174433517456,,,,16.996429428100587,0.5637591870347406,0.2092399153455048,,0.18612960977539136,0.7137392820066707,0.16327601785113097,0.0017348650077678215,0.053347351871857976,0.948715547467493,,0.00647589137183004,,75.14125031878234,18.30680419533116,,104.93069977972918,75.15003442460565,24.547486675772696,94.47120331199307,43.05217429483013,16.9964104063192,,0.6931471824645996,,0.08574373322497507,0.1958551955450872,,0.1535585036702976,0.10327543612498387,0.27670123129133967,0.007628750346695921,0.6147904122710988,0.22726792116074046,,,,0.3072,6144.0,0.81507623,0.8013693,0.8824881,0.8687796,0.6403622,0.7245657,0.7195423,0.73973525,0.4987500011920929,0.6194526288509369,0.7040000557899475,0.6194526288509369,0.25,250.0,0.4238403149429675,0.524991939190845,0.4572865294556821,0.2894749739571554,0.3482182185109107,0.2645388738443445,0.2892170453046693,0.2855968275498081,0.28285105602370264,0.06456828859562129,0.07663103613992074,0.06409643973554513,0.08425392867447658,0.15941555915171285,0.07614105220837358,0.0907791894191075,0.09592228672566656,0.07841743783780246,0.614,0.61045456,0.8763566,0.7631579,0.9048781,0.6582677,0.5011811,0.66553026,0.4998999238014221,0.5549042496681214,0.7337000370025635,0.5549042496681214,0.243,243.0,0.3523860344210631,0.4518762852349854,0.4281004407357276,0.21206329146052752,0.2497823898207392,0.243667653655425,0.20675017731025339,0.20190398363833745,0.21701076959384172,0.05023561738333972,0.05958934620392241,0.0606431850921693,0.05927895724707284,0.09629260709650207,0.07638654483304165,0.06253553332979149,0.06646328867886268,0.06806196676903391,0.767742,0.7662162,0.84744525,0.8118321,0.5934959,0.6798246,0.70813006,0.68175185,0.4993249624967575,0.5871784392595292,0.7188500463962555,0.5871784392595292,0.2465,246.5,0.3881131746820153,0.4884341122129152,0.44269348509570483,0.25076913270884144,0.29900030416582496,0.25410326374988473,0.24798361130746133,0.24375040559407277,0.24993091280877217,0.057401952989480504,0.06811019117192157,0.062369812413857216,0.07176644296077471,0.12785408312410745,0.07626379852070761,0.07665736137444949,0.08119278770226462,0.07323970230341818,0.690871,0.6883354,0.8619009,0.787495,0.749187,0.66904616,0.6046556,0.6736411,2026-10-06T07:38:50.028077
61,0.776117742061615,0.5013948678970337,0.4752540946960449,0.7762575149536133,0.4752540946960449,0.7978289580345154,0.8785400859832764,1.9440922206878661,0.0854662635564804,1.8443353460311889,2.0,1.0,10.0,,,,,0.7503359924316406,0.7503359924316406,,,,16.97482946472168,0.558331781132206,0.180297458888429,,0.1820782341395214,0.7167796424240064,0.1628659331257556,0.001699978451223771,0.05259133888420406,0.9848853455986947,,0.005620547186562519,,75.10593652421502,18.283728216863743,,104.93389591289933,75.11540120118742,24.521680005796394,94.47008567858653,43.124821073690036,16.97481422667291,,0.6931471824645996,,0.08643172149825248,0.19686424362052019,,0.1545825842649314,0.10409605640704465,0.2787188151080138,0.007777545722735346,0.6202147223387554,0.22916824755015647,,,,0.29755,5951.0,0.8135926,0.80336285,0.88746035,0.87152445,0.6441978,0.73367673,0.7182462,0.7377393,0.497700035572052,0.636349594116211,0.6976500749588013,0.636349594116211,0.25,250.0,0.3646129643566161,0.46128641951466987,0.4035830712997207,0.23715906527760067,0.26880303337649325,0.21398561662641497,0.23808867975431144,0.25950506637132903,0.24491446101506872,0.03268374318854094,0.051920493663129494,0.040955186261712295,0.026591433687925024,0.09175304164151962,0.029567322114324272,0.026545922244972944,0.029589122090064444,0.02052990894200902,0.641,0.6131819,0.827907,0.75986844,0.9048781,0.66181105,0.48307088,0.65984845,0.5067499876022339,0.5633720135688782,0.7391999363899231,0.5633720135688782,0.24,240.0,0.37360953090534654,0.4881832714348486,0.443610232231446,0.23883120304427685,0.2914309446484002,0.2669435721636159,0.25799957897735243,0.26007652804409415,0.2650537984578845,0.05294150291977916,0.06828515389364993,0.05869026925701126,0.060056564968578814,0.10429547576120597,0.06617780217249684,0.05021316984417884,0.05038258115112475,0.047038158511423504,0.75685483,0.7657658,0.8540146,0.819084,0.61463416,0.6872807,0.7089431,0.69270074,0.5022250115871429,0.5998608038425446,0.7184250056743622,0.5998608038425446,0.245,245.0,0.36911124763098135,0.4747348454747592,0.42359665176558337,0.23799513416093876,0.28011698901244675,0.24046459439501544,0.24804412936583192,0.2597907972077116,0.2549841297364766,0.042812623054160046,0.06010282377838971,0.04982272775936178,0.04332399932825192,0.0980242587013628,0.047872562143410555,0.03837954604457589,0.03998585162059459,0.03378403372671626,0.6989274,0.68947387,0.8409608,0.7894762,0.7597561,0.6745459,0.596007,0.6762746,2026-10-06T07:42:51.164467
62,0.7755324244499207,0.4979948103427887,0.47713602204322814,0.7758952379226685,0.47713602204322814,0.8013641381263733,0.882468061542511,1.9860283576965332,0.0845743343114853,1.8189218494415282,2.0,1.0,10.0,,,,,0.7478418790817261,0.7478418790817261,,,,16.953637640380858,0.5125776796963564,0.15285893656598154,,0.15976677061456024,0.7108430228415569,0.16118024185204963,0.001637182971106688,0.051340070013312776,0.9997941462477301,,0.005809363214652036,,75.07077016648213,18.260809843707236,,104.93398717406448,75.0803716866074,24.496973280694075,94.47074195230083,43.185212323620064,16.953615127855045,,0.6931471824645996,,0.0870159699279032,0.19792117425210917,,0.1554667303326783,0.10491491313193255,0.2810590728453011,0.007869026849081941,0.6251401893652169,0.2312311924946536,,,,0.30515,6103.0,0.81706095,0.80477244,0.88920367,0.8705766,0.64010906,0.73076767,0.72025114,0.7342159,0.4964500069618225,0.6253176951408386,0.7003999948501587,0.6253176951408386,0.246,246.0,0.3882865265217638,0.49870062298737716,0.42961452140364137,0.28134246404076596,0.3588205948784891,0.2542953964730584,0.23811196037967622,0.236341577941211,0.24334025982978497,0.05475195577021225,0.07183079125111505,0.04973629952052086,0.062477918590607875,0.1623239154431984,0.04701884566067658,0.07087585306896906,0.06983912998116643,0.058131666063649695,0.62299997,0.61136365,0.84379846,0.7546053,0.9052845,0.6555118,0.50511813,0.67083335,0.4969499409198761,0.5514924161434174,0.7363998889923096,0.5514924161434174,0.229,229.0,0.38024106190493356,0.4883204533811426,0.4519460665627276,0.23470256894194916,0.26922093920629825,0.26955340293427116,0.23165055039651822,0.2248406159609753,0.2392083966087133,0.0509430179295432,0.05524779766295319,0.05373088416989899,0.06912340347526506,0.10706605652765906,0.07402296760439303,0.060552607189699834,0.0627715721243794,0.06223992681887383,0.7665323,0.77207214,0.8518249,0.809542,0.5971545,0.68333334,0.7065041,0.69087595,0.4966999739408493,0.588405055642128,0.7183999419212341,0.588405055642128,0.2375,237.5,0.38426379421334866,0.4935105381842599,0.4407802939831845,0.25802251649135755,0.3140207670423937,0.26192439970366477,0.23488125538809723,0.23059109695109314,0.24127432821924913,0.05284748684987772,0.06353929445703412,0.051733591845209925,0.06580066103293647,0.13469498598542873,0.0605209066325348,0.06571423012933444,0.06630535105277291,0.06018579644126176,0.69476616,0.69171786,0.8478117,0.7820736,0.7512195,0.66942257,0.6058111,0.6808547,2026-10-06T07:46:52.222582
63,0.7747776508331299,0.500970184803009,0.47776275825500486,0.7749451398849487,0.47776275825500486,0.8025724691390991,0.8838106528282166,1.9917919471740724,0.08434987773895264,1.8763273630142212,2.0,1.0,10.0,,,,,0.7531768494606018,0.7531768494606018,,,,16.930886471557617,0.5692479972531841,0.17796104823707776,,0.17480113359678323,0.7044057377204773,0.15999269642078193,0.0016273529291787677,0.05101491322230761,0.9584586992385281,,0.005526455255317247,,75.03544655575115,18.238573086489538,,104.93242032968314,75.04539091268163,24.471284222450986,94.47074506237249,43.2402299771643,16.93087713885459,,0.6931471824645996,,0.08764797515550236,0.1991542873868517,,0.15629485315957647,0.10570377500573541,0.2832151311598006,0.007923895878729168,0.6297452776295365,0.2330674578429787,,,,0.29415,5883.0,0.81433445,0.8002618,0.8808241,0.87225515,0.6403622,0.7306061,0.7237546,0.7370672,0.503350019454956,0.6318768892288208,0.7022500038146973,0.6318768892288208,0.245,245.0,0.42973348469610784,0.5074454069068735,0.45985251220081197,0.30010734874891326,0.32194186511420364,0.2864103796381706,0.28043817633700197,0.2722161183099153,0.27212846937347407,0.04824624839145514,0.0636573964801715,0.04981521189058847,0.04962558756694547,0.12738317241034455,0.046894342878226435,0.06722210701026693,0.07106045101285399,0.06167056482281806,0.61050004,0.6231818,0.84573644,0.7654605,0.9056911,0.6547244,0.49724412,0.6780303,0.5007999539375305,0.5584129228591919,0.7352999448776245,0.5584129228591919,0.235,235.0,0.395957537193446,0.5015638825048123,0.45451737226610733,0.22867837781759498,0.2761376391241809,0.2564783416525257,0.251779057188475,0.2466290955952584,0.257096265648504,0.04644505335108002,0.060073720871703214,0.052592739587589137,0.0518990055669178,0.08780268476108692,0.0633906820409373,0.04882386765762927,0.05194504379111085,0.047400010297454526,0.7504032,0.76036036,0.8518249,0.8148855,0.6113821,0.68596494,0.7065041,0.6868613,0.5020749866962433,0.5951449060440064,0.7187749743461609,0.5951449060440064,0.24,240.0,0.41284551094477695,0.5045046447058429,0.4571849422334596,0.2643928632832541,0.29903975211919226,0.27144436064534816,0.26610861676273845,0.25942260695258684,0.26461236751098904,0.047345650871267575,0.06186555867593736,0.0512039757390888,0.05076229656693164,0.10759292858571573,0.05514251245958186,0.0580229873339481,0.061502747401982416,0.05453528756013629,0.68045163,0.6917711,0.84878063,0.790173,0.7585366,0.6703447,0.6018741,0.68244576,2026-10-06T07:50:54.371901
64,0.7741177082061768,0.5016674995422363,0.4797194952964783,0.7741398215293884,0.4797194952964783,0.8004499181747436,0.8814522621154786,1.9679634656906129,0.08223220619559288,1.893142709350586,2.0,1.0,10.0,,,,,0.758880580997467,0.758880580997467,,,,16.908055758666993,0.5522421743175027,0.19355203828234582,,0.1779887721796704,0.6915307944747293,0.166868032899442,0.0016589322078092155,0.051475719436054015,1.0483311281842032,,0.005535740483549252,,75.00005860541278,18.218111718536182,,104.93469213983815,75.0109912848017,24.445058968416443,94.46857073352595,43.29928875576918,16.908041632099515,,0.6931471824645996,,0.088336794382068,0.2006822553030245,,0.15719185389910534,0.10652479344302682,0.2852027776894296,0.008015473480010108,0.6345601989205476,0.23485849114360324,,,,0.30015,6003.0,0.8126504,0.79853,0.883122,0.8699447,0.64047897,0.73070705,0.72158766,0.7359471,0.5133499503135681,0.6243157153129577,0.7038499712944031,0.6243157153129577,0.219,219.0,0.41953562878580947,0.5456722474546783,0.4757174036366885,0.2531942871683081,0.31551795779464864,0.25763494782089574,0.22043062657289675,0.21204253723911312,0.2278781751741353,0.0879542470707504,0.09743196552881013,0.09056169969359272,0.08092323004778476,0.15889243257322366,0.08496455090276946,0.09100312544763342,0.08585256470434935,0.0893032529262855,0.6095,0.6181818,0.8810078,0.75592107,0.9048781,0.6622047,0.5011811,0.66136366,0.5020999908447266,0.5550214715003967,0.7343499064445496,0.5550214715003967,0.233,233.0,0.3793690140986332,0.4739734351793431,0.4580867539597827,0.22610726150713426,0.23193413106748847,0.25598848548272135,0.20593686082949886,0.1951050364507661,0.2205281973155176,0.05511129833041064,0.06469897995451718,0.058012935976050194,0.06719235423863945,0.10548782987823657,0.07200597559443836,0.07162500196811626,0.07086776419356333,0.06732394072233006,0.76491934,0.7675675,0.8518249,0.81030536,0.59837395,0.68333334,0.70731705,0.6784672,0.5077249705791473,0.5896685934066772,0.7190999388694763,0.5896685934066772,0.226,226.0,0.3994523214422213,0.5098228413170107,0.46690207879823564,0.2396507743377212,0.27372604443106857,0.2568117166518086,0.2131837437011978,0.2035737868449396,0.22420318624482644,0.07153277270058052,0.08106547274166365,0.07428731783482145,0.0740577921432121,0.13219013122573012,0.07848526324860391,0.08131406370787483,0.07836016444895634,0.07831359682430777,0.68720967,0.69287467,0.86641634,0.78311324,0.751626,0.672769,0.6042491,0.66991544,2026-10-06T07:54:56.120055
65,0.775797426700592,0.49830010533332825,0.4756768721103668,0.7760847806930542,0.4756768721103668,0.8008130096435547,0.8818556976318359,1.9731226644515991,0.07828822971582412,1.8183274965286256,2.0,1.0,10.0,,,,,0.7656879256248474,0.7656879256248474,,,,16.886929498291014,0.5833588343611948,0.18592469206756088,,0.17761139754372038,0.7102844973278654,0.1576967714888275,0.0016645201122993307,0.05104624529837803,0.9327463425078969,,0.00553303056045815,,74.96480224998135,18.195711609664237,,104.93335048408265,74.97630246885264,24.420236721160304,94.46646735318907,43.358299911401836,16.886910614694,,0.6931471824645996,,0.0889668926881377,0.20173200139194536,,0.15804274721889738,0.10728520240373672,0.28729684394635974,0.008077457410752014,0.6392422736070718,0.23694159897269718,,,,0.302,6040.0,0.8138733,0.8061216,0.88114107,0.87261057,0.63654596,0.73547477,0.7244634,0.7385744,0.5004499554634094,0.6140141401290894,0.7115500569343567,0.6140141401290894,0.215,215.0,0.39736081598011225,0.4972244226447747,0.43525036733936867,0.24066211180342192,0.29838928190676733,0.22799986705014366,0.24151498832681959,0.2406409286874724,0.25362915815820614,0.05055020726457362,0.0763580048735088,0.04881961936271458,0.06767841342836235,0.1571431326762077,0.06338109821057368,0.062105789465800705,0.06189401301252062,0.044463147440678044,0.6275,0.6277273,0.9034884,0.75789475,0.90284556,0.6590552,0.503937,0.6761364,0.5016499757766724,0.5484716424942017,0.7372499704360962,0.5484716424942017,0.234,234.0,0.3842174675332967,0.5018836437444014,0.46437210927341793,0.2411196681074999,0.27700293879539695,0.27404998504936223,0.24507241812790148,0.2428254001864048,0.26230943183803024,0.047922761695213985,0.06693250167498611,0.05973325957720497,0.05846188160818064,0.11019156587594059,0.07986749639379785,0.058110166742738355,0.059076269713969704,0.061253769590479554,0.7689516,0.7792793,0.85,0.8110687,0.59308946,0.68596494,0.70731705,0.690146,0.5010499656200409,0.5812428913116455,0.7244000136852264,0.5812428913116455,0.2245,224.5,0.3907891417567045,0.499554033194588,0.4498112383063933,0.24089088995546093,0.2876961103510821,0.25102492604975296,0.24329370322736055,0.2417331644369386,0.25796929499811816,0.0492364844798938,0.07164525327424745,0.054276439469959775,0.0630701475182715,0.13366734927607415,0.07162429730218577,0.06010797810426953,0.06048514136324516,0.0528584585155788,0.6982258,0.7035033,0.8767442,0.78448176,0.7479675,0.67251,0.60562706,0.68314123,2026-10-06T07:58:57.753034
66,0.7764001488685608,0.4997023344039917,0.47343151960372926,0.7762725353240967,0.47343151960372926,0.8008290699005127,0.8818735377311706,1.9903390436172486,0.08634797492027282,1.8557065332412719,2.0,1.0,10.0,,,,,0.7628109332084656,0.7628109332084656,,,,16.867505661010743,0.5401797306006122,0.19264463019693734,,0.1882724393230335,0.6683902002064286,0.15109990556148967,0.0016964804251369825,0.052129766969069555,0.841264201577302,,0.005648905456037955,,74.9290701021814,18.17330517131052,,104.93307077201308,74.94174413012851,24.3946002790123,94.46557865021335,43.422393604448644,16.86749132727362,,0.6931471824645996,,0.08950888811592843,0.20297173026261056,,0.1589349066945398,0.10806267836670967,0.2892479699128752,0.008239903605904928,0.6440797262131028,0.23913232612002427,,,,0.3009,6018.0,0.82163185,0.80283934,0.88524175,0.8727093,0.6351052,0.73171717,0.7198866,0.7411202,0.49424996972084045,0.6194888048171997,0.7047500610351562,0.6194888048171997,0.228,228.0,0.3880308099719891,0.44995851482049487,0.40147962247556745,0.268880492382527,0.3582656732918671,0.25610983613677407,0.25417699935730814,0.25695944179221125,0.2556158563156297,0.06933935974458522,0.07415220980244008,0.0656909212090496,0.07847896511616134,0.12410535189055646,0.06608190437962334,0.07250090949639994,0.06979118594442296,0.051962079189758696,0.619,0.6168182,0.8790698,0.7575658,0.90081304,0.6594488,0.496063,0.67348486,0.503600001335144,0.547714905500412,0.7402499914169312,0.547714905500412,0.232,232.0,0.3770014691936541,0.4921387817665294,0.4421168673194932,0.22919070202133116,0.288016442856269,0.2504269394477943,0.2427385766376987,0.24558058883352682,0.25056602058322097,0.04870383003317808,0.06904869034583735,0.05787557754383512,0.06099306617485191,0.12148749980182007,0.07714042229291974,0.05406566665402057,0.05356921423043121,0.05773744775214304,0.7826613,0.7837838,0.8518249,0.81030536,0.5922764,0.6899123,0.7028456,0.6963504,0.49892498552799225,0.5836018551588058,0.7225000262260437,0.5836018551588058,0.23,230.0,0.3825161395828216,0.4710486482935121,0.4217982448975303,0.24903559720192908,0.323141058074068,0.2532683877922842,0.24845778799750343,0.251270015312869,0.2530909384494253,0.059021594888881646,0.07160045007413872,0.06178324937644236,0.06973601564550663,0.12279642584618827,0.07161116333627154,0.06328328807521025,0.061680200087427084,0.05484976347095087,0.7008307,0.700301,0.86544734,0.78393555,0.7465447,0.6746806,0.5994543,0.6849176,2026-10-06T08:02:59.847937
67,0.7769749164581299,0.5006198883056641,0.4703936695575714,0.7785348892211914,0.4703936695575714,0.8018174955368041,0.8829717974662781,1.9894028430938722,0.08554432504177094,1.8298477146148682,2.0,1.0,10.0,,,,,0.7664268815040588,0.7664268815040588,,,,16.847267236328126,0.5549039149739939,0.17202540040965292,,0.1817288772339464,0.7024483178641386,0.15574680380285924,0.0016793716175386765,0.05210984242000398,0.9176606416322624,,0.0060281217604123685,,74.89378216008471,18.150150031800482,,104.93480716389456,74.90727768430284,24.369517125901144,94.46110665874117,43.48372944145446,16.847251223910387,,0.6931471824645996,,0.09012972307243165,0.20394519664299715,,0.15988731991713215,0.1088143266784917,0.2910131886126889,0.008267660488843158,0.6487830922861767,0.2410791319836477,,,,0.29815,5963.0,0.8207498,0.8151027,0.8850436,0.8747631,0.6414525,0.7349091,0.7196031,0.736558,0.4998999536037445,0.6349269347190857,0.6952999830245972,0.6349269347190857,0.204,204.0,0.4030186598912542,0.509079319261462,0.4372009072512696,0.24243878437654212,0.30234585465410896,0.20953928173444775,0.2263325098727572,0.22180410302996845,0.22934713749240448,0.07411071314819385,0.0779829590459343,0.07197240788257318,0.08075944157443012,0.11470876693983459,0.0772507103845145,0.07444732209396746,0.07567305429400598,0.06770205508038729,0.602,0.6222728,0.83914727,0.7519737,0.9052845,0.65118116,0.49133858,0.6640152,0.5009999871253967,0.5524498181343078,0.7351499795913696,0.5524498181343078,0.214,214.0,0.34748210064619517,0.4926253583650656,0.4219743596609077,0.18895049835366173,0.27697094145895623,0.21803147842675388,0.19777512863577265,0.19641013174430677,0.20851693655487427,0.04578570216310835,0.060046755824889796,0.05267437263732615,0.0531571661813665,0.09413379739219216,0.06357031759728612,0.056071957310402286,0.056437870721148684,0.05491710808407739,0.7770161,0.76936936,0.8518249,0.8129771,0.5987805,0.6741228,0.69796747,0.6850365,0.5004499703645706,0.5936883764266967,0.7152249813079834,0.5936883764266967,0.209,209.0,0.3752503802687247,0.5008523388132637,0.42958763345608864,0.2156946413651019,0.2896583980565326,0.21378538008060083,0.21205381925426492,0.2091071173871376,0.2189320370236394,0.059948207655651106,0.06901485743541205,0.062323390259949665,0.0669583038778983,0.10442128216601337,0.07041051399090031,0.06525963970218487,0.06605546250757732,0.06130958158223234,0.6895081,0.69582105,0.84548604,0.78247535,0.7520325,0.662652,0.594653,0.67452586,2026-10-06T08:07:01.141361
68,0.7777500748634338,0.49934718012809753,0.4720371522426605,0.7776072025299072,0.4720371522426605,0.8035872683525086,0.8849382039070129,1.9994372119903565,0.09554813561439514,1.7917384168624877,2.0,1.0,10.0,,,,,0.7571912413597107,0.7571912413597107,,,,16.827986947631835,0.6565093176949556,0.19555505350896507,,0.19124083235195488,0.6925435119373783,0.1579681509619306,0.0016592669357830409,0.05202806051701877,0.914083872820921,,0.005534773222749139,,74.85864855529397,18.126129101795755,,104.9382421894438,74.87294871336336,24.344753751329556,94.4632982873613,43.54441920966859,16.827969727242827,,0.6931471824645996,,0.09069954409341144,0.20478227876933516,,0.16093764079224532,0.1095703073367951,0.29294962393250434,0.00836227383393391,0.6534770966335467,0.24321158799775847,,,,0.28945,5789.0,0.8203689,0.80807495,0.88258713,0.8755924,0.64472353,0.7329697,0.718388,0.7379226,0.49340003728866577,0.6461793880462646,0.6960000395774841,0.6461793880462646,0.255,255.0,0.4028607089230124,0.45837602466021043,0.444415446634373,0.2759479815151554,0.3061845507762886,0.2858728612803393,0.2175403966366042,0.22016285776615302,0.2330051093754265,0.04383436988429955,0.05027886049107467,0.042269483712673084,0.04519425956648804,0.056173431099903075,0.026424806135370137,0.04523067817736877,0.049219117149115345,0.036448677273792744,0.633,0.6040909,0.8422481,0.76217103,0.90731704,0.63858265,0.4944882,0.65340906,0.4987500309944153,0.5831035747528076,0.7216998934745789,0.5831035747528076,0.298,298.0,0.35810167955648686,0.45144706758830677,0.4254250704744943,0.23407074096063876,0.2810509153882854,0.26389444025623143,0.2230047183894567,0.21720762455684392,0.21808006306847796,0.05712641554542526,0.0552423729998652,0.06009936401599039,0.05687556592427911,0.07340089008134996,0.06584163891194868,0.05397636196613307,0.05089179754918307,0.04817636734412225,0.7471774,0.745946,0.810219,0.8125954,0.59634143,0.6649123,0.71260166,0.67153287,0.4960750341415405,0.6146414813995361,0.7088499665260315,0.6146414813995361,0.27649999999999997,276.5,0.38048119423974963,0.4549115461242586,0.4349202585544336,0.2550093612378971,0.293617733082287,0.27488365076828536,0.22027255751303046,0.21868524116149846,0.22554258622195222,0.050480392714862404,0.05276061674546993,0.05118442386433174,0.051034912745383576,0.06478716059062652,0.04613322252365941,0.04960352007175092,0.05005545734914921,0.0423125223089575,0.69008875,0.6750184,0.8262335,0.7873832,0.75182927,0.65174747,0.60354495,0.66247094,2026-10-06T08:11:02.423732
69,0.7735299468040466,0.5004597902297974,0.47881158480644226,0.7745199203491211,0.47881158480644226,0.8007362171173096,0.8817703712463378,1.9831564155578614,0.08552559432387352,1.8804226022720336,2.0,1.0,10.0,,,,,0.7681203941345215,0.7681203941345215,,,,16.809845932006837,0.522010005583429,0.21233178643141962,,0.19123368959423084,0.6881665545664016,0.1534112283758297,0.001674129169398717,0.05203321948647499,0.9195825493639442,,0.005343644485651711,,74.82392776392068,18.107862278154702,,104.93892412124926,74.83874963651037,24.320645484195392,94.4650555750367,43.61518745665337,16.80982360110921,,0.6931471824645996,,0.09148919027132593,0.20655792296692066,,0.16190885462958343,0.11031466176745239,0.29500529815436927,0.00847081236754823,0.6585212433414095,0.2454800680754291,,,,0.301,6020.0,0.8176022,0.80024165,0.8761886,0.87472355,0.6352609,0.7352525,0.7201296,0.73682284,0.5076000690460205,0.6599839706420898,0.6852499842643738,0.6599839706420898,0.224,224.0,0.34101351967503524,0.444557960623602,0.4000800392786866,0.1811106436999933,0.29994353785440586,0.22325230305829827,0.19438050691093572,0.2017764962821038,0.21359805919334185,0.044653709706741325,0.05899145816747245,0.050552082831703524,0.06609207567742316,0.10396506311337039,0.05655624526737732,0.05543437458268381,0.050426991832246366,0.0380920140306754,0.5995,0.63772726,0.7635659,0.75526315,0.9056911,0.6476378,0.50039375,0.64128786,0.5060499906539917,0.6243778967857361,0.6965999603271484,0.6243778967857361,0.226,226.0,0.365695122771344,0.4548112389775699,0.43778691409051385,0.21941957242287116,0.27071282015267617,0.2689964427825354,0.21694315642050518,0.2192884640842629,0.22831928051428677,0.041600371112863625,0.05619758520091466,0.04831634241690264,0.05656301586428833,0.09947111189235411,0.06591755274363702,0.0451491594088122,0.04652900865827993,0.0435775654931829,0.6955645,0.7121622,0.7266424,0.8152672,0.5914634,0.6697368,0.7121951,0.64416057,0.5068250298500061,0.6421809337139129,0.6909249722957611,0.6421809337139129,0.225,225.0,0.3533543212231896,0.44968459980058595,0.41893347668460024,0.20026510806143222,0.285328179003541,0.24612437292041683,0.20566183166572044,0.21053248018318335,0.2209586698538143,0.043127040409802475,0.05759452168419356,0.04943421262430309,0.061327545770855744,0.10171808750286225,0.06123689900550717,0.050291766995748007,0.04847800024526315,0.040834789761929155,0.6475322,0.67494476,0.74510413,0.7852652,0.74857724,0.6586873,0.6062944,0.6427242,2026-10-06T08:15:04.000041
70,0.7757923603057861,0.501094400882721,0.46996124510765075,0.7783723473548889,0.46996124510765075,0.7972292358398437,0.8778737270355225,1.9438649087905884,0.08220983038544655,1.8272296367645264,2.0,1.0,10.0,,,,,0.7708480852127075,0.7708480852127075,,,,16.78946446533203,0.46800222352242016,0.18309162366114984,,0.18651852680809178,0.6793206014261124,0.15355096956726852,0.0016889706595836409,0.05229426506361005,0.9473235567284238,,0.005801817115376241,,74.78872039211784,18.086463818884198,,104.94218556592419,74.80422332180534,24.297388514136053,94.46357955446669,43.684683732925706,16.78944537897778,,0.6931471824645996,,0.09208884460341399,0.20784922399718292,,0.16282509713415888,0.11104789841326938,0.29714659881439937,0.008564353914587361,0.6634980295873751,0.24743038093208508,,,,0.30355,6071.0,0.8223136,0.8089207,0.8801902,0.87419033,0.64042056,0.7370303,0.72081816,0.74319756,0.5095500349998474,0.6259877953529358,0.7003999948501587,0.6259877953529358,0.234,234.0,0.35889692817081104,0.4252253118740828,0.40543023784133975,0.22255126912442624,0.2626208604623063,0.23333460430574046,0.21138651006674158,0.21732248177471844,0.2300239379309182,0.06904030298331347,0.0746158169995732,0.06955902351619862,0.09732294546263012,0.13639998840996598,0.10584839268617886,0.08382323042025736,0.08054924048611316,0.07770755481376815,0.5935,0.60818183,0.85271317,0.7717106,0.90731704,0.65511817,0.5,0.67083335,0.49494993686676025,0.5371498599052429,0.7447999715805054,0.5371498599052429,0.247,247.0,0.34970968350036874,0.44910183271798076,0.4366253723103618,0.20146829114782797,0.224585667326165,0.24911011695643442,0.19510683775318535,0.19210022644908709,0.21681736386484218,0.051809246720127114,0.06801615823462985,0.062094622997741405,0.06366861795935093,0.10823567433802998,0.07840857675274794,0.05680821122375327,0.05984265190013235,0.05980886516110044,0.78346777,0.77657664,0.8521898,0.8129771,0.6052846,0.7083333,0.7150407,0.6937956,0.5022499859333038,0.5815688276290893,0.722599983215332,0.5815688276290893,0.2405,240.5,0.3543033058355899,0.43716357229603175,0.4210278050758508,0.2120097801361271,0.24360326389423564,0.24122236063108743,0.20324667390996348,0.20471135411190278,0.22342065089788019,0.06042477485172029,0.07131598761710153,0.06582682325697001,0.08049578171099053,0.12231783137399799,0.0921284847194634,0.07031572082200531,0.07019594619312275,0.06875820998743429,0.6884839,0.69237924,0.85245144,0.79234385,0.7563008,0.68172574,0.60752034,0.6823145,2026-10-06T08:19:05.458881
71,0.780977725982666,0.49837008118629456,0.4658850136756897,0.7808598875999451,0.4658850136756897,0.8011914976119995,0.8822762376785278,1.9757995586395263,0.0788235534787178,1.823417919921875,2.0,1.0,10.0,,,,,0.7762285747528076,0.7762285747528076,,,,16.7677608215332,0.5742426778480505,0.19399494592361388,,0.18425589073805293,0.6997869727528019,0.15615207229734987,0.0016335512653799953,0.05128975563747867,0.9428181378704727,,0.006011587471974077,,74.75307833920618,18.065860626803843,,104.94379507660106,74.76965745087642,24.271653315064253,94.4627063046595,43.74922379414747,16.767749263982104,,0.6931471824645996,,0.09262948957787957,0.2092709255636118,,0.16373774750976805,0.11178620558255797,0.2988560941948253,0.008644650346202076,0.6682327101185064,0.2491375442333282,,,,0.3037,6074.0,0.82227343,0.81822395,0.8865491,0.8754147,0.6380062,0.7400606,0.7215472,0.7450306,0.5029999613761902,0.6441264400482177,0.6962499618530273,0.6441264400482177,0.254,254.0,0.3517793220528885,0.4703146636859357,0.3807739509267019,0.18499667514613607,0.3378019848700953,0.18000052897673546,0.19757340192486306,0.21567976781425818,0.2139146654606038,0.05992203914795399,0.06538548958185762,0.05705313967761287,0.07622269068571831,0.11295759772645084,0.06468497103464357,0.05243770931326735,0.05171878552182262,0.037900971376733844,0.6255,0.61227274,0.8310078,0.75723684,0.90284556,0.6562992,0.4917323,0.6606061,0.4878000020980835,0.5408597633838653,0.7435000538825989,0.5408597633838653,0.232,232.0,0.3436871844274287,0.42886722523132276,0.4097537081906444,0.2173959890143663,0.24253695285051527,0.2482867212681727,0.19937363329345895,0.1891077474347364,0.21219535582796173,0.04062025073615215,0.05727188683788793,0.045583554312510495,0.05192673803462714,0.09521842231716213,0.06140326197492032,0.04540281883502396,0.04309026975787256,0.04165792336712112,0.7883065,0.7954955,0.8518249,0.81603056,0.60365856,0.6894737,0.7077236,0.68576646,0.49539998173713684,0.5924931017160415,0.7198750078678131,0.5924931017160415,0.243,243.0,0.3477332532401586,0.44959094445862924,0.3952638295586731,0.20119633208025117,0.29016946886030526,0.21414362512245408,0.198473517609161,0.2023937576244973,0.21305501064428278,0.05027114494205307,0.06132868820987278,0.05131834699506169,0.06407471436017273,0.10408801002180648,0.06304411650478195,0.04892026407414565,0.04740452763984759,0.039779447371927484,0.7069032,0.7038841,0.84141636,0.78663373,0.753252,0.67288643,0.599728,0.6731863,2026-10-06T08:23:06.735080
72,0.7822248339653015,0.498980313539505,0.4619024299621582,0.7821100950241089,0.4619024299621582,0.8036917464256287,0.8850542928695678,2.0041670135498046,0.07580796495676041,1.7772419282913208,2.0,1.0,10.0,,,,,0.7728707433700561,0.7728707433700561,,,,16.749367156982423,0.5330475765476181,0.1926001216029855,,0.19257455739151141,0.6738764214667545,0.15345943090357597,0.0016417862260921794,0.05152778911172964,0.9187335068253195,,0.00640104023426783,,74.71852733830737,18.045225714422337,,104.94371907422497,74.7353405314646,24.24796297595759,94.4666292226998,43.811054667090154,16.74934936329058,,0.6931471824645996,,0.09330173733697575,0.2105022859611329,,0.16468499600887299,0.11254919011881397,0.30072867680507104,0.008817790954071245,0.6728644010367667,0.25121291959361663,,,,0.30095,6019.0,0.8269247,0.8184253,0.88407284,0.8756912,0.64306855,0.74151516,0.72387606,0.74344194,0.4987500309944153,0.6329233469963074,0.7006500363349915,0.6329233469963074,0.233,233.0,0.3690273820773061,0.4580620418957224,0.4086882259852874,0.20539365599232087,0.2627291091669784,0.21996765450702208,0.22216667454968086,0.22109415986677394,0.23110983811459573,0.06818620183431108,0.08356576191213404,0.07198015287934813,0.08527669292151217,0.14227013425943788,0.08624204744883816,0.07461312715226824,0.07715545158930255,0.0730046657463773,0.614,0.6077272,0.85503876,0.75888157,0.90284556,0.6610237,0.4968504,0.6715909,0.5001999735832214,0.5253680758476257,0.7490999698638916,0.5253680758476257,0.229,229.0,0.35970813533349677,0.44596848204669276,0.4374146218243473,0.23490292882719624,0.2425613895925555,0.26727705307407607,0.22732374807313319,0.216919702110941,0.24661743751473286,0.05217365426690191,0.06880578430189549,0.06245525514341535,0.057480265716738595,0.10455980719923214,0.0685665168777778,0.05424934518201004,0.052281285765526916,0.05382757035861339,0.8129032,0.8085586,0.8518249,0.80839694,0.60162604,0.6877193,0.7089431,0.7032847,0.49947500228881836,0.5791457114219665,0.7248750030994415,0.5791457114219665,0.231,231.0,0.36436775870540145,0.45201526197120756,0.42305142390481737,0.22014829240975856,0.25264524937976696,0.24362235379054908,0.224745211311407,0.21900693098885748,0.2388636378146643,0.0601799280506065,0.07618577310701477,0.06721770401138175,0.07137847931912539,0.12341497072933501,0.07740428216330798,0.06443123616713914,0.06471836867741473,0.06341611805249535,0.7134516,0.7081429,0.8534318,0.78363925,0.7522358,0.6743715,0.60289675,0.6874378,2026-10-06T08:27:07.514723
73,0.784915030002594,0.5017852783203125,0.45714872426986697,0.7849776148796082,0.45714872426986697,0.8076014373779297,0.8893983908653259,2.0327500385284423,0.07587587499022484,1.7251915885925293,2.0,1.0,10.0,,,,,0.7696156603813171,0.7696156603813171,,,,16.732679769897462,0.580513602419264,0.18538364435836768,,0.18496058843318064,0.6592458122095485,0.15347268010021015,0.0016051715300685375,0.05111548917925662,0.8791514583833658,,0.0061629107791061405,,74.68349685182997,18.025122490658124,,104.94696734969024,74.70110029475704,24.224645784706066,94.46861028974982,43.87377414581882,16.732663148527692,,0.6931471824645996,,0.09387937601015067,0.21191230520700952,,0.1656037626942252,0.11327581790981779,0.30249428806031586,0.008916694012464612,0.6774744786274661,0.2535008535643292,,,,0.3007,6014.0,0.839595,0.8296416,0.8851822,0.877113,0.63596183,0.74434346,0.72541517,0.7430143,0.5044499039649963,0.6556817817687989,0.6953500509262085,0.6556817817687989,0.249,249.0,0.3719034276318876,0.4751809170088868,0.4169838193402828,0.20434737291314173,0.2884232718680141,0.22672570716258125,0.2125807755537824,0.22443476487261038,0.23525221331093157,0.06955322509935448,0.0884075365734991,0.06616580628232514,0.07551072726944302,0.14394391949299462,0.07323554961292576,0.05712847460476924,0.06587019968450233,0.047866090017635206,0.59,0.6090909,0.8468992,0.75328946,0.90365857,0.6590552,0.4917323,0.6689394,0.5092000365257263,0.5336094980239868,0.7526000142097473,0.5336094980239868,0.237,237.0,0.3742927805191025,0.4931695816208285,0.4418365638920831,0.2441514899182546,0.31736234471467256,0.26937214162288836,0.23850845200183116,0.2394407527809218,0.24827929385045264,0.05608352246393679,0.06784104314238737,0.05924296958237174,0.0692653095446916,0.11963233868390134,0.07818467339550236,0.06616691282928126,0.06940938644613724,0.06227837562144566,0.8318549,0.82747746,0.85145986,0.80419844,0.6056911,0.6872807,0.71300817,0.6937956,0.5068249702453613,0.5946456398963929,0.7239750325679779,0.5946456398963929,0.243,243.0,0.37309810407549504,0.48417524931485767,0.42941019161618293,0.22424943141569817,0.30289280829134335,0.2480489243927348,0.22554461377780677,0.2319377588267661,0.2417657535806921,0.06281837378164563,0.07812428985794323,0.06270438793234845,0.07238801840706731,0.13178812908844798,0.07571011150421406,0.06164769371702525,0.06763979306531978,0.055072232819540434,0.7109274,0.7182842,0.8491795,0.778744,0.7546748,0.67316794,0.60237026,0.6813675,2026-10-06T08:31:08.081108
74,0.7837275266647339,0.5001348853111267,0.45873036241531373,0.7839924097061157,0.45873036241531373,0.8045591697692871,0.886018094921112,2.0113399194717405,0.06818890401422978,1.709421838760376,2.0,1.0,10.0,,,,,0.7713412082672119,0.7713412082672119,,,,16.714070053100585,0.5341778230989814,0.20108695093328785,,0.19307741219071067,0.6829061589802906,0.14980157543044942,0.0015984271652255042,0.05076957138101007,0.8561971922209308,,0.005498697952041848,,74.64843706264617,18.005544540988414,,104.94731869059763,74.66688848604822,24.20213212177252,94.46554798685062,43.95111521338202,16.71404448588183,,0.6931471824645996,,0.09447610444703679,0.21345881462856464,,0.1665109127380286,0.11395871273841068,0.3044513217203177,0.00889115171376497,0.6826557976425074,0.255590089567148,,,,0.30165,6033.0,0.8431636,0.83169556,0.8817552,0.8760663,0.6390966,0.7362828,0.7228433,0.7413239,0.5086499452590942,0.6328470768928528,0.6993000507354736,0.6328470768928528,0.231,231.0,0.37461781972256786,0.4840805899997814,0.4202883540919035,0.19141442127504102,0.2967696500730699,0.20118663047975344,0.24185575802521445,0.25047364628500185,0.2667147700239686,0.05801289588132799,0.061458579428668086,0.059822964925849674,0.0845222267794367,0.11846013980754311,0.08315807065358366,0.0637468075015282,0.05809971835958135,0.05611840891405747,0.6325,0.6109091,0.84302324,0.7641447,0.9056911,0.65196854,0.492126,0.6609849,0.5074999928474426,0.5230603184700012,0.7514999508857727,0.5230603184700012,0.229,229.0,0.33641488311460915,0.43881926649330594,0.41591206493405664,0.2033313189976209,0.2639038235292301,0.24808242379777917,0.2238368701587974,0.21923208997910795,0.240485710424555,0.05226971179141215,0.06607443239722763,0.06423502149721844,0.06304754564230501,0.0957450914898848,0.08315743002079358,0.05279544845959784,0.052820960606461353,0.05528559010205244,0.83548385,0.8175676,0.8481752,0.8110687,0.596748,0.69342107,0.70609754,0.6963504,0.5080749690532684,0.577953697681427,0.7254000008106232,0.577953697681427,0.23,230.0,0.3555163514185885,0.46144992824654363,0.4181002095129801,0.19737287013633098,0.28033673680115,0.2246345271387663,0.23284631409200593,0.23485286813205491,0.2536002402242618,0.05514130383637007,0.06376650591294786,0.06202899321153406,0.07378488621087086,0.10710261564871396,0.08315775033718861,0.05827112798056302,0.055460339483021356,0.055701999508054954,0.7339919,0.71423835,0.84559923,0.7876067,0.7512195,0.6726948,0.5991118,0.67866766,2026-10-06T08:35:09.468141
75,0.7836077809333801,0.5015023946762085,0.45446285698413846,0.7869325280189514,0.45446285698413846,0.8056504049301147,0.8872305824279785,2.040412812232971,0.07522108356952667,1.8024149782180787,2.0,1.0,10.0,,,,,0.7758868995666504,0.7758868995666504,,,,16.694401181030273,0.5411168318360474,0.2013862097196898,,0.1971697137471597,0.6591229455865872,0.1515854008400896,0.0015668176260263701,0.05127382782661611,0.8651079731002734,,0.00587941285889747,,74.61363847088661,17.98825548257038,,104.94918507375534,74.63267371305236,24.178890216122767,94.46560732118643,44.01793245449188,16.69438947689761,,0.6931471824645996,,0.09510611823409985,0.21531257991957817,,0.1674881011817106,0.11467374476847375,0.306297750989343,0.008960370300634271,0.6872838131941048,0.25751344926038366,,,,0.30145,6029.0,0.8535686,0.8398309,0.8843106,0.8757307,0.6413941,0.7410707,0.72000813,0.7398167,0.4955000579357147,0.6530997371673584,0.7024000287055969,0.6530997371673584,0.253,253.0,0.3626162926672388,0.46524781910274937,0.40940837295431615,0.20260882874131503,0.3338984621151182,0.23575895439723216,0.2159215793893586,0.21698729742945183,0.21908145531994289,0.07075975977780442,0.06971032820645778,0.05950844329686035,0.10911944020268169,0.1138978780509456,0.08722047033053645,0.07984367339534823,0.08077338140596577,0.0664970933626827,0.62450004,0.6372727,0.84108526,0.7601974,0.9056911,0.6673228,0.4807087,0.67121214,0.5070500373840332,0.5277611627578735,0.7569999098777771,0.5277611627578735,0.26,260.0,0.34036234866578136,0.43705450946660446,0.41111651561290263,0.2028208505704579,0.24529420480237413,0.24104659606891118,0.22084855886441118,0.22060316142516276,0.22918403676730187,0.04789195762948852,0.05743026222490687,0.054309685579076526,0.055413671127114476,0.0864142341185584,0.06694031921803384,0.04594512496021638,0.04778670417204901,0.04800962105291636,0.8427419,0.84414417,0.85255474,0.80763364,0.6060976,0.7017544,0.71097565,0.68759125,0.501275047659874,0.590430449962616,0.729699969291687,0.590430449962616,0.2565,256.5,0.35148932066651006,0.45115116428467694,0.41026244428360936,0.20271483965588646,0.28959633345874614,0.23840277523307168,0.21838506912688488,0.21879522942730728,0.22413274604362238,0.05932585870364647,0.06357029521568233,0.056909064437968435,0.08226655566489809,0.100156056084752,0.07708039477428515,0.0628943991777823,0.0642800427890074,0.05725335720779953,0.733621,0.7407085,0.84682,0.7839155,0.7558943,0.6845386,0.5958422,0.6794017,2026-10-06T08:39:11.050884
76,0.7877779006958008,0.4971671402454376,0.4534027231216431,0.7877851724624634,0.4534027231216431,0.8050543411254882,0.886568287563324,2.017919463920593,0.07520065639019012,1.7805716247558594,2.0,1.0,10.0,,,,,0.7788481065750122,0.7788481065750122,,,,16.677569204711915,0.6042450738560622,0.18987516916481553,,0.2014755638684057,0.6815208109321108,0.15503265609027475,0.0015994047417578281,0.05218670925327167,0.8998423761622921,,0.005758812955052705,,74.57936907725728,17.968416238286693,,104.95280578030143,74.59849533761383,24.15691492360109,94.4661553255312,44.08794901173586,16.67755838867965,,0.6931471824645996,,0.0957414716197427,0.21680766277632135,,0.16850221954333555,0.11538799932807874,0.308227658651437,0.009087165550678778,0.6920767081011633,0.2598489764010071,,,,0.30395,6079.0,0.85807943,0.8446436,0.8800317,0.87636256,0.63818145,0.74321216,0.72294456,0.7393075,0.5029000043869019,0.6428482646942139,0.7060500383377075,0.6428482646942139,0.257,257.0,0.3400812457009141,0.4670395024732525,0.38320122223402325,0.16763297351600118,0.27830044270571347,0.15360436480315096,0.17404941765375354,0.18578540130319396,0.19275261695471776,0.07586766770705408,0.08827059072101784,0.07891449132592877,0.07752152234233238,0.11378485899674383,0.08042751178357405,0.06917466899106488,0.06974154899593371,0.06734256188362525,0.6465,0.64590913,0.8445737,0.7526316,0.9065041,0.65590554,0.49724412,0.6746212,0.49910005927085876,0.5130976967811585,0.7590500116348267,0.5130976967811585,0.253,253.0,0.3511777577384694,0.45502109948501707,0.411666980469136,0.2128960981188694,0.28113382194281905,0.24041658490684517,0.20465310330649916,0.20343459496112498,0.20086919106103632,0.04271597308254928,0.05250017427965959,0.05073410372458491,0.04919954018093484,0.08328491503893458,0.05926622257943537,0.047168747615673495,0.04699332351423423,0.045345339990485234,0.8399194,0.83693695,0.8510949,0.809542,0.61422765,0.70043856,0.7195122,0.69671535,0.5010000318288803,0.5779729807376861,0.7325500249862671,0.5779729807376861,0.255,255.0,0.34562950171969176,0.4610303009791348,0.39743410135157964,0.1902645358174353,0.27971713232426626,0.19701047485499806,0.18935126048012635,0.19460999813215946,0.19681090400787704,0.05929182039480168,0.07038538250033871,0.06482429752525684,0.06336053126163362,0.0985348870178392,0.06984686718150471,0.058171708303369186,0.05836743625508397,0.05634395093705524,0.7432097,0.741423,0.8478343,0.7810868,0.76036584,0.67817205,0.6083782,0.6856683,2026-10-06T08:43:11.851004
77,0.786777138710022,0.5011449456214905,0.45372776002883913,0.7868030071258545,0.45372776002883913,0.8057588890075683,0.8873511182785034,2.008580974197388,0.07185395914912224,1.7200615196228026,2.0,1.0,10.0,,,,,0.7851781620979309,0.7851781620979309,,,,16.659242681884766,0.5520463788490386,0.20147236104413963,,0.20301077370146278,0.6770998338225541,0.15125221991614932,0.0015884036614239264,0.051912569304465486,0.8911465318149822,,0.006120209664456357,,74.5451719441991,17.94862343854965,,104.9545675872997,74.5644294592985,24.13279427692389,94.46838271997537,44.14028417988188,16.659228221626037,,0.6931471824645996,,0.09643158216954796,0.21805977413229122,,0.16944534155973204,0.11605873063301585,0.31000041240339826,0.009201734047976268,0.6961143248400111,0.26185421920885704,,,,0.30765,6153.0,0.852927,0.8470399,0.88258713,0.8793444,0.63779205,0.7422626,0.7206966,0.73203665,0.5078000426292419,0.6321381154060364,0.7075000405311584,0.6321381154060364,0.254,254.0,0.3470677860300528,0.46115377379758316,0.3935092473308097,0.15909627822437752,0.32311561445985676,0.20971052006804425,0.1858369797929958,0.18645925139877692,0.18893340806715458,0.09465740400338951,0.09095790455553368,0.09263037918244715,0.11976603930541622,0.13209552473993302,0.10282666013075034,0.09409238874984409,0.1014538577177807,0.08882511163434098,0.6195,0.64863634,0.8472868,0.76348686,0.9077236,0.67795277,0.4940945,0.6693182,0.4999000132083893,0.5089566543102264,0.7605500817298889,0.5089566543102264,0.223,223.0,0.3407469780260768,0.43851169929239714,0.41157710394685154,0.20409219720963925,0.264665710385387,0.23896178406241886,0.20909998851354705,0.20576089016384466,0.21420590929733016,0.0541029563064362,0.061359976326755813,0.06535066751843406,0.06070197603060317,0.09207195499541349,0.08086531073996413,0.055795928466779034,0.0542249641865624,0.05816398869737906,0.84879035,0.84774774,0.8518249,0.8053435,0.6113821,0.7149123,0.70609754,0.69671535,0.5038500279188156,0.5705473848581314,0.7340250611305237,0.5705473848581314,0.2385,238.5,0.3439073820280648,0.4498327365449901,0.40254317563883063,0.1815942377170084,0.29389066242262185,0.22433615206523155,0.19746848415327142,0.1961100707813108,0.20156965868224236,0.07438018015491285,0.07615894044114474,0.0789905233504406,0.0902340076680097,0.11208373986767325,0.09184598543535724,0.07494415860831156,0.07783941095217155,0.07349455016586001,0.73414516,0.7481921,0.84955585,0.7844152,0.75955284,0.69643253,0.600096,0.6830168,2026-10-06T08:47:13.309348
78,0.7897094488143921,0.49904492497444153,0.44880069122314453,0.7900300025939941,0.44880069122314453,0.8050269233703613,0.886537822151184,2.012571985244751,0.0724167135566473,1.7641659414291382,2.0,1.0,10.0,,,,,0.7899352090835571,0.7899352090835571,,,,16.63851598510742,0.5512925271585489,0.1907183675771686,,0.19993511482978324,0.6980962028169329,0.1512097324820081,0.0016032273048434147,0.05174720881708488,0.8546152796335281,,0.006111227657540648,,74.51127891783501,17.9289452376639,,104.95800931894095,74.53035925603976,24.10888466561676,94.47188733337791,44.19921423067712,16.638498950156436,,0.6931471824645996,,0.09717408705289197,0.21944734226366516,,0.1703941580975891,0.11673389024035946,0.31181026625025804,0.009349995595254715,0.7003892975248349,0.2636892609535509,,,,0.3094,6188.0,0.8650561,0.85443014,0.88171554,0.8756912,0.63964176,0.7391111,0.7175577,0.74759674,0.49915003776550293,0.6303704600334168,0.7136000394821167,0.6303704600334168,0.223,223.0,0.3711682660680998,0.4638430970733686,0.3988780967781856,0.21221953073386784,0.32358788214877904,0.22145026581769303,0.22402335899888629,0.23043069524665188,0.23450924541960255,0.058204623214416246,0.07052242249383513,0.06193552460178897,0.08450137277129352,0.13110337318578338,0.08549800168601943,0.06911612610943901,0.06834237561264878,0.0665443929743403,0.66,0.6659091,0.85968995,0.7677632,0.90934956,0.6543307,0.5015748,0.6674242,0.49504998326301575,0.5150382771492005,0.7581501007080078,0.5150382771492005,0.234,234.0,0.32691539612398246,0.43215750684562243,0.4016842994313003,0.19595366147735194,0.24896790730581472,0.23077140109222438,0.20173839685933256,0.20013311951489446,0.2183359136499815,0.04841673023363146,0.06113864861787877,0.05894010415488856,0.05438778795635126,0.10501736416108386,0.07621218667451299,0.053198201629808345,0.05071510890867589,0.05602600542416636,0.85040325,0.8423423,0.8518249,0.8030535,0.60081303,0.70657897,0.71260166,0.69489056,0.49710001051425934,0.5727043685913087,0.7358750700950623,0.5727043685913087,0.2285,228.5,0.34904183109604114,0.44800030195949553,0.40028119810474294,0.2040865961056099,0.28627789472729687,0.2261108334549587,0.21288087792910942,0.21528190738077319,0.22642257953479203,0.053310676724023856,0.06583053555585695,0.06043781437833877,0.0694445803638224,0.11806036867343361,0.08085509418026621,0.06115716386962368,0.059528742260662335,0.06128519919925333,0.75520164,0.7541257,0.8557574,0.7854084,0.7550813,0.68045485,0.6070882,0.68115735,2026-10-06T08:51:13.820619
79,0.7907524704933167,0.49970000982284546,0.44672646362781526,0.7907026410102844,0.44672646362781526,0.8032191750526428,0.8845292160034179,1.9752113559722901,0.07561071242690086,1.7292141025543213,2.0,1.0,10.0,,,,,0.7934446373939514,0.7934446373939514,,,,16.615799209594726,0.6303549900556066,0.21970901403362583,,0.2088782357372296,0.646517968006954,0.1534083175716127,0.00165377203434421,0.05257179984336446,0.8893545467382783,,0.0061103036613455695,,74.47728602901385,17.90871651764888,,104.96106287476364,74.49615060599746,24.0836652038963,94.47116511642554,44.25680320885531,16.61579686061592,,0.6931471824645996,,0.09787935146670433,0.22102094190135882,,0.17131073753924886,0.11743854171341392,0.3134827606237618,0.009448769947241066,0.7046443622583037,0.2652305279188095,,,,0.3089,6178.0,0.8672413,0.85553765,0.8848851,0.8777844,0.63911605,0.7392323,0.7232685,0.73900205,0.499099999666214,0.6349218325614929,0.7069500088691711,0.6349218325614929,0.284,284.0,0.27350270999812043,0.4015768420844976,0.3308004463478625,0.14448174272272718,0.29922250577376586,0.16050276225061597,0.14062918970793464,0.13733607635486655,0.15980419078499766,0.05829775221608144,0.05852402883407025,0.05669175786238823,0.0706783665115629,0.09532623958240152,0.06627953410208709,0.05835571003465799,0.05543478727313721,0.03960746461234203,0.6775,0.6518182,0.81899226,0.7671053,0.9069106,0.6488189,0.4948819,0.6700758,0.49024999141693115,0.5164458513259887,0.7544999122619629,0.5164458513259887,0.265,265.0,0.32410192848653024,0.435260053551856,0.3925983211969243,0.18754822855267494,0.26444411425584036,0.21304753138799368,0.17286638409362567,0.1725953039533094,0.17819023126055744,0.0456195241668404,0.061032114726623274,0.056101236701582825,0.05320367574494339,0.0914751062168103,0.07016285981728215,0.042380621233073096,0.03856897542629522,0.042818578620163306,0.84596777,0.84639645,0.8518249,0.8187023,0.5869919,0.6921053,0.71056914,0.680292,0.49467499554157257,0.5756838419437409,0.730724960565567,0.5756838419437409,0.27449999999999997,274.5,0.29880231924232536,0.41841844781817683,0.3616993837723934,0.16601498563770106,0.2818333100148031,0.18677514681930482,0.15674778690078017,0.15496569015408798,0.16899721102277754,0.05195863819146092,0.05977807178034676,0.05639649728198553,0.06194102112825314,0.09340067289960591,0.06822119695968462,0.05036816563386554,0.04700188134971621,0.04121302161625267,0.7617339,0.74910736,0.83540857,0.7929038,0.7469512,0.67046213,0.6027255,0.6751839,2026-10-06T08:55:15.382983
80,0.7917575240135193,0.5014055371284485,0.445243857383728,0.7916770577430725,0.445243857383728,0.798485901260376,0.87927001953125,1.9463856576919556,0.07486693630814552,1.7688403274536133,2.0,1.0,10.0,,,,,0.8042443280220032,0.8042443280220032,,,,16.596077621459962,0.6027878939535967,0.20917741453666597,,0.21033271392629405,0.6590150925953677,0.14100019337170444,0.0015955970816871827,0.05185358900173455,0.7708803181815299,,0.006613187500791755,,74.4442866623022,17.88958064765687,,104.96463041852235,74.46216481202727,24.059831558519107,94.46787752771074,44.311668080129444,16.596057405897007,,0.6931471824645996,,0.09869868222885071,0.22270497119730445,,0.17222503577448,0.11810611995162477,0.31523413111449805,0.009550526880534592,0.7087404162261137,0.26704391438490266,,,,0.31475,6295.0,0.8678629,0.8629078,0.88480586,0.8792654,0.6390187,0.7420606,0.7191575,0.7387984,0.4906500577926636,0.619756350517273,0.7129500508308411,0.619756350517273,0.27,270.0,0.37689046002841137,0.45582557937308005,0.39907248270719736,0.22032386747967025,0.33508579111248504,0.21236546043558444,0.17866384703036914,0.18065245439979977,0.18304175898444902,0.0703974694287862,0.06284720165423348,0.06364147880793368,0.09865015031120362,0.11656051510962849,0.09715049731765756,0.08927722036295828,0.08851454234960333,0.08357469989039033,0.6915,0.6345455,0.86395353,0.7585527,0.90934956,0.6555118,0.50039375,0.67121214,0.5002000331878662,0.5163505778312684,0.7566999197006226,0.5163505778312684,0.238,238.0,0.35069137745541906,0.46360095879004,0.41703861379008694,0.21218781073313037,0.2788604480319163,0.23369741116630402,0.21894950129327848,0.22821796881841014,0.23267117225700573,0.05499068958226091,0.06149833886195277,0.0639839262508594,0.06727344940041102,0.09896540019711755,0.08281076730809252,0.06000675968867996,0.05967400845679878,0.059365296155961506,0.853629,0.8333333,0.8518249,0.80839694,0.5886179,0.70614034,0.7154471,0.6923358,0.4954250454902649,0.5680534641742707,0.7348249852657318,0.5680534641742707,0.254,254.0,0.3637909187419152,0.45971326908156,0.40805554824864215,0.2162558391064003,0.30697311957220064,0.22303143580094423,0.1988066741618238,0.20443521160910494,0.20785646562072738,0.06269407950552355,0.062172770258093125,0.06381270252939654,0.08296179985580732,0.10776295765337301,0.08998063231287504,0.07464199002581912,0.07409427540320106,0.07146999802317591,0.77256453,0.7339394,0.8578892,0.7834748,0.74898374,0.68082607,0.6079204,0.68177396,2026-10-06T08:59:16.221040
81,0.7930699586868286,0.5036975741386414,0.44380189847946167,0.7931922674179077,0.44380189847946167,0.8005370829582215,0.8815491102218628,1.9459291683197022,0.07866926474571229,1.7958468009948731,2.0,1.0,10.0,,,,,0.8085689264297485,0.8085689264297485,,,,16.577040951538088,0.5327251980638807,0.2069018717831487,,0.2037907819364481,0.6339079130227399,0.1525393449671709,0.0016261128157045051,0.05154365242998691,0.8133807410100463,,0.006544740583634918,,74.41069312611963,17.870978154953878,,104.96781163306753,74.42843409252774,24.03516074502544,94.46449663684626,44.365320582298715,16.5770387224331,,0.6931471824645996,,0.0994310704575982,0.22434368198084984,,0.17318776695971277,0.11882780274008489,0.31688301540484093,0.009608176507198127,0.7127813066646551,0.26895811166732936,,,,0.31825,6365.0,0.8727947,0.8651027,0.8862124,0.87721175,0.6410242,0.7430909,0.7238356,0.73674136,0.4992499351501465,0.6180899820327759,0.7139500379562378,0.6180899820327759,0.258,258.0,0.34512395779324134,0.4420149347198054,0.3931933886042845,0.18200707031289826,0.2815974121119207,0.1903069677580009,0.20469770655927058,0.20242775379576866,0.20430315508173308,0.08802617057617088,0.08336928174756719,0.0875848742825525,0.09190222734795894,0.12547140703798323,0.10123151556991813,0.08558871435239288,0.08368111314340441,0.0809892216955085,0.67450005,0.6622727,0.8375969,0.7700658,0.9077236,0.66456693,0.5047244,0.669697,0.5003499984741211,0.5086435360908508,0.7592999339103699,0.5086435360908508,0.247,247.0,0.33061721792627524,0.45061613334876366,0.3933392249033591,0.1908915922816339,0.27613997048192385,0.20886862059096,0.21369908925949604,0.21791715136544967,0.23266464172684817,0.05882655499260684,0.07222163800363784,0.06627869515848776,0.07238552986926734,0.10577961832752361,0.07998257455016047,0.06289540823355104,0.06431986187402318,0.06680191896267196,0.8451613,0.85675675,0.8543796,0.81030536,0.60121953,0.7008772,0.71056914,0.6930657,0.4997999668121338,0.5633667590618133,0.7366249859333038,0.5633667590618133,0.2525,252.5,0.3378705878597583,0.44631553403428453,0.3932663067538218,0.1864493312972661,0.27886869129692227,0.19958779417448047,0.20919839790938333,0.21017245258060918,0.2184838984042906,0.07342636278438885,0.07779545987560252,0.07693178472052013,0.08214387860861314,0.11562551268275342,0.0906070450600393,0.07424206129297195,0.0740004875087138,0.07389557032909022,0.7598307,0.7595147,0.8459883,0.7901856,0.75447154,0.6827221,0.60764676,0.68138134,2026-10-06T09:03:17.927140
82,0.7930752038955688,0.49793481826782227,0.4418001902103424,0.7927649617195129,0.4418001902103424,0.8045885424613952,0.8860507360458374,1.9669564437866212,0.08376537545919419,1.7969996801376342,2.0,1.0,10.0,,,,,0.8143809304237366,0.8143809304237366,,,,16.564899560546873,0.453903294625176,0.1953227415348694,,0.1892118481029371,0.6522624262958575,0.1452102697436597,0.001587574133296515,0.051654788683269434,0.8440285964756254,,0.006423746892080529,,74.3762331920065,17.850236698320717,,104.96905352355569,74.39461167450924,24.01271001244806,94.46330134883807,44.41766622263914,16.56489933524162,,0.6931471824645996,,0.10009091157632269,0.22573817744376554,,0.17399441977595068,0.11954945553639892,0.31872791849124205,0.00966562795790897,0.7167605264171674,0.2716716489974101,,,,0.305,6100.0,0.8650561,0.87200963,0.8826862,0.881872,0.63652647,0.7378788,0.72752124,0.7392057,0.4948500096797943,0.6300077939033508,0.7078499794006348,0.6300077939033508,0.251,251.0,0.3823341471409821,0.4843387055192935,0.4060912541343879,0.21869631472283768,0.34590284614960737,0.22888398795523685,0.21365401678651696,0.21919913788185405,0.20878038212621522,0.06574418092307756,0.07243935200494632,0.07106056568915688,0.08222635092910827,0.11068275737617167,0.07804087222757956,0.06750482460140733,0.06808493337062184,0.059419066555004715,0.67450005,0.65909094,0.83023256,0.75986844,0.9081301,0.6574803,0.4909449,0.66477275,0.4963500201702118,0.5182921500205994,0.7573000192642212,0.5182921500205994,0.248,248.0,0.33989549410181596,0.4617316099989087,0.40444509576772614,0.19091356126213968,0.2818782049702097,0.2148323507971897,0.2199293164434713,0.2295706062788254,0.2418587910382803,0.05946863693521931,0.06837216795519198,0.06483110006785284,0.07610593369907906,0.10804251309013366,0.08485648252631439,0.06697826783146986,0.06841987655703125,0.06861052818972548,0.8544355,0.8581081,0.8529197,0.80419844,0.59186995,0.7052632,0.7065041,0.6846716,0.49560001492500305,0.5741499719619751,0.732574999332428,0.5741499719619751,0.2495,249.5,0.361114820621399,0.4730351577591011,0.40526817495105705,0.20480493799248867,0.31389052555990854,0.22185816937621328,0.21679166661499413,0.22438487208033972,0.22531958658224777,0.06260640892914843,0.07040575998006915,0.06794583287850486,0.07916614231409366,0.10936263523315266,0.08144867737694697,0.0672415462164386,0.06825240496382654,0.0640147973723651,0.7644678,0.7585995,0.8415761,0.78203344,0.75,0.68137175,0.5987245,0.6747222,2026-10-06T09:07:19.915343
83,0.7952671051025391,0.5007752180099487,0.43798400609493254,0.7953174114227295,0.43798400609493254,0.8024002782821655,0.8836193276405334,1.9489972652435303,0.08666838701963425,1.7319895399093628,2.0,1.0,10.0,,,,,0.8176771538734436,0.8176771538734436,,,,16.547867449951173,0.4859539998849486,0.19082428364878057,,0.1950852461277869,0.6517571140626434,0.15228326974590872,0.0016291224822968505,0.05197209028444093,0.8241309855773951,,0.00656448361757849,,74.34291523732956,17.83084020189419,,104.96949923569989,74.36070134837156,23.989639500903476,94.45929829785779,44.48295923706832,16.547851210187194,,0.6931471824645996,,0.10083130357941245,0.22729089770727096,,0.17478952760909014,0.12027066865354587,0.3204622845740835,0.0097308964972758,0.721212888219554,0.27365219061541707,,,,0.30965,6193.0,0.8710305,0.8722715,0.8826466,0.88149685,0.6366433,0.74854547,0.72385585,0.7469043,0.49084997177124023,0.6079626336097718,0.717150092124939,0.6079626336097718,0.264,264.0,0.3530006372635563,0.44049145804692535,0.3928149612165823,0.2309834127911979,0.3075818979584498,0.23628277062579642,0.19778817895850653,0.20566988971812333,0.21016949024211717,0.06704684594461104,0.06524589751141366,0.06968314908846153,0.07633801699456416,0.0931815350395025,0.07223671806071644,0.05985676180506751,0.06108177615338851,0.053254048922159326,0.6975,0.6740909,0.8375969,0.76184213,0.9085366,0.66771656,0.4996063,0.67727274,0.4926999807357788,0.5036967663764954,0.7638499736785889,0.5036967663764954,0.24,240.0,0.3147335674920098,0.4380438801330734,0.38090228818261773,0.17524499440451735,0.2780218650909043,0.21352972564581488,0.19891395288995567,0.20626465396199323,0.21303374728167213,0.05116857716132395,0.055429346598168894,0.053598126003132227,0.06930481071780627,0.08779153311195691,0.07131396432802327,0.05907922884846454,0.0569143401167361,0.05534699798634768,0.85524195,0.8626126,0.85583943,0.8057252,0.6,0.7166667,0.71260166,0.7014598,0.4917749762535095,0.5558296999931336,0.7405000329017639,0.5558296999931336,0.252,252.0,0.33386710237778305,0.43926766908999937,0.38685862469960003,0.20311420359785765,0.29280188152467707,0.22490624813580565,0.1983510659242311,0.20596727184005828,0.21160161876189465,0.05910771155296749,0.060337622054791276,0.06164063754579688,0.07282141385618521,0.09048653407572971,0.07177534119436985,0.05946799532676603,0.0589980581350623,0.0543005234542535,0.776371,0.7683518,0.8467182,0.7837837,0.7542683,0.6921916,0.606104,0.6893663,2026-10-06T09:11:20.526030
84,0.7951927781105042,0.5032601952552795,0.4371769100189209,0.7949376702308655,0.4371769100189209,0.8055437556266785,0.8871120770454407,1.9682511573791504,0.07778959278464317,1.7871546508789062,2.0,1.0,10.0,,,,,0.8250110820770263,0.8250110820770263,,,,16.529751791381837,0.5091277636635075,0.19892827688366366,,0.20220493199007147,0.6376118809933875,0.1492957954716151,0.0016674403265077074,0.05265756355966352,0.8561491051297279,,0.0072917720507963855,,74.3101691470784,17.80934757791507,,104.9708859874944,74.3271978584824,23.967721404543347,94.45785089966598,44.55926066599074,16.529739306990507,,0.6931471824645996,,0.10160514849955869,0.22862072649655069,,0.17563489677420088,0.12101375714988466,0.32243108711424906,0.009854056735991672,0.726029311016107,0.27559695957572594,,,,0.30775,6155.0,0.866219,0.8701168,0.88573694,0.8779423,0.639486,0.74907076,0.7226205,0.7491039,0.5035500526428223,0.6033833498954773,0.7200000286102295,0.6033833498954773,0.278,278.0,0.3297346505291194,0.4457309532027594,0.38210044613751587,0.17682756259278523,0.3330052423629137,0.20574077739313462,0.17548884522272126,0.18862589829387846,0.19819233913338877,0.07059701586117817,0.07486316347188636,0.07856700165170505,0.08262253395520673,0.10357171394663157,0.07820864707243255,0.05417042073101175,0.059018125005687865,0.04982168028194605,0.71099997,0.67227274,0.8515504,0.76644737,0.9081301,0.67913383,0.4925197,0.6674242,0.49869999289512634,0.4996351313591003,0.7633499503135681,0.4996351313591003,0.243,243.0,0.316384082025274,0.44601860180922664,0.40272289403769246,0.1649140827089771,0.23672811591856072,0.19529781529249124,0.1760388268030653,0.18609322065510023,0.1958826163098664,0.05118613067522861,0.054589959936151004,0.06049259833993676,0.0637167111781085,0.08443525128663143,0.0761136352910728,0.0570156209218343,0.057438945077453285,0.062382080123783594,0.8528226,0.8563063,0.8609489,0.81641227,0.60203254,0.69736844,0.72113824,0.6963504,0.5011250227689743,0.5515092406272888,0.7416749894618988,0.5515092406272888,0.2605,260.5,0.32305936627719667,0.445874777505993,0.39241167008760414,0.17087082265088116,0.2848666791407372,0.20051929634281293,0.17576383601289328,0.18735955947448935,0.19703747772162758,0.060891573268203394,0.06472656170401868,0.0695297999958209,0.07316962256665761,0.0940034826166315,0.07716114118175268,0.05559302082642302,0.05822853504157058,0.05610188020286482,0.78191125,0.7642895,0.8562497,0.7914298,0.7550813,0.68825114,0.606829,0.68188727,2026-10-06T09:15:21.865244
85,0.7974550724029541,0.5001700520515442,0.4322454399347305,0.7971547842025757,0.4322454399347305,0.79829338722229,0.8790561106681823,1.907981894302368,0.06882926122248173,1.759772345161438,2.0,1.0,10.0,,,,,0.8210355801582336,0.8210355801582336,,,,16.512392694091798,0.435402534095345,0.1793295126764258,,0.1894507686945663,0.6242443569906199,0.1393027425429244,0.0016284728608877178,0.052221793242415805,0.741730550482015,,0.006397834087345322,,74.27676712327703,17.788215236299358,,104.97469820642168,74.29335133740857,23.94319674012008,94.45720342162308,44.62419053095921,16.512383977319026,,0.6931471824645996,,0.10233263956133727,0.2298728098535234,,0.17654602324507038,0.12171000118847865,0.32377552948180277,0.009972127041761663,0.7304180663102752,0.27764712245601,,,,0.3195,6390.0,0.87044907,0.8763794,0.8854398,0.8814179,0.64567757,0.7529697,0.7159579,0.74955195,0.5105499625205994,0.6155763485431671,0.7077999711036682,0.6155763485431671,0.264,264.0,0.34786276139811634,0.4478710227412484,0.42629033284836054,0.17286946444869275,0.27247902815313924,0.2558155660264131,0.1844125587926342,0.19734164535867732,0.21302844894270534,0.06787651642880481,0.06157934473101216,0.06895306962605978,0.08763327379946162,0.10267869780235785,0.08325680189589729,0.07261639438821511,0.07885585197999485,0.070148063132099,0.649,0.6468182,0.827907,0.7720395,0.9081301,0.6614173,0.4870079,0.682197,0.49194997549057007,0.5005333337783814,0.7624999284744263,0.5005333337783814,0.242,242.0,0.3321621184624583,0.42971164032174136,0.41785463129003514,0.18009608532924054,0.21655466634441584,0.22674904940245288,0.17140359861726276,0.1691272012587912,0.20776324173686114,0.054433895238931364,0.05591718266242337,0.06575445392895404,0.06696692356883077,0.09255953542147362,0.09161051059070971,0.06351954618207795,0.06404337053660444,0.06937931367011277,0.8383065,0.84144145,0.86058396,0.81564885,0.61219513,0.72017545,0.7089431,0.69927007,0.5012499690055847,0.5580548411607742,0.7351499497890472,0.5580548411607742,0.253,253.0,0.3400124399302873,0.43879133153149485,0.42207248206919784,0.17648277488896663,0.24451684724877754,0.241282307714433,0.17790807870494849,0.18323442330873424,0.21039584533978323,0.06115520583386809,0.05874826369671776,0.0673537617775069,0.0773000986841462,0.09761911661191573,0.0874336562433035,0.06806797028514652,0.07144961125829966,0.06976368840110589,0.74365324,0.74412984,0.8442455,0.79384416,0.7601626,0.6907964,0.5979755,0.69073355,2026-10-06T09:19:17.514526
86,0.7982399463653564,0.5003697276115417,0.4303197105407715,0.7983902096748352,0.4303197105407715,0.8004007696151734,0.8813976515769959,1.9341700256347656,0.0765531498670578,1.7752027894973754,2.0,1.0,10.0,,,,,0.829390926361084,0.829390926361084,,,,16.495859643554688,0.46971604294458014,0.1772628546140756,,0.19811736237091623,0.636494239614268,0.14300611057573823,0.0016258396593865695,0.05187278742765545,0.7699963264404588,,0.006877841913974755,,74.24265201835875,17.767111213343917,,104.97728150969098,74.2593643771615,23.91936178268141,94.45543349928157,44.68332093840192,16.49584210146764,,0.6931471824645996,,0.10299667217739068,0.23101681594256382,,0.17737881829784174,0.12236341278833948,0.32530050425772455,0.009999944003903942,0.7345237082736508,0.2797018209840082,,,,0.3169,6338.0,0.87277466,0.87152636,0.890828,0.8833334,0.64347744,0.7488687,0.72667074,0.7503055,0.5090999603271484,0.6030711698532104,0.7219500541687012,0.6030711698532104,0.251,251.0,0.3531048861548741,0.42971680827846415,0.3829530128556056,0.1932486541821421,0.2656685421118836,0.20752652851069314,0.19935993260101795,0.20560407793321783,0.20022462179370257,0.06762950636685675,0.07853736329428983,0.07368093415907108,0.07655389795880725,0.14465102042277156,0.09470641319202641,0.06279526363613785,0.06987276933053709,0.059120373622695226,0.7095001,0.66727275,0.86395353,0.7654605,0.9069106,0.66417325,0.5204724,0.66515154,0.5057499408721924,0.5118774757385254,0.7596500515937805,0.5118774757385254,0.235,235.0,0.3259391720044505,0.433440141129325,0.40128337631912486,0.18148598476807265,0.2330680108640604,0.21444534491522635,0.19324715220055522,0.19850358566711276,0.19952750896041913,0.05106220165992142,0.0620663635567432,0.0584052192763795,0.06419109313580139,0.10977843136751286,0.07762832628051818,0.057947682300966814,0.05691227041175254,0.061505935785542684,0.858871,0.8585586,0.8620438,0.80763364,0.5995935,0.7100878,0.697561,0.6821168,0.5074249505996704,0.5574743227958678,0.7408000528812408,0.5574743227958678,0.243,243.0,0.33952202907966234,0.43157847470389454,0.39211819458736524,0.18736731947510737,0.249368276487972,0.21098593671295973,0.19630354240078657,0.20205383180016528,0.19987606537706085,0.059345854013389085,0.07030186342551652,0.06604307671772529,0.07037249554730432,0.1272147258951422,0.08616736973627229,0.06037147296855233,0.06339251987114482,0.06031315470411895,0.7841855,0.7629157,0.86299866,0.78654706,0.753252,0.6871305,0.6090167,0.6736342,2026-10-06T09:23:18.866226
87,0.7985522150993347,0.5006475448608398,0.42967495548725126,0.7985824942588806,0.42967495548725126,0.8003552248001099,0.8813470480918885,1.9210075685501098,0.08449121329188347,1.780729091835022,2.0,1.0,10.0,,,,,0.8332333782196045,0.8332333782196045,,,,16.476925036621093,0.4790944321330186,0.17465879530853526,,0.18949483368237308,0.6276388035458365,0.1406670247625773,0.0016356794394190857,0.05204051581158,0.7605076656220066,,0.006589575813212699,,74.20839973012353,17.746861573237524,,104.97804736483629,74.22552563126679,23.8948433019553,94.45319293562774,44.73920929052268,16.47691746122518,,0.6931471824645996,,0.10359473350890883,0.2321085180066953,,0.1781590189903405,0.12305747271533225,0.32681186677543983,0.010038391230212655,0.7384804506210765,0.2815040165831329,,,,0.3179,6358.0,0.8746792,0.88183653,0.8864105,0.8852488,0.6360592,0.7505253,0.72847307,0.7463544,0.4922500252723694,0.6035237851142883,0.7197999954223633,0.6035237851142883,0.26,260.0,0.3624992941659827,0.4497622194098649,0.39206565510437397,0.21505479687259776,0.32692394457953233,0.22120497795606392,0.21501428179007476,0.21454307961927652,0.224270469806665,0.06882686613344827,0.07234308401535482,0.07141605416764625,0.09892821699349325,0.11494747632452297,0.08364119969023576,0.07304036548132244,0.07179705258887661,0.06529822592309657,0.72150004,0.65999997,0.83217055,0.7743421,0.9085366,0.67440945,0.5098425,0.66553026,0.5148000121116638,0.4922381167411804,0.7676499485969543,0.4922381167411804,0.232,232.0,0.3308637506278319,0.4472017166556588,0.4109733025510296,0.18291104497783764,0.269390862808902,0.23625982001374907,0.1970908640294722,0.19978845275915588,0.2106369665124954,0.059441253487203936,0.06929766541990655,0.07018644327440964,0.07654110450524146,0.1210541370329857,0.09252906747135117,0.06789916113160141,0.06809123678133294,0.07190723946193997,0.85967743,0.85675675,0.87080294,0.81832063,0.6,0.7144737,0.7150407,0.70255476,0.5035250186920166,0.5478809509277344,0.7437249720096588,0.5478809509277344,0.246,246.0,0.3466815223969073,0.44848196803276186,0.4015194788277018,0.1989829209252177,0.29815740369421717,0.2287323989849065,0.20605257290977347,0.2071657661892162,0.2174537181595802,0.0641340598103261,0.07082037471763068,0.07080124872102794,0.08773466074936735,0.11800080667875434,0.08808513358079346,0.07046976330646193,0.06994414468510478,0.06860273269251826,0.79058874,0.7583784,0.85148674,0.7963314,0.7542683,0.69444156,0.6124416,0.6840425,2026-10-06T09:27:19.795931
88,0.7984102964401245,0.4968648850917816,0.42930488929748534,0.7983455061912537,0.42930488929748534,0.7970526416778565,0.8776775066375733,1.8993940908432008,0.08674597685337067,1.834129739189148,2.0,1.0,10.0,,,,,0.842056621170044,0.842056621170044,,,,16.461603015136717,0.4761219105807839,0.17853568646178883,,0.19137212244948004,0.6274873800338454,0.13924843602024825,0.0016081952163653009,0.05201901310378579,0.752340814585139,,0.006398495338422656,,74.174664539896,17.72584310155006,,104.9790623172833,74.19172129053979,23.871652032159695,94.45312286182573,44.804091556816346,16.461586848945373,,0.6931471824645996,,0.10426916779985854,0.23331911320898943,,0.1789571469186977,0.12375494814032961,0.3284522894841091,0.0101393736946355,0.7428035512092007,0.2837204096043945,,,,0.3182,6364.0,0.8661989,0.87873536,0.8976229,0.88171405,0.64221185,0.75468683,0.72225595,0.74391043,0.4984000325202942,0.5998343896865844,0.7185500264167786,0.5998343896865844,0.267,267.0,0.3563359891049934,0.45569044083912985,0.40052632958005474,0.1925796615202958,0.28150452711292656,0.2153334540884915,0.18894611575121248,0.19164909863546542,0.20321554651062443,0.07599138841009945,0.08946704703795032,0.08079954908762152,0.08836276729859512,0.111135671727788,0.08101632723612397,0.07653273377874731,0.07884680102907415,0.0713271459619647,0.72650003,0.67136365,0.83217055,0.76875,0.9077236,0.66850394,0.4937008,0.67121214,0.5035499930381775,0.48497754526138304,0.7706500291824341,0.48497754526138304,0.252,252.0,0.3435629705247124,0.431957171530279,0.4145744243714181,0.20621222486030674,0.22836026739366203,0.2386574345217165,0.21759319033562166,0.22139031947770743,0.23465688029260326,0.05275415330023801,0.05351731256995934,0.05909846652981058,0.06792312091896244,0.0889867770652867,0.08083324377289093,0.05640342885954192,0.05432095808904331,0.052439413507909,0.85967743,0.85900897,0.8883212,0.8122138,0.6081301,0.72105265,0.71178865,0.7010949,0.5009750127792358,0.5424059674739837,0.7446000277996063,0.5424059674739837,0.2595,259.5,0.3499494798148529,0.4438238061847044,0.40755037697573643,0.19939594319030127,0.2549323972532943,0.226995444305104,0.20326965304341707,0.20651970905658643,0.21893621340161384,0.06437277085516874,0.07149217980395484,0.06994900780871605,0.07814294410877878,0.10006122439653735,0.08092478550450745,0.06646808131914461,0.06658387955905873,0.06188327973493685,0.79308873,0.7651863,0.8602459,0.7904819,0.7579268,0.6947783,0.6027447,0.68615353,2026-10-06T09:31:20.504818
89,0.8005342483520508,0.5019327402114868,0.42487059712409975,0.8005874752998352,0.42487059712409975,0.7985109149932861,0.8792978142738342,1.905721181488037,0.08888428425788879,1.790088221168518,2.0,1.0,10.0,,,,,0.831638129234314,0.831638129234314,,,,16.447637884521484,0.41467538371587254,0.1563502137258554,,0.1791566092117577,0.6280637250584402,0.1363254403280225,0.0016052527501467307,0.051782668075838666,0.7391904045821754,,0.006859188599276185,,74.14043727801864,17.703124465456433,,104.97803550768809,74.15797361143076,23.84714052479738,94.45398163036177,44.863483550442254,16.447627170830017,,0.6931471824645996,,0.1048916107055488,0.23433033580992632,,0.17961686185211134,0.12445425033379512,0.33003236723553603,0.010205314690425137,0.7468590185900402,0.2860935717631298,,,,0.3205,6410.0,0.8736368,0.8746476,0.90211964,0.88082546,0.6417835,0.7556162,0.72098017,0.7558452,0.5005999803543091,0.5941009709835052,0.7174000144004822,0.5941009709835052,0.323,323.0,0.2934786164118361,0.46114604381631175,0.37888272169768183,0.1444134633573469,0.2934015050055387,0.17769838950155362,0.13080280641987752,0.1447904752904076,0.16537582037031492,0.06858748203923,0.06435951986131977,0.059444445299867234,0.06940450660838048,0.08608146815706669,0.05707807828890831,0.04926514164748561,0.0549749121371037,0.04638612423447968,0.7175,0.65818185,0.8426357,0.7717106,0.9081301,0.6590552,0.48425198,0.6844697,0.49079999327659607,0.4893552601337433,0.7648999691009521,0.4893552601337433,0.28,280.0,0.3314392754738473,0.46175447641141937,0.4102137470191539,0.18654580428889975,0.2638180588957598,0.2191137136230873,0.19752888066862248,0.21121440438719757,0.226510010192398,0.046407912420149064,0.0605781464700145,0.055084209276308756,0.05533310492752803,0.09754773986713189,0.07113193382061478,0.05448721272247379,0.05562199707294153,0.05507339665694941,0.8431452,0.84324324,0.8886861,0.8118321,0.6085366,0.70570177,0.7036586,0.7065694,0.4956999868154526,0.5417281155586242,0.7411499917507172,0.5417281155586242,0.3015,301.5,0.3124589459428417,0.4614502601138656,0.3945482343584179,0.1654796338231233,0.2786097819506492,0.19840605156232044,0.16416584354425,0.1780024398388026,0.19594291528135646,0.05749769722968953,0.062468833165667134,0.057264327288087995,0.062368805767954255,0.09181460401209929,0.06410500605476155,0.0518761771849797,0.05529845460502261,0.05072976044571455,0.78032255,0.7507125,0.8656609,0.7917713,0.7583333,0.6823785,0.5939553,0.69551957,2026-10-06T09:35:21.931938
90,0.7999423146247864,0.49955737590789795,0.4260895305156708,0.7996194362640381,0.4260895305156708,0.8025879641532898,0.8838278698921204,1.952646426010132,0.0903393937110901,1.7541560276031494,2.0,1.0,10.0,,,,,0.8399289322853088,0.8399289322853088,,,,16.435427304077148,0.4210528446847846,0.17588452530941764,,0.19634885263813148,0.6301675567961043,0.14527662871939362,0.0016068715422716774,0.051755149676731435,0.8606000574910717,,0.0066287656993884,,74.10696250769743,17.68269011625059,,104.97970775434166,74.12404943575525,23.82538904809648,94.45510106177846,44.92666103581714,16.43539851486303,,0.6931471824645996,,0.10556601889573844,0.23555816055103473,,0.18043853019832806,0.12513164449839076,0.33178288522799304,0.010359103299060445,0.7510374856602614,0.28860586539954897,,,,0.30455,6091.0,0.8780874,0.8710633,0.8961965,0.8794431,0.6484618,0.7549091,0.72264075,0.7466395,0.5074999332427979,0.5985088362693787,0.717799961566925,0.5985088362693787,0.259,259.0,0.3373450789928385,0.44541808618536244,0.3880856787771174,0.21074677589610938,0.28691523363606913,0.23635093388926498,0.19811180237430154,0.2072901803010387,0.22781627943616636,0.061527892478222386,0.07539103808539269,0.0664755909471806,0.07161291797654022,0.11082609513712552,0.07264438091587849,0.06028331452546096,0.06601843847139949,0.05892320000830703,0.7435,0.67318183,0.8271318,0.76480263,0.91056913,0.6622047,0.48149607,0.6757576,0.5096500515937805,0.49065486979484557,0.7678499817848206,0.49065486979484557,0.245,245.0,0.35945448163372234,0.4648089127198149,0.42391287790282556,0.2061093785304495,0.2551576143298539,0.23802462717656792,0.23521672799927862,0.24036218778733967,0.24936640908158314,0.055572841447418295,0.06079523013086674,0.05296028117086524,0.07036711585948466,0.09946635769547812,0.06944353723149253,0.06379672634055274,0.06226327608989889,0.05195188852858337,0.86008066,0.8635135,0.8883212,0.8129771,0.6097561,0.70482457,0.69796747,0.700365,0.5085749924182892,0.5445818530321122,0.7428249716758728,0.5445818530321122,0.252,252.0,0.34839978031328045,0.45511349945258867,0.4059992783399715,0.20842807721327944,0.2710364239829615,0.23718778053291645,0.21666426518679008,0.2238261840441892,0.23859134425887474,0.058550366962820344,0.06809313410812971,0.05971793605902292,0.07099001691801243,0.10514622641630182,0.07104395907368552,0.06204002043300685,0.0641408572806492,0.0554375442684452,0.80179036,0.7683477,0.8577265,0.7888899,0.7601626,0.6835146,0.58973175,0.6880613,2026-10-06T09:39:23.102468
91,0.8011276125907898,0.5014601349830627,0.42261585907936094,0.8009498119354248,0.42261585907936094,0.8053060030937195,0.8868479077339172,1.9560644491195678,0.08824880691170693,1.7865879425048827,2.0,1.0,10.0,,,,,0.8459181339263916,0.8459181339263916,,,,16.418865328979493,0.4007866960137513,0.16881586108238075,,0.1809628730888959,0.6412491870533888,0.14162396022658438,0.0015738277898502246,0.050709112921053436,0.8106295160806862,,0.006427895308232712,,74.07322085435223,17.661656130651,,104.98244845639368,74.09003069446345,23.805163207327485,94.45494876545706,44.98297685270856,16.41885139076573,,0.6931471824645996,,0.10622357695725314,0.23661903420071692,,0.18123263414877994,0.12580470721812764,0.3337500412373026,0.010486787363032626,0.7549730144488583,0.2904798462512387,,,,0.30465,6093.0,0.87860864,0.88111156,0.89433444,0.880865,0.6544003,0.75040406,0.71737546,0.7508554,0.500950038433075,0.6032599692344666,0.7163000702857971,0.6032599692344666,0.242,242.0,0.3586168825560638,0.44661057622396866,0.40437704436509225,0.24012252083895977,0.3305778333770069,0.26665582769741636,0.20688214990274792,0.22142016489500257,0.23952759852330355,0.056343938337096194,0.05339337455841583,0.05170045410326542,0.0699939444236738,0.092895904586832,0.06263574596747672,0.06381098791834737,0.06522065180857309,0.062178931126261834,0.73700005,0.6513637,0.8313953,0.7717106,0.9089431,0.6649607,0.47952756,0.6761364,0.503000020980835,0.4865514907836914,0.7678000926971436,0.4865514907836914,0.231,231.0,0.36239681401276724,0.48269370596011923,0.43862398462577196,0.2062100468494105,0.275339521236441,0.25183756254910056,0.237601570047676,0.2482913961483452,0.26687870482181375,0.0573732769239682,0.06098756599051462,0.06446005663740145,0.06972915187485554,0.09593211029231653,0.08175493103219296,0.059633520321779564,0.058695884406785845,0.057559360052376746,0.8560484,0.8608108,0.88065696,0.81603056,0.6089431,0.7017544,0.7,0.7120438,0.501975029706955,0.5449057300090789,0.7420500814914703,0.5449057300090789,0.2365,236.5,0.3605068482844155,0.46465214109204395,0.42150051449543213,0.22316628384418513,0.302958677306724,0.2592466951232585,0.22224185997521195,0.23485578052167388,0.25320315167255864,0.0568586076305322,0.05719047027446522,0.058080255370333435,0.06986154814926468,0.09441400743957426,0.07219533849983484,0.06172225412006346,0.061958268107679466,0.059869145589319286,0.7965242,0.75608724,0.8560262,0.79387057,0.7589431,0.68335754,0.58976376,0.6940901,2026-10-06T09:43:24.093665
92,0.8007502555847168,0.5001997947692871,0.4226133808851242,0.8007048964500427,0.4226133808851242,0.8066073048591613,0.8882937951087951,1.978941972732544,0.08555258133411407,1.7990303384780884,2.0,1.0,10.0,,,,,0.848779116821289,0.848779116821289,,,,16.40467366027832,0.4206072025855256,0.17521727521708058,,0.18795379365135909,0.6194252188608145,0.13755343662230832,0.0015565414854049517,0.05022458674587831,0.7411856111257699,,0.006479484738543285,,74.0391232921819,17.639739528583114,,104.98296812992946,74.05643322209643,23.783268582289384,94.4535422355506,45.03657091954711,16.40466598948096,,0.6931471824645996,,0.10686500906754451,0.23778488292435931,,0.18194071701757467,0.1264493463525347,0.3354924846986297,0.010626143277593099,0.7587929322461414,0.29266946482810247,,,,0.30745,6149.0,0.87880915,0.8729763,0.897504,0.88432074,0.64661217,0.7550101,0.7248886,0.74600816,0.5091000199317932,0.596360342502594,0.7222499847412109,0.596360342502594,0.249,249.0,0.3552133462261301,0.44371244708928037,0.4022646306733944,0.18906825057953655,0.27754943265023546,0.2185025358808585,0.17457214302761667,0.17854363486703365,0.1964232589960538,0.08094975083904375,0.07475439752750651,0.07620633043389352,0.10130164490676617,0.11416550092567268,0.09151119812017526,0.08063013451440704,0.07733811914397039,0.07362080537659066,0.74700004,0.67681825,0.8271318,0.77138156,0.9077236,0.6590552,0.5,0.6840909,0.49705004692077637,0.4827122311592102,0.769399881362915,0.4827122311592102,0.243,243.0,0.3165964009230585,0.42363109171845614,0.395140014941931,0.1720116672580638,0.2266350017788496,0.2199283613900647,0.17579270820099804,0.1824732329991609,0.20037445873544138,0.052601198336420185,0.05659556602824326,0.06193469217792742,0.07396251539813825,0.10711048025155061,0.08698471168797903,0.05972586512004167,0.057703977951117924,0.05802137683050888,0.8604839,0.85945946,0.8843066,0.8038168,0.61585367,0.7206141,0.7020325,0.7051095,0.5030750334262848,0.539536286830902,0.745824933052063,0.539536286830902,0.246,246.0,0.3359048735745943,0.43367176940386826,0.3987023228076627,0.18053995891880018,0.25209221721454256,0.2192154486354616,0.17518242561430736,0.1805084339330973,0.1983988588657476,0.06677547458773198,0.06567498177787488,0.06907051130591046,0.08763208015245222,0.11063799058861165,0.08924795490407714,0.07017799981722435,0.06752104854754415,0.06582109110354978,0.80374193,0.7681389,0.8557192,0.7875992,0.7617886,0.6898346,0.6010163,0.6946002,2026-10-06T09:47:25.524441
93,0.800624668598175,0.5009401440620422,0.4234605160236359,0.8003975749015808,0.4234605160236359,0.8060375909805297,0.8876607871055603,1.9608741649627686,0.07808032696247101,1.7670411725997925,2.0,1.0,10.0,,,,,0.8566332070350647,0.8566332070350647,,,,16.390054302978516,0.46122835064010254,0.17818052404720314,,0.1987821774403001,0.6257084722921347,0.1421726529670369,0.0016325076118446768,0.05192239803208667,0.8101325566601602,,0.006715569957013013,,74.0056389000765,17.619503203470995,,104.9861215968041,74.02266756288564,23.762075849399444,94.4515860976687,45.09094991501729,16.39003264068798,,0.6931471824645996,,0.10757769682225149,0.23903565194196763,,0.18286863519887256,0.127103976193507,0.33727155464470004,0.010714609371676186,0.7626727538503659,0.29489947276510253,,,,0.3165,6330.0,0.8721933,0.8758558,0.89025354,0.88206947,0.64084893,0.7579798,0.73068047,0.7542974,0.4976000189781189,0.5888665914535522,0.7220499515533447,0.5888665914535522,0.282,282.0,0.35109934481930954,0.43950770141759865,0.41726828947461764,0.20190923200211716,0.2723954073395474,0.23666014563870733,0.186234466325833,0.1920409183517242,0.2119423955936591,0.043861172725779794,0.05793647822555211,0.048137411582268724,0.047943907885545804,0.07529489469061573,0.0429204722025798,0.04716126355865841,0.048270818676672086,0.040614424274130326,0.7425,0.67636365,0.83565897,0.76611847,0.9081301,0.67007875,0.4964567,0.67651516,0.5159500241279602,0.48648910474777224,0.767799973487854,0.48648910474777224,0.251,251.0,0.3470226704832163,0.43184401220129465,0.41995021771210644,0.2057871878243095,0.2293447480367603,0.24121875244341473,0.2149954631257109,0.21225373287070848,0.22558662864851375,0.06313332546430792,0.06331323224644074,0.07066933881259484,0.07620724638076898,0.09700868460140932,0.09199593791189452,0.0632933228312612,0.06256239233915395,0.0643016007189478,0.85685486,0.8513514,0.879562,0.8152672,0.595122,0.7131579,0.71626014,0.7091241,0.5067750215530396,0.5376778481006622,0.7449249625205994,0.5376778481006622,0.26649999999999996,266.5,0.3490610076512629,0.43567585680944665,0.41860925359336204,0.20384820991321334,0.25087007768815384,0.23893944904106101,0.20061496472577195,0.20214732561121634,0.21876451212108644,0.05349724909504386,0.06062485523599642,0.05940337519743178,0.062075577133157395,0.08615178964601253,0.06745820505723715,0.05522729319495981,0.05541660550791302,0.052458012496539065,0.79967743,0.7638575,0.85761046,0.7906928,0.751626,0.6916183,0.6063584,0.6928196,2026-10-06T09:51:27.517775
94,0.8039047122001648,0.5008651614189148,0.4164514319181442,0.8036746382713318,0.4164514319181442,0.8059252804756164,0.8875359964370727,1.9674690084457398,0.08233288098573685,1.7917050046920777,2.0,1.0,10.0,,,,,0.8526548122406006,0.8526548122406006,,,,16.37280861816406,0.4285374004987015,0.16239633487098537,,0.18811212406511518,0.609064625896466,0.13556359694072395,0.0015289586296551238,0.049462852376708936,0.7820638083158784,,0.006488178674632885,,73.97127051869775,17.59892842724065,,104.98800275280217,73.9893022768057,23.740293053305074,94.44572059971512,45.152353128809835,16.372814992430865,,0.6931471824645996,,0.10817329253360725,0.24035004663998913,,0.18371938377808614,0.12777113705683665,0.33901614007676484,0.010779775975711026,0.7667157015982707,0.2969660290107606,,,,0.3118,6236.0,0.8823977,0.87805074,0.9033479,0.8849526,0.642757,0.75410104,0.72960716,0.7549695,0.496800035238266,0.6065760850906372,0.713949978351593,0.6065760850906372,0.277,277.0,0.3342551973653466,0.4504277322626856,0.39263750346071535,0.18157714767837438,0.2994062916495955,0.22772253052966557,0.1602749353109639,0.17133994896827875,0.18077508111184032,0.059857863275300405,0.06648995042108244,0.07710444932192817,0.07029370405870028,0.08628094141870285,0.08727789457701239,0.0534743237881302,0.057911273321153145,0.054960035782824934,0.6935,0.6604546,0.8387597,0.7667763,0.9089431,0.66181105,0.4944882,0.67083335,0.49080002307891846,0.48299689865112305,0.768200159072876,0.48299689865112305,0.238,238.0,0.34291257598719604,0.4490537543391393,0.4074825536304131,0.2059462102176349,0.25640488087426555,0.23777098450032297,0.21340258945108323,0.22113067862806796,0.22936212959095076,0.052851775155080764,0.05363821160148847,0.05829005949998661,0.07008798563271182,0.09229694142151522,0.08199934982720095,0.05902050654579059,0.05789217397975649,0.055338739944530924,0.8572581,0.8603604,0.8843066,0.80763364,0.602439,0.71359646,0.7166667,0.699635,0.4938000291585922,0.5447864918708801,0.7410750687122345,0.5447864918708801,0.2575,257.5,0.3385838866762713,0.44974074330091246,0.4000600285455642,0.19376167894800464,0.2779055862619305,0.23274675751499427,0.18683876238102357,0.19623531379817336,0.20506860535139554,0.05635481921519059,0.06006408101128545,0.06769725441095739,0.07019084484570605,0.08928894142010904,0.08463862220210666,0.05624741516696039,0.05790172365045482,0.05514938786367793,0.77537906,0.76040745,0.86153316,0.787205,0.75569105,0.6877037,0.60557747,0.6852342,2026-10-06T09:55:28.953742
95,0.800447940826416,0.5015122294425964,0.4237825788497925,0.80037522315979,0.4237825788497925,0.8051164497375488,0.8866372987747192,1.9485120483398437,0.0819076532125473,1.806956637763977,2.0,1.0,10.0,,,,,0.8611237690925598,0.8611237690925598,,,,16.360238931274413,0.4877965150365404,0.17945559166229455,,0.20816075208650273,0.5990383691468816,0.13518696752892936,0.0016101940785635523,0.05073401407831034,0.7452959781809217,,0.006576428184683203,,73.93774438359935,17.577660117179725,,104.99122201713027,73.95562452571407,23.717975774388403,94.44235142021422,45.20619857690896,16.360234436715483,,0.6931471824645996,,0.10881099987561536,0.24126249504317143,,0.18456828318963384,0.1284237833349568,0.34067878943340035,0.010898381756369476,0.7704512393398649,0.29942589675544934,,,,0.3162,6324.0,0.87993187,0.8775473,0.8930863,0.8800553,0.64375,0.75137377,0.72300524,0.7550509,0.5052000880241394,0.591338408946991,0.7213500142097473,0.591338408946991,0.26,260.0,0.3735562540457935,0.4756122633078544,0.4205323795512194,0.22346750750401062,0.31558335609169796,0.2394594111345196,0.19969504430389245,0.20768618779397524,0.21901637295340715,0.0791697159502353,0.07141478952629987,0.0778044000271104,0.0936790922468284,0.10635648566232095,0.08859020821244361,0.08638205326831405,0.08388576322832274,0.07663318992210877,0.72300005,0.675,0.8364341,0.77236843,0.9081301,0.66456693,0.49527562,0.68560606,0.4967500567436218,0.4852860317230225,0.7662500143051147,0.4852860317230225,0.234,234.0,0.33177898426001895,0.4388001041484587,0.40879314460946337,0.1967212914935533,0.24202186204548606,0.2294669634487643,0.19544314112941286,0.19963394466401754,0.2162748628285301,0.055148748466948484,0.05563117436027859,0.06564931465786024,0.07019124718018749,0.08902706167568639,0.08504722833996345,0.05844335113693914,0.054689760591291464,0.061405482940904775,0.85040325,0.85450447,0.8883212,0.81030536,0.6077236,0.70000005,0.7154471,0.6974453,0.5009750723838806,0.5383122203350067,0.743800014257431,0.5383122203350067,0.247,247.0,0.35266761915290623,0.4572061837281566,0.41466276208034136,0.21009439949878195,0.278802609068592,0.23446318729164195,0.19756909271665266,0.2036600662289964,0.21764561789096862,0.06715923220859189,0.06352298194328923,0.07172685734248532,0.08193516971350795,0.09769177366900367,0.08681871827620352,0.07241270220262659,0.0692877619098071,0.06901933643150678,0.7867017,0.76475227,0.86237764,0.7913369,0.7579268,0.6822835,0.60536134,0.6915257,2026-10-06T09:59:31.331119
96,0.8021922707557678,0.5012975335121155,0.4187824693202972,0.8022022247314453,0.4187824693202972,0.8058541962623597,0.8874570156097412,1.9550216175079345,0.07675732659101486,1.7946402626037599,2.0,1.0,10.0,,,,,0.8610460631370545,0.8610460631370545,,,,16.350419180297852,0.39514194735011476,0.14640864392351002,,0.17815729057428184,0.6181633210485908,0.13614786655944625,0.0015450350849023147,0.049048389658142046,0.7379716324388601,,0.0065955358845104645,,73.90486052689279,17.55830927563321,,104.99407137731079,73.92224752827055,23.69492805383767,94.44083744705102,45.25714565690156,16.350413668687178,,0.6931471824645996,,0.10950209095979192,0.24271796434927898,,0.18539517633854205,0.1290904343318028,0.3422900326312727,0.010955561011744911,0.7740502949732884,0.30193620559516227,,,,0.30625,6125.0,0.8707498,0.87760776,0.8978407,0.88370854,0.65058416,0.75448483,0.72527343,0.7579837,0.5095500349998474,0.591639331817627,0.7191000580787659,0.591639331817627,0.244,244.0,0.35950158703607427,0.4447940318673938,0.40583432002717923,0.20170669493826762,0.27812001613150505,0.23689533847798938,0.19846487066536747,0.20693333250836884,0.21603078662606048,0.08558964126723431,0.08219867540182337,0.08090944478766905,0.09807884181254589,0.08856694369905395,0.0912155933806043,0.08387079598924567,0.08258036048474553,0.07546131104693386,0.7335,0.67454547,0.82751936,0.76611847,0.9089431,0.6566929,0.50275594,0.67651516,0.4927000105381012,0.4854007892608643,0.7684499621391296,0.4854007892608643,0.253,253.0,0.33127382547394546,0.4446024639033504,0.3955610701681731,0.19521044985784872,0.2724819013032125,0.21669079549292888,0.1978250101400948,0.20933408048851057,0.21159685460316954,0.04994403785305949,0.05819022870652215,0.055460788427333166,0.0659087321151432,0.09865480118333068,0.07168347897964733,0.05809124351738474,0.05951672283769342,0.056299345013436954,0.86129034,0.8626126,0.8886861,0.8080152,0.5987805,0.70614034,0.7166667,0.7007299,0.5011250227689743,0.5385200605392456,0.7437750101089478,0.5385200605392456,0.2485,248.5,0.34538770625500986,0.4446982478853721,0.40069769509767617,0.19845857239805817,0.27530095871735877,0.22679306698545915,0.19814494040273112,0.2081337064984397,0.213813820614615,0.0677668395601469,0.07019445205417275,0.06818511660750111,0.08199378696384454,0.09361087244119232,0.08144953618012582,0.07098101975331521,0.07104854166121947,0.06588032803018541,0.79739517,0.768579,0.85810274,0.7870668,0.7538618,0.68141663,0.6097113,0.68862253,2026-10-06T10:03:31.799587
97,0.8028199076652527,0.5026477575302124,0.4172926823139191,0.8026750683784485,0.4172926823139191,0.8050528069496155,0.8865665801048279,1.959923530960083,0.08091419488191605,1.7643031621932983,2.0,1.0,10.0,,,,,0.8694523582458497,0.8694523582458497,,,,16.340150759887695,0.467570569152665,0.17338656031402053,,0.18792829306641962,0.6248916499553971,0.1340173647092406,0.0014931840027213857,0.04816290732639231,0.7700017530257535,,0.005454035790987123,,73.87133395444056,17.53731524716517,,104.99458959300047,73.88880040843016,23.674692044592206,94.43723238805298,45.305685735811856,16.3401472857044,,0.6931471824645996,,0.11015607193586932,0.24391410343206613,,0.18610390774004018,0.12972927862291883,0.34411127400246394,0.011023473712336865,0.7775748926363174,0.3045163879728621,,,,0.30885,6177.0,0.88125503,0.8811317,0.90186214,0.88420224,0.6389408,0.7527879,0.72857434,0.7535234,0.4924500286579132,0.5829844911098481,0.7247500419616699,0.5829844911098481,0.257,257.0,0.3482807385536557,0.4508987399162072,0.39628134191453357,0.17796165077948228,0.24323652329871082,0.1845571488631317,0.18921826530367752,0.20312176387024788,0.2169545136016878,0.08675909747349114,0.08961691203279507,0.08672619773713658,0.10204849293720714,0.11465415558980711,0.10027463566721012,0.08098314544534202,0.08230874104186992,0.07086802859281031,0.71950006,0.65999997,0.8472868,0.76907897,0.9081301,0.66456693,0.53346455,0.68295455,0.4906500279903412,0.48933895874023436,0.7656499147415161,0.48933895874023436,0.215,215.0,0.36622925221048486,0.46959985718304414,0.42674628872288417,0.21170875267800218,0.27055293885201365,0.24614864509762455,0.24004439517829299,0.24709451621070044,0.24898046970100918,0.040275553325068214,0.04884380973525534,0.047945809301622094,0.058596850940038275,0.0903345025878099,0.0759140452953114,0.04590029952472341,0.04541340063887018,0.04866708459792663,0.8592742,0.85675675,0.8832117,0.8091603,0.57967484,0.7188597,0.7264227,0.6890511,0.4915500283241272,0.5361617249250412,0.745199978351593,0.5361617249250412,0.236,236.0,0.3572549953820703,0.4602492985496257,0.4115138153187089,0.19483520172874225,0.2568947310753622,0.21535289698037813,0.21463133024098524,0.22510814004047416,0.2329674916513485,0.06351732539927968,0.0692303608840252,0.06733600351937934,0.0803226719386227,0.10249432908880851,0.08809434048126076,0.06344172248503271,0.06386107084037004,0.059767556595368476,0.7893871,0.7583784,0.8652493,0.7891196,0.74390244,0.69171333,0.6299436,0.68600285,2026-10-06T10:07:32.744162
98,0.803312361240387,0.5004674792289734,0.417599494433403,0.8031600713729858,0.417599494433403,0.8054847603797912,0.8870465316772461,1.9606189878463745,0.07803141585588455,1.8024701276779176,2.0,1.0,10.0,,,,,0.8694985498428345,0.8694985498428345,,,,16.32762413635254,0.39525847402727526,0.16200837374302993,,0.1846406512484429,0.6245633641815489,0.14443740149022669,0.0015232265206902129,0.04968660161088986,0.799329705868557,,0.006097836926291032,,73.83780227952703,17.516576183829336,,104.99426167482024,73.85539697537756,23.653851175004508,94.43425089842195,45.36192190571196,16.327631506950233,,0.6931471824645996,,0.11074876016492297,0.24502969917598044,,0.18682266221304608,0.13039887985985749,0.3459083650522171,0.011120518343226546,0.7813453036508743,0.30686461982453705,,,,0.30795,6159.0,0.87975144,0.87724525,0.89902925,0.8825435,0.6460086,0.7561212,0.7300931,0.75527495,0.49034997820854187,0.5935428519248962,0.7257000207901001,0.5935428519248962,0.281,281.0,0.33048486436804536,0.40500542047336474,0.3849444419585644,0.2139142345319151,0.2543533503266539,0.23909952234732232,0.16358454912697035,0.1637351508272572,0.18200563652585505,0.07484338565183773,0.07745914194336587,0.07818964796326673,0.08998081930721817,0.1069147769882581,0.09171363615081775,0.061898798730409994,0.05640228333349862,0.0505444412271188,0.7275,0.6736364,0.8310078,0.77500004,0.90934956,0.6692913,0.51417327,0.694697,0.49469998478889465,0.4847887921333313,0.7701500058174133,0.4847887921333313,0.238,238.0,0.32776024857221,0.4377515725303699,0.40048349166423686,0.18866565363862614,0.2572833707316992,0.22918716415746082,0.1971862871258649,0.20309883757539068,0.21442218782656616,0.05940727995716344,0.0631505796198047,0.062137475816449586,0.08514001669166231,0.11101814716731738,0.08936297059918744,0.06569788819542499,0.06276585087777825,0.060788198856736024,0.85645163,0.8608108,0.88467157,0.8133588,0.6056911,0.70964915,0.70975614,0.71496356,0.49252498149871826,0.5391658220291138,0.7479250133037567,0.5391658220291138,0.2595,259.5,0.32912255647012767,0.4213784965018673,0.39271396681140064,0.20128994408527062,0.25581836052917656,0.23414334325239156,0.18038541812641762,0.18341699420132396,0.1982139121762106,0.06712533280450059,0.0703048607815853,0.07016356188985816,0.08756041799944024,0.10896646207778773,0.0905383033750026,0.06379834346291749,0.05958406710563843,0.05566632004192741,0.79197586,0.7672236,0.8578397,0.79417944,0.7575203,0.68947023,0.6119647,0.7048303,2026-10-06T10:11:34.301467
99,0.8047348856925964,0.4991101026535034,0.4148264984846115,0.8042023777961731,0.4148264984846115,0.8080020436286927,0.8898435161590577,1.988120869064331,0.07583153477907181,1.818075906944275,2.0,1.0,10.0,,,,,0.8770159116744995,0.8770159116744995,,,,16.31642775878906,0.4549033601003088,0.1466427391311925,,0.18029822190855718,0.6000764641412504,0.13997315947607064,0.0015842877413668212,0.05064581328658921,0.8032365453660868,,0.006161868418374093,,73.8037411635089,17.494394958398903,,104.99792315246194,73.82209500841275,23.635226352958924,94.43495615576482,45.427298163152805,16.316430012891246,,0.6931471824645996,,0.11131698277535712,0.24615449216335442,,0.187678870881439,0.13103750813159215,0.347839710249263,0.01123042501936293,0.7854012182563733,0.3092875511023649,,,,0.30395,6079.0,0.8864475,0.8785743,0.9057844,0.8839258,0.6392718,0.7570303,0.7268125,0.75668025,0.5005500316619873,0.5826722316741944,0.7290001511573792,0.5826722316741944,0.256,256.0,0.34777919086854303,0.4547229468266034,0.39629443557654304,0.20055913785296967,0.2873382151390713,0.21156318096121224,0.1685089861993333,0.17075370516403707,0.1794611786494338,0.05164630444641452,0.05734351994983174,0.05349892907544746,0.05181869398590023,0.06498619069282074,0.046701287306487635,0.04676717206626545,0.04507802425321611,0.033307300484429904,0.75,0.68454546,0.84573644,0.77138156,0.9089431,0.67244095,0.4937008,0.70037884,0.4926999509334564,0.4826958739757538,0.7704001069068909,0.4826958739757538,0.258,258.0,0.33641731948045045,0.45228021108371785,0.410094245101933,0.19596145942184265,0.26610199295007725,0.23260352191329947,0.2000505123319863,0.20840459260504415,0.20387669210449222,0.061723598809025025,0.065866856765637,0.0667787629107167,0.07062472328252924,0.10095478675475941,0.08505561045857599,0.065753971184062,0.06365822143257159,0.06200017226654036,0.8604839,0.8648649,0.8886861,0.81450385,0.6,0.70964915,0.7089431,0.7105839,0.49662499129772186,0.5326840528249741,0.749700129032135,0.5326840528249741,0.257,257.0,0.34209825517449677,0.45350157895516063,0.403194340339238,0.19826029863740616,0.27672010404457426,0.22208335143725585,0.18427974926565982,0.1895791488845406,0.191668935376963,0.056684951627719776,0.06160518835773437,0.060138845993082085,0.061221708634214736,0.08297048872379008,0.0658784488825318,0.05626057162516372,0.05436812284289385,0.04765373637548513,0.80524194,0.7747052,0.8672113,0.7929427,0.75447154,0.69104505,0.60132194,0.7054814,2026-10-06T10:15:35.611138
