epoch,train_eval_mode_acc,train_shuffled_message_acc,train_loss,train_acc,train_combined_loss,train_realised_survival,train_unmixed_survival,train_logit_margin,train_logit_prior_share,train_logit_spread,train_logit_scale,train_sampling_tau,train_pool_effective_examples,train_pool_score_norm,train_pool_score_sd,train_prototyper_mix_share,train_prototyper_within_share,train_referent_spread,train_referent_spread_backbone,train_polarity_separation,train_score_scale,train_score_bias,train_bilinear_weight_norm,train_clip_sender_vision,train_clip_sender_adapter,train_clip_sender_prototyper,train_clip_sender_language_model,train_clip_receiver_vision,train_clip_receiver_adapter,train_clip_receiver_token_embedding,train_clip_receiver_language_model,train_clip_receiver_discriminator,train_clip_log_score_scale,train_clip_log_logit_scale,train_clip_other,train_weight_sender_vision,train_weight_sender_adapter,train_weight_sender_prototyper,train_weight_sender_language_model,train_weight_receiver_vision,train_weight_receiver_adapter,train_weight_receiver_token_embedding,train_weight_receiver_language_model,train_weight_receiver_discriminator,train_weight_log_score_scale,train_weight_log_logit_scale,train_weight_other,train_drift_sender_vision,train_drift_sender_adapter,train_drift_sender_prototyper,train_drift_sender_language_model,train_drift_receiver_vision,train_drift_receiver_adapter,train_drift_receiver_token_embedding,train_drift_receiver_language_model,train_drift_receiver_discriminator,train_drift_log_score_scale,train_drift_log_logit_scale,train_drift_other,train_unique_message_fraction,train_unique_message_count,train_acc_md_and_color_color,train_acc_md_or_color_color,train_acc_md_color,train_acc_md_shape,train_acc_md_and_shape_shape,train_acc_md_and_color_shape,train_acc_md_or_shape_shape,train_acc_md_or_color_shape,test_shuffled_message_acc,test_loss,test_acc,test_combined_loss,test_unique_message_fraction,test_unique_message_count,test_topsim_s1,test_topsim_s2,test_topsim_s3,test_topsim_s4,test_topsim_s5,test_topsim_s6,test_topsim_s1_static,test_topsim_s2_static,test_topsim_s3_static,test_topsim_gt_s1,test_topsim_gt_s2,test_topsim_gt_s3,test_topsim_gt_s4,test_topsim_gt_s5,test_topsim_gt_s6,test_topsim_gt_s1_static,test_topsim_gt_s2_static,test_topsim_gt_s3_static,test_acc_md_and_color_color,test_acc_md_or_color_color,test_acc_md_color,test_acc_md_shape,test_acc_md_and_shape_shape,test_acc_md_and_color_shape,test_acc_md_or_shape_shape,test_acc_md_or_color_shape,test_same_shuffled_message_acc,test_same_loss,test_same_acc,test_same_combined_loss,test_same_unique_message_fraction,test_same_unique_message_count,test_same_topsim_s1,test_same_topsim_s2,test_same_topsim_s3,test_same_topsim_s4,test_same_topsim_s5,test_same_topsim_s6,test_same_topsim_s1_static,test_same_topsim_s2_static,test_same_topsim_s3_static,test_same_topsim_gt_s1,test_same_topsim_gt_s2,test_same_topsim_gt_s3,test_same_topsim_gt_s4,test_same_topsim_gt_s5,test_same_topsim_gt_s6,test_same_topsim_gt_s1_static,test_same_topsim_gt_s2_static,test_same_topsim_gt_s3_static,test_same_acc_md_and_color_color,test_same_acc_md_or_color_color,test_same_acc_md_color,test_same_acc_md_shape,test_same_acc_md_and_shape_shape,test_same_acc_md_and_color_shape,test_same_acc_md_or_shape_shape,test_same_acc_md_or_color_shape,test_avg_shuffled_message_acc,test_avg_loss,test_avg_acc,test_avg_combined_loss,test_avg_unique_message_fraction,test_avg_unique_message_count,test_avg_topsim_s1,test_avg_topsim_s2,test_avg_topsim_s3,test_avg_topsim_s4,test_avg_topsim_s5,test_avg_topsim_s6,test_avg_topsim_s1_static,test_avg_topsim_s2_static,test_avg_topsim_s3_static,test_avg_topsim_gt_s1,test_avg_topsim_gt_s2,test_avg_topsim_gt_s3,test_avg_topsim_gt_s4,test_avg_topsim_gt_s5,test_avg_topsim_gt_s6,test_avg_topsim_gt_s1_static,test_avg_topsim_gt_s2_static,test_avg_topsim_gt_s3_static,test_avg_acc_md_and_color_color,test_avg_acc_md_or_color_color,test_avg_acc_md_color,test_avg_acc_md_shape,test_avg_acc_md_and_shape_shape,test_avg_acc_md_and_color_shape,test_avg_acc_md_or_shape_shape,test_avg_acc_md_or_color_shape,timestamp
0,0.5049125552177429,0.5017926096916199,1.0128855147361755,0.5049852132797241,1.0128855147361755,0.3469706597089767,0.37758643701076505,1.1708300626754762,0.9512310294151306,1.0321248084068297,1.004102702331543,1.0,10.0,,,,,0.19741906661987305,0.19741906661987305,,,,18.45075496826172,0.004836466292973762,0.007909396539477833,,0.06662699568328584,0.30389651304976956,0.46401041812577826,0.007078922894237575,0.37737416822439546,0.5966989602063112,,0.006129607030349579,,77.30893697556417,19.550096949194646,,103.88800267505039,77.22987040137029,26.137423290568552,95.21616800879217,39.063771533358626,18.45075071541367,,0.004149372065083901,,0.006045747368899026,0.014507549537559318,,0.009354604359947524,0.004685403227844649,0.022484606214959152,0.0005416677207452435,0.03351335971361133,0.028039543044154243,,,,0.73655,14731.0,0.4901564,0.51631093,0.517294,0.5135663,0.50809973,0.49569696,0.4922236,0.50602853,0.5040500164031982,1.0118984942436218,0.5604000091552734,1.0118984942436218,0.002,2.0,0.44933311725353287,0.4484128974063316,0.4484068197415497,0.32901887318971434,0.32901887318971434,0.32901887318971434,0.32901887318971434,0.32901887318971434,0.32901887318971434,0.003087325420120911,0.0031582516019356666,0.003099157606798446,0.001663169014661401,0.001663169014661401,0.001663169014661401,0.001663169014661401,0.001663169014661401,0.001663169014661401,0.5895,0.6259091,0.6085271,0.50296056,0.5280488,0.5385827,0.5728347,0.5420455,0.49924999475479126,1.0710800704956054,0.5422000288963318,1.0710800704956054,0.002,2.0,0.36841363893110446,0.36734141552828453,0.36732338552216726,0.275318168594634,0.275318168594634,0.275318168594634,0.275318168594634,0.275318168594634,0.275318168594634,-0.007817121622045179,-0.008051259056666116,-0.007999367387099518,-0.01069808040578064,-0.01069808040578064,-0.01069808040578064,-0.01069808040578064,-0.01069808040578064,-0.01069808040578064,0.55040324,0.53963965,0.6156934,0.5335878,0.5081301,0.54473686,0.52723575,0.5135036,0.5016500055789948,1.0414892823696136,0.5513000190258026,1.0414892823696136,0.002,2.0,0.40887337809231866,0.40787715646730804,0.4078651026318585,0.30216852089217416,0.30216852089217416,0.30216852089217416,0.30216852089217416,0.30216852089217416,0.30216852089217416,-0.0023648981009621343,-0.0024465037273652245,-0.0024501048901505356,-0.0045174556955596195,-0.0045174556955596195,-0.0045174556955596195,-0.0045174556955596195,-0.0045174556955596195,-0.0045174556955596195,0.56995165,0.5827744,0.61211026,0.5182742,0.5180894,0.5416598,0.55003524,0.5277746,2026-10-05T20:32:58.823861
1,0.5849850177764893,0.5006474852561951,0.8856756193161011,0.5833703279495239,0.8856756193161011,0.5354801346302033,0.5870414046764374,1.5650606797218323,0.4563151741504669,1.3445764081001281,1.1041958934783935,1.0,10.0,,,,,0.4887537955760956,0.4887537955760956,,,,18.41871780090332,0.13294491641650533,0.034889948156893634,,0.11343957633254634,0.4720061954798972,0.5904434506016173,0.0033483523845814975,0.15943288874284478,1.528579081034964,,0.012046734098742485,,77.27419300443808,19.54604693127286,,103.89964027161811,77.19358971468202,26.118975402443272,95.21650098083884,39.11539191956733,18.418692206121555,,0.09815998849975076,,0.021595907261132436,0.04572330970483221,,0.024337501650687994,0.010586972081452418,0.0406059517175149,0.0007995781822391091,0.08010018991816575,0.04557114509735138,,,,0.4926,9852.0,0.6251805,0.6007853,0.7216918,0.5190759,0.51674455,0.5917172,0.51014584,0.58230144,0.5044000148773193,0.8450618243217468,0.6053000688552856,0.8450618243217468,0.022,22.0,0.4042108934702146,0.4074271574706242,0.40777843629367266,0.31709029705668135,0.26537748917362713,0.3188272672260261,0.3777400652968626,0.37560820054451693,0.3796852475432934,0.009197396993630546,0.009044525443526078,0.01147104031836878,0.012662491434754966,0.009150142215996901,0.01637048561823655,0.010252292429330203,0.009900120202195583,0.013286556578666975,0.69699997,0.7386364,0.70000005,0.51085526,0.5081301,0.6169291,0.503937,0.61780304,0.508899986743927,0.8265228238105774,0.6066999435424805,0.8265228238105774,0.023,23.0,0.45299419734445373,0.4660249408427237,0.4632587247025071,0.37568159193636635,0.36126651944836424,0.3802100868780756,0.42673649704109295,0.44037766990491234,0.4340848903256101,0.00518536768928084,0.003076514807633858,0.005688833651167877,0.006869665474293776,0.009033929387053255,0.007565484315353479,0.00359153700476259,0.0039008643601451012,0.004399530072130898,0.6862903,0.65450454,0.79817516,0.49732825,0.50528455,0.5956141,0.5093496,0.59671533,0.5066500008106232,0.8357923240661621,0.6060000061988831,0.8357923240661621,0.0225,22.5,0.42860254540733417,0.43672604915667396,0.4355185804980899,0.3463859444965238,0.31332200431099566,0.34951867705205086,0.40223828116897775,0.40799293522471464,0.40688506893445175,0.007191382341455693,0.006060520125579968,0.00857993698476833,0.00976607845452437,0.009092035801525077,0.011967984966795015,0.006921914717046397,0.0069004922811703425,0.008843043325398937,0.69164515,0.69657046,0.7490876,0.50409174,0.5067073,0.6062716,0.5066433,0.60725915,2026-10-05T20:37:11.832204
2,0.6068024635314941,0.49849754571914673,0.8280135837554932,0.6071574091911316,0.8280135837554932,0.673112635231018,0.7399663965225219,2.0965488191604615,0.2944488004207611,1.8219279451370238,1.2643096382141112,1.0,10.0,,,,,0.5452938960075379,0.5452938960075379,,,,18.383091467285155,0.11571346172339218,0.047003857957519546,,0.12313877996413192,0.5574236538759463,0.6428065385408462,0.002013701711600397,0.08993050214021829,2.3617106095241134,,0.0072128452404378466,,77.24365433613966,19.523605881223254,,103.90499508608679,77.15636682206659,26.101717153172583,95.21606275230457,39.17492789979194,18.38306544844512,,0.23399283988460615,,0.02758199054819004,0.060688332102860613,,0.03178710756218357,0.015788435319047067,0.05370687826234064,0.0009571074276041406,0.11215682000301447,0.050045193855170235,,,,0.3444,6888.0,0.69526863,0.66675395,0.7729794,0.5009281,0.50512075,0.61565655,0.49771163,0.6046843,0.5060999989509583,0.8366033720970154,0.6060999631881714,0.8366033720970154,0.016,16.0,0.4616359570451022,0.4623358570466448,0.46444892644016744,0.39928864307707973,0.3767832420299206,0.3991760201153746,0.4252102983969314,0.4247015259960195,0.42308902463655235,0.035555926989261244,0.03607385509104327,0.03499515688212343,0.03901149185938087,0.04731011607414399,0.038897280029696196,0.03681073681651984,0.039228593684474344,0.03756037945200834,0.70199996,0.7468182,0.70348835,0.51085526,0.5142276,0.60590553,0.5,0.6185606,0.5060499906539917,0.8190314784049988,0.6122498512268066,0.8190314784049988,0.019,19.0,0.4689501094228224,0.46979524614578877,0.4744266215949718,0.3990779704693642,0.39586967042260784,0.39874296628321393,0.4094560152759515,0.40897083257764844,0.4030673001160056,0.010359377856206263,0.009207132412329943,0.009407338438540774,0.014211968892603503,0.016645548862379744,0.014115046873473702,0.02021253599587097,0.01970503362058988,0.01970452593106579,0.70322585,0.65855855,0.79890513,0.5,0.5146342,0.59605265,0.5126016,0.6036497,0.506074994802475,0.8278174252510071,0.609174907207489,0.8278174252510071,0.0175,17.5,0.4652930332339623,0.46606555159621676,0.4694377740175696,0.399183306773222,0.3863264562262642,0.39895949319929425,0.41733315683644145,0.416836179286834,0.413078162376279,0.022957652422733753,0.022640493751686606,0.022201247660332102,0.026611730375992185,0.031977832468261864,0.02650616345158495,0.028511636406195404,0.029466813652532113,0.028632452691537066,0.7026129,0.70268834,0.75119674,0.5054276,0.5144309,0.6009791,0.5063008,0.61110514,2026-10-05T20:41:25.285583
3,0.6083652973175049,0.5023074746131897,0.8142724032402039,0.6081974506378174,0.8142724032402039,0.7201445708274842,0.7922241053581238,2.2257172729492187,0.21224985054731368,2.133677409172058,1.3710789581298828,1.0,10.0,,,,,0.6089831683158875,0.6089831683158875,,,,18.35214805908203,0.13708904390608903,0.052328500235275285,,0.13055231920473134,0.6031920208482985,0.6274353457009716,0.0015056216208765485,0.060992293320833495,2.7668688065686804,,0.0049915347801844714,,77.20956406319976,19.50011170745655,,103.90802274084395,77.11839887291003,26.079928197678488,95.21534937961846,39.15772937361602,18.352121875544263,,0.3154555957788115,,0.030637297138666652,0.06997897419010758,,0.037141765877129924,0.019183396996491273,0.06382280690180268,0.0010923540396141304,0.12197867477205908,0.05368835125474414,,,,0.30015,6003.0,0.70651567,0.6749094,0.77169174,0.49551737,0.4985008,0.61840403,0.4975294,0.60472506,0.5009999871253967,0.817870668888092,0.6079999804496765,0.817870668888092,0.027,27.0,0.5014725021837823,0.4951684181920763,0.5022120119584846,0.5099467197692447,0.508167694113101,0.5086347927982839,0.45901489331641226,0.4575300923863114,0.45125179030018187,0.029433209553182838,0.0294955915957168,0.02955421660133795,0.04505536382227382,0.050015109981013654,0.04633238453908812,0.04500880777775657,0.04591704337272923,0.044781177260614674,0.688,0.7468182,0.7073643,0.5167763,0.52073175,0.62165356,0.4976378,0.61401516,0.4975999891757965,0.8062316799163818,0.612500011920929,0.8062316799163818,0.033,33.0,0.46166659001293636,0.4559042248968193,0.46482239780426426,0.4428258637124806,0.43777744496767174,0.4440242025588679,0.4241722820194709,0.41870235040179316,0.4207801411858348,0.0030875237512881693,0.0023493039464415866,0.0033057137132784264,0.013235538964321222,0.011664180532535174,0.013770001446257193,0.00692072582939887,0.007911839255128719,0.005880163264110679,0.6875,0.6846847,0.79890513,0.49847332,0.50487804,0.6144737,0.50691056,0.5985401,0.4992999881505966,0.812051174402237,0.6102499961853027,0.812051174402237,0.03,30.0,0.48156954609835934,0.4755363215444478,0.48351720488137445,0.47638629174086267,0.47297256954038636,0.4763294976785759,0.44159358766794155,0.43811622139405226,0.4360159657430083,0.016260366652235504,0.015922447771079193,0.01642996515730819,0.029145451393297522,0.030839645256774413,0.030051192992672657,0.025964766803577722,0.026914441313928974,0.025330670262362676,0.68775,0.7157514,0.7531347,0.5076248,0.51280487,0.6180636,0.50227416,0.60627764,2026-10-05T20:45:38.594952
4,0.6079973578453064,0.5014401078224182,0.809430153465271,0.608039915561676,0.809430153465271,0.7593646211624145,0.8358019318580627,2.3583289365768434,0.23650041432380675,2.956993614578247,1.444888196182251,1.0,10.0,,,,,0.6858894150733947,0.6858894150733947,,,,18.32264938354492,0.06828342259203078,0.06395889991585901,,0.12231505046758777,0.6935372701875723,0.7198350197000868,0.0011279939007975018,0.048416261507827005,3.591065880599295,,0.003976461809491116,,77.17547510232136,19.48214125177663,,103.91357183760138,77.08023294825463,26.05065201194423,95.21373573837766,39.14643711648929,18.32262763248128,,0.36801467086099515,,0.033446438302090216,0.08187467296412036,,0.0428846048036958,0.021982746269957276,0.07030189037322998,0.001150256506268196,0.13193864731272315,0.05656843594494899,,,,0.236,4720.0,0.71186846,0.665445,0.773653,0.4971959,0.49916276,0.6207071,0.5015593,0.5967617,0.5015999674797058,0.8047108478546142,0.6088998913764954,0.8047108478546142,0.028,28.0,0.4680300668381744,0.4668953543450262,0.4687164698197316,0.4319324837051794,0.4103025192970458,0.4312203261241389,0.429215647458921,0.42745818450207235,0.4272909868868873,0.05533196627830749,0.056231147500584465,0.05837956746229703,0.06526398349931457,0.06040002757274564,0.06960101572173623,0.06868968507820816,0.06926563090040867,0.07293463721047985,0.693,0.7468182,0.70348835,0.5141447,0.5239838,0.618504,0.5,0.6215909,0.4959999620914459,0.7878034281730651,0.6142000555992126,0.7878034281730651,0.026,26.0,0.45649554830993483,0.4586987901901346,0.46381345456376605,0.39468643217256544,0.3875888120781536,0.3982525935336284,0.4244461197602639,0.4260556503515438,0.4278862826192488,-0.000782753793922305,-0.0004196774531604071,-8.942030788300355e-05,-0.001115947348789199,-0.0013343161376012773,0.0006029079612657433,0.002043477579676004,0.0023818513984295276,0.0019431880492930059,0.6923387,0.68108106,0.79890513,0.49847332,0.50487804,0.61359656,0.50772357,0.609489,0.49879996478557587,0.7962571380138397,0.611549973487854,0.7962571380138397,0.027,27.0,0.4622628075740546,0.4627970722675804,0.46626496219174884,0.4133094579388724,0.3989456656875997,0.41473645982888363,0.4268308836095924,0.4267569174268081,0.4275886347530681,0.027274606242192592,0.02790573502371203,0.029145073577207012,0.03207401807526269,0.02953285571757218,0.03510196184150099,0.03536658132894208,0.0358237411494191,0.03743891262988643,0.6926694,0.7139496,0.75119674,0.50630903,0.5144309,0.61605024,0.5038618,0.61553997,2026-10-05T20:49:52.118795
5,0.611384928226471,0.5010501146316528,0.7986126140594483,0.6114420294761658,0.7986126140594483,0.7601046239852906,0.8366241610527039,2.213777389526367,0.2636298021316528,2.771236771392822,1.492437456703186,1.0,10.0,,,,,0.6555567232131958,0.6555567232131958,,,,18.294264868164063,0.07661917706310845,0.05158023558450258,,0.12004356011511035,0.6935767617764746,0.6803113241579123,0.00122444075235658,0.04573831714950739,3.594184818161521,,0.0032908526523306426,,77.13874369821731,19.47166039533676,,103.91372821589185,77.04223467589944,26.020892003539263,95.21317116318235,39.116000886176046,18.29424318690209,,0.4004056208832249,,0.03463817114947708,0.09378285449781236,,0.046410336734572795,0.0240375168004613,0.07577936123510834,0.0012442077232738304,0.13769090735608605,0.05915805472025446,,,,0.21655,4331.0,0.7116881,0.6744462,0.78492475,0.49952608,0.50146025,0.6169495,0.4954233,0.60912424,0.4932999908924103,0.8190169076919556,0.6061999797821045,0.8190169076919556,0.027,27.0,0.48451056990687946,0.48805456260431473,0.49179511597389597,0.45396939306204454,0.4553353958800542,0.4618187009464496,0.4490072349579441,0.4477497809973731,0.45144033921118687,0.03751262954448288,0.03874076653534979,0.03842071628731221,0.03985572778500143,0.03822631723216705,0.04063880451735395,0.04206656517908499,0.042385655037646436,0.04280903590358156,0.69699997,0.7468182,0.7073643,0.5082237,0.5126017,0.6106299,0.4968504,0.6223485,0.49650004506111145,0.8029873156547547,0.6126000285148621,0.8029873156547547,0.029,29.0,0.47547482830498083,0.4742391517931996,0.4810056244940567,0.436556312670593,0.42251122234753613,0.4374823390979627,0.45366989152143267,0.453732985468641,0.455975443629538,0.003928059514743287,0.0028761362706337347,0.0028488772309158143,0.001240105091206934,0.0020560679691232543,-0.0010365515719843962,0.00546031663180522,0.005587466183606353,0.004143160220468817,0.69717747,0.6621622,0.79890513,0.5,0.50569105,0.6048246,0.5109756,0.6109489,0.49490001797676086,0.8110021116733551,0.6094000041484833,0.8110021116733551,0.028,28.0,0.4799926991059301,0.48114685719875716,0.4864003702339763,0.4452628528663188,0.4389233091137952,0.4496505200222062,0.45133856323968835,0.45074138323300705,0.45370789142036244,0.020720344529613084,0.02080845140299176,0.02063479675911401,0.020547916438104184,0.020141192600645154,0.01980112647268478,0.023763440905445105,0.023986560610626394,0.023476098062025188,0.6970887,0.7044902,0.7531347,0.5041119,0.50914633,0.6077273,0.503913,0.6166487,2026-10-05T20:54:08.252594
6,0.6134399175643921,0.4990476965904236,0.8013574158668518,0.6133973598480225,0.8013574158668518,0.7612626872062683,0.8379108978271484,2.154616668701172,0.28041296412944794,2.743045048904419,1.5469747714996338,1.0,10.0,,,,,0.6448694547653199,0.6448694547653199,,,,18.26587068786621,0.05767190467661164,0.05137621732665949,,0.11628543354191218,0.6694583760894788,0.8001891264490261,0.0012056750110439529,0.043991590713619425,4.544680596157244,,0.003864358502518383,,77.10088178306628,19.445250164930986,,103.90800631577801,77.0042982162184,25.993284820751022,95.211524185861,39.091978401135485,18.265848645738735,,0.4362447305469756,,0.035278499695905456,0.09668040441669476,,0.047959645130452075,0.025391778309538867,0.08138452736055775,0.001270744580312804,0.14413272432840554,0.06131635471039517,,,,0.2145,4290.0,0.7108661,0.6774466,0.78112125,0.5007899,0.50159657,0.6232526,0.50054675,0.6138086,0.4995000660419464,0.8223349256515503,0.6070000529289246,0.8223349256515503,0.026,26.0,0.44190557365645317,0.4402589929995593,0.4431758146025053,0.3969109739821803,0.36492060152204575,0.3963272084456227,0.41064176646156697,0.4044448008016296,0.4079655318172769,0.05583272682179132,0.05644506752103414,0.055545404756106295,0.03907322779864353,0.05881871190956332,0.038990119015709854,0.05774561956137594,0.056317312455352285,0.05372231492740058,0.693,0.7468182,0.7073643,0.51348686,0.52073175,0.61614174,0.4929134,0.6162879,0.4998999536037445,0.8133277702331543,0.6086000204086304,0.8133277702331543,0.024,24.0,0.44667273191370144,0.4479929134952226,0.44857114672732135,0.40174926657030763,0.3848863297454126,0.3981163485243635,0.42409779115260254,0.4250401677974645,0.42361354582044153,0.005382983545753185,0.003664434731585284,0.004284922817259549,0.0037131336264483237,-0.000761282173003519,0.003182110737666605,0.002085387307866279,0.00036902250810174725,-0.00023211935581260502,0.6762097,0.68108106,0.79890513,0.49770996,0.501626,0.61359656,0.50691056,0.58759123,0.49970000982284546,0.8178313479423522,0.6078000366687775,0.8178313479423522,0.025,25.0,0.4442891527850773,0.4441259532473909,0.44587348066491334,0.3993301202762439,0.37490346563372917,0.39722177848499307,0.41736977880708476,0.4147424842995471,0.4157895388188592,0.030607855183772254,0.030054751126309714,0.029915163786682922,0.021393180712545926,0.029028714868279903,0.02108611487668823,0.02991550343462111,0.028343167481727015,0.026745097785793988,0.6846049,0.7139496,0.7531347,0.5055984,0.51117885,0.6148691,0.49991196,0.60193956,2026-10-05T20:58:25.161130
7,0.6102102994918823,0.5015751719474792,0.8016872141838074,0.6105377078056335,0.8016872141838074,0.7667523658752441,0.844010535812378,2.122484011077881,0.28781380820274355,2.836807920837402,1.5805454643249512,1.0,10.0,,,,,0.6577366394042968,0.6577366394042968,,,,18.237493893432617,0.04422418649195676,0.04678431925197743,,0.10487814255912972,0.6205112974924646,0.6951366570914627,0.0011386646710078168,0.03756424582379449,4.059695965545193,,0.0037081035038131543,,77.06260715168753,19.41685245295239,,103.9003530125709,76.96612048300968,25.965911719449768,95.21094182494339,39.08155997695437,18.23747199963612,,0.4577760121245293,,0.036030495266436015,0.09731598307562482,,0.04954520703121355,0.026431944494129746,0.08692079668591736,0.0013151657923308622,0.15241354855762165,0.06351078686061179,,,,0.2031,4062.0,0.7153168,0.67339915,0.779695,0.49630728,0.49715734,0.6183637,0.4963953,0.60991853,0.4974000155925751,0.8040338492393494,0.6089000105857849,0.8040338492393494,0.022,22.0,0.4567089966399915,0.4548382979151877,0.45893715539098184,0.43349311361336995,0.43993534336048856,0.43366965800367546,0.4322475737560711,0.4289582995091707,0.4338684826918724,0.03666965592598791,0.034063754051410405,0.03588342465906557,0.02885063731249045,0.03449228272800636,0.02794152728139732,0.04324083952762386,0.04157564428529023,0.04290995266356549,0.693,0.7468182,0.7073643,0.5141447,0.5247968,0.61614174,0.5,0.6193182,0.4934999644756317,0.7909922018051148,0.6140000224113464,0.7909922018051148,0.022,22.0,0.4461649906349623,0.44105819013109915,0.45234364600399596,0.41974303437265575,0.40929115197061217,0.42230107504284664,0.42734926328414224,0.4258561510586677,0.42898884797200576,0.012234606832719567,0.01111210572436299,0.010368131115534808,0.007939326076863542,0.018358360697112573,0.007070030222846372,0.013885701360069233,0.013267924919188524,0.011149408793462995,0.6923387,0.68108106,0.79890513,0.49847332,0.50487804,0.6144737,0.50528455,0.609489,0.4954499900341034,0.797513025522232,0.6114500164985657,0.797513025522232,0.022,22.0,0.4514369936374769,0.4479482440231434,0.4556404006974889,0.4266180739930129,0.42461324766555036,0.427985366523261,0.4297984185201067,0.42740722528391917,0.4314286653319391,0.024452131379353738,0.022587929887886698,0.02312577788730019,0.018394981694676994,0.026425321712559468,0.017505778752121847,0.028563270443846545,0.027421784602239378,0.027029680728514242,0.6926694,0.7139496,0.7531347,0.50630903,0.5148374,0.6153077,0.5026423,0.6144036,2026-10-05T21:02:41.764384
8,0.6125149130821228,0.49663272500038147,0.7904757261276245,0.6120876669883728,0.7904757261276245,0.7891218923568726,0.8688655673027038,2.295577629852295,0.23547395656108855,2.954656591796875,1.6534102264404298,1.0,10.0,,,,,0.6682537870407105,0.6682537870407105,,,,18.209254635620116,0.08632684534172391,0.06384191773594565,,0.1379776599692406,0.5955654243185262,0.5259449774292624,0.0010221714637157727,0.033063533816747606,3.114336538466678,,0.0033060085556449836,,77.02486118389542,19.387780863767976,,103.90240658316642,76.92766162848017,25.935191306338947,95.20935136345541,39.04347141533141,18.209232804122244,,0.5027761615006028,,0.03667876271495394,0.09883664462976395,,0.05255393470358697,0.027521989504053334,0.0910759662651712,0.0014101034779232114,0.15614364652117346,0.06575747356293307,,,,0.18175,3635.0,0.71261024,0.6695932,0.7820919,0.5027844,0.5034268,0.6213738,0.4969826,0.6098167,0.502299964427948,0.805899941444397,0.6031000018119812,0.805899941444397,0.023,23.0,0.462713294775187,0.4615797837161967,0.46802880597473867,0.442450584875468,0.46631760897966856,0.44725994717520234,0.4245280065383282,0.42670656632053156,0.42049800402317117,0.03015078956420031,0.02860884697093893,0.028769859284178256,0.032116374989619466,0.03745627737674198,0.03188456564177191,0.03403316435715577,0.03379519857918313,0.0326409765138156,0.70199996,0.7468182,0.6965116,0.50625,0.5126017,0.61535436,0.5,0.6003788,0.5054500699043274,0.7855162391662598,0.6128000617027283,0.7855162391662598,0.025,25.0,0.41393904087304295,0.41385182717475183,0.42389871863068596,0.4016696530217649,0.4020475851396097,0.4033820400163102,0.42199421710039103,0.42966037504594534,0.4214716437659037,0.0033201658965396424,0.005973692947688501,0.003807312803902977,0.008840242658055593,0.016446878696998696,0.007560490221261019,0.008244182361431865,0.011303259674204733,0.007369397234188333,0.6987903,0.6531532,0.79890513,0.5015268,0.5121951,0.6118421,0.51585364,0.60072994,0.5038750171661377,0.7957080903053284,0.6079500317573547,0.7957080903053284,0.024,24.0,0.438326167824115,0.4377158054454743,0.4459637623027123,0.42206011894861645,0.43418259705963913,0.42532099359575626,0.4232611118193596,0.4281834706832385,0.4209848238945374,0.016735477730369975,0.017291269959313717,0.016288586044040616,0.02047830882383753,0.026951578036870337,0.019722527931516465,0.021138673359293817,0.02254922912669393,0.02000518687400197,0.7003951,0.6999857,0.7477084,0.50388837,0.51239836,0.6135982,0.5079268,0.60055435,2026-10-05T21:06:54.863374
9,0.6136527061462402,0.49915987253189087,0.7869735724449157,0.6138572692871094,0.7869735724449157,0.8009987915039063,0.8820621210098266,2.2852533834457396,0.2436451723575592,3.2245045429229737,1.698202372932434,1.0,10.0,,,,,0.6795053238868713,0.6795053238868713,,,,18.18107966003418,0.09520982714980888,0.06202999453333201,,0.13619479240114046,0.6316570004649983,0.581147910920298,0.0009776416042253115,0.031158009413511132,3.548214057828211,,0.0029700173003521933,,76.98703134135836,19.36406187798567,,103.90580297579432,76.88908342495085,25.902470582609723,95.20798356366005,38.98951709042689,18.18105691557477,,0.529580967441486,,0.03736306938111402,0.10292855085461003,,0.05579564074991615,0.02850807954076749,0.0945147734348941,0.001547720823822555,0.15755711486385127,0.06760560184907002,,,,0.1748,3496.0,0.71730155,0.6701571,0.7846672,0.5015008,0.50017524,0.6244647,0.49898744,0.6158452,0.4966999590396881,0.7932940058708191,0.6084999442100525,0.7932940058708191,0.035,35.0,0.4499672655741484,0.44676856247127283,0.44770198862295063,0.4223075872551972,0.4340333399956512,0.4183702329368305,0.41799846764793847,0.42421747039297797,0.41609313715778856,0.03727266266172173,0.036746625574882265,0.03477747853637373,0.06435830659862102,0.06764411286535209,0.061904080008619335,0.08012418846870405,0.0798036354253056,0.07653705247827378,0.697,0.7468182,0.70348835,0.5167763,0.51910573,0.61535436,0.5015748,0.6185606,0.49769994616508484,0.780853919506073,0.6140000820159912,0.780853919506073,0.035,35.0,0.45124785511854076,0.4520141934256352,0.45318394876865314,0.4291377840729869,0.4524563766259141,0.42805621815283595,0.43793932351961457,0.4391695270430626,0.4296173438413906,0.0023785637425138024,0.003150737343603238,-0.00017322737030229778,0.00592878085795495,0.018271676473617056,0.002317625575204692,0.008788589536790448,0.008893892593370908,0.0021212164074946222,0.69717747,0.66756755,0.79890513,0.50458014,0.50731707,0.6118421,0.50853664,0.6072993,0.4971999526023865,0.787073962688446,0.6112500131130219,0.787073962688446,0.035,35.0,0.4506075603463446,0.449391377948454,0.4504429686958019,0.42572268566409205,0.44324485831078264,0.4232132255448332,0.4279688955837765,0.4316934987180203,0.42285524049958956,0.019825613202117766,0.01994868145924275,0.017302125583035715,0.035143543728287985,0.042957894669484575,0.03211085279191201,0.044456389002747246,0.04434876400933825,0.039329134442884196,0.6970887,0.7071929,0.75119674,0.51067823,0.51321137,0.6135982,0.5050557,0.61292994,2026-10-05T21:11:08.199548
10,0.6098604798316956,0.4995749890804291,0.7935092282295227,0.6097124218940735,0.7935092282295227,0.7903608441352844,0.8702421841621399,2.073792203140259,0.19435062649250032,3.2693544589996337,1.7419535293579103,1.0,10.0,,,,,0.716319411277771,0.716319411277771,,,,18.152620550537108,0.057507787678749624,0.05037714430030174,,0.10432447780777884,0.5885581958825421,0.5355034306360658,0.0008840419518521091,0.030076005602860528,3.4336426387167283,,0.0022171335403982084,,76.95073714529633,19.34171195546533,,103.90532820391807,76.85054647846586,25.87029363547161,95.20718894035194,38.94673292803916,18.152599747773188,,0.5549957008118842,,0.038762083787257505,0.10764596298052247,,0.058170895501496685,0.029368535799395506,0.09787529170702977,0.0016852999602853778,0.16057722631153787,0.06901793827296822,,,,0.1861,3722.0,0.7117883,0.6712646,0.7780507,0.49849924,0.50114876,0.6150505,0.49700284,0.60692465,0.49390003085136414,0.8065474696159363,0.6045999526977539,0.8065474696159363,0.026,26.0,0.4611057875854211,0.4610034921498199,0.4632674751512792,0.4607977403543967,0.44798268541143904,0.45892463898920327,0.45551816235266895,0.45866905135558306,0.45691160388021784,0.0321037107161077,0.03396577666130411,0.03323527902395921,0.04126236484689333,0.03703033519064225,0.040675757503356204,0.02982217828092887,0.027194158770569722,0.0314475112774049,0.692,0.7359091,0.6996124,0.5082237,0.5247968,0.6051181,0.50236225,0.6193182,0.49720001220703125,0.7892499136924743,0.6121000647544861,0.7892499136924743,0.024,24.0,0.43531353029000347,0.4362264980203827,0.436188165497739,0.4330208526127817,0.43815744783738136,0.427661944957647,0.4335224374737183,0.4312724189357235,0.4323014575647745,0.00018051600341730195,0.00012005113714096802,-0.0026445958542769166,-0.00814275566474116,-0.007289353805835209,-0.012442602915593789,-0.0009277737644608844,-0.0003363547638396026,-0.0069116236203418425,0.6923387,0.68648654,0.7967153,0.49694654,0.50487804,0.59605265,0.50853664,0.6072993,0.4955500215291977,0.7978986916542052,0.60835000872612,0.7978986916542052,0.025,25.0,0.44820965893771225,0.4486149950851013,0.4497278203245091,0.44690929648358924,0.4430700666244102,0.44329329197342515,0.44452029991319364,0.4449707351456533,0.4446065307224962,0.0161421133597625,0.01704291389922254,0.015295341584841146,0.016559804591076085,0.01487049069240352,0.014116577293881208,0.014447202258233994,0.01342890200336506,0.01226794382853153,0.6921693,0.71119785,0.7481638,0.5025851,0.5148374,0.60058534,0.5054494,0.6133088,2026-10-05T21:15:20.497080
11,0.6107946038246155,0.5028724670410156,0.7908647655487061,0.6109894514083862,0.7908647655487061,0.7911205542564392,0.8710863056182861,1.9746178871154785,0.20323658701181413,3.6246842376708983,1.786533346748352,1.0,10.0,,,,,0.7669318489074707,0.7669318489074707,,,,18.125673886108398,0.01965662563971546,0.03221810903773898,,0.05575861690482896,0.604150524849345,0.5531227939827427,0.0007217525472830399,0.02628782970213871,3.47180967422048,,0.0021106959699696095,,76.91478457116777,19.321439439324056,,103.90607875167944,76.81227680376381,25.83888839916059,95.20725012129279,38.916270699470665,18.125651256294006,,0.5802664901040921,,0.040289938995602785,0.11289722382263014,,0.06051602107798977,0.03005182035979192,0.10136961035288064,0.0017399140915412242,0.16523174495454046,0.07166371973836498,,,,0.16445,3289.0,0.7005012,0.68773663,0.77896196,0.49930885,0.4994938,0.6172121,0.4960713,0.6108554,0.5126000642776489,0.7933109488487243,0.6093999147415161,0.7933109488487243,0.026,26.0,0.44159289968486115,0.4377094935919484,0.4532183934005583,0.44300290379658575,0.4399938087896131,0.45071578801449974,0.43923359763579256,0.41981360633349235,0.4081577984054764,0.03217781508984056,0.03172113019873441,0.028947486517296162,0.04469605046757636,0.07792630488798312,0.039425590585810875,0.020749002013999877,0.01828604467091511,0.009017833923664708,0.693,0.7468182,0.7073643,0.5141447,0.5239838,0.618504,0.5,0.6215909,0.498600035905838,0.7820079264640808,0.6140000224113464,0.7820079264640808,0.025,25.0,0.45619876595597647,0.46034396168297287,0.47082971673591006,0.43999515429645997,0.42918619073883263,0.4510225209568151,0.47166304157740613,0.46454308270840333,0.44555434539701466,0.01793000838716868,0.01733745813593264,0.015455093391112139,0.01999236012518383,0.037277842545475934,0.016967757268457413,0.015229922963576337,0.013397959483744788,0.009663175159259836,0.6923387,0.68108106,0.7967153,0.49847332,0.50487804,0.6144737,0.50772357,0.609489,0.5056000500917435,0.7876594376564026,0.6116999685764313,0.7876594376564026,0.025500000000000002,25.5,0.4488958328204188,0.44902672763746065,0.4620240550682342,0.44149902904652283,0.43458999976422286,0.45086915448565745,0.45544831960659937,0.44217834452094784,0.4268560719012455,0.025053911738504617,0.024529294167333526,0.022201289954204152,0.032344205296380095,0.05760207371672953,0.028196673927134146,0.017989462488788105,0.01584200207732995,0.009340504541462272,0.6926694,0.7139496,0.7520398,0.50630903,0.5144309,0.6164888,0.5038618,0.61553997,2026-10-05T21:19:33.632916
12,0.6083472371101379,0.4984075129032135,0.7938111371994019,0.6086597442626953,0.7938111371994019,0.7645467684745788,0.8415598779678345,1.7142390695571899,0.2024199531316757,3.2994807010650633,1.817030891609192,1.0,10.0,,,,,0.7340204254150391,0.7340204254150391,,,,18.0970953125,0.03709717464609558,0.05606001345322106,,0.0934051895235327,0.5511772032755955,0.47231775854423547,0.000904673826602691,0.029009453976040434,3.0581302255581897,,0.002152114696000817,,76.87768025003422,19.296728450021927,,103.90386962890625,76.77391854061443,25.807358383373092,95.20660410109599,38.89852655009859,18.097074897425948,,0.59720499728136,,0.04070718944737106,0.11614370939268429,,0.06257189437747002,0.03079613213943448,0.10477262374701773,0.0018396050206557582,0.17155167365529736,0.07290861148173643,,,,0.18785,3757.0,0.7162992,0.659263,0.7792591,0.4971564,0.50118774,0.60424244,0.49896723,0.6149287,0.49170005321502686,0.7957539200782776,0.6096000075340271,0.7957539200782776,0.027,27.0,0.36944587883804947,0.37237563222452624,0.38008120100740267,0.4443715344643173,0.47775390512054544,0.4517611508151821,0.35983255657352486,0.3741249125277259,0.35484063369817553,0.02579549464867648,0.02904153767502752,0.02813773674470961,0.02785316049951192,0.044887711228095456,0.028432134563209043,0.02075625900720325,0.024548710674275574,0.02266395597122136,0.693,0.7468182,0.7073643,0.5154605,0.5239838,0.618504,0.5,0.6215909,0.4932999908924103,0.7838570437431336,0.614300012588501,0.7838570437431336,0.026,26.0,0.3894646688087326,0.39174791585701213,0.4131167512520917,0.4003966381345784,0.4102357565999201,0.41816965958330987,0.43767357312991756,0.444611811636657,0.43441994123378325,0.002738861881739965,0.0050085196579013795,0.0042757251978780995,-0.0020802235734848473,0.0058336672299203985,-0.002647148484904176,-0.0005997348075434307,0.0010781090966211113,-0.00019088924670104012,0.6923387,0.68108106,0.79890513,0.49847332,0.50487804,0.6144737,0.50772357,0.609489,0.49250002205371857,0.7898054819107057,0.611950010061264,0.7898054819107057,0.0265,26.5,0.37945527382339106,0.3820617740407692,0.39659897612974715,0.42238408629944785,0.4439948308602328,0.434965405199246,0.39875306485172124,0.4093683620821914,0.3946302874659794,0.014267178265208222,0.01702502866646445,0.016206730971293853,0.012886468463013535,0.025360689229007926,0.012892493039152433,0.010078262099829911,0.012813409885448343,0.01123653336226016,0.6926694,0.7139496,0.7531347,0.5069669,0.5144309,0.6164888,0.5038618,0.61553997,2026-10-05T21:23:47.485968
13,0.6114325523376465,0.5007503032684326,0.7884279440879822,0.6114250421524048,0.7884279440879822,0.7657136483192444,0.8428564121246338,1.6532437492370606,0.1581855134487152,3.184784362030029,1.8670162698745727,1.0,10.0,,,,,0.7247785338401794,0.7247785338401794,,,,18.06984022216797,0.015533363310528243,0.024796931419349542,,0.056691843663360095,0.5470612412615187,0.5051458321843937,0.0007538937996542022,0.0250018420836823,3.1743273776807603,,0.0018299703697034805,,76.83975618204494,19.269048374929245,,103.90084591033353,76.7354462739009,25.775971686004834,95.20419481605481,38.87446946551086,18.06981985736045,,0.6242308844426635,,0.04107563309134192,0.1178116486615436,,0.06419003261312557,0.03147041400194548,0.10842287697040351,0.001927926007118432,0.17682991845972218,0.07540826708268208,,,,0.1794,3588.0,0.71124697,0.6750906,0.7818938,0.49822274,0.49885127,0.61050504,0.50123537,0.61661917,0.4964999556541443,0.7967939620018005,0.6087999939918518,0.7967939620018005,0.024,24.0,0.2993738970456109,0.2883775246624599,0.3218552751440921,0.3675402679861532,0.39259479755748006,0.4046260443976596,0.46048514821268766,0.4578920160297846,0.47186164698182803,0.0017605176195958974,0.008467783067440835,0.008943183114527294,0.01881518771602425,0.03978146644202728,0.02751273921245787,0.03030916322177053,0.04047568712790907,0.03488520314461057,0.693,0.7468182,0.7073643,0.51217103,0.52642274,0.61614174,0.5,0.6193182,0.49890002608299255,0.7842107539176941,0.6137999892234802,0.7842107539176941,0.025,25.0,0.38682641993083444,0.3704654724862556,0.4009354055769159,0.37495240777806677,0.35254710424517316,0.39082696928003297,0.4419919063554574,0.438403395780532,0.4382308085632236,0.01836473497538421,0.018450016572057498,0.017394048798847372,0.009061729849265059,0.013181995332645104,0.006806433811047252,0.014154737070151897,0.015576812734186297,0.010864482147798256,0.6923387,0.67747754,0.79890513,0.49618322,0.5081301,0.6144737,0.50447154,0.6109489,0.4976999908685684,0.7905023579597473,0.611299991607666,0.7905023579597473,0.0245,24.5,0.3431001584882227,0.32942149857435776,0.361395340360504,0.37124633788211,0.37257095090132664,0.39772650683884625,0.45123852728407254,0.4481477059051583,0.4550462277725258,0.010062626297490055,0.013458899819749168,0.013168615956687333,0.013938458782644655,0.026481730887336193,0.01715958651175256,0.022231950145961212,0.028026249931047683,0.022874842646204412,0.6926694,0.71214783,0.7531347,0.5041771,0.5172764,0.6153077,0.5022358,0.6151335,2026-10-05T21:28:00.558334
14,0.6105626821517944,0.5008649826049805,0.7894907947540283,0.6107277274131775,0.7894907947540283,0.774258240032196,0.8523504009246826,1.7113262699127196,0.16806893340349197,3.117608645248413,1.9379213592529296,1.0,10.0,,,,,0.6829031818389892,0.6829031818389892,,,,18.043405239868164,0.0161171540503752,0.020818936103171887,,0.05144789876938341,0.5090072675115743,0.4647477665429662,0.0005752920398060796,0.02094185663754963,2.821995583689137,,0.0017998187078982755,,76.79981591291488,19.243487692182992,,103.90102493383323,76.69728933929638,25.744338041657855,95.2017390257234,38.842931589503195,18.043385183735257,,0.6615736936308017,,0.04088125871435092,0.12034269384327967,,0.0661101926379143,0.03214262233703,0.11190944350069496,0.0020324343008695134,0.1808258553219449,0.07856732682817301,,,,0.17755,3551.0,0.70956296,0.6802457,0.7790016,0.4970182,0.50147974,0.6158182,0.4940057,0.6108147,0.4998999834060669,0.7949066514968872,0.607699990272522,0.7949066514968872,0.023,23.0,0.43801464912877,0.4348251921074107,0.4461400985358646,0.47027614119114475,0.46282908305563514,0.4711322481776424,0.4277624216025898,0.4210354378738621,0.3957919883864613,0.05347107519092217,0.05185986404832385,0.05852846064575644,0.06633154890082596,0.07454454573395755,0.06949130611982693,0.0614874725554321,0.06296506683544977,0.06685143795737537,0.693,0.74136364,0.7073643,0.51611847,0.5256098,0.6169291,0.4968504,0.61401516,0.5011000633239746,0.7846775455474854,0.6115999817848206,0.7846775455474854,0.023,23.0,0.3890185706146586,0.3804101019061746,0.3991045318260775,0.3849957766607336,0.39604718991389837,0.40407792490596345,0.4217113029201853,0.41599835471384017,0.37743494572394043,0.01813137360867043,0.017029239619819603,0.016016120871413582,0.02235914959814435,0.03688401589824425,0.01990907818584641,0.01574747538504734,0.013186184436051834,0.008426862498053257,0.68991935,0.6846847,0.7967153,0.49923664,0.502439,0.6127193,0.50772357,0.5941606,0.5005000233650208,0.7897920985221862,0.6096499860286713,0.7897920985221862,0.023,23.0,0.4135166098717143,0.40761764700679265,0.42262231518097104,0.4276359589259392,0.42943813648476675,0.4376050865418029,0.42473686226138757,0.41851689629385114,0.38661346705520083,0.0358012243997963,0.034444551834071725,0.037272290758585014,0.044345349249485154,0.0557142808161009,0.044700192152836674,0.03861747397023972,0.0380756256357508,0.037639150227714316,0.69145966,0.71302414,0.7520398,0.50767756,0.5140244,0.6148242,0.502287,0.6040879,2026-10-05T21:32:14.173189
15,0.6121678352355957,0.5022897720336914,0.7873756887435913,0.6121575236320496,0.7873756887435913,0.7858469567298889,0.8652267492294311,1.7945409160614014,0.14251727324724198,3.276564389038086,1.9859469284057618,1.0,10.0,,,,,0.687292306804657,0.687292306804657,,,,18.016069128417968,0.006747905158283557,0.009754489124070401,,0.020423663347057856,0.5972673335842266,0.48448694544802806,0.00045291130274540157,0.019746989269806132,2.993221039984636,,0.000984938833078408,,76.7604729233274,19.213890112129747,,103.89579656321531,76.65915480692675,25.71312374673831,95.20062323892192,38.82084213548405,18.016046135288896,,0.6860773145772849,,0.04106599650090667,0.12104982678677625,,0.06739323709610921,0.03288608407423754,0.11536908163956017,0.002093797389441615,0.18610945666671558,0.08102086836555202,,,,0.16025,3205.0,0.70651567,0.687354,0.78191364,0.4927133,0.5005841,0.6176364,0.5004861,0.6124033,0.5031999945640564,0.79030255651474,0.6089000701904297,0.79030255651474,0.026,26.0,0.3346072372993266,0.328851916985539,0.33319494996685184,0.4129217914347436,0.41107886656217113,0.4053390139751506,0.34145631148006506,0.3438031286862992,0.32912018393021825,0.030129971672673478,0.03549680066991558,0.031461790187343,0.05257282657839915,0.06387931092908095,0.05538941674890156,0.02573352843161067,0.027492599864742954,0.02376704954776495,0.693,0.7468182,0.7073643,0.51480263,0.5239838,0.61614174,0.5,0.6193182,0.5025999546051025,0.7796811647415162,0.6136000156402588,0.7796811647415162,0.026,26.0,0.39450455892531955,0.3872914918400374,0.3962376444829762,0.4272787809445346,0.4328348330238705,0.4280845996495425,0.41156522417367664,0.4084437080607371,0.3780609637502115,0.01858987148040392,0.019147278340245388,0.017427529726065125,0.024435559893372812,0.044902510440827,0.022918858039005056,0.018036973397737466,0.01759040587064707,0.011989910585858299,0.6923387,0.68108106,0.79890513,0.49847332,0.50487804,0.6144737,0.50772357,0.6043796,0.5028999745845795,0.7849918606281281,0.6112500429153442,0.7849918606281281,0.026,26.0,0.3645558981123231,0.35807170441278824,0.36471629722491405,0.4201002861896391,0.42195684979302084,0.41671180681234654,0.3765107678268709,0.37612341837351815,0.35359057384021486,0.0243599215765387,0.027322039505080484,0.024444659956704064,0.03850419323588598,0.05439091068495397,0.039154137393953306,0.021885250914674068,0.02254150286769501,0.017878480066811624,0.6926694,0.7139496,0.7531347,0.506638,0.5144309,0.6153077,0.5038618,0.6118489,2026-10-05T21:36:27.993994
16,0.6136748790740967,0.4990423917770386,0.7844736680984498,0.6135423183441162,0.7844736680984498,0.7982982672691346,0.8790615392684936,1.890231681060791,0.14366199095249177,3.3136816272735596,1.997574730682373,1.0,10.0,,,,,0.7317810479164124,0.7317810479164124,,,,17.989307958984377,0.015420563695477736,0.021896682260706308,,0.04151863231661783,0.5675164328259268,0.5367171478214537,0.0005487008987010937,0.021159653563740527,3.2325142409391465,,0.001102632843740023,,76.72186041182013,19.18738911865623,,103.88749680245758,76.62075966027132,25.681375114781083,95.20009914325301,38.78500317616068,17.989284758355208,,0.6919378983746668,,0.04166757455392248,0.12312764171392294,,0.0685721166953919,0.03357998521369734,0.11885212105550584,0.002141520622702446,0.1893061706974248,0.08381155878305435,,,,0.1596,3192.0,0.71772254,0.67003626,0.78369653,0.49551737,0.50107086,0.6262829,0.50216687,0.6141752,0.49789997935295105,0.8027318506240845,0.6062999963760376,0.8027318506240845,0.024,24.0,0.3555750546966344,0.35412474339709027,0.3586388287639954,0.4206035746305012,0.4472870769745949,0.41742487299820485,0.37067732239366263,0.36384594496151046,0.36604243167305917,0.024564563012292557,0.02614219438114965,0.02330533166474361,0.03846076744051112,0.05669822675372317,0.04103811842062279,0.02333550490660447,0.025180678612203324,0.01947183457254365,0.70199996,0.7468182,0.70348835,0.50690794,0.5142276,0.614567,0.5,0.6162879,0.4991999864578247,0.7864304766654968,0.6136000156402588,0.7864304766654968,0.024,24.0,0.3854966145749672,0.3766434390012425,0.38556684819775316,0.4322129814966713,0.477766175146613,0.43083904612334256,0.41102279795103164,0.40852356952945984,0.387934253722218,0.01698234369891507,0.01672936615944293,0.016714056554369083,0.021961662681553567,0.03133466965335943,0.014481116285445171,0.013056577356289482,0.012137318303139992,0.005793923008895713,0.69717747,0.65855855,0.79890513,0.5,0.5121951,0.61622804,0.5134146,0.6036497,0.4985499829053879,0.7945811636447906,0.6099500060081482,0.7945811636447906,0.024,24.0,0.3705358346358008,0.36538409119916637,0.3721028384808743,0.4264082780635863,0.46252662606060396,0.4241319595607737,0.39085006017234714,0.3861847572454852,0.3769883426976386,0.020773453355603815,0.02143578027029629,0.020009694109556345,0.030211215061032345,0.0440164482035413,0.02775961735303398,0.018196041131446974,0.018658998457671657,0.01263287879071968,0.6995887,0.70268834,0.75119674,0.50345397,0.51321137,0.6153975,0.5067073,0.6099688,2026-10-05T21:40:42.376598
17,0.6107349395751953,0.49845483899116516,0.7918542051315307,0.6109545826911926,0.7918542051315307,0.7947102479934692,0.8750748496055603,1.7894148824691773,0.141580833029747,3.0955641693115235,1.999332787322998,1.0,10.0,,,,,0.7232249801635742,0.7232249801635742,,,,17.96130941467285,0.012848632353814733,0.020614231872864684,,0.04619674345442824,0.5500084541405842,0.5083574876189232,0.0008139397069748052,0.02498680340114293,3.2154110727036835,,0.0017972322528722851,,76.68377048954083,19.161057320370038,,103.88225210396348,76.58242569455675,25.64997208953663,95.1980878015992,38.78647834632047,17.96128689711261,,0.6928149347851991,,0.042192380756709225,0.12449554102435993,,0.06982279796699051,0.034396184335468684,0.1224385406940606,0.002211512635895021,0.1969534881934998,0.08579549625231202,,,,0.15795,3159.0,0.71870494,0.66693515,0.7838748,0.49725515,0.49768305,0.61967677,0.49574727,0.60991853,0.498399943113327,0.8259040331840515,0.6061000227928162,0.8259040331840515,0.026,26.0,0.39172142895642387,0.4005497462271067,0.4031788962368671,0.42174615726948617,0.4293754743013771,0.42428880139038394,0.3732481275271545,0.3574265519242123,0.35689790843613345,0.020471713188102175,0.018614830060762522,0.01987641615528797,0.03433500915289126,0.05103342354912122,0.03229620245149005,0.01050298832747602,0.007304337587212069,0.008465313302304007,0.702,0.7468182,0.70348835,0.5055921,0.5142276,0.614567,0.5,0.6162879,0.49480006098747253,0.8097281832695007,0.6134000420570374,0.8097281832695007,0.027,27.0,0.3832491480503365,0.3838364276787433,0.39325818288084946,0.4180523351627939,0.42439343441607164,0.41910738959743626,0.34418568744985895,0.35216430568985024,0.33512515173238355,0.027849743922368043,0.029708932418398556,0.02906829551935123,0.02906268898896195,0.043826251766436154,0.02869596840639752,0.02390058980623193,0.026249699760777775,0.020188430039972293,0.6979839,0.65855855,0.79890513,0.5,0.5130082,0.6144737,0.5117886,0.6036497,0.4966000020503998,0.8178161082267761,0.6097500324249268,0.8178161082267761,0.0265,26.5,0.38748528850338015,0.392193086952925,0.3982185395588583,0.41989924621614005,0.42688445435872435,0.42169809549391013,0.3587169074885067,0.3547954288070313,0.3460115300842585,0.024160728555235107,0.02416188123958054,0.0244723558373196,0.031698849070926606,0.04742983765777869,0.030496085428943782,0.017201789066853976,0.016777018673994924,0.01432687167113815,0.69999194,0.70268834,0.75119674,0.50279605,0.5136179,0.6145203,0.5058943,0.6099688,2026-10-05T21:44:56.291581
18,0.6120548248291016,0.4995824098587036,0.7907932923316956,0.6122729778289795,0.7907932923316956,0.8059441507339478,0.8875569634437561,1.9208136816024781,0.14708180389404296,3.402645830154419,1.9958713973999023,1.0,10.0,,,,,0.7522430060386658,0.7522430060386658,,,,17.9326923828125,0.01332554304905556,0.022607358552183314,,0.044989694939083925,0.5354296464449281,0.5459634786009029,0.0006832862746491019,0.02247372139719831,3.8879016664377444,,0.0017332628000064924,,76.64564130260686,19.13273483324962,,103.87850203787445,76.54442606154521,25.62305988627634,95.19770949053917,38.773405111519395,17.932673472507744,,0.6910874570251271,,0.04293714103045737,0.12535630840404777,,0.0712482276710735,0.03510756349297845,0.1265851352245185,0.0023583000656335978,0.20258465675032064,0.08763150941983909,,,,0.14925,2985.0,0.72177225,0.6660492,0.7811807,0.50134283,0.5033684,0.61848485,0.49343866,0.6145621,0.49789994955062866,0.8004282569885254,0.6079999804496765,0.8004282569885254,0.028,28.0,0.4710016662431382,0.4690444515288873,0.48493697591227136,0.461123882166114,0.46233375523667947,0.45867134782635455,0.4165238854607817,0.4306126414852706,0.4044069190738728,0.05053943286780957,0.05112872598266833,0.04737325850682923,0.055149954753043844,0.07089234284856236,0.05336188017768251,0.04651039513092233,0.04667822694009342,0.03844875450892607,0.6985,0.7468182,0.7073643,0.5,0.5065041,0.6106299,0.5224409,0.6253788,0.4936000406742096,0.7851629619598388,0.6156500577926636,0.7851629619598388,0.025,25.0,0.40302768968371344,0.39590550779311795,0.41349754405523026,0.3927940449980048,0.40383809927858905,0.39359591232941304,0.4031167673090407,0.40198442756768615,0.3765078534411523,0.014005710686288524,0.014353963015486488,0.015535784978117594,0.025857531407118568,0.03548062961874901,0.025503308755054587,0.012781615296751201,0.011462650530411947,0.007801088071043615,0.6967742,0.6666667,0.79890513,0.5164122,0.50487804,0.6144737,0.50447154,0.6127738,0.49574999511241913,0.7927956094741822,0.61182501912117,0.7927956094741822,0.026500000000000003,26.5,0.43701467796342586,0.4324749796610026,0.44921725998375084,0.4269589635820594,0.4330859272576343,0.4261336300778838,0.40982032638491117,0.41629853452647836,0.39045738625751253,0.03227257177704905,0.03274134449907741,0.031454521742473415,0.04050374308008121,0.05318648623365568,0.03943259446636855,0.029646005213836767,0.029070438735252686,0.02312492128998484,0.6976371,0.7067424,0.7531347,0.5082061,0.50569105,0.6125518,0.5134562,0.61907625,2026-10-05T21:49:09.996232
19,0.6126697063446045,0.5016350746154785,0.786885405254364,0.6127253174781799,0.786885405254364,0.8159056521415711,0.8986252944946289,2.006154928779602,0.1798256928920746,3.4506732498168944,1.9994186241149903,1.0,10.0,,,,,0.7053808548927307,0.7053808548927307,,,,17.906184115600585,0.022327430304555092,0.019369087012923638,,0.039546107665700894,0.5208916559720494,0.4981604431560085,0.0006756041195076018,0.021327962292132862,3.7714954992388465,,0.0015228189697189206,,76.60601826078573,19.105291038561777,,103.87384446259517,76.50616649457604,25.593052372051652,95.19667689815448,38.79003724019239,17.90616395063461,,0.6928575653938731,,0.043021298826310284,0.1261125648287451,,0.07254564387213652,0.03583260257817378,0.1299579613337851,0.0024305419762067166,0.2116312560192339,0.08920008375955994,,,,0.1378,2756.0,0.7096632,0.6850584,0.78595483,0.49687994,0.49641746,0.6220606,0.4949372,0.6131772,0.49939998984336853,0.7982413702011109,0.6088500022888184,0.7982413702011109,0.022,22.0,0.3911989953829269,0.3946373816692314,0.4010388261566818,0.4282864118866065,0.43471531822312975,0.4344548874569308,0.36758121848041747,0.3812999078450291,0.36893337784391517,0.04952022096742476,0.049638346637860827,0.05207388878906156,0.08040353799907612,0.0873752614730412,0.07948267014515178,0.05346044867967068,0.0555692904596817,0.053832658569597354,0.693,0.7468182,0.7073643,0.512829,0.5231707,0.618504,0.50236225,0.61742425,0.486750066280365,0.7875879578590393,0.6139999628067017,0.7875879578590393,0.024,24.0,0.4103054251490564,0.41605222536385206,0.42983910786017204,0.42558046720738496,0.4308409129386975,0.43690704425286575,0.37276020713631725,0.3885827200019025,0.36822492198906664,0.01717981479237923,0.020874931268700676,0.023398987351529545,0.029598926184369812,0.04611244833567434,0.0339278279434632,0.013397343212268698,0.016058317250987372,0.01686351210370229,0.6923387,0.68108106,0.79890513,0.5015268,0.50528455,0.6144737,0.5097561,0.6021898,0.49307502806186676,0.792914664030075,0.61142498254776,0.792914664030075,0.023,23.0,0.4007522102659916,0.40534480351654173,0.4154389670084269,0.4269334395469957,0.4327781155809136,0.43568096585489824,0.37017071280836733,0.3849413139234658,0.3685791499164909,0.033350017879901994,0.03525663895328075,0.03773643807029555,0.05500123209172297,0.06674385490435777,0.05670524904430749,0.03342889594596969,0.03581380385533454,0.03534808533664982,0.6926694,0.7139496,0.7531347,0.5071779,0.5142276,0.6164888,0.50605917,0.609807,2026-10-05T21:53:24.113783
20,0.6090299487113953,0.5010577440261841,0.7915327198982238,0.6090900301933289,0.7915327198982238,0.8101789151191712,0.8922622572898865,1.9726608524322509,0.18933106449842452,3.568694412612915,1.999365544128418,1.0,10.0,,,,,0.6630991267204285,0.6630991267204285,,,,17.878077737426757,0.042738580250234644,0.04547144612594015,,0.07163276061249577,0.44875728656911545,0.35020419442729583,0.0006883835527900559,0.01972876760847629,2.693367505718948,,0.0014149735950714512,,76.5705276780827,19.081201286072943,,103.86913489080538,76.46780857159074,25.561354412394724,95.19383560472234,38.79432695230861,17.8780567144892,,0.6928313097376733,,0.04380662198279314,0.12791340252396408,,0.07387585639004494,0.03638539828692272,0.13299957639092852,0.0024979747312772237,0.21898181916801793,0.09137242662299211,,,,0.15885,3177.0,0.6986969,0.68971,0.77987325,0.49385864,0.4971768,0.6136768,0.5000405,0.6018941,0.4963499903678894,0.7961198272705078,0.6089500188827515,0.7961198272705078,0.044,44.0,0.36752581658090294,0.3692226407742043,0.3644872375535995,0.4443487892898042,0.4385282633279253,0.44163402568050264,0.4843590594943114,0.4863800487861906,0.47360500275008577,0.02778814220099855,0.02778501757976273,0.028384527629631093,0.03789988414697936,0.04409078188090354,0.03488942650689364,0.05254097935647906,0.05481272636673028,0.049658280836240215,0.693,0.7468182,0.7073643,0.51842105,0.51910573,0.614567,0.5,0.6215909,0.4952999949455261,0.7862413763999939,0.612500011920929,0.7862413763999939,0.043,43.0,0.3960677956557406,0.3978273985221177,0.41152637583113305,0.4184464133948396,0.41380043508419906,0.4294030683795202,0.45624374740578616,0.4594329221705292,0.44855599338841146,0.01798798513789306,0.022198305002435408,0.01977904561607517,0.00904705352734867,0.02047940087128605,0.010585257053338983,0.01279407084487133,0.017801128937401656,0.008133891317059747,0.6955645,0.67702705,0.79890513,0.49847332,0.50365853,0.6035088,0.50487804,0.609489,0.49582499265670776,0.7911806018352509,0.6107250154018402,0.7911806018352509,0.0435,43.5,0.3817968061183218,0.383525019648161,0.3880068066923663,0.4313976013423219,0.42616434920606217,0.4355185470300114,0.4703014034500488,0.4729064854783599,0.4610804980692486,0.022888063669445805,0.024991661291099067,0.02408178662285313,0.023473468837164016,0.032285091376094796,0.022737341780116313,0.03266752510067519,0.036306927652065966,0.02889608607664998,0.6942823,0.71192265,0.7531347,0.5084472,0.5113821,0.6090379,0.502439,0.61553997,2026-10-05T21:57:37.730968
21,0.6117029190063477,0.4999074339866638,0.7851990693092347,0.6115624308586121,0.7851990693092347,0.8108487968444824,0.8930065701484681,1.9834185007095337,0.17946001970767975,3.455303590774536,1.9999833415985107,1.0,10.0,,,,,0.6718463843345642,0.6718463843345642,,,,17.850340768432616,0.029292543750896956,0.024065920838398064,,0.0578925090806357,0.45014249974754966,0.3357815949875078,0.0005794682550751218,0.01856946039375416,2.7400255806886467,,0.0009724209597436221,,76.53354761403078,19.059214330782556,,103.87134245854274,76.42886721860071,25.526836613940585,95.19288129867262,38.733843930967296,17.850319564722145,,0.6931388264249085,,0.0445607079869243,0.13077265584165124,,0.07597168316696859,0.03706642740945907,0.13546066194962544,0.002665926640034671,0.21905232700193003,0.09291502629305906,,,,0.15375,3075.0,0.7063953,0.6824406,0.78072506,0.4981043,0.49750778,0.6181818,0.4949372,0.6165581,0.49830004572868347,0.8014418649673462,0.6052499413490295,0.8014418649673462,0.028,28.0,0.4396026591304867,0.4407887849471643,0.4482926323507459,0.49261323868821105,0.44481070658592814,0.49018204014383865,0.5098001044437771,0.5073469983006041,0.5095365214873008,0.055260586917820216,0.05387551910893881,0.05568510006114984,0.06349876831022788,0.06694595020707637,0.06455936004811243,0.05948440710983879,0.05848190049520758,0.05709297544937864,0.7015,0.7468182,0.7073643,0.5055921,0.51747966,0.5940945,0.4996063,0.62348485,0.5032499432563782,0.7953053603172302,0.6077500581741333,0.7953053603172302,0.031,31.0,0.39771033089728575,0.3996131798329726,0.4088669891767004,0.4109834921344595,0.39920410449812793,0.40404607125915126,0.4502458963911561,0.4585729629017374,0.4382772690954721,0.021234693755725988,0.02387992530792475,0.022809193146441614,0.017183822712047124,0.022652524726562966,0.01579444195131326,0.017336514535463234,0.021750995030759286,0.01521673642769216,0.70282257,0.64774776,0.7916059,0.5030534,0.50731707,0.56798244,0.5130082,0.6138686,0.5007749944925308,0.7983736126422882,0.6064999997615814,0.7983736126422882,0.0295,29.5,0.41865649501388624,0.4202009823900684,0.42857981076372315,0.4517983654113353,0.42200740554202804,0.447114055701495,0.4800230004174666,0.48295998060117074,0.4739068952913864,0.0382476403367731,0.03887772220843178,0.03924714660379573,0.04034129551113751,0.04479923746681967,0.04017690099971284,0.03841046082265101,0.04011644776298343,0.0361548559385354,0.7021613,0.69728297,0.74948514,0.50432277,0.51239836,0.5810385,0.50630724,0.6186767,2026-10-05T22:01:51.479813
22,0.6090847253799438,0.49868497252464294,0.7941947850227355,0.6088048815727234,0.7941947850227355,0.8099599080085754,0.8920189173698425,2.0073301525115967,0.1906400551915169,3.88906975440979,1.9609522705078124,1.0,10.0,,,,,0.7132299906730651,0.7132299906730651,,,,17.822648364257812,0.19493166114067195,0.07902622850208431,,0.12722568140382978,0.47650149673413317,0.454217758243251,0.0010125762623568676,0.025642831204755672,3.9403836484167987,,0.003308942912044122,,76.49811932995061,19.03316842826309,,103.87729926625634,76.39048786527792,25.495344538597543,95.19187990419424,38.738801725351124,17.82262669703004,,0.6733978030028617,,0.04586558278863597,0.1318612768771542,,0.0789678812406625,0.03765589487590608,0.13875213407786788,0.0027939804969058864,0.22614081222919902,0.09450663948894307,,,,0.16145,3229.0,0.72127104,0.6592831,0.7753566,0.50053316,0.5031347,0.60412127,0.4940057,0.61464363,0.49574998021125793,0.8032310252189636,0.6040999293327332,0.8032310252189636,0.032,32.0,0.38962294540239567,0.3722087869908823,0.39386561137288634,0.38626707961563034,0.3326012921745455,0.390620142725042,0.47190430157076585,0.4656819146879043,0.4777806619716406,0.03914926509638689,0.03545176680781996,0.0392432287661117,0.04004203090899386,0.03288987310017232,0.032935981059209564,0.03220228495221839,0.02945517754092049,0.031559679716328046,0.698,0.7468182,0.6996124,0.50888157,0.50487804,0.6125985,0.51220477,0.60303026,0.504599928855896,0.7870719604492188,0.6125000715255737,0.7870719604492188,0.031,31.0,0.40199513605094683,0.39668870982457394,0.4148146349469035,0.3918383668184286,0.3712462268165091,0.39389871205033344,0.4558495385100762,0.4556588227201766,0.4518041668007674,0.03144589266789612,0.03430194864219174,0.03020168331965827,0.029591967597818167,0.049471403672320786,0.02385756744223566,0.028390957386776584,0.028627290233574416,0.023716849819859803,0.6919355,0.6666667,0.79890513,0.5080153,0.50691056,0.6184211,0.50487804,0.59671533,0.500174954533577,0.7951514928340913,0.6083000004291534,0.7951514928340913,0.0315,31.5,0.3958090407266712,0.38444874840772814,0.4043401231598949,0.38905272321702944,0.3519237594955273,0.3922594273876877,0.463876920040421,0.46067036870404043,0.464792414386204,0.03529757888214151,0.03487685772500585,0.034722456042884986,0.03481699925340601,0.041180638386246554,0.028396774250722612,0.030296621169497488,0.029041233887247456,0.027638264768093924,0.69496775,0.7067424,0.74925876,0.5084484,0.5058943,0.61550975,0.5085414,0.5998728,2026-10-05T22:06:04.680689
23,0.6124471426010132,0.5003450512886047,0.7873058384895325,0.6121975183486938,0.7873058384895325,0.8015598773002625,0.8826855494499206,1.8264196630477905,0.24879933531284332,4.153467910385132,1.9798933166503907,1.0,10.0,,,,,0.6846335236549378,0.6846335236549378,,,,17.79550305786133,0.16703843688562656,0.07503499107874313,,0.10436353812314522,0.47965587514221286,0.44084285517596894,0.0006826658706124397,0.019222465951802433,3.898250832299518,,0.0018742647234077571,,76.46227016570462,19.015739525958992,,103.88082219992474,76.35246777382626,25.465131431628183,95.1917395136159,38.75865673867001,17.795481007569915,,0.683027493346269,,0.046915287994275426,0.13556417557084635,,0.08127716259591898,0.03823033217222068,0.1421525717540911,0.0028942988304551808,0.2345887331446265,0.09657121862575507,,,,0.15875,3175.0,0.70200485,0.68530005,0.78072506,0.5030608,0.500993,0.6246667,0.50099236,0.60191447,0.5048000812530518,0.8267303795814515,0.5889999866485596,0.8267303795814515,0.03,30.0,0.43312500706839546,0.4360362737366263,0.44942433293633827,0.39555650077225135,0.33088171532539745,0.37124092955752075,0.40831172745023114,0.4057408665703103,0.4128019967935451,0.040832878487529777,0.04007257753549981,0.04032056107820605,0.03012264298156305,0.013327190948413456,0.02948753208339263,0.03282302157885904,0.039010766439896004,0.034195340123030424,0.66,0.74136364,0.6996124,0.49901316,0.51585364,0.5822835,0.5015748,0.5625,0.5005000829696655,0.8244177026748657,0.5880999565124512,0.8244177026748657,0.034,34.0,0.4452691005918521,0.44342596570746046,0.4471101436924099,0.3856110076415624,0.35403129445232984,0.37305533505546956,0.4059208822111801,0.4097169098638812,0.38683382988724485,0.019831380428769602,0.01964702683883303,0.017659572915113074,0.01747914317601481,0.013907839222899272,0.015350219526710488,0.014854610037514338,0.015330859348516525,0.010818111795710492,0.6286291,0.70450455,0.76532847,0.49389318,0.501626,0.59342104,0.50609756,0.51678836,0.5026500821113586,0.8255740411281586,0.5885499715805054,0.8255740411281586,0.032,32.0,0.43919705383012375,0.4397311197220434,0.4482672383143741,0.3905837542069069,0.34245650488886364,0.3721481323064951,0.4071163048307056,0.40772888821709574,0.39981791334039496,0.03033212945814969,0.02985980218716642,0.028990066996659562,0.02380089307878893,0.013617515085656364,0.022418875805051558,0.023838815808186687,0.027170812894206264,0.022506725959370456,0.6443145,0.7229341,0.7324704,0.49645317,0.5087398,0.58785224,0.50383615,0.5396442,2026-10-05T22:10:16.547269
24,0.610642671585083,0.49942460656166077,0.7902954316139221,0.6107025146484375,0.7902954316139221,0.8068593204498291,0.8885738196372985,2.029638572692871,0.3293978404998779,4.775347248458862,1.9908550273895265,1.0,10.0,,,,,0.6793914461135864,0.6793914461135864,,,,17.767626681518554,0.045234235208244274,0.045134709873622295,,0.07348423962819443,0.542172157413261,0.3847617881408163,0.0009618738840799779,0.022364962982476515,3.1323778570457628,,0.0022365779221183205,,76.42883334797659,19.000099097087883,,103.88821858205613,76.31450905769493,25.434608350134198,95.18957019004093,38.78688372472289,17.767608642578125,,0.6885753714354934,,0.04832587561979415,0.13989644891517178,,0.08366257948860241,0.03892461723013289,0.14582642561690823,0.0030956274702267092,0.24370459405479916,0.0988479430318638,,,,0.15835,3167.0,0.7017241,0.683528,0.7791997,0.503752,0.50068146,0.6164647,0.49953422,0.60272914,0.5030000805854797,0.7988043007850647,0.6066501140594482,0.7988043007850647,0.037,37.0,0.40365039740373204,0.4002570579590263,0.4054212723322263,0.4290992678009284,0.4519623378879881,0.4273896814855051,0.43740911042767333,0.4355261259390655,0.43565526776478525,0.051461612452166704,0.051083246407674844,0.05079128264872794,0.03967279675258539,0.044815638291544,0.037936605723695276,0.046533492717671564,0.044999878708625964,0.04541540401788269,0.697,0.7468182,0.7073643,0.50888157,0.51747966,0.61181104,0.49842522,0.61780304,0.49765002727508545,0.7836261014938355,0.6144999861717224,0.7836261014938355,0.038,38.0,0.413155071566315,0.4177424967730289,0.4178683020031284,0.4222053194719587,0.42391510052232556,0.41987814141606444,0.3982598414766062,0.3967936353461536,0.3949237705351188,0.02345898877674079,0.0272793432789836,0.025584394228460792,0.008258233623738053,0.014802183974679554,0.009672226190755048,0.019907400459282673,0.020997905787554717,0.02030650739697573,0.69717747,0.6648649,0.79890513,0.5061069,0.5097561,0.61008775,0.5093496,0.61021894,0.5003250539302826,0.7912152011394501,0.6105750501155853,0.7912152011394501,0.0375,37.5,0.4084027344850235,0.40899977736602755,0.4116447871676774,0.4256522936364435,0.4379387192051568,0.4236339114507848,0.41783447595213974,0.41615988064260956,0.41528951914995205,0.03746030061445375,0.039181294843329224,0.038187838438594364,0.023965515188161722,0.02980891113311178,0.023804415957225163,0.033220446588477115,0.03299889224809034,0.03286095570742921,0.6970887,0.70584154,0.7531347,0.5074942,0.5136179,0.6109494,0.5038874,0.614011,2026-10-05T22:14:29.915358
25,0.6125721335411072,0.500652551651001,0.7860727384567261,0.6125927567481995,0.7860727384567261,0.8208185891151428,0.9040841158866882,2.3329021715164187,0.24922276608943938,4.551909166717529,1.9994110755920411,1.0,10.0,,,,,0.7067466979026794,0.7067466979026794,,,,17.740772885131836,0.04258502496533974,0.0342556432558366,,0.08069986472600348,0.42512943861401004,0.4411673936399685,0.0007658945568014162,0.018922583639004807,3.60672877263871,,0.0022653444594322486,,76.39034995303791,18.96997926797077,,103.88771246648898,76.27722755966673,25.408495216612604,95.18939354768983,38.780718833777556,17.740752007551254,,0.6928538881289731,,0.04871001407788817,0.13983682405417133,,0.0850425755996613,0.03948531596429029,0.14937854543992668,0.003267836445574738,0.24930008154386168,0.1010073792592735,,,,0.16115,3223.0,0.71263033,0.6772252,0.78147787,0.5,0.4998248,0.623495,0.4968206,0.6114868,0.49939998984336853,0.811103898525238,0.6067500114440918,0.811103898525238,0.037,37.0,0.30896526128016055,0.3064686922828347,0.30983567481126334,0.42607777529894253,0.4518258233186925,0.4222284445524357,0.3229382251467586,0.3211367220361748,0.31958810163837287,0.03275369560690493,0.03311752808413301,0.029917412974856464,0.04278383545069923,0.05750504745517217,0.040876084379822736,0.027157930179582235,0.026858324122690843,0.025576625366426572,0.6925,0.7468182,0.70348835,0.50625,0.5247968,0.618504,0.5015748,0.6125,0.49879997968673706,0.7963930101394653,0.6123000383377075,0.7963930101394653,0.036,36.0,0.39111273463799867,0.39219869236042404,0.39292095399866045,0.4324898597140461,0.44709166588719995,0.4255294865009835,0.44273228604224696,0.44298028043085363,0.4388424239108478,0.012778784390869527,0.015209472519595986,0.012861403141356136,0.006218188698424804,0.009810114238234524,0.005868416072766078,0.014373074973778726,0.015567311382090948,0.014204933197640898,0.6923387,0.67027026,0.79890513,0.49770996,0.5121951,0.62061405,0.50447154,0.59562045,0.4990999847650528,0.8037484543323516,0.6095250248908997,0.8037484543323516,0.0365,36.5,0.3500389979590796,0.34933369232162936,0.3513783144049619,0.4292838175064943,0.4494587446029462,0.42387896552670956,0.38283525559450277,0.38205850123351426,0.3792152627746104,0.022766239998887227,0.0241635003018645,0.0213894080581063,0.024501012074562015,0.033657580846703346,0.023372250226294407,0.02076550257668048,0.021212817752390895,0.019890779282033734,0.69241935,0.70854425,0.75119674,0.50198,0.5184959,0.61955905,0.50302315,0.60406023,2026-10-05T22:18:43.304146
26,0.6124825477600098,0.49811026453971863,0.7860545921325683,0.6123544573783875,0.7860545921325683,0.8289838655471802,0.9131566427230835,2.390667158508301,0.18513359036445617,4.397258751296997,1.9978820873260499,1.0,10.0,,,,,0.6994869833946228,0.6994869833946228,,,,17.714138452148436,0.06246306059309608,0.038491405062466434,,0.07425298685041867,0.4860990882679156,0.4265788632688249,0.0005361649884759288,0.015585572390585759,3.522644624968243,,0.001806684732406547,,76.35298715579282,18.94080596972423,,103.88678304101252,76.23955608780976,25.380176349809975,95.18668788253882,38.78155799428369,17.71411619976068,,0.692090520813207,,0.049267794177600535,0.1402888178445731,,0.08669481810870444,0.040056301055440474,0.1523119772125961,0.003303762256897464,0.2551232416918323,0.10307520058504335,,,,0.14555,2911.0,0.7214515,0.66751915,0.78670764,0.49733412,0.500993,0.61664647,0.4993317,0.6109369,0.4934999644756317,0.7966449751853942,0.606249988079071,0.7966449751853942,0.032,32.0,0.3190806197708644,0.3188821365444533,0.31915195342623964,0.4256363535144169,0.3982384095314087,0.41912648278965786,0.4278434750702098,0.4257152840350578,0.42183992395401365,0.02864576423582848,0.028103350513304207,0.029296399272904377,0.0506648177132897,0.05405411815421129,0.053179784466763615,0.07436432630736402,0.07384048444167207,0.0754846785509745,0.702,0.7468182,0.70348835,0.50625,0.5142276,0.6102362,0.5,0.6208334,0.5005500316619873,0.781685441493988,0.613349974155426,0.781685441493988,0.032,32.0,0.35566917587204333,0.35637700265450223,0.35993597942348415,0.42874813486645036,0.4403425795989672,0.42084042500125585,0.4410835363484094,0.43943264719277486,0.43520813019195387,0.004245692175540363,0.003941911469580803,0.003206350237760297,0.008068179352767242,0.006188160865352092,0.005252469841452532,0.013967353068049393,0.013742542680733175,0.011484770594024946,0.69717747,0.65855855,0.79890513,0.5,0.5113821,0.6122807,0.5134146,0.60583943,0.4970249980688095,0.7891652083396912,0.6097999811172485,0.7891652083396912,0.032,32.0,0.33737489782145386,0.33762956959947776,0.3395439664248619,0.42719224419043367,0.41929049456518797,0.4199834538954569,0.4344635057093096,0.43257396561391637,0.42852402707298376,0.01644572820568442,0.016022630991442504,0.016251374755332337,0.02936649853302847,0.03012113950978169,0.029216127154108075,0.0441658396877067,0.04379151356120262,0.043484724572499724,0.6995888,0.70268834,0.75119674,0.503125,0.51280487,0.6112585,0.5067073,0.61333644,2026-10-05T22:22:56.205802
27,0.612494945526123,0.5024399161338806,0.7840070115089417,0.6125479340553284,0.7840070115089417,0.8313172407150269,0.915749289894104,2.4149842315673826,0.17410125070810317,4.544797027206421,1.9932015874862672,1.0,10.0,,,,,0.7224259509086609,0.7224259509086609,,,,17.686877627563476,0.03370469664023287,0.03796222605920474,,0.06666829119062727,0.47635158754078444,0.3667271915752037,0.0006163961423770821,0.016112395808409164,3.0224749444016985,,0.001931769385061966,,76.31655976119315,18.919769943140114,,103.88534949235856,76.20120297571655,25.34858582126107,95.18408125373209,38.79255780748501,17.686854575090347,,0.6897517503446834,,0.049975113551707785,0.1438663847697009,,0.08824342100103949,0.040749295264672324,0.15514912062389835,0.003402020724395373,0.26178525492643856,0.10540617404470018,,,,0.15065,3013.0,0.7141139,0.6662304,0.7817948,0.49745262,0.50118774,0.61771715,0.49965575,0.62458247,0.4978000521659851,0.7923722777366639,0.6061000227928162,0.7923722777366639,0.032,32.0,0.3330212510540009,0.33489026824561324,0.3342651716654102,0.45420034275818033,0.46617972632103954,0.4525591823462212,0.36500026500185156,0.3630321781525215,0.3687374967343648,0.04789349620124316,0.04756570411560647,0.04802565175510648,0.04705988348842663,0.04751971310848657,0.04699515101224359,0.06035224674617743,0.060226373988647275,0.06072854935119473,0.70199996,0.7468182,0.70348835,0.5055921,0.5142276,0.614567,0.5,0.6162879,0.4954000413417816,0.776981463432312,0.6134001016616821,0.776981463432312,0.033,33.0,0.36980793155328834,0.3658191134932492,0.3721574578589826,0.41703757816164705,0.42177336772745755,0.41305674354057276,0.36082455806061364,0.36184853435590253,0.3578999080177235,0.00995206230609042,0.009161409133733048,0.00926766839416132,0.005683722508016427,0.00943862251840058,0.004544503893527387,0.01252204465979528,0.012044591367276074,0.011652249116650889,0.69717747,0.65855855,0.79890513,0.5,0.5121951,0.6144737,0.5134146,0.6036497,0.49660004675388336,0.784676870584488,0.6097500622272491,0.784676870584488,0.0325,32.5,0.3514145913036446,0.3503546908694312,0.35321131476219636,0.43561896045991366,0.44397654702424855,0.43280796294339696,0.3629124115312326,0.362440356254212,0.36331870237604413,0.02892277925366679,0.02836355662466976,0.0286466600746339,0.02637180299822153,0.028479167813443576,0.025769827452885488,0.036437145702986354,0.036135482677961676,0.03619039923392281,0.6995887,0.70268834,0.75119674,0.50279605,0.51321137,0.6145203,0.5067073,0.6099688,2026-10-05T22:27:09.285247
28,0.6110125780105591,0.49962031841278076,0.7866737417221069,0.6108477711677551,0.7866737417221069,0.8293738578796387,0.9135899683952332,2.3473277641296386,0.18529066137075423,4.809422077560424,1.9930585945129395,1.0,10.0,,,,,0.7350617423057556,0.7350617423057556,,,,17.659415438842775,0.023724146778650795,0.030279489664159193,,0.052994038066589484,0.489039126380234,0.3587864378028235,0.0005556210726933334,0.014046605428751961,3.0598623236273506,,0.0014555444368696067,,76.27931125908141,18.897651927486347,,103.87936027186691,76.16297494681777,25.316407501317894,95.18306416311081,38.777164094766995,17.659393772198136,,0.6896608103612426,,0.05047993952776216,0.1469628727360136,,0.08922979610550935,0.04136561604726846,0.15753223258218949,0.0034861174059118245,0.2659040222502059,0.10667823919445087,,,,0.1576,3152.0,0.70368886,0.6712646,0.7840333,0.5017378,0.5026674,0.6256162,0.48884165,0.6108758,0.49330002069473267,0.8039557466506958,0.6013999581336975,0.8039557466506958,0.041,41.0,0.27272280134439775,0.26386950861906705,0.26826922332299963,0.3270177764309851,0.2951145204912398,0.30442830661248693,0.3499117191850301,0.34460423899155673,0.3438269882231008,0.06360467377134503,0.060462545297636706,0.06165262952297258,0.0821349529243071,0.07995191795033713,0.08144966773234924,0.0958691991604188,0.09282066377677482,0.09215952936137295,0.679,0.7468182,0.7073643,0.51381576,0.5150407,0.6110236,0.5074803,0.580303,0.5009000301361084,0.7984828472137451,0.6032000184059143,0.7984828472137451,0.041,41.0,0.35242740078756113,0.35235106999265753,0.35382040037172274,0.3679540086883109,0.35973641305809073,0.36389121045050143,0.38866326115496314,0.38769686675746223,0.38597692787021326,0.014571792539428797,0.01584539611005814,0.014581739250651087,0.017716906502910766,0.020602089809598625,0.016859732391028132,0.017787806562030724,0.018386458268678865,0.016952023149037387,0.6673387,0.69909906,0.79379565,0.50648856,0.501626,0.61008775,0.5097561,0.53868616,0.49710002541542053,0.8012192969322205,0.6022999882698059,0.8012192969322205,0.041,41.0,0.3125751010659794,0.30811028930586226,0.3110448118473612,0.347485892559648,0.3274254667746653,0.33415975853149416,0.3692874901699966,0.3661505528745095,0.36490195804665704,0.03908823315538691,0.03815397070384742,0.03811718438681183,0.04992592971360893,0.05027700387996788,0.049154700061688684,0.05682850286122476,0.055603561022726844,0.05455577625520517,0.6731694,0.7229586,0.75057995,0.51015216,0.5083333,0.61055565,0.50861824,0.5594946,2026-10-05T22:31:21.771805
29,0.6105977296829224,0.5002098679542542,0.7880484156608581,0.6105347871780396,0.7880484156608581,0.8189005617141724,0.901952977848053,2.2064174060821533,0.18184597452878953,5.242766753005982,1.9727001333236693,1.0,10.0,,,,,0.7743784127235412,0.7743784127235412,,,,17.63313298034668,0.023180016423434695,0.0413688547126237,,0.0658855476642063,0.5284579538615646,0.3899003171427235,0.0007553291232710716,0.016190012350417435,3.1870773502975513,,0.0018279816245041591,,76.2424289193123,18.869293261485495,,103.87662870565038,76.12532213539075,25.28562581007648,95.1813259246243,38.75665339087225,17.633109487545717,,0.679418191029008,,0.05128712112167079,0.14771489438357627,,0.09053048016918692,0.04206831162427641,0.16039221245012467,0.00371097392628005,0.2696204430358425,0.10870276315576712,,,,0.1817,3634.0,0.7041901,0.6790173,0.77561414,0.50268567,0.49964952,0.61967677,0.49761036,0.6079837,0.4880000352859497,0.7898074345588684,0.6078000664710999,0.7898074345588684,0.037,37.0,0.29949865036629586,0.2990861716824342,0.3034986243781977,0.3881947652086417,0.38473441008840153,0.3895512676778203,0.33346951139934,0.34717987185979704,0.3316339745839936,0.015006638043384814,0.01386943911559907,0.017001916796815085,0.040645845456138786,0.049082399572335005,0.04472553424879953,0.0166343103566457,0.020388003042491304,0.016708501617330337,0.693,0.7468182,0.7073643,0.5141447,0.5239838,0.618504,0.49842522,0.61098486,0.5028000473976135,0.7780779390335083,0.6129999160766602,0.7780779390335083,0.037,37.0,0.3784705971005868,0.3811514850484392,0.3817676932405889,0.4351142864709081,0.4433992502175944,0.43461099426828587,0.37577304535126566,0.37861748529292744,0.37187856680760145,-0.0033496292814514323,-0.002145758136809386,-0.0038908014057075246,0.007890635621476915,0.019376962863980596,0.007238697826249795,0.00234775213019517,0.002303712858544426,-0.002061420028705746,0.6923387,0.68108106,0.79890513,0.5,0.50487804,0.61710525,0.50853664,0.59562045,0.4954000413417816,0.7839426867961883,0.61039999127388,0.7839426867961883,0.037,37.0,0.3389846237334413,0.3401188283654367,0.34263315880939327,0.4116545258397749,0.41406683015299794,0.4120811309730531,0.35462127837530283,0.36289867857636227,0.3517562706957975,0.0058285043809666905,0.005861840489394842,0.00655555769555378,0.02426824053880785,0.0342296812181578,0.02598211603752466,0.009491031243420434,0.011345857950517865,0.0073235407943122955,0.6926694,0.7139496,0.7531347,0.5070723,0.5144309,0.61780465,0.5034809,0.60330266,2026-10-05T22:35:34.593483
30,0.6124175786972046,0.5004702806472778,0.7830585236549378,0.6123698949813843,0.7830585236549378,0.8216829983711242,0.9050445679664612,2.2531847450256346,0.17711122677326202,5.029039344406128,1.9946392320632935,1.0,10.0,,,,,0.7775727704048156,0.7775727704048156,,,,17.60621883544922,0.02037938486745397,0.03602513051992223,,0.06326197933740796,0.5102104611077886,0.3482999381650785,0.0006200944321066182,0.014551125585463396,2.8386679079122605,,0.0015182212020567497,,76.20384789728055,18.841123131430074,,103.86772048853005,76.08775689191879,25.254597147558904,95.18082413400055,38.72575531491808,17.60619882717254,,0.6904573231745678,,0.05169511152205953,0.1480952142530186,,0.09107364476866024,0.04265353691046405,0.16291546233140738,0.0038194122700507096,0.2722757564988106,0.11036262893752688,,,,0.16655,3331.0,0.7132117,0.67515105,0.7788629,0.5006122,0.5009735,0.61947477,0.5022276,0.61065173,0.5099500417709351,0.8028072633743286,0.6064499616622925,0.8028072633743286,0.025,25.0,0.3591562407402186,0.3591362597258337,0.3626329345031677,0.44382459848245526,0.4424268214369372,0.4466933288571533,0.36844966352131114,0.366896851018759,0.3692999309366182,0.05445268395910133,0.05194813215978816,0.05082806682553732,0.06654902145759836,0.058741533267442976,0.05975036224816948,0.054295244788884096,0.05128708013298122,0.04995230386962685,0.70199996,0.7468182,0.70348835,0.5049342,0.5142276,0.61338586,0.5,0.6208334,0.4943000376224518,0.7879016695022583,0.6140000224113464,0.7879016695022583,0.025,25.0,0.37606821740373636,0.38023483604076813,0.38838320351060046,0.4268983203256829,0.41620130476961964,0.4301428632215452,0.36994978098645503,0.3673524030929797,0.37187834716642665,-0.004972050182301524,-0.0068799427717069735,-0.0075372440447804626,-0.0006887886965396345,-0.0015334355911011345,-0.006159937901994776,-0.003441302573692018,-0.005111830752799647,-0.008943170226874884,0.69717747,0.65855855,0.79890513,0.5,0.5121951,0.6153509,0.5134146,0.6072993,0.5021250396966934,0.7953544664382934,0.6102249920368195,0.7953544664382934,0.025,25.0,0.3676122290719775,0.3696855478833009,0.37550806900688405,0.4353614594040691,0.4293140631032784,0.4384180960393492,0.3691997222538831,0.36712462705586935,0.37058913905152246,0.0247403168883999,0.022534094694040593,0.021645411390378427,0.03293011638052936,0.02860404883817092,0.026795212173087352,0.02542697110759604,0.023087624690090788,0.020504566821375983,0.6995887,0.70268834,0.75119674,0.5024671,0.51321137,0.6143684,0.5067073,0.61406636,2026-10-05T22:39:47.645266
31,0.6137823462486267,0.4992828667163849,0.7844753034591675,0.6138523817062378,0.7844753034591675,0.8089296089172363,0.8908741416931152,2.142035261917114,0.1747628184080124,4.556957225799561,1.9969940715789796,1.0,10.0,,,,,0.7367036315917969,0.7367036315917969,,,,17.5812271484375,0.02191187746364588,0.026617015238145404,,0.052131287504438385,0.5263494960251888,0.45621563937918397,0.0005912043754482985,0.014897315282445804,3.7376778006174,,0.001634698937302989,,76.16710920394605,18.821282526490034,,103.86109530697962,76.04988234210167,25.222913814957735,95.177448491382,38.71548192212536,17.58120847811365,,0.6916292678019044,,0.05223060641319129,0.15043441248927147,,0.09185725516954045,0.04332892048605688,0.16638093095296508,0.0038872794426123426,0.27671554039238366,0.11314631063657202,,,,0.1691,3382.0,0.72099036,0.67204994,0.77832806,0.50169826,0.5031542,0.6244647,0.4967396,0.6156008,0.5001500844955444,0.7977159004211426,0.6075500249862671,0.7977159004211426,0.033,33.0,0.3395252159176855,0.3351042368047123,0.340441397627182,0.46066539640144594,0.4791213252074059,0.46169233308571833,0.3570086767314373,0.35831048490993755,0.35632378815875876,0.0630056606549854,0.06391884484481608,0.0639345255786098,0.06437504745308321,0.06854842678246884,0.0626043090363464,0.061936965629632926,0.06339742880126162,0.0618111538087602,0.693,0.7468182,0.70348835,0.51611847,0.5252032,0.6188976,0.50236225,0.60530305,0.49650004506111145,0.7841662573814392,0.6134001016616821,0.7841662573814392,0.034,34.0,0.36796583951757095,0.3648150775049327,0.3711943338693539,0.42446405844478907,0.4302585233089471,0.4236081482782668,0.42804425776062016,0.42646309232241714,0.42337677356077913,0.008985094106407753,0.008731058241595995,0.00835654183243254,0.011611788533946238,0.014531668340267805,0.009673717734445838,0.014557245354085167,0.014048096425694996,0.012329765612759678,0.6923387,0.6801802,0.79890513,0.50076336,0.5126016,0.6153509,0.50731707,0.5941606,0.49832506477832794,0.790941078901291,0.6104750633239746,0.790941078901291,0.0335,33.5,0.35374552771762824,0.34995965715482247,0.35581786574826796,0.4425647274231175,0.4546899242581765,0.44265024068199255,0.39252646724602874,0.3923867886161774,0.3898502808597689,0.03599537738069658,0.03632495154320604,0.03614553370552117,0.03799341799351472,0.04154004756136832,0.036139013385396115,0.03824710549185904,0.038722762613478304,0.03707045971075994,0.6926694,0.7134992,0.75119674,0.5084409,0.5189024,0.61712426,0.50483966,0.5997318,2026-10-05T22:43:59.558641
32,0.613042414188385,0.500450074672699,0.7832957927703857,0.6131245493888855,0.7832957927703857,0.8240304339408875,0.9076528329849243,2.310000971031189,0.16823435093164443,4.70825622253418,1.990446266555786,1.0,10.0,,,,,0.7733883628845215,0.7733883628845215,,,,17.55602991027832,0.018785084985014182,0.03477402296952405,,0.0665632607059399,0.4766532407634577,0.32712417700962654,0.0006117771128374211,0.014474826755156373,2.814267278666709,,0.0018144430154522994,,76.12871327977271,18.793757554072485,,103.85715168752488,76.01171403629765,25.190497027840586,95.17684066675271,38.72124809216542,17.556011479371673,,0.6883585361918066,,0.052650002988090944,0.15220293317251143,,0.09300513271313564,0.04408178267300509,0.16946426242779775,0.004146105191628834,0.2826810314017496,0.11560008935867601,,,,0.1635,3270.0,0.7160786,0.6691301,0.78413236,0.4970774,0.506912,0.6240202,0.49601054,0.613666,0.49674996733665466,0.7936492748260499,0.6057500243186951,0.7936492748260499,0.03,30.0,0.31762466664608857,0.3200826053992143,0.3232751645168869,0.3858922254574385,0.40503946406151153,0.3878880904333959,0.35745055111900254,0.3704677678985352,0.3632131468972651,0.015317735800612523,0.01395105149052557,0.013711980754473814,0.041299102228886116,0.05291971824859634,0.04017578388293031,0.023631393394880962,0.025693366310180397,0.023724245889827956,0.702,0.7468182,0.70348835,0.5065789,0.5142276,0.614567,0.49842522,0.61401516,0.5056500434875488,0.7785792608261108,0.6123999953269958,0.7785792608261108,0.03,30.0,0.37587431101701907,0.3709505160563246,0.38077357999617056,0.4210456549742168,0.43768531841395497,0.41885356578692734,0.383950803865959,0.3850760938588673,0.3794840193387395,-0.0007356529889861946,-0.003484674849693343,-0.002453805507140211,0.007634611429371097,0.010015263511591087,0.004677397423012939,0.0037396404084013885,0.0019559018958283615,-0.0009792570053795179,0.69395167,0.65855855,0.79890513,0.5,0.5113821,0.61622804,0.5134146,0.5985401,0.5012000054121017,0.7861142678260804,0.6090750098228455,0.7861142678260804,0.03,30.0,0.3467494888315538,0.3455165607277695,0.3520243722565287,0.4034689402158277,0.4213623912377332,0.4033708281101616,0.37070067749248076,0.37777193087870126,0.3713485831180023,0.007291041405813164,0.0052331883204161135,0.005629087623666801,0.024466856829128608,0.031467490880093714,0.022426590652971624,0.013685516901641175,0.01382463410300438,0.01137249444222422,0.6979759,0.70268834,0.75119674,0.50328946,0.51280487,0.6153975,0.50591993,0.60627764,2026-10-05T22:48:12.093288
33,0.6123002171516418,0.49878260493278503,0.7852398189544678,0.6124173402786255,0.7852398189544678,0.8333689812660218,0.9180290002822876,2.3755208011627196,0.20079601716995238,4.797473585510254,1.9986702825546265,1.0,10.0,,,,,0.7072100929260254,0.7072100929260254,,,,17.53496201171875,0.04708517604777412,0.038918149325355984,,0.07493180884522901,0.49575784081106733,0.3045128722479389,0.0009132947197708948,0.019654433619658088,2.596429876745886,,0.002129095299444239,,76.09328645353864,18.772579703361366,,103.8565942557754,75.97320508045756,25.156893262437954,95.16872158172025,38.75846041539672,17.53494232323519,,0.6924840010655154,,0.05337120955631991,0.1548560753369787,,0.09442031179453916,0.044749589197954555,0.17270416144732456,0.004206354323489841,0.29093974695843494,0.11903689516957398,,,,0.1547,3094.0,0.70320773,0.6831454,0.78135896,0.505549,0.4974494,0.62359595,0.49552453,0.6117312,0.4972999691963196,0.7926328721046447,0.6064500212669373,0.7926328721046447,0.029,29.0,0.35536628046936103,0.3571155948297083,0.3574216152613441,0.4378560639815806,0.44406256172542546,0.4357348453775148,0.38820449554423553,0.38589811762061504,0.3868025299087047,0.004004793821489277,0.0021916854996446244,0.001308933398979856,0.018004602899449648,0.017006735121775692,0.015083896286888105,0.0147248612041118,0.012276682997445172,0.01105001832272457,0.70199996,0.7468182,0.70348835,0.5105263,0.5126017,0.614567,0.49842522,0.6162879,0.4917500615119934,0.7781312823295593,0.6136000156402588,0.7781312823295593,0.031,31.0,0.37574738640115607,0.3745348012605743,0.37689844656316357,0.4337703562618091,0.43783375359316123,0.41501585664663615,0.38758477759123894,0.38898556559330927,0.38109552749187875,0.003940450330522893,0.0019009847586286854,7.351028283716941e-05,0.0017394412649909948,0.0069770881703339685,-0.00411612413726839,-0.0019223642217817286,-0.0029713955714935243,-0.009405233950861116,0.6979839,0.65855855,0.79890513,0.5,0.5121951,0.61622804,0.5130082,0.60328466,0.4945250153541565,0.7853820772171021,0.610025018453598,0.7853820772171021,0.03,30.0,0.3655568334352586,0.3658251980451413,0.3671600309122538,0.4358132101216948,0.44094815765929335,0.42537535101207546,0.38789463656773726,0.38744184160696216,0.3839490287002917,0.003972622076006085,0.0020463351291366547,0.0006912218409085127,0.009872022082220322,0.01199191164605483,0.005483886074809857,0.006401248491165036,0.004652643712975824,0.0008223921859317265,0.69999194,0.70268834,0.75119674,0.50526315,0.51239836,0.6153975,0.5057167,0.6097863,2026-10-05T22:52:24.699330
34,0.6131349802017212,0.5030900239944458,0.783167696762085,0.6134150624275208,0.783167696762085,0.8390232223510742,0.9243114859580993,2.4096149557113646,0.19455973954200745,4.689381485366821,1.999177896118164,1.0,10.0,,,,,0.7211420413017273,0.7211420413017273,,,,17.512268811035156,0.01885400640638842,0.020770177195459653,,0.0482484477640361,0.44947449189082833,0.32012907168857613,0.0007621435476148168,0.01874481142457029,2.766634719861541,,0.002019140359019278,,76.05688257885586,18.745963795169903,,103.84967633873035,75.9356787128813,25.129550496484065,95.16331841535629,38.79397454231408,17.512244619381654,,0.6927361412412801,,0.0540646843042723,0.15564153034975575,,0.09520056511566138,0.045355903352521786,0.1758970502455523,0.0042160614215691755,0.2987741778610618,0.12232307738559262,,,,0.13815,2763.0,0.71030474,0.6730769,0.78585577,0.4987559,0.5040109,0.6218788,0.49943295,0.61615074,0.4940999746322632,0.7941734480857849,0.6091001033782959,0.7941734480857849,0.023,23.0,0.37073883704905686,0.3702096341703661,0.37131759436666467,0.45616254468661643,0.44494553671080267,0.45416081156674054,0.39172814426091773,0.3907816053128191,0.38977594413577,0.02972670940892224,0.028087813970628768,0.028095893685940336,0.041575993239952744,0.04447328956158439,0.040114232016856335,0.036371880061678165,0.03586014035357468,0.03485753620684159,0.693,0.7468182,0.7073643,0.5141447,0.5239838,0.618504,0.5,0.6193182,0.4923000931739807,0.7853574342727662,0.6132999658584595,0.7853574342727662,0.024,24.0,0.35563404789527525,0.35827327333003794,0.35839605181221756,0.4100011005017113,0.4032933857256395,0.40582458336600774,0.37743403043718926,0.3776366024812943,0.3726567842608775,-0.004321048740768681,-0.008386151924532311,-0.008011644413053307,-0.000807641025726671,-0.006039328969678711,-0.003771914216799872,-0.007361948869677429,-0.010219433742135312,-0.01219695401237574,0.6923387,0.68108106,0.7967153,0.49847332,0.50487804,0.6144737,0.50772357,0.6043796,0.49320003390312195,0.7897654411792756,0.6112000346183777,0.7897654411792756,0.0235,23.5,0.363186442472166,0.364241453750202,0.3648568230894411,0.43308182259416383,0.4241194612182211,0.42999269746637414,0.3845810873490535,0.3842091038970567,0.3812163641983237,0.01270283033407678,0.009850831023048227,0.010042124636443515,0.020384176107113038,0.01921698029595284,0.018171158900028232,0.014504965596000369,0.012820353305719685,0.011330291097232922,0.6926694,0.7139496,0.7520398,0.50630903,0.5144309,0.6164888,0.5038618,0.6118489,2026-10-05T22:56:37.484287
35,0.6139950156211853,0.5024250745773315,0.781440136051178,0.6142325401306152,0.781440136051178,0.8537342600822448,0.9406570799827576,2.616257021713257,0.22505971591472626,5.060274932098388,1.9996802228927613,1.0,10.0,,,,,0.7478296834945679,0.7478296834945679,,,,17.486062200927734,0.009279677663280207,0.01819851738549057,,0.03872375678460879,0.5733962538325863,0.312485004828614,0.000637551171734416,0.015216393351768422,2.65036681693071,,0.0016230223965026575,,76.01849209730793,18.71882311098135,,103.84057821285953,75.89864174423704,25.102010811969734,95.16143210830202,38.80334888142385,17.486038487428313,,0.6929873767172455,,0.05446685523174371,0.15656033177284678,,0.09581762694629134,0.04605077470468867,0.178928186179726,0.004283936676468439,0.3044467750628283,0.12470663827695665,,,,0.1263,2526.0,0.710846,0.68240035,0.7850238,0.49721566,0.5038357,0.61935353,0.50121504,0.61621183,0.5008999705314636,0.7926248149871826,0.6075000166893005,0.7926248149871826,0.025,25.0,0.3389600421939595,0.3246540208369752,0.33911413855548056,0.42945456399334486,0.4312357299671042,0.42931171271127094,0.3556764948536087,0.3571705756897874,0.3555259748977773,0.012416432685479269,0.010870443687915605,0.012902160405547078,0.017549024048847454,0.018698596894000823,0.017557925368569705,0.0023821965034421036,0.0026242807212508786,0.002557115427641265,0.693,0.7468182,0.7073643,0.5141447,0.5239838,0.6129921,0.49842522,0.61401516,0.5044999718666077,0.7802097783088684,0.6134000420570374,0.7802097783088684,0.023,23.0,0.3854973274321088,0.3743912717097384,0.3877815629497214,0.41578204057894075,0.4233669691841852,0.41296217021191706,0.41794477756919146,0.4181924059576952,0.4163846190729107,0.009010960819595265,0.006348199409721967,0.008196296033312608,0.01092328205053751,0.011871794234912589,0.010039120641547704,0.01175204815811812,0.011048018610227701,0.009964117719042763,0.68830645,0.68108106,0.79890513,0.5,0.50487804,0.6144737,0.5085366,0.6043796,0.5026999711990356,0.7864172966480255,0.610450029373169,0.7864172966480255,0.024,24.0,0.36222868481303416,0.34952264627335683,0.363447850752601,0.42261830228614283,0.4273013495756447,0.42113694146159397,0.3868106362114001,0.38768149082374126,0.38595529698534403,0.010713696752537267,0.008609321548818785,0.010549228219429843,0.01423615304969248,0.015285195564456705,0.013798523005058703,0.007067122330780112,0.00683614966573929,0.006260616573342014,0.6906532,0.7139496,0.7531347,0.5070723,0.5144309,0.61373293,0.5034809,0.6091974,2026-10-05T23:00:49.594620
36,0.613212525844574,0.5018927454948425,0.7831946060180665,0.6131298542022705,0.7831946060180665,0.8626879035949707,0.9506055729866028,2.730310915374756,0.25971255097389223,5.568648307037353,1.9889721176147461,1.0,10.0,,,,,0.7795107056617737,0.7795107056617737,,,,17.46101654968262,0.007517421225155926,0.016754864977901077,,0.03614327925847618,0.5720723984157963,0.3231504252002497,0.0003836331743282447,0.011451959126528091,2.623797293111777,,0.0009029763222529863,,75.98050359252152,18.692327268564018,,103.8337239064988,75.86208664232,25.073539235789305,95.16195362844284,38.75567388838264,17.46099713805375,,0.6876277278183373,,0.05499873391002606,0.15788053801864577,,0.09691159047518566,0.0467773528330645,0.1818282099286462,0.004431333499634342,0.30559658206951845,0.12721179292839804,,,,0.1055,2110.0,0.71158785,0.6827628,0.7783479,0.5012836,0.4989291,0.61894953,0.49554476,0.6200204,0.49880000948905945,0.794387044429779,0.6094000935554504,0.794387044429779,0.012,12.0,0.34247796105194694,0.34397294499619674,0.34413113787840066,0.44626552930432467,0.4372489232393107,0.44527071454036177,0.40525229678336067,0.4057358252984914,0.40424949054940973,0.03056986273924446,0.02861373391040356,0.03097822994298922,0.04031702553446698,0.04362521110743185,0.04008164211670128,0.03616785124449418,0.03472092840261069,0.033959935320943734,0.693,0.7468182,0.7073643,0.5141447,0.5239838,0.618504,0.5,0.6215909,0.4973999559879303,0.7826262807846069,0.614300012588501,0.7826262807846069,0.012,12.0,0.3503641575325699,0.3419229134183566,0.35209505079610837,0.4184426486840814,0.40295781961533517,0.4140496041569054,0.4224987286854972,0.41973985442229683,0.4183687642279183,0.002714096668696114,0.0009374979724360127,0.0016767198124245438,0.0038567363039392517,2.586515638318684e-05,0.0019050952739617698,0.008959242786154356,0.008091167204811617,0.006289700616226921,0.6923387,0.68108106,0.79890513,0.49847332,0.50487804,0.6144737,0.50772357,0.609489,0.4980999827384949,0.788506662607193,0.6118500530719757,0.788506662607193,0.012,12.0,0.3464210592922584,0.3429479292072767,0.3481130943372545,0.432354088994203,0.4201033714273229,0.42966015934863355,0.4138755127344289,0.41273783986039414,0.411309127388664,0.016641979703970286,0.014775615941419787,0.01632747487770688,0.022086880919203113,0.021825538131907518,0.020993368695331527,0.02256354701532427,0.021406047803711154,0.020124817968585326,0.6926694,0.7139496,0.7531347,0.50630903,0.5144309,0.6164888,0.5038618,0.61553997,2026-10-05T23:05:02.171225
37,0.6140123009681702,0.4986201524734497,0.7812690153121948,0.6140274405479431,0.7812690153121948,0.862347531414032,0.9502273826599121,2.729704503250122,0.2542181934356689,5.430065014266968,1.9991428813934327,1.0,10.0,,,,,0.7550228264808655,0.7550228264808655,,,,17.436781478881837,0.03286910192947538,0.03535885973088295,,0.056911659177472804,0.5406987402754225,0.3936203116918825,0.0004792538817985292,0.012546524601235131,3.123019427630552,,0.00152584322785034,,75.94296123723315,18.667744460379243,,103.82390871473179,75.82482477661911,25.045092345802647,95.16101195705924,38.71347638755847,17.436758575925403,,0.6927007592407761,,0.055392386190071224,0.15959663784048359,,0.0974265605116346,0.047425507573754924,0.18476468685326303,0.0044936479342164125,0.30691739385295064,0.12985014118206728,,,,0.1127,2254.0,0.7084202,0.6804269,0.7846474,0.50227094,0.500331,0.6240202,0.5030377,0.61130345,0.494299978017807,0.7935817008018493,0.6054999232292175,0.7935817008018493,0.025,25.0,0.3481853943678795,0.3492253151483445,0.35013937143402685,0.4444228475652465,0.42883440407684575,0.44138686547553485,0.39130042579128577,0.3892483393612002,0.3908862208002079,0.058652703452411116,0.059909876821973955,0.059251724589287236,0.05601172930663553,0.05888830663489877,0.057355051958521246,0.053526886176905396,0.05484442165424992,0.05498414671062476,0.693,0.7468182,0.70348835,0.5141447,0.52073175,0.61929137,0.49842522,0.59962124,0.5001000761985779,0.780815731048584,0.6114000082015991,0.780815731048584,0.028,28.0,0.346093797746936,0.3440702680072481,0.3467989613856007,0.4155908806115488,0.4165450951290315,0.41282597888511374,0.3816031614717577,0.3828389286851591,0.3793844449783836,0.008752955855652077,0.00836166685308717,0.007641516239801779,0.01863085017542137,0.014190145373756492,0.01669619753221283,0.014412780679759355,0.013488208776190806,0.012454709119901392,0.6923387,0.68108106,0.79890513,0.5,0.50731707,0.61885965,0.50853664,0.580292,0.49720002710819244,0.7871987159252167,0.6084499657154083,0.7871987159252167,0.026500000000000003,26.5,0.34713959605740774,0.3466477915777963,0.34846916640981374,0.43000686408839767,0.4226897496029386,0.4271064221803243,0.3864517936315217,0.38604363402317965,0.38513533288929575,0.033702829654031596,0.03413577183753056,0.033446620414544506,0.037321289741028454,0.03653922600432763,0.03702562474536704,0.033969833428332374,0.034166315215220365,0.03371942791526308,0.6926694,0.7139496,0.75119674,0.5070723,0.5140244,0.61907554,0.5034809,0.58995664,2026-10-05T23:09:14.309883
38,0.6123046278953552,0.500960111618042,0.7848905750274658,0.6122721433639526,0.7848905750274658,0.8551236930847168,0.9422008959770203,2.650578667449951,0.27353701448440554,5.748531777954102,1.9999119092941284,1.0,10.0,,,,,0.759701298904419,0.759701298904419,,,,17.41217222290039,0.013763534197299058,0.018880815737195623,,0.025976984341225473,0.35117345322279414,0.35359946439030826,0.0003337140319411788,0.01032282424212736,2.7903852764588253,,0.0007361095597084936,,75.91007820663938,18.64160127093078,,103.82715422028949,75.78661419327851,25.014219381247358,95.15740417674849,38.72482005805726,17.41215884457728,,0.6930987432504155,,0.05678573784649752,0.16088911236091785,,0.09924115088714916,0.048050928291431656,0.18757948848851927,0.00454435138933503,0.3124529831348711,0.13178523387878563,,,,0.1205,2410.0,0.7028468,0.68785745,0.7814184,0.4993681,0.4998248,0.6227879,0.49823818,0.6080652,0.49500006437301636,0.7904508924484253,0.6090999841690063,0.7904508924484253,0.023,23.0,0.29346011207568523,0.28780400682504864,0.29386187596697855,0.37788194777338513,0.3707808121421025,0.3775929137605918,0.3316814716593117,0.33177058917773916,0.3308938800050609,0.018934236966508273,0.019663947002833426,0.020375686303099456,0.03551333663331003,0.04219262243517731,0.03714968847656608,0.017408497746390972,0.019440927701687864,0.018459389774076834,0.693,0.7468182,0.7073643,0.5141447,0.5239838,0.618504,0.5,0.6193182,0.4980999827384949,0.7794860501289368,0.6136000156402588,0.7794860501289368,0.021,21.0,0.3375947541318724,0.3337176319084364,0.3390894489182741,0.4042478678500019,0.40412664273204896,0.40714822058143196,0.3700348986030016,0.36912894353054365,0.36755103529056593,0.0018145906879265719,0.00010355889675989704,0.0003130608743789169,0.0014203304847594338,-0.001097812959836115,1.6503613165120786e-06,-0.001823200757181413,-0.004245989209278931,-0.004101240765055777,0.6923387,0.68108106,0.79890513,0.49847332,0.50487804,0.6144737,0.50772357,0.6043796,0.4965500235557556,0.7849684712886811,0.6113499999046326,0.7849684712886811,0.022,22.0,0.31552743310377884,0.3107608193667425,0.3164756624426263,0.3910649078116935,0.38745372743707573,0.3923705671710119,0.35085818513115663,0.3504497663541414,0.34922245764781346,0.010374413827217422,0.00988375294979666,0.010344373588739186,0.01846683355903473,0.020547404737670596,0.018575669418941294,0.007792648494604779,0.0075974692462044665,0.007179074504510528,0.6926694,0.7139496,0.7531347,0.50630903,0.5144309,0.6164888,0.5038618,0.6118489,2026-10-05T23:13:27.074130
39,0.6126201152801514,0.5012980103492737,0.7842013876914978,0.6125423908233643,0.7842013876914978,0.8533240135192871,0.9402012546539307,2.627366822052002,0.23327134766578675,5.283711386489868,1.9974894233703613,1.0,10.0,,,,,0.7073490986824036,0.7073490986824036,,,,17.388983111572266,0.1900188678639769,0.05075583676066084,,0.06613294369612292,0.3941614847084519,0.31430331147780083,0.0005145891547587902,0.012226899492607754,2.5323857596725414,,0.0011974329095818385,,75.87343874402866,18.615453513564578,,103.82058744977235,75.74844394367972,24.982363269587232,95.15444076440896,38.72193218644257,17.38896571602791,,0.6918509086226202,,0.057200767123585294,0.16258187582538386,,0.0998246853423726,0.048638178996599404,0.19039493438544547,0.004553303638603657,0.3167448134938623,0.1345269968555232,,,,0.1212,2424.0,0.7088613,0.6806887,0.7749406,0.5010466,0.5039914,0.6281212,0.4968003,0.6080448,0.5058000087738037,0.7916539168357849,0.6070999503135681,0.7916539168357849,0.027,27.0,0.3467340288030122,0.3450285283707453,0.3470100488363876,0.4463757426337554,0.4454745041956288,0.44937439631179577,0.4041488340138956,0.40566496143180897,0.4037633421310023,0.03947909528823969,0.03978096878013536,0.040125098498921104,0.045743431557868405,0.04907848157599919,0.045854378944801405,0.028981656174938124,0.03162038470586195,0.031370096947970036,0.67800003,0.7468182,0.7073643,0.5141447,0.52723575,0.6169291,0.5,0.61401516,0.5099999904632568,0.7835929827690125,0.6102999448776245,0.7835929827690125,0.028,28.0,0.3327437327049224,0.33110169657228344,0.3357584931098337,0.3916989729483586,0.38650026005233684,0.38727648981430973,0.4026170427594972,0.40202641992994553,0.40172762699030184,0.0007785711474666718,0.0007453936379115258,-0.00017310139973964936,0.0019952701138596946,0.004939813308194506,1.968425002970896e-05,0.008415056304320238,0.007904719387817042,0.005672558752613019,0.68830645,0.67927927,0.79890513,0.49847332,0.50569105,0.61885965,0.5028455,0.5854015,0.5078999996185303,0.7876234498023986,0.6086999475955963,0.7876234498023986,0.0275,27.5,0.3397388807539673,0.3380651124715144,0.34138427097311064,0.419037357791057,0.4159873821239828,0.41832544306305275,0.4033829383866964,0.4038456906808773,0.40274548456065207,0.02012883321785318,0.020263181209023443,0.01997599854959073,0.02386935083586405,0.02700914744209685,0.022937031597415558,0.01869835623962918,0.019762552046839493,0.01852132785029153,0.6831533,0.7130487,0.7531347,0.50630903,0.5164634,0.6178944,0.50142276,0.5997083,2026-10-05T23:17:39.100552
40,0.6103077530860901,0.5024300813674927,0.7888615154266357,0.610299825668335,0.7888615154266357,0.8458703909873962,0.9319194507598877,2.51954268283844,0.2279759685277939,5.0395163105010985,1.9791460817337037,1.0,10.0,,,,,0.602707093667984,0.602707093667984,,,,17.365700430297853,0.07834872299364833,0.0331695540978686,,0.0469922781358384,0.38237833597098186,0.315067441979791,0.00034661810886567893,0.00996767069438508,2.4719703742273293,,0.0010802102039349755,,75.84069221642366,18.594632422088818,,103.8165126241696,75.71086616273139,24.95398946628449,95.15044223275154,38.70851356360563,17.365687242738762,,0.6826681995847422,,0.058218204339218746,0.1656915819758822,,0.10082305545450017,0.049181924409167785,0.1934203329929121,0.004597271068887725,0.320236948645039,0.1375220880197112,,,,0.1323,2646.0,0.6980152,0.6868707,0.77507925,0.4959913,0.502648,0.6216162,0.49989873,0.6044603,0.5074499845504761,0.8053147110939026,0.6016499996185303,0.8053147110939026,0.028,28.0,0.3976969574449112,0.4013789125380613,0.4038432863263717,0.45566628296354156,0.4694566740008265,0.4571893900979579,0.45677290357943967,0.4598029294032341,0.45777869152980377,0.03397371726698454,0.0350247991449058,0.03365908563172152,0.03442046556973081,0.03312184087665922,0.0347456405071913,0.033576328311265044,0.033562224616976694,0.03406028493721649,0.70199996,0.74636364,0.6961241,0.5101974,0.5126017,0.61338586,0.496063,0.5912879,0.49779999256134033,0.7849303288459778,0.6114499568939209,0.7849303288459778,0.034,34.0,0.35319903697383065,0.35362870073441616,0.3615442485524209,0.38569004890649755,0.38672553852055974,0.3845501271123394,0.3498118418281072,0.3519580832049419,0.34613850512287336,0.0009697483208548431,0.0021852843157980123,-0.0007467058299396978,0.010502982780326754,0.008924472117217372,0.006828738387880121,0.008589964664107063,0.007138314982861769,0.006266476520606351,0.69153225,0.6693694,0.79890513,0.49160308,0.5142276,0.61622804,0.5126017,0.5912409,0.5026249885559082,0.7951225199699402,0.6065499782562256,0.7951225199699402,0.031,31.0,0.37544799720937094,0.3775038066362387,0.3826937674393963,0.42067816593501955,0.42809110626069313,0.42086975860514864,0.40329237270377344,0.405880506304088,0.40195859832633857,0.01747173279391969,0.018605041730351907,0.01645618990089091,0.022461724175028782,0.021023156496938294,0.020787189447535707,0.021083146487686055,0.020350269799919232,0.02016338072891142,0.69676614,0.70786655,0.7475146,0.50090027,0.5134146,0.61480695,0.5043323,0.59126437,2026-10-05T23:21:51.411941
41,0.6122423410415649,0.49981507658958435,0.7843177556991577,0.6121200323104858,0.7843177556991577,0.8456644262313843,0.9316906036376953,2.488042528343201,0.24671720230579378,5.106512489318848,1.9770079181671143,1.0,10.0,,,,,0.7193793429374695,0.7193793429374695,,,,17.345057574462892,0.03399091072964102,0.04094895527618018,,0.06971499726478793,0.3549901778530923,0.24805703139893567,0.0005343757149174655,0.012390320174467222,1.8537823922315222,,0.0015911597326121873,,75.80220138646995,18.577032052787246,,103.81503650640985,75.67417198229747,24.928494471653252,95.14791053723378,38.70033837579618,17.345034678270864,,0.6815190125422873,,0.05886460695961478,0.16906970331243648,,0.10184320128837208,0.049777323249608846,0.1964411574184515,0.004601957733226809,0.32411325224645576,0.14125326029054677,,,,0.13245,2649.0,0.7141339,0.67678213,0.7822504,0.49709716,0.49927962,0.621394,0.4976509,0.610611,0.49459999799728394,0.7854380922317505,0.6093000769615173,0.7854380922317505,0.027,27.0,0.3447524264459232,0.34900909814601794,0.34370760721463384,0.4540784662085106,0.43839753404908954,0.4540784662085106,0.45974280885512653,0.4576492030839961,0.4597468587278386,0.03840146314684089,0.03574664696828388,0.03804535496991362,0.04208346052828819,0.04579933990811981,0.04208346052828819,0.042554000187731165,0.041947530350160044,0.042456373700684245,0.693,0.7468182,0.7073643,0.5154605,0.5239838,0.61614174,0.5,0.6215909,0.5018000602722168,0.774864661693573,0.6141000390052795,0.774864661693573,0.023,23.0,0.342832126629628,0.3440531324647032,0.34915263229265614,0.41530511276957677,0.4142948406465236,0.41521176111973085,0.42418775713095186,0.418033323945004,0.41626829497554024,0.005241702522239103,0.0028926672706234362,0.0058987828142634344,0.0029255480702862382,-7.011411733894371e-05,0.004197623904363742,0.009042548828651669,0.00860793009901871,0.009394360768120223,0.6923387,0.68108106,0.79890513,0.49847332,0.50487804,0.6127193,0.50772357,0.609489,0.49820002913475037,0.7801513769626618,0.6117000579833984,0.7801513769626618,0.025,25.0,0.34379227653777555,0.34653111530536057,0.346430119753645,0.4346917894890437,0.4263461873478066,0.43464511366412073,0.44196528299303917,0.43784126351450003,0.43800757685168945,0.021821582834539995,0.019319657119453656,0.021972068892088525,0.02250450429928721,0.022864612895390435,0.023140542216325964,0.025798274508191416,0.025277730224589377,0.025925367234402235,0.6926694,0.7139496,0.7531347,0.5069669,0.5144309,0.61443055,0.5038618,0.61553997,2026-10-05T23:26:03.869701
42,0.6112799048423767,0.49953266978263855,0.7849280945777893,0.6114073395729065,0.7849280945777893,0.8472662845611573,0.9334704412460327,2.556513339614868,0.25889688057899474,5.595804621505737,1.9851034435272217,1.0,10.0,,,,,0.7437615082740784,0.7437615082740784,,,,17.32129698486328,0.014166815082392816,0.020969342648357175,,0.04056100980052428,0.40317756981606695,0.36620522998747934,0.000360429109645871,0.009858292671347595,2.8261388057166603,,0.0008925777317834298,,75.76437538292757,18.55854729330464,,103.80837458713799,75.63710444748023,24.89966379153501,95.14576604563719,38.6653144739236,17.32128053410038,,0.6856046861903683,,0.05941429814905118,0.17161536634348,,0.10275474309351794,0.05036170460331212,0.1986586197166686,0.0047711764052984825,0.3259123349265688,0.143858199761172,,,,0.12185,2437.0,0.70396954,0.67923886,0.7812401,0.5010664,0.49651483,0.621495,0.4981369,0.61189413,0.5023999810218811,0.804035945892334,0.6062000393867493,0.804035945892334,0.025,25.0,0.34666387883385047,0.35659130263880867,0.3490699093255609,0.45080749772381296,0.43435673594528906,0.4514576658451478,0.4046360366090811,0.4074932719412512,0.4066701760926422,0.040932925650722984,0.04098888010274703,0.03974845270728021,0.05181313321198254,0.054947466653176666,0.05142541971646417,0.05201955679465166,0.051505162879213445,0.050794057113720745,0.697,0.7468182,0.70348835,0.5154605,0.51585364,0.6066929,0.5031496,0.6125,0.4943999648094177,0.792680483341217,0.6110000014305115,0.792680483341217,0.031,31.0,0.348022646735695,0.3469944002133467,0.35106423362917105,0.42676085761311183,0.41416553217909435,0.4259151958799211,0.43195957634851706,0.4327161213799324,0.4304056848767783,0.005703725990207054,0.0057595963462879285,0.006030906077907052,0.0050540930076568135,0.004671907265527488,0.005645510431235056,0.01340743917386475,0.012963735769587356,0.013049906768190601,0.69717747,0.6666667,0.79890513,0.50229007,0.503252,0.60394734,0.50609756,0.60072994,0.4983999729156494,0.7983582146167755,0.6086000204086304,0.7983582146167755,0.028,28.0,0.34734326278477273,0.3517928514260777,0.350067071477366,0.4387841776684624,0.4242611340621917,0.43868643086253445,0.4182978064787991,0.4201046966605918,0.4185379304847103,0.02331832582046502,0.02337423822451748,0.02288967939259363,0.028433613109819678,0.02980968695935208,0.028535465073849613,0.032713497984258204,0.0322344493244004,0.03192198194095568,0.6970887,0.7067424,0.75119674,0.50887525,0.50955284,0.6053201,0.5046236,0.60661495,2026-10-05T23:30:16.545303
43,0.614510178565979,0.5004469752311707,0.7801599822044373,0.6144052147865295,0.7801599822044373,0.8307771396636963,0.9151491735458374,2.337069553756714,0.22278200256824493,5.475176440048218,1.93447948513031,1.0,10.0,,,,,0.7487676390647888,0.7487676390647888,,,,17.29789415893555,0.010599403726648847,0.014261538948816288,,0.022763787129609164,0.3535017806348527,0.3942396299094911,0.00033837401624739314,0.009594566847203643,3.047603076240819,,0.0007142765366813023,,75.72609044943646,18.530538522513808,,103.80389783336858,75.60016666096487,24.87244958330871,95.14344262773065,38.687670713776996,17.297871304165785,,0.6598464865593394,,0.05970619149078989,0.17267098462885352,,0.10357547446990469,0.05098832412889809,0.20113927714384286,0.004962920549379033,0.33213267413673886,0.14623692612739125,,,,0.14995,2999.0,0.70880115,0.6833669,0.782607,0.49844,0.50332946,0.6314545,0.5015796,0.6079022,0.5060499906539917,0.7899420294761658,0.6074500679969788,0.7899420294761658,0.028,28.0,0.2900517904963529,0.29166818635427383,0.291924088423923,0.40610360624052544,0.3973161750988395,0.40444782087853504,0.3454066755277626,0.3444170963298647,0.34228060962827284,0.009876722670841668,0.008537812476708562,0.010806048887674119,0.027476998800080237,0.025070006435210075,0.02812962511135744,0.007566874172102211,0.007562398894291372,0.008334580205482101,0.693,0.7468182,0.70348835,0.5141447,0.52073175,0.62165356,0.50039375,0.6102273,0.499750018119812,0.7770673322677613,0.6134499311447144,0.7770673322677613,0.026,26.0,0.3742751759917689,0.3663697955087793,0.3752604115927807,0.4288045767417474,0.3942110658678964,0.43023761325751586,0.4454827291620912,0.44038963301682077,0.44020506608005117,0.0031712272391462245,0.003542959059945279,0.0031212716408032387,0.011079874982430847,0.009244326778571038,0.009713235298939651,0.017754021984048723,0.01633378763345152,0.016091372422000504,0.6923387,0.68108106,0.79890513,0.49847332,0.50691056,0.61885965,0.50609756,0.59927005,0.5029000043869019,0.7835046808719635,0.6104499995708466,0.7835046808719635,0.027,27.0,0.33216348324406086,0.32901899093152653,0.3335922500083518,0.41745409149113644,0.39576362048336794,0.41734271706802545,0.3954447023449269,0.39240336467334275,0.39124283785416203,0.006523974954993946,0.00604038576832692,0.006963660264238679,0.01927843689125554,0.017157166606890557,0.018921430205148547,0.012660448078075467,0.011948093263871445,0.012212976313741302,0.6926694,0.7139496,0.75119674,0.50630903,0.5138211,0.6202566,0.50324565,0.60474867,2026-10-05T23:34:28.773724
44,0.6133977174758911,0.5017126202583313,0.7809967618942261,0.6135377883911133,0.7809967618942261,0.8444885948181152,0.9303841185569763,2.4430871486663817,0.22927126240730286,5.513551351165772,1.9636856357574464,1.0,10.0,,,,,0.7261451091766358,0.7261451091766358,,,,17.273656576538087,0.022367352695400074,0.02608624718501974,,0.04015249134171873,0.36249635022157317,0.3329938829514631,0.0004658579188573269,0.01038577603947395,2.548647408462634,,0.0010462494020042185,,75.68767047080264,18.501866941998717,,103.79580144214023,75.56268597256606,24.84211015397576,95.14572726693123,38.64699153535685,17.27363901077562,,0.6747869423999908,,0.05992122744299044,0.17293877368140373,,0.104171332470171,0.05161830851701415,0.2034302141256393,0.005162504291055119,0.33340273218549743,0.1485490149753109,,,,0.13495,2699.0,0.7071572,0.6819171,0.78129953,0.49986178,0.5045366,0.6327071,0.5006683,0.6022403,0.5038500428199768,0.7979829497337342,0.6052001118659973,0.7979829497337342,0.034,34.0,0.33804601857301486,0.35114176718886525,0.3425179544763047,0.4327531003405629,0.45088978793104606,0.43502418516843316,0.3980629152349775,0.40353295999575994,0.39931513771522237,0.042141904880675436,0.03949662094588525,0.04245374079447847,0.04965986481209243,0.05444317130981917,0.04979974023544591,0.05046824082921035,0.049393128630393926,0.05119103612447476,0.693,0.7468182,0.6965116,0.51611847,0.5235773,0.6169291,0.5137795,0.58674246,0.5006499886512756,0.7848313336372376,0.6113000512123108,0.7848313336372376,0.032,32.0,0.3703578626820683,0.37187374645829024,0.3749701385462884,0.4095179632363321,0.42059117840078386,0.40980511368050887,0.4236600387238447,0.4254555566972471,0.4239642395449219,0.00015664381435619523,0.0007037099608772302,-0.00017087175083572542,0.0042288750470656075,0.004682481496585744,0.0021901074284186987,0.011463219277353939,0.010905640391933681,0.010147792265596384,0.683871,0.6806307,0.79890513,0.50534356,0.5093496,0.6153509,0.5101626,0.5821168,0.5022500157356262,0.7914071416854859,0.608250081539154,0.7914071416854859,0.033,33.0,0.35420194062754157,0.3615077568235777,0.35874404651129654,0.42113553178844754,0.43574048316591496,0.42241464942447104,0.4108614769794111,0.41449425834650355,0.41163968863007216,0.021149274347515817,0.02010016545338124,0.021141434521821375,0.02694436992957902,0.029562826403202458,0.025994923831932304,0.030965730053282146,0.030149384511163804,0.03066941419503557,0.6884355,0.71372443,0.7477084,0.510731,0.5164634,0.61614,0.51197106,0.5844296,2026-10-05T23:38:41.295982
45,0.6134751439094543,0.5035374760627747,0.7806819511413574,0.6134998798370361,0.7806819511413574,0.8447674850463868,0.9306940016746521,2.473810256576538,0.23903318445682525,5.386152909088135,1.9943711563110351,1.0,10.0,,,,,0.6749722672462464,0.6749722672462464,,,,17.253056564331054,0.05079776978722305,0.039465216979841185,,0.05152474979704667,0.2962912730160792,0.3244130958797066,0.0005493104776653393,0.011785046178195032,2.457141565099643,,0.0013100613021633995,,75.65028949907631,18.47491244905314,,103.78667775536799,75.52586928446581,24.81664912715839,95.14477334964047,38.65250549802355,17.253025382947012,,0.6903088848302319,,0.06024557166987923,0.17344991312285138,,0.10468494806699692,0.052244007943352315,0.2059947761001101,0.005241346302305817,0.3379230396762775,0.15155398409078075,,,,0.13435,2687.0,0.7052927,0.6832662,0.78740096,0.5002369,0.49805295,0.62939394,0.49775216,0.6088595,0.4948999881744385,0.7906677203178406,0.6080999374389648,0.7906677203178406,0.03,30.0,0.3536260353971041,0.3559487797815961,0.3543002834895226,0.45833311443363345,0.4490550304764814,0.4581731623249169,0.4380474025848083,0.4386913662198552,0.4377935349816134,0.022426129781919404,0.019555025677876963,0.021251397856149646,0.032153023522851605,0.03371053790157431,0.03154064083273708,0.0355976876873908,0.03443840187550791,0.03502086861486648,0.693,0.7468182,0.70348835,0.5167763,0.5256098,0.618504,0.49842522,0.6125,0.4970000088214874,0.7794725904464722,0.6128999590873718,0.7794725904464722,0.03,30.0,0.35914504318766577,0.3552743053296899,0.36222851465492156,0.43266245778933843,0.4209666680908267,0.4320914446243535,0.4366706217408625,0.43441876524231227,0.43467947298482257,0.0012361986203355717,0.0002794162029392896,0.000995804120547652,0.006078076164605925,0.0038694742481635825,0.005873711808109934,0.010918402480012825,0.01082596118628436,0.010347488952294618,0.6919355,0.68108106,0.79890513,0.5,0.50528455,0.61710525,0.50853664,0.59489053,0.49594999849796295,0.7850701553821564,0.6104999482631683,0.7850701553821564,0.03,30.0,0.3563855392923849,0.355611542555643,0.3582643990722221,0.44549778611148594,0.4350108492836541,0.44513230347463517,0.4373590121628354,0.4365550657310837,0.436236503983218,0.011831164201127488,0.009917220940408126,0.011123600988348649,0.019115549843728766,0.018790006074868946,0.01870717632042351,0.023258045083701814,0.022632181530896134,0.02268417878358055,0.69246775,0.7139496,0.75119674,0.50838816,0.51544714,0.61780465,0.5034809,0.6036953,2026-10-05T23:42:54.784418
46,0.612445056438446,0.4992874562740326,0.7826383801460266,0.6124202013015747,0.7826383801460266,0.8464977773666382,0.9326165480613708,2.5206103425979616,0.2494809607744217,5.726189611053467,1.9973371675491334,1.0,10.0,,,,,0.6872644311904907,0.6872644311904907,,,,17.23053037414551,0.052450724310077766,0.04292912332946879,,0.0683998154824048,0.298131200134944,0.34719090351158644,0.0004982136574914534,0.011126308977770009,2.6447190131731095,,0.0009551832896759615,,75.61674732767094,18.44873763649327,,103.77777211377575,75.48887668293753,24.787707820819442,95.14288422408377,38.66353194121343,17.230501648726737,,0.691817790080028,,0.061168905845872916,0.17452812242280147,,0.1053991329138446,0.0528311323920253,0.20818556000472635,0.00531487757114658,0.3429247801470908,0.15435463228043478,,,,0.1303,2606.0,0.7078388,0.6881796,0.78377575,0.49745262,0.49922118,0.6167273,0.500405,0.6079837,0.5097000002861023,0.7879553833007813,0.6097000241279602,0.7879553833007813,0.03,30.0,0.3268502270569243,0.3279498617059128,0.32642980790746273,0.43942180386178176,0.42862911575680784,0.43822795812539267,0.40260511681485234,0.4041882082751718,0.40226327857864275,0.0006679466896812095,0.00011632156708439347,0.0002802188890563313,0.017006462397500092,0.02021019946290227,0.01793634696642671,0.004006120499599902,0.005180659876398883,0.005155774950738746,0.693,0.7468182,0.7073643,0.51611847,0.5239838,0.618504,0.5,0.6215909,0.5001999735832214,0.7791859500408173,0.6141000390052795,0.7791859500408173,0.028,28.0,0.3320185967418646,0.3295489287045773,0.33740808870931177,0.41111819975039054,0.3967498617038322,0.4108849594184945,0.4328461358559236,0.4318848711488279,0.4340971846433472,-0.005097856148899835,-0.0058748102717874435,-0.005904783931744694,-0.0011562140453573737,-0.004831551025601481,-0.003855530060205752,0.002000706131685746,0.003623137338679451,-8.425462588743633e-05,0.6907258,0.68108106,0.79890513,0.49847332,0.50487804,0.6144737,0.50772357,0.609489,0.5049499869346619,0.7835706666707993,0.6119000315666199,0.7835706666707993,0.028999999999999998,29.0,0.3294344118993945,0.32874939520524504,0.33191894830838725,0.42527000180608615,0.41268948873032,0.4245564587719436,0.41772562633538796,0.41803653971199983,0.41818023161099493,-0.0022149547296093125,-0.002879244352351525,-0.002812282521344181,0.00792512417607136,0.007689324218650395,0.007040408453110478,0.0030034133156428243,0.004401898607539167,0.0025357601624256547,0.69186294,0.7139496,0.7531347,0.5072959,0.5144309,0.6164888,0.5038618,0.61553997,2026-10-05T23:47:07.807977
47,0.6128476858139038,0.5006275177001953,0.7810564466476441,0.6128976345062256,0.7810564466476441,0.8522398225784302,0.938996597957611,2.5895361862182615,0.24166319632530212,5.958801294708252,1.9985639770507813,1.0,10.0,,,,,0.71358304977417,0.71358304977417,,,,17.203819595336913,0.023858794648493907,0.022225471738441166,,0.03566923418681428,0.3630755321140502,0.38684070043882746,0.00033040331426068437,0.00902716828670329,3.0040229596909445,,0.0007757310640085585,,75.5804000174164,18.4287714502614,,103.77293930539659,75.45197631447178,24.75865027555235,95.14045103036673,38.6781165736496,17.203796034405944,,0.6924317228566309,,0.061762195602533924,0.1773290106445361,,0.10639119546884185,0.05333948640781603,0.21024995339903862,0.0053340871284484484,0.34803778863256907,0.15585513270584642,,,,0.11705,2341.0,0.70751804,0.6823802,0.7827258,0.49911138,0.5022586,0.61896974,0.50054675,0.61185336,0.5014500021934509,0.7942191824913025,0.605400025844574,0.7942191824913025,0.03,30.0,0.32029279267307875,0.32118051169978235,0.3201581794758547,0.43161319298567624,0.43198034730728224,0.4323291813824378,0.43936522675901035,0.43908637052322624,0.4403404307507997,0.014179505585914718,0.013422671938753385,0.012776333458837857,0.033244801798499514,0.03301678304924974,0.0332465016322896,0.04215582706939623,0.042163589913607864,0.04180167499418787,0.696,0.74545455,0.70348835,0.50986844,0.5138211,0.6125985,0.4988189,0.6151515,0.49855005741119385,0.7820331821441651,0.611299991607666,0.7820331821441651,0.032,32.0,0.33919449536017543,0.335881424202197,0.3444017524835267,0.39722303488925725,0.3986700106012295,0.3969605034341219,0.4244798810155428,0.42631552113420507,0.4272254924086315,0.004989045989294296,0.0040927766447057925,0.0048103099974312405,0.005611937636117384,0.003533792645642531,0.005399164628025551,0.01402927459583698,0.015035170536682445,0.013866498223836727,0.69717747,0.66171175,0.79890513,0.5003817,0.5109756,0.5982457,0.5113821,0.6018249,0.5000000298023224,0.7881261823177338,0.60835000872612,0.7881261823177338,0.031,31.0,0.3297436440166271,0.3285309679509897,0.3322799659796907,0.41441811393746675,0.41532517895425586,0.41464484240827987,0.4319225538872766,0.43270094582871566,0.43378296157971563,0.009584275787604507,0.008757724291729588,0.008793321728134549,0.01942836971730845,0.018275287847446135,0.019322833130157577,0.028092550832616605,0.028599380225145153,0.027834086609012296,0.69658875,0.7035831,0.75119674,0.50512505,0.51239836,0.6054221,0.5051005,0.6084882,2026-10-05T23:51:19.633332
48,0.6104978322982788,0.502310037612915,0.7853532298088074,0.610617458820343,0.7853532298088074,0.8505153036117554,0.9370804636955261,2.5742763013839722,0.2522501408815384,5.5286019416809085,1.9980327331542969,1.0,10.0,,,,,0.6572851188659667,0.6572851188659667,,,,17.17642073364258,0.061415533041344235,0.0333842765895804,,0.05455680536165549,0.3245078259782427,0.310869916229491,0.0005797525890250127,0.012142304762616563,2.4583481375578864,,0.00130701380235252,,75.54435866046104,18.40561510802834,,103.7634190844882,75.4148112497512,24.72748304476404,95.13607481938259,38.69869134987995,17.17639155296763,,0.6921660243325932,,0.06222374535575034,0.1789405528147509,,0.1067156861447225,0.05401827050906837,0.21209042087482038,0.005389717953267751,0.3534647188368876,0.1572694702512899,,,,0.1222,2444.0,0.71415395,0.66308904,0.7798336,0.49956557,0.5000584,0.62127274,0.5020251,0.60704684,0.5143999457359314,0.7995210261344909,0.6039999127388,0.7995210261344909,0.036,36.0,0.2819956234354594,0.29360283916356505,0.2863341810902052,0.4140461584628362,0.4166827300907914,0.4166416182502371,0.3736922778557269,0.3706195251334599,0.3755596391557931,0.009288402225570072,0.00802239695142387,0.00864491568707991,0.02096074190717039,0.01874212826410739,0.020486589776581368,0.01308281841828517,0.012720328128488391,0.012880487933836266,0.693,0.7468182,0.6996124,0.50888157,0.5101626,0.61535436,0.50078744,0.6094697,0.501300036907196,0.7817310271263123,0.6122999787330627,0.7817310271263123,0.039,39.0,0.3011394317359991,0.3015896176800873,0.3050997907578814,0.38848984300857425,0.38248667987058166,0.3891146127277186,0.40882830440642337,0.40993474032672383,0.40855864083064597,-0.002820094886457905,-0.003415502966659152,-0.004630249320590525,-0.0013960894137122323,-0.002676501672736319,-0.002620512562854155,0.00614245458041422,0.005913043003008166,0.004055509094077811,0.69516134,0.66981983,0.79890513,0.49541986,0.5089431,0.61622804,0.50447154,0.6021898,0.5078499913215637,0.7906260266304016,0.6081499457359314,0.7906260266304016,0.0375,37.5,0.29156752758572924,0.2975962284218262,0.2957169859240433,0.40126800073570523,0.39958470498068654,0.40287811548897784,0.39126029113107513,0.3902771327300919,0.3920591399932195,0.0032341536695560838,0.002303446992382359,0.0020073331832446925,0.009782326246729079,0.008032813295685535,0.008933038606863607,0.009612636499349694,0.00931668556574828,0.00846799851395704,0.6940807,0.708319,0.74925876,0.5021507,0.50955284,0.6157912,0.5026295,0.6058297,2026-10-05T23:55:32.378037
49,0.6150570511817932,0.4998222291469574,0.7781342747688293,0.614592432975769,0.7781342747688293,0.8542661545753479,0.9412480732917786,2.639319470214844,0.2375271073102951,5.624753870773316,1.9986527923583985,1.0,10.0,,,,,0.6648666278839112,0.6648666278839112,,,,17.14672315979004,0.024311497922620447,0.020119095126064614,,0.031847800882637,0.4497982769919808,0.34905705235566303,0.00033336710466582114,0.008914073837244777,2.558759330659156,,0.0008904769649442914,,75.50929284551341,18.37920365060211,,103.7572071051142,75.37826061856215,24.69736792934928,95.13310037600766,38.714483078877635,17.146709600071997,,0.6924760546653893,,0.0629825483366942,0.18031486897331894,,0.10752694546037418,0.054587532855143214,0.21457337868061793,0.005413726494190799,0.3585978938136131,0.15879667934718406,,,,0.1223,2446.0,0.70926225,0.6808699,0.78026944,0.5007109,0.5047508,0.62921214,0.4990077,0.61490834,0.4941999316215515,0.7895882887840271,0.6083999872207642,0.7895882887840271,0.032,32.0,0.34524853288908863,0.3507320271171396,0.34545425885957265,0.4648848089464195,0.4489034067875965,0.4651525596628659,0.46363473353148515,0.46355495063142044,0.463738720227899,0.03502786109267198,0.03169294110849194,0.03528150044493,0.04234832920423617,0.04439308943780114,0.04177134131293042,0.04160916545155063,0.04148851234434628,0.041439998956104694,0.693,0.7468182,0.70348835,0.51743424,0.5199187,0.61929137,0.5,0.61704546,0.5020000338554382,0.7789257979393005,0.6132999658584595,0.7789257979393005,0.032,32.0,0.31750093633534415,0.31760494601788447,0.3207754511236355,0.4120179334132075,0.39185791243707496,0.4109453364043801,0.43136609828757955,0.4314516998330504,0.42787319859368583,-0.00029420074450562967,-0.0008325442943250353,-0.0017555357766134258,0.0002287892195580578,-0.0012547670727857546,-0.0015785484112810259,0.010317621122741191,0.010556038159473022,0.007943410735072454,0.6923387,0.67747754,0.79890513,0.49847332,0.5097561,0.61973685,0.50447154,0.59927005,0.4980999827384949,0.7842570433616638,0.6108499765396118,0.7842570433616638,0.032,32.0,0.3313747346122164,0.334168486567512,0.3331148549916041,0.4384513711798135,0.4203806596123357,0.438048948033623,0.4475004159095324,0.4475033252322354,0.44580595941079243,0.017366830174083175,0.015430198407083453,0.016762982334158287,0.021288559211897113,0.021569161182507693,0.020096396450824696,0.02596339328714591,0.02602227525190965,0.024691704845588573,0.6926694,0.71214783,0.75119674,0.50795376,0.5148374,0.6195141,0.5022358,0.60815775,2026-10-05T23:59:45.021063
50,0.6140003204345703,0.5011276602745056,0.780152242565155,0.6137048602104187,0.780152242565155,0.8551781393051148,0.9422613919258118,2.6539128589630128,0.25957434628009796,5.62483754272461,1.998199143218994,1.0,10.0,,,,,0.6516804177284241,0.6516804177284241,,,,17.121869110107422,0.03884352140332895,0.043991698440984425,,0.060890110641878076,0.5050304329888836,0.40647373896590466,0.00037633627546531485,0.009015121910970206,2.967260541429945,,0.0010257429957320687,,75.4721164581882,18.355638625515493,,103.75135458199082,75.34202935285629,24.668694453634274,95.13230152494589,38.69215633611011,17.121854636319885,,0.6922488531489281,,0.06343629975227794,0.18177709809154463,,0.10846211965296679,0.0552543147354369,0.21678315672525175,0.005434682990192987,0.3609846830368042,0.1606582888182561,,,,0.1201,2402.0,0.713352,0.67813134,0.7788431,0.5001185,0.50200546,0.6259596,0.50390846,0.6095927,0.5026500225067139,0.8011401014328003,0.6059000492095947,0.8011401014328003,0.032,32.0,0.28508548347176266,0.2856600069842443,0.2872056195558719,0.4295750535335275,0.42032631742255816,0.42982968505383706,0.4432893525960157,0.4429980301321384,0.44351299490949186,0.00817766956481658,0.006743806594293743,0.00880904723834213,0.013599690703401557,0.01172183032966664,0.013431196814579478,0.025464179006370716,0.025235890339943428,0.025627506834731327,0.6925,0.7459091,0.7003876,0.50986844,0.52154475,0.61968505,0.49921262,0.6098485,0.4948500394821167,0.7874701571464539,0.6119500398635864,0.7874701571464539,0.027,27.0,0.31603761297052985,0.3160200259872977,0.32047066729411344,0.4017487791886036,0.39662178749347066,0.40183348373032257,0.4137347371772963,0.4140147936175991,0.4128433326380881,0.00894774020060618,0.008770011201519753,0.008516574976337279,0.007107757689717244,0.005863178777520177,0.006357702793619428,0.01552994001604691,0.01565629523806655,0.014237741058618355,0.6903226,0.6783784,0.7967153,0.4980916,0.5109756,0.6153509,0.50691056,0.5934307,0.4987500309944153,0.794305129289627,0.6089250445365906,0.794305129289627,0.0295,29.5,0.3005615482211462,0.300840016485771,0.3038381434249927,0.41566191636106553,0.4084740524580144,0.4158315843920798,0.428512044886656,0.4285064118748687,0.42817816377379,0.00856270488271138,0.007756908897906749,0.008662811107339704,0.0103537241965594,0.008792504553593409,0.009894449804099453,0.020497059511208813,0.02044609278900499,0.01993262394667484,0.69141126,0.7121438,0.7485515,0.50398004,0.51626015,0.61751795,0.5030616,0.6016396,2026-10-06T00:03:57.574206
51,0.6126248240470886,0.5015725493431091,0.783643752861023,0.6123672723770142,0.783643752861023,0.8535116743087768,0.9404097711563111,2.649651384162903,0.22821329774856566,5.317052307510376,1.9999198635101318,1.0,10.0,,,,,0.6514706985473633,0.6514706985473633,,,,17.096109545898436,0.018276604740349516,0.019452945846629738,,0.036300863500070536,0.5319454844590206,0.43919872418995115,0.0008078887172107834,0.01482662406993235,3.244360704710529,,0.000982924602667365,,75.43558230065996,18.331950606813855,,103.74841925748595,75.30608090929165,24.644598590340586,95.13458174201334,38.68499874916806,17.096083039690736,,0.693102728029725,,0.06396904340974845,0.18331620884928734,,0.10925507592927118,0.05602873475023895,0.21948847098714985,0.005534908075810997,0.3643456251378272,0.16261368410982144,,,,0.1239,2478.0,0.7130714,0.6764599,0.78353804,0.49000794,0.50027263,0.626303,0.5037667,0.60788184,0.49525004625320435,0.7956415357589721,0.6053500175476074,0.7956415357589721,0.018,18.0,0.2937896243030815,0.29863675071291185,0.2994915285895069,0.4298241798282858,0.4211887523531012,0.43099608665192657,0.384857150259543,0.38325535868510735,0.3852356421269758,0.007162494064650993,0.005907777810018639,0.0056034125642396935,0.01742009539276279,0.01739850217686272,0.01621745046208248,0.007097986686812996,0.00711645144259521,0.007021581207995136,0.70199996,0.7468182,0.6992248,0.5131579,0.5121951,0.614567,0.4968504,0.61098486,0.49219995737075806,0.7816524057388305,0.6127499341964722,0.7816524057388305,0.017,17.0,0.3444333733750593,0.34410863100521133,0.35234214664835645,0.37605817026578287,0.3774647740278104,0.37646593157905245,0.41989539826684097,0.4202361879112044,0.4224745867677289,0.003386227624929799,0.002293633321232291,0.0016571614426791326,0.008112180675411064,0.011503540991649814,0.007050551219093791,0.014764945458285625,0.01447009926136981,0.015202664799576,0.69395167,0.65855855,0.79890513,0.49694654,0.5138211,0.61622804,0.5134146,0.6018249,0.4937250018119812,0.7886469707489013,0.6090499758720398,0.7886469707489013,0.0175,17.5,0.3191114988390704,0.3213726908590616,0.32591683761893164,0.4029411750470343,0.3993267631904558,0.40373100911548954,0.402376274263192,0.40174577329815586,0.40385511444735234,0.005274360844790396,0.004100705565625465,0.003630287003459413,0.012766138034086928,0.014451021584256266,0.011634000840588136,0.010931466072549311,0.01079327535198251,0.011112123003785567,0.6979758,0.70268834,0.749065,0.5050522,0.5130081,0.6153975,0.5051325,0.6064049,2026-10-06T00:08:10.563598
52,0.6131373643875122,0.5034173130989075,0.7814667103767395,0.6132478713989258,0.7814667103767395,0.866308545589447,0.9546285121917725,2.882786521911621,0.24224638102054596,5.639707256698609,1.9679612274169922,1.0,10.0,,,,,0.6591555549621582,0.6591555549621582,,,,17.0657822845459,0.0157822608238881,0.01581841504948724,,0.025444781370638946,0.548181236264812,0.3262807471665797,0.0004417873181172448,0.010898931869928529,2.4090059303743825,,0.0009538699556855321,,75.3981845637036,18.305743029163143,,103.74514138774508,75.26912844712567,24.629317459786773,95.13035598074555,38.80110460026249,17.065769693654055,,0.6769973066202395,,0.06432754256922728,0.1844795031152713,,0.1102699658293633,0.05669963006286105,0.22369924453413412,0.0054882732783533205,0.3759879158560637,0.16423767956958454,,,,0.11485,2297.0,0.7080994,0.67950064,0.7830428,0.5004542,0.5050623,0.63292927,0.49661806,0.6022607,0.5084500312805176,0.7910236949920655,0.6073500514030457,0.7910236949920655,0.022,22.0,0.34611189428702843,0.3493594013085322,0.34825987580725076,0.4776813711586474,0.4781714615075349,0.480054594059816,0.44697452185702835,0.44788113777120137,0.44766902046711415,0.02978635034513434,0.02907501664969596,0.028656192428472126,0.0347664124660997,0.03350861580197407,0.03281506027807785,0.040983730493239195,0.040677892023548115,0.040763956284736134,0.693,0.7468182,0.70348835,0.51611847,0.52154475,0.6204725,0.5031496,0.6049242,0.49705007672309875,0.7802157335281372,0.6122500896453857,0.7802157335281372,0.024,24.0,0.30173271845718264,0.30338949714931224,0.3053969995999233,0.40148831581260325,0.3924768314745873,0.39910977524381214,0.3729430464824569,0.37262088617966904,0.3736626945349759,0.009917451182400746,0.01005521053621186,0.009223822564291138,0.012599907444659227,0.01117414994609917,0.011882674383550838,0.009490263830272676,0.009555706179030192,0.009013800969649767,0.6919355,0.67972976,0.79890513,0.5015268,0.5105691,0.6153509,0.500813,0.5934307,0.5027500540018082,0.7856197142601014,0.6098000705242157,0.7856197142601014,0.023,23.0,0.3239223063721055,0.3263744492289222,0.32682843770358705,0.4395848434856253,0.4353241464910611,0.4395821846518141,0.40995878416974263,0.41025101197543523,0.410665857501045,0.019851900763767544,0.01956511359295391,0.018940007496381632,0.023683159955379462,0.02234138287403662,0.022348867330814346,0.025236997161755936,0.025116799101289153,0.02488887862719295,0.69246775,0.713274,0.75119674,0.5088226,0.5160569,0.6179117,0.5019813,0.5991775,2026-10-06T00:12:22.781381
53,0.6128048896789551,0.4972200095653534,0.781814980506897,0.6128997206687927,0.781814980506897,0.8694661133766174,0.9581369117736817,2.8906534622192384,0.2332288521051407,5.643487994384766,1.98235675907135,1.0,10.0,,,,,0.6432273678779602,0.6432273678779602,,,,17.046631091308594,0.019062601225628594,0.015985175963509,,0.02667824968333789,0.5206665738847605,0.356790233593268,0.0002895524633742845,0.007892629668519944,2.5247377508385167,,0.0007159221073310225,,75.35998219289597,18.276536078969386,,103.73315624066979,75.23228133863704,24.603469459873857,95.12838579894631,38.81194035718396,17.046614203483436,,0.6842930259977936,,0.06457690609868165,0.1846222547209187,,0.11054096252295621,0.057344348353754945,0.22657502893429654,0.00539653355279451,0.38041629020575507,0.16756705379789802,,,,0.1117,2234.0,0.7095429,0.6789368,0.78423136,0.50007904,0.4961254,0.6353738,0.49724588,0.60395116,0.4989999830722809,0.804570556640625,0.600849986076355,0.804570556640625,0.018,18.0,0.3179400468332018,0.32078087386095194,0.321733702500067,0.42025456324179783,0.4162792625481613,0.42333785469490526,0.43710101850406224,0.4388456036941811,0.43897212754948706,-0.008368649956949987,-0.008307844951677435,-0.009537161628536262,0.009296975972590812,0.006967905228146428,0.007056296412701592,0.005052575573117125,0.00512431793536808,0.007801757052932319,0.702,0.74636364,0.6957364,0.4963816,0.5142276,0.6102362,0.5011811,0.5981061,0.49254998564720154,0.786257022857666,0.607450008392334,0.786257022857666,0.02,20.0,0.3169557479386823,0.31300163421511057,0.322436454114694,0.37998167037645414,0.35165015934358085,0.38312485896102155,0.35904717623756593,0.36217467290067007,0.36062339224030615,0.0009435047963000443,0.0001792598215791106,-0.00025636091334448654,0.0053258655191786705,0.005325720792300768,0.003731989123841834,-0.001736136600835923,-0.0014428028481940883,-0.0023746131778454678,0.6983871,0.6423424,0.79963505,0.5,0.503252,0.5973684,0.5130082,0.5941606,0.4957749843597412,0.7954137897491456,0.6041499972343445,0.7954137897491456,0.019,19.0,0.31744789738594203,0.31689125403803126,0.32208507830738053,0.400118116809126,0.38396471094587104,0.4032313568279634,0.3980740973708141,0.40051013829742554,0.39979775989489663,-0.003712572580324971,-0.004064292565049162,-0.004896761270940374,0.007311420745884742,0.006146813010223598,0.005394142768271713,0.0016582194861406011,0.0018407575435869957,0.002713571937543426,0.7001935,0.694353,0.74768573,0.49819082,0.5087398,0.6038023,0.5070946,0.59613335,2026-10-06T00:16:35.608792
54,0.6125851273536682,0.49872270226478577,0.7826151587486267,0.6124452948570251,0.7826151587486267,0.8650189131736755,0.9531955896377563,2.801562509918213,0.18692558588981628,5.5002680713653564,1.9913154216766358,1.0,10.0,,,,,0.6603026287078857,0.6603026287078857,,,,17.032481845092775,0.01348123147973945,0.012336036690160822,,0.021344254052883406,0.4678307719481219,0.3680590244757522,0.0003988463836640511,0.011084501898497533,2.727842902301983,,0.0006974240176688886,,75.32406898061181,18.250196444760462,,103.7259402912893,75.19501786930546,24.575573805790796,95.12609547414597,38.80704554175116,17.032459866469072,,0.6887870184175527,,0.06524524609943863,0.18548944706370116,,0.11090064974157673,0.057906446041195256,0.22876121160710694,0.005388959746950182,0.38376343819745784,0.17172421467532017,,,,0.11825,2365.0,0.7174619,0.669553,0.77470285,0.50100714,0.5043419,0.6262829,0.4986027,0.60973525,0.499099999666214,0.7900602145195007,0.6065499186515808,0.7900602145195007,0.02,20.0,0.3348537713203144,0.33969190938978444,0.3375337064850344,0.4382721603654437,0.4387348985375172,0.43838552815171516,0.45261996753494543,0.4528427188702993,0.4530548059153076,-0.007736336105747702,-0.007442838355630526,-0.008835920922146634,0.012634986424105897,0.012468466646942658,0.01240021539940523,0.011868810960957519,0.011676083218066109,0.011737680808462192,0.702,0.7468182,0.70348835,0.5055921,0.51747966,0.61377954,0.5019685,0.6155303,0.49699997901916504,0.7760789618492127,0.6131999492645264,0.7760789618492127,0.021,21.0,0.3043733396814384,0.3067085454270623,0.30940146876899755,0.39381821879883183,0.38931969235997765,0.3934161180537231,0.3624713171454325,0.3615125847359813,0.36259115340541287,-0.010921568276559062,-0.01093046729757149,-0.011498071112774805,0.001157798029036951,-0.002185237581054006,0.0008436379983554112,-0.008152868567128642,-0.008295152958063656,-0.008416781847299182,0.69717747,0.6581081,0.79890513,0.49923664,0.5130082,0.6144737,0.5117886,0.6040146,0.4980499893426895,0.7830695881843567,0.6098749339580536,0.7830695881843567,0.0205,20.5,0.31961355550087645,0.32320022740842336,0.323467587627016,0.41604518958213776,0.4140272954487474,0.41590082310271914,0.407545642340189,0.4071776518031403,0.40782297966036024,-0.009328952191153383,-0.009186652826601008,-0.01016699601746072,0.006896392226571424,0.005141614532944326,0.006621926698880321,0.0018579711969144387,0.0016904651300012263,0.0016604494805815048,0.6995888,0.70246315,0.75119674,0.50241435,0.5152439,0.6141266,0.50687855,0.60977244,2026-10-06T00:20:48.108011
55,0.6134796142578125,0.4981302320957184,0.7823662024497986,0.6133902072906494,0.7823662024497986,0.8633029130935669,0.9512889192581176,2.7710585166931154,0.20882892918586732,5.499296877670288,1.9989442440032958,1.0,10.0,,,,,0.6643378170967102,0.6643378170967102,,,,17.01934418029785,0.0380448879033422,0.01855818374241127,,0.03376242365898671,0.44307222943397084,0.3584666499856171,0.000427033487464721,0.012031622406000354,2.6326133641088085,,0.0007850932597358705,,75.28662920909322,18.22462318809169,,103.71633187069256,75.15830157820587,24.55138471323973,95.12742352333798,38.84696785507688,17.019320469752998,,0.6926068170055463,,0.06564129528346335,0.1863836287313206,,0.11119595412046286,0.0585457787249878,0.23166906026897915,0.005326856811572412,0.3899050269536911,0.17641772158965943,,,,0.11225,2245.0,0.7164996,0.66808295,0.7755151,0.50576615,0.50332946,0.6230303,0.50415146,0.6129125,0.4896000623703003,0.788452968120575,0.6093499660491943,0.788452968120575,0.023,23.0,0.3451574223293749,0.3467360631047769,0.34794925986234443,0.4602100827997067,0.46236482436184567,0.4618488591665125,0.4486999967486689,0.4481661683125135,0.44867037340990207,0.029118236117455107,0.02838148527657664,0.028251694367608264,0.04196037345200608,0.040765764542873506,0.04059735994962105,0.035663254547883626,0.035517888240725236,0.0359531897813629,0.699,0.7468182,0.70426357,0.51381576,0.5211382,0.61338586,0.5153544,0.6128788,0.5044500231742859,0.7701512718200684,0.6182499527931213,0.7701512718200684,0.024,24.0,0.31368905577801043,0.31101901487076467,0.31477393404243037,0.3980960329244824,0.38427385809763276,0.39793930194088295,0.38015042312248903,0.3780307928435393,0.3732531136967836,0.002469445958338814,0.0024655462710728776,0.001203135916398702,0.0067087126310496105,0.003754779432750728,0.005851731243526844,-0.0008982112164810369,-0.00028762358285474183,-0.0006028732213004185,0.6983871,0.6716216,0.79890513,0.5114504,0.51951224,0.6179825,0.5142276,0.6062044,0.4970250427722931,0.7793021199703216,0.6137999594211578,0.7793021199703216,0.0235,23.5,0.32942323905369264,0.3288775389877708,0.3313615969523874,0.42915305786209457,0.42331934122973924,0.4298940805536977,0.41442520993557896,0.4130984805780264,0.4109617435533428,0.01579384103789696,0.01542351577382476,0.014727415142003483,0.024334543041527844,0.02226027198781212,0.023224545596573946,0.017382521665701294,0.017615132328935246,0.01767515828003124,0.6986935,0.70921993,0.75158435,0.5126331,0.5203252,0.61568415,0.514791,0.6095416,2026-10-06T00:25:01.162860
56,0.6123899817466736,0.4990977942943573,0.78319608335495,0.6123175024986267,0.78319608335495,0.8545976873397827,0.9416164437294007,2.631091954421997,0.20073060653209687,5.223892128753662,1.9863741746902466,1.0,10.0,,,,,0.6388111327171325,0.6388111327171325,,,,16.99565678100586,0.04135267905650696,0.022565071000183703,,0.03936892090614434,0.4098787793687954,0.35349467828585085,0.0004576037546221588,0.01211599925544801,2.597051016844002,,0.001387387724931776,,75.24764630748967,18.199722654500583,,103.71076698060249,75.1219411959314,24.524820109081876,95.12940463898288,38.89429145861583,16.995645207204635,,0.686335048098473,,0.06580600707204479,0.18740187224688803,,0.11190450367084734,0.059152473452364566,0.23398192075027782,0.005348057886526273,0.3964722232454142,0.17827532511607858,,,,0.11785,2357.0,0.71900564,0.66335076,0.78005147,0.50181675,0.5021612,0.6251919,0.5007898,0.6082485,0.4975999891757965,0.7983241949081421,0.6059499382972717,0.7983241949081421,0.023,23.0,0.29121945775852087,0.2936461294613972,0.29137948174295714,0.4025514290069784,0.4035958790886097,0.4049680649346852,0.3459466610839302,0.345025751825051,0.3400506494303755,0.02388557750413637,0.024656273505280126,0.023216406940309773,0.03153476140192976,0.03249054575726891,0.030832008988064655,0.0282621841274512,0.031428938941048895,0.029144380049267567,0.70199996,0.7468182,0.70348835,0.50032896,0.50447154,0.6149606,0.5153544,0.6151515,0.49240005016326904,0.7793326735496521,0.6149000525474548,0.7793326735496521,0.022,22.0,0.2869384027093912,0.2846548578008066,0.28639854060811953,0.37881196458057476,0.3521349706305205,0.3777016971053985,0.3225285296362293,0.3224490555913681,0.32236591643503576,0.006715890099432552,0.006875893445661768,0.006239710644191928,0.011671136600515084,0.010475856961353896,0.010815348104760703,0.003740154707156727,0.003407302272924876,0.0030449497254865696,0.69758064,0.6599099,0.79890513,0.50877863,0.51829267,0.6122807,0.5126017,0.6018249,0.4950000196695328,0.7888284342288971,0.6104249954223633,0.7888284342288971,0.0225,22.5,0.28907893023395603,0.2891504936311019,0.28888901117553833,0.39068169679377657,0.3778654248595651,0.3913348810200419,0.33423759536007974,0.3337374037082096,0.33120828293270566,0.01530073380178446,0.015766083475470948,0.01472805879225085,0.02160294900122242,0.021483201359311404,0.020823678546412677,0.016001169417303965,0.017418120606986887,0.01609466488737707,0.6997903,0.703364,0.75119674,0.5045538,0.5113821,0.61362064,0.513978,0.6084882,2026-10-06T00:29:13.920791
57,0.6143577098846436,0.49996495246887207,0.7794621012687684,0.6139652132987976,0.7794621012687684,0.8515311605453492,0.9382091974258423,2.5644297637939455,0.19572425138950347,5.441480142211914,1.9994918685913086,1.0,10.0,,,,,0.6693700869560242,0.6693700869560242,,,,16.977454458618165,0.020308939316851283,0.019512226706471555,,0.032504983213700496,0.42955281523762234,0.3475199171881767,0.00035622711565900167,0.010373438810811016,2.6126910711929296,,0.000982163778024616,,75.21238504397641,18.176111464287825,,103.70624153477371,75.08561089388124,24.49893233426817,95.12474332189863,38.99305715378682,16.977404515454722,,0.6928940164815088,,0.06650677195210365,0.18880491936282748,,0.11281274520098024,0.059780880381726915,0.23602392225508478,0.005421066523238921,0.40613863346682993,0.18167605122942834,,,,0.12715,2543.0,0.7140537,0.67939997,0.7801902,0.50191545,0.505257,0.6244041,0.49605104,0.61254585,0.49734997749328613,0.7913356509208679,0.605150043964386,0.7913356509208679,0.03,30.0,0.33064531591711377,0.33407132078328194,0.3318974823606726,0.43715838134597734,0.43851771856878224,0.43913044755199165,0.402781627860001,0.4039377426178646,0.4032167468775117,0.0003708676943899656,0.00014489004717175172,9.654487180062352e-05,0.017966166700325855,0.01787422964729416,0.01587409578389738,0.005771711553325011,0.006196625262076681,0.006013969985473682,0.698,0.74636364,0.70155036,0.50296056,0.5150407,0.61574805,0.503937,0.61174244,0.5015999674797058,0.7797114191055298,0.6118500232696533,0.7797114191055298,0.03,30.0,0.3554743374655655,0.358321075509857,0.35960567507646335,0.4205954044339011,0.3940607542799429,0.422085802431855,0.4033607027842122,0.4031975581226198,0.40311108798102224,-0.004858871317368291,-0.005024017506424117,-0.0044437904893834005,0.0010450481741462977,0.0004976314779013928,0.002550384117616525,-0.0026297681994473287,-0.002674938465004437,-0.0028456282810119704,0.6959678,0.6599099,0.79817516,0.5061069,0.5020325,0.61359656,0.5081301,0.6018249,0.49947497248649597,0.7855235350131988,0.6085000336170197,0.7855235350131988,0.03,30.0,0.3430598266913396,0.34619619814656943,0.345751578718568,0.42887689288993924,0.41628923642436255,0.43060812499192336,0.40307116532210663,0.4035676503702422,0.40316391742926694,-0.002244001811489163,-0.0024395637296261824,-0.0021736228087913885,0.009505607437236076,0.009185930562597778,0.009212239950756953,0.0015709716769388414,0.0017608433985361223,0.0015841708522308557,0.69698393,0.7031368,0.7498628,0.50453377,0.5085366,0.6146723,0.50603354,0.6067836,2026-10-06T00:33:26.617956
58,0.6120175123214722,0.5010401010513306,0.782934049797058,0.6122750639915466,0.782934049797058,0.8488603272438049,0.935241600894928,2.526914418411255,0.1980228704690933,5.696066742706299,1.9849989192962647,1.0,10.0,,,,,0.6978819165229797,0.6978819165229797,,,,16.948443463134765,0.016908335284430795,0.01797255553352605,,0.029519466043355026,0.4276938636781304,0.36949438181747296,0.0003775185341626082,0.009182560327314552,2.690006342663127,,0.0007829503775164589,,75.1765053621523,18.154983046707834,,103.7000361157071,75.04878244582255,24.47336633038369,95.12366495314677,38.99904379875037,16.948418526133153,,0.6856227331100755,,0.06709073930029656,0.1907129371242159,,0.11335413575552072,0.06040173569682297,0.2388380277118865,0.005488155083434218,0.4099772392184871,0.18282964683262407,,,,0.1373,2746.0,0.71002406,0.6740637,0.78151745,0.49751186,0.50387466,0.6255959,0.49704337,0.61069244,0.5084999799728394,0.7953001322746277,0.6065499782562256,0.7953001322746277,0.03,30.0,0.3112723820917339,0.3140614545519728,0.3106147461647999,0.4278758115089662,0.43691110642243847,0.427810773124548,0.366517154577375,0.3665310579733508,0.37125656040266714,0.014837199551441554,0.01482446430165656,0.014592647439330747,0.026740931196624493,0.03529182736276627,0.026714447234033465,0.019523803753794075,0.019492553691413984,0.01903385661496522,0.693,0.7468182,0.70348835,0.5111842,0.51951224,0.61929137,0.5,0.6106061,0.49650004506111145,0.7821356654167175,0.6126000285148621,0.7821356654167175,0.031,31.0,0.3366158963456814,0.33490484344667093,0.3365269454510319,0.41885599101345145,0.3990351309391015,0.41838453332863107,0.3675775896389204,0.36644833536704824,0.36542896194734226,-0.00036233171161440073,-0.0013386882347742313,-0.0017653275311363978,0.006168979074778485,0.005592016797919533,0.0030480606711261577,0.0017229396078832792,0.001151620657314926,0.00022839687947951644,0.69758064,0.67027026,0.79890513,0.49847332,0.50365853,0.6179825,0.50528455,0.60145986,0.5025000125169754,0.7887178988456727,0.6095750033855438,0.7887178988456727,0.0305,30.5,0.3239441392187077,0.32448314899932185,0.3235708458079159,0.4233659012612088,0.41797311868077,0.42309765322658954,0.3670473721081477,0.3664896966701995,0.3683427611750047,0.0072374339199135765,0.006742888033441165,0.006413659954097175,0.01645495513570149,0.020441922080342904,0.01488125395257981,0.010623371680838677,0.010322087174364456,0.009631126747222368,0.6952903,0.70854425,0.75119674,0.50482875,0.51158535,0.61863697,0.5026423,0.60603297,2026-10-06T00:37:39.687352
59,0.6141098141670227,0.49936777353286743,0.7797344773292542,0.6141623258590698,0.7797344773292542,0.844861141204834,0.9307980602264404,2.4672019382476806,0.1893668692588806,5.623839053344726,1.979518408203125,1.0,10.0,,,,,0.6646780040740967,0.6646780040740967,,,,16.921293365478515,0.02766800142645207,0.02497569370605526,,0.042558987688712156,0.4533139479577921,0.2942589754179405,0.0004314556947273831,0.009601685785018145,2.1956460309825885,,0.001147862076878905,,75.13977206284832,18.131450701671042,,103.69632453675483,75.01138320242524,24.439575644815044,95.12297602368008,38.95954530558009,16.921277137318995,,0.6828231044635651,,0.06744124175636632,0.19217220451801445,,0.11441349228666087,0.06099071455704179,0.2406611470090356,0.005608015702622142,0.41090772239265927,0.18416187138694107,,,,0.1404,2808.0,0.7046512,0.68731374,0.78151745,0.503673,0.5034073,0.6227879,0.4965978,0.6155397,0.5026500225067139,0.7922609896659851,0.6100500822067261,0.7922609896659851,0.028,28.0,0.3605036401531532,0.36157082360179627,0.36202916818126546,0.4554890562911995,0.44408605038960625,0.4551656378357856,0.4292432065619814,0.4302055601770853,0.42894459583971073,0.02824028466889067,0.025737455878530567,0.02635367132010738,0.03670875486650408,0.038792858621598,0.03720963060332358,0.03276493141642594,0.03094689960238824,0.031195404043285965,0.693,0.7468182,0.7073643,0.5180921,0.52845526,0.61614174,0.50078744,0.6193182,0.5040500164031982,0.78341632604599,0.6136999726295471,0.78341632604599,0.026,26.0,0.3172068704786258,0.3185577114337975,0.32157832777509293,0.4055026237018483,0.38179922191776344,0.4028411540142215,0.3665495715357513,0.36451415641785884,0.36549029714540354,0.0007185987868788648,0.0016839066548825319,0.0007382867275372233,0.005851618549527751,0.004367531845922267,0.003616926439705399,0.000312350837965233,0.0012334876567512494,-0.0003812278060567723,0.6903226,0.68108106,0.79890513,0.49770996,0.503252,0.6144737,0.50772357,0.6091241,0.503350019454956,0.7878386578559875,0.6118750274181366,0.7878386578559875,0.027,27.0,0.3388552553158895,0.3400642675177969,0.3418037479781792,0.4304958399965239,0.41294263615368487,0.4290033959250036,0.3978963890488664,0.39735985829747206,0.39721744649255714,0.014479441727884767,0.01371068126670655,0.013545979023822301,0.021280186708015916,0.021580195233760133,0.020413278521514488,0.016538641127195587,0.016090193629569746,0.015407088118614597,0.6916613,0.7139496,0.7531347,0.507901,0.51585364,0.6153077,0.50425553,0.61422116,2026-10-06T00:41:52.117595
60,0.614224910736084,0.5013599395751953,0.7803053528785705,0.6140323877334595,0.7803053528785705,0.8497165676116943,0.9361929836273193,2.5852036464691164,0.19569914053678514,5.530842554855346,1.9761023654937744,1.0,10.0,,,,,0.6232071761131287,0.6232071761131287,,,,16.892393127441405,0.02436204856761381,0.017539685382581893,,0.02323311418042797,0.4719978554803095,0.3036211769387221,0.00026356420575368225,0.008124186087898009,2.337776582901645,,0.0006076593586481154,,75.10263678678282,18.107213888958,,103.68853657716399,74.97496047293305,24.406320559750696,95.12393645268337,38.94761774342531,16.89236841384013,,0.6811259620508571,,0.06772467759764118,0.19354257452639806,,0.11502157056787211,0.06167563105559653,0.2424421487909973,0.005636041206871248,0.41367328907274137,0.18515783965967264,,,,0.13315,2663.0,0.7040497,0.68805885,0.7813194,0.5029424,0.5047703,0.61757576,0.4992912,0.6164155,0.5024499893188477,0.7900541744232178,0.6076499819755554,0.7900541744232178,0.034,34.0,0.3125058571505631,0.3157748174937125,0.31410433760857825,0.42639091434887044,0.40695420864932996,0.4258736893376333,0.3716725102519452,0.3715954760819469,0.3708385168285258,0.0027281186902512323,0.0007867614071471708,0.0012681286655627081,0.02231805892967177,0.02221960498844714,0.021498764314380317,0.009508261320766966,0.009097711380681802,0.009090995550724932,0.693,0.7468182,0.7031008,0.5151316,0.5199187,0.61929137,0.5019685,0.6125,0.5042499899864197,0.7813119106292724,0.6125499606132507,0.7813119106292724,0.031,31.0,0.3339449934558153,0.33388939209045254,0.33661232094785665,0.4288119004534582,0.4060191423402867,0.42635993922614,0.36858577008844895,0.3670385010145881,0.3670530244573038,0.004524766273538694,0.0027579717588080113,0.002482888699804946,0.011402776373369514,0.004927416354221349,0.008346206083835326,0.003755941361825786,0.0035611642712983717,0.0018625609938214417,0.6907258,0.6806307,0.7992701,0.50114506,0.50365853,0.61885965,0.50406504,0.5963504,0.5033499896526337,0.7856830425262451,0.6100999712944031,0.7856830425262451,0.0325,32.5,0.3232254253031892,0.3248321047920825,0.32535832927821745,0.4276014074011643,0.4064866754948083,0.42611681428188664,0.37012914017019705,0.3693169885482675,0.3689457706429148,0.003626442481894963,0.0017723665829775912,0.0018755086826838271,0.016860417651520642,0.013573510671334246,0.014922485199107821,0.006632101341296376,0.0063294378259900865,0.0054767782722731865,0.69186294,0.71372443,0.7511854,0.5081383,0.5117886,0.61907554,0.50301677,0.6044252,2026-10-06T00:46:04.492577
61,0.6137722134590149,0.49903735518455505,0.7790471891403198,0.6139050126075745,0.7790471891403198,0.8461056482315064,0.9321808485984803,2.546726222991943,0.17951937440633775,5.46371392211914,1.9799613018035889,1.0,10.0,,,,,0.6381197155952454,0.6381197155952454,,,,16.86420571899414,0.04789271869972514,0.03512696518598326,,0.05080573274131129,0.4514946937561035,0.2829544140370029,0.000576505155955474,0.012081629128023318,2.32370724120907,,0.0021513686677941328,,75.06640493793851,18.086741101210283,,103.68164392945114,74.93864387463613,24.37366946032093,95.1212738911817,39.00478312012496,16.86418562482117,,0.6830705449839306,,0.06829006647228435,0.19560591269070934,,0.11562726912414951,0.062354415512768324,0.24381692555679638,0.005729633202527169,0.4204275366986633,0.18597899937325982,,,,0.13965,2793.0,0.7067161,0.67925894,0.783855,0.50286335,0.50459504,0.62416166,0.50117457,0.61069244,0.5084499716758728,0.7929579210281372,0.6067000031471252,0.7929579210281372,0.029,29.0,0.35963015955923994,0.36300432531220045,0.3624420387534154,0.4590855440083647,0.4291953481920216,0.45973880340025813,0.41004846550471225,0.40936878078464767,0.4095872553916279,0.03755645269885304,0.037811543564774605,0.03648901302526915,0.04783642382325878,0.053371362584119654,0.0450778161540501,0.044458979445857444,0.04441178683457528,0.043721096096743677,0.6925,0.7468182,0.70348835,0.50723684,0.5170732,0.62401575,0.50236225,0.6121212,0.5113500356674194,0.7824434390068055,0.6115999817848206,0.7824434390068055,0.026,26.0,0.30289500658521107,0.2983175060064908,0.30831561518652695,0.3830378139847234,0.3384260168645725,0.3837523051723757,0.3255277190036167,0.3223399919639181,0.3235688139837027,0.0078641311766391,0.007350658251993459,0.007323442376870548,0.010439689487329335,0.012819545003607288,0.010688490722227422,0.004895583386604172,0.004993050591641693,0.004522683984537344,0.69516134,0.66846853,0.79890513,0.49770996,0.5109756,0.6127193,0.49878052,0.6021898,0.5099000036716461,0.7877006800174713,0.6091499924659729,0.7877006800174713,0.0275,27.5,0.3312625830722255,0.33066091565934563,0.3353788269699712,0.42106167899654406,0.3838106825282971,0.4217455542863169,0.3677880922541645,0.3658543863742829,0.36657803468766526,0.022710291937746072,0.02258110090838403,0.02190622770106985,0.029138056655294058,0.03309545379386347,0.027883153438138762,0.02467728141623081,0.024702418713108486,0.024121890040640512,0.69383067,0.7076434,0.75119674,0.5024734,0.5140244,0.61836755,0.50057137,0.6071555,2026-10-06T00:50:17.337211
62,0.6136778593063354,0.5025549530982971,0.7795252064704895,0.6134902238845825,0.7795252064704895,0.8451601253509522,0.9311302671432495,2.524738098526001,0.17442509031295778,5.459873560333252,1.980626488494873,1.0,10.0,,,,,0.6190569003105164,0.6190569003105164,,,,16.835605224609374,0.054586366653163576,0.026694486584294897,,0.03490416543516716,0.49659597560478624,0.27727868958453467,0.0004441407457706637,0.00983977557314192,2.3147144403047624,,0.0012920881121444951,,75.03000776934776,18.06482545889107,,103.68392550717493,74.90213119604026,24.341717859741987,95.11791836683918,39.06260248658004,16.835592160559003,,0.683426306126224,,0.0688702793922394,0.19717567039143508,,0.11709925185912734,0.06302561444841373,0.24550325817363278,0.006031017913631383,0.42719167869561797,0.18684472267035465,,,,0.136,2720.0,0.7120489,0.6755538,0.78405315,0.50238943,0.50529593,0.62244445,0.5004253,0.6076782,0.4971999526023865,0.7857923498153686,0.6093000769615173,0.7857923498153686,0.021,21.0,0.3563713535156464,0.35095232828839346,0.3575698492597026,0.43188954401838686,0.4123307555751123,0.4319088021141314,0.3779582323843975,0.3774394116264812,0.3775848266181052,0.03240440161298776,0.03211125396493318,0.03326352658577725,0.03531358465339954,0.03704635053822211,0.035284350879577375,0.024298912182626937,0.024359549277510877,0.02462884108475362,0.693,0.7468182,0.7073643,0.5180921,0.52073175,0.61614174,0.5,0.6215909,0.49570003151893616,0.7772801899909973,0.6132000684738159,0.7772801899909973,0.022,22.0,0.324605366941985,0.3179131987348961,0.3289670377348909,0.3956669802950974,0.3675935514433607,0.39219585378890176,0.4442457704052602,0.44401538670133905,0.44596427150721685,0.0034127264354969007,0.003643597043280215,0.004060665694695325,-0.0008024722990794871,-0.004263268913541315,-0.0029396776790259673,0.0004972424589371173,0.0006742783209934608,0.0006515821488958574,0.6923387,0.67747754,0.7967153,0.49847332,0.50569105,0.6127193,0.50528455,0.609489,0.4964499920606613,0.7815362699031829,0.6112500727176666,0.7815362699031829,0.0215,21.5,0.3404883602288157,0.33443276351164475,0.34326844349729674,0.4137782621567421,0.38996215350923646,0.4120523279515166,0.4111020013948289,0.4107273991639101,0.41177454906266103,0.01790856402424233,0.0178774255041067,0.018662096140236287,0.017255556177160025,0.0163915408123404,0.016172336600275703,0.012398077320782026,0.012516913799252169,0.012640211616824739,0.6926694,0.71214783,0.7520398,0.5082827,0.51321137,0.61443055,0.5026423,0.61553997,2026-10-06T00:54:36.393633
63,0.6140578389167786,0.49917495250701904,0.7781363693237304,0.6140674352645874,0.7781363693237304,0.8403019380569458,0.9257322832107544,2.4808733280181885,0.1863519006729126,5.535476644134522,1.9852497764587402,1.0,10.0,,,,,0.6174570028305054,0.6174570028305054,,,,16.809352420043947,0.04111145764024288,0.02458770717953919,,0.03375253363906934,0.4908182563105966,0.29891820327871166,0.00038639204656322647,0.008664729933782369,2.462754208381009,,0.0009331806284037365,,74.99527993171837,18.047627151392067,,103.68652766525366,74.86633490301242,24.3115995127684,95.11856890635885,39.04899065054146,16.809334724572054,,0.6857556165403621,,0.06969628753555808,0.19995848502323127,,0.11858885626124728,0.0636531645135515,0.2471233925242333,0.006098078498557495,0.42967931973706386,0.18821149941082974,,,,0.13895,2779.0,0.69845635,0.6908981,0.78361726,0.50548977,0.5047118,0.61656564,0.50224787,0.61262727,0.49250006675720215,0.7926287221908569,0.609499990940094,0.7926287221908569,0.024,24.0,0.3076522456712786,0.31091275709347277,0.3085987079277722,0.41525091991340407,0.41036482479023517,0.4152469895140408,0.36229114832035286,0.3673594454830958,0.36229114832035286,0.03074911024430847,0.029316396783874616,0.030492973335649546,0.04584633292241163,0.06574220695730683,0.0458364615088654,0.0343054639518726,0.035164733051463566,0.0343054639518726,0.693,0.7468182,0.7073643,0.5194079,0.5247968,0.61614174,0.49842522,0.6193182,0.5030999779701233,0.7840248198509217,0.6132000088691711,0.7840248198509217,0.023,23.0,0.3466139986976777,0.3468987521993219,0.3469025117569733,0.40685328039003393,0.4141782648207973,0.40767309244719,0.35893668132972356,0.36238801406589694,0.3578578408809376,0.005657902017504834,0.006271029630766426,0.005785691053273844,0.01015882172581087,0.01915938378306235,0.009956326431678672,0.0013455278326146905,-3.341140894527347e-05,0.0015439995430341353,0.6907258,0.6846847,0.79890513,0.49923664,0.503252,0.6144737,0.50772357,0.60072994,0.4978000223636627,0.7883267710208892,0.6113499999046326,0.7883267710208892,0.0235,23.5,0.32713312218447815,0.3289057546463974,0.32775060984237275,0.411052100151719,0.4122715448055162,0.4114600409806154,0.36061391482503824,0.3648737297744964,0.3600744946006452,0.01820350613090665,0.01779371320732052,0.018139332194461694,0.02800257732411125,0.04245079537018459,0.02789639397027204,0.017825495892243647,0.017565660821259148,0.01792473174745337,0.69186294,0.7157514,0.7531347,0.5093223,0.5140244,0.6153077,0.5030744,0.6100241,2026-10-06T00:58:56.772928
64,0.6134225130081177,0.49919751286506653,0.7786576141357422,0.613609790802002,0.7786576141357422,0.8308497668266296,0.9152298705101013,2.3946426681518553,0.1663251440882683,5.474782316970825,1.9668265277862549,1.0,10.0,,,,,0.646664456653595,0.646664456653595,,,,16.786657568359374,0.015409072301243758,0.013549388831208466,,0.026276527916579535,0.5491617180549415,0.3117946933978682,0.00046937845569106925,0.009248781163292896,2.4341355790947654,,0.001471533581146794,,74.9598974240054,18.025155498723315,,103.68149829062686,74.83112505287122,24.286108490767752,95.11071519790941,39.135533496832394,16.786646788287314,,0.676303170668851,,0.07039770540917754,0.20178689736469535,,0.11922433137134382,0.06425363428083955,0.24923629574714953,0.006135713931908653,0.4379250860897599,0.1902181383720629,,,,0.1518,3036.0,0.7042502,0.68227947,0.7805666,0.5029226,0.505588,0.62125254,0.5015593,0.6125662,0.5011999607086182,0.7902650451660156,0.6077000498771667,0.7902650451660156,0.029,29.0,0.3313908853696776,0.3355212766307295,0.33010239156141047,0.42125149114177945,0.3919983535242346,0.4210486579307477,0.4223964026160258,0.41434158711951014,0.4210786126203074,0.0198918576848934,0.01919494133143078,0.019971735969983716,0.03816894744938131,0.05093889493164982,0.03832049470228788,0.05216166377769233,0.04797420762432638,0.052455360086262684,0.693,0.7468182,0.70348835,0.51348686,0.51747966,0.6169291,0.5,0.6208334,0.4925999939441681,0.7785795016288757,0.613099992275238,0.7785795016288757,0.028,28.0,0.3833486530536544,0.3907305096940207,0.3873630296375863,0.42900628238580296,0.4468395696616468,0.4342062824147605,0.4522417253636429,0.4524904693078203,0.45886970431062263,0.016941107337265397,0.018502062899025378,0.017026661889113722,0.018066734402435652,0.033825601822542746,0.016014257774605675,0.016674675574343434,0.017340905938685376,0.017933909527306766,0.6923387,0.6621622,0.79890513,0.5015268,0.51056916,0.61710525,0.50447154,0.60875916,0.4968999773263931,0.7844222733974456,0.6104000210762024,0.7844222733974456,0.0285,28.5,0.35736976921166597,0.3631258931623751,0.3587327105994984,0.42512888676379124,0.4194189615929407,0.4276274701727541,0.43731906398983433,0.4334160282136652,0.439974158465465,0.0184164825110794,0.01884850211522808,0.018499198929548717,0.02811784092590848,0.04238224837709628,0.027167376238446776,0.03441816967601788,0.03265755678150588,0.035194634806784725,0.6926694,0.7044902,0.75119674,0.50750685,0.5140244,0.61701715,0.5022358,0.6147963,2026-10-06T01:03:16.500476
65,0.6125475168228149,0.5010676383972168,0.7804458883285522,0.6125198006629944,0.7804458883285522,0.8185341151237487,0.9015458121299743,2.2650692491531372,0.1678527208328247,5.423251971054077,1.9615980619430542,1.0,10.0,,,,,0.6634138976097107,0.6634138976097107,,,,16.766901397705077,0.012343725679697362,0.013907417061050559,,0.02922091524229403,0.4455103648079049,0.3035134039581961,0.0004861400473392405,0.00907186947905334,2.241442517395232,,0.0016157439685850047,,74.92295220247499,17.998659170357286,,103.67525433582865,74.79490899735956,24.259604982509735,95.10829954694032,39.209841175443806,16.766884894887355,,0.6737338725928288,,0.07085873167605916,0.20251615839019702,,0.11975520526527599,0.06483496540481118,0.25131680555404373,0.006294814024452761,0.4453309421326704,0.19300483992904616,,,,0.1701,3402.0,0.717482,0.67051953,0.78538036,0.4953397,0.5017523,0.6211111,0.49712434,0.6136253,0.502299964427948,0.7911968874931335,0.6068000197410583,0.7911968874931335,0.026,26.0,0.38437303139583223,0.3847813996313235,0.38500941917896103,0.4376676651531028,0.4308622926811697,0.43794488261559733,0.392079929661002,0.3911529117155847,0.39191151320598866,0.04314541115096529,0.04406929995158704,0.04247027302540822,0.052985941635711256,0.06638150059263352,0.05318083608723873,0.03876820240582121,0.03903002460185439,0.038730292737122966,0.70199996,0.7468182,0.70348835,0.5055921,0.5166667,0.614567,0.50078744,0.6185606,0.5011000633239746,0.7769906368255616,0.6131999492645264,0.7769906368255616,0.024,24.0,0.3785553989596175,0.37977890480874904,0.3830267602131999,0.39955491797472736,0.43250716316878884,0.4185479290265822,0.4483050802437011,0.44321489187788154,0.4488262256527008,0.009005205614779523,0.009361050307931162,0.009120805507507228,0.01369241578686899,0.02713842689579087,0.010843326049010572,0.012715811487387329,0.015518053802032588,0.012709985572621277,0.69717747,0.65855855,0.79890513,0.5038168,0.5081301,0.61622804,0.5117886,0.6021898,0.5017000138759613,0.7840937621593476,0.6099999845027924,0.7840937621593476,0.025,25.0,0.3814642151777249,0.3822801522200363,0.3840180896960805,0.4186112915639151,0.43168472792497925,0.42824640582108975,0.42019250495235155,0.41718390179673315,0.4203688694293447,0.026075308382872406,0.0267151751297591,0.025795539266457723,0.03333917871129012,0.046759963744212193,0.03201208106812465,0.025742006946604272,0.02727403920194349,0.02572013915487212,0.6995887,0.70268834,0.75119674,0.5047045,0.51239836,0.6153975,0.50628805,0.61037517,2026-10-06T01:07:36.977101
66,0.6116251945495605,0.4990924894809723,0.7826113810539246,0.6115521192550659,0.7826113810539246,0.8399484541893005,0.9253395267486573,2.456406281089783,0.20896673305034638,6.098576001739502,1.9984644374847411,1.0,10.0,,,,,0.6856351202011108,0.6856351202011108,,,,16.754159454345704,0.020927155171825022,0.023256348647328486,,0.0371483162888563,0.4537708937742148,0.37719320043162174,0.00042874132482124386,0.009437795543070338,2.760051874218473,,0.0015391654677071407,,74.88642251567477,17.97140879539927,,103.66995861272143,74.75844569115122,24.235297427815237,95.10957900126269,39.20445994966349,16.75411624058037,,0.6923787305309514,,0.07143355564326997,0.2029664673053535,,0.12080826937772665,0.0654130549092961,0.25338977727161094,0.006402462439101403,0.4481481425701433,0.19698363200874086,,,,0.1385,2770.0,0.71154773,0.6735199,0.7810024,0.49682072,0.5042251,0.621495,0.49578777,0.6100815,0.4982999861240387,0.786122275352478,0.609499990940094,0.786122275352478,0.015,15.0,0.34801769711641617,0.3510639383518244,0.34943523787656,0.44479446028604647,0.44406048551270677,0.44479671574279445,0.4007354559599958,0.4009026788273364,0.4007354559599958,0.03225485822188115,0.03305182801304804,0.031895009291653835,0.05102548140364674,0.06965003736616833,0.05129872556108208,0.03268325139445012,0.03287466019212017,0.03268325139445012,0.693,0.7468182,0.7073643,0.5167763,0.5239838,0.618504,0.5,0.6193182,0.5016999840736389,0.7776406412124633,0.6136999130249023,0.7776406412124633,0.018,18.0,0.3209775287284693,0.31903151539284474,0.3236726402819897,0.3988737121305572,0.4065556058413718,0.39969075620871236,0.3472559440521914,0.3474850987389095,0.3479863996876304,0.004038260638956145,0.004716344035713632,0.0038544421437337454,0.004104100825296133,0.013125511852579513,0.004104015306139308,-0.00023925968019951083,-0.00030705185706393255,-0.0008045311361025863,0.6923387,0.68108106,0.79890513,0.49847332,0.50487804,0.6144737,0.5085366,0.6043796,0.4999999850988388,0.7818814582824707,0.6115999519824982,0.7818814582824707,0.0165,16.5,0.33449761292244273,0.3350477268723346,0.3365539390792749,0.4218340862083019,0.4253080456770393,0.4222437359757534,0.3739957000060936,0.37419388878312293,0.37436092782381314,0.018146559430418648,0.018884086024380835,0.01787472571769379,0.027564791114471437,0.04138777460937392,0.027701370433610695,0.016221995857125304,0.01628380416752812,0.01593936012917377,0.6926694,0.7139496,0.7531347,0.5076248,0.5144309,0.6164888,0.5042683,0.6118489,2026-10-06T01:11:57.971160
67,0.6138724684715271,0.49958232045173645,0.7780767957687378,0.6136845946311951,0.7780767957687378,0.8551150959968566,0.942191346359253,2.6715036506652834,0.22739159088134767,6.610074527740479,1.9996682777404786,1.0,10.0,,,,,0.6979884117126465,0.6979884117126465,,,,16.741688629150392,0.030220828438029406,0.020694112794097087,,0.029251841115646635,0.47771097738651713,0.28655513601413196,0.00022796350451568913,0.0066735246559830414,2.011875802923919,,0.0005766029438757631,,74.85113977322912,17.948614594283377,,103.6690219466094,74.72250847300147,24.208182085851195,95.11351878172273,39.181177200025814,16.741689341842747,,0.6929802765512163,,0.07208747084543204,0.20412458783122384,,0.12231304757534318,0.06600831178533044,0.25519834563231014,0.006443267335201714,0.4499030435920521,0.20096450787820633,,,,0.119,2380.0,0.7100441,0.6773661,0.7831617,0.5019945,0.5009541,0.6183435,0.5024504,0.61743385,0.5048999786376953,0.7883420166969299,0.6100999712944031,0.7883420166969299,0.016,16.0,0.31192403970193455,0.3141962483672193,0.312822274800077,0.40994781080410964,0.41155662447465285,0.4092497077791171,0.3511256836103093,0.3519548587210701,0.3515550112525048,0.02626648410289802,0.02548264981700757,0.025147592622114818,0.04172838207869649,0.0685606456651356,0.0404450518880763,0.019583743443452532,0.020266126598943317,0.019647036227600414,0.6925,0.7468182,0.7073643,0.51644737,0.5247968,0.61614174,0.5066929,0.619697,0.4859999418258667,0.7793964395523071,0.6150498986244202,0.7793964395523071,0.017,17.0,0.32872885727437884,0.32908577065160266,0.3300677533882308,0.41035537388559595,0.42309893916309954,0.4097368830494199,0.36106965965773297,0.3600731379020254,0.35960573919585437,0.00596391070904987,0.006166713460391054,0.005714864956753484,0.006097254684009044,0.01630511369192127,0.006175851010014037,-0.0002289473686540875,0.0004639533149670317,-0.00025254821624972094,0.68991935,0.6801802,0.79890513,0.5041985,0.50528455,0.6144737,0.5089431,0.6109489,0.495449960231781,0.7838692281246185,0.6125749349594116,0.7838692281246185,0.0165,16.5,0.3203264484881567,0.321641009509411,0.32144501409415394,0.41015159234485277,0.4173277818188762,0.4094932954142685,0.3560976716340212,0.35601399831154773,0.3555803752241796,0.016115197405973947,0.015824681638699312,0.015431228789434152,0.023912818381352764,0.042432879678528435,0.02331045144904517,0.009677398037399223,0.010365039956955174,0.009697244005675346,0.6912097,0.7134992,0.7531347,0.5103229,0.51504064,0.6153077,0.507818,0.61532295,2026-10-06T01:16:19.654727
68,0.6151123046875,0.49831241369247437,0.7806119750976562,0.6151924729347229,0.7806119750976562,0.8539380227088929,0.9408834868431092,2.6574612113952636,0.22782547807693482,6.5056049980163575,1.9999540161132812,1.0,10.0,,,,,0.6983640048027039,0.6983640048027039,,,,16.739123587036133,0.008628107928804413,0.0073048554254832206,,0.012229707433136216,0.5495224389111161,0.6021643682934676,0.0003340448337943726,0.009910370623633551,4.3591581514686535,,0.0006784777547268769,,74.81447188261967,17.924004961730567,,103.66132296422485,74.68668005876481,24.186184852745882,95.11371549375498,39.17480736021783,16.73910969533738,,0.6931242969385378,,0.07253987584144446,0.20489518401349427,,0.12286425078180944,0.06666047766709783,0.2575360232857382,0.006438010962454567,0.45255003081765144,0.20689942464707003,,,,0.1185,2370.0,0.709984,0.68304473,0.7792988,0.5063389,0.50552964,0.62248486,0.50445527,0.61254585,0.5017499923706055,0.7852382612228394,0.6122499108314514,0.7852382612228394,0.017,17.0,0.3002444960034515,0.2961846710507388,0.3034324373283524,0.4210156437651675,0.4075662900149541,0.42047471394928226,0.3693450715191821,0.36827294019432044,0.3686862980637116,0.014164429610973223,0.013542333936060233,0.012928998385135988,0.028706998099859854,0.028754877005659995,0.028046702986115796,0.017292756139730393,0.016202649304736312,0.0162582637308788,0.691,0.7468182,0.7073643,0.51611847,0.5280488,0.61811024,0.52086616,0.6189394,0.5096999406814575,0.779500581741333,0.6149499416351318,0.779500581741333,0.019,19.0,0.3184724954710288,0.3169054100878662,0.32209249857617156,0.4031652682421754,0.4024659362570177,0.40309159196893957,0.35349336106044815,0.35609362694430047,0.35334254301022205,0.0014154400671927915,0.0018908936729466414,0.0008412805819169209,0.0028484616312314153,0.004291569342253855,0.002661526969417885,-0.003387215357450046,-0.0031850574371319147,-0.0035650957761017925,0.6911291,0.68603605,0.79744524,0.50687027,0.50487804,0.6149123,0.5093496,0.6029197,0.5057249665260315,0.7823694214820862,0.6135999262332916,0.7823694214820862,0.018000000000000002,18.0,0.30935849573724017,0.30654504056930254,0.312762467952262,0.41209045600367145,0.4050161131359859,0.41178315295911094,0.3614192162898151,0.36218328356931045,0.36101442053696686,0.007789934839083007,0.007716613804503437,0.006885139483526454,0.015777729865545636,0.016523223173956925,0.01535411497776684,0.006952770391140174,0.006508795933802198,0.006346583977388504,0.69106454,0.7164271,0.7524048,0.5114944,0.5164634,0.6165112,0.51510787,0.61092955,2026-10-06T01:20:40.882686
69,0.6138899326324463,0.4984072744846344,0.7790805335998535,0.614102303981781,0.7790805335998535,0.8527205249786377,0.9395307112693787,2.6780480480194093,0.21673884797096252,6.478495056915283,1.9974516120910644,1.0,10.0,,,,,0.6931407361984253,0.6931407361984253,,,,16.712656701660155,0.050399853965077714,0.02233297589856384,,0.029261084960085476,0.45132902615768894,0.32640229242669927,0.0003740496840402128,0.009187758897259167,2.309352936448565,,0.0009235897586494832,,74.77701826156324,17.898704808229095,,103.65294739547049,74.65128758910355,24.16032895616665,95.11221488418093,39.15833117248146,16.712623984950362,,0.691858188741526,,0.07294277282087666,0.20548192217091846,,0.12320124495560957,0.06731952351939147,0.2594955286402611,0.006499797672294317,0.45473543397939886,0.2080017296941417,,,,0.12145,2429.0,0.70398957,0.68763596,0.780309,0.5033965,0.50683415,0.6172525,0.5031997,0.6122811,0.4998999834060669,0.7924477691650391,0.6061000823974609,0.7924477691650391,0.023,23.0,0.3829701583990788,0.38329085368471044,0.38320289911670474,0.4290421149219001,0.41228246411759306,0.4279118238682755,0.4050041941699626,0.40407985700814125,0.40558077336779835,0.0307903982589049,0.029481897374534348,0.028635153041510715,0.042331792434004374,0.036497301853868416,0.04095110881053044,0.03366347787372887,0.033111672660487965,0.03300356746551899,0.6905,0.74136364,0.6996124,0.5085527,0.5199187,0.60551184,0.5165354,0.61742425,0.5032999515533447,0.7849076399803162,0.6093000173568726,0.7849076399803162,0.022,22.0,0.3382442835897632,0.3341829142636354,0.3387707100492608,0.3869515865432937,0.37321895164457414,0.3854769373778061,0.3679329624905644,0.3640847229251919,0.3624474733324628,0.004647774537043473,0.004389603763672441,0.004752608827200651,-0.005490958478409487,-0.010585643766624403,-0.005971756072787761,-0.002569443235382357,-0.0020040089209951463,-0.003767042366072598,0.67862904,0.69549555,0.79744524,0.50458014,0.49593496,0.60175437,0.50447154,0.5908759,0.5015999674797058,0.7886777045726776,0.6077000498771667,0.7886777045726776,0.0225,22.5,0.360607220994421,0.3587368839741729,0.36098680458298277,0.4079968507325969,0.39275070788108357,0.40669438062304075,0.3864685783302635,0.3840822899666666,0.3840141233501306,0.017719086397974187,0.016935750569103396,0.016693880934355684,0.018420416977797442,0.012955829043622007,0.01748967636887134,0.015547017319173257,0.01555383186974641,0.014618262549723196,0.68456453,0.71842957,0.74852884,0.5065664,0.5079268,0.6036331,0.5105035,0.60415006,2026-10-06T01:25:02.115693
70,0.6121099591255188,0.5003225803375244,0.7832485988616943,0.6121501326560974,0.7832485988616943,0.8207695586204529,0.904029637145996,2.315441855621338,0.16321373267769815,6.068222686386108,1.9745203695297242,1.0,10.0,,,,,0.698266915512085,0.698266915512085,,,,16.68463547973633,0.03403447582430924,0.020935178549728907,,0.03369032319006362,0.3867912289633113,0.31229307084896,0.0005998064175835414,0.011643704863348205,2.2136978887638468,,0.0017238585277464964,,74.74048852616815,17.87914817955843,,103.65165443177436,74.61567483889829,24.133916393207137,95.11380879590466,39.21142286555782,16.68462788527179,,0.6803351078823114,,0.07376506051440147,0.20714144142949656,,0.12393562301139163,0.06799635855825084,0.2613840611876955,0.006692675209254216,0.4606858645654788,0.2088632659547648,,,,0.16115,3223.0,0.70052123,0.68018526,0.78298336,0.51176935,0.5018107,0.61103034,0.5008708,0.60991853,0.496800035238266,0.7751365599632263,0.6199000477790833,0.7751365599632263,0.034,34.0,0.28719016183011503,0.2950102661745104,0.2914526973137289,0.392871599446103,0.3795500886513258,0.393489292691787,0.30244026097167553,0.30047895042867334,0.30315169262133823,0.03486493211237043,0.03635570202311162,0.03430615870688205,0.042265306172043465,0.06591150076548344,0.04224477341436341,0.030921354146005765,0.03129371032153448,0.03091333818438786,0.6985,0.7468182,0.7073643,0.52039474,0.5239838,0.61574805,0.5826772,0.6128788,0.49070003628730774,0.7685389232635498,0.6215999126434326,0.7685389232635498,0.039,39.0,0.33648741453757913,0.3395323804210023,0.34322091239554425,0.39588712799076675,0.39434339784628125,0.3963716402099038,0.3397950929175342,0.3391199513422409,0.33909193503137197,0.0064919498231492765,0.006984466341714435,0.006380577240030815,0.01324173670291569,0.018850943839864163,0.011180494103291264,0.0063004145277806576,0.005954387358698584,0.0032452128278229035,0.6919355,0.6756757,0.79890513,0.53816795,0.5231707,0.6122807,0.51910573,0.6047445,0.49375003576278687,0.771837741613388,0.6207499802112579,0.771837741613388,0.036500000000000005,36.5,0.3118387881838471,0.31727132329775637,0.31733680485463656,0.39437936371843485,0.3869467432488035,0.3949304664508454,0.32111767694460486,0.31979945088545714,0.3211218138263551,0.02067844096775985,0.02167008418241303,0.02034336797345643,0.027753521437479577,0.0423812223026738,0.026712633758827337,0.018610884336893212,0.018624048840116533,0.01707927550610538,0.6952177,0.71124697,0.7531347,0.5292814,0.5235772,0.6140144,0.55089146,0.6088116,2026-10-06T01:29:23.272203
71,0.6252753138542175,0.49970492720603943,0.7646753019332886,0.6251376867294312,0.7646753019332886,0.8218459875106812,0.9052256676673889,2.296595182609558,0.11670025979280471,4.998411530303955,1.9972012586593628,1.0,10.0,,,,,0.7486748252868652,0.7486748252868652,,,,16.668479174804688,0.16140128183030303,0.05251293492527192,,0.06608501151737989,0.3962836456336793,0.30274096321148475,0.0007133406355597411,0.015196109880177174,2.032208646558652,,0.0018808617979357801,,74.7064108392995,17.87866053004174,,103.66968487782084,74.58092498779297,24.108221297051497,95.11067238582928,39.29496172279309,16.668436123307345,,0.6917323515673351,,0.07540227961578187,0.21068339989443494,,0.12638729089384626,0.06880398502775059,0.2633564352609549,0.006937532424689478,0.4682009428929371,0.2127393573332744,,,,0.17575,3515.0,0.7143745,0.67305684,0.77709985,0.5494866,0.5309774,0.6238182,0.51871204,0.61466396,0.5005999803543091,0.7589118466377258,0.6273500323295593,0.7589118466377258,0.049,49.0,0.31947484703679313,0.31500641411191393,0.3270646880180542,0.35867003943403336,0.3379943521619051,0.3606609282377067,0.2779323232902424,0.2771033477475888,0.27988026738751626,0.03151135789541622,0.030973347320854334,0.030836340800089082,0.026851948021105545,0.032780534316862946,0.027205925476080868,0.016608315029530092,0.01636345194399549,0.01588561617253924,0.6935,0.7468182,0.7073643,0.5338816,0.5402439,0.6188976,0.60354334,0.6193182,0.49960002303123474,0.7543827629089356,0.6289499998092651,0.7543827629089356,0.045,45.0,0.3152306936149048,0.31422322190165214,0.32255848294302825,0.3595330398314658,0.3509535877381892,0.3614392879791221,0.3156372921618712,0.3158632857592813,0.3137816402477705,0.009553105085804862,0.01020932711343234,0.0095182061264771,0.005101379933216087,0.011941967209409647,0.00472376928870807,0.005404366050842579,0.005028847308781352,0.00385892797910761,0.6919355,0.68648654,0.7967153,0.5717557,0.53008133,0.6131579,0.5349594,0.5985401,0.5001000016927719,0.7566473047733306,0.6281500160694122,0.7566473047733306,0.047,47.0,0.31735277032584897,0.31461481800678304,0.32481158548054123,0.3591015396327496,0.34447396995004714,0.3610501081084144,0.2967848077260568,0.2964833167534351,0.29683095381764335,0.02053223149061054,0.02059133721714334,0.02017727346328309,0.015976663977160816,0.022361250763136296,0.015964847382394468,0.011006340540186337,0.010696149626388422,0.009872272075823425,0.69271773,0.7166524,0.7520398,0.55281866,0.5351626,0.6160278,0.56925136,0.60892916,2026-10-06T01:33:44.357588
72,0.6272072792053223,0.5005927085876465,0.761350527381897,0.6273400187492371,0.761350527381897,0.8398370342254639,0.9252157216072082,2.4897137561798095,0.14646607154607774,5.3917967868804935,1.9997627655029298,1.0,10.0,,,,,0.755157923412323,0.755157923412323,,,,16.628785913085938,0.22996373097323308,0.09401832131526558,,0.09386911726657562,0.39615729954212336,0.34396951954076244,0.0007243640152670764,0.015208226613771574,2.3782954291932903,,0.002084047256807269,,74.6782823307499,17.874728937817228,,103.7027773523027,74.54733878943571,24.08609990405429,95.1088947369035,39.35561703724466,16.62877120485731,,0.6930290054363809,,0.07742622803161099,0.2154355853985829,,0.1303335604773965,0.06987295219093372,0.266069464053318,0.007132048534739549,0.4744416824571646,0.21211244156406184,,,,0.15325,3065.0,0.7042903,0.673379,0.77547544,0.5647907,0.54221183,0.6176162,0.5284933,0.6130754,0.5045999884605408,0.7529676694869996,0.6390998959541321,0.7529676694869996,0.054,54.0,0.41883284858370456,0.42356001016390743,0.4244028003820571,0.33296107849036916,0.3482766270797649,0.35044754504897246,0.4269165070846095,0.43445591122677596,0.431099483912009,0.02988599314273493,0.02983636824797949,0.029984757326012322,0.042433577559243714,0.03915597105198142,0.03985346076374215,0.03958604141501886,0.039472857225123004,0.0399804725126462,0.67800003,0.74500006,0.70155036,0.5493421,0.547561,0.61771655,0.6909449,0.619697,0.5118500590324402,0.7560507922172547,0.6331000924110413,0.7560507922172547,0.058,58.0,0.33433311555500883,0.33915561225354357,0.34152415058893193,0.3071660968633612,0.3071214333485404,0.3088252063448647,0.3611980221053261,0.359028439321317,0.3588427926844393,-0.006496185047712574,-0.0057641905537617515,-0.006083284317398821,-0.00945949995453687,-0.008001742957792398,-0.010286868198909258,-0.005537293627735528,-0.006040645946449326,-0.00733053142331036,0.68669355,0.68198204,0.7967153,0.5889313,0.5402439,0.6035088,0.5479675,0.60802925,0.5082250237464905,0.7545092308521271,0.6360999941825867,0.7545092308521271,0.056,56.0,0.3765829820693567,0.3813578112087255,0.3829634754854945,0.32006358767686516,0.3276990302141527,0.3296363756969186,0.3940572645949678,0.3967421752740465,0.39497113829822417,0.011694904047511178,0.01203608884710887,0.011950736504306751,0.016487038802353422,0.015577114047094508,0.014783296282416447,0.017024373893641667,0.01671610563933684,0.01632497054466792,0.6823468,0.7134911,0.7491329,0.56913674,0.54390246,0.61061263,0.6194562,0.6138631,2026-10-06T01:38:05.851994
73,0.6305356025695801,0.501174807548523,0.7551314392089844,0.630682647228241,0.7551314392089844,0.8416082582473755,0.9271837507247925,2.45686036529541,0.19774859907627107,5.2278970565795895,1.989003246307373,1.0,10.0,,,,,0.7789902337074279,0.7789902337074279,,,,16.60604631652832,0.2635246391769997,0.10150534374888535,,0.12061953618766585,0.34776595699939,0.262942109778998,0.0009216119140048458,0.018926266180410697,1.7881798795454062,,0.002950218136798276,,74.64680835699579,17.86939437526047,,103.72867710575177,74.51423314574417,24.06416077826433,95.09995658534348,39.521382325773786,16.60601483484742,,0.6876396168569091,,0.07902857053811384,0.2196476792643784,,0.13318527627522778,0.07119203971070089,0.26838617472891596,0.007156488135646863,0.4861280595421032,0.21432825249091836,,,,0.15475,3095.0,0.7105453,0.647644,0.783122,0.59346366,0.5538162,0.60630304,0.5376671,0.61258656,0.49125003814697266,0.746935399055481,0.6346999406814575,0.746935399055481,0.039,39.0,0.45578823652704903,0.4613432057704135,0.4611454944929592,0.39202108229047866,0.41812508110561375,0.39327506587003347,0.40666530655185973,0.4068388468984811,0.4056021163475871,0.06693941708651428,0.06678392764045264,0.06693414167085641,0.06505635842276009,0.0693312442251092,0.0662633361229263,0.06809806885853308,0.0682598928164884,0.06756806546218827,0.6905,0.74500006,0.7007752,0.53289473,0.55609757,0.58582675,0.692126,0.6181818,0.4938499927520752,0.7617218794822693,0.6273999214172363,0.7617218794822693,0.039,39.0,0.3919594279620049,0.39701087521442185,0.39821154362610806,0.31680975869009625,0.302538299231378,0.31958897020355354,0.3375532305922239,0.3377734692827735,0.33893748604857227,0.00934157037778802,0.010222875960300862,0.010344889764377353,0.005707704645146301,0.004120424603485699,0.006141390835368136,0.01314825035849099,0.014064945057635106,0.014217831289958856,0.6955645,0.63873875,0.7875913,0.6206107,0.548374,0.55833334,0.55,0.60072994,0.4925500154495239,0.7543286392688752,0.6310499310493469,0.7543286392688752,0.039,39.0,0.42387383224452696,0.42917704049241767,0.42967851905953364,0.35441542049028746,0.36033169016849587,0.3564320180367935,0.37210926857204185,0.3723061580906273,0.3722698011980797,0.03814049373215115,0.03850340180037675,0.03863951571761688,0.035382031533953195,0.03672583441429745,0.036202363479147216,0.04062315960851203,0.04116241893706175,0.04089294837607356,0.69303226,0.6918694,0.74418324,0.5767527,0.5522358,0.57208,0.621063,0.6094559,2026-10-06T01:42:26.005907
74,0.6302053332328796,0.5002447366714478,0.7542344977378845,0.6303824782371521,0.7542344977378845,0.8431026948928833,0.9288442286491394,2.3946181247711182,0.15010835518836976,5.32405503692627,1.9976099014282227,1.0,10.0,,,,,0.7272010388374328,0.7272010388374328,,,,16.585966821289063,0.19445126622345796,0.0817673013332021,,0.0895705008849644,0.3474250146348006,0.23126297154623993,0.0008623167867979901,0.018922724941994543,1.6364743805425181,,0.0025404605672103026,,74.61307272941444,17.858175119776636,,103.74266134857372,74.4809949352483,24.04276072751185,95.09660903055956,39.64767069725474,16.585934997364213,,0.6919552156120349,,0.08016571862872239,0.2222187534259383,,0.13530375642381656,0.07247869167358252,0.27060499768348256,0.00727890844747519,0.4954535182873914,0.2171591602882762,,,,0.1516,3032.0,0.71513635,0.6502819,0.7741878,0.5938586,0.5589564,0.6020404,0.5311665,0.61704683,0.5044999718666077,0.7472162289619446,0.6357000470161438,0.7472162289619446,0.042,42.0,0.3762158829319526,0.37641683839403894,0.3778773733772056,0.35199632160005706,0.3668796528175109,0.36679483749564523,0.3626317177423658,0.3626633782681623,0.3624503441975903,0.026708818065258315,0.025093502696471023,0.026628388621722416,0.04197735296907047,0.041302058762560406,0.03774797923716322,0.044188535206582176,0.04402661819184401,0.04451137366246299,0.6905,0.7468182,0.70620155,0.5256579,0.56544715,0.6003937,0.6673228,0.62840915,0.5108500123023987,0.7601140055656433,0.6268998980522156,0.7601140055656433,0.053,53.0,0.3953974708570035,0.3995209615098027,0.40043657594425786,0.34038681491257977,0.3405517096559726,0.34265526773852933,0.3634036979679373,0.36601504593146045,0.3660006514336496,0.006216374412367774,0.006142453808486936,0.0067227306324534435,0.018063507499657877,0.016679643285639003,0.017037937208041535,0.025177401861581877,0.025746089113553448,0.0256212852657735,0.68991935,0.6463964,0.78795624,0.60305345,0.5479675,0.579386,0.546748,0.5981752,0.5076749920845032,0.753665117263794,0.6312999725341797,0.753665117263794,0.0475,47.5,0.38580667689447806,0.38796889995192085,0.38915697466073174,0.3461915682563184,0.35371568123674174,0.3547250526170873,0.36301770785515153,0.36433921209981135,0.36422549781561997,0.016462596238813045,0.01561797825247898,0.01667555962708793,0.030020430234364175,0.028990851024099706,0.027392958222602376,0.03468296853408202,0.03488635365269873,0.035066329464118244,0.6902097,0.6966073,0.7470789,0.5643557,0.5567073,0.5898899,0.6070354,0.6132922,2026-10-06T01:46:46.833561
75,0.6344155669212341,0.5015749931335449,0.7451700182914733,0.6344900727272034,0.7451700182914733,0.8421833808898925,0.9278227801322937,2.350871759033203,0.11258054697513581,5.550622524261475,1.9992910812377929,1.0,10.0,,,,,0.704950022315979,0.704950022315979,,,,16.562884756469728,0.16127345592056394,0.08053633941717114,,0.08135551513487081,0.42567948987529536,0.255320663641023,0.0007176173230444799,0.017165079425166176,1.8963333776422366,,0.002629892958214493,,74.57840053291078,17.835516923552106,,103.74835127326334,74.44741869883931,24.01608157309757,95.09905199184539,39.77454106519177,16.562859261871143,,0.6927940739188224,,0.0810575887181197,0.22323946901567424,,0.13667207519719554,0.07369283947405542,0.27236266595542813,0.007442613921252785,0.5047096928973107,0.21912079413605343,,,,0.15295,3059.0,0.71696067,0.66061217,0.7786054,0.59141,0.5577297,0.61200005,0.5421831,0.6163544,0.5083000063896179,0.7437683429718017,0.6405999660491943,0.7437683429718017,0.04,40.0,0.41530356659797185,0.4203235044370864,0.41892207396078174,0.28073589549534045,0.29474304081205727,0.2807632048385072,0.3694210608332531,0.3693728739652471,0.36940293938739344,-0.0040633025873839865,-0.004661292069483645,-0.004463788826490922,-0.019033908206046102,-0.017578201682794933,-0.019015774890764583,-0.014659124485338711,-0.014630565772187978,-0.014626311412640789,0.677,0.7386364,0.6910853,0.5375,0.55853665,0.6204725,0.70866144,0.6310606,0.5005000233650208,0.751083845615387,0.635450005531311,0.751083845615387,0.051,51.0,0.3862297784009627,0.3989484121912623,0.3973917068684538,0.29264841109280537,0.30575016068191624,0.30178296885119543,0.35711697413744675,0.3599157528494526,0.3594037378604912,-0.005043011703644325,-0.006406851822364846,-0.004463102799994528,-0.003299361521509706,-0.008225823427952163,-0.00714866049666947,-0.007303951070034561,-0.00870608960217304,-0.008702310544013216,0.6935484,0.6576577,0.79708034,0.6229007,0.54430896,0.6,0.55243903,0.6010949,0.5044000148773193,0.7474260942935944,0.6380249857902527,0.7474260942935944,0.0455,45.5,0.4007666724994673,0.4096359583141743,0.4081568904146178,0.28669215329407294,0.3002466007469867,0.2912730868448513,0.3632690174853499,0.3646443134073498,0.3644033386239423,-0.004553157145514156,-0.005534071945924245,-0.004463445813242725,-0.011166634863777905,-0.012902012555373548,-0.013082217693717027,-0.010981537777686637,-0.01166832768718051,-0.011664310978327003,0.6852742,0.69814706,0.7440828,0.5802004,0.55142283,0.6102363,0.63055027,0.6160778,2026-10-06T01:51:08.273273
76,0.6355926990509033,0.502047598361969,0.7433706727027893,0.635702908039093,0.7433706727027893,0.832380031299591,0.9169301646232605,2.2267377017974854,0.11984494363069534,5.384365352630615,1.9999582725524903,1.0,10.0,,,,,0.6861728190422058,0.6861728190422058,,,,16.5396159576416,0.15384160474263084,0.0501692679230195,,0.06840108988130358,0.47810639716257713,0.2894284508315621,0.000764207441302663,0.018057971688545053,2.277613480949098,,0.0026408864068335285,,74.54397903733953,17.81270264060634,,103.7492566928742,74.41340467124988,23.99013328552246,95.1020960716685,39.819356954781114,16.539593180273748,,0.6931264127136036,,0.08199563992630904,0.2244389820250736,,0.137788257591284,0.07490193459448541,0.27409179309371173,0.007385770259365724,0.5096436685817257,0.22112628324016645,,,,0.1611,3222.0,0.71200883,0.6629078,0.77561414,0.59873617,0.56407714,0.61559594,0.5445727,0.61179227,0.4938499331474304,0.7484005312919617,0.632550060749054,0.7484005312919617,0.039,39.0,0.3871201240323318,0.3901260002852499,0.388865266075351,0.3608079836739476,0.3460185826493283,0.3520186757258005,0.3868207214981324,0.38940284432408234,0.38856810679899223,0.039705950826715054,0.03907058502068479,0.03864679621260104,0.04427782818092373,0.047230843536335027,0.04086386702304754,0.041544615303532956,0.040971663015389896,0.04110293002658444,0.6795,0.7468182,0.6941861,0.52598685,0.56585366,0.6090551,0.67204726,0.61098486,0.4963000416755676,0.7443287477493287,0.6339499354362488,0.7443287477493287,0.043,43.0,0.3741488514100634,0.37915804885263943,0.37869646210127744,0.29848797230763946,0.3110790709015431,0.3050531556630717,0.3361164836625975,0.33848992661265787,0.33909148881065665,-0.0033098764340766438,-0.0032714963542269035,-0.0024941309284465694,0.0014769183542758285,-0.00019537516288357283,-0.0010395711210883173,0.005547994442847755,0.004998778056406628,0.005442491718828014,0.69435483,0.6441441,0.7934307,0.61564887,0.5434959,0.59692985,0.56707317,0.6010949,0.495074987411499,0.7463646395206451,0.6332499980926514,0.7463646395206451,0.040999999999999995,41.0,0.38063448772119757,0.3846420245689447,0.38378086408831424,0.32964797799079354,0.3285488267754357,0.3285359156944361,0.36146860258036495,0.3639463854683701,0.36382979780482444,0.018198037196319204,0.017899544333228944,0.018076332642077236,0.022877373267599782,0.023517734186725727,0.019912147950979613,0.023546304873190354,0.022985220535898264,0.023272710872706225,0.68692744,0.6954812,0.7438084,0.5708178,0.55467474,0.6029925,0.61956024,0.6060399,2026-10-06T01:55:28.901761
77,0.6356024146080017,0.5026723146438599,0.7419674632072448,0.6353850960731506,0.7419674632072448,0.831328973197937,0.9157623199462891,2.194507451438904,0.1322341379404068,5.444516242218017,1.9998171913146974,1.0,10.0,,,,,0.7032797318458557,0.7032797318458557,,,,16.522144674682618,0.21283205266994465,0.06646874077339318,,0.08078106021609419,0.5183144198481444,0.18451957385631124,0.0007950866332234648,0.017654500797889223,1.3548929738770625,,0.002659801887307512,,74.5109972133758,17.794938530891564,,103.7503529445381,74.37990599225282,23.966058378766295,95.10386993019443,39.85964931803904,16.522137149883683,,0.6930507250652191,,0.08307304873967626,0.22660997899094965,,0.13896844939441438,0.07607165866406859,0.275989069300852,0.007470280015069968,0.514355595704097,0.2244105963570297,,,,0.164,3280.0,0.711668,0.647503,0.7749009,0.60410744,0.56505066,0.6145657,0.5525719,0.61230147,0.5105500221252441,0.7598201308250427,0.6260499954223633,0.7598201308250427,0.037,37.0,0.3604290238575113,0.36534862288926434,0.36247158376052424,0.36075988978875473,0.36682099078570596,0.36075587012871513,0.3966272700091864,0.39708989020372226,0.3960886474494801,0.0028411202762428163,0.0031343659543642435,0.0025396918972993934,0.0174311933329846,0.020084282655726288,0.017450162565439315,0.014782939906147367,0.014365894137426765,0.014211587595996927,0.6985,0.73636365,0.6852713,0.51611847,0.5495935,0.6011811,0.64842516,0.6215909,0.5035000443458557,0.7490011582374573,0.6302001476287842,0.7490011582374573,0.048,48.0,0.36778609273868385,0.3709497874294007,0.37223366087846743,0.35724155688732684,0.35793829784725834,0.35799017162343105,0.37499656914266594,0.37657601882440356,0.3746216014053987,0.0024375107206645653,0.002432341690512512,0.002500965874766815,0.0028712010362197766,0.0005191921379315839,0.0017320271059160573,0.008293866818455052,0.008222429155400895,0.008036060519526779,0.6979839,0.6536036,0.79708034,0.60343516,0.5313008,0.579386,0.55569106,0.60656935,0.5070250332355499,0.75441064453125,0.6281250715255737,0.75441064453125,0.042499999999999996,42.5,0.3641075582980976,0.3681492051593325,0.36735262231949584,0.3590007233380408,0.3623796443164822,0.3593730208760731,0.3858119195759262,0.3868329545140629,0.38535512442743936,0.002639315498453691,0.0027833538224383775,0.002520328886033104,0.010151197184602188,0.010301737396828936,0.009591094835677686,0.011538403362301209,0.01129416164641383,0.011123824057761852,0.69824195,0.6949836,0.74117583,0.5597768,0.5404471,0.5902835,0.6020581,0.61408013,2026-10-06T01:59:48.615549
78,0.6357850432395935,0.4993848502635956,0.743149764251709,0.6355875134468079,0.743149764251709,0.8296256241798401,0.9138697111129761,2.2444236192703246,0.15497967217564582,5.492613080215454,1.9996363479614259,1.0,10.0,,,,,0.7028627301216126,0.7028627301216126,,,,16.541370489501954,0.2455401059038415,0.08599374561190937,,0.08393551391448564,0.5625245472428145,0.2001144174177935,0.0009201758639971506,0.02371238790464344,1.4680639415220091,,0.002923490920548615,,74.47983925205887,17.78220871603413,,103.75521316042372,74.34650970264605,23.95109102528566,95.10446186430136,39.93511396760394,16.54152127891589,,0.6929630242335568,,0.08442278073471822,0.2299191943209642,,0.14030577470162872,0.07727840148909076,0.2786161948920815,0.007525458401009725,0.5208017378096368,0.23412290405315958,,,,0.16425,3285.0,0.7151764,0.64244866,0.773336,0.61111766,0.56873053,0.6069495,0.557493,0.6087576,0.5025500059127808,0.7104364323616028,0.6579499840736389,0.7104364323616028,0.065,65.0,0.35714053493775094,0.3611275559583358,0.3634100825224871,0.3389644668967711,0.3410957712453522,0.3391735432157692,0.35399736358816736,0.35673204122061486,0.35793780757688826,-0.011600540891312136,-0.014287566241277878,-0.012562662128799211,0.007670188690830249,0.02024795830654534,0.006504694647965412,-0.0042288173479872225,-0.006441230079175472,-0.005770166111945579,0.6785,0.74454546,0.68449616,0.6246711,0.66382116,0.6066929,0.6606299,0.62386364,0.49985000491142273,0.7387173552513122,0.6445000171661377,0.7387173552513122,0.066,66.0,0.35468379955789964,0.3632972919242738,0.3635761894905244,0.29358566451750373,0.2836447104627062,0.29672025789096135,0.3096650897319482,0.3105005313368902,0.3120559341447912,0.012460196008608898,0.011179009186433815,0.011960785637403208,0.013849456267383545,0.010429556622562538,0.012510725827147944,0.020008089973588626,0.02009237766973727,0.018280159217701885,0.6911291,0.65450454,0.7923358,0.63091606,0.550813,0.6096491,0.6056911,0.6072993,0.5012000054121017,0.7245768938064575,0.6512250006198883,0.7245768938064575,0.0655,65.5,0.35591216724782526,0.3622124239413048,0.36349313600650573,0.3162750657071374,0.3123702408540292,0.3179469005533653,0.33183122666005777,0.3336162862787525,0.33499687086083973,0.00042982755864838084,-0.0015542785274220315,-0.0003009382456980016,0.010759822479106897,0.015338757464553938,0.009507710237556678,0.007889636312800702,0.0068255737952809,0.0062549965528781535,0.6848146,0.699525,0.73841596,0.62779355,0.6073171,0.608171,0.6331605,0.6155815,2026-10-06T02:04:08.634662
79,0.6512877345085144,0.4975074231624603,0.7248357022285461,0.6513723134994507,0.7248357022285461,0.8017740424156189,0.8829235078811646,1.9758522151947022,0.19876512365341187,4.29898480682373,1.9992191467285156,1.0,10.0,,,,,0.6305228645324708,0.6305228645324708,,,,16.58549408874512,0.2954404930684977,0.0998378275614825,,0.13022616999164507,0.6505654272000501,0.19097605874394155,0.0015578227570713467,0.04415349127238343,1.3179717037328489,,0.005637181647233872,,74.449317154611,17.764648923448696,,103.79540835823983,74.3136723998246,23.963407965982036,95.12245683609301,40.2001115592422,16.58546921553885,,0.6927576888898376,,0.0859713144837671,0.23298483327695518,,0.14374096368908124,0.07856197868752632,0.28433133804114763,0.007815961708213873,0.5364553537338402,0.2492849374083197,,,,0.19965,3993.0,0.6979952,0.64770436,0.76036054,0.646643,0.5952687,0.6233132,0.6218915,0.6171691,0.4988500475883484,0.7076491613388062,0.6555500030517578,0.7076491613388062,0.052,52.0,0.34817963137462005,0.3523725905183132,0.35145831280428247,0.30074987996177716,0.3099362949968067,0.32279254595026124,0.32203464220484956,0.3287888772468258,0.3265968724316576,-0.027430346158289477,-0.02922733117218391,-0.02740483358570689,-0.024478749334324982,-0.013241164276996906,-0.02357137660540501,-0.02591571080661746,-0.02867565772617259,-0.02738173203634236,0.681,0.74500006,0.6736434,0.6305921,0.68577236,0.6102362,0.6244095,0.6181818,0.5002500414848328,0.7235021624565124,0.6467500329017639,0.7235021624565124,0.054,54.0,0.331987184767503,0.3439400833389738,0.3367836607506221,0.27989092566777474,0.26185580753930116,0.2715989106625482,0.28230546163301357,0.27486751314168884,0.2741434248382087,0.005753597127838138,0.004837428507038834,0.0053913099634232435,0.00544143909304979,0.004397214564904213,0.00697194205331872,0.007751244290315072,0.0073225797771222885,0.007474744632623521,0.6858871,0.6490991,0.79051095,0.6385496,0.55447155,0.604386,0.6105691,0.6240876,0.4995500445365906,0.7155756618976593,0.6511500179767609,0.7155756618976593,0.053,53.0,0.3400834080710615,0.3481563369286435,0.3441209867774523,0.29032040281477595,0.28589605126805395,0.2971957283064047,0.30217005191893154,0.3018281951942573,0.30037014863493317,-0.010838374515225669,-0.012194951332572538,-0.011006761811141822,-0.009518655120637596,-0.004421974856046347,-0.008299717276043145,-0.009082233258151193,-0.01067653897452515,-0.009953493701859419,0.68344355,0.6970496,0.7320772,0.63457084,0.62012196,0.6073111,0.61748934,0.6211347,2026-10-06T02:08:28.481197
80,0.654585063457489,0.496867299079895,0.7124072581291199,0.6551976799964905,0.7124072581291199,0.8161431296348571,0.8988891624450683,2.114135185813904,0.16215544652938843,4.585805925369263,1.9974557804107667,1.0,10.0,,,,,0.6267854042053222,0.6267854042053222,,,,16.556270166015626,0.24652539556668063,0.08375579300840759,,0.11409231066513972,0.6561504558772798,0.18858214498610254,0.0013701968504172292,0.035324368554695396,1.2875254598392802,,0.004416865092378917,,74.42089134264903,17.745015150422503,,103.83447557194218,74.28162447206533,23.953334771903457,95.1213772524694,40.49485528545015,16.556229961905508,,0.6918686218322463,,0.08789313688969157,0.23439549792344402,,0.1470354878978365,0.07992775733493696,0.28794084498836736,0.008027374352903882,0.5530170095953971,0.25076362016094716,,,,0.18265,3653.0,0.6979952,0.64859045,0.7600634,0.6575632,0.5924066,0.63268685,0.6328271,0.6190224,0.5048999786376953,0.6856413831710816,0.6676000952720642,0.6856413831710816,0.059,59.0,0.36219324527990604,0.36910618146713653,0.3685923181059183,0.3268133538676906,0.3154527106935712,0.3301848817282117,0.31358679615028945,0.30619972142797325,0.3120638373591311,-0.0029604242709504905,0.0008054003132063122,-0.0016302367240016195,-0.010447227250749034,0.010899773612899214,-0.008466347780265435,-0.0030687591271244554,0.0026292055951659256,-0.0009635092199886242,0.6905,0.7431818,0.6763566,0.66151315,0.73252034,0.61535436,0.6251969,0.6162879,0.4990999698638916,0.7133287210464477,0.6508500576019287,0.7133287210464477,0.068,68.0,0.3451163596389342,0.35745252523996407,0.35785414882934563,0.2832929357532883,0.26147039904393354,0.2861708489405559,0.2868121645163782,0.28066288365849407,0.2774246521297844,0.0030351804473396572,0.0012802777430289632,0.0009515976912083879,0.0004674530181085788,-0.0046994118343871094,-8.009775421449758e-05,0.0046392670266096146,0.0027068122304328215,0.0014902886249636344,0.68346775,0.64549553,0.78905106,0.6519084,0.5601626,0.61710525,0.6410569,0.6047445,0.5019999742507935,0.6994850521087647,0.6592250764369965,0.6994850521087647,0.0635,63.5,0.35365480245942016,0.3632793533535503,0.36322323346763197,0.30505314481048945,0.28846155486875236,0.3081778653343838,0.3001994803333338,0.2934313025432337,0.29474424474445776,3.7378088194583384e-05,0.0010428390281176378,-0.00033931951639661577,-0.004989887116320228,0.003100180889256052,-0.004273222767239966,0.0007852539497425796,0.0026680089127993738,0.0002633897024875051,0.6869839,0.6943387,0.7327038,0.65671074,0.64634144,0.6162298,0.63312685,0.6105162,2026-10-06T02:12:50.209961
81,0.6627050638198853,0.4996398389339447,0.6965189032554626,0.6626677513122559,0.6965189032554626,0.8087301066398621,0.890652472782135,2.013264428520203,0.184091061937809,4.2708784934997555,1.9994490901947022,1.0,10.0,,,,,0.6170728663444519,0.6170728663444519,,,,16.526082409667968,0.2415551984101344,0.06155832893078684,,0.09672794445969496,0.6488572161668426,0.17387657650526922,0.0011808479767942291,0.031911738347380786,1.2152600833185159,,0.0038239358424559046,,74.38980369810845,17.719586912993414,,103.83692086578175,74.24881073775565,23.932084247564813,95.1215490839284,40.58877488154515,16.526040411299203,,0.6928681841321812,,0.08888353881942239,0.23546779896043668,,0.14813781619831257,0.08137293155216108,0.29015895838190797,0.008184242216502406,0.55979343242706,0.2513594153770216,,,,0.19115,3823.0,0.6908981,0.65086585,0.7668978,0.6765206,0.59927964,0.6331111,0.6594978,0.6237678,0.49820002913475037,0.6829780640602112,0.6689000129699707,0.6829780640602112,0.055,55.0,0.365941298446849,0.37864906571630025,0.37581811840834206,0.3188540526613389,0.36394095947405947,0.3265365638899627,0.33398306965830704,0.3389851466411585,0.34028343458382593,0.020969264112929254,0.021018390567462616,0.023381105389302274,0.023811054921572733,0.025042935386978177,0.018359697377158934,0.022669231348323764,0.024531812628740695,0.024218965409494926,0.693,0.7468182,0.69689924,0.6536184,0.7300813,0.61417323,0.6129921,0.6253788,0.5037500262260437,0.7066454081535339,0.6585499048233032,0.7066454081535339,0.064,64.0,0.36817597242387917,0.36925491520996456,0.3719073100873688,0.3256001438683784,0.2901429855444318,0.32746654208103343,0.3457809935725174,0.3437553105728479,0.33951854910800705,0.012564705087886886,0.012104687885220176,0.012730538355283996,0.013087669607894448,0.015221795893865504,0.013795598028455175,0.014541564978522744,0.01354833934935581,0.012206951884062105,0.68830645,0.66171175,0.79562044,0.66259545,0.55609757,0.62324566,0.64512193,0.62153286,0.500975027680397,0.6948117361068726,0.663724958896637,0.6948117361068726,0.0595,59.5,0.3670586354353641,0.37395199046313243,0.37386271424785544,0.3222270982648586,0.3270419725092456,0.32700155298549805,0.3398820316154122,0.34137022860700317,0.3399009918459165,0.01676698460040807,0.016561539226341397,0.018055821872293133,0.01844936226473359,0.02013236564042184,0.016077647702807056,0.018605398163423253,0.019040075989048253,0.018212958646778514,0.6906532,0.704265,0.7462598,0.6581069,0.6430894,0.61870944,0.62905705,0.6234558,2026-10-06T02:17:10.751513
82,0.6667600870132446,0.5027551651000977,0.6888540315628052,0.6671547889709473,0.6888540315628052,0.81194408826828,0.8942235572814942,2.041842111968994,0.1682988512277603,4.478908467102051,1.9997150115966797,1.0,10.0,,,,,0.6378926739692689,0.6378926739692689,,,,16.488682037353517,0.2502796690744959,0.07721721902371022,,0.11244432388502322,0.662673614017523,0.20327227453517308,0.0014181259263582693,0.03364378546667137,1.6340495900363678,,0.00400950108724498,,74.35549630329108,17.69740938077307,,103.831858300859,74.21558934108467,23.906558820396473,95.10717608214944,40.761984102285595,16.48867392084401,,0.6930052763337542,,0.08958112315577306,0.23668651301769694,,0.14903295666548858,0.0827584541432417,0.29179654873100813,0.00822635889527904,0.5702649058809706,0.25044611314679405,,,,0.1947,3894.0,0.69572973,0.6590213,0.77026546,0.6889613,0.60833335,0.6349697,0.6540097,0.6250509,0.501800000667572,0.7035736017227173,0.6557500958442688,0.7035736017227173,0.061,61.0,0.39134246977058346,0.4111440406697864,0.4075652822286522,0.2935076443804956,0.3573186535282404,0.3162309899022498,0.3356368882587729,0.3347661418953241,0.34185481822329744,0.01139248664719377,0.01034072158402371,0.010294374089381607,0.008830431377746807,0.0109222274326669,0.003355103159359033,0.0007306235818064936,0.0017418293746743864,0.0005774847189125439,0.685,0.74454546,0.6988372,0.625,0.68292683,0.6019685,0.614567,0.6189394,0.5004500150680542,0.7286254301071167,0.6427500247955322,0.7286254301071167,0.08,80.0,0.40077607886515315,0.4124691054993139,0.41249440099702833,0.33684132263086103,0.28859856347709517,0.3352662960274121,0.37239744877645314,0.37031169426503313,0.37110437793295936,0.01236772010218381,0.00998930826890905,0.010748241846134578,0.02070608968132774,0.016341459652332815,0.014075770705172441,0.018057486616373585,0.01806979268976735,0.014861497741394513,0.6794355,0.66171175,0.79452556,0.6187023,0.55569106,0.6210527,0.6077236,0.5930657,0.5011250078678131,0.716099515914917,0.6492500603199005,0.716099515914917,0.07050000000000001,70.5,0.3960592743178683,0.41180657308455015,0.4100298416128403,0.31517448350567834,0.3229586085026678,0.32574864296483097,0.354017168517613,0.3525389180801786,0.3564795980781284,0.01188010337468879,0.01016501492646638,0.010521307967758093,0.014768260529537273,0.013631843542499859,0.008715436932265737,0.00939405509909004,0.009905811032220867,0.007719491230153528,0.6822177,0.7031286,0.7466814,0.62185115,0.61930895,0.61151063,0.61114526,0.60600257,2026-10-06T02:21:31.299674
83,0.666990339756012,0.4993797838687897,0.6861028100013733,0.6670404076576233,0.6861028100013733,0.818675447177887,0.9017028476715088,2.1312060581207275,0.1524610226035118,4.767311349868774,2.0,1.0,10.0,,,,,0.6445937905311584,0.6445937905311584,,,,16.45038278808594,0.26971297511819065,0.07547704727169435,,0.09419659331179918,0.6696597641440714,0.19894606494315112,0.0012619045900794897,0.03056274720461695,1.605621230640229,,0.0035430835351417623,,74.32204757982,17.67829727367231,,103.82980288365845,74.18208594838525,23.880471308519887,95.10353953367586,40.8534959440778,16.450382001840385,,0.6931471824645996,,0.09050450317419259,0.2385534925065982,,0.15003568085895222,0.0841142691814216,0.2933149861681993,0.008398185501907282,0.5769014483804156,0.24921408134281256,,,,0.19125,3825.0,0.6990778,0.6578534,0.76741284,0.68064773,0.60880065,0.63668686,0.66332525,0.62181264,0.5018000602722168,0.6812203345298767,0.6698000431060791,0.6812203345298767,0.072,72.0,0.36628059547104874,0.3760824427023639,0.3749969357368172,0.2687429671119606,0.30291732758440293,0.2757910488905229,0.30068068269779863,0.30520507062455127,0.3032587571579987,0.009439892975247093,0.007222565256457759,0.008383715591157862,0.016721346147178174,0.02144032204148072,0.01516841708568194,0.007643627109262771,0.007296871428925805,0.00768188475000361,0.68200004,0.74454546,0.6767442,0.67532897,0.7613821,0.6003937,0.60944885,0.6246213,0.49615001678466797,0.708864408493042,0.6542999744415283,0.708864408493042,0.087,87.0,0.3421353020829923,0.3522446755544241,0.352111646180423,0.2788436286837769,0.2606339090738593,0.27567602334413094,0.3022797332253002,0.30635006577604457,0.30442318274984226,0.011368564171226765,0.006688423653607574,0.009907558818065173,0.01701503964835897,0.0016422716301963509,0.01420771687714382,0.009894951019808479,0.007242415884961471,0.006037812915331343,0.6842742,0.6355856,0.79744524,0.6755725,0.56544715,0.6096491,0.65162605,0.5981752,0.4989750385284424,0.6950423715114593,0.6620500087738037,0.6950423715114593,0.07949999999999999,79.5,0.35420794877702055,0.36416355912839404,0.36355429095862013,0.27379329789786877,0.2817756183291311,0.2757335361173269,0.3014802079615494,0.3057775682002979,0.3038409699539205,0.010404228573236928,0.0069554944550326665,0.009145637204611517,0.016868192897768572,0.011541296835838535,0.014688066981412881,0.008769289064535625,0.007269643656943638,0.006859848832667477,0.6831371,0.6900655,0.73709476,0.67545074,0.6634146,0.6050214,0.63053745,0.6113982,2026-10-06T02:25:52.895994
84,0.6710705161094666,0.49741244316101074,0.6775643757820129,0.6708850860595703,0.6775643757820129,0.8204707850456238,0.903697668838501,2.1822365024566652,0.15121028978824616,4.965396439361572,1.9999584869384766,1.0,10.0,,,,,0.6496273815155029,0.6496273815155029,,,,16.42919838562012,0.3618950912028931,0.09077489301918229,,0.10653043153938974,0.6802383780859078,0.18996114568535688,0.0011550019636815472,0.02926347450394729,1.6209019515544745,,0.003320438984811534,,74.29166208255063,17.6641812901588,,103.82859739072764,74.14876289124702,23.855754657915444,95.10389519952665,40.92063242918367,16.429202559647287,,0.6931265186352334,,0.09168955878277493,0.24102502776558993,,0.1509512606889579,0.08555954087312055,0.29493817383316673,0.008464921182792658,0.5823181157658814,0.25119689875727247,,,,0.1814,3628.0,0.70613474,0.65165126,0.77343506,0.69342417,0.6158489,0.63620204,0.6643783,0.6249288,0.5032999515533447,0.6702342581748962,0.6785500645637512,0.6702342581748962,0.062,62.0,0.42644174579939537,0.44590853143762665,0.4387118099724477,0.33430011281211985,0.3539120332759107,0.32264137926198677,0.36612853192540185,0.370310760184146,0.3725239841317844,0.010209154598989616,0.011792213058045571,0.010849229970368588,0.011636275332023646,-0.006202181030535388,-0.0009921864570117693,0.0013749701273338395,0.0008778296340721114,-0.0001303048510655213,0.674,0.74,0.6937984,0.6763158,0.7869919,0.618504,0.61417323,0.6371212,0.5000500082969666,0.7031014819145203,0.6624000668525696,0.7031014819145203,0.076,76.0,0.3821377308922409,0.38910674076953006,0.39147100099850823,0.3061749354484229,0.2747824670346183,0.3084094556155994,0.34633013635434184,0.34724262773632314,0.34297240258894296,0.0071264840251329675,0.0058654970966224955,0.0073845344759075745,0.008441294776706751,0.003543705711548605,0.0068463271108644514,0.005501581408135435,0.004525697654039865,0.0034481998462117767,0.6798387,0.6626126,0.7934307,0.6851145,0.5756098,0.61359656,0.66300815,0.61167884,0.5016749799251556,0.6866678700447082,0.6704750657081604,0.6866678700447082,0.069,69.0,0.40428973834581816,0.41750763610357833,0.41509140548547796,0.3202375241302714,0.3143472501552645,0.3155254174387931,0.35622933413987184,0.3587766939602346,0.3577481933603637,0.008667819312061292,0.008828855077334033,0.00911688222313808,0.010038785054365198,-0.0013292376594933914,0.002927070326926341,0.0034382757677346373,0.0027017636440559885,0.0016589474975731277,0.67691934,0.70130634,0.74361455,0.68071514,0.6813009,0.61605024,0.6385907,0.6244,2026-10-06T02:30:14.973096
85,0.6706147789955139,0.502917468547821,0.6780097929477692,0.6707125306129456,0.6780097929477692,0.8263033356666565,0.9101782813072204,2.243944223403931,0.16590627127885818,4.885382931900025,1.9993008361816407,1.0,10.0,,,,,0.6485770997047424,0.6485770997047424,,,,16.401323129272463,0.2961224892953779,0.08819356213092425,,0.10683882313596595,0.6919311448267311,0.18227603725472075,0.0010884562540639216,0.029365982462883376,1.4471870129275475,,0.003547297797598105,,74.26044789696955,17.644938669386942,,103.82678587117772,74.11508936790904,23.827421965872407,95.10047557855108,40.966425755980666,16.401319758907245,,0.6927988248266232,,0.0926862289761282,0.2427444626950914,,0.15189822065602443,0.08690798477192593,0.2963591143963443,0.008426921804002516,0.5867635125567199,0.2521428837897671,,,,0.17545,3509.0,0.69560945,0.6576521,0.7727417,0.6942931,0.6102025,0.63741416,0.6702714,0.62672096,0.495699942111969,0.6742048473358154,0.6696000099182129,0.6742048473358154,0.064,64.0,0.38842656999845276,0.4027832774145053,0.4034530761167359,0.3354369724900908,0.33522219948059867,0.3318718821842331,0.37703783603443025,0.3825461095140742,0.3859954566858617,0.019979272038761143,0.01729943337407855,0.017997869523850293,0.033388216853175195,0.02889083423583085,0.020072383707098525,0.019811578775363135,0.017478821840205463,0.016789089253738447,0.6785,0.7213636,0.68643415,0.66151315,0.7691057,0.6251969,0.5964567,0.6329546,0.48899996280670166,0.6944825091361999,0.6585500240325928,0.6944825091361999,0.075,75.0,0.3835862517916743,0.38572579317652544,0.39067525815733395,0.3315115889593796,0.2707528411681781,0.3233093927557847,0.3696861563453708,0.3636379051023534,0.3588450893195936,0.013000823475892872,0.008018441961358067,0.010197012235495826,0.019292515869228935,0.008326430425215922,0.01532566020052431,0.018322387988154464,0.01639379827916264,0.013545594607942057,0.67862904,0.6666667,0.78978103,0.67519087,0.5617886,0.61096495,0.66300815,0.6091241,0.4923499524593353,0.6843436782360077,0.6640750169754028,0.6843436782360077,0.0695,69.5,0.38600641089506355,0.39425453529551535,0.39706416713703496,0.3334742807247352,0.30298752032438836,0.3275906374700089,0.3733619961899005,0.3730920073082138,0.3724202730027276,0.016490047757327007,0.012658937667718308,0.01409744087967306,0.026340366361202065,0.018608632330523386,0.017699021953811418,0.0190669833817588,0.016936310059684052,0.015167341930840253,0.67856455,0.69401515,0.73810756,0.668352,0.6654471,0.6180809,0.62973243,0.6210394,2026-10-06T02:34:28.300970
86,0.6736624240875244,0.49975264072418213,0.6708248175144196,0.673859715461731,0.6708248175144196,0.823679262638092,0.9072626445770263,2.1987820667266846,0.14689606456756593,4.7242222442626955,1.999859812927246,1.0,10.0,,,,,0.6506665953636169,0.6506665953636169,,,,16.366165435791014,0.30589696684270906,0.10172060049571999,,0.10410146667343226,0.7194965198920791,0.1986027456297996,0.0010909545276118265,0.02796319445037538,1.8279698597397773,,0.0037598067098022826,,74.22890001041874,17.62577148000146,,103.8208658983753,74.08155881067749,23.79969822828937,95.09887841097108,41.011180513224026,16.366118680140016,,0.6930774021300541,,0.09370282135761468,0.24473417289317792,,0.15255043688853076,0.08821696546047357,0.2976830527660953,0.008524237532809282,0.5910597530899534,0.2517038397728258,,,,0.1842,3684.0,0.6978549,0.65732986,0.7727021,0.7006714,0.61423284,0.6387475,0.6794047,0.6291242,0.48785001039505005,0.6734529204368591,0.6727500557899475,0.6734529204368591,0.079,79.0,0.3405493475856652,0.34674350620845756,0.34048671581352025,0.2628628939865835,0.297021439623741,0.2634705433868188,0.2683137577641825,0.2665211923296447,0.2566101550161388,0.0053171570402724055,0.005158533558027548,0.0031993032590835087,-0.0010459454280493203,0.008870447579743777,0.0041966932848398085,0.0028388054795568905,0.002987330669766915,0.0018659515921252028,0.6785,0.7468182,0.6523256,0.6911184,0.8069106,0.6165355,0.5893701,0.61477274,0.4940999448299408,0.6954787349700928,0.6610500812530518,0.6954787349700928,0.076,76.0,0.3119938498865264,0.3314937319649524,0.32997935827599434,0.23669115929800796,0.24404872558931953,0.2504909954136511,0.27001348049461016,0.27282975481522836,0.27077326808238117,0.007578746148699023,0.005727634797270163,0.005784205091528777,0.009392899858100564,0.00012459405435134098,0.005732422365939856,0.00853123717858727,0.006595895599774284,0.0038313417651236505,0.6854839,0.6400901,0.7810219,0.69007635,0.5699187,0.61359656,0.6662602,0.6248175,0.4909749776124954,0.684465827703476,0.6669000685214996,0.684465827703476,0.0775,77.5,0.3262715987360958,0.339118619086705,0.33523303704475726,0.24977702664229573,0.27053508260653025,0.25698076940023495,0.26916361912939635,0.26967547357243654,0.26369171154925997,0.0064479515944857145,0.005443084177648855,0.0044917541753061434,0.004173477215025622,0.0044975208170475595,0.0049645578253898325,0.0056850213290720805,0.004791613134770599,0.0028486466786244264,0.68199193,0.69345415,0.71667373,0.6905974,0.68841463,0.61506605,0.6278151,0.6197951,2026-10-06T02:38:41.233275
87,0.6733804941177368,0.49823495745658875,0.6711743007659912,0.6733702421188354,0.6711743007659912,0.81177316198349,0.8940336447715759,2.045720015144348,0.17544385306835175,4.569546114349365,1.9991699127197267,1.0,10.0,,,,,0.65054203042984,0.65054203042984,,,,16.329955493164064,0.36698368656787145,0.09690042512171018,,0.10864140227389564,0.699759047691989,0.18640091168178116,0.0011692599726731113,0.030891827805928744,1.61456976508259,,0.003480775987879213,,74.19529971954928,17.605868758669324,,103.81662171965192,74.04828050941418,23.77063850840186,95.0991012670432,41.05751370472513,16.329957075179763,,0.6927337084606195,,0.09447357338515057,0.24647819018288022,,0.15331241507439097,0.08954725039612715,0.29883275328168446,0.008594782079813207,0.5954619171513114,0.2514654887709648,,,,0.19885,3977.0,0.6962911,0.6425695,0.7644216,0.70805687,0.6219237,0.6419596,0.6829486,0.6276986,0.4953500032424927,0.6618008408546447,0.6763001084327698,0.6618008408546447,0.07,70.0,0.33090948769377965,0.34910847022572333,0.3390998127589254,0.2470650507675311,0.29198080966661205,0.2509397302368858,0.2606047709634376,0.26805048204762183,0.2526689153411482,0.0002515994232818061,-0.005981483355506919,-0.003343662819726636,0.01671001733938736,0.0016470110691152934,0.01334252565122154,0.0014293924550577836,0.001176689711195394,-0.0022899535158646487,0.67,0.73636365,0.6496124,0.7055921,0.81951225,0.61574805,0.5925197,0.6287879,0.49950000643730164,0.6802162618637085,0.6669000387191772,0.6802162618637085,0.075,75.0,0.3349340068276441,0.3625847168600658,0.3556536992297345,0.24551129300915542,0.2582279921106019,0.25322926851355926,0.2600455490142519,0.26136484229286,0.2643104061955923,0.011540433285096616,0.007967941087211146,0.00902529559073624,0.011943115533531392,6.362562640026097e-05,0.009229084770956929,0.009664625107946674,0.006815921239518964,0.004229473097575669,0.68024194,0.6378379,0.78649634,0.7259542,0.56869924,0.6201755,0.6711382,0.62554747,0.49742500483989716,0.6710085513591766,0.6716000735759735,0.6710085513591766,0.07250000000000001,72.5,0.3329217472607119,0.3558465935428946,0.34737675599432993,0.24628817188834326,0.275104400888607,0.25208449937522254,0.26032515998884476,0.2647076621702409,0.25848966076837027,0.0058960163541892105,0.0009932288658521132,0.002840816385504802,0.014326566436459374,0.0008553183477577772,0.011285805211089234,0.005547008781502228,0.003996305475357179,0.0009697597908555101,0.67512095,0.68710077,0.7180544,0.7157731,0.69410574,0.61796176,0.63182896,0.6271677,2026-10-06T02:42:54.931886
88,0.6775572299957275,0.5005497336387634,0.662388240146637,0.6774152517318726,0.662388240146637,0.8285728218078613,0.9126999328613281,2.2186548597335816,0.12939177956581116,4.850041728591919,1.9999427169799804,1.0,10.0,,,,,0.6657538889884949,0.6657538889884949,,,,16.312691696166993,0.404091248063335,0.09608714793850283,,0.10146936159699586,0.7296844587963858,0.19114548701104844,0.001012765040923693,0.027587024334841854,1.758297937785744,,0.0032591044372259075,,74.1613435198547,17.585546955181535,,103.81395216048902,74.01498685217207,23.743051006535815,95.09957025612995,41.080763968692466,16.312653377557258,,0.6931186713230838,,0.09508944184157499,0.24780791789103465,,0.1540394433934218,0.09083605989529069,0.3003522753715515,0.00868110762683639,0.5987653607016157,0.25398663407678057,,,,0.18825,3765.0,0.69993985,0.65418845,0.77141446,0.72478276,0.6190226,0.6365657,0.6834751,0.62869656,0.5086999535560608,0.6569364819526672,0.6788999438285828,0.6569364819526672,0.071,71.0,0.33766024079913703,0.3493458106181507,0.3458224942007548,0.25667953948482547,0.2838291959343201,0.2593959784242059,0.2671675105015512,0.277983574849105,0.27846163749383634,-0.010920209606925219,-0.0065455390304975485,-0.008027701685532088,-0.006300138226335985,0.002601184810197586,-0.0023480826123199842,-0.012273262615068599,-0.009249849992682477,-0.008704825297791477,0.6735,0.7390909,0.6782946,0.70493424,0.81585366,0.618504,0.57795274,0.6310606,0.5037999749183655,0.680143584728241,0.6668999195098877,0.680143584728241,0.075,75.0,0.3331006836784741,0.3444771708778419,0.34493322160749657,0.25345683741818187,0.26741122598970146,0.2635066271492182,0.2878797023945475,0.2891410774883088,0.28530065434711593,0.014414656846109227,0.01262967872213353,0.01390886939025067,0.01669389799444928,0.010148230835812204,0.014745934627861232,0.013927333623357923,0.012880649513579005,0.01146136399500248,0.6778226,0.64504504,0.7948905,0.7015267,0.5739837,0.6118421,0.68373984,0.6277372,0.5062499642372131,0.6685400333404541,0.6728999316692352,0.6685400333404541,0.073,73.0,0.3353804622388056,0.3469114907479963,0.3453778579041257,0.2550681884515037,0.2756202109620108,0.261451302786712,0.27752360644804935,0.2835623261687069,0.28188114592047614,0.0017472236195920044,0.003042069845817991,0.002940583852359291,0.005196879884056647,0.0063747078230048946,0.006198926007770624,0.000827035504144662,0.001815399760448264,0.0013782693486055018,0.6756613,0.692068,0.73659253,0.7032305,0.6949187,0.61517304,0.63084626,0.62939894,2026-10-06T02:47:08.603717
89,0.679232656955719,0.4991249442100525,0.6573527339458466,0.6792276501655579,0.6573527339458466,0.831961815071106,0.9164654833793641,2.249372169303894,0.1441048950910568,4.801420747375488,2.0,1.0,10.0,,,,,0.6853250820159912,0.6853250820159912,,,,16.28783372192383,0.4784711591282468,0.09944810399750045,,0.09843761252037658,0.7206726594335714,0.18909036028821757,0.0009834559617273415,0.028458213374303404,1.7990141461609275,,0.003036723231746975,,74.1280434480898,17.56775235218607,,103.8129094117766,73.98158740389879,23.712633946898638,95.09694710506756,41.11512321423573,16.287800551979405,,0.6931471824645996,,0.09587075324005383,0.2496863565627177,,0.15489535147597075,0.09215113800612225,0.30131613828574016,0.008732458208776583,0.6025595163843435,0.2552408382391474,,,,0.17955,3591.0,0.6976744,0.6526581,0.77183044,0.7248223,0.62093073,0.64347476,0.69351965,0.6277801,0.5006999969482422,0.6581340556144715,0.6788500547409058,0.6581340556144715,0.063,63.0,0.361467732756969,0.3922880512486805,0.38073847830483537,0.2634158393587087,0.31708374418284924,0.2822368328134795,0.3142226799065784,0.31207321591994913,0.3244929044430484,0.009924924115678677,0.014398217193487646,0.010102670447870285,0.01659293368154045,0.024994438818079463,0.011223395014266608,0.00040460338244879975,0.002101153211969023,0.002860055031710566,0.67950004,0.72727275,0.67093027,0.69342107,0.8211382,0.62362206,0.5830709,0.6416667,0.48260006308555603,0.6783211345672607,0.6690000891685486,0.6783211345672607,0.066,66.0,0.36585909244072035,0.37478372916071895,0.37581627409350676,0.29257632215771384,0.2769103004959964,0.2984310067116602,0.33791000480791883,0.3327604711550204,0.32847944505507026,0.010785056499356313,0.008108440792958483,0.008476832340885414,0.013242578222674448,0.007413637477710985,0.0090980508060642,0.010859492656453532,0.00953174565311119,0.007230917051037407,0.67540324,0.6671171,0.7948905,0.6950382,0.57154477,0.6219298,0.6845529,0.62664235,0.4916500300168991,0.668227595090866,0.6739250719547272,0.668227595090866,0.0645,64.5,0.36366341259884466,0.3835358902046997,0.37827737619917107,0.27799608075821125,0.2969970223394228,0.29033391976256984,0.32606634235724863,0.3224168435374848,0.32648617474905933,0.010354990307517496,0.011253328993223064,0.009289751394377849,0.01491775595210745,0.016204038147895224,0.010160722910165404,0.005632048019451166,0.005816449432540107,0.005045486041373986,0.6774516,0.69719493,0.7329104,0.6942296,0.6963415,0.6227759,0.6338119,0.63415456,2026-10-06T02:51:21.385578
90,0.6792700886726379,0.49921998381614685,0.6564620128631592,0.679202675819397,0.6564620128631592,0.8277580709457397,0.9117946526527405,2.2328784606933594,0.1586014992594719,4.827437361526489,1.9884152404785156,1.0,10.0,,,,,0.68267692527771,0.68267692527771,,,,16.271493029785155,0.5509640813633135,0.09034312543144842,,0.10066054266681716,0.6899327144121669,0.17232233195737667,0.0010820787011091093,0.029356727803683584,1.6106271840584505,,0.0039780110961540344,,74.0930663673741,17.54812071733414,,103.81551710967045,73.94778316036151,23.68390965309872,95.09387712417895,41.18538779969428,16.27147731659519,,0.6873348059168287,,0.09645697161270554,0.2512860909389083,,0.1557419265911078,0.09332716194497552,0.3024030701749644,0.008848784461759837,0.6079295797712484,0.25761483467308577,,,,0.1825,3650.0,0.6951283,0.64774466,0.7683835,0.73074645,0.6224494,0.6424445,0.6948157,0.63071287,0.49199992418289185,0.6459660553932189,0.6840499639511108,0.6459660553932189,0.071,71.0,0.3753990903295437,0.40076480097989164,0.3886950415967749,0.2742715127145272,0.32641517303502,0.268605555319055,0.29622713533279244,0.30338054515956664,0.30357410884624786,0.014474197830209864,0.016142897290963795,0.014492313056188172,0.005812721102594691,0.014652950415198953,0.007517638326163286,0.0007340580328454373,0.00021262068040528556,0.000753657027824477,0.6885,0.7468182,0.67054266,0.7108553,0.83089435,0.6169291,0.5846457,0.63409096,0.5016499757766724,0.6742089810371399,0.6693499684333801,0.6742089810371399,0.085,85.0,0.35320775673544813,0.37626393305684785,0.36863351297636837,0.253793908787746,0.27558610499360825,0.26587911822791244,0.3008511528212197,0.30066139866462344,0.3003413098802696,0.007945575020493204,0.004221358470696321,0.006752783391997716,0.014489023493381686,0.0023690044566965583,0.012553031200808314,0.006861605767329327,0.005060725615757555,0.003886791345816728,0.67862904,0.6603604,0.7930657,0.7209924,0.5699187,0.61973685,0.6792683,0.6167883,0.4968249499797821,0.6600875182151794,0.6766999661922455,0.6600875182151794,0.078,78.0,0.3643034235324959,0.3885143670183697,0.37866427728657165,0.2640327107511366,0.3010006390143141,0.26724233677348375,0.2985391440770061,0.30202097191209504,0.3019577093632587,0.011209886425351534,0.010182127880830057,0.010622548224092945,0.010150872297988188,0.008510977435947756,0.010035334763485799,0.003797831900087382,0.00263667314808142,0.0023202241868206025,0.68356454,0.7035893,0.7318042,0.71592385,0.70040655,0.618333,0.631957,0.62543964,2026-10-06T02:55:34.672827
91,0.681397557258606,0.5015925765037537,0.651436825466156,0.6814351081848145,0.651436825466156,0.8280528855323791,0.9121222251892089,2.2635444231033324,0.126195665204525,5.015400345993042,1.9966822086334228,1.0,10.0,,,,,0.7028757174491882,0.7028757174491882,,,,16.24819979248047,0.5891979753579588,0.11442980495693791,,0.10968432550401587,0.703566015525988,0.18675970983733037,0.0010857374224200796,0.029502940500617785,1.92996885081765,,0.0036818187830359437,,74.05811518772393,17.524297167541114,,103.8180928321401,73.91386773176254,23.656921471759773,95.0926262436399,41.24150250671776,16.248178725030012,,0.6914880207389783,,0.09716094612695608,0.2518281558896326,,0.15664397113642115,0.0944714882191579,0.3037940992671213,0.00900970655641738,0.6126059119109135,0.2592757463834848,,,,0.1839,3678.0,0.69131917,0.65827626,0.76731384,0.7506122,0.6207749,0.63854545,0.6920211,0.631222,0.4982500374317169,0.6461629853248596,0.6834501624107361,0.6461629853248596,0.065,65.0,0.3680997892151532,0.3863566331497126,0.37683020851143384,0.2715142089693903,0.2908372887250838,0.2550374915753187,0.2686304764070023,0.27363161763568505,0.26820025799593084,-0.0024465039715422924,-0.0012470946079439068,-0.0015555431285381566,0.0029129867861181036,-0.0013289600979588547,-0.001570793613793035,-0.0010552281745836022,-0.001867752254824731,0.0015797544871698954,0.6735,0.74636364,0.68139535,0.7157895,0.84268296,0.62795275,0.5582677,0.6287879,0.5058500170707703,0.6680700559616088,0.67125004529953,0.6680700559616088,0.075,75.0,0.34589821584958813,0.3595029487383277,0.3579519981108786,0.2505901623522766,0.2474455698095401,0.255177647647941,0.2889626279112892,0.28983721496380593,0.28979772371601437,0.015838952159648093,0.016640688497553024,0.01648189815403037,0.016517169428902957,0.016171096032112288,0.01591255911403702,0.014534643244879396,0.014013140438337212,0.012616235353675629,0.6798387,0.6513514,0.78905106,0.7377863,0.57804877,0.61973685,0.6902439,0.6076642,0.5020500272512436,0.6571165206432342,0.6773501038551331,0.6571165206432342,0.07,70.0,0.35699900253237066,0.3729297909440201,0.3673911033111562,0.26105218566083344,0.26914142926731194,0.25510756961162984,0.2787965521591458,0.2817344162997455,0.2789989908559726,0.006696224094052901,0.007696796944804558,0.0074631775127461065,0.00971507810751053,0.007421067967076716,0.007170882750121992,0.006739707535147897,0.006072694091756241,0.007097994920422762,0.67666936,0.69885755,0.7352232,0.7267879,0.7103659,0.6238448,0.6242558,0.61822605,2026-10-06T02:59:47.632593
92,0.6793252229690552,0.5002701878547668,0.6557433976650238,0.679142951965332,0.6557433976650238,0.836356485080719,0.9213484403610229,2.3213577299118042,0.151431707072258,5.283742698669434,1.9998593347549438,1.0,10.0,,,,,0.7053669240951538,0.7053669240951538,,,,16.22383444519043,0.5878689713823567,0.10495459367254167,,0.10498822411035846,0.7112227116420771,0.19350729840006797,0.0009765926435972405,0.027779835845776805,1.7232884411599225,,0.0028443686001575225,,74.02371580281834,17.503710193998494,,103.8153738519948,73.87975641724411,23.629790749519493,95.09518806797684,41.26833479571494,16.223812892938117,,0.6930760805773887,,0.09784811996160798,0.2531689244091131,,0.1573872969598527,0.09554614174138208,0.3052242278673087,0.00908308937125335,0.6159055176054596,0.2605754156021555,,,,0.1669,3338.0,0.68777066,0.65052354,0.7631735,0.7455174,0.62603194,0.6354344,0.69765085,0.6254786,0.5019000172615051,0.6509901609420776,0.6844000816345215,0.6509901609420776,0.06,60.0,0.37244543840216804,0.3926591403225191,0.3840150174146176,0.24640347566803797,0.2746708638721572,0.25274917018406695,0.22733435529608964,0.23385653797889205,0.22939910054936147,-0.01728282413362201,-0.017633089656018373,-0.01783472990487352,-0.008256626279060906,-0.005404753539084506,-0.013481672810155523,-0.020826829552979386,-0.02089688795152684,-0.023881153833725504,0.65650004,0.69863635,0.63682175,0.7539474,0.8735773,0.6248031,0.5767717,0.64469695,0.4965500235557556,0.6655962710380554,0.6764500141143799,0.6655962710380554,0.067,67.0,0.3272956659735252,0.35180319844696334,0.34633070322729864,0.2237431411040923,0.2532538841260705,0.23033702102245968,0.22908690562500217,0.2380705256076312,0.23710081009397305,0.018267993244263196,0.017668242050407495,0.01741670185728012,0.021667214904866235,0.02433890940330384,0.020500778316349468,0.018346017495134422,0.01694257404500176,0.015557014822742998,0.6673387,0.64279276,0.77445257,0.7740458,0.5739837,0.6298246,0.71097565,0.620438,0.49922502040863037,0.6582932159900665,0.6804250478744507,0.6582932159900665,0.0635,63.5,0.34987055218784663,0.3722311693847412,0.3651728603209581,0.23507330838606513,0.2639623739991139,0.2415430956032633,0.2282106304605459,0.23596353179326163,0.23324995532166726,0.0004925845553205924,1.7576197194561077e-05,-0.0002090140237966994,0.006705294312902664,0.009467077932109668,0.003509552753096973,-0.001240406028922482,-0.001977156953262539,-0.004162069505491253,0.66191936,0.67071456,0.70563716,0.7639966,0.7237805,0.62731385,0.6438737,0.63256747,2026-10-06T03:04:01.553140
93,0.6861147880554199,0.500994861125946,0.6416552174568176,0.6858527064323425,0.6416552174568176,0.8318959425926209,0.9163922881126404,2.2522779609680175,0.16906437178850173,4.785600062561035,1.999567436981201,1.0,10.0,,,,,0.6771167995452881,0.6771167995452881,,,,16.19873910217285,0.552941595482978,0.0959598944836836,,0.09944121708061285,0.6957134530422794,0.17943018791117485,0.000980176939184119,0.026999580466253743,1.6709556543523338,,0.002948972782688097,,73.99165937095691,17.4860418283256,,103.81347573638722,73.8460536397946,23.59834635789227,95.09279783212455,41.29152103594154,16.198739823262404,,0.6929318312626735,,0.09862017361031976,0.25535361288459435,,0.15813765840925229,0.09662349299070941,0.3061737148625076,0.0091683529317379,0.6190931565442662,0.2619321407026546,,,,0.1719,3438.0,0.6915397,0.6566049,0.7596672,0.7634084,0.62811524,0.64402026,0.7074727,0.6346029,0.4900999665260315,0.6399096446037292,0.6858500242233276,0.6399096446037292,0.054,54.0,0.3219796227525004,0.37177652390450283,0.3484121053972961,0.21130366407679615,0.2994399672584869,0.2195020649758552,0.2699757968979796,0.2642613800721007,0.2749915594440463,0.009755643823905874,0.008991114129414883,0.009208001751438282,0.016489957381486748,0.0032540201447276316,0.015348679505000889,-0.0021417945074356987,-0.001587726365335427,-0.0027838469093682938,0.681,0.72318184,0.64031005,0.7384868,0.8601626,0.626378,0.57519686,0.64356065,0.4915999472141266,0.6566420321464539,0.6767500042915344,0.6566420321464539,0.066,66.0,0.3438258388004416,0.36775519383655825,0.35837827344595763,0.2550398720915815,0.27484909668194807,0.2578416556072594,0.28560185109060554,0.2858228020596964,0.28520006731412567,0.01644756104205901,0.01306537738946508,0.01467430683928959,0.02015276182781958,0.011912969961029285,0.018610944000566353,0.01342989571906873,0.010938229189597505,0.008511935147571441,0.6681451,0.64954954,0.79452556,0.75458014,0.5747968,0.6285088,0.69796747,0.6270073,0.49084995687007904,0.6482758383750915,0.681300014257431,0.6482758383750915,0.06,60.0,0.33290273077647103,0.36976585887053054,0.35339518942162684,0.23317176808418882,0.2871445319702175,0.2386718602915573,0.2777888239942926,0.27504209106589855,0.28009581337908596,0.013101602432982442,0.011028245759439982,0.011941154295363937,0.018321359604653163,0.007583495052878458,0.01697981175278362,0.005644050605816516,0.004675251412131039,0.0028640441191015737,0.6745726,0.6863657,0.71741784,0.7465335,0.7174797,0.62744343,0.63658214,0.63528395,2026-10-06T03:08:14.932526
94,0.6809172630310059,0.5008699297904968,0.6505921685695648,0.6807399988174438,0.6505921685695648,0.8327369575500488,0.9173267479896545,2.2669338218688964,0.16267154405117035,5.212235884094238,1.999683299255371,1.0,10.0,,,,,0.6710467433929443,0.6710467433929443,,,,16.18003773498535,0.5472101469992832,0.1099658308159204,,0.10027099962518284,0.71322213217711,0.16871198900281245,0.0009817684658396705,0.02673287898491902,1.7556338135603886,,0.002722445129736469,,73.95827625055982,17.468977958533415,,103.81156129290343,73.81221708066904,23.56825871072757,95.08916419934316,41.32993683541656,16.18000765514981,,0.6929895114746822,,0.0993532815082058,0.2572726216285851,,0.1589677482843399,0.09759524502571981,0.3072297280761087,0.009270366832946136,0.6228631457705407,0.26414790882426464,,,,0.16925,3385.0,0.6898757,0.63997185,0.76319337,0.75580573,0.62727803,0.6391111,0.7026934,0.6263136,0.5015498995780945,0.6314455108642578,0.6906000375747681,0.6314455108642578,0.056,56.0,0.3755366099577099,0.3855945739129878,0.3835312914567068,0.2844183905208736,0.2996852464332169,0.286071973190746,0.3678334450439584,0.3717062223514019,0.37315982620954635,0.01373233064765298,0.012450681268129362,0.013280516424363358,0.026182102713903886,0.023065687243850764,0.027221827887885044,0.0042608775608222365,0.0013419593003698932,0.004108579921377429,0.686,0.7459091,0.7023256,0.72401315,0.852439,0.6232284,0.5492126,0.6481061,0.49900001287460327,0.6560316138267517,0.6776500344276428,0.6560316138267517,0.062,62.0,0.358686798309168,0.37227946554170843,0.36866666320594416,0.2813193542407852,0.2704118190657935,0.2822766328862871,0.3141529006504467,0.3140750448380781,0.31154657738336844,0.02108593672022059,0.017530433023081552,0.01963700594347068,0.024439046482190876,0.011265673933960592,0.02410644679429391,0.0188523088412019,0.01781174952233105,0.01581787920389444,0.67862904,0.64594597,0.79744524,0.74274814,0.57886183,0.63289475,0.6898374,0.6354015,0.5002749562263489,0.6437385623455048,0.6841250360012054,0.6437385623455048,0.059,59.0,0.36711170413343897,0.3789370197273481,0.37609897733132547,0.28286887238082936,0.2850485327495052,0.28417430303851654,0.34099317284720254,0.34289063359474,0.3423532017964574,0.017409133683936786,0.014990557145605456,0.01645876118391702,0.02531057459804738,0.017165680588905677,0.025664137341089476,0.011556593201012069,0.009576854411350472,0.009963229562635935,0.6823145,0.6959275,0.74988544,0.7333807,0.71565044,0.62806153,0.61952496,0.6417538,2026-10-06T03:12:28.321866
95,0.6869075298309326,0.49918487668037415,0.6384754178047181,0.6865799427032471,0.6384754178047181,0.8395081934928894,0.924850343322754,2.3757564785003664,0.14753603469133378,5.376805467224121,1.9982647651672363,1.0,10.0,,,,,0.6923653468132019,0.6923653468132019,,,,16.151060189819336,0.43505362834140754,0.0730686570327895,,0.07402961036475127,0.6973474513573251,0.18836714780539465,0.0007935596788843358,0.023141825485642357,2.012232693991843,,0.002182319357874062,,73.92371460738455,17.44933870643567,,103.8058928471462,73.77839203852757,23.53542010799335,95.08938268187698,41.36039019542135,16.15103854039672,,0.6922822594642639,,0.09987979140251306,0.25870020716053665,,0.15946743547157116,0.09857891661346338,0.30798412830966293,0.009437929607548152,0.6263880323452554,0.2646890214294385,,,,0.16595,3319.0,0.7019246,0.6521949,0.7728011,0.7638428,0.62727803,0.6412929,0.6987647,0.63287175,0.5013499855995178,0.6326151127815247,0.6926000118255615,0.6326151127815247,0.05,50.0,0.3918390307861778,0.4087057965661462,0.40277712826458484,0.25517858201382815,0.2920015280690799,0.25921608395831747,0.302806363809674,0.309090926042203,0.3133792005915692,-0.00404599762230198,-0.001343450872790861,-0.0027972962259711015,-0.015793333505361738,-0.009354411635194973,-0.015293552335220744,-0.02311564253539259,-0.02370197709158027,-0.022302680138818805,0.68,0.7459091,0.68643415,0.73486847,0.8573171,0.62401575,0.56889766,0.6465909,0.5023999810218811,0.6598067545890808,0.6791999936103821,0.6598067545890808,0.06,60.0,0.34473794429497884,0.3692164560575676,0.36253581199734286,0.2438421493288318,0.263062223505645,0.24547210435784114,0.27088886941230594,0.2728639285178751,0.27064979859727,0.02110288169286688,0.016959161052733762,0.019256383065192135,0.02770021207299637,0.014211876072148797,0.024569041126687133,0.023848806743413425,0.021336732051211005,0.020338242528542837,0.67741936,0.6536036,0.7927007,0.7721374,0.57520324,0.6315789,0.692683,0.620073,0.5018749833106995,0.6462109336853028,0.6859000027179718,0.6462109336853028,0.055,55.0,0.3682884875405783,0.38896112631185686,0.3826564701309638,0.24951036567132998,0.2775318757873625,0.2523440941580793,0.28684761661099,0.29097742728003906,0.2920144995944196,0.00852844203528245,0.00780785508997145,0.008229543419610517,0.0059534392838173165,0.002428732218476912,0.0046377443957331945,0.0003665821040104173,-0.0011826225201846327,-0.000982218805137984,0.6787097,0.6997564,0.7395674,0.75350296,0.7162602,0.62779737,0.63079035,0.63333195,2026-10-06T03:16:41.944599
96,0.6850622296333313,0.5003502368927002,0.641440558052063,0.68501216173172,0.641440558052063,0.8398195559501648,0.9251963010787964,2.3712001878738405,0.1492952958583832,5.1404177165985105,1.9999731590270997,1.0,10.0,,,,,0.6767871237754822,0.6767871237754822,,,,16.124530001831054,0.5196432215250602,0.07716465562843024,,0.08195100246578645,0.6672285011239872,0.15544631199282447,0.0008804979639581648,0.024591531945617907,1.7501272842003281,,0.0024494168879338214,,73.88881304309626,17.421904290557666,,103.79658100103876,73.74408022157705,23.502010053889766,95.09070315026933,41.35573828144438,16.124513213042242,,0.6931338241905164,,0.10030144785240197,0.2591542239022103,,0.15977243538115435,0.09951964438341226,0.30867816707131207,0.009492802931956805,0.6283297762749301,0.2656338987456765,,,,0.1607,3214.0,0.698336,0.64591223,0.7660658,0.7594787,0.62811524,0.6438586,0.70591336,0.63087577,0.501300036907196,0.6399604969024658,0.6864000558853149,0.6399604969024658,0.048,48.0,0.38243645560052714,0.39909138511957765,0.39488047380018004,0.24924156090318192,0.29458900293052465,0.26572249135400733,0.302533083663773,0.31204159974586676,0.31749316649382847,0.007990035877226827,0.009731942143835631,0.00938117556946973,0.009593435099825433,0.0057842932802528585,0.0041621760711876305,-0.0011773090381349011,-0.0036152068556431394,0.00013998107837754912,0.6765,0.7468182,0.68604654,0.7157895,0.85284555,0.61535436,0.5610236,0.6439394,0.4938499629497528,0.6618854780197143,0.6755999326705933,0.6618854780197143,0.063,63.0,0.3489387555546693,0.3726077220567809,0.3628718438455925,0.2524862410076335,0.26662141888176827,0.2552370251579986,0.3079121468696186,0.3134662168859562,0.3121187237796342,0.020022267310834913,0.016941718572744364,0.019764396212686133,0.023568371375769046,0.016966441010298827,0.023089719160936096,0.016469900297690392,0.014692150037078244,0.015425557460396744,0.68346775,0.6490991,0.790146,0.74770993,0.56747967,0.6245614,0.6898374,0.6332117,0.4975749999284744,0.65092298746109,0.6809999942779541,0.65092298746109,0.0555,55.5,0.3656876055775982,0.3858495535881793,0.3788761588228863,0.2508639009554077,0.28060521090614643,0.260479758256003,0.3052226152666958,0.3127539083159115,0.3148059451367313,0.014006151594030871,0.013336830358289998,0.014572785891077931,0.01658090323779724,0.011375367145275843,0.013625947616061864,0.007646295629777746,0.005538471590717553,0.007782769269387146,0.67998385,0.69795865,0.73809624,0.7317497,0.71016264,0.6199579,0.62543046,0.63857555,2026-10-06T03:20:55.337425
97,0.6823077201843262,0.5036627650260925,0.6485939711093902,0.6818403601646423,0.6485939711093902,0.8340093264579773,0.9187404904365539,2.322036137390137,0.1334368790268898,5.056231920623779,1.999270694732666,1.0,10.0,,,,,0.6622530654907226,0.6622530654907226,,,,16.096265228271484,0.5769341538666161,0.09890147859444189,,0.09818306817987542,0.6820870442375256,0.20451728012531425,0.0009124338427398378,0.02533120132247164,2.6940774266507215,,0.002798153032579498,,73.85579525892902,17.402477373742755,,103.79628437795456,73.70978108788752,23.468793261582686,95.08704599757104,41.36729751878483,16.096236963940274,,0.6927838986086997,,0.1009764755322675,0.2605006951055709,,0.16058307496985053,0.10040883563316552,0.3093622873543174,0.009508928954364008,0.6308967228148393,0.2663423308900967,,,,0.16685,3337.0,0.6897955,0.64271045,0.7645008,0.75825435,0.62733644,0.6398788,0.6989064,0.63169044,0.5099000334739685,0.6695229043960571,0.6687999963760376,0.6695229043960571,0.066,66.0,0.32367259680602817,0.3546936664272987,0.34442807969092215,0.1582898702015579,0.2607949628421773,0.2064191731754081,0.2528852382870478,0.2627109652725303,0.277118070492111,-0.008642020260737569,-0.008285656120633023,-0.008129991148487037,-0.0018690801372693946,-0.005426793120006413,0.0015755172456256336,-0.02207629430637132,-0.021593504012413597,-0.02491469002391629,0.66150004,0.71409094,0.601938,0.7273027,0.8605691,0.6204725,0.52677166,0.63901514,0.500700056552887,0.6567368021011353,0.6760499477386475,0.6567368021011353,0.079,79.0,0.3466243552110811,0.3657896461169339,0.3626987435697761,0.2622539682863979,0.26653961370718593,0.27087973524949494,0.29053355448194257,0.2886323769566788,0.28833700865387457,0.006881248437903441,0.0018249133817884598,0.003479952310196247,0.013509607412331601,-0.0008606380331257599,0.007366711510438173,0.0043717623828702715,0.0012617584482214233,-0.0027526032477690173,0.6701613,0.6373874,0.7952555,0.7484733,0.5841463,0.6394737,0.69512194,0.620073,0.5053000450134277,0.6631298532485962,0.6724249720573425,0.6631298532485962,0.07250000000000001,72.5,0.33514847600855463,0.3602416562721163,0.3535634116303491,0.21027191924397792,0.2636672882746816,0.2386494542124515,0.2717093963844952,0.27567167111460456,0.2827275395729928,-0.0008803859114170638,-0.003230371369422282,-0.002325019419145395,0.005820263637531103,-0.0031437155765660866,0.0044711143780319035,-0.008852265961750524,-0.010165872782096087,-0.013833646635842653,0.6658307,0.67573917,0.6985967,0.737888,0.72235775,0.62997305,0.6109468,0.6295441,2026-10-06T03:25:08.824062
98,0.6850626468658447,0.4978350102901459,0.6422508788585662,0.6847923398017883,0.6422508788585662,0.8279409767150879,0.9119978798866272,2.263172773361206,0.1508583256483078,4.532090643692016,1.999999977874756,1.0,10.0,,,,,0.6489003357887269,0.6489003357887269,,,,16.067954153442383,0.6023561563936009,0.08720688889052268,,0.09114802227159784,0.6660057576788458,0.1907250921295327,0.0009543329492510907,0.02607310517649552,2.235290663826997,,0.0026507539280069617,,73.82434660310199,17.385818141281224,,103.80118157453597,73.67564275462156,23.43744818572026,95.08556064678605,41.42456142158265,16.06792730586544,,0.6931471714548244,,0.10189000479165156,0.2626817981908276,,0.1617048106565597,0.10123144000009367,0.3101891055228604,0.009555658889092078,0.6354063851818158,0.2671690008063225,,,,0.1794,3588.0,0.6909583,0.6418043,0.7673732,0.76567936,0.62482476,0.6447475,0.704759,0.63670063,0.50204998254776,0.6405114603042602,0.687299907207489,0.6405114603042602,0.058,58.0,0.3383815500276342,0.3494898842995086,0.3484674258296424,0.24917822382317698,0.28967044423867466,0.2641736132979571,0.28144794031386505,0.28090610303554875,0.27736280341543224,-0.019552903596414362,-0.022984824128391486,-0.018554335643115014,-0.008564879158064522,-0.006109558007133321,-0.009554013384809499,-0.020646066642728552,-0.02286650194840548,-0.02459684100524103,0.6815,0.7459091,0.6872093,0.71940786,0.84634143,0.62992126,0.5610236,0.6344697,0.4953000545501709,0.6549837684631348,0.6787000298500061,0.6549837684631348,0.066,66.0,0.35314938597613865,0.36974107859376365,0.3627726218116558,0.2811151311714091,0.2716346477846048,0.28369528645209324,0.30305975490581827,0.2933009746602586,0.2887615488994644,0.009311975584499279,0.005800809860234453,0.00749323968593188,0.01734766547551013,0.00810659530568647,0.014816615726769235,0.01195695676559681,0.010826922124407862,0.0076389558329591585,0.6798387,0.6531532,0.7967153,0.7530534,0.57073176,0.6381579,0.699187,0.62153286,0.49867501854896545,0.6477476143836975,0.6829999685287476,0.6477476143836975,0.062,62.0,0.34576546800188646,0.35961548144663613,0.3556200238206491,0.26514667749729304,0.2806525460116397,0.27393444987502513,0.29225384760984163,0.2871035388479037,0.28306217615744833,-0.005120464005957542,-0.008592007134078516,-0.005530547978591567,0.0043913931587228035,0.0009985186492765747,0.0026313011709798682,-0.004344554938565871,-0.006019789911998809,-0.008478942586140936,0.68066937,0.69953114,0.7419623,0.7362306,0.7085366,0.6340396,0.63010526,0.6280013,2026-10-06T03:29:22.337769
99,0.6890379190444946,0.5014278888702393,0.6339063111305236,0.6887768507003784,0.6339063111305236,0.8356066517829895,0.9205152970314026,2.3545373090744017,0.14480124229192734,4.897772227096557,1.9997868495941162,1.0,10.0,,,,,0.6708797726631165,0.6708797726631165,,,,16.04608669128418,0.4405619087065481,0.09777415539049039,,0.08649578473418001,0.6307808783403628,0.17881763940024528,0.0008558296401255355,0.024486705904031635,2.3601625406058733,,0.002261575080260077,,73.78821461671477,17.368891916457255,,103.79634521873135,73.64117315012938,23.407917982453753,95.08552167370061,41.43560730272038,16.046059966846634,,0.6930394711767792,,0.10233941811854673,0.26446788459067133,,0.16233681132838984,0.10206415428287664,0.3111692794189332,0.009594023085323868,0.6378972173496417,0.26893765246792206,,,,0.173,3460.0,0.7009423,0.6423681,0.7783875,0.7699447,0.6275312,0.64367676,0.7087282,0.6369858,0.4899500012397766,0.6428797101974487,0.6876999139785767,0.6428797101974487,0.056,56.0,0.3438752389747682,0.37934632628301773,0.36231281001904486,0.2420195142598363,0.2881337785993969,0.2463910112609451,0.26673971863225954,0.2788880793044528,0.27478127842436345,-0.021358235108892017,-0.013116623714021012,-0.01884388517194287,-0.016113213973383757,0.0010618758593202867,-0.01758479403005293,-0.03187206014423038,-0.028853068956265097,-0.03186654353930481,0.6695,0.74500006,0.6825582,0.7342105,0.8589431,0.63267714,0.5492126,0.6318182,0.5051500797271729,0.6589635052680969,0.6809499859809875,0.6589635052680969,0.058,58.0,0.3496393500519434,0.3795141199414292,0.370526071002426,0.2592978927903179,0.2799225835421953,0.2725001241531537,0.2820095966050578,0.2860868119838824,0.28374137387430587,0.019728370568632747,0.017936335001309988,0.018884941196372573,0.026226482782950016,0.015722639261128202,0.02402138260955519,0.021064459509325655,0.019000233137284894,0.01727894829110522,0.6814516,0.6531532,0.7959854,0.7763359,0.56951225,0.6298246,0.7077236,0.6153285,0.49755004048347473,0.6509216077327729,0.6843249499797821,0.6509216077327729,0.057,57.0,0.3467572945133558,0.37943022311222346,0.36641944051073544,0.25065870352507713,0.2840281810707961,0.2594455677070494,0.27437465761865865,0.2824874456441676,0.27926132614933463,-0.0008149322701296348,0.002409855643644488,2.052801221485122e-05,0.00505663440478313,0.008392257560224244,0.0032182942897511294,-0.0054038003174523615,-0.004926417909490102,-0.007293797624099797,0.67547584,0.69907665,0.73927176,0.7552732,0.7142277,0.63125086,0.6284681,0.6235733,2026-10-06T03:33:35.231689
