epoch,train_eval_mode_acc,train_shuffled_message_acc,train_loss,train_acc,train_combined_loss,train_realised_survival,train_unmixed_survival,train_logit_margin,train_logit_prior_share,train_logit_spread,train_logit_scale,train_sampling_tau,train_pool_effective_examples,train_pool_score_norm,train_pool_score_sd,train_prototyper_mix_share,train_prototyper_within_share,train_referent_spread,train_referent_spread_backbone,train_polarity_separation,train_score_scale,train_score_bias,train_bilinear_weight_norm,train_clip_sender_vision,train_clip_sender_adapter,train_clip_sender_prototyper,train_clip_sender_language_model,train_clip_receiver_vision,train_clip_receiver_adapter,train_clip_receiver_token_embedding,train_clip_receiver_language_model,train_clip_receiver_discriminator,train_clip_log_score_scale,train_clip_log_logit_scale,train_clip_other,train_weight_sender_vision,train_weight_sender_adapter,train_weight_sender_prototyper,train_weight_sender_language_model,train_weight_receiver_vision,train_weight_receiver_adapter,train_weight_receiver_token_embedding,train_weight_receiver_language_model,train_weight_receiver_discriminator,train_weight_log_score_scale,train_weight_log_logit_scale,train_weight_other,train_drift_sender_vision,train_drift_sender_adapter,train_drift_sender_prototyper,train_drift_sender_language_model,train_drift_receiver_vision,train_drift_receiver_adapter,train_drift_receiver_token_embedding,train_drift_receiver_language_model,train_drift_receiver_discriminator,train_drift_log_score_scale,train_drift_log_logit_scale,train_drift_other,train_unique_message_fraction,train_unique_message_count,train_acc_md_and_color_color,train_acc_md_or_color_color,train_acc_md_color,train_acc_md_shape,train_acc_md_and_shape_shape,train_acc_md_and_color_shape,train_acc_md_or_shape_shape,train_acc_md_or_color_shape,test_shuffled_message_acc,test_loss,test_acc,test_combined_loss,test_unique_message_fraction,test_unique_message_count,test_topsim_s1,test_topsim_s2,test_topsim_s3,test_topsim_s4,test_topsim_s5,test_topsim_s6,test_topsim_s1_static,test_topsim_s2_static,test_topsim_s3_static,test_topsim_gt_s1,test_topsim_gt_s2,test_topsim_gt_s3,test_topsim_gt_s4,test_topsim_gt_s5,test_topsim_gt_s6,test_topsim_gt_s1_static,test_topsim_gt_s2_static,test_topsim_gt_s3_static,test_acc_md_and_color_color,test_acc_md_or_color_color,test_acc_md_color,test_acc_md_shape,test_acc_md_and_shape_shape,test_acc_md_and_color_shape,test_acc_md_or_shape_shape,test_acc_md_or_color_shape,test_same_shuffled_message_acc,test_same_loss,test_same_acc,test_same_combined_loss,test_same_unique_message_fraction,test_same_unique_message_count,test_same_topsim_s1,test_same_topsim_s2,test_same_topsim_s3,test_same_topsim_s4,test_same_topsim_s5,test_same_topsim_s6,test_same_topsim_s1_static,test_same_topsim_s2_static,test_same_topsim_s3_static,test_same_topsim_gt_s1,test_same_topsim_gt_s2,test_same_topsim_gt_s3,test_same_topsim_gt_s4,test_same_topsim_gt_s5,test_same_topsim_gt_s6,test_same_topsim_gt_s1_static,test_same_topsim_gt_s2_static,test_same_topsim_gt_s3_static,test_same_acc_md_and_color_color,test_same_acc_md_or_color_color,test_same_acc_md_color,test_same_acc_md_shape,test_same_acc_md_and_shape_shape,test_same_acc_md_and_color_shape,test_same_acc_md_or_shape_shape,test_same_acc_md_or_color_shape,test_avg_shuffled_message_acc,test_avg_loss,test_avg_acc,test_avg_combined_loss,test_avg_unique_message_fraction,test_avg_unique_message_count,test_avg_topsim_s1,test_avg_topsim_s2,test_avg_topsim_s3,test_avg_topsim_s4,test_avg_topsim_s5,test_avg_topsim_s6,test_avg_topsim_s1_static,test_avg_topsim_s2_static,test_avg_topsim_s3_static,test_avg_topsim_gt_s1,test_avg_topsim_gt_s2,test_avg_topsim_gt_s3,test_avg_topsim_gt_s4,test_avg_topsim_gt_s5,test_avg_topsim_gt_s6,test_avg_topsim_gt_s1_static,test_avg_topsim_gt_s2_static,test_avg_topsim_gt_s3_static,test_avg_acc_md_and_color_color,test_avg_acc_md_or_color_color,test_avg_acc_md_color,test_avg_acc_md_shape,test_avg_acc_md_and_shape_shape,test_avg_acc_md_and_color_shape,test_avg_acc_md_or_shape_shape,test_avg_acc_md_or_color_shape,timestamp
0,0.5170101523399353,0.5032351613044739,1.0005153618812561,0.5154571533203125,1.0005153618812561,0.2505347708463669,0.27043545150756837,0.46476306869983675,0.7228161630630493,0.7079124571084976,0.9936864524841309,1.0,10.0,,,,,0.27525589356422425,0.27525589356422425,,,,18.458790502929688,0.030705758547491933,0.01258823182804593,,0.08496739761607283,0.4626262723735184,0.9169041376774478,0.012304042692141975,0.693557287477384,1.2970015596432292,,0.006510007412271659,,77.28142649656648,19.600207006855374,,104.56069392307549,77.27594169082155,26.123292121158283,94.44812502526933,39.06614539273985,18.458778150522026,,0.01968070513318192,,0.007508976386851115,0.017375172094358904,,0.009110795371056458,0.004129298903332774,0.022803052144635256,0.0003867619614851673,0.034426451651794705,0.02841502831726792,,,,0.8641,17282.0,0.5128308,0.5231172,0.5324881,0.5241114,0.51205224,0.5090505,0.49935198,0.51016295,0.4946500062942505,0.9992291421890259,0.5357500314712524,0.9992291421890259,0.012,12.0,0.4036312918642639,0.4045816518793938,0.40283794099723685,0.3317154102656784,0.3326819945754203,0.33188513235485867,0.32875002314126256,0.32910673148639397,0.3288358941926123,0.006108080453866945,0.007027016709073029,0.0063252445466064535,-0.006130739443536767,-0.0025727189582029084,-0.006159595735669004,-0.00599016350946672,-0.006189328268160876,-0.006001384835304912,0.51,0.55727273,0.5647287,0.52401316,0.5256098,0.5303149,0.5279528,0.544697,0.4954000413417816,0.9889027786254883,0.5405000448226929,0.9889027786254883,0.009,9.0,0.48382449464848826,0.4847646368734674,0.48337780551317683,0.39896175586391314,0.39064784679877557,0.39774993881176784,0.3743171568205045,0.3728048730786147,0.37223488421048817,-0.002057114195893093,-0.0020147792120222096,-0.002183764395547612,-0.010058392085883609,-0.011088332549940082,-0.01036329197978029,-0.012299856689011145,-0.012158540470918557,-0.01225679270953831,0.57258064,0.5594595,0.5861314,0.51183206,0.5130082,0.53815794,0.50731707,0.5343066,0.49502502381801605,0.994065960407257,0.5381250381469727,0.994065960407257,0.010499999999999999,10.5,0.44372789325637607,0.4446731443764306,0.44310787325520684,0.3653385830647958,0.36166492068709793,0.36481753558331326,0.3515335899808835,0.35095580228250434,0.35053538920155025,0.002025483128986926,0.00250611874852541,0.002070740075529421,-0.008094565764710187,-0.006830525754071495,-0.008261443857724647,-0.009145010099238932,-0.009173934369539716,-0.009129088772421612,0.5412903,0.5583661,0.57543004,0.51792264,0.519309,0.53423643,0.5176349,0.5395018,2026-10-06T06:19:19.013606
1,0.5847072005271912,0.5013297200202942,0.884630371761322,0.5834500193595886,0.884630371761322,0.5778864932060241,0.6341595734596253,1.481853607940674,0.387162833404541,1.2701321630477904,1.2075659090042115,1.0,10.0,,,,,0.4862173268318176,0.4862173268318176,,,,18.430352334594726,0.1971615980005568,0.029718807874733855,,0.09386534382630686,0.5002327955262676,0.3781252001785928,0.002633918578748348,0.1306043492665716,0.9759432361194282,,0.009216815345011545,,77.24909666996852,19.59242498798735,,104.5691661956204,77.23915124395091,26.10314008384753,94.4485411917328,39.11670918069827,18.430324165684404,,0.1871041937428675,,0.021078179133640733,0.04994054342720919,,0.023243008513644244,0.009258617397848588,0.04005173987643734,0.0006017061439787696,0.08148957921820842,0.04625775152520769,,,,0.442,8840.0,0.6240978,0.6215868,0.66681856,0.5518365,0.5347157,0.5689091,0.53655326,0.56327903,0.4945499897003174,0.8819381628036499,0.5787500143051147,0.8819381628036499,0.024,24.0,0.34556425239901145,0.3443778872914397,0.35471969542026593,0.2936864138645794,0.24974363091226412,0.30326276884544645,0.32568461988384406,0.32682237014031296,0.3378672358535096,0.004967395754266459,0.004833185109387695,0.009090942027639413,0.010945539777781392,0.018689997207405922,0.018096635555995888,0.005570453523853211,0.008130730554091203,0.00440518442402576,0.597,0.57590914,0.65930235,0.5302631,0.5304878,0.5940945,0.52952754,0.6219697,0.5062000155448914,0.8495258226394653,0.5992000699043274,0.8495258226394653,0.025,25.0,0.4572632011447644,0.4576891884524649,0.46390204484948755,0.41473302657587857,0.3710483178213378,0.4203311298953668,0.43020641577391255,0.4258227431248731,0.4273434850573109,0.015846583654417445,0.010352102315817319,0.013567044064756386,0.017524247117015383,0.012115599038997693,0.014499392889732838,0.01300225793700516,0.009494771765096069,0.006686252765416175,0.6572581,0.66621625,0.74708027,0.5133588,0.5186992,0.5929825,0.51788616,0.5770073,0.5003750026226044,0.8657319927215577,0.5889750421047211,0.8657319927215577,0.0245,24.5,0.4014137267718879,0.4010335378719523,0.40931087013487677,0.354209720220229,0.31039597436680094,0.36179694937040663,0.3779455178288783,0.37632255663259306,0.38260536045541027,0.010406989704341951,0.007592643712602507,0.011328993046197899,0.014234893447398388,0.015402798123201809,0.016298014222864362,0.009286355730429185,0.008812751159593636,0.005545718594720968,0.6271291,0.6210627,0.7031913,0.52181095,0.5245935,0.5935385,0.52370685,0.5994885,2026-10-06T06:23:34.936845
2,0.5959625244140625,0.5000578165054321,0.8497898467063904,0.5958972573280334,0.8497898467063904,0.7024483592033386,0.7725616451263427,2.0104048851013183,0.25525956996679305,1.3337862027168275,1.3857351440429688,1.0,10.0,,,,,0.4108643223762512,0.4108643223762512,,,,18.396302090454103,0.21266098391668053,0.039875860426835955,,0.10381757745602328,0.47427671976909513,0.38234189404234004,0.0018573984771427124,0.08921434751646534,1.2491675218579117,,0.0040896260885856925,,77.21753561420805,19.57149563929078,,104.57182088475318,77.20203462831533,26.07825288954814,94.44786115512727,39.14467263677317,18.396274165742717,,0.32596041860094493,,0.02488549529414648,0.0637664067659788,,0.029720192525986653,0.013147081770477402,0.05014829439627137,0.0007003588438075581,0.10543392508462736,0.051071159612790795,,,,0.3015,6030.0,0.6419006,0.6428514,0.687817,0.55406797,0.5321262,0.5928687,0.5377481,0.578554,0.4878999888896942,0.864147427558899,0.588249921798706,0.864147427558899,0.027,27.0,0.3963777258923145,0.39400108190885247,0.4014215723269853,0.3635886138835826,0.31638289271949666,0.36531685535407904,0.37021580968837475,0.3678975205868823,0.3792938066928774,0.007337609362103213,0.005860445218436985,0.004815635308170737,0.01549132336331818,0.014147691328065506,0.010860411936477143,0.009344734899935635,0.010347111002509173,0.0061659973767611564,0.6025,0.61045456,0.70348835,0.53190786,0.53414637,0.5948819,0.53740156,0.6041667,0.49685001373291016,0.8387956938743591,0.5979500412940979,0.8387956938743591,0.025,25.0,0.46784927262857023,0.46808125206566237,0.4744523030348872,0.4271421976719057,0.4006340697501554,0.428830791289936,0.4384244331087805,0.4382759301720107,0.4409294456982786,0.002613196228626191,-0.0003492255797079636,0.0006608246654404113,0.0010661815711893487,-0.004128672081821559,-0.004964937849704254,-0.0003700004885788079,-0.0017411125369523074,-0.003606295972977051,0.6528226,0.6441441,0.7434307,0.52290076,0.5146342,0.59122807,0.5288618,0.57956207,0.4923750013113022,0.851471560716629,0.593099981546402,0.851471560716629,0.026000000000000002,26.0,0.4321134992604424,0.4310411669872574,0.4379369376809362,0.39536540577774415,0.35850848123482604,0.3970738233220075,0.40432012139857765,0.4030867253794465,0.41011162619557795,0.0049754027953647015,0.0027556098193645107,0.002738229986805574,0.008278752467253764,0.005009509623121973,0.0029477370433864444,0.0044873672056784135,0.004302999232778433,0.0012798507018920526,0.62766135,0.6272993,0.7234595,0.5274043,0.5243903,0.593055,0.5331317,0.59186435,2026-10-06T06:27:50.405117
3,0.5974748134613037,0.5004075169563293,0.8397630863189697,0.5974047183990479,0.8397630863189697,0.726364471244812,0.7991351035118103,2.023456792640686,0.25709084994792936,1.4252545612335206,1.497189319229126,1.0,10.0,,,,,0.3964031853199005,0.3964031853199005,,,,18.363764456176757,0.19474980254082164,0.04079712338294763,,0.09012527582324614,0.5131258265038204,0.3655934084183092,0.001423987425762899,0.0662009235542671,1.3180026484143204,,0.0031438427752033646,,77.18472858599037,19.553106599552617,,104.56979180597196,77.16477149914785,26.049626684492562,94.44775342030131,39.16101168978746,18.3637405687077,,0.40337202161740343,,0.028232906488286462,0.07577445851579594,,0.03376397568803684,0.01629298852436292,0.05770341216758558,0.0007683325193341893,0.1225444958278328,0.05461444076933679,,,,0.2588,5176.0,0.6252005,0.6353806,0.69847465,0.5592022,0.5338201,0.5998586,0.544998,0.58299387,0.49939993023872375,0.8473817744255066,0.5878499746322632,0.8473817744255066,0.02,20.0,0.4495533320901533,0.453819797564291,0.4610453887914692,0.38211120154576816,0.3438852478028987,0.3653967091509547,0.4167277085114678,0.4154109182028116,0.40800768033900014,0.02591719766974512,0.020750437478556386,0.01868402085860579,0.015225239804279526,0.004715930456189307,0.0032675790539502575,0.023042753329493838,0.022833623042802263,0.022788834458828126,0.5935,0.5904546,0.7368217,0.5273026,0.51829267,0.6023622,0.546063,0.59659094,0.5006501078605652,0.8236694593429565,0.600600004196167,0.8236694593429565,0.02,20.0,0.46678391541925895,0.4699658751507998,0.4709384708562322,0.4039564093134969,0.3485771559344807,0.37693546739261147,0.43445101557465077,0.4353237368443483,0.4287513361422861,0.007361146427242874,0.005516969469340322,0.004421932808201401,0.007573765914906178,0.00446056812083638,0.0013779763372917821,0.003107125847305,0.000829094862576854,-0.0018458656372504106,0.646371,0.63918924,0.76277375,0.52442753,0.51747966,0.6013158,0.5235773,0.5817519,0.5000250190496445,0.8355256168842315,0.5942249894142151,0.8355256168842315,0.02,20.0,0.45816862375470613,0.4618928363575454,0.46599192982385074,0.3930338054296325,0.3462312018686897,0.3711660882717831,0.4255893620430593,0.42536732752358,0.4183795082406431,0.016639172048493998,0.013133703473948353,0.011552976833403596,0.011399502859592852,0.004588249288512843,0.00232277769562102,0.013074939588399418,0.011831358952689558,0.010471484410788857,0.6199355,0.6148219,0.7497977,0.5258651,0.51788616,0.601839,0.53482014,0.5891714,2026-10-06T06:32:06.519686
4,0.6027249693870544,0.49904966354370117,0.8271083737373353,0.6020523309707642,0.8271083737373353,0.7578762775421143,0.834148219871521,1.9515837377548217,0.18330957036018372,1.6894260412216187,1.6211389484405518,1.0,10.0,,,,,0.4039876440525055,0.4039876440525055,,,,18.332971463012694,0.3046678368025904,0.05413196385974527,,0.11266866207395675,0.4764787040318653,0.3330432914055077,0.001356510043212444,0.05854715282322875,1.3880964792837762,,0.0027678600188224592,,77.14858843566506,19.534209877062754,,104.57133644249788,77.12696668296863,26.02114570520486,94.44763825046029,39.15005748287128,18.332944772805376,,0.48297979896235615,,0.030305232354410135,0.08523000506268945,,0.03796888821443934,0.019278530090762552,0.06411382423085012,0.0008267803980737545,0.1325844376330163,0.05739598021290864,,,,0.23245,4649.0,0.6278268,0.63465565,0.7096474,0.56953,0.53748053,0.60119194,0.54289186,0.59372705,0.49594998359680176,0.8443055171966553,0.5944998860359192,0.8443055171966553,0.021,21.0,0.45503738370321684,0.4505192146206018,0.46144262512657547,0.40172107267089674,0.3996065169319871,0.3979902713522904,0.44547839263528644,0.4432805044102785,0.4345409991017598,0.028518532268321517,0.029817827279050357,0.02923559652329746,0.025161293941436305,0.03611670429438433,0.026378006437734813,0.033444055342208505,0.033624662678819056,0.038951036363641625,0.596,0.6018182,0.7282946,0.53848684,0.5349594,0.5984252,0.55748034,0.60833335,0.4978500008583069,0.8241857900619507,0.6009999513626099,0.8241857900619507,0.02,20.0,0.48130686387088606,0.4831220297502357,0.4885534199638828,0.38068436032029757,0.38236371796603974,0.3834260715406476,0.46291638624595,0.47095879407404734,0.45858471468705336,0.012029309562171594,0.008583325881777255,0.00829715417941474,0.0031667764620715152,0.0050699710357641195,-0.000554495750200985,0.005928347827364211,0.005239772813624131,0.004249500782213592,0.6475807,0.65225226,0.74598545,0.5293893,0.5130082,0.5864035,0.5382114,0.58832115,0.4968999922275543,0.834245653629303,0.5977499186992645,0.834245653629303,0.0205,20.5,0.4681721237870514,0.46682062218541875,0.47499802254522916,0.3912027164955971,0.39098511744901343,0.390708171446469,0.4541973894406182,0.4571196492421629,0.44656285689440656,0.020273920915246556,0.019200576580413804,0.0187663753513561,0.01416403520175391,0.020593337665074225,0.012911755343766915,0.01968620158478636,0.019432217746221593,0.021600268572927607,0.62179035,0.62703526,0.73714006,0.53393805,0.5239838,0.5924144,0.54784584,0.5983273,2026-10-06T06:36:17.085055
5,0.6041953563690186,0.4981074333190918,0.8180230001449585,0.6041498780250549,0.8180230001449585,0.7634341843605041,0.8403236709594727,1.7769009986877442,0.17167161427736283,1.8153596611022949,1.7304048231124878,1.0,10.0,,,,,0.42350137748718264,0.42350137748718264,,,,18.302332995605468,0.252685333204687,0.0443530754204009,,0.08647565267220804,0.5218699170146018,0.29675714600427894,0.0012638495184309115,0.05507531827375008,1.4206190597099864,,0.0021312808474098707,,77.11463641512925,19.51549167997518,,104.57459628354212,77.08916789255325,25.99308541170351,94.4478638278451,39.13604281966094,18.302309011957448,,0.5482764308619651,,0.03266356998141025,0.09367041778602418,,0.042113643424336315,0.022198367591021926,0.06973500350478348,0.0009197260365839217,0.1411670136034109,0.059988832896112634,,,,0.20035,4007.0,0.6188452,0.64228755,0.7159271,0.56293446,0.5430102,0.6117576,0.5471851,0.5918126,0.5006499886512756,0.8481707644462585,0.5939000844955444,0.8481707644462585,0.03,30.0,0.4094155369121191,0.39895613583557343,0.41372128189250124,0.31398662199425176,0.31998411058276494,0.325951950228874,0.34994094758345295,0.34943013830933356,0.3452654155170288,0.00010636578419543221,0.001567120674026131,-0.00020938758678774823,0.01149814786057756,0.004562940104245858,0.004148356387915569,0.011631095789470827,0.014510012602278688,0.0076584671888717745,0.602,0.6131819,0.69806206,0.5404605,0.5455285,0.58543307,0.56535435,0.6121212,0.5012500286102295,0.8197548141479493,0.6035500764846802,0.8197548141479493,0.031,31.0,0.4803237616867889,0.4750366405364568,0.4897502811687916,0.3731749976459681,0.3740797653078086,0.38002852477318444,0.4344806522224907,0.43515485688460653,0.4303387134642222,0.006691786190777133,0.005485187079649489,0.004389789304518681,0.0026116213829069437,0.006747092377579162,-0.0013447672734440007,0.006352811417887592,0.005550084265430776,-1.132572996050957e-05,0.6395162,0.6400901,0.75766426,0.5458015,0.51626015,0.5859649,0.5378049,0.5945256,0.5009500086307526,0.8339627892971039,0.5987250804901123,0.8339627892971039,0.0305,30.5,0.44486964929945405,0.4369963881860151,0.4517357815306464,0.34358080982010997,0.34703193794528675,0.3529902375010292,0.3922107999029718,0.39229249759697005,0.3878020644906255,0.0033990759874862825,0.00352615387683781,0.0020902008588654666,0.007054884621742252,0.00565501624091251,0.0014017945572357843,0.00899195360367921,0.010030048433854731,0.0038235707294556323,0.62075806,0.626636,0.7278632,0.543131,0.5308943,0.58569896,0.5515796,0.6033234,2026-10-06T06:40:33.017464
6,0.605567216873169,0.5014250874519348,0.8166642174720764,0.6054375767707825,0.8166642174720764,0.7791323559761048,0.8577660845756531,1.7938605949401856,0.19497439470291136,1.984210234451294,1.8257021654129029,1.0,10.0,,,,,0.4135244941234589,0.4135244941234589,,,,18.273024322509766,0.447677399630949,0.07150039799321609,,0.11824187321979908,0.5607406753263656,0.3358405537096558,0.001402893674798654,0.05877433939107284,1.8373207837153391,,0.0028194331939949114,,77.07802683836336,19.49418371650064,,104.581964529244,77.05143903015525,25.9647493180196,94.44792918794474,39.13656361087872,18.273000899393846,,0.6018770526928506,,0.033838228197993744,0.09901395425864845,,0.04664089423930569,0.024841413222205868,0.0758703592096924,0.0010045545759972683,0.1514310757066034,0.06395871415259732,,,,0.1847,3694.0,0.62676424,0.63572294,0.7123217,0.573361,0.5410047,0.60840404,0.54874444,0.59775966,0.49959999322891235,0.8402033705711365,0.5990000367164612,0.8402033705711365,0.041,41.0,0.48290898655078585,0.4732468168271064,0.48308618923030106,0.4747251582073667,0.4848419721897066,0.45406042573809835,0.48194909575792233,0.49406319587572173,0.4321558465435664,0.016133277613368004,0.01792739653701182,0.01828966196999981,0.012793511030814435,0.002040220154827523,0.008873388769860956,0.018733109113245106,0.020769781639743475,0.022481746815837002,0.59650004,0.5945455,0.6961241,0.5539474,0.54512197,0.60748035,0.5889764,0.6132576,0.49580004811286926,0.8240732703208923,0.6038499474525452,0.8240732703208923,0.045,45.0,0.4798241951304778,0.4646116814513426,0.4671234349115134,0.45395543098319974,0.4374230060202751,0.4173037421994542,0.4643910584606538,0.4510915529132719,0.3936886717525404,0.016392007884128607,0.01667474928300728,0.0135226594574537,0.013997891115811909,0.016677021628985034,0.009824776330111818,0.009712516520385408,0.010724783346716974,0.006825670095244654,0.63225806,0.6364865,0.74854016,0.5530535,0.5203252,0.5894737,0.5406504,0.59927005,0.4977000206708908,0.8321383204460144,0.6014249920845032,0.8321383204460144,0.043,43.0,0.4813665908406318,0.4689292491392245,0.47510481207090727,0.46434029459528325,0.46113248910499083,0.4356820839687763,0.47317007710928805,0.4725773743944968,0.4129222591480534,0.016262642748748307,0.017301072910009548,0.015906160713726754,0.013395701073313171,0.00935862089190628,0.009349082549986388,0.014222812816815256,0.015747282493230225,0.014653708455540829,0.61437905,0.61551595,0.7223321,0.5535004,0.53272355,0.598477,0.5648134,0.6062638,2026-10-06T06:44:49.325536
7,0.6114597916603088,0.5011948943138123,0.8031309762954711,0.6114721298217773,0.8031309762954711,0.7896937848091126,0.8695010015487671,1.953423606109619,0.2177336296081543,1.8768946325302125,1.9690819229125978,1.0,10.0,,,,,0.40575777688026426,0.40575777688026426,,,,18.243593154907227,0.4513338107354702,0.08119409113742743,,0.13041403211036307,0.6320542537482681,0.2964276723611127,0.0015334015757373421,0.057820889303923415,1.7684737667915926,,0.0028523916234395757,,77.04246273162259,19.47603421302358,,104.59053608110756,77.01381600738331,25.936356890733077,94.44783199820549,39.14405319797006,18.243571651968985,,0.6774752060319208,,0.035194265235001874,0.105244150112389,,0.05106300229479553,0.02745327811427177,0.08191653037336981,0.0011007920468143028,0.16202659031767755,0.06756661694710421,,,,0.1815,3630.0,0.6322374,0.6349376,0.70901346,0.58842814,0.5489681,0.6132323,0.5603281,0.6051732,0.4975999891757965,0.8405750765800476,0.5915499329566956,0.8405750765800476,0.045,45.0,0.46632890059533794,0.45323545342907606,0.461407979688752,0.4297972366872784,0.4151870096513526,0.4134267245471223,0.4201878573580327,0.44332639445227773,0.4204113819830239,0.005383465222391013,0.004342489214812382,0.008490536105155686,0.007846448794517872,-0.002887424987390046,0.000981932327425697,-0.00869688333132397,0.0021902313923364745,-0.006317179808567601,0.57100004,0.5618182,0.6581395,0.57039475,0.56626016,0.5826772,0.61732286,0.5984849,0.4964500069618225,0.836185908794403,0.5938000082969666,0.836185908794403,0.045,45.0,0.5093925461585507,0.4986086165658528,0.5085238431148682,0.45952128318492397,0.4515614789898845,0.4445071722121738,0.4781765747375957,0.47433222422703136,0.44110929680040323,0.01715486384382207,0.01607441665848892,0.013514046652820695,0.016685378931530548,0.01387956150414791,0.007935380814986265,0.010999544266784856,0.01008251768424913,0.005493941264908204,0.60524195,0.6153153,0.6905109,0.57977104,0.53373986,0.577193,0.548374,0.5912409,0.4970249980688095,0.8383804926872254,0.592674970626831,0.8383804926872254,0.045,45.0,0.4878607233769443,0.47592203499746444,0.4849659114018101,0.44465925993610117,0.43337424432061855,0.42896694837964805,0.4491822160478142,0.45882930933965455,0.43076033939171354,0.011269164533106541,0.010208452936650651,0.01100229137898819,0.012265913863024211,0.005496068258378932,0.004458656571205981,0.0011513304677304428,0.006136374538292803,-0.0004116192718296983,0.588121,0.5885668,0.6743252,0.5750829,0.55,0.5799351,0.5828484,0.5948629,2026-10-06T06:49:04.780835
8,0.6049799919128418,0.5005426406860352,0.8121451474189758,0.6053802371025085,0.8121451474189758,0.806866841506958,0.8885821781158447,2.0835458612442017,0.22550071235895155,2.3054723098754883,1.9975539058685303,1.0,10.0,,,,,0.4305940616130829,0.4305940616130829,,,,18.214844689941405,0.7281746061839116,0.13244450119009632,,0.16342459645146018,0.660769021055501,0.2747010228218167,0.0013320902536718092,0.04850201606513209,1.814789852044385,,0.0029310591022630823,,77.00782056674836,19.461208878049426,,104.60678474766434,76.97675692807337,25.909527092222955,94.44723107404769,39.16311771854473,18.214817873231926,,0.6919134035231961,,0.037063092752626745,0.11219887013078496,,0.05636672813231778,0.029673960154793066,0.08692912335038945,0.0012403000353770272,0.173697609715401,0.07056511981282265,,,,0.1902,3804.0,0.61782277,0.6318969,0.7029319,0.5908176,0.5554907,0.5869495,0.5523896,0.6047047,0.5018500089645386,0.8259544267654418,0.6015000343322754,0.8259544267654418,0.073,73.0,0.4585828137227746,0.4580552637571282,0.46406990369186385,0.3738488750096777,0.42187160541338575,0.4002149660256862,0.4014435474446699,0.40380361653177554,0.4058269807216905,-0.010841879644649484,-0.009085322180414784,-0.009541910076469465,-0.00644834607891991,-0.011542914342036064,-0.01098733350661792,0.0065837468543563735,0.007135361311617483,0.00624181889366465,0.598,0.5977273,0.7027132,0.56578946,0.56707317,0.592126,0.5877953,0.6037879,0.5012000203132629,0.819435980796814,0.6000999808311462,0.819435980796814,0.066,66.0,0.4918804082393116,0.4911289273974528,0.49921913502937854,0.41844243098896877,0.3861708019680055,0.4105413374483211,0.4340553626865632,0.4348281218152826,0.43713927399949615,-0.0027480125515850556,-0.004385203305517764,-0.004112659200207035,-0.012637626024301903,-0.016107349801601053,-0.01496569670699788,-0.006973884001196022,-0.0069897496307096945,-0.00800208773597617,0.625,0.62567574,0.720438,0.5667939,0.5386179,0.5824562,0.53008133,0.6010949,0.5015250146389008,0.8226952037811279,0.6008000075817108,0.8226952037811279,0.0695,69.5,0.4752316109810431,0.4745920955772905,0.4816445193606212,0.39614565299932325,0.4040212036906956,0.40537815173700364,0.41774945506561656,0.41931586917352903,0.42148312736059335,-0.006794946098117269,-0.006735262742966274,-0.00682728463833825,-0.009542986051610906,-0.013825132071818558,-0.0129765151068079,-0.00019506857341982427,7.280584045389442e-05,-0.0008801344211557603,0.6115,0.6117015,0.7115756,0.5662917,0.55284554,0.5872911,0.5589383,0.60244143,2026-10-06T06:53:15.817443
9,0.6124674081802368,0.5009602904319763,0.7984715927124023,0.6124424338340759,0.7984715927124023,0.7709400776863098,0.8486635506629944,1.7353562393188477,0.1522820873618126,2.230189091873169,1.9986766466140746,1.0,10.0,,,,,0.4257247263431549,0.4257247263431549,,,,18.186341320800782,0.4870881347851768,0.06679686692774675,,0.10309528959262523,0.7263478928121032,0.2816832756777857,0.0014522347710863538,0.04728590771199981,1.8815158294264678,,0.0025318381850196903,,76.97401642040083,19.443939682784354,,104.62031545456807,76.94008816275627,25.882708859291807,94.44518756259019,39.13259749199934,18.186322886473054,,0.6924809680622854,,0.03887348130914816,0.11677376517824306,,0.06073591407317265,0.03186113087187527,0.09222752657855392,0.0014342322032068185,0.1780447943764887,0.07349752976446394,,,,0.22915,4583.0,0.62323576,0.6320782,0.7092512,0.59897316,0.55722356,0.6148687,0.5688133,0.5951731,0.49564996361732483,0.8131961007118225,0.6076999306678772,0.8131961007118225,0.063,63.0,0.4332687977647927,0.42720750474338504,0.4306299813385321,0.41646356146748853,0.4164151064831906,0.4289970141329223,0.4540300309222014,0.46265283007842595,0.406508582567767,0.003072246600548884,0.005431152639594819,0.011385978946723246,-0.006756700764549545,0.00013009632431819324,0.007716433320345651,0.0101814439074722,0.01969576997737548,0.007487438064141594,0.5715,0.5718182,0.70426357,0.5861842,0.5922764,0.6062992,0.6047244,0.61401516,0.5058000087738037,0.7971565289497375,0.6096499562263489,0.7971565289497375,0.068,68.0,0.459867514941204,0.4507838504156402,0.4656399867168618,0.43743756845692994,0.41449071453968145,0.434142169103047,0.4696428682379734,0.4662556124314867,0.42503287407787654,0.020956549195879266,0.01990697034210114,0.02119758638472101,0.014909368891460094,0.013899120761491208,0.014082173142880449,0.011373032173894078,0.01185580446940465,0.010463415757623664,0.63508064,0.60900897,0.72372264,0.59351146,0.5414634,0.5855263,0.56056917,0.6138686,0.5007249861955643,0.80517631483078,0.608674943447113,0.80517631483078,0.0655,65.5,0.44656815635299835,0.43899567757951263,0.4481349840276969,0.42695056496220923,0.415452910511436,0.43156959161798464,0.4618364495800874,0.46445422125495633,0.4157707283228218,0.012014397898214076,0.01266906149084798,0.016291782665722128,0.004076334063455275,0.007014608542904701,0.01089930323161305,0.010777238040683139,0.015775787223390066,0.008975426910882628,0.6032903,0.5904136,0.7139931,0.5898478,0.56686985,0.59591275,0.5826468,0.6139419,2026-10-06T06:57:31.583745
10,0.6210901141166687,0.5000001192092896,0.7810641560554504,0.6219274401664734,0.7810641560554504,0.7793313526153565,0.8579871915817261,1.8586168727874757,0.1398257058620453,1.943695217514038,1.999926340484619,1.0,10.0,,,,,0.45897398767471315,0.45897398767471315,,,,18.161588580322267,0.47936395437094814,0.09007990909562369,,0.11161488306465422,0.7633402174825121,0.22249771597658752,0.0013395246301086583,0.04625081014671144,1.4599100587664136,,0.002607907787904108,,76.93738152570785,19.425173534709177,,104.6297530641981,76.90334412398612,25.855297866140962,94.4464549653849,39.13681620701104,18.161568878562587,,0.6931105206726463,,0.04037749968991158,0.11947264546042036,,0.06450451535593932,0.0340897533923957,0.09664548155228803,0.0015464022734860896,0.1866461478031365,0.0779319310169311,,,,0.2205,4410.0,0.6264034,0.6316351,0.7143225,0.62249213,0.565148,0.6149293,0.58535844,0.6152138,0.49344998598098755,0.794751347064972,0.614549994468689,0.794751347064972,0.091,91.0,0.35137921634352587,0.3356808358839358,0.3404415885198507,0.4007544358912786,0.3623047067195635,0.37975429060753446,0.4521695411223313,0.4304681738744098,0.37386047344462275,0.020441420290033745,0.019292537337001998,0.016789175494842677,0.02088943977418857,0.011419446382756479,0.00865791531763043,0.01140326907546884,0.010962742560757271,0.01248790604530423,0.56600004,0.5868182,0.748062,0.5901316,0.6215448,0.6106299,0.5889764,0.5939394,0.5010499954223633,0.7794187359809875,0.6240500211715698,0.7794187359809875,0.095,95.0,0.3815429560362729,0.3625546212789013,0.37817694225460113,0.39596306986429836,0.37634223852433624,0.39365651417374553,0.44385805460740335,0.4250257802521967,0.371783028693431,0.009102709606165172,0.005240231697110928,0.008665506320609561,0.004809234172914801,7.421426018042213e-05,0.004346947393783138,0.00649847222790745,0.005963708650488274,0.008329470029672667,0.6576613,0.6486486,0.7514599,0.59732825,0.54268295,0.59517545,0.5719512,0.6156934,0.4972499907016754,0.7870850415229798,0.6193000078201294,0.7870850415229798,0.093,93.0,0.36646108618989937,0.34911772858141854,0.3593092653872259,0.3983587528777885,0.36932347262194987,0.38670540239064,0.44801379786486734,0.4277469770633032,0.3728217510690269,0.014772064948099458,0.012266384517056462,0.01272734090772612,0.012849336973551687,0.0057468303214684505,0.006502431355706784,0.008950870651688144,0.008463225605622772,0.010408688037488449,0.6118307,0.6177334,0.749761,0.5937299,0.58211386,0.60290265,0.58046377,0.60481644,2026-10-06T07:01:47.062664
11,0.6402150988578796,0.4985671043395996,0.7531186515808106,0.6402574181556702,0.7531186515808106,0.7523276505470275,0.8279830764770508,1.569384075164795,0.1412122598171234,1.9096466045379639,1.9999997245788574,1.0,10.0,,,,,0.48359367332458497,0.48359367332458497,,,,18.136627947998047,0.6161322811037112,0.10592977136705711,,0.14167775930302917,0.8161304171677608,0.23893732027073575,0.0017802495313630363,0.05997253552221569,1.4881010425698227,,0.0035842279332636553,,76.90239234486963,19.41058471096549,,104.64713851054003,76.86625491585701,25.82813648053795,94.44561636371976,39.18476877394755,18.13660488007175,,0.6931470454118813,,0.0425183583217062,0.12343066902297317,,0.06918535709001455,0.03612369386728402,0.10142263214869104,0.0016944560609390116,0.20034037539913396,0.08312114043410417,,,,0.25905,5181.0,0.63299924,0.65255743,0.72244453,0.6578989,0.59102416,0.63246465,0.6116444,0.6206314,0.4954499900341034,0.7581756629943848,0.6523999571800232,0.7581756629943848,0.116,116.0,0.35402734408837466,0.34851628860503614,0.3584707638707355,0.3239595564960158,0.26282191692277795,0.33444242851783196,0.3653433175636158,0.3630817609035809,0.3616976357835164,0.016702531287686936,0.019669309158488163,0.016504639163838566,0.017712099874424986,0.021105195906055127,0.01677417164221132,0.022040372842524546,0.022380867744992178,0.021617332428741122,0.605,0.6,0.7728683,0.6335527,0.70528454,0.6322835,0.6417323,0.6162879,0.4965500831604004,0.7606768903732299,0.6522500514984131,0.7606768903732299,0.116,116.0,0.3518240713895189,0.36195488651938706,0.36264586334162946,0.3102243377943369,0.3134816995460915,0.32599701944518283,0.34546490662800644,0.3505559917583997,0.34382822777826605,0.0012848855138549175,-0.0005636855229997144,0.00010713517005277686,0.01583789009300688,0.011804614313678003,0.01113607030703557,0.0073958177331740985,0.005412708077932511,0.002658632537410548,0.67580646,0.67702705,0.77043796,0.6549619,0.56544715,0.61885965,0.6199187,0.6248175,0.4960000365972519,0.7594262766838074,0.6523250043392181,0.7594262766838074,0.116,116.0,0.35292570773894677,0.35523558756221163,0.3605583136061825,0.31709194714517636,0.28815180823443476,0.3302197239815074,0.35540411209581113,0.3568188763309903,0.35276293178089124,0.008993708400770926,0.009552811817744224,0.00830588716694567,0.016774994983715933,0.016454905109866566,0.013955120974623446,0.014718095287849321,0.013896787911462344,0.012137982483075835,0.6404033,0.63851357,0.7716531,0.6442573,0.63536584,0.6255716,0.6308255,0.62055266,2026-10-06T07:06:02.650376
12,0.6507995128631592,0.5001949667930603,0.7371588310718536,0.6515626311302185,0.7371588310718536,0.7790345388412475,0.8576573968887329,1.7653845012664795,0.12310393979549408,1.9364958261489869,2.0,1.0,10.0,,,,,0.49756765160560606,0.49756765160560606,,,,18.10765644226074,0.848159696930533,0.09911562986434645,,0.1361306240651638,0.7478181178782396,0.22833866844321513,0.0017230235990047882,0.059543533962528414,1.478460843396035,,0.0036788150708185166,,76.86712539575662,19.38855626780516,,104.65717932828673,76.83054395542024,25.804255953260288,94.44593602077217,39.28721956386688,18.107630164759932,,0.6931471824645996,,0.04427196752208813,0.12658905451464805,,0.07254416766060386,0.038104451291120736,0.10745543687586571,0.0019515291350199633,0.21937124820271875,0.08608785727221495,,,,0.245,4900.0,0.67301524,0.6815546,0.74094695,0.660782,0.5904595,0.6326061,0.60334146,0.62955195,0.5002999901771545,1.0565698919296265,0.5578000545501709,1.0565698919296265,0.124,124.0,0.31146731875273587,0.30180001173854437,0.3121459221733751,0.3570495617459237,0.3274962764251059,0.35670196392860837,0.27998978794918655,0.2649740249385922,0.2688663052157536,-0.002200122840862474,-0.00344626884386019,-0.002889944739535818,0.011378332283406732,-0.004030783593119968,-0.001579025624049289,0.001885626105807951,0.0024437810928797017,-8.964630556428496e-05,0.536,0.505,0.5112403,0.57894737,0.6321138,0.55551183,0.5992126,0.5325758,0.4992999732494354,1.148675087928772,0.5530999898910522,1.148675087928772,0.117,117.0,0.3664629261058922,0.37994569566462566,0.38950106949913016,0.3433048628364987,0.3515098558312281,0.36975402322728496,0.32074693546905114,0.3172058736602815,0.32335095909807593,0.021364676151168913,0.020686845511380805,0.022154448884943397,0.021062795441528347,0.019612873369523255,0.019128722549964162,0.020549245852316916,0.021196330346595935,0.01842234209414226,0.5467742,0.5545045,0.5529197,0.578626,0.54227644,0.54122806,0.5804878,0.5284672,0.499799981713295,1.1026224899291992,0.5554500222206116,1.1026224899291992,0.1205,120.5,0.33896512242931404,0.34087285370158504,0.3508234958362526,0.35017721229121124,0.33950306612816705,0.36322799357794666,0.30036836170911885,0.2910899492994369,0.29610863215691474,0.00958227665515322,0.008620288333760308,0.009632252072703788,0.01622056386246754,0.007791044888201644,0.008774848462957436,0.011217435979062433,0.01182005571973782,0.009166347894288988,0.5413871,0.52975225,0.53208,0.5787867,0.58719516,0.54836994,0.5898502,0.5305215,2026-10-06T07:10:12.201666
13,0.6542125940322876,0.5038750171661377,0.7267663432121276,0.6553297638893127,0.7267663432121276,0.7893726086616516,0.8691441447257996,1.8368185256958007,0.12634534263014793,2.034086113166809,2.0,1.0,10.0,,,,,0.5332519021511077,0.5332519021511077,,,,18.07739146118164,0.6947736216910706,0.10591612648883253,,0.12827749346282072,0.7190527369262306,0.2210118887103667,0.001717570778924177,0.06112919599529664,1.48755703980376,,0.0034823164468591105,,76.83134941538428,19.367348847115874,,104.66475551143573,76.79487502954568,25.781030885732857,94.44715628654335,39.357851332160315,18.077379008007657,,0.6931471824645996,,0.04566788353073369,0.12966164899100163,,0.07527997904712228,0.04020884863225518,0.11327401728956563,0.002160410312223871,0.233639212550631,0.08845286953980756,,,,0.24315,4863.0,0.68334,0.68727344,0.7502377,0.6586098,0.58962226,0.6349697,0.60670316,0.6317719,0.5067999958992004,0.7602290625572204,0.6484499573707581,0.7602290625572204,0.15,150.0,0.3468076774289814,0.34032325994098933,0.34847572572516167,0.394418331135311,0.37548006647242926,0.3676633336986666,0.31509377051590376,0.2975361328585458,0.2826134123578077,0.005511207675953096,0.004566030797277315,0.007273785513553127,0.014262304901656185,0.026329409067556122,0.019144987682306304,0.02605495858092617,0.024717210176705032,0.029232684184496895,0.60050005,0.6154546,0.7573644,0.62532896,0.68577236,0.6334646,0.62874013,0.6310606,0.48889997601509094,0.7359641284942627,0.6552000045776367,0.7359641284942627,0.144,144.0,0.4117364150131329,0.40609660329822295,0.41796985276632925,0.3749850531681275,0.3579635351759868,0.3743766828000878,0.38522935690757004,0.37636333532830196,0.3565511847046443,0.03056104234110723,0.027660245332561693,0.02711503970900552,0.03634294294443052,0.0339606483316416,0.028266709034022744,0.0275626440638188,0.024080628993756042,0.020725097209152266,0.7048387,0.69549555,0.77883214,0.6461832,0.55447155,0.6149123,0.6182927,0.61970806,0.4978499859571457,0.7480965955257416,0.6518249809741974,0.7480965955257416,0.147,147.0,0.37927204622105715,0.37320993161960614,0.3832227892457455,0.38470169215171923,0.366721800824208,0.3710200082493772,0.3501615637117369,0.3369497340934239,0.319582298531226,0.018036125008530163,0.016113138064919503,0.017194412611279325,0.025302623923043353,0.030145028699598862,0.023705848358164524,0.026808801322372487,0.024398919585230536,0.02497889069682458,0.65266937,0.6554751,0.76809824,0.6357561,0.62012196,0.6241884,0.62351644,0.62538433,2026-10-06T07:14:28.029823
14,0.6610925793647766,0.5012822151184082,0.7130434859275818,0.661457359790802,0.7130434859275818,0.7844146183967591,0.8636352640151977,1.8362034753799439,0.1366939383983612,1.8864332946777345,2.0,1.0,10.0,,,,,0.5299062869071961,0.5299062869071961,,,,18.05499045715332,0.64414443132604,0.1257110389222385,,0.15181926989061817,0.7413735308085277,0.20116065727297666,0.001948884771736398,0.06540371873860906,1.2506001217729728,,0.004540900136255155,,76.79536335939055,19.342476292020955,,104.67626593522965,76.75859128138062,25.75731166912492,94.44806564233865,39.46104295086709,18.05496902222846,,0.6931471824645996,,0.0466090727621203,0.1314434701470053,,0.07833302775575857,0.042208551435144084,0.11857148065308856,0.002340471343831367,0.250147880927013,0.09371181734048636,,,,0.25575,5115.0,0.6865878,0.69528794,0.7513075,0.6668444,0.59016746,0.6471111,0.61198866,0.6425662,0.4915499687194824,0.758718539237976,0.643750011920929,0.758718539237976,0.15,150.0,0.33337905317471306,0.3425481501032713,0.34983976124766397,0.3433440088391335,0.3672002441347551,0.3475234181741193,0.24531893200096772,0.24672122576082248,0.2275410523047312,0.02531498142416831,0.019080744504538723,0.025398753112032338,0.025168813928278248,0.0009230267079702774,0.026769760941665402,0.03034007848757545,0.027554980948213823,0.027906945885733447,0.586,0.5986363,0.77868223,0.6171053,0.6768293,0.62952757,0.62598425,0.62386364,0.5052499771118164,0.7218017191886902,0.6587499976158142,0.7218017191886902,0.157,157.0,0.41021659921341347,0.414637668298341,0.42013216058936964,0.383517228797938,0.3758841940552393,0.37997692931190785,0.34321524196747,0.32640384704346687,0.30952372451366683,0.025761700713589547,0.02264811679327218,0.022949226887818305,0.03254119342974531,0.029639831993685865,0.029040857648887704,0.029700648411689838,0.02991252317426299,0.02296086604526356,0.70443547,0.70810807,0.7766423,0.6450382,0.5626017,0.6192982,0.6215448,0.6251825,0.4983999729156494,0.7402601292133331,0.6512500047683716,0.7402601292133331,0.1535,153.5,0.37179782619406326,0.3785929092008061,0.3849859609185168,0.3634306188185358,0.3715422190949972,0.36375017374301355,0.2942670869842189,0.2865625364021447,0.268532388409199,0.02553834106887893,0.020864430648905453,0.024173989999925323,0.02885500367901178,0.01528142935082807,0.027905309295276553,0.030020363449632645,0.028733752061238405,0.025433905965498504,0.6452178,0.65337217,0.7776623,0.63107175,0.61971545,0.6244129,0.6237645,0.62452304,2026-10-06T07:18:44.102491
15,0.6645205020904541,0.5022676587104797,0.705052571105957,0.6648350954055786,0.705052571105957,0.7824866850852966,0.861493115901947,1.8145432796478271,0.1382490014433861,1.8621894620895385,2.0,1.0,10.0,,,,,0.5536278279304504,0.5536278279304504,,,,18.030311798095703,0.6256687161838932,0.10745821208070228,,0.14152286367811215,0.7471185108278967,0.21472113911703133,0.0018937292662271222,0.06372528313214232,1.5013413850668889,,0.004439798179846317,,76.75939499192937,19.320109835096225,,104.68685057816232,76.72168299195114,25.734237464370242,94.44883601680682,39.54893690461566,18.030292012888914,,0.6931471824645996,,0.04784118092268895,0.13383383099820204,,0.08121834970583582,0.0440541123318824,0.12400147674759482,0.0025000513032980404,0.26445956404801385,0.09774015858105034,,,,0.2614,5228.0,0.6921812,0.6996577,0.77127576,0.6698262,0.5936916,0.6391919,0.61289996,0.6397556,0.5005999803543091,0.7271448893547058,0.661750078201294,0.7271448893547058,0.175,175.0,0.46312789104489255,0.48499208446166303,0.4764708587893894,0.3840965603817322,0.4065779332196596,0.38112547003812747,0.344212666267472,0.33471876715253374,0.33562000116162893,0.010820383067720178,0.013107031305800015,0.00470591928152604,0.020350337167349512,0.04864822673870971,0.0027284932132855396,0.026953607210637092,0.02530583522265752,0.019280702272284952,0.62600005,0.6222728,0.78333336,0.6335527,0.699187,0.61771655,0.6496063,0.6545455,0.4997999966144562,0.6979506211280823,0.6688500046730042,0.6979506211280823,0.168,168.0,0.4497148199633858,0.458089787680957,0.4663360471054984,0.39240960167192,0.3701125008857632,0.4024348300941984,0.3739535294524922,0.36466506326100406,0.35139617656485556,0.0304995212495315,0.02620017325946641,0.026698035260128275,0.037226833072286525,0.046174645455295774,0.030589080969031724,0.037644503189587376,0.0334443907145668,0.029930863609297618,0.7205645,0.7189189,0.78868616,0.65267175,0.57439023,0.62938595,0.62317073,0.6357664,0.5001999884843826,0.712547755241394,0.665300041437149,0.712547755241394,0.17149999999999999,171.5,0.4564213555041392,0.47154093607131,0.4714034529474439,0.3882530810268261,0.3883452170527114,0.39178015006616296,0.3590830978599821,0.3496919152067689,0.34350808886324224,0.02065995215862584,0.019653602282633215,0.015701977270827158,0.02878858511981802,0.04741143609700274,0.01665878709115863,0.03229905520011223,0.029375112968612158,0.024605782940791285,0.67328227,0.6705959,0.7860098,0.6431122,0.6367886,0.62355125,0.63638854,0.6451559,2026-10-06T07:22:55.171586
16,0.6676531434059143,0.4999275803565979,0.6976209948539734,0.6679850220680237,0.6976209948539734,0.7857549633979798,0.8651245337486267,1.8569790857315063,0.15888019380569457,1.8897652807235719,2.0,1.0,10.0,,,,,0.5390120520591736,0.5390120520591736,,,,18.005851361083984,0.5553099254893649,0.11556434714395529,,0.15072418391040177,0.8163555086038674,0.19933347627046002,0.001867177033467681,0.06280528795519832,1.3166127242859762,,0.004982708086879556,,76.7242564304619,19.294663313847437,,104.69988513144718,76.68449396995982,25.7108373459737,94.45078885023761,39.64120233134859,18.005839171682954,,0.6931471824645996,,0.048879074110726645,0.1349725363550672,,0.08427025187926687,0.04581447695470919,0.12881811342801258,0.002637935427142082,0.2782453587100764,0.10180180273048438,,,,0.25335,5067.0,0.6863272,0.7065042,0.78003174,0.68157583,0.59445095,0.6393536,0.62023085,0.6349898,0.49445000290870667,0.7448855376243592,0.6528500318527222,0.7448855376243592,0.149,149.0,0.41007689817643284,0.43880369609427256,0.4265927486182674,0.35578478040361455,0.3482855298168631,0.36107871327499147,0.3018739843589138,0.30420591317237566,0.2973396954723072,-0.0105150489357876,-0.013139305190562087,-0.009717730549249773,0.00294490833700687,0.015887639251890667,0.01195534123497984,0.002773263265442643,0.007108745201341369,0.0028471041656759994,0.60150003,0.61727273,0.7763566,0.6315789,0.70731705,0.60944885,0.64842516,0.62045455,0.5020999908447266,0.7131250472068786,0.6694499850273132,0.7131250472068786,0.147,147.0,0.43114662949322746,0.4839459551921944,0.4757388928311525,0.32249090241662204,0.3691126918756671,0.3504478153024364,0.2908977266442101,0.2920620428530652,0.2958045334520036,0.027674211782943443,0.027144742771914053,0.03028630733393614,0.02195989349367467,0.023258967011367118,0.020686810397777845,0.023027699096580593,0.020200179359488632,0.016562656630847345,0.7016129,0.71576583,0.8226278,0.660687,0.56707317,0.6368421,0.63048786,0.6120438,0.4982749968767166,0.729005292415619,0.6611500084400177,0.729005292415619,0.148,148.0,0.4206117638348301,0.4613748256432335,0.45116582072470995,0.33913784141011827,0.3586991108462651,0.35576326428871397,0.29638585550156193,0.29813397801272046,0.29657211446215537,0.008579581423577922,0.007002718790675983,0.010284288392343185,0.012452400915340769,0.019573303131628892,0.016321075816378844,0.012900481181011617,0.013654462280415,0.009704880398261673,0.6515565,0.6665193,0.7994922,0.64613295,0.6371951,0.62314546,0.6394565,0.6162492,2026-10-06T07:27:11.379133
17,0.6742751002311707,0.5022149682044983,0.6878237670898437,0.6746946573257446,0.6878237670898437,0.7863448616981507,0.8657799799919128,1.8697789966583251,0.14079064931869506,1.8580551462173462,2.0,1.0,10.0,,,,,0.5437240494728088,0.5437240494728088,,,,17.985812530517578,0.5889995296954349,0.13414174518221691,,0.16379228561736975,0.808331004943058,0.20741654068801055,0.0019482084802814588,0.06383064473463092,1.4274873038765732,,0.005420739394145466,,76.68823630946457,19.27159806269749,,104.71534481170072,76.64749305870882,25.687593059175335,94.45196290228778,39.720094474257934,17.985795695310944,,0.6931471824645996,,0.049869268729238754,0.13629345823625091,,0.08752194934400023,0.047506355413585714,0.1335691825789251,0.002776224443475437,0.2903527140997018,0.10735725307730352,,,,0.26165,5233.0,0.6926624,0.69234794,0.7942948,0.6923184,0.60492605,0.6454748,0.63345486,0.6413646,0.4968501031398773,0.7324015054702758,0.660649836063385,0.7324015054702758,0.149,149.0,0.5165543638606629,0.5497204922794954,0.5325187646535648,0.4414404326435472,0.45083101806184084,0.4232349272991517,0.4206889403028672,0.41441420868913115,0.39906881977998804,-0.002196053932156982,0.0019094471198496854,-0.0038969256090389125,-0.0001605955073333876,0.03415710000181816,-0.010997804959636693,0.011141330226025542,0.01606788261856864,0.01040314745374869,0.618,0.58909094,0.7910853,0.65032893,0.70975614,0.61220473,0.64055115,0.657197,0.5016500353813171,0.6939266171455384,0.6748000383377075,0.6939266171455384,0.14,140.0,0.501351581150126,0.5394678783175589,0.5325473528211736,0.40987274132127227,0.43541769394066226,0.4183763585727658,0.36510016990365496,0.36201624905276275,0.35189273932895315,0.03399549993780895,0.03280391668061927,0.030866322237611054,0.040655421383324265,0.06108575587341596,0.034061458624911965,0.038049301864883145,0.03770171365719556,0.03169440137049899,0.7262097,0.71756756,0.8094891,0.660687,0.56951225,0.6258772,0.63983744,0.63905114,0.49925006926059723,0.7131640613079071,0.6677249372005463,0.7131640613079071,0.14450000000000002,144.5,0.5089529725053945,0.5445941852985272,0.5325330587373692,0.4256565869824097,0.44312435600125155,0.42080564293595873,0.3928945551032611,0.38821522887094695,0.37548077955447057,0.015899723002825984,0.01735668190023448,0.013484698314286071,0.020247412937995438,0.04762142793761706,0.011531826832637636,0.024595316045454344,0.0268847981378821,0.02104877441212384,0.67210484,0.65332925,0.8002872,0.655508,0.6396342,0.61904097,0.6401943,0.6481241,2026-10-06T07:31:27.850090
18,0.6765651702880859,0.49943768978118896,0.6824827729701995,0.6773546934127808,0.6824827729701995,0.7840708239555358,0.8632532706260682,1.8114035736083984,0.14575570950508118,1.8602342468261719,2.0,1.0,10.0,,,,,0.5470772473812103,0.5470772473812103,,,,17.966969427490234,0.5535928993278248,0.12718041321844054,,0.16624069636224942,0.85924441609413,0.19282980699827718,0.0018750614613431038,0.06148878316495829,1.2377170656517054,,0.005395053379804157,,76.65209178560099,19.248923490001896,,104.73133850097656,76.61091341638262,25.66398268292664,94.45368690247749,39.81085797935535,17.96694799289582,,0.6931471824645996,,0.050856565285450336,0.13793501049090343,,0.0906646571056858,0.04915483193887267,0.13829993708118513,0.003022710149099303,0.3028669230117919,0.1126962045005932,,,,0.257,5140.0,0.6902566,0.69510674,0.7995642,0.69557667,0.6040304,0.65064645,0.64169705,0.6413442,0.4953500032424927,0.7972760577201843,0.6370500326156616,0.7972760577201843,0.175,175.0,0.449384227043607,0.47696507656314147,0.45826210008206847,0.37405042288897117,0.415892452003073,0.37447387691114353,0.2888487983310877,0.28971998029632834,0.27773189075905813,0.008613680181333249,0.01333098506581854,0.004230248607902151,-0.004873903652083283,0.02120913593644516,-0.01988362012039372,0.007395184097548705,0.00882662413927072,0.005774617049030341,0.5535,0.5568182,0.7344961,0.64243424,0.7386179,0.60157484,0.61417323,0.6272727,0.4990500211715698,0.7531636118888855,0.6684000492095947,0.7531636118888855,0.157,157.0,0.44272066111338376,0.4801813844557336,0.474307344639093,0.3718400197200897,0.40497047212637544,0.38896010237112943,0.30755375759149073,0.30737335933310483,0.3026487838179627,0.02396299178015965,0.022895733378300958,0.0225902392770481,0.033782680049144004,0.03419984275120898,0.027706650003677155,0.026583697522138395,0.022253836921086952,0.019896052270408346,0.6854839,0.66846853,0.78540146,0.6923664,0.57723576,0.6442983,0.64268297,0.6379562,0.49720001220703125,0.7752198348045349,0.6527250409126282,0.7752198348045349,0.16599999999999998,166.0,0.44605244407849537,0.47857323050943756,0.4662847223605807,0.37294522130453045,0.41043146206472425,0.3817169896411365,0.2982012779612892,0.29854666981471656,0.2901903372885104,0.01628833598074645,0.018113359222059748,0.013410243942475126,0.01445438819853036,0.02770448934382707,0.003911514941641717,0.01698944080984355,0.015540230530178837,0.012835334659719344,0.61949193,0.61264336,0.7599488,0.66740036,0.6579268,0.6229366,0.6284281,0.6326145,2026-10-06T07:35:43.547533
19,0.6785048246383667,0.4980698227882385,0.6793279042720795,0.6799174547195435,0.6793279042720795,0.7885047199249268,0.8681798221588135,1.871398958015442,0.14776005047559737,1.854662808609009,2.0,1.0,10.0,,,,,0.5535547044754028,0.5535547044754028,,,,17.94901559448242,0.5888051447595001,0.1598149913179267,,0.18833680740397446,0.8657490983130826,0.20134095600835836,0.002021465227704875,0.06518197062004144,1.362568283156984,,0.0057585138596214685,,76.61622031630984,19.228210145500814,,104.7506416952534,76.57452164182237,25.641736826319605,94.45608180343726,39.903197853428544,17.9489992469739,,0.6931471824645996,,0.051815367831735855,0.13956275041315966,,0.09393698233328047,0.0507930495841488,0.14322259860813238,0.003216830267612437,0.31497609311607994,0.11798834767501065,,,,0.25795,5159.0,0.6890938,0.6852397,0.80376387,0.7052923,0.60397196,0.658303,0.6482179,0.6448269,0.4955999553203583,0.711684289932251,0.6653500199317932,0.711684289932251,0.197,197.0,0.5016343184591283,0.5522866610151994,0.5290806396482564,0.40038255182858123,0.41242370306466175,0.3813675758672868,0.3974853548646366,0.40045483342562765,0.37970326846775887,0.01829831937872383,0.009685560783527891,0.015533968028323974,0.018622591045039556,0.016880189812336237,0.014851581124316593,0.018030882960157552,0.014918831865031046,0.0139727038456193,0.6065,0.595,0.77984494,0.6513158,0.77073175,0.6283465,0.61732286,0.6564394,0.5045000314712524,0.6640576820373535,0.6841999888420105,0.6640576820373535,0.181,181.0,0.46774672662056405,0.5094352863294541,0.5216085821630494,0.3570587238615517,0.3806116921901193,0.40081985877800935,0.35622442539569055,0.35543908571165306,0.36100408280964563,0.03982319208866752,0.03571778677109134,0.03892348953394024,0.0427117441150302,0.04282894508572881,0.037052481769809284,0.03437110986785594,0.029004932962322014,0.027105787210809622,0.7016129,0.69954956,0.83978105,0.70000005,0.5601626,0.65482455,0.6548781,0.64744526,0.5000499933958054,0.6878709859848022,0.6747750043869019,0.6878709859848022,0.189,189.0,0.4846905225398462,0.5308609736723268,0.5253446109056529,0.3787206378450665,0.39651769762739053,0.3910937173226481,0.3768548901301636,0.37794695956864033,0.37035367563870225,0.029060755733695674,0.022701673777309615,0.027228728781132104,0.030667167580034876,0.029854567449032525,0.02595203144706294,0.026200996414006743,0.02196188241367653,0.020539245528214463,0.65405643,0.6472748,0.809813,0.6756579,0.6654472,0.6415855,0.6361005,0.6519424,2026-10-06T07:40:00.064264
20,0.6833578944206238,0.5039746165275574,0.6687046547412873,0.6846352219581604,0.6687046547412873,0.8007422047615051,0.8817770274162292,1.9805157585144042,0.14785875407457352,1.8640910850524903,2.0,1.0,10.0,,,,,0.5695810556411743,0.5695810556411743,,,,17.932185696411132,0.6508148349584288,0.1553071783558958,,0.18726006750563148,0.9021008081117253,0.18632412279487415,0.001981885522414165,0.06286292817372426,1.2342815148602626,,0.004867919992468658,,76.5804043423598,19.208593732991794,,104.76544393551578,76.53801183032382,25.617577012177485,94.45827299470355,39.992607383971,17.932168523217463,,0.6931471824645996,,0.05299286772111419,0.14103785119238932,,0.09683109070085416,0.05236819455293334,0.14767772728090833,0.00334659318742194,0.3264781804221451,0.12351705081713428,,,,0.2454,4908.0,0.69085807,0.69701976,0.81287634,0.7174763,0.6089175,0.65646464,0.65139735,0.6410998,0.4927999973297119,0.7184914779663086,0.6698998808860779,0.7184914779663086,0.167,167.0,0.43423925129365026,0.4551116680311768,0.4460457091349726,0.3528616455760666,0.3808654479062735,0.35928192855081575,0.3109697434213102,0.3148539899793345,0.3042066946304474,-0.006635333883066278,-0.00018882741729380387,-0.005379827347808152,-0.002200667100031147,0.015200898769597184,-0.0065527258804675085,0.01275693980912373,0.017525420080033827,0.01953127810517806,0.59,0.6077272,0.80503875,0.6588816,0.76544714,0.62559056,0.65039366,0.63522726,0.504800021648407,0.6855290598869324,0.6840999126434326,0.6855290598869324,0.162,162.0,0.45292889822117394,0.4903678326238909,0.4818299926279937,0.3856363790709174,0.40135961948081933,0.39598669758167404,0.3005327782269178,0.28800315431499485,0.2868196329830562,0.025270463748227556,0.025423072402140947,0.019706604294968403,0.029768052615827455,0.05298156337016811,0.01976329235372235,0.02534397581494402,0.021774943439938653,0.01587788985418612,0.7116935,0.70810807,0.83722633,0.7103054,0.5609756,0.6412281,0.6613821,0.6281022,0.49880000948905945,0.7020102689266206,0.6769998967647552,0.7020102689266206,0.1645,164.5,0.44358407475741213,0.47273975032753385,0.46393785088148315,0.369249012323492,0.3911125336935464,0.3776343130662449,0.30575126082411397,0.3014285721471647,0.2955131638067518,0.009317564932580638,0.012617122492423572,0.007163388473580125,0.013783692757898154,0.03409123106988265,0.00660528323662742,0.019050457812033874,0.01965018175998624,0.01770458397968209,0.6508467,0.6579176,0.82113254,0.6845935,0.66321135,0.6334093,0.65588784,0.63166475,2026-10-06T07:44:11.085113
21,0.6832077503204346,0.4989076256752014,0.6690876698493957,0.6842073798179626,0.6690876698493957,0.7937392436981201,0.8739959586143493,1.9211153341293334,0.13039755389094354,1.9137082628250122,2.0,1.0,10.0,,,,,0.6040093399047851,0.6040093399047851,,,,17.911667767333984,0.6366017781625128,0.16598335976243778,,0.18665631167638075,0.857743474898065,0.2037233271558953,0.001939694893214211,0.061588484627805695,1.5118214772765044,,0.0053075869446457214,,76.54257027206907,19.19486245076368,,104.77879824304277,76.50178420923318,25.593573381946346,94.45795873168167,40.063954371555596,17.911653433635735,,0.6931471824645996,,0.05371301789667196,0.14433709128647093,,0.09962568911397533,0.053809189777465384,0.15195896443288037,0.0034874603982753814,0.3363230923178849,0.1276405436597812,,,,0.2593,5186.0,0.69931835,0.6968184,0.81430274,0.70908374,0.6022002,0.65953535,0.64959496,0.64215887,0.49455001950263977,0.735412522315979,0.6699000000953674,0.735412522315979,0.244,244.0,0.41095749966103723,0.48800114480834017,0.4504494766086167,0.3030726915823581,0.3229551483197174,0.29897425733416405,0.3523524921646246,0.35651585522438195,0.36869227414537664,0.013049399489222565,0.019297521724085324,0.01434639187657987,0.020011382004703142,0.03658963187655997,0.01767202998596097,0.013424863665113567,0.0070544490136746655,0.006419874144947322,0.609,0.6,0.7864342,0.66513157,0.7804878,0.6165355,0.61417323,0.66780305,0.4945000112056732,0.6921605563163757,0.6927499771118164,0.6921605563163757,0.242,242.0,0.41645234070303216,0.4842106761590649,0.46930777522280487,0.3093654238619198,0.33341354213059954,0.3222737509989558,0.32422954266999404,0.327551914423197,0.3438788467004289,0.019645864025445114,0.019137845536623364,0.017833861210591356,0.020423540077764885,0.030226310770055,0.016992344813151664,0.01500580309262639,0.013606844289182414,0.006907461729675963,0.71935487,0.73288286,0.8613139,0.70534354,0.57723576,0.6535088,0.6585366,0.62262774,0.4945250153541565,0.7137865393161773,0.6813249886035919,0.7137865393161773,0.243,243.0,0.4137049201820347,0.48610591048370255,0.45987862591571077,0.306219057722139,0.3281843452251585,0.3106240041665599,0.3382910174173093,0.3420338848237895,0.35628556042290277,0.01634763175733384,0.019217683630354344,0.016090126543585614,0.020217461041234015,0.03340797132330749,0.017332187399556317,0.014215333378869979,0.01033064665142854,0.006663667937311643,0.6641774,0.66644144,0.823874,0.6852375,0.67886174,0.63502216,0.6363549,0.6452154,2026-10-06T07:48:26.826744
22,0.6919677257537842,0.49769505858421326,0.6547411265850067,0.6926520466804504,0.6547411265850067,0.7867789188385009,0.8662622675895691,1.8437201517105102,0.13462828690409662,1.8656775951385498,2.0,1.0,10.0,,,,,0.6040941740036011,0.6040941740036011,,,,17.892281170654297,0.7608175029040901,0.17290355369543572,,0.19491968351374767,0.891566415691072,0.18085697165150552,0.0020739425865007907,0.06442827390874648,1.1510951357662298,,0.005867749469830791,,76.50726541895776,19.178895755937905,,104.7931948133335,76.4656758399526,25.57191360376443,94.45833602224945,40.153357633359875,17.892265113296023,,0.6931471824645996,,0.05481085541901315,0.1471290163173797,,0.10243191171413774,0.055227500855163404,0.15656942309467656,0.003668420034561567,0.3470467972527644,0.13221065757001282,,,,0.28185,5637.0,0.6978348,0.70720905,0.822286,0.72744864,0.61137074,0.66127276,0.6645201,0.64845216,0.4983000159263611,0.7116757674217224,0.6718499064445496,0.7116757674217224,0.325,325.0,0.3719762714538276,0.41233014465341716,0.39466019971040756,0.2957059516573608,0.2952592803996664,0.2770906071799279,0.27928977342836236,0.2820660120170657,0.26314525172511366,0.015755345270081905,0.005889129952986853,0.010043559931835621,0.016483530293046184,0.01752253132302676,0.007676489099466698,0.00919437984630321,0.003899521777860785,-0.0016074905533999405,0.625,0.6045455,0.7841085,0.6638158,0.795935,0.6322835,0.5728347,0.6806818,0.5034000277519226,0.65418679189682,0.6937000155448914,0.65418679189682,0.281,281.0,0.39578973265859924,0.45011420226350435,0.4550408443983319,0.28986396911604895,0.2822066836758733,0.3204413184633888,0.3147721289811011,0.32003652309950464,0.3402156305424817,0.03953727337824193,0.034724945066572956,0.03610686607567346,0.03895817537000812,0.030965543185258845,0.031060943535390344,0.031150260874476785,0.028115049580465453,0.019556087383180112,0.7197581,0.736937,0.8441606,0.72022897,0.5719512,0.6399123,0.6585366,0.6448905,0.5008500218391418,0.6829312796592713,0.6827749609947205,0.6829312796592713,0.30300000000000005,303.0,0.3838830020562134,0.43122217345846076,0.42485052205436974,0.2927849603867049,0.28873298203776987,0.29876596282165835,0.2970309512047317,0.30105126755828515,0.30168044113379766,0.027646309324161917,0.020307037509779906,0.023075213003754542,0.02772085283152715,0.0242440372541428,0.019368716317428522,0.020172320360389996,0.016007285679163118,0.008974298414890086,0.672379,0.6707412,0.8141346,0.6920224,0.6839431,0.6360979,0.61568564,0.6627861,2026-10-06T07:52:42.859312
23,0.6990151405334473,0.5020874738693237,0.6419858977794647,0.6993427276611328,0.6419858977794647,0.7898810640335083,0.8697090880393982,1.878092720222473,0.12275673671960831,1.8926149372100831,2.0,1.0,10.0,,,,,0.5959275651931762,0.5959275651931762,,,,17.87399212036133,0.7719052422103608,0.18468389629273657,,0.18939419082443046,0.8817654119175711,0.18049445819513055,0.0020030222130215662,0.06365188985920636,1.1970357273224812,,0.0059057996429615674,,76.4740758033315,19.160519168635084,,104.80446600458424,76.42975251993556,25.549824344124765,94.45683623878818,40.23635752489612,17.87397870592251,,0.6931471824645996,,0.056294930114108285,0.15055942212700085,,0.10481185513507028,0.056661899112592076,0.1608634851161082,0.003776041701863146,0.35709750956031167,0.13653730567853162,,,,0.2878,5756.0,0.7086207,0.721768,0.8184826,0.7455569,0.6110008,0.66628283,0.6751924,0.64710796,0.5059999823570251,0.7048093328475952,0.6759001016616821,0.7048093328475952,0.27,270.0,0.4429233452254329,0.4409698645013262,0.44694461658016743,0.3616912610454649,0.3428294690563158,0.35346409471202694,0.3988112327022659,0.39641640269474177,0.38154627475041714,0.02453086728243761,0.01920217299743374,0.017330056218167578,0.0243597412956132,0.021899635119267936,0.014650418213910126,0.03676891165674387,0.04022520971186555,0.03602307877619665,0.6075,0.59136367,0.79651165,0.6845395,0.82601625,0.6311024,0.5822835,0.6636363,0.49219998717308044,0.6273197202682496,0.7098498940467834,0.6273197202682496,0.226,226.0,0.4562879094320587,0.47415909482893726,0.47860698668757257,0.35236394319751246,0.33102764926487965,0.37149111207691754,0.3580992723822784,0.3509479861402559,0.351926032493948,0.0220410907157675,0.01735980221901241,0.01631932149897078,0.037410953306979036,0.042726373133865445,0.029263513637353022,0.02099581734154169,0.01824449797002284,0.015008924706927943,0.7274194,0.75360364,0.8737227,0.77061075,0.57520324,0.65745616,0.6666667,0.63978106,0.4990999847650528,0.6660645265579224,0.6928749978542328,0.6660645265579224,0.248,248.0,0.4496056273287458,0.4575644796651317,0.46277580163387,0.35702760212148865,0.3369285591605977,0.3624776033944722,0.3784552525422722,0.37368219441749884,0.3667361536221826,0.023285978999102556,0.018280987608223075,0.01682468885856918,0.03088534730129612,0.032313004126566694,0.021956965925631573,0.02888236449914278,0.029234853840944194,0.025516001741562294,0.6674597,0.6724837,0.83511716,0.7275751,0.70060974,0.64427924,0.6244751,0.6517087,2026-10-06T07:56:58.361142
24,0.7051773071289062,0.49912744760513306,0.6287384881019592,0.705507755279541,0.6287384881019592,0.7880743545532226,0.8677016369819641,1.8749023210525513,0.10507529907822609,1.9289300037384034,2.0,1.0,10.0,,,,,0.6144141107559205,0.6144141107559205,,,,17.852511938476564,0.8640005565752649,0.16582029953504066,,0.2014970145882315,0.8631885480728878,0.18530512658084275,0.0020870633147490824,0.06375949955575026,1.2176623748745887,,0.005301022093155819,,76.44200591069118,19.142534669037836,,104.8168529340416,76.3938913041619,25.527940580040028,94.45337604109649,40.31728562276075,17.852498789501798,,0.6931471824645996,,0.058284122995130576,0.15350432703449468,,0.10737127227008722,0.058231569043580136,0.1652760238024839,0.003952278963224903,0.36667404717700497,0.14015888617296887,,,,0.294,5880.0,0.72089016,0.73127264,0.82123613,0.76072276,0.6175428,0.6649091,0.6759417,0.6505703,0.5000000596046448,0.6824112935066223,0.6844499707221985,0.6824112935066223,0.273,273.0,0.3586257168567215,0.3817895146531568,0.3778794805187828,0.30996473101904315,0.30841919834949877,0.3089514218925816,0.27834468247582045,0.2771554427286053,0.27446448443468535,0.018108083387097348,0.010867338891053971,0.01748276458741294,0.03648199203665386,0.03209426669647067,0.03614322474443057,0.015659623580257156,0.007965354013149054,0.008083217099672224,0.64,0.6090909,0.8023256,0.68684214,0.82967484,0.62795275,0.57716537,0.68522733,0.508400022983551,0.6231882877349854,0.7125000953674316,0.6231882877349854,0.25,250.0,0.4093424737997593,0.45537085353142553,0.44633259383157226,0.3029608605858614,0.2963994655137916,0.3052184413923021,0.31676942990369805,0.3174350030887712,0.3190601057125905,0.02371556689202529,0.026458383616595096,0.023317839605438585,0.02351867429843772,0.04041816718280216,0.023261215642926443,0.01849061311347084,0.015840845468665953,0.015655430132779247,0.7354839,0.7572072,0.8671533,0.77328247,0.5646342,0.6622807,0.6821138,0.6445256,0.5042000412940979,0.6527997906208038,0.6984750330448151,0.6527997906208038,0.2615,261.5,0.3839840953282404,0.41858018409229114,0.4121060371751775,0.3064627958024523,0.3024093319316452,0.3070849316424419,0.29755705618975925,0.29729522290868826,0.29676229507363794,0.02091182513956132,0.018662861253824534,0.020400302096425762,0.030000333167545787,0.03625621693963642,0.029702220193678505,0.017075118346863996,0.011903099740907502,0.011869323616225735,0.68774194,0.6831491,0.83473945,0.7300623,0.6971545,0.6451167,0.6296396,0.66487646,2026-10-06T08:01:15.008509
25,0.7107072472572327,0.5003673434257507,0.6167190727710724,0.7105395197868347,0.6167190727710724,0.7921976080894471,0.8722830307960511,1.899714855194092,0.11448113567233086,1.8981009330749512,2.0,1.0,10.0,,,,,0.6038273993492127,0.6038273993492127,,,,17.8305608795166,0.8170386256685682,0.1479560667352312,,0.18023451541069965,0.8467621995005638,0.18770561547605855,0.0019032859738773791,0.0612242573599337,1.2001063588318552,,0.0056571068275930465,,76.40877868263584,19.119124770923783,,104.8234085763336,76.35768069127563,25.502780950752793,94.4517094314478,40.41836946329494,17.830531247861824,,0.6931471824645996,,0.05972874862183431,0.15524898393518605,,0.1091580094805189,0.05982713268441,0.16925081838468078,0.004077413662152875,0.3773294706253489,0.14390368009828458,,,,0.2896,5792.0,0.7257418,0.73487717,0.8215531,0.7715443,0.6133957,0.6762626,0.68758607,0.6526884,0.5049999952316284,0.6910469317436219,0.6746000647544861,0.6910469317436219,0.302,302.0,0.3228191430297374,0.38623182020269664,0.3605346641280732,0.25040032987031674,0.31055739802909477,0.2886997593510034,0.24292274819309112,0.24895891566096578,0.24261043960033926,0.02886021338179421,0.014512269315003287,0.02573063455471932,0.05777583016656748,0.0513157932045351,0.05020787619290853,0.03230626333717184,0.025192834908429104,0.023791110173625566,0.65050006,0.6031818,0.7996124,0.6819079,0.8349594,0.61811024,0.5220473,0.67348486,0.5063000321388245,0.6165897030830383,0.7120000720024109,0.6165897030830383,0.253,253.0,0.4396388893556786,0.4750971000803163,0.4741472170787253,0.3575179779470398,0.3147157908918478,0.3625887429929771,0.35021555947333133,0.3432538612888668,0.3404470947676938,0.01991707110954048,0.015140166319907243,0.01910074024735599,0.030016680156507256,0.032612332683663654,0.028718281045247724,0.01563925341326815,0.00917165019886505,0.010440764989220787,0.74314517,0.7504505,0.88065696,0.77022904,0.56626016,0.65877193,0.6691057,0.6419708,0.5056500136852264,0.6538183174133301,0.6933000683784485,0.6538183174133301,0.27749999999999997,277.5,0.381229016192708,0.4306644601415065,0.41734094060339927,0.3039591539086783,0.3126365944604713,0.32564425117199025,0.29656915383321125,0.2961063884749163,0.29152876718401655,0.024388642245667343,0.014826217817455266,0.022415687401037658,0.04389625516153737,0.04196406294409938,0.03946307861907813,0.023972758375219998,0.017182242553647076,0.017115937581423178,0.69682264,0.6768161,0.8401347,0.7260685,0.7006098,0.6384411,0.5955765,0.65772784,2026-10-06T08:05:30.983442
26,0.7133398652076721,0.5041972398757935,0.6098877524375915,0.7138049006462097,0.6098877524375915,0.7974859603881836,0.878158975315094,1.9829484914779663,0.09509835884571076,1.9292176712036133,2.0,1.0,10.0,,,,,0.6116227683067321,0.6116227683067321,,,,17.802711212158204,0.9369684417915952,0.15773600497680484,,0.1784769328678869,0.8475280413582067,0.20736971810744825,0.001943648905511115,0.062062189338883016,1.455882069506463,,0.00537142685761343,,76.37521668452366,19.098038971044456,,104.82869122742088,76.3220363544051,25.477884511279452,94.45058776466709,40.51774004310559,17.802686472607267,,0.6931471824645996,,0.0610897301630989,0.15755736657009003,,0.11094631667539573,0.06138633314970952,0.17322035399591848,0.004153189548902261,0.38770490656992435,0.14565533617879176,,,,0.2927,5854.0,0.7216921,0.7397302,0.82743657,0.77744865,0.61917835,0.66775763,0.69398546,0.662444,0.494299978017807,0.6754272031784058,0.684749960899353,0.6754272031784058,0.268,268.0,0.3362807214049466,0.3657619628925312,0.36916003922663204,0.23855736560606092,0.25753724187592314,0.26652405790890554,0.24770092506770625,0.24797910131537146,0.2542016720190702,-0.002868514780786803,0.002179186899557374,-0.0006809991415755918,-0.007362736192188265,0.02116165209509829,-0.00410304872719063,-0.006924742169271003,-0.0034866897374771486,4.433852687443553e-05,0.6445,0.63272727,0.81899226,0.69342107,0.83821136,0.626378,0.52283466,0.68636364,0.5026500821113586,0.6019784531593323,0.7178000211715698,0.6019784531593323,0.228,228.0,0.4354159251245116,0.4736772864611007,0.4731178085389894,0.32156135520270335,0.2978500824627775,0.3452660742567421,0.3526229381414579,0.35637448074267797,0.35246665589019915,0.02840540188610012,0.023270870366202758,0.025864980217897914,0.038148519282106524,0.034906480179296005,0.03320450560261255,0.02522265974909328,0.01857369476021589,0.014135153268933453,0.75403225,0.7594595,0.88065696,0.7652672,0.5723577,0.6684211,0.68577236,0.64343065,0.4984750300645828,0.638702828168869,0.7012749910354614,0.638702828168869,0.248,248.0,0.38584832326472907,0.41971962467681595,0.4211389238828107,0.2800593604043821,0.2776936621693503,0.3058950660828238,0.30016193160458204,0.3021767910290247,0.30333416395463464,0.012768443552656659,0.012725028632880065,0.01259199053816116,0.015392891544959129,0.028034066137197146,0.01455072843771096,0.009148958789911139,0.00754350251136937,0.0070897458979039445,0.69926614,0.6960934,0.8498246,0.7293441,0.70528454,0.64739954,0.6043035,0.66489714,2026-10-06T08:09:46.618432
27,0.7149224877357483,0.4988345801830292,0.6034737625598907,0.7165350317955017,0.6034737625598907,0.8044136771202087,0.8858564405441284,2.0106276233673097,0.10691118631958961,2.0422019443511963,2.0,1.0,10.0,,,,,0.6257524166107178,0.6257524166107178,,,,17.774337466430666,0.8985942634427624,0.1714792235333259,,0.17445941985982238,0.8301455598727913,0.20646074604076944,0.0018610202719955735,0.05851648555724484,1.5957105757704206,,0.0053388425193513465,,76.34066179603528,19.077417798862335,,104.83438022880797,76.28618791908215,25.452948807151454,94.45006590436219,40.62308694147001,17.774333127744637,,0.6931471824645996,,0.06230401214520643,0.15980278515512017,,0.11268145647967696,0.06295867228678836,0.17753081564690656,0.004233342206853021,0.3982083279236107,0.14751002145041325,,,,0.2728,5456.0,0.7314555,0.7434354,0.8358558,0.77887046,0.622391,0.6688485,0.6957068,0.6547047,0.4997499883174896,0.6664986071586609,0.6883499026298523,0.6664986071586609,0.253,253.0,0.3296390910481524,0.35299222880587516,0.35031404954147866,0.2737627468792883,0.2807394070267991,0.28359167540219327,0.22216688532435905,0.21862338933817405,0.21171728286467162,0.012513129365214358,0.005762197632233438,0.00912840750804199,0.027428831718772584,0.032175211416073796,0.030767214486354246,0.009854192191547994,0.005715426801790284,0.0062509581921179605,0.64849997,0.635,0.7992248,0.70131576,0.84918696,0.6429134,0.5291339,0.6867424,0.4948999881744385,0.6080342249870301,0.717750072479248,0.6080342249870301,0.214,214.0,0.3906194902982026,0.4275701432698391,0.43510146968038615,0.30501106744528594,0.27527440261768693,0.325145669038903,0.290262570129171,0.2885659706661372,0.29596603986991693,0.037676555986000296,0.033923345398312876,0.039750890542902685,0.04410624616651635,0.0487392732726788,0.051861378871478465,0.03715573525784937,0.03259522469504766,0.033949279349737564,0.7536291,0.76666665,0.8791971,0.7812977,0.5601626,0.65877193,0.68292683,0.6452555,0.49732498824596405,0.6372664160728455,0.7030499875545502,0.6372664160728455,0.23349999999999999,233.5,0.3601292906731775,0.3902811860378571,0.3927077596109324,0.2893869071622871,0.278006904822243,0.30436867222054814,0.256214727726765,0.2535946800021556,0.25384166136729425,0.025094842675607326,0.019842771515273156,0.024439649025472337,0.035767538942644464,0.040457242344376296,0.041314296678916354,0.02350496372469868,0.01915532574841897,0.020100118770927763,0.7010645,0.7008333,0.839211,0.7413067,0.7046748,0.65084267,0.60603034,0.66599894,2026-10-06T08:14:02.768704
28,0.7197326421737671,0.5011274218559265,0.5935026817798614,0.7201551198959351,0.5935026817798614,0.808444418334961,0.8903350399971008,2.045158428001404,0.10768121058940887,2.02227386302948,2.0,1.0,10.0,,,,,0.6348518221855164,0.6348518221855164,,,,17.75417654724121,0.9513549119423909,0.17869542902157565,,0.17269785844596328,0.8287749842853304,0.18499501721019956,0.0017345231530630286,0.05576927684674597,1.2690937755404004,,0.004911963921522271,,76.30611468272603,19.054156187992945,,104.83904966123545,76.2503158180577,25.42855607779922,94.44930155565784,40.691080737265814,17.75416164033732,,0.6931471824645996,,0.06347335376747094,0.16155947317742997,,0.114150132960195,0.06455213448424248,0.18111871230374477,0.004369370992277648,0.4059807834731545,0.15108790538113587,,,,0.26955,5391.0,0.7332799,0.7451067,0.82892233,0.7884084,0.62755066,0.67191917,0.70068854,0.66444,0.504800021648407,0.6668192682266235,0.6907500624656677,0.6668192682266235,0.238,238.0,0.3690620446332256,0.4132818254055736,0.3918927236530656,0.2841147058164822,0.3048059899672585,0.29180876275860657,0.22858628367093425,0.2329299695465926,0.22978866323854655,0.0023307522016742083,0.012546172543436979,0.010899101687936579,0.0014481376533480312,0.012233870001261813,0.009702723166352284,-0.002266543534114261,-0.001385085764110816,0.00341660750282014,0.6575,0.63272727,0.8282946,0.6967105,0.8495935,0.63858265,0.5240158,0.68560606,0.4950000047683716,0.6014103889465332,0.72350013256073,0.6014103889465332,0.207,207.0,0.40082868927302706,0.43218893249714657,0.4469549248165612,0.30480251664096586,0.29885683070540736,0.3411785810761194,0.29889733538081914,0.3005151017352583,0.3025281440284493,0.04070838942632001,0.037478631619619764,0.037018381997789264,0.04985031495037238,0.05654718682718805,0.04605186850128581,0.037186124931192874,0.03739558738660865,0.03093095047063263,0.7580645,0.7635135,0.88175184,0.78625953,0.5682927,0.68333334,0.6869919,0.6470803,0.4999000132083893,0.6341148285865783,0.7071250975131989,0.6341148285865783,0.22249999999999998,222.5,0.3849453669531263,0.4227353789513601,0.4194238242348134,0.294458611228724,0.30183141033633293,0.316493671917363,0.26374180952587667,0.26672253564092546,0.2661584036334979,0.02151957081399711,0.02501240208152837,0.02395874184286292,0.025649226301860204,0.034390528414224936,0.027877295833819045,0.017459790698539306,0.018005250811248916,0.017173778986726385,0.70778227,0.69812036,0.8550232,0.741485,0.7089431,0.660958,0.6055038,0.6663432,2026-10-06T08:18:18.450325
29,0.7206721901893616,0.5004677176475525,0.5924127050876618,0.7207752466201782,0.5924127050876618,0.8099967986106873,0.8920599059104919,2.032594513130188,0.10673082994222641,2.0034238342285158,2.0,1.0,10.0,,,,,0.6400371158599854,0.6400371158599854,,,,17.732426989746095,0.8508155079214437,0.16998595030159708,,0.17546400209521032,0.8234425652178989,0.1971118231867529,0.0017828098068215475,0.057156972480332774,1.3908214373573375,,0.005045663306243409,,76.27138499849161,19.03034851657357,,104.84227174406598,76.21444430017168,25.40183908013022,94.44917122421751,40.77551726323024,17.73241344379012,,0.6931471824645996,,0.06465118435347915,0.16287718390583233,,0.11550516644670705,0.06610980397386915,0.18500655187163384,0.0044656847989198506,0.4147533597839866,0.1543444782305675,,,,0.26285,5257.0,0.73476344,0.7458921,0.82795167,0.79056084,0.6210086,0.68244445,0.70198464,0.6608961,0.4978499710559845,0.9320734748840332,0.640549898147583,0.9320734748840332,0.241,241.0,0.3536502562795286,0.4041819320105199,0.3882924001518879,0.2336349132891459,0.23863840583649748,0.23366400872338858,0.26178874636841437,0.27127975507386876,0.2773814714437735,0.018200748431079654,0.023726624627090975,0.0258346728239411,0.029853037818929406,0.05232234338062196,0.048601668546892435,0.00912285522985301,0.0036598785983697948,0.009041193660336191,0.6275,0.6077272,0.6263566,0.68815786,0.8345529,0.6019685,0.4807087,0.64696974,0.4973500370979309,1.0009349384307862,0.6470001339912415,1.0009349384307862,0.208,208.0,0.42636655222759967,0.468894985733119,0.46997704342011326,0.2993798897749979,0.3038402064169688,0.31896898852864775,0.27744180711139416,0.2749002568927698,0.2881337731841765,0.027477331764271008,0.025357098889158977,0.026398407214743316,0.03507117453805113,0.05320506157380868,0.040498715513097784,0.007010617071824836,0.003762636075053228,0.001200189622034518,0.62741935,0.6283784,0.7007299,0.7683206,0.58089435,0.6096491,0.67357725,0.57664233,0.4976000040769577,0.9665042066574097,0.6437750160694122,0.9665042066574097,0.22449999999999998,224.5,0.39000840425356414,0.4365384588718194,0.42913472178600054,0.2665074015320719,0.27123930612673314,0.27631649862601815,0.26961527673990426,0.2730900059833193,0.282757622313975,0.02283904009767533,0.024541861758124978,0.02611654001934221,0.03246210617849027,0.05276370247721532,0.044550192029995106,0.008066736150838923,0.0037112573367115115,0.005120691641185355,0.62745965,0.61805284,0.6635432,0.72823924,0.7077236,0.60580885,0.57714295,0.61180604,2026-10-06T08:22:34.863371
30,0.7228400111198425,0.5014148354530334,0.5870415942192078,0.7234828472137451,0.5870415942192078,0.8132715948104858,0.8956985628128051,2.087558829498291,0.10409168389439583,2.069314574050903,2.0,1.0,10.0,,,,,0.6511952604293824,0.6511952604293824,,,,17.710502517700196,0.9454032439904608,0.1760566515527713,,0.1833079284068885,0.759364975485832,0.1973124371165303,0.0018324447190685637,0.057596721063563776,1.522974647723945,,0.0050795202866080955,,76.23581224186405,19.007804894902904,,104.84724435988505,76.1786754146503,25.37560697421906,94.44849220810423,40.860168214056905,17.71048879927131,,0.6931471824645996,,0.06557164531035028,0.16467964753603478,,0.11714203584535866,0.06763760944840255,0.18830969303276887,0.004585544466023233,0.42340363742439613,0.15729498132398934,,,,0.26205,5241.0,0.7427426,0.7483286,0.8326862,0.7888428,0.6268107,0.684202,0.7006278,0.6628106,0.500249981880188,0.6721869411468506,0.6846499443054199,0.6721869411468506,0.241,241.0,0.35195347920391706,0.37989404237429514,0.37963184594799815,0.27023566432174895,0.25626751755979904,0.26568317390456686,0.21431309860103331,0.20752037702357257,0.21262576192235044,-0.014709393127980485,-0.016008533020595708,-0.013424800296050044,0.016858967807026483,0.02300977977136194,0.02048986264901148,-0.015236361340627523,-0.019313889390084372,-0.013938072318220524,0.6425,0.6159091,0.8267442,0.70098686,0.82967484,0.64055115,0.5204724,0.6814394,0.5022000074386597,0.611101469039917,0.7138000726699829,0.611101469039917,0.195,195.0,0.3819836893217657,0.39567001138706076,0.41121305522819596,0.2941408102513393,0.27147501633181537,0.3044194860417893,0.23780095915712318,0.23377168781130453,0.2313365143222498,0.026265978803781155,0.025930644858009468,0.026705851574980437,0.029519409385712035,0.03632263442228219,0.03483016578343962,0.019132386067270187,0.017819558315668574,0.014611177797295124,0.75645167,0.77387387,0.8791971,0.76603055,0.56422764,0.6570175,0.67357725,0.6288321,0.5012249946594238,0.6416442050933838,0.6992250084877014,0.6416442050933838,0.218,218.0,0.3669685842628414,0.387782026880678,0.39542245058809705,0.28218823728654413,0.2638712669458072,0.28505132997317806,0.22605702887907825,0.22064603241743855,0.22198113812230014,0.005778292837900335,0.00496105591870688,0.0066405256394651965,0.02318918859636926,0.029666207096822064,0.02766001421622555,0.001948012363321332,-0.000747165537207899,0.00033655273953729983,0.6994758,0.69489145,0.85297066,0.7335087,0.69695127,0.64878434,0.5970248,0.65513575,2026-10-06T08:26:45.039712
31,0.7225850224494934,0.4992474615573883,0.587133641910553,0.7226651906967163,0.587133641910553,0.810582239151001,0.8927103951454163,2.0730073572158814,0.09450378687381744,2.039663480377197,2.0,1.0,10.0,,,,,0.6443283232688903,0.6443283232688903,,,,17.687114849853515,0.9248049114919772,0.18454704692314386,,0.18795355563615537,0.7825614343023604,0.19762638628862467,0.0017724039609941422,0.05690843660597968,1.5521199858871995,,0.004815703323170258,,76.19975659801702,18.984160149932666,,104.85251194656274,76.1432377517603,25.350858348190403,94.44912058836336,40.960283753218924,17.687095751428302,,0.6931471824645996,,0.06635369232315926,0.166370859096764,,0.11871542568039742,0.06914463093516174,0.19155869694652072,0.004710174133040154,0.4327508649628633,0.15987115604862287,,,,0.26175,5235.0,0.73775065,0.7590415,0.83466715,0.7867496,0.6247274,0.6747879,0.69837993,0.66444,0.4978500008583069,0.6607897548675538,0.688200056552887,0.6607897548675538,0.246,246.0,0.33605989506048073,0.34596368525727983,0.3649643244646044,0.2732333288999427,0.24358771806570775,0.28154351356437585,0.1863928827680031,0.1784048696417805,0.17534226432326067,-0.01288346104277852,-0.018454363636872084,-0.015812651584632655,0.00869802389000404,0.019677203942298667,0.01908206672571175,-0.006080114971749042,-0.0067278015519203664,-0.005474150876242496,0.6155,0.6313637,0.8248062,0.7095395,0.8430894,0.64448816,0.5271654,0.68522733,0.5041500329971313,0.597076623916626,0.7192000150680542,0.597076623916626,0.228,228.0,0.3684024045580712,0.3953074603357089,0.4219068579352698,0.27635619243787385,0.2412600769428116,0.2984815504354196,0.2612382365971865,0.2576435664575981,0.2725662810491297,0.04469702408591279,0.036663317057239166,0.041805327243975315,0.04779264786324544,0.03804753490336866,0.0432104322473843,0.0419318774608967,0.03616953002139042,0.03232673660708076,0.76814514,0.77567565,0.8748175,0.7629771,0.56504065,0.67368424,0.67154473,0.65072995,0.5010000169277191,0.6289331893920899,0.7037000358104706,0.6289331893920899,0.237,237.0,0.35223114980927595,0.3706355727964944,0.3934355911999371,0.2747947606689083,0.2424238975042597,0.29001253199989774,0.22381555968259478,0.2180242180496893,0.2239542726861952,0.01590678152156714,0.00910447671018354,0.01299633782967133,0.02824533587662474,0.028862369422833663,0.031146249486548025,0.01792588124457383,0.014720864234735028,0.013426292865419133,0.6918225,0.7035197,0.84981185,0.73625827,0.704065,0.6590862,0.5993551,0.66797864,2026-10-06T08:30:59.961136
32,0.7262753248214722,0.4978847801685333,0.5804714245319367,0.726215124130249,0.5804714245319367,0.8102548675537109,0.8923466502189636,2.0851516956329346,0.09453659663200378,2.023251747894287,2.0,1.0,10.0,,,,,0.6508929337501526,0.6508929337501526,,,,17.66195607910156,0.7911575261954289,0.1875263550051838,,0.18263747101756417,0.8005607805813953,0.1919640272760847,0.0017344703279423771,0.05480263074919297,1.5283888344931755,,0.005141254975482715,,76.16313866293355,18.961957870774967,,104.85666364924923,76.10762325213973,25.324323945744023,94.44840493171837,41.04297006206148,17.661936547346176,,0.6931471824645996,,0.06709401864724554,0.16825195795791165,,0.12010661408210256,0.0705151713577805,0.1948675152602469,0.004829779638060529,0.44092324812700795,0.16212907518930497,,,,0.2627,5254.0,0.7433841,0.75745064,0.8362124,0.7905016,0.6300818,0.67822224,0.7026934,0.67038697,0.5012999773025513,0.6671765689849853,0.6861000657081604,0.6671765689849853,0.26,260.0,0.31306113559301346,0.33920397530740287,0.3474592728467381,0.22932198336938808,0.2121066744753856,0.23656500221652765,0.22493778683253904,0.22523214497320934,0.2363506951910318,-0.00205278556954556,-0.0028871194258227235,0.0009524181656910127,0.015856864797924756,0.01731585758377586,0.017202629377044712,0.010907836871004216,0.0076309253779624315,0.008056746547994586,0.6265,0.61772734,0.7996124,0.72105265,0.86463416,0.63740164,0.51692915,0.68030304,0.5001000165939331,0.5862556459903717,0.724350094795227,0.5862556459903717,0.227,227.0,0.35050894716413084,0.3907273819230369,0.4003094487691616,0.2634781288425259,0.2488835888421451,0.28923352090713506,0.23740906997712954,0.236138686454868,0.2506660203977094,0.0336607061240746,0.026657894858778928,0.03364213894460404,0.04368837016098325,0.029284690490251924,0.04192409886535035,0.03176242001040164,0.027937702996831862,0.027259586121501173,0.7637097,0.77882886,0.8770073,0.7877863,0.56951225,0.68201756,0.6878049,0.6383212,0.5006999969482422,0.6267161074876786,0.7052250802516937,0.6267161074876786,0.2435,243.5,0.3317850413785721,0.3649656786152199,0.37388436080794984,0.246400056105957,0.23049513165876534,0.26289926156183135,0.2311734284048343,0.23068541571403867,0.2435083577943706,0.015803960277264523,0.011885387716478102,0.017297278555147528,0.029772617479454005,0.023300274037013895,0.02956336412119753,0.021335128440702927,0.017784314187397145,0.017658166334747878,0.69510484,0.69827807,0.8383099,0.75441945,0.7170732,0.6597096,0.60236704,0.6593121,2026-10-06T08:35:15.977646
33,0.7279452681541443,0.5012825131416321,0.5744221312999725,0.7279421091079712,0.5744221312999725,0.8150231978416443,0.8976447945594788,2.1203711711883546,0.10241967415213585,2.0311791707992555,2.0,1.0,10.0,,,,,0.6562322633743286,0.6562322633743286,,,,17.639152584838868,0.8191901640907214,0.18513067833082691,,0.1828881045625468,0.7717001219843603,0.18285583998936755,0.0016497467732751018,0.054004061955270494,1.3818670528329862,,0.005373135478618394,,76.12760541393499,18.94087903211071,,104.861614008618,76.07243560985395,25.29655581674758,94.44888378556367,41.12473387019649,17.63912872751807,,0.6931471824645996,,0.06794035951992508,0.16996274632253464,,0.12163793836619444,0.0718873814222919,0.19771741216729402,0.004977080125693873,0.44895521242907094,0.16481006211915594,,,,0.25805,5161.0,0.74450684,0.75606126,0.83930266,0.7959321,0.6319899,0.6794748,0.7065006,0.6688595,0.4969000518321991,0.6566742663383484,0.6881000399589539,0.6566742663383484,0.22,220.0,0.33299045521040116,0.3507269610529198,0.374656199545141,0.2757864318832579,0.27423769729992303,0.2951623636788129,0.23058727447176763,0.22758099738686594,0.2432166122307672,0.008067490830350724,-0.0019646796626472266,0.0027177812819438466,0.02702193457006973,0.023274865220794767,0.018382154752236434,0.00856176675753081,-0.0014978674437956083,0.0033683078995311753,0.6175,0.6159091,0.8217054,0.7213816,0.87479675,0.6468504,0.5086614,0.67121214,0.5012000203132629,0.5719797835350037,0.7325499653816223,0.5719797835350037,0.187,187.0,0.3669105697234946,0.39984197604222527,0.41746557629701003,0.2646252226926273,0.2561143291584062,0.299831592686137,0.25787425024399174,0.2599298405886615,0.2699860833076687,0.029119903010426076,0.025234526085587187,0.028182238036167498,0.03596555215399791,0.0436067217801113,0.03780428704077613,0.0255434591412701,0.02435907123150105,0.01874346687793424,0.767742,0.78738743,0.8843066,0.80038166,0.5800813,0.68421054,0.6878049,0.6569343,0.499050036072731,0.614327024936676,0.7103250026702881,0.614327024936676,0.20350000000000001,203.5,0.34995051246694786,0.3752844685475725,0.3960608879210755,0.2702058272879426,0.2651760132291646,0.29749697818247495,0.2442307623578797,0.2437554189877637,0.25660134776921795,0.0185936969203884,0.01163492321146998,0.015450009659055672,0.03149374336203382,0.03344079350045304,0.02809322089650628,0.017052612949400456,0.011430601893852721,0.011055887388732708,0.692621,0.70164824,0.853006,0.76088166,0.72743905,0.66553044,0.5982331,0.6640732,2026-10-06T08:39:31.408530
34,0.7274022698402405,0.4990827739238739,0.5774968647003174,0.7272677421569824,0.5774968647003174,0.8164859926223755,0.8992701232910156,2.133347063446045,0.10867510995864868,2.0562649948120115,2.0,1.0,10.0,,,,,0.6630593084335327,0.6630593084335327,,,,17.615745401000975,0.7266953244900248,0.17139200465219795,,0.17047319447348833,0.798794710332421,0.18915822579982175,0.0016947144547560411,0.05478107158070917,1.4180858387688922,,0.004738003399429226,,76.09219642201806,18.917022899457603,,104.86633529177138,76.03696840128322,25.268070597557504,94.44744941079692,41.21004192085023,17.615717529491256,,0.6931471824645996,,0.06876055094277024,0.17114872594547878,,0.12309777067535242,0.07318676111234981,0.20095810047380483,0.005060227893316632,0.4569047450259992,0.16738813773841615,,,,0.263,5260.0,0.7357057,0.77168745,0.83365685,0.7932267,0.6308217,0.67961615,0.70421225,0.66847247,0.4926000237464905,0.6676782245635986,0.6821500062942505,0.6676782245635986,0.202,202.0,0.32636940380508045,0.36682752245060335,0.37335093295545324,0.16752785896111455,0.23641758868951115,0.2283128987512352,0.16954148823574272,0.18051966888154872,0.1877838082759577,-0.008251595607735404,0.0037430327856195337,-0.0009615090653728489,0.014982764813771867,0.012484488983082504,0.011156816103342966,-0.0007892082686859306,-0.001821237701254101,0.005785759543508016,0.6115,0.5968182,0.78217053,0.73980266,0.8817074,0.6244095,0.511811,0.6761364,0.4880000352859497,0.5988304810523987,0.7239999175071716,0.5988304810523987,0.188,188.0,0.3515206095155453,0.4022032034209268,0.40224813429422046,0.22893559740347882,0.26639465286661734,0.2650251596376042,0.22511751327535393,0.23140412068389432,0.2477367540842829,0.019348571102145665,0.01580755787902002,0.019221404111791643,0.031126157008773706,0.029215974462479092,0.03201254193589723,0.013779163312414371,0.007474448477573557,0.00863904486206115,0.7504032,0.777027,0.86167884,0.7927481,0.5731707,0.68114036,0.702439,0.64416057,0.4903000295162201,0.6332543528079986,0.7030749619007111,0.6332543528079986,0.195,195.0,0.3389450066603129,0.38451536293576505,0.3877995336248369,0.19823172818229667,0.25140612077806423,0.2466690291944197,0.19732950075554834,0.20596189478272153,0.2177602811801203,0.005548487747205131,0.009775295332319777,0.009129947523209397,0.023054460911272785,0.020850231722780797,0.0215846790196201,0.00649497752186422,0.0028266053881597277,0.007212402202784583,0.6809516,0.6869226,0.8219247,0.7662754,0.72743905,0.65277493,0.60712504,0.6601485,2026-10-06T08:43:47.440712
35,0.7290226221084595,0.49730736017227173,0.5735538249015808,0.729165256023407,0.5735538249015808,0.8134487654685975,0.8958954244613647,2.1034425624847413,0.11566162307858467,2.0485118003845213,2.0,1.0,10.0,,,,,0.6584622548103333,0.6584622548103333,,,,17.59264587097168,0.7814659835047023,0.1919740736247248,,0.1881059319445282,0.8003229798784681,0.18568646419010346,0.0016867964803597114,0.05476273011392469,1.4521265527245346,,0.005015623627102987,,76.05619855747102,18.895311367739538,,104.86811391259455,76.00158492167284,25.241018003718867,94.44517677452913,41.299537294229886,17.592624870834836,,0.6931471824645996,,0.06949408062893873,0.17292382458972325,,0.12437127112962637,0.0744805526296804,0.20411777743108714,0.00517278902861438,0.4650491946821759,0.16995869747772338,,,,0.256,5120.0,0.7409182,0.76349175,0.8387877,0.79911137,0.62755066,0.68826264,0.71318346,0.66126275,0.5056000351905823,0.6458205304145813,0.6998499035835266,0.6458205304145813,0.207,207.0,0.32333242047531197,0.3125030139688277,0.34185146729869575,0.2743547435598707,0.2553993217920808,0.2894744704095372,0.21150998050350722,0.19312672549706858,0.214247952504221,0.0020693918042485045,0.001056146554751307,0.0015978188677159947,0.026648606742691757,0.03749730603375089,0.027245796735022674,0.012158917887250195,0.01701278015658584,0.018785492062876857,0.63350004,0.63045454,0.83062017,0.7450658,0.8784553,0.63464564,0.5338583,0.6840909,0.48704999685287476,0.5811430661678314,0.7306498885154724,0.5811430661678314,0.166,166.0,0.3483641647455313,0.37047772055709105,0.3852210158455576,0.2509061331978198,0.2646789109829971,0.27818526655313036,0.23362386068269653,0.22954219574355475,0.2353806158231952,0.031156138877154512,0.02700521049103098,0.0313933682032042,0.03562480267461643,0.03794076011382491,0.04370961717092788,0.026861744514422435,0.0226843843641075,0.02116697262483238,0.76491934,0.78108114,0.8839416,0.80419844,0.5727643,0.68114036,0.702439,0.64343065,0.4963250160217285,0.6134817982912064,0.7152498960494995,0.6134817982912064,0.1865,186.5,0.3358482926104216,0.34149036726295934,0.3635362415721267,0.26263043837884525,0.26003911638753896,0.2838298684813338,0.22256692059310187,0.21133446062031166,0.22481428416370808,0.016612765340701507,0.014030678522891145,0.0164955935354601,0.031136704708654095,0.037719033073787905,0.03547770695297528,0.019510331200836315,0.01984858226034667,0.01997623234385462,0.6992097,0.70576787,0.85728085,0.7746321,0.7256098,0.657893,0.6181487,0.6637608,2026-10-06T08:48:03.145003
36,0.7282397747039795,0.5042348504066467,0.5753642645835877,0.7284752726554871,0.5753642645835877,0.8184812479019165,0.9014870692253113,2.1657578992843627,0.10589148107767105,2.1015116600036623,2.0,1.0,10.0,,,,,0.6651028044700622,0.6651028044700622,,,,17.56574825439453,0.8307706461210919,0.18802695078360046,,0.1876555577300157,0.7797415660824746,0.19708990334135712,0.001731970812383873,0.05679480731487274,1.503058233458525,,0.004914462628012825,,76.02136468583612,18.872788483929483,,104.87496544904769,75.96645486430758,25.21300295204114,94.44717518994763,41.393048669122585,17.565719665235775,,0.6931471824645996,,0.07030756999352936,0.1745993947717035,,0.12593163103814337,0.07573738528095234,0.2072985043191606,0.0053189523565541404,0.47325404624270784,0.1717235773422156,,,,0.2524,5048.0,0.7384322,0.76407576,0.8409469,0.79723537,0.62918615,0.6806263,0.70589304,0.67061096,0.4995499849319458,0.6566136736869812,0.6961500644683838,0.6566136736869812,0.201,201.0,0.34619349109112757,0.3754436410909998,0.3848830619776881,0.23835407356206842,0.2796752944975412,0.2972319427564193,0.224515016872181,0.22846495603192313,0.2431929328774562,0.01038069291785546,0.015618896974255706,0.008159678780763978,0.038392466185740035,0.07197164658736417,0.03865990358010605,0.013160837492332144,0.013745749927317875,0.007570980943458674,0.623,0.63545454,0.8201551,0.7375,0.87642276,0.65039366,0.5192914,0.67954546,0.4924500584602356,0.5780026812553406,0.730949878692627,0.5780026812553406,0.185,185.0,0.35517444383190694,0.3754947676787517,0.3961563698875274,0.2611269818472847,0.23866843493203224,0.2870629071680602,0.2395111842844709,0.2352822366572582,0.24193321007047067,0.03089157708274471,0.029678854956101855,0.03163852958824954,0.03659522156057695,0.0326373486877575,0.03562431543668277,0.01999946141811414,0.01464832447943781,0.012357847297543703,0.766129,0.7747748,0.88467157,0.8064886,0.5756098,0.6881579,0.692683,0.6470803,0.4960000216960907,0.6173081774711608,0.7135499715805054,0.6173081774711608,0.193,193.0,0.35068396746151725,0.37546920438487574,0.39051971593260776,0.24974052770467658,0.2591718647147867,0.2921474249622398,0.23201310057832597,0.23187359634459065,0.24256307147396344,0.020636135000300086,0.02264887596517878,0.019899104184506758,0.03749384387315849,0.052304497637560836,0.03714210950839441,0.016580149455223143,0.014197037203377842,0.009964414120501188,0.6945645,0.70511466,0.8524133,0.7719943,0.7260163,0.66927576,0.6059872,0.6633129,2026-10-06T08:52:18.840973
37,0.7315174341201782,0.5024847388267517,0.5676755833625794,0.7317149639129639,0.5676755833625794,0.8189431168556214,0.9020002557754516,2.1550920007705687,0.10181635736823082,2.006764458274841,2.0,1.0,10.0,,,,,0.6642275085449219,0.6642275085449219,,,,17.535662951660157,0.6967426793780297,0.17128122733182208,,0.1657832232630177,0.7586497558150321,0.18372519935961742,0.0016138188661058333,0.05346399992941671,1.4446126196035154,,0.0050268098710113725,,75.98595399309875,18.849655285003077,,104.87673459387129,75.93110180508559,25.184167521774388,94.44710905233006,41.468338838808094,17.53564223514241,,0.6931471824645996,,0.07108022581050351,0.17602448383713984,,0.12707860559035258,0.07694640945477091,0.21048128823186182,0.005449891742912068,0.4803562898924396,0.17311875711960398,,,,0.25325,5065.0,0.747093,0.76739836,0.8436411,0.79601103,0.6342095,0.6862626,0.7064399,0.67185336,0.507599949836731,0.6503957915306091,0.6926999688148499,0.6503957915306091,0.206,206.0,0.32536679266194407,0.3327734557445232,0.3558163535839277,0.25021561043399704,0.2258309630910715,0.27258092460911965,0.21343228618009233,0.20753939809311045,0.22458097942138328,0.007062646041603718,0.012839383052597252,0.010783805287740181,0.035592996693391776,0.04320599325115212,0.041709487130365146,0.0057967358799214126,0.008672690982676264,0.013659877542142037,0.587,0.6136364,0.827907,0.7424342,0.87520325,0.6507874,0.51417327,0.6912879,0.4998999834060669,0.5697593603134156,0.727850079536438,0.5697593603134156,0.16,160.0,0.37398673288443585,0.39257184250336513,0.40768523692714825,0.29494396206153045,0.27445348475923764,0.307600951611393,0.24376697904946387,0.23807269401533188,0.24434777639310523,0.031755472039654065,0.03406994613582582,0.03234043488205127,0.040042737512479616,0.05501901838889206,0.04531428348433123,0.02659201366463197,0.024654799558415673,0.020993989066714274,0.7693549,0.78243244,0.8843066,0.79809165,0.57601625,0.67763156,0.6845529,0.63941604,0.5037499666213989,0.6100775759220123,0.7102750241756439,0.6100775759220123,0.183,183.0,0.34967676277318993,0.36267264912394415,0.381750795255538,0.27257978624776374,0.25014222392515456,0.2900909381102563,0.22859963261477811,0.22280604605422116,0.23446437790724425,0.019409059040628892,0.023454664594211534,0.021562120084895723,0.03781786710293569,0.04911250582002209,0.04351188530734819,0.01619437477227669,0.016663745270545968,0.017326933304428156,0.6781775,0.6980344,0.8561068,0.77026296,0.7256098,0.6642095,0.5993631,0.665352,2026-10-06T08:56:28.672790
38,0.7338845729827881,0.498565137386322,0.5629099067687988,0.7338504195213318,0.5629099067687988,0.8165950032234192,0.899391247844696,2.1429591781616213,0.1067744345009327,2.02855731754303,2.0,1.0,10.0,,,,,0.6634233704566955,0.6634233704566955,,,,17.50929143676758,0.7167559280327171,0.18474432721639136,,0.1748022273847252,0.7478640595818781,0.18007466771230576,0.0016553930187105516,0.054167630056002336,1.425157532190821,,0.0052876410520914345,,75.95023253617013,18.82611918601261,,104.87929943109015,75.89559951101899,25.15700020759728,94.4464952991267,41.5369966591999,17.509268706011923,,0.6931471824645996,,0.07181233979144673,0.17746286711115747,,0.12834381146036136,0.07807924541508317,0.21365257404792082,0.00552265816753742,0.4870069045929392,0.17522330278423942,,,,0.25215,5043.0,0.7507819,0.77406365,0.8542591,0.7920221,0.6313668,0.6817778,0.71474284,0.67109984,0.5030999779701233,0.6467667820453644,0.6983000040054321,0.6467667820453644,0.208,208.0,0.31462949311389476,0.3391739412981472,0.3540616472892504,0.24069511805632493,0.27632234129864075,0.26253581773175466,0.19832159174356237,0.2055582188171269,0.20770388963616768,-0.00046296774261198346,-0.014865987583876918,-0.0027073532548434935,0.018446473039637465,0.0027886909762686847,0.02428852086040646,0.00963097112824066,0.006092635713737799,0.01648524558572107,0.6315,0.6277273,0.82209307,0.7519737,0.893496,0.64133865,0.5204724,0.6689394,0.510949969291687,0.5770400094985962,0.7301499843597412,0.5770400094985962,0.184,184.0,0.36833627669523755,0.3869623890320551,0.4077046306845125,0.29801895070314793,0.2641783395276632,0.31828622703739695,0.2665347205929854,0.26321714165214666,0.27033557037560013,0.02560660965618388,0.02260813188144878,0.025982199257040876,0.03185707595308477,0.03231104394105352,0.03375296626346975,0.02165674472779585,0.018648743418311103,0.014735084606007283,0.767742,0.7797298,0.8843066,0.7942748,0.5800813,0.6864035,0.698374,0.640146,0.5070249736309052,0.6119033957719804,0.7142249941825867,0.6119033957719804,0.196,196.0,0.34148288490456613,0.36306816516510115,0.3808831389868814,0.26935703437973646,0.270250340413152,0.29041102238457583,0.2324281561682739,0.2343876802346368,0.2390197300058839,0.012571820956785948,0.0038710721487859303,0.011637423001098691,0.025151774496361117,0.017549867458661102,0.029020743561938102,0.015643857928018257,0.01237068956602445,0.015610165095864176,0.69962096,0.70372856,0.85319984,0.7731242,0.73678863,0.66387105,0.60942316,0.6545427,2026-10-06T09:00:44.064720
39,0.7311975955963135,0.501410186290741,0.5701287993907929,0.731392502784729,0.5701287993907929,0.8170014429092407,0.8998428422927857,2.1528575500488283,0.11010994839072227,2.0277774351119997,2.0,1.0,10.0,,,,,0.6789802612304687,0.6789802612304687,,,,17.479720401000975,0.6280660601748023,0.17454820114431108,,0.17205321655911246,0.7469283004475248,0.20008408245007703,0.001615488136136774,0.0542295297287452,1.747364563736946,,0.005317966092806488,,75.91406648477931,18.802459607458417,,104.87937601660467,75.86015951557523,25.13107709216464,94.44941691987833,41.609028858743656,17.479700039906106,,0.6931471824645996,,0.07250786895395085,0.1788717707630935,,0.1294668055833525,0.07913730549774352,0.21706107723864781,0.005653560811143582,0.4937069321134288,0.17642736415954152,,,,0.25215,5043.0,0.7466319,0.7678614,0.84187794,0.8001185,0.6392718,0.6843838,0.70330095,0.666558,0.5102499127388,0.6977921061515808,0.6680499911308289,0.6977921061515808,0.181,181.0,0.33504746374201044,0.3901569499067557,0.3912477041311944,0.19486319553545206,0.27303546067269696,0.24001519625072945,0.17076813313693892,0.17691092834454492,0.2046030474387704,-0.003982222952036591,-0.006411536829065786,-0.0006532128464624041,0.0035374932597688428,-0.001388620316758363,0.006976577474464636,-0.0016062946534685023,-0.005276336536980734,0.005474395788477146,0.614,0.5954546,0.72906977,0.7434211,0.88699186,0.6090551,0.5066929,0.6310606,0.5,0.628236596107483,0.7065500020980835,0.628236596107483,0.159,159.0,0.40429892662156347,0.4298389857700107,0.45506391475644903,0.2789034080561059,0.2756449140965671,0.31187796142176877,0.24784243264905154,0.248424404043319,0.26492458122000306,0.03304899428737836,0.02726631805572039,0.03372499283553083,0.04541064709256597,0.039844489507307075,0.049026206917776594,0.03440794475799501,0.032306602213816114,0.03232460676676255,0.73790324,0.7684685,0.79562044,0.7942748,0.5821138,0.647807,0.6882114,0.6321168,0.5051249563694,0.6630143511295319,0.6872999966144562,0.6630143511295319,0.16999999999999998,170.0,0.369673195181787,0.40999796783838316,0.4231558094438217,0.236883301795779,0.27434018738463206,0.2759465788362491,0.20930528289299521,0.21266766619393196,0.23476381432938673,0.014533385667670887,0.010427390613327302,0.01653588999453421,0.024474070176167404,0.019227934595274356,0.028001392196120616,0.016400825052263254,0.01351513283841769,0.018899501277619846,0.6759516,0.68196154,0.7623451,0.76884794,0.73455286,0.6284311,0.59745216,0.6315887,2026-10-06T09:04:59.843812
40,0.7321324944496155,0.5010775923728943,0.5669255476474762,0.7321722507476807,0.5669255476474762,0.821241674232483,0.9045542105674743,2.1855058040618895,0.10112636460065842,2.172213325881958,2.0,1.0,10.0,,,,,0.6940149786949158,0.6940149786949158,,,,17.452265771484374,0.6511797386749535,0.17377719973587685,,0.16702772487121023,0.7347507672325061,0.18738828400138077,0.0015466225360947288,0.05180980616314396,1.5786258754836526,,0.0048994275027215714,,75.87708034636869,18.78164802842839,,104.88303433557984,75.82430816456011,25.104598221505523,94.44973346685907,41.661619344334696,17.452250340941607,,0.6931471824645996,,0.07318515662744546,0.18042519071679206,,0.13074986181061737,0.08016616034849434,0.22009258380361424,0.005766625068251305,0.4994073250111501,0.17794644661769746,,,,0.2432,4864.0,0.75242585,0.77670157,0.84383917,0.7928713,0.633236,0.6813535,0.70486027,0.6713442,0.5023499727249146,0.6508813757896423,0.6953001022338867,0.6508813757896423,0.172,172.0,0.3621768003846481,0.38118431272419784,0.39835248371510457,0.23559302586066497,0.2850393815162616,0.271213133973546,0.19687768568196434,0.18809735066058272,0.2107321749458133,-0.0028640021599160253,0.0006923143293217661,-0.0015801924189262403,0.03041899844358717,0.03176055933536491,0.02316619219315638,-0.009324302133365235,-0.011781863427458924,-0.010335843125045792,0.63350004,0.6159091,0.83217055,0.74276316,0.88577235,0.6456693,0.4948819,0.68295455,0.49240002036094666,0.5754658718109131,0.7306999564170837,0.5754658718109131,0.169,169.0,0.38866303285263876,0.4031596457981536,0.42549583152681797,0.2670549105525077,0.256751914004818,0.2955368127467598,0.25255758611230783,0.24931934845147852,0.2573775627617249,0.025629995712596974,0.022782036081902626,0.025293718180893755,0.03906147349605592,0.04325639171773421,0.042671035434778834,0.019908088291561377,0.016672422512900412,0.014385768254572112,0.7802419,0.8063063,0.88175184,0.78664124,0.57642275,0.6763158,0.68373984,0.6459854,0.4973749965429306,0.6131736238002777,0.7130000293254852,0.6131736238002777,0.17049999999999998,170.5,0.37541991661864343,0.39217197926117575,0.41192415762096124,0.2513239682065863,0.2708956477605398,0.28337497336015294,0.2247176358971361,0.21870834955603063,0.2340548688537691,0.011382996776340474,0.011737175205612196,0.011856762880983758,0.034740235969821544,0.03750847552654956,0.03291861381396761,0.005291893079098071,0.002445279542720744,0.00202496256476316,0.706871,0.71110773,0.8569612,0.7647022,0.7310976,0.6609925,0.5893109,0.66446996,2026-10-06T09:09:15.493995
41,0.7353745698928833,0.500420331954956,0.5593979897975921,0.7351347208023071,0.5593979897975921,0.8248559153556824,0.908570039653778,2.2249686040878296,0.11624746435284615,2.144285145950317,2.0,1.0,10.0,,,,,0.6849215745925903,0.6849215745925903,,,,17.42728192138672,0.7721117889140822,0.16143991055477197,,0.16715227345087727,0.711192168627575,0.19003277234021265,0.001562127877978881,0.05256184542871964,1.6872163555424684,,0.004786510586721532,,75.84173457637714,18.7586029927442,,104.88878685046153,75.7889463582616,25.076452583264395,94.4502068294841,41.72509408452708,17.42726323559026,,0.6931471824645996,,0.0739241751610853,0.18189571475147442,,0.13203775579003013,0.0811753519306517,0.22278136536953555,0.005857364316085341,0.5055228319897014,0.17984961248507167,,,,0.2459,4918.0,0.75362873,0.7684253,0.85370445,0.80248815,0.62698597,0.6893333,0.71447957,0.67138493,0.497700035572052,0.6431858649253845,0.6937999725341797,0.6431858649253845,0.175,175.0,0.3615646058895573,0.40544988037195345,0.40015716632781173,0.22858300810305962,0.26174199810808657,0.2542650958859538,0.17249239174708256,0.16228163406464916,0.1850629186288913,-0.00628459628131082,-0.0015953947828175675,-0.0070110962219878704,0.014580994560937009,0.021834482391590845,0.010626408035226614,-0.00116839758861304,-0.007033098399757,-0.007921478046198175,0.597,0.6168182,0.829845,0.72598684,0.8845529,0.6535433,0.52755904,0.682197,0.4959000051021576,0.5647699880599976,0.73089998960495,0.5647699880599976,0.158,158.0,0.3912860767778838,0.4169329486403931,0.4386098932405287,0.2818338215508975,0.27043094389005107,0.31618182242590204,0.2514381266104192,0.24552327212865382,0.26179860704297825,0.034544375938393324,0.03223479373030768,0.03384921640641397,0.04693015453634328,0.0450772374224216,0.0452146790295546,0.033697677459441126,0.031094242578935925,0.02746084062918372,0.78629035,0.79414415,0.8843066,0.7961832,0.56626016,0.6723684,0.69390243,0.64343065,0.4968000203371048,0.603977926492691,0.7123499810695648,0.603977926492691,0.16649999999999998,166.5,0.3764253413337205,0.41119141450617325,0.4193835297841702,0.25520841482697854,0.2660864709990688,0.28522345915592795,0.21196525917875086,0.2039024530966515,0.22343076283593477,0.014129889828541253,0.015319699473745056,0.013419060092213051,0.03075557454864014,0.033455859907006225,0.02792054353239061,0.016264639935414042,0.012030572089589462,0.009769681291492773,0.69164515,0.7054812,0.8570758,0.76108503,0.7254065,0.6629559,0.61073077,0.6628138,2026-10-06T09:13:31.566386
42,0.7359498739242554,0.49981722235679626,0.5572980445861816,0.7362401485443115,0.5572980445861816,0.8273431389808655,0.9113336143493652,2.237340845108032,0.11681902674436569,2.10786792049408,2.0,1.0,10.0,,,,,0.6851985555648804,0.6851985555648804,,,,17.401133755493163,0.6895084272904001,0.2015510896446219,,0.173797440163459,0.72694011118002,0.17503931539453518,0.0015566443644796208,0.05171521273767872,1.4861315439461142,,0.00505040030593533,,75.80578472356127,18.736107893050857,,104.89039869369215,75.75322747686107,25.05132072594515,94.44997614963799,41.804395542023286,17.401115065167662,,0.6931471824645996,,0.0746369036804339,0.1834249116812542,,0.13317287822437893,0.08216401094653804,0.22572036998666775,0.0059361582633796015,0.5123530816120706,0.18155382355307317,,,,0.2395,4790.0,0.75593424,0.7813733,0.8498613,0.794609,0.6259541,0.6932323,0.7141758,0.6744806,0.5016000270843506,0.6609858136177063,0.6894500851631165,0.6609858136177063,0.193,193.0,0.36790341680192434,0.39814823537220917,0.40284912940840156,0.281006614491168,0.28935102898055287,0.2906776901165025,0.21963456026934416,0.21545983861731027,0.22833981527369415,0.01090031733477968,0.010734282100073479,0.010380236753862921,0.022184211212542698,0.02470720819318678,0.01635069819084315,0.002890971345732951,0.0014214421498475115,0.0009682346806818495,0.6105,0.59000003,0.8228682,0.7299342,0.88617885,0.6437008,0.5200788,0.6787879,0.508650004863739,0.5685301284790039,0.7339500188827515,0.5685301284790039,0.183,183.0,0.39128442524662344,0.4149947657774364,0.4323598021024045,0.29814015556343243,0.28002594306112844,0.32915303173423305,0.25854738259300514,0.251897018786084,0.2557570584287702,0.04911998253349092,0.039542813713701414,0.0442884379748356,0.06015288408525643,0.054416197451530667,0.0591861907084052,0.04930475881453937,0.045384424010833396,0.040892164615016,0.7866936,0.818018,0.88175184,0.79503816,0.56382114,0.68070173,0.6898374,0.64854014,0.5051250159740448,0.6147579710483551,0.711700052022934,0.6147579710483551,0.188,188.0,0.3795939210242739,0.4065715005748228,0.417604465755403,0.28957338502730023,0.2846884860208406,0.30991536092536776,0.23909097143117464,0.23367842870169714,0.24204843685123217,0.030010149934135297,0.025138547906887444,0.02733433736434926,0.041168547648899566,0.03956170282235873,0.037768444449624176,0.02609786508013616,0.023402933080340454,0.020930199647848924,0.6985968,0.70400906,0.85231006,0.7624862,0.725,0.6622013,0.60495806,0.663664,2026-10-06T09:17:47.098067
43,0.7368474006652832,0.5020105242729187,0.557753580570221,0.7370022535324097,0.557753580570221,0.8289769025802612,0.9131489099502563,2.268742494010925,0.11764584056735039,2.114588208770752,2.0,1.0,10.0,,,,,0.6833709362030029,0.6833709362030029,,,,17.375366818237303,0.7850158193688483,0.17919294505267386,,0.17075217633869996,0.711985501514119,0.21024295996139003,0.0015497306613162587,0.0524032823741436,1.9200553804825826,,0.0045470295989831055,,75.7702971051453,18.71315051036276,,104.89124492475182,75.71717596357794,25.024623202670153,94.45149964739562,41.8877747408144,17.375353709907287,,0.6931471824645996,,0.07530340376743086,0.18492804704957708,,0.13425921150453532,0.08314567386724386,0.22906469197789575,0.005995135653503002,0.5193743842422582,0.18334420101278148,,,,0.24525,4905.0,0.7523055,0.7787757,0.8523376,0.7995261,0.6323793,0.6867879,0.7146213,0.6787169,0.49560001492500305,0.6851001777648926,0.6835999488830566,0.6851001777648926,0.193,193.0,0.3558493001985942,0.3961297095851154,0.4009119554330793,0.23709816300285136,0.30274090962505174,0.2824548653740658,0.18278679002587767,0.18227717781984276,0.20820184876764924,-0.0058738194019440785,-0.0045773375292143615,0.00046305083761888447,0.007819354777308642,0.0044638762127574075,0.008630753473179176,-0.017955472049981904,-0.019126740519931115,-0.017428569649237,0.6265,0.57272726,0.8174419,0.73486847,0.8735773,0.6291339,0.5066929,0.675,0.49024996161460876,0.5807610805034638,0.7320500016212463,0.5807610805034638,0.179,179.0,0.3618335162647339,0.4005599120119159,0.4245281474009302,0.24643645810920728,0.24730056146411317,0.28485218342470636,0.2342641440853516,0.23495035774115894,0.2575786505365435,0.03709066597341418,0.029977930610579243,0.03444915382894557,0.04280354673145663,0.039143357726878394,0.04158180918645936,0.03403863138569873,0.029510423166129368,0.0233935686964777,0.766129,0.8243243,0.8810219,0.8011451,0.5617886,0.67456144,0.7004065,0.640511,0.4929249882698059,0.6329306291341782,0.7078249752521515,0.6329306291341782,0.186,186.0,0.35884140823166405,0.39834481079851564,0.41272005141700474,0.24176731055602932,0.27502073554458245,0.28365352439938607,0.20852546705561464,0.20861376778050084,0.23289024965209637,0.01560842328573505,0.012700296540682441,0.017456102333282226,0.025311450754382635,0.0218036169698179,0.025106281329819267,0.008041579667858413,0.0051918413230991264,0.0029824995236203498,0.6963145,0.6985258,0.8492319,0.7680068,0.71768296,0.65184766,0.6035497,0.6577555,2026-10-06T09:22:02.843912
44,0.7367673516273499,0.5022274851799011,0.5609917257785797,0.7369855642318726,0.5609917257785797,0.8231630286216736,0.9066890509605408,2.1864574110031127,0.11851541039943696,2.0861655321121217,2.0,1.0,10.0,,,,,0.6878468600273132,0.6878468600273132,,,,17.347057672119142,0.8009830777574877,0.21355057545718115,,0.18348767708061606,0.7112565215226192,0.22574883008933372,0.0015845033245614974,0.05430058924967696,1.9507151422606912,,0.00495723241111145,,75.73476852125422,18.69269295710667,,104.89235026365633,75.68154562202989,25.000094504872706,94.45541950395912,41.97934632999882,17.34703790458145,,0.6931471824645996,,0.07601108800643569,0.18659465005443354,,0.13542368248769432,0.08413897383554726,0.23373197408238794,0.006109673781972972,0.5267650204099668,0.18517429519231152,,,,0.24255,4851.0,0.7564154,0.77692306,0.84896994,0.79968405,0.63568926,0.69339395,0.7093763,0.67472506,0.5026500225067139,0.6535615267753601,0.6942999362945557,0.6535615267753601,0.201,201.0,0.36790514577534833,0.3955650472677363,0.4059049424738499,0.2644574603221966,0.3033973681621089,0.3028665513194836,0.17173458124260435,0.15723391763420053,0.18249472552422003,-0.013908528023751596,-0.011222076421073821,-0.0100447103298783,0.022374323773027973,0.01956230178890449,0.020527996412605234,-0.01011980812358033,-0.012430841533437851,-0.0076699295541658805,0.622,0.6118182,0.827907,0.7509869,0.88699186,0.64803153,0.49133858,0.682197,0.5092499852180481,0.5722783064842224,0.7331500053405762,0.5722783064842224,0.164,164.0,0.3690121277122864,0.4155629005955686,0.41551829362525033,0.2780606490721513,0.302046375725493,0.2952791325705331,0.21941223127121867,0.21853444751747814,0.22904417671950486,0.0329098832742672,0.027329494172924157,0.028775650513192592,0.044520561350565584,0.044580496444457454,0.04010993939328763,0.029345971981676204,0.02503824980663323,0.02158884940065333,0.775,0.78243244,0.8828468,0.8038168,0.5845529,0.68333334,0.6898374,0.65182483,0.505950003862381,0.6129199166297912,0.7137249708175659,0.6129199166297912,0.1825,182.5,0.3684586367438174,0.40556397393165244,0.41071161804955014,0.27125905469717393,0.30272187194380096,0.2990728419450084,0.1955734062569115,0.18788418257583933,0.20576945112186246,0.009500677625257803,0.008053708875925169,0.009365470091657146,0.03344744256179678,0.03207139911668097,0.03031896790294643,0.009613081929047938,0.00630370413659769,0.006959459923243725,0.6985,0.6971253,0.8553769,0.7774018,0.7357724,0.66568244,0.590588,0.6670109,2026-10-06T09:26:18.935321
45,0.737220048904419,0.5001600384712219,0.5551505442142487,0.7381449937820435,0.5551505442142487,0.8246050038337708,0.9082912463188172,2.204559911155701,0.11038469626903534,2.021681373023987,2.0,1.0,10.0,,,,,0.6896525382041931,0.6896525382041931,,,,17.320004095458984,0.7187704724870669,0.19311364871823483,,0.18496894122214075,0.7107452093415959,0.18395272170187563,0.0015882052563480843,0.05268356332163902,1.4352830103628196,,0.00527829738485087,,75.69911067500995,18.67064268270116,,104.89487612778973,75.64616879991665,24.97626344717232,94.45707017449057,42.05831318752021,17.31997107244601,,0.6931471824645996,,0.07676069547606122,0.18815011953472333,,0.1366521554767706,0.0850338828601655,0.23736084323779794,0.006219816201360552,0.5333080379066953,0.18715328357781574,,,,0.24765,4953.0,0.75832,0.7835482,0.8542789,0.7974921,0.63189256,0.691495,0.71055084,0.67704684,0.4998999834060669,0.6465465574264526,0.6885000467300415,0.6465465574264526,0.205,205.0,0.3742904751067635,0.40240917029188317,0.3996144655168623,0.27644132420681855,0.2832518191451349,0.2809045159458288,0.22396524752705502,0.22490994617156282,0.23040724947791932,0.0016668463430052404,0.007044750544519107,0.009463066493626087,0.013973970563194046,0.0040099097018735635,0.021548938911161036,-0.005992536905934087,-0.007108079440347143,0.002063410435408497,0.59900004,0.62000006,0.82596904,0.73782897,0.8817074,0.6429134,0.4944882,0.6727273,0.4910500645637512,0.5596464757919312,0.7321498990058899,0.5596464757919312,0.182,182.0,0.3868943375820853,0.4138739124938896,0.4283381598943984,0.28806143066997614,0.27864053953250373,0.3127394537514133,0.27058976508276017,0.27386720505451095,0.2807008787035272,0.01906049163023151,0.01766193655612677,0.016015363882281287,0.029115212506959934,0.03058187152344985,0.024258186552573113,0.014040407237318324,0.011237334554726093,0.006101471052146085,0.78104836,0.79144144,0.8835767,0.78816795,0.57804877,0.6885965,0.692683,0.6448905,0.49547502398490906,0.603096516609192,0.7103249728679657,0.603096516609192,0.1935,193.5,0.38059240634442437,0.4081415413928864,0.41397631270563034,0.28225137743839734,0.2809461793388193,0.2968219848486211,0.24727750630490758,0.2493885756130369,0.2555540640907233,0.010363668986618377,0.012353343550322938,0.012739215187953687,0.02154459153507699,0.017295890612661707,0.022903562731867076,0.004023935165692119,0.002064627557189475,0.004082440743777291,0.6900242,0.7057208,0.85477287,0.76299846,0.72987807,0.6657549,0.5935856,0.6588089,2026-10-06T09:30:34.943309
46,0.7387648224830627,0.5037252306938171,0.5537371963500977,0.7385826706886292,0.5537371963500977,0.8258601492881775,0.9096858478546143,2.221635458946228,0.09366536319851876,2.107054421424866,2.0,1.0,10.0,,,,,0.7014702896118165,0.7014702896118165,,,,17.291170471191407,0.6359591505899551,0.18828188616094316,,0.16668798240601637,0.6949211028730793,0.180495953483946,0.0015232731717205637,0.050376490197458844,1.484677805262766,,0.004726063948388621,,75.6630560030603,18.64778635304445,,104.8979397913453,75.61089669974746,24.9505396071513,94.45770788496466,42.144534700235745,17.291149491717103,,0.6931471824645996,,0.07730198532912382,0.18920715096270202,,0.137798884871659,0.08594027731069334,0.24057949006937113,0.0063461899093002275,0.5401928250197392,0.18868291719703917,,,,0.2501,5002.0,0.7602847,0.78493756,0.8512084,0.8,0.63430685,0.68907076,0.7108546,0.6773931,0.5082499980926514,0.6451756663322449,0.6963500380516052,0.6451756663322449,0.209,209.0,0.3487081633374964,0.3705820669865951,0.3819274954293517,0.28257008244018106,0.3023987306177159,0.3010431541809971,0.17677483772111877,0.17522744331043308,0.19058096453722545,0.0004713652472029725,-0.0023083252640816116,0.004644071259926093,0.0270900287077179,0.027940932236388157,0.02919186240605983,0.011731804864305601,0.004100934415932794,0.012271280207189908,0.62100005,0.5940909,0.8310078,0.75230265,0.8878049,0.64527565,0.5224409,0.6806818,0.4963500201702118,0.5613219428062439,0.7382999658584595,0.5613219428062439,0.192,192.0,0.3463772429839858,0.37703974015230624,0.39435566654772375,0.2591266345504299,0.2720121258306878,0.29482386818720907,0.22262182170854686,0.21552554212593344,0.23415221913197887,0.04022023200796967,0.03955168767187883,0.03824587266859961,0.04410476974032892,0.045651673674569564,0.04365814926580103,0.03979963214476975,0.03613935339204846,0.035645821573898055,0.7741935,0.82567567,0.8843066,0.79923666,0.57723576,0.6899123,0.7020325,0.6481752,0.5023000091314316,0.6032488045692443,0.7173250019550323,0.6032488045692443,0.2005,200.5,0.3475427031607411,0.3738109035694507,0.38814158098853774,0.2708483584953055,0.2872054282242018,0.29793351118410305,0.1996983297148328,0.19537649271818325,0.21236659183460216,0.02034579862758632,0.01862168120389861,0.021444971964262854,0.03559739922402341,0.03679630295547886,0.03642500583593043,0.025765718504537675,0.02012014390399063,0.02395855089054398,0.6975968,0.7098833,0.8576572,0.77576965,0.73252034,0.66759396,0.61223674,0.6644285,2026-10-06T09:34:50.821869
47,0.7390320897102356,0.5006899237632751,0.5541099103450775,0.7395350337028503,0.5541099103450775,0.8264654245376587,0.9103583760261535,2.250909048461914,0.09684660398364067,2.1022690923690797,2.0,1.0,10.0,,,,,0.7038166508674621,0.7038166508674621,,,,17.265282931518556,0.6131845624393718,0.16895893123594058,,0.16567161228436572,0.7279963311116406,0.21002585113428202,0.0015562827354830922,0.05278909525531492,1.780528730078108,,0.005063036372173269,,75.62720771352197,18.623146858944256,,104.89875409557561,75.57519220242834,24.925346070793783,94.46185856715888,42.216262064162336,17.26526304111359,,0.6931471824645996,,0.07793863858007322,0.1901491134409692,,0.13882112199333824,0.08692112873504117,0.2443568659056524,0.006476950511383783,0.5463796937541597,0.19071052332592617,,,,0.2503,5006.0,0.7558741,0.7935159,0.8464739,0.80084914,0.63524145,0.697697,0.71194816,0.67417514,0.49945008754730225,0.6837210154533386,0.6804500222206116,0.6837210154533386,0.19,190.0,0.3475803959780524,0.3722995158973357,0.3842034736941073,0.24032811980279173,0.2451402294276316,0.2765320206900378,0.190421588316623,0.19428561556271634,0.21545267677643398,-0.010180811845785426,-0.003321170548242127,-0.0021694397291836744,0.024507708873418185,0.022755740033268832,0.024607929087082217,-0.006111454491767796,-0.003948835932420892,0.005639104411824003,0.5865,0.5836364,0.76085275,0.7421053,0.8943089,0.6417323,0.53740156,0.65833336,0.4932999610900879,0.5921458415985107,0.7343499660491943,0.5921458415985107,0.167,167.0,0.37520625211335584,0.41587603712292265,0.4279475150996732,0.2727799602850261,0.2792381696581867,0.29510598812045324,0.25980244816577375,0.2582818365061314,0.2701732027280374,0.03532272835202328,0.026564462849446902,0.03078296967073105,0.04241562060543588,0.03839100564645117,0.039378072557762635,0.034518654373603325,0.02891428570314863,0.02264349348109419,0.77540326,0.80135137,0.8740876,0.80839694,0.5776423,0.68114036,0.702439,0.6459854,0.49637502431869507,0.6379334285259246,0.707399994134903,0.6379334285259246,0.1785,178.5,0.3613933240457041,0.39408777651012916,0.4060754943968903,0.2565540400439089,0.26218919954290915,0.28581900440524555,0.22511201824119836,0.22628372603442387,0.2428129397522357,0.012570958253118929,0.011621646150602388,0.014306764970773688,0.033461664739427036,0.030573372839860002,0.03199300082242243,0.014203599940917765,0.01248272488536387,0.014141298946459095,0.6809516,0.6924939,0.8174702,0.77525115,0.7359756,0.6614363,0.61992025,0.6521594,2026-10-06T09:39:06.929812
48,0.7406724095344543,0.5010050535202026,0.5489112209796906,0.7407429218292236,0.5489112209796906,0.8307110586166382,0.9150757478713989,2.306344663619995,0.10328663875460625,2.168578011703491,2.0,1.0,10.0,,,,,0.7027206003189087,0.7027206003189087,,,,17.24029559326172,0.6160109721741099,0.18123353980362986,,0.16840456386992506,0.7003027415199644,0.18683097494920348,0.0015164140098769764,0.05025815395460387,1.4908873135117209,,0.005328864710927113,,75.59107713638598,18.597956687781462,,104.89966058427362,75.53950724024682,24.899259470071,94.46367290521124,42.278279662891556,17.24028399036189,,0.6931471824645996,,0.07849414931361083,0.19084320981411418,,0.13984121031062619,0.08782893722983683,0.24746145023282168,0.006612661760300398,0.5519994261917794,0.1926992529896414,,,,0.242,4840.0,0.7653368,0.786911,0.8537638,0.8037125,0.6352025,0.6947677,0.70848525,0.677108,0.4883999824523926,0.683555290222168,0.6758500337600708,0.683555290222168,0.192,192.0,0.36882855194805925,0.4008379026152386,0.40455580702852223,0.27566724564297146,0.30978267154997224,0.2997857309656971,0.17973570272267955,0.16704317837195248,0.18673840249261514,-0.001705029000029427,-0.00015119417381176932,0.005008019101463023,0.02652050874394184,0.03131324005875314,0.03525811674800094,0.003692873965141128,9.429558373461317e-05,0.006285725491655005,0.62549996,0.57590914,0.7728683,0.7345395,0.8825204,0.6409449,0.4889764,0.65568185,0.4860999882221222,0.5876367058753967,0.7305499911308289,0.5876367058753967,0.191,191.0,0.37541725447090146,0.41411731383981215,0.4268538440083719,0.28214972371932073,0.27882489109262976,0.2939446233276085,0.2507367117100376,0.24466116092723,0.2562790411129718,0.03142905427829406,0.02776507453902914,0.028705268940435725,0.03407636326577986,0.03380445877410738,0.031122082938569953,0.024330286640179402,0.02019131466909691,0.013803962658432171,0.77379036,0.8157658,0.8762774,0.79885495,0.5768293,0.6798246,0.68495935,0.63248175,0.4872499853372574,0.6355959980487824,0.7032000124454498,0.6355959980487824,0.1915,191.5,0.3721229032094804,0.4074776082275254,0.41570482551844706,0.2789084846811461,0.294303781321301,0.29686517714665284,0.21523620721635855,0.20585216964959124,0.22150872180279346,0.014862012639132316,0.013806940182608685,0.016856644020949375,0.030298436004860853,0.03255884941643026,0.03319009984328544,0.014011580302660266,0.010142805126415763,0.010044844075043588,0.69964516,0.6958375,0.8245728,0.7666972,0.7296748,0.6603848,0.5869679,0.64408183,2026-10-06T09:43:22.147772
49,0.7399047613143921,0.4978049695491791,0.5471143537044525,0.7407100200653076,0.5471143537044525,0.828170451450348,0.9122528527259827,2.2732120164871215,0.12143105060458183,2.1975369737625123,2.0,1.0,10.0,,,,,0.7067084825515747,0.7067084825515747,,,,17.218079565429687,0.7007086001289119,0.18360043797570808,,0.1728986138299962,0.6953754261800438,0.1653711657710136,0.001489402259148325,0.049857097944826075,1.3034915612761382,,0.004911611629850201,,75.55628019685199,18.57403995732593,,104.90318954370584,75.50391786417384,24.87270356439481,94.46275086615496,42.35155149326203,17.21806376754858,,0.6931471824645996,,0.07930422607500842,0.19175125535126705,,0.14101498483852215,0.08869661618569855,0.24957575321577158,0.006694970207561733,0.558094393295847,0.19490668244042975,,,,0.23855,4771.0,0.7677025,0.7871929,0.8526743,0.79942733,0.63370323,0.68997985,0.7182462,0.6762729,0.48955005407333374,0.6636041922569275,0.6872000098228455,0.6636041922569275,0.197,197.0,0.39557820664958177,0.41071912030246494,0.43268709038027997,0.2884606051351811,0.24543891738536758,0.3116579260133671,0.24617567160095405,0.22732184633666394,0.2495210152295273,0.029635823334725902,0.02276264681305367,0.029653039210705365,0.05168355986201916,0.039440287589687824,0.05296997743488401,0.03905312523914913,0.02935810982471156,0.03211724333735214,0.6215,0.56772727,0.83023256,0.72960526,0.88414633,0.63937014,0.5192914,0.6719697,0.49740004539489746,0.5666658787727356,0.7321499586105347,0.5666658787727356,0.177,177.0,0.3824237787656067,0.4113053066208206,0.4361855121614711,0.2729515205240776,0.26851135125681047,0.3023472954654393,0.24884651816939055,0.24899414454405888,0.2687393029861636,0.021490028078284443,0.017870504543005403,0.021185255366115437,0.03146457474348209,0.030037253124414354,0.033950318731548926,0.017958604256020843,0.015465025008401176,0.014003151368691442,0.78790325,0.8202703,0.8828468,0.790458,0.551626,0.6789474,0.7,0.63905114,0.4934750497341156,0.6151350355148315,0.7096749842166901,0.6151350355148315,0.187,187.0,0.38900099270759425,0.41101221346164274,0.4344363012708755,0.2807060628296294,0.25697513432108904,0.3070026107394032,0.2475110948851723,0.23815799544036143,0.2591301591078454,0.025562925706505174,0.02031657567802954,0.025419147288410403,0.04157406730275062,0.034738770357051085,0.043460148083216465,0.028505864747584986,0.022411567416556366,0.023060197353021793,0.70470166,0.6939988,0.85653967,0.76003164,0.7178862,0.65915877,0.6096457,0.6555104,2026-10-06T09:47:37.829729
50,0.7413377165794373,0.5021872520446777,0.5467213895320893,0.7415122985839844,0.5467213895320893,0.8227993331909179,0.90628494348526,2.2237208774566652,0.11537617814540863,2.0737380556106566,2.0,1.0,10.0,,,,,0.6967986417770385,0.6967986417770385,,,,17.190724826049806,0.6996093089603315,0.1995560736840318,,0.18526307782929413,0.6813090081996979,0.18714635966310075,0.0015894424631467956,0.05254842422807672,1.5614578152538106,,0.0053165039612250225,,75.52096261188483,18.55264822844487,,104.90767611363891,75.46824850094546,24.844735103048336,94.4654679996952,42.41738702081571,17.190703543887775,,0.6931471824645996,,0.07999950286689078,0.1933620326268445,,0.14208436202091776,0.08954835559721964,0.25220119288772536,0.006877233419614803,0.5637552840694501,0.1962706264416883,,,,0.25925,5185.0,0.76242983,0.7882803,0.8520206,0.80156004,0.63779205,0.69210106,0.717659,0.6797149,0.5023000240325928,0.6508693108558655,0.6889500617980957,0.6508693108558655,0.225,225.0,0.3495015586435879,0.38440244753257985,0.40053122960739573,0.2442728667210905,0.241271791350068,0.273292276834395,0.2151702392665115,0.22345293493466867,0.24447190421944856,0.008693234900331817,0.004716661705698918,0.004711134115092748,0.01999565562145108,0.03815724156121786,0.024195435444688145,0.008506585092661088,0.007904445978835228,0.00756874749378075,0.596,0.5740909,0.827907,0.7526316,0.8943089,0.62795275,0.51417327,0.6814394,0.49705004692077637,0.5519833555221557,0.742150068283081,0.5519833555221557,0.195,195.0,0.37462925153384735,0.4050963532426262,0.41811307803495684,0.28182245419238083,0.26340707283435755,0.30438889216565257,0.24867663294715286,0.24067515042387785,0.2542929425230926,0.03943879717169283,0.03797213845092599,0.03889072899789578,0.038928193662153006,0.04069058358345358,0.03985755686100892,0.031020689838626398,0.026512938818162947,0.025022370657502055,0.80524194,0.82747746,0.8828468,0.8080152,0.57886183,0.68596494,0.69796747,0.6452555,0.49967503547668457,0.6014263331890106,0.7155500650405884,0.6014263331890106,0.21000000000000002,210.0,0.36206540508871765,0.39474940038760303,0.4093221538211763,0.26304766045673567,0.25233943209221277,0.2888405845000238,0.2319234361068322,0.23206404267927327,0.2493824233712706,0.024066016036012324,0.021344400078312453,0.021800931556494263,0.029461924641802043,0.03942391257233572,0.032026496152848534,0.019763637465643743,0.017208692398499086,0.016295559075641404,0.700621,0.7007842,0.8553769,0.7803234,0.7365854,0.6569588,0.6060704,0.6633475,2026-10-06T09:51:53.533171
51,0.7421103119850159,0.5007798671722412,0.5457452140808106,0.7425426244735718,0.5457452140808106,0.8257718873023987,0.9095877818107605,2.250511804962158,0.10975688188076019,2.1866589103698733,2.0,1.0,10.0,,,,,0.7169584270477295,0.7169584270477295,,,,17.163437564086912,0.6081853589624356,0.2130833791841747,,0.17971449490090843,0.717495396068901,0.1918940293798401,0.0015666766904493213,0.05157197676124466,1.659125213030797,,0.004764814026191071,,75.48530841025577,18.530957580372025,,104.9082885547808,75.433069314167,24.818847352532064,94.46640923372499,42.499111199834545,17.16342034309533,,0.6931471824645996,,0.08064661511949672,0.19494182146658565,,0.14315463270351386,0.09045634485164265,0.2553294240289433,0.0069081598097921176,0.5700294819607097,0.19778663261680846,,,,0.2545,5090.0,0.75811946,0.8022151,0.851248,0.8031793,0.6405179,0.6932929,0.712738,0.6784114,0.5008000135421753,0.6686451234817505,0.6887000203132629,0.6686451234817505,0.215,215.0,0.35576311990530574,0.37471013836088335,0.37872467656399944,0.2751394529212748,0.31995237274799565,0.3110642058131257,0.180074454368164,0.17674086682647805,0.18367614584077485,0.024601056548253633,0.021239696848819805,0.024718058995342112,0.041779532707224544,0.03446503040071663,0.036371719861823804,0.010701567042919186,0.010146146009619215,0.011643847521461371,0.62100005,0.58272725,0.8174419,0.7585527,0.8922764,0.63661414,0.4897638,0.67386365,0.5048500895500183,0.5719790911674499,0.7344000935554504,0.5719790911674499,0.188,188.0,0.36620408142058314,0.4099854641179999,0.42349409364077323,0.27528916376490703,0.2583206726292981,0.29408539725484173,0.2538015119921445,0.24661421376456294,0.26899306255574496,0.049907371786672455,0.048556461102385526,0.050146322043535675,0.050558442526194076,0.055079801816291976,0.05455263651884085,0.049950638800224566,0.05142769183735925,0.05045950259764761,0.7612903,0.80090094,0.8813869,0.8114504,0.5865854,0.6789474,0.7020325,0.64343065,0.5028250515460968,0.6203121073246003,0.7115500569343567,0.6203121073246003,0.2015,201.5,0.36098360066294444,0.39234780123944163,0.40110938510238636,0.2752143083430909,0.28913652268864687,0.30257480153398375,0.21693798318015425,0.2116775402955205,0.2263346041982599,0.037254214167463044,0.03489807897560267,0.03743219051943889,0.04616898761670931,0.0447724161085043,0.045462178190332325,0.030326102921571875,0.030786918923489233,0.03105167505955449,0.6911452,0.69181406,0.84941435,0.7850015,0.7394309,0.65778077,0.59589815,0.6586472,2026-10-06T09:56:09.505461
52,0.7409501075744629,0.5016753077507019,0.5489274938583374,0.7414323091506958,0.5489274938583374,0.8241905539512634,0.9078307422637939,2.235328539657593,0.09656356027126312,2.1545229345321655,2.0,1.0,10.0,,,,,0.7197752703666687,0.7197752703666687,,,,17.138745428466798,0.6658411430800038,0.20356241644472833,,0.17582285755379184,0.6821232643097069,0.19122189658272798,0.0015551204237772543,0.05141289869121685,1.5986539869551446,,0.00451650678615418,,75.44982710917284,18.51098936530435,,104.91233451503098,75.39811444130673,24.792589904396397,94.47092428025167,42.58705508481165,17.13872316688489,,0.6931471824645996,,0.08138431062933746,0.19660221182616652,,0.1443714260295698,0.09133873780252068,0.25850887454239424,0.0070373727821383125,0.5766771412958764,0.20007563804744916,,,,0.2556,5112.0,0.7609864,0.8021346,0.84992075,0.80063194,0.6305491,0.69060606,0.71818554,0.67818743,0.5063499212265015,0.6638087344169616,0.6900999546051025,0.6638087344169616,0.216,216.0,0.37704974634636146,0.4030780895477774,0.42147766653912355,0.2817563073350024,0.28078975740095385,0.31350051861799566,0.19055258481038326,0.17022636853615175,0.20415572335081922,0.01434583295005968,0.02480631806506568,0.031970158562488055,0.02265140819546066,0.02561676840724305,0.04071585074605477,0.011425451666187919,0.011991761051102038,0.020587002410574554,0.6145,0.5681818,0.82751936,0.7526316,0.8829268,0.6370079,0.5192914,0.6784091,0.4988500475883484,0.5584729385375976,0.738899827003479,0.5584729385375976,0.175,175.0,0.3473185153601246,0.39594003219033624,0.4075809126320168,0.23100021396923684,0.2506872893566685,0.2698285873329249,0.20895676294423685,0.208912006019449,0.2300952184283326,0.03496682056213706,0.03118012279498856,0.03577216593719131,0.04158674124372631,0.0334499702373635,0.0411370449383569,0.029165908773020905,0.027452872164600434,0.028076587069431065,0.78951615,0.8400901,0.8832117,0.79923666,0.5719512,0.6824562,0.6914634,0.64854014,0.5025999844074249,0.6111408364772797,0.7144998908042908,0.6111408364772797,0.1955,195.5,0.362184130853243,0.3995090608690568,0.41452928958557017,0.2563782606521196,0.2657385233788112,0.2916645529754603,0.19975467387731005,0.18956918727780037,0.2171254708895759,0.02465632675609837,0.027993220430027117,0.03387116224983969,0.032119074719593486,0.029533369322303275,0.04092644784220584,0.02029568021960441,0.019722316607851235,0.02433179474000281,0.70200807,0.70413595,0.8553655,0.7759341,0.72743905,0.65973204,0.60537744,0.6634746,2026-10-06T10:00:21.137326
53,0.7433601021766663,0.5013898015022278,0.5414190884113311,0.743535041809082,0.5414190884113311,0.8264513244628906,0.9103427136421204,2.269469655609131,0.10193925023078919,2.1738233919143677,2.0,1.0,10.0,,,,,0.7247669198989868,0.7247669198989868,,,,17.11396932373047,0.6011768541043732,0.1744930468214925,,0.16653952548268494,0.6859217037440865,0.19697446368966892,0.0014928510927174027,0.0505416674456399,1.633991018791867,,0.004626902632057893,,75.41433453408017,18.48875430890709,,104.91295113533165,75.36284841549625,24.766437506220143,94.47387189925855,42.67390658141701,17.113949344416334,,0.6931471824645996,,0.08204560162155491,0.19785218415366615,,0.14533638621971107,0.0921706195185139,0.2616753815465672,0.007209248665815136,0.5832067192739742,0.2022100776244121,,,,0.25095,5019.0,0.76571774,0.7968586,0.85536844,0.80452216,0.6354556,0.69432324,0.7182462,0.6772912,0.5199000239372253,0.64435973072052,0.6913498640060425,0.64435973072052,0.21,210.0,0.3392085819261129,0.3878120180727649,0.37348738517260255,0.2534852666201595,0.3090022262435915,0.27277088131130284,0.15183229874608029,0.14687422790699833,0.1570104415139427,-0.005839702512393614,-0.00277065987818168,-0.003135837446542194,0.024804422870229548,0.04185109494991015,0.02542853022913282,-0.015771778149937094,-0.013216836727843349,-0.01612013983263719,0.605,0.57318187,0.829845,0.75723684,0.8939025,0.63740164,0.5098425,0.6818182,0.5031999945640564,0.5450039329528809,0.7417500019073486,0.5450039329528809,0.168,168.0,0.37871996221651993,0.4209005808139697,0.43353508053599404,0.25829937628431576,0.25527986143743514,0.2917813369276687,0.24074609916312587,0.23635677152383688,0.25476831525980237,0.03694877991763388,0.031666930961525,0.03497144885839747,0.04097631068269558,0.03468355884510292,0.038485895664121035,0.030391204737263273,0.024392391428972312,0.021400433094143252,0.7979839,0.84189194,0.88248175,0.80877864,0.57154477,0.6877193,0.6947155,0.64489055,0.5115500092506409,0.5946818318367004,0.7165499329566956,0.5946818318367004,0.189,189.0,0.3589642720713164,0.40435629944336726,0.4035112328542983,0.2558923214522376,0.2821410438405133,0.28227610911948575,0.19628919895460306,0.1916154997154176,0.20588937838687255,0.015554538702620132,0.01444813554167166,0.01591780570592764,0.032890366776462565,0.03826732689750653,0.03195721294662693,0.007309713293663089,0.0055877773505644815,0.002640146630753031,0.70149195,0.70753694,0.8561634,0.78300774,0.7327236,0.66256046,0.602279,0.6633544,2026-10-06T10:04:37.089970
54,0.7452399730682373,0.5010496377944946,0.5395674140453338,0.7450804114341736,0.5395674140453338,0.8203548197746277,0.9035688183784485,2.2053413854598998,0.09730839042663575,2.108462034034729,2.0,1.0,10.0,,,,,0.7224584994316101,0.7224584994316101,,,,17.09069898071289,0.5523354745214912,0.18731834841476883,,0.17085755692355953,0.692169397879558,0.18699849240339486,0.0014880213216925929,0.05055748537230264,1.520221433252286,,0.005056186710783892,,75.37826883109511,18.46621457482599,,104.913325607397,75.32752218064229,24.739986188852104,94.47602737329568,42.74064339801764,17.090676981932038,,0.6931471824645996,,0.0826156324451896,0.19895314819114224,,0.146307707971828,0.09302563187043378,0.2647383108640173,0.007351901936849021,0.5887384327353945,0.20455096538659115,,,,0.26195,5239.0,0.7626704,0.80394685,0.853546,0.8063191,0.6410047,0.69434345,0.7149251,0.68334013,0.4927499294281006,0.6476317481994629,0.6923499703407288,0.6476317481994629,0.212,212.0,0.3380619581690599,0.37776397637311787,0.38576790600207356,0.2492390866154087,0.26108148790640967,0.2775189349941519,0.1885935371692354,0.18921134343590001,0.20712860323223958,0.0021279748938916794,0.008681951745327255,0.008809866782676298,0.012781820120414237,0.023194873079526307,0.017987477170447484,0.019569664346222565,0.01891376858982412,0.0322829907267207,0.6325,0.5772727,0.83565897,0.762829,0.8930894,0.6397638,0.4937008,0.6670455,0.49355000257492065,0.5431265637874604,0.7441500425338745,0.5431265637874604,0.181,181.0,0.36403113912941537,0.4143097812314546,0.42459767987943914,0.23960297676636133,0.2605777303728453,0.28047124939416757,0.23676765001288752,0.23913787353959307,0.26502143048608473,0.027167194666667054,0.022548190023909773,0.026224092549625384,0.038106062915473096,0.04209228028086304,0.03982249308361145,0.025794159306675883,0.02171259477759514,0.01978138395462481,0.7983871,0.8360361,0.8843066,0.80725193,0.58943087,0.6894737,0.69878054,0.6452555,0.4931499660015106,0.5953791559934616,0.7182500064373016,0.5953791559934616,0.1965,196.5,0.3510465486492376,0.3960368788022862,0.4051827929407563,0.24442103169088503,0.2608296091396275,0.27899509219415974,0.21268059359106145,0.21417460848774655,0.23607501685916216,0.014647584780279367,0.015615070884618514,0.01751697966615084,0.025443941517943665,0.03264357668019467,0.028904985127029468,0.022681911826449224,0.02031318168370963,0.026032187340672756,0.71544355,0.7066544,0.8599828,0.7850405,0.7412602,0.66461873,0.59624064,0.65615046,2026-10-06T10:08:52.705562
55,0.7439300417900085,0.4991874396800995,0.5396590166091919,0.7442469596862793,0.5396590166091919,0.8210357522010803,0.9043254082679748,2.192784549331665,0.10333441987633706,2.1109549503326415,2.0,1.0,10.0,,,,,0.7264543346405029,0.7264543346405029,,,,17.06612642211914,0.5830239185671897,0.18972622244885773,,0.1778247118660599,0.6960069893082236,0.16765774411570494,0.00151733152759647,0.05056789550621798,1.3175469830537299,,0.004568253112712187,,75.34258697898525,18.444067183573534,,104.91389091151535,75.29214948909298,24.71288631220532,94.47641214747338,42.80015039140252,17.066110610961914,,0.6931471824645996,,0.08327573110723192,0.20010934940948608,,0.14725529616046104,0.09386937272776465,0.26725964637318994,0.007445017982179382,0.5938403743087866,0.2067631260984263,,,,0.2599,5198.0,0.770008,0.8077527,0.8487718,0.80744475,0.63485205,0.68991923,0.71063185,0.6842159,0.5143500566482544,0.641089988231659,0.6982998847961426,0.641089988231659,0.217,217.0,0.3788688629182248,0.4255597127706504,0.42599768210960187,0.29961403751741605,0.33232746188544754,0.33797938879138756,0.22373498681943843,0.22099205870527222,0.2396904997820099,0.006610066145041482,0.00799897916882549,0.014972109389933956,0.013403162414137852,0.015380368942724954,0.021615783071759254,0.003356108163017315,-0.0032544281027522045,0.008138574423191961,0.6275,0.6109091,0.8290698,0.76184213,0.895935,0.6389764,0.51023626,0.6776515,0.4965500235557556,0.5474226272106171,0.7423000931739807,0.5474226272106171,0.189,189.0,0.3882922620165281,0.4510193213957481,0.45190826036407294,0.25876320159078636,0.27569919493100775,0.28515868910983616,0.23537726580377466,0.23790697380638645,0.2566771226912909,0.032284119582053954,0.030081856756344554,0.033860719032662974,0.034850859590350385,0.033091739551691056,0.03456569140386933,0.026849049083703162,0.023482897989599818,0.021661758823252074,0.7979839,0.8108108,0.88503647,0.81068707,0.5849594,0.6890351,0.7020325,0.65000004,0.505450040102005,0.594256307721138,0.7202999889850616,0.594256307721138,0.203,203.0,0.3835805624673765,0.43828951708319924,0.4389529712368374,0.27918861955410124,0.30401332840822765,0.31156903895061183,0.22955612631160655,0.22944951625582932,0.2481838112366504,0.01944709286354772,0.019040417962585023,0.024416414211298466,0.02412701100224412,0.024236054247208004,0.028090737237814294,0.015102578623360239,0.010114234943423808,0.014900166623222019,0.712742,0.71085995,0.85705316,0.7862646,0.74044716,0.66400576,0.6061344,0.66382575,2026-10-06T10:13:08.675160
56,0.7445877194404602,0.5001800060272217,0.5396115897655487,0.7446399927139282,0.5396115897655487,0.8199594133377075,0.9031294767379761,2.1973191720962526,0.10311887416243554,2.119371455383301,2.0,1.0,10.0,,,,,0.7323710830688477,0.7323710830688477,,,,17.042348873901368,0.6407762027944729,0.22540750186059885,,0.1950292931335747,0.68229895450507,0.1767523478075957,0.0016179135959791197,0.05163228497573524,1.4366818683542264,,0.00522016772034928,,75.30693209702801,18.42327659752718,,104.91719754941904,75.25683064065922,24.68490219116211,94.4713206686032,42.881203888328216,17.04232486797746,,0.6931471824645996,,0.08395710112942252,0.20139388388888851,,0.14844921022463756,0.09467519416361098,0.2696259196396846,0.007520125962342996,0.5999244618567692,0.20882112926738278,,,,0.27025,5405.0,0.77317566,0.80652434,0.8530111,0.80236965,0.6319899,0.6918182,0.7157554,0.6822403,0.5030999779701233,0.6472805361747742,0.6948000192642212,0.6472805361747742,0.228,228.0,0.37889700216738675,0.41443290555805234,0.424133537399349,0.30806171698668666,0.31438114096212944,0.35383234936663527,0.2377424698217219,0.23435960333809097,0.2630923633495475,0.013964585861863131,0.015427169034871763,0.01726176532309588,0.026312102020521245,0.049693249137172546,0.03697323016335252,0.010989559024591006,0.01108381503459683,0.018608703411996146,0.6525,0.5777273,0.8271318,0.75625,0.8922764,0.63385826,0.51023626,0.67651516,0.5023500323295593,0.5417550117969513,0.7435999512672424,0.5417550117969513,0.202,202.0,0.35650589824966816,0.4077670040777601,0.4256010720599552,0.24400728917378464,0.26427522696641187,0.29467226641189015,0.22852589227181935,0.23131721374182593,0.2621219455116229,0.039516816857162636,0.0326968004420151,0.03933605639525782,0.041934509899984526,0.03679255346631384,0.044243142442218004,0.03883698680312491,0.0323377044291137,0.03653961573631296,0.8044355,0.83963966,0.8828468,0.8064886,0.57967484,0.681579,0.69878054,0.65036494,0.5027250051498413,0.5945177739858627,0.7191999852657318,0.5945177739858627,0.21500000000000002,215.0,0.36770145020852746,0.41109995481790623,0.42486730472965206,0.27603450308023564,0.2893281839642706,0.32425230788926274,0.23313418104677064,0.23283840853995846,0.2626071544305852,0.026740701359512883,0.024061984738443433,0.02829891085917685,0.034123305960252884,0.04324290130174319,0.04060818630278526,0.024913272913857958,0.021710759731855264,0.02757415957415455,0.7284677,0.7086835,0.8549893,0.7813693,0.7359756,0.65771866,0.6045084,0.66344005,2026-10-06T10:17:25.246276
57,0.7470320463180542,0.5017174482345581,0.5354626653194428,0.7470175623893738,0.5354626653194428,0.8220158083915711,0.9054143650054932,2.216032829666138,0.10139930184483528,2.148025185394287,2.0,1.0,10.0,,,,,0.7422314318656922,0.7422314318656922,,,,17.01570617980957,0.6753906179575404,0.23947302498825038,,0.19993197679472197,0.68471037050721,0.18455108364296566,0.0016248065495943638,0.05240598828739421,1.5542392366251367,,0.005611861091916105,,75.27203757899582,18.404949734924706,,104.92085125188159,75.22176856751655,24.658615476766208,94.47134797891994,42.95900415311194,17.01568856208947,,0.6931471824645996,,0.08468381315469742,0.20302796240445156,,0.14963307729951894,0.09550355521926454,0.2723207878079384,0.007620581811305823,0.6057546575357959,0.2105763823173608,,,,0.27135,5427.0,0.7742783,0.8154652,0.8473256,0.8073855,0.6352025,0.6900606,0.7203524,0.68590635,0.5030999779701233,0.6614892683029174,0.6881000399589539,0.6614892683029174,0.199,199.0,0.3824186534228433,0.4251469546834787,0.4168917212379581,0.27236105793417925,0.31298762603035385,0.2929635013147236,0.19180550629697182,0.1844805503526834,0.2021337058930725,0.015893673940260228,0.018758471840360627,0.023258132977121,0.03508296510392889,0.023103343553914298,0.03386969476118379,0.0168141277401862,0.014080712070764497,0.01600713357654077,0.606,0.6340909,0.7616279,0.76644737,0.896748,0.6311024,0.5220473,0.65340906,0.49564996361732483,0.576876935005188,0.735450029373169,0.576876935005188,0.16,160.0,0.42697068743502065,0.4573171496929419,0.4696197938437011,0.28785506219234874,0.2867429104135482,0.31664392770475674,0.25461601666667344,0.24993456256922061,0.2619002839139045,0.039667475993844854,0.03890813811583773,0.04285466227195598,0.04555347345423964,0.05141234702832645,0.050576816282046425,0.03816005167168369,0.036171061124680874,0.03759311962027132,0.7822581,0.8085586,0.88175184,0.8122138,0.57073176,0.6828947,0.70162606,0.6361314,0.49937497079372406,0.6191831016540528,0.7117750346660614,0.6191831016540528,0.1795,179.5,0.404694670428932,0.44123205218821027,0.4432557575408296,0.280108060063264,0.29986526822195103,0.3048037145097402,0.22321076148182262,0.21720755646095202,0.2320169949034885,0.02778057496705254,0.02883330497809918,0.03305639762453849,0.040318219279084265,0.037257845291120376,0.042223255521615106,0.02748708970593494,0.025125886597722684,0.026800126598406047,0.69412905,0.72132474,0.82168984,0.7893306,0.73373985,0.6569985,0.6118367,0.64477026,2026-10-06T10:21:40.737163
58,0.7469902038574219,0.498884916305542,0.5349634324073792,0.7468923926353455,0.5349634324073792,0.8277938935279846,0.9118344531059265,2.2608137548446656,0.1055197172164917,2.2808833780288698,2.0,1.0,10.0,,,,,0.7633176424026489,0.7633176424026489,,,,16.991638568115235,0.6630530620266677,0.21122885689993573,,0.18697337232008102,0.686758997903508,0.17772305998832558,0.0014867351324057243,0.0493494639185014,1.5129030952408056,,0.004909124327519505,,75.23747744226152,18.38748274639154,,104.92438176634964,75.18664171741267,24.63162524229402,94.47291890527033,43.02830835816207,16.991618502671553,,0.6931471824645996,,0.08548180554892607,0.20486528630469256,,0.1508367328317302,0.09630331724502478,0.274677026423679,0.00775088328025808,0.6111090411046508,0.2124953255721718,,,,0.2486,4972.0,0.781656,0.8118606,0.8518819,0.79796606,0.6380647,0.69321215,0.7180032,0.68226075,0.5137999057769775,0.6269660527706147,0.7067000269889832,0.6269660527706147,0.22,220.0,0.33904244535540407,0.3555153341316695,0.36568952139223476,0.3184491083956612,0.32650432553366293,0.35199054314098754,0.23520174268638105,0.2255843363452924,0.23818262477071317,0.007311133571871064,-0.005195414804316322,0.00990811873164879,0.029241022335960928,0.021445926758999336,0.033048613177861244,0.005649859853109068,-0.005096208405027071,0.006867287410958391,0.66400003,0.65999997,0.83565897,0.75625,0.8922764,0.64251965,0.507874,0.675,0.4968999922275543,0.5413759789466858,0.7427999377250671,0.5413759789466858,0.202,202.0,0.36015178350647115,0.3731688669927424,0.39919320021154564,0.27854440367692873,0.26085937245817575,0.3075944681577978,0.26101508367692994,0.2544181217998787,0.26906873816982474,0.03915959295937548,0.034005657572006194,0.03825222238923741,0.039610369492342964,0.03180621493260385,0.03511945863017618,0.025486991074431618,0.021053344124257103,0.021037287218004016,0.81774193,0.83513516,0.8729927,0.8091603,0.5731707,0.68464917,0.69796747,0.64744526,0.5053499490022659,0.5841710158586502,0.7247499823570251,0.5841710158586502,0.21100000000000002,211.0,0.3495971144309376,0.36434210056220595,0.3824413608018902,0.298496756036295,0.2936818489959193,0.32979250564939266,0.2481084131816555,0.24000122907258556,0.253625681470269,0.023235363265623272,0.014405121383844937,0.0240801705604431,0.03442569591415195,0.02662607084580159,0.03408403590401871,0.015568425463770342,0.007978567859615015,0.013952287314481204,0.74087095,0.74756753,0.85432583,0.7827052,0.7327236,0.6635844,0.6029208,0.66122264,2026-10-06T10:25:57.173028
59,0.747255265712738,0.5001122951507568,0.5296719972610474,0.7485525608062744,0.5296719972610474,0.8225745397567749,0.9060351736068726,2.2087257371902465,0.09420987998843193,2.1679346000671385,2.0,1.0,10.0,,,,,0.7564244003295898,0.7564244003295898,,,,16.967608657836912,0.5983186196179906,0.20847830646167134,,0.18198401889034138,0.6689278549829106,0.1641196504140356,0.0015006661748774588,0.04856042371718747,1.2809050946858278,,0.004823856235920766,,75.20202019563905,18.369227512626892,,104.92717538821469,75.15134585435223,24.60471777703352,94.47348280013746,43.09467913390724,16.96758607998016,,0.6931471824645996,,0.08619005641170369,0.20646676003553305,,0.1518593310930167,0.09710261633821354,0.2771315143746176,0.007875962307451257,0.6163755871687725,0.21465677905614208,,,,0.2605,5210.0,0.7922013,0.81065243,0.84441364,0.8062796,0.63467675,0.69432324,0.7205144,0.68529534,0.5128500461578369,0.64510591506958,0.7061999440193176,0.64510591506958,0.218,218.0,0.3629257133317034,0.4038118956918439,0.4077375709332474,0.2667828415156025,0.2744461177945457,0.2996965207904636,0.24741134968109235,0.23168578165699732,0.2547897529602302,-0.029614193626589496,-0.026862986229987094,-0.014415062821210878,-0.022433095039269133,-0.0068200575856612496,0.002286241013965555,-0.02297726711420847,-0.020445756519262573,-0.008534679422947508,0.6825,0.6609091,0.801938,0.76381576,0.8939025,0.6440945,0.50511813,0.68030304,0.4919000566005707,0.5516562857627869,0.7431499361991882,0.5516562857627869,0.198,198.0,0.36620590459800406,0.3927760611690036,0.408092198369499,0.275749763245808,0.27375257699153155,0.2964329413292799,0.25278178287829817,0.24944814357810505,0.26676844481005957,0.032071111356281955,0.03203921932309016,0.03245270012551027,0.03688278272409449,0.04335606609071428,0.03699488542520413,0.027210049420810862,0.025046863057853065,0.023418688230640042,0.81774193,0.8337838,0.8854015,0.8091603,0.57642275,0.6767544,0.69593495,0.64416057,0.5023750513792038,0.5983811004161834,0.7246749401092529,0.5983811004161834,0.20800000000000002,208.0,0.36456580896485374,0.39829397843042375,0.4079148846513732,0.27126630238070526,0.27409934739303865,0.29806473105987175,0.25009656627969523,0.24056696261755117,0.2607790988851449,0.0012284588648462293,0.002588116546551533,0.009018818652149697,0.007224843842412678,0.018268004252526518,0.01964056321958484,0.002116391153301195,0.002300553269295246,0.007442004403846267,0.750121,0.74734646,0.8436698,0.78648806,0.7351626,0.6604245,0.6005266,0.6622318,2026-10-06T10:30:13.175935
60,0.7504098415374756,0.500267744064331,0.530405842781067,0.7508173584938049,0.530405842781067,0.8192606673240662,0.9023530931472779,2.1776096429824827,0.09242568644881248,2.062134686279297,2.0,1.0,10.0,,,,,0.7568000350952149,0.7568000350952149,,,,16.93950481567383,0.49215960801596853,0.19541151052827288,,0.17570780509501505,0.6466964532615272,0.20674371527163846,0.001605678783324814,0.05273073427616411,1.7998249853492543,,0.005509659685572657,,75.16653602745882,18.34871301833232,,104.92906412501245,75.11649142708748,24.578880249315006,94.47916028454046,43.16520841562065,16.939481261429513,,0.6931471824645996,,0.08686619541447634,0.20767019366382794,,0.15290851103272407,0.09791105791072177,0.28022676041931105,0.007994577484383324,0.6217145756551414,0.21631709823183193,,,,0.2728,5456.0,0.79414594,0.82229155,0.8497425,0.8042259,0.63481313,0.69345456,0.72049415,0.68739307,0.5028000473976135,0.6200319995880127,0.7058500051498413,0.6200319995880127,0.221,221.0,0.3216118685548603,0.37818828356218936,0.3636930083833245,0.2331964252495169,0.33043341721351643,0.2678774095194557,0.13779328952376255,0.13705313115129214,0.15541641780244267,0.0037771732123368933,-0.006775753718260787,0.005922637622796954,0.02029904492596247,0.017089500769275543,0.01956211601461642,-0.002456106732769807,-0.010869674822982895,-0.0020156428808301907,0.6470001,0.6545454,0.82325584,0.76085526,0.897561,0.6527559,0.496063,0.68939394,0.5011000037193298,0.5326173796653747,0.7435500025749207,0.5326173796653747,0.198,198.0,0.3662701023226031,0.40237578513548555,0.42380502548764604,0.254105897617634,0.244867872454942,0.2871214527510413,0.23950291510363092,0.22521518855458345,0.2554753174571813,0.029588503053309633,0.028290575195364456,0.02909082048181833,0.03973381210887431,0.04802432290261613,0.03944268391558113,0.026059072525132294,0.02220291847278377,0.0240076668522566,0.80524194,0.84099096,0.88248175,0.81450385,0.5682927,0.68377197,0.704065,0.6445256,0.5019500255584717,0.5763246896266937,0.724700003862381,0.5763246896266937,0.20950000000000002,209.5,0.3439409854387317,0.39028203434883746,0.39374901693548525,0.24365116143357546,0.2876506448342292,0.2774994311352485,0.18864810231369672,0.1811341598529378,0.20544586762981198,0.016682838132823265,0.010757410738551835,0.017506729052307643,0.03001642851741839,0.032556911835945834,0.029502399965098777,0.011801482896181244,0.005666621824900437,0.010996011985713204,0.726121,0.74776816,0.8528688,0.78767955,0.73292685,0.6682639,0.60006404,0.66695976,2026-10-06T10:34:28.620017
61,0.7517921924591064,0.499510258436203,0.5271664767265319,0.7513980269432068,0.5271664767265319,0.8216798025131226,0.9050410263061524,2.199383980178833,0.0910067884504795,2.1191325134277346,2.0,1.0,10.0,,,,,0.7557567659378052,0.7557567659378052,,,,16.91010120239258,0.6012569649299239,0.21143203786319228,,0.1945014999360795,0.6493073679079675,0.19869242537363319,0.0016451562920905601,0.05288816853218777,1.5118838924511222,,0.005274843907089026,,75.13170978521845,18.32795646084342,,104.93171050442253,75.08135490660455,24.55611407529017,94.48175291802472,43.26283949347818,16.910082956787885,,0.6931471824645996,,0.08757364474664069,0.20882570961858057,,0.1539611837286858,0.09872355093811727,0.28384333792006133,0.008095618177229051,0.6282363628885549,0.2184140038718084,,,,0.27155,5431.0,0.79899764,0.8171366,0.85114896,0.803989,0.6334307,0.6947273,0.71842855,0.693442,0.5035500526428223,0.613952633857727,0.7107498645782471,0.613952633857727,0.207,207.0,0.42046655555218565,0.47666806433702386,0.4680443343335494,0.27522761296038484,0.3126975807221605,0.2947236702187057,0.23972406416276568,0.2468365021117392,0.2639730701557092,0.011991460432270428,0.0014779722160484286,0.018192411801864407,0.018114213103115343,0.010762691418983636,0.034552430530192614,0.03129150175789769,0.028324623755287926,0.03933645303065367,0.6635,0.6909091,0.8352713,0.7595395,0.89918697,0.6370079,0.50708663,0.67651516,0.5028499364852905,0.5340121495723724,0.7457000017166138,0.5340121495723724,0.178,178.0,0.4061670230953366,0.41798417156158496,0.4510158462104751,0.27848827193256553,0.24462419615282102,0.30840699642443603,0.24555142625553844,0.234151089324119,0.2509649822668708,0.037325351027231175,0.0369942684600707,0.038177705694887515,0.046722630360912766,0.04856579540350361,0.04483388321455442,0.03585903099834441,0.033190657011432805,0.03200365665202425,0.8334677,0.84774774,0.87992704,0.78816795,0.57154477,0.6855263,0.7044715,0.65218985,0.5031999945640564,0.5739823917150497,0.7282249331474304,0.5739823917150497,0.1925,192.5,0.41331678932376115,0.44732611794930444,0.45953009027201225,0.2768579424464752,0.27866088843749076,0.30156533332157087,0.24263774520915204,0.2404937957179291,0.25746902621129,0.024658405729750803,0.019236120338059565,0.02818505874837596,0.032418421732014056,0.029664243411243622,0.039693156872373514,0.03357526637812105,0.030757640383360367,0.03567005484133896,0.7484839,0.7693284,0.85759914,0.7738537,0.73536587,0.6612671,0.60577905,0.66435254,2026-10-06T10:38:44.309989
62,0.7525501251220703,0.49433520436286926,0.5235573127746582,0.7529775500297546,0.5235573127746582,0.8181080086708069,0.9010723614692688,2.147768210220337,0.09670623986721039,2.052430839920044,2.0,1.0,10.0,,,,,0.7699740847587585,0.7699740847587585,,,,16.885987829589844,0.5446402109732293,0.21782059998364206,,0.1926397093257327,0.7193329241245415,0.1815957119510432,0.0015187609405405108,0.05041000537669203,1.428782026289375,,0.005507794840118231,,75.09734883885474,18.309610913513573,,104.93703329487211,75.0465252627233,24.53027348609487,94.47910114458412,43.34031140272784,16.88597100859235,,0.6931471824645996,,0.08832230537560336,0.210606034679018,,0.15513333137247973,0.09955557046612357,0.28623742928170853,0.008186341856552917,0.6338038155987005,0.2207725296734245,,,,0.27375,5475.0,0.79609066,0.8228152,0.8487123,0.8019945,0.6380452,0.6972929,0.72355205,0.6955193,0.4999999701976776,0.6434385828971863,0.7078999876976013,0.6434385828971863,0.271,271.0,0.3173324736796957,0.37106615224824074,0.3888069091208009,0.22105047020368507,0.2674038486709722,0.26804003777925134,0.15564939735230887,0.14421512823185392,0.18337370555869137,-0.02653365250486193,-0.021906066469602744,-0.010792408080443716,-0.016894329212110606,-0.005066818414686343,0.013901478644422415,-0.024300564922392687,-0.025975769684748358,-0.015883985769942797,0.741,0.6809091,0.81666666,0.75328946,0.8829268,0.63937014,0.48307088,0.6659091,0.5051000118255615,0.5596996822357178,0.7434500455856323,0.5596996822357178,0.235,235.0,0.3651562990544785,0.38393687358573,0.41995320633146654,0.27268715498502877,0.24382131015824313,0.2946240959095069,0.2543403267352131,0.2517639178652385,0.2668522727573801,0.0426730466897299,0.04894176891702177,0.04391723963328645,0.036328912054258186,0.040060695339202076,0.035811957324326626,0.03521049169792506,0.03312755687185292,0.028793470215400196,0.8419355,0.85450447,0.879562,0.78854966,0.57886183,0.68026316,0.6784553,0.64379567,0.5025499910116196,0.6015691325664521,0.7256750166416168,0.6015691325664521,0.253,253.0,0.3412443863670871,0.37750151291698536,0.4043800577261337,0.24686881259435692,0.2556125794146077,0.2813320668443791,0.204994862043761,0.19798952304854622,0.22511298915803574,0.008069697092433983,0.013517851223709512,0.016562415776421365,0.00971729142107379,0.017496938462257867,0.02485671798437452,0.005454963387766187,0.0035758935935522804,0.0064547422227286995,0.7914678,0.76770675,0.8481144,0.77091956,0.7308943,0.6598166,0.5807631,0.6548524,2026-10-06T10:43:00.182107
63,0.7539948225021362,0.49986234307289124,0.5215502763748169,0.7543700933456421,0.5215502763748169,0.8209762958526612,0.9042593494415283,2.1534833156585695,0.10576375821232796,2.068574363899231,2.0,1.0,10.0,,,,,0.7709660671234131,0.7709660671234131,,,,16.860654696655274,0.6388143215589462,0.22378570045445376,,0.19543179950326872,0.6780106569551358,0.18682392961849834,0.0015601736180496158,0.05132952071489043,1.5499370758700524,,0.0053936208492281375,,75.06266677759255,18.290423618000784,,104.93930306404259,75.01172832318932,24.50574527424612,94.48262534171913,43.422371566675274,16.860636389179593,,0.6931471824645996,,0.08903238115606794,0.2123430784151053,,0.15625797667700775,0.10037747756311088,0.288670394830643,0.00831753752271461,0.6395586611358983,0.22261893644834022,,,,0.26565,5313.0,0.8077386,0.8207813,0.856458,0.8055095,0.64339954,0.69618183,0.7175982,0.6870061,0.5062000155448914,0.6294033279418946,0.708549976348877,0.6294033279418946,0.201,201.0,0.39075527577909147,0.44388706022458446,0.4326366565018605,0.2586036845356344,0.31058303107419494,0.2798082559113404,0.1840913969077366,0.1943155967467599,0.19968756372716737,0.015635475704780823,0.007812933326903878,0.01612002333595417,0.027667132514429472,0.02052827165953023,0.031692363273447904,-0.0013617353971001902,-0.0065090982108460885,-0.007710449513297007,0.6905,0.6736364,0.82209307,0.7654605,0.8947155,0.6570867,0.4940945,0.657197,0.5031999945640564,0.5447824354171753,0.7467500567436218,0.5447824354171753,0.175,175.0,0.39200933335660926,0.42940430925583534,0.4509228212406949,0.23346584240821075,0.22947324242860517,0.2700857141611642,0.23437043747180025,0.22684285477279909,0.2515510636533071,0.040028029300274555,0.040379715647813647,0.04180067938083946,0.04175068556127493,0.048419363849089514,0.04428674417093614,0.03416221887683559,0.031463090948542084,0.02849993069492418,0.8185484,0.8360361,0.8828468,0.8080152,0.5711382,0.6969299,0.696748,0.6587591,0.5047000050544739,0.5870928816795349,0.7276500165462494,0.5870928816795349,0.188,188.0,0.3913823045678504,0.4366456847402099,0.4417797388712777,0.2460347634719226,0.2700281367514,0.2749469850362523,0.20923091718976844,0.2105792257597795,0.22561931369023724,0.027831752502527687,0.024096324487358763,0.028960351358396814,0.034708909037852204,0.03447381775430987,0.037989553722192024,0.0164002417398677,0.012476996368847998,0.010394740590813587,0.75452423,0.7548362,0.8524699,0.78673786,0.73292685,0.6770083,0.59542125,0.65797806,2026-10-06T10:47:15.697780
64,0.7510122656822205,0.5010252594947815,0.5264507628440857,0.7514975070953369,0.5264507628440857,0.8235243285179138,0.9070904932022095,2.2066414691925047,0.09466554411053657,2.1254856296539306,2.0,1.0,10.0,,,,,0.7648352169036865,0.7648352169036865,,,,16.83639338684082,0.5397764301983414,0.2169048400109361,,0.17659746824651007,0.6710753875553228,0.1837063896333336,0.0015096883163461165,0.04971330116983432,1.507278729586085,,0.005065777847338705,,75.0281577626611,18.270590691050145,,104.9402140234686,74.9767008981887,24.479570510281118,94.48378228837518,43.50553527151703,16.83637327449337,,0.6931471824645996,,0.08978046623954347,0.2136902614573764,,0.1572415639830243,0.10116955922667388,0.29096845266925303,0.008458035321799433,0.6453903146610138,0.22461008921170691,,,,0.26305,5261.0,0.7992382,0.81588805,0.84791994,0.80973536,0.6362539,0.69848484,0.7160794,0.6882892,0.5095500349998474,0.6131462635993957,0.7186501026153564,0.6131462635993957,0.203,203.0,0.36412460319321194,0.39207871380440734,0.4028485176919788,0.22597271542159592,0.23414116142419,0.27151567936850424,0.20947803148952676,0.2069480557545648,0.22587280317230418,-0.005710323364217951,-0.0025115753136148874,0.007084551305012951,0.025728033654778246,0.027958315700303656,0.041783220925752255,0.012586218200294649,0.014703704397715818,0.028201256601126146,0.73550004,0.68863636,0.84534883,0.7611842,0.89959353,0.64527565,0.48228347,0.6875,0.5034000277519226,0.5349635224342346,0.7479500770568848,0.5349635224342346,0.189,189.0,0.38265188617867296,0.38422105978833176,0.4215040423101619,0.2697553317556771,0.21417832189801989,0.2890820744375308,0.2674857216383565,0.2493257840915029,0.27203891402765085,0.033835219493416245,0.028531267683966483,0.030106012150343284,0.047332566937711706,0.04563147312295535,0.04323928450194725,0.03477060645307508,0.026834638295458027,0.026924721281153335,0.84717745,0.84369373,0.8843066,0.8038168,0.5739837,0.6824562,0.6902439,0.65328467,0.506475031375885,0.5740548930168152,0.7333000898361206,0.5740548930168152,0.196,196.0,0.37338824468594245,0.3881498867963695,0.41217628000107037,0.24786402358863652,0.22415974166110494,0.2802988769030175,0.23848187656394162,0.22813691992303387,0.24895585859997751,0.014062448064599147,0.013009846185175799,0.018595281727678117,0.036530300296244975,0.0367948944116295,0.042511252713849756,0.023678412326684863,0.020769171346586922,0.02756298894113974,0.79133874,0.766165,0.86482775,0.7825005,0.73678863,0.6638659,0.58626366,0.67039233,2026-10-06T10:51:28.079005
65,0.7543026208877563,0.49722030758857727,0.519635845375061,0.7541219592094421,0.519635845375061,0.8221325263023377,0.9055440424919129,2.1653660932540895,0.10662120351791382,2.09912961769104,2.0,1.0,10.0,,,,,0.7754749361991883,0.7754749361991883,,,,16.812718225097655,0.49983276360353845,0.20788985468257384,,0.17979395978010385,0.6842607546384167,0.17719585906453195,0.0015242345288920863,0.049788355554459963,1.416663240285436,,0.005712323274854926,,74.99359194032705,18.24772507977334,,104.93725960117996,74.94158712010474,24.4514606135666,94.48189131621342,43.5728540602763,16.812700794001294,,0.6931471824645996,,0.0904843422352888,0.21470968596115234,,0.15802215855972024,0.10192339558889911,0.29304101626584483,0.008547985101723747,0.6503691062046464,0.22674879317830324,,,,0.262,5240.0,0.81369287,0.8206404,0.85158473,0.80547,0.63358647,0.7019192,0.71927905,0.68692464,0.5024499893188477,0.6071608591079712,0.7214500904083252,0.6071608591079712,0.197,197.0,0.3557247087066919,0.3973422825642491,0.3886166012386631,0.24787913391224145,0.2875811980051417,0.2785416142603608,0.18041566622297775,0.18108299018581014,0.1865778571170499,0.0029500766641853155,0.0072802072895313775,0.010910609850794749,0.013431873086790468,0.044767798314262704,0.028382179894292595,-0.0005287947618873397,0.0024655114301742084,0.00946381048850277,0.751,0.68,0.8310078,0.76611847,0.8987805,0.64921266,0.5074803,0.68522733,0.49789997935295105,0.5380968284606934,0.7445500493049622,0.5380968284606934,0.188,188.0,0.3801856497308575,0.3928805426187675,0.4140060375543672,0.26757679624541747,0.2486807531464356,0.29339340862772273,0.24886690017102173,0.24985016976522165,0.2546069512919323,0.041137779806163136,0.03953000758511209,0.036865832534229065,0.052592631381060864,0.06091001282911058,0.04761349954289717,0.048273165812658315,0.04559786965080792,0.04192711224936897,0.833871,0.85225224,0.8821168,0.78969467,0.5711382,0.67149127,0.7,0.6521898,0.5001749843358994,0.5726288437843323,0.7330000698566437,0.5726288437843323,0.1925,192.5,0.3679551792187747,0.3951114125915083,0.40131131939651515,0.25772796507882945,0.26813097557578863,0.28596751144404176,0.21464128319699974,0.21546657997551588,0.2205924042044911,0.022043928235174225,0.023405107437321732,0.023888221192511907,0.03301225223392566,0.05283890557168664,0.037997839718594884,0.02387218552538549,0.024031690540491063,0.02569546136893587,0.7924355,0.76612616,0.85656226,0.77790654,0.73495936,0.660352,0.60374016,0.66870856,2026-10-06T10:55:44.310500
66,0.7538554668426514,0.4991549849510193,0.5178675678730011,0.755135178565979,0.5178675678730011,0.8245471012115478,0.9082269081115723,2.205978322792053,0.11063814510107041,2.215146360588074,2.0,1.0,10.0,,,,,0.7999202825546264,0.7999202825546264,,,,16.788988565063477,0.4744560054153394,0.19343316578751157,,0.1753339527566342,0.6422739733176627,0.18083744398822452,0.0015226025573663105,0.04993348420378129,1.437663419041664,,0.00540123423442814,,74.95963933665281,18.22716370357829,,104.93740839867075,74.90650283910666,24.423970410778264,94.48320750825724,43.65080608683787,16.78897087437332,,0.6931471824645996,,0.09128545381271155,0.21619341365850656,,0.15899146941437084,0.10271723278958327,0.29529374192474755,0.008633774367107707,0.65577537314907,0.22897148597392308,,,,0.25915,5183.0,0.8069968,0.8247684,0.85114896,0.80387044,0.6367991,0.7072727,0.71705145,0.69338083,0.49515005946159363,0.6220394630432129,0.7126999497413635,0.6220394630432129,0.228,228.0,0.35617378957953344,0.3886324796267742,0.38376727935673133,0.2522834616695493,0.2891151923670109,0.2635201787155076,0.20182069775402423,0.20230869233597518,0.19983961176005424,0.006459684738344771,0.0036516738256869904,0.011871624574477102,0.01830612768010897,0.03146698109146696,0.025223937776925224,-0.003197664130232478,-0.000756170067629296,0.0011347011627985074,0.704,0.68,0.8286822,0.7555921,0.9004065,0.65236217,0.49133858,0.67992425,0.5059000253677368,0.5355512673854828,0.7517499327659607,0.5355512673854828,0.182,182.0,0.3954077213204418,0.39866202662640543,0.42540084141168233,0.2875982338547202,0.2564525079729788,0.31007713403733667,0.2885673973294295,0.27877580679473357,0.2797214453575167,0.0425471586118264,0.03723733004657096,0.03835296904189784,0.055215819753018994,0.04568188359209971,0.04849567814450161,0.04336368297421137,0.037195744377017545,0.03750917718598355,0.8512097,0.8558559,0.88248175,0.80725193,0.5711382,0.6872807,0.697561,0.6580292,0.5005250424146652,0.5787953652143478,0.7322249412536621,0.5787953652143478,0.20500000000000002,205.0,0.37579075544998763,0.3936472531265898,0.4045840603842068,0.2699408477621348,0.27278385016999485,0.2867986563764221,0.24519404754172686,0.24054224956535436,0.23978052855878546,0.024503421675085582,0.020444501936128977,0.02511229680818747,0.036760973716563984,0.03857443234178333,0.03685980796071342,0.020083009421989446,0.018219787154694123,0.01932193917439103,0.7776048,0.76792794,0.855582,0.781422,0.7357724,0.66982144,0.5944498,0.6689767,2026-10-06T11:00:00.485554
67,0.7547624707221985,0.502557635307312,0.5146186009883881,0.7563620805740356,0.5146186009883881,0.824226351261139,0.9078705222129821,2.189352925682068,0.11276642149090767,2.1186307773590087,2.0,1.0,10.0,,,,,0.808666185092926,0.808666185092926,,,,16.76446610107422,0.5821821067933064,0.2059376329468314,,0.1824679727055085,0.6486799369572075,0.18311309710050086,0.001503965363594567,0.04995216665919989,1.3730570072201407,,0.005629314259095058,,74.92494653592443,18.203826017440505,,104.94068840658589,74.87163961617051,24.395299632078522,94.48685955849423,43.7117333624773,16.76444602771929,,0.6931471824645996,,0.09210643846138268,0.21728364696168595,,0.15995666394188146,0.1034966602826574,0.2974547664071344,0.00876491942152286,0.6604435610923038,0.23099199658746172,,,,0.26165,5233.0,0.8116079,0.8287354,0.85479397,0.807267,0.6446262,0.69953537,0.71456057,0.68955195,0.5064500570297241,0.6280304884910584,0.7107499241828918,0.6280304884910584,0.207,207.0,0.38426339188558495,0.43365709615237774,0.42966696665696336,0.23993312925878277,0.2429101025042721,0.27265275532826116,0.22765392436215745,0.23586888797902453,0.24320271219793096,0.008706827861330042,0.017322291896165704,0.013989280640961207,0.018784940580133094,0.029794980012354262,0.023383327143536484,0.008939673493250684,0.005401793191368646,0.012192748297015062,0.735,0.6913637,0.829845,0.76085526,0.89186996,0.6322835,0.47047246,0.6723485,0.5053999423980713,0.5366303038597107,0.7455499172210693,0.5366303038597107,0.173,173.0,0.38082948239625003,0.40180278614064857,0.42078663243896625,0.26399956661344953,0.2268994080456231,0.2751644099980798,0.2769051087905369,0.27647832925417415,0.2800652809195796,0.038267576538204055,0.03488565070656171,0.03508887389816209,0.04893915017046785,0.048354243400741674,0.04437898367304681,0.04116042756481216,0.03566011885143954,0.033762802477457145,0.8395161,0.8518018,0.8843066,0.789313,0.57642275,0.68201756,0.6869919,0.6510949,0.5059249997138977,0.5823303961753845,0.7281499207019806,0.5823303961753845,0.19,190.0,0.3825464371409175,0.4177299411465132,0.42522679954796483,0.25196634793611616,0.2349047552749476,0.2739085826631705,0.2522795165763472,0.2561736086165993,0.2616339965587553,0.02348720219976705,0.02610397130136371,0.02453907726956165,0.03386204537530047,0.03907461170654797,0.03388115540829165,0.025050050529031424,0.020530956021404093,0.022977775387236103,0.787258,0.7715827,0.8570758,0.77508414,0.73414636,0.6571505,0.57873213,0.6617217,2026-10-06T11:04:16.260446
68,0.7555096745491028,0.49901020526885986,0.5140116305828094,0.7570297718048096,0.5140116305828094,0.8236872155189514,0.9072714831352234,2.148881451225281,0.11535010528564453,2.142820105934143,2.0,1.0,10.0,,,,,0.8212054386138916,0.8212054386138916,,,,16.74130913696289,0.5943122819350783,0.20510524746244121,,0.18412886398613074,0.6507279909909911,0.17496219666520502,0.0015312135123179123,0.04959709506932717,1.4066698630903935,,0.005302647220832444,,74.89030626625012,18.18171472002746,,104.94159606156076,74.83675564322502,24.3668889209723,94.48694625174164,43.76871361702111,16.741286684753028,,0.6931471824645996,,0.09281409759620193,0.21845144878147513,,0.1608945556506989,0.10421893593801815,0.2994062258939075,0.008849458780827796,0.6649297673231477,0.23299652357010325,,,,0.2601,5202.0,0.8117081,0.828232,0.8568542,0.8056872,0.6451324,0.70088893,0.71555287,0.6920163,0.49705004692077637,0.6031017055511475,0.7160001397132874,0.6031017055511475,0.211,211.0,0.3684942487789445,0.4295504303695465,0.44047311774627357,0.21491261817543464,0.22260287110674706,0.2511074724110336,0.19579474001920272,0.19345524944639128,0.22287827574589258,-0.003345368541810547,-0.005306767630855968,0.004954904489134356,0.008880162684916605,0.0017978858994385659,0.02015405778148656,0.014357422781178074,0.018363285031141402,0.03237154227099526,0.7275,0.6881819,0.80968994,0.76480263,0.90081304,0.64251965,0.5059055,0.6833334,0.5092999339103699,0.5234935684204102,0.7490999698638916,0.5234935684204102,0.176,176.0,0.37852919425536014,0.4063052119682995,0.4323233292074299,0.25637673456863586,0.2148533681769506,0.27725326395476324,0.2648904654516808,0.26544489938762933,0.27906243874421843,0.035195553875986024,0.03045522415129308,0.03699361547843741,0.03713751097615573,0.037059791429472896,0.04204913262851818,0.031439202727749256,0.02636119325885536,0.028522770290376035,0.8431452,0.85540545,0.8813869,0.79503816,0.5747968,0.68333334,0.70731705,0.65036494,0.5031749904155731,0.5632976369857788,0.7325500547885895,0.5632976369857788,0.1935,193.5,0.3735117215171523,0.417927821168923,0.43639822347685175,0.23564467637203523,0.21872811964184885,0.2641803681828984,0.23034260273544177,0.22945007441701032,0.2509703572450555,0.015925092667087738,0.012574228260218557,0.02097425998378588,0.02300883683053617,0.01942883866445573,0.03110159520500237,0.022898312754463666,0.02236223914499838,0.030447156280685644,0.7853226,0.77179366,0.8455384,0.7799204,0.7378049,0.6629265,0.60661125,0.66684914,2026-10-06T11:08:31.412743
69,0.7545347809791565,0.5001276135444641,0.5155191811561585,0.7559172511100769,0.5155191811561585,0.8259287327766418,0.9097620586395264,2.1795544815063477,0.11535998349785805,2.1216904037475586,2.0,1.0,10.0,,,,,0.8224095325469971,0.8224095325469971,,,,16.715935440063475,0.48480533015955785,0.1636105558840902,,0.16788913670239175,0.6585874062055236,0.18039506975158004,0.0014754900285027992,0.04900741358851172,1.4605045316705279,,0.0052237075113596475,,74.85556258669325,18.16034792031452,,104.94538811361714,74.80164827966387,24.33810703010316,94.4920393342425,43.83504269836815,16.715918607772537,,0.6931471824645996,,0.0934829480329137,0.2196320598102679,,0.16183016302099654,0.10495066775637828,0.30135892739721165,0.00898666927816382,0.6697921122714972,0.2348937258409087,,,,0.25775,5155.0,0.8157979,0.8268224,0.8487322,0.805707,0.6410631,0.7024445,0.717254,0.68953156,0.502000093460083,0.6241973156929016,0.7119500637054443,0.6241973156929016,0.237,237.0,0.3460318814032152,0.37169958519332896,0.384313437130753,0.24757989331809646,0.24104341438083793,0.27131086991655906,0.2151629747426636,0.21140206836745054,0.2266934475647843,-0.008485797355449416,0.005278055878747939,0.006139172284685409,0.0019326943005094463,0.007830124968612764,0.008602679790536376,-0.014974346787188906,-0.0076170693894882105,-0.001375051986167981,0.72300005,0.68045455,0.81666666,0.7654605,0.8918699,0.6574803,0.49724412,0.657197,0.49635007977485657,0.5359860718250274,0.7499499917030334,0.5359860718250274,0.178,178.0,0.39491560481364996,0.3989291311801211,0.43255674237475,0.29285439966590787,0.23292963682501516,0.30226186211937617,0.3005851848318046,0.2895346364779211,0.2988919348463854,0.04402652680310989,0.03651179886211933,0.04192821754788387,0.048250932247306824,0.048466498742665,0.04844099379080096,0.0432631705746164,0.03545045421386532,0.03479157244710844,0.8407258,0.85495496,0.8773723,0.81068707,0.5711382,0.6872807,0.70975614,0.6459854,0.4991750866174698,0.5800916937589645,0.7309500277042389,0.5800916937589645,0.2075,207.5,0.3704737431084326,0.385314358186725,0.4084350897527515,0.2702171464920022,0.23698652560292655,0.2867863660179676,0.2578740797872341,0.25046835242268584,0.26279269120558485,0.017770364723830236,0.020894927370433636,0.02403369491628464,0.025091813273908137,0.02814831185563888,0.028521836790668668,0.014144411893713748,0.013916692412188555,0.01670826023047023,0.7818629,0.7677047,0.8470195,0.7880738,0.7315041,0.6723805,0.6035001,0.6515912,2026-10-06T11:12:46.940502
70,0.7500072121620178,0.5012322068214417,0.5132774220466614,0.7566400170326233,0.5132774220466614,0.8253447581291199,0.9091131954193116,2.192008688545227,0.11149283078312874,2.136616466140747,2.0,1.0,10.0,,,,,0.8361366612434388,0.8361366612434388,,,,16.691385302734375,0.502995034311987,0.1769168644574038,,0.16576845806305576,0.6807731545654832,0.16957770095794064,0.0014878119591172714,0.04831991662645036,1.2334897658627504,,0.004943208281984434,,74.8204416165686,18.137078522117275,,104.94408591689577,74.76689007024096,24.309714031826918,94.4931880683656,43.90096166331297,16.691365369565926,,0.6931471824645996,,0.09406348151765812,0.22052518985453684,,0.16264314683759287,0.10564116635330163,0.30320980157821803,0.009122673635649833,0.6746150129919599,0.23664895706116015,,,,0.2578,5156.0,0.8193063,0.828232,0.85138667,0.81024885,0.6359034,0.7009495,0.71952206,0.6876375,0.5099999904632568,0.5956171612739563,0.7203500270843506,0.5956171612739563,0.225,225.0,0.3033100447791158,0.34736799610948904,0.35059826636678987,0.21473606677033572,0.24749498578269769,0.24719289949577447,0.18955508949664324,0.2071537182749874,0.21049242379717992,0.008856537073349387,0.007537946054680003,0.013401250684476925,0.01911934923942092,0.02384421055080173,0.028058293740264223,0.004901027153692879,-0.00030973797832272966,0.009756193395343062,0.73700005,0.6736364,0.8352713,0.7717106,0.902439,0.6590552,0.4909449,0.68522733,0.48614999651908875,0.5177626819610596,0.7536999583244324,0.5177626819610596,0.174,174.0,0.39332290558790767,0.3854134474444871,0.4246656884327274,0.28975583189333165,0.23054382095130985,0.30302712545503235,0.2978143853680191,0.28550848581167626,0.2960081614843129,0.04826037468948115,0.04392716070507075,0.045874770497256905,0.05330968530037208,0.04827151871306639,0.04882109369444668,0.04300285811575102,0.03548699663305025,0.03430014997151781,0.85040325,0.8536036,0.88248175,0.8064886,0.57520324,0.69429827,0.7101626,0.65474457,0.4980749934911728,0.5566899216175079,0.7370249927043915,0.5566899216175079,0.1995,199.5,0.3483164751835117,0.36639072177698806,0.38763197739975863,0.2522459493318337,0.23901940336700378,0.2751100124754034,0.24368473743233116,0.24633110204333183,0.2532502926407464,0.028558455881415267,0.025732553379875376,0.029638010590866914,0.036214517269896496,0.03605786463193406,0.03843969371735545,0.02395194263472195,0.01758862932736376,0.022028171683430436,0.79370165,0.76362,0.8588765,0.7890996,0.73882115,0.67667675,0.60055375,0.66998595,2026-10-06T11:17:01.300697
71,0.7499299645423889,0.49820244312286377,0.5112745024681091,0.7573049664497375,0.5112745024681091,0.8270851699829102,0.9110469854354858,2.1774152671813964,0.10382819227576255,2.1415899087905883,2.0,1.0,10.0,,,,,0.8436601892471314,0.8436601892471314,,,,16.665865646362306,0.4646689447153146,0.1717167777857583,,0.1621732077543523,0.7171337224875286,0.16942527508185168,0.0014768073859529652,0.04865931342860126,1.2408409363524928,,0.005425307755121237,,74.78583546049276,18.114372131930796,,104.94253331081123,74.73215367991453,24.282336071038703,94.49421395465826,43.96311085694914,16.665841521730847,,0.6931471824645996,,0.09466423132237356,0.22161696841762324,,0.16343303072224757,0.106358292945631,0.30508525887872,0.009215268798789401,0.679263563292801,0.23823152463527242,,,,0.25465,5093.0,0.81708103,0.82100284,0.85598254,0.8047591,0.64608645,0.7085051,0.717497,0.687332,0.4971499443054199,0.6292962532043457,0.7087000608444214,0.6292962532043457,0.199,199.0,0.35057457566803196,0.3896581233894247,0.3958555674877401,0.24727754990059328,0.28986869595540105,0.28001852903534724,0.16648843784241416,0.17385194284230507,0.18360174732743384,0.014615850763150515,0.0142733560342797,0.01986417724272557,0.020258224313542263,0.0336819778051389,0.028755654562775238,0.002593556343496584,0.007174460452238444,0.012874366183121527,0.6995,0.6781818,0.8248062,0.76743424,0.89634144,0.6562992,0.46889767,0.6662879,0.4893999695777893,0.5348125436305999,0.7523000240325928,0.5348125436305999,0.176,176.0,0.3722531413875643,0.3878856186301661,0.41871938273670545,0.25265683870985883,0.22403385757758107,0.27998604350333345,0.24957922009953462,0.24322392053724814,0.25842626711745803,0.030842530176047166,0.027620444112762335,0.031132352951718158,0.04486009536119651,0.043544771127486614,0.04383002782853092,0.02915525220456144,0.02425823802853488,0.024889941213332992,0.85,0.83468467,0.8810219,0.8091603,0.5902439,0.69649124,0.69715446,0.6554745,0.4932749569416046,0.5820543984174729,0.7305000424385071,0.5820543984174729,0.1875,187.5,0.36141385852779817,0.3887718710097954,0.40728747511222274,0.24996719430522607,0.25695127676649104,0.2800022862693403,0.2080338289709744,0.2085379316897766,0.22101400722244594,0.022729190469598842,0.020946900073521017,0.02549826509722186,0.032559159837369386,0.03861337446631276,0.036292841195653076,0.015874404274029013,0.015716349240386663,0.01888215369822726,0.77475,0.75643325,0.8529141,0.7882973,0.7432927,0.6763952,0.58302605,0.66088116,2026-10-06T11:21:11.050966
72,0.7582401633262634,0.49986761808395386,0.5091494009017944,0.758737325668335,0.5091494009017944,0.8282227291107178,0.9123109382629394,2.2388410781860353,0.10806662438511848,2.1235513683319094,2.0,1.0,10.0,,,,,0.8455803572654724,0.8455803572654724,,,,16.63913090209961,0.4957240900606107,0.16928545855412816,,0.17182920021331236,0.6765512112219623,0.16775160973334008,0.001491776488463329,0.04887195566230139,1.366738311424377,,0.005610322161906867,,74.75106549111142,18.091834378090635,,104.94524315512105,74.69770210411897,24.252936126320225,94.49565804839894,44.020637172042946,16.63910756445235,,0.6931471824645996,,0.09530407323199473,0.2229445386844076,,0.16435435974294213,0.10705296633539686,0.30675076318394606,0.009365215500116727,0.6836285515196004,0.2395463773779049,,,,0.25805,5161.0,0.8176424,0.82198954,0.8516442,0.8078989,0.6453855,0.7116566,0.72112197,0.6925662,0.4940500259399414,0.6093259935379028,0.7127999663352966,0.6093259935379028,0.207,207.0,0.36752008258013147,0.42209854256458423,0.40927846711874954,0.26740645522239376,0.27299201101142156,0.27101638691952556,0.24409860573569767,0.23835161196660318,0.24176793213526107,0.020409491864788295,0.014919123672864144,0.029650755927142433,0.026246160572375665,0.019482035761644197,0.03999059460942612,0.0273986153604338,0.02906045515358845,0.03426793470219106,0.6995,0.66727275,0.8290698,0.7730263,0.9020325,0.6708662,0.48188978,0.6640152,0.49195006489753723,0.527345272064209,0.7525998950004578,0.527345272064209,0.185,185.0,0.3935820482351914,0.3920646076506004,0.42246876134080696,0.2731473958027043,0.22925164477930524,0.29327565215568635,0.30661447712192547,0.2904333126104037,0.3091626988983579,0.03896184258022379,0.03758635504739742,0.03887069468348646,0.05242356670794877,0.05991741746415156,0.04966039030017571,0.037914765122929336,0.03422984222809975,0.03476332816659699,0.8491936,0.8563063,0.8835767,0.80610687,0.58292687,0.6877193,0.7044715,0.64854014,0.4930000454187393,0.5683356328010559,0.7326999306678772,0.5683356328010559,0.196,196.0,0.3805510654076614,0.40708157510759235,0.41587361422977825,0.270276925512549,0.2511218278953634,0.282146019537606,0.27535654142881155,0.26439246228850344,0.2754653155168095,0.02968566722250604,0.026252739360130783,0.034260725305314446,0.03933486364016221,0.039699726612897876,0.044825492454800914,0.032656690241681566,0.0316451486908441,0.034515631434394026,0.7743468,0.76178956,0.85632324,0.7895666,0.7424797,0.67929274,0.59318066,0.65627766,2026-10-06T11:25:21.436599
73,0.7564446926116943,0.5006499290466309,0.5074149255275726,0.7576650977134705,0.5074149255275726,0.8302833315849304,0.9146004948616028,2.243078244018555,0.11171770755052567,2.0899344945907594,2.0,1.0,10.0,,,,,0.84137752161026,0.84137752161026,,,,16.612931005859377,0.48904401059173475,0.16490658851945475,,0.1676436341871881,0.6358394740493434,0.15651146206221764,0.0013708891411931818,0.04520381271696774,1.2902322553904952,,0.005369578144857126,,74.7154344206403,18.06964289914271,,104.94766522061293,74.6628773197247,24.22207062107742,94.4921545526784,44.07998149410175,16.612912014031867,,0.6931471824645996,,0.09588291870940263,0.22416354279229594,,0.16522890092081324,0.10772656383597927,0.3081691103756048,0.00947041375337133,0.6881143139426116,0.24073371813175784,,,,0.2534,5068.0,0.81864476,0.82722515,0.8518819,0.81093997,0.63479364,0.70137376,0.7231673,0.6935234,0.5067000389099121,0.6138765106201172,0.7135000824928284,0.6138765106201172,0.195,195.0,0.32894269550755706,0.4145001333964449,0.40592544816321263,0.18345367655622846,0.21866969514193452,0.22912014912603437,0.20057364822746057,0.20245177443988624,0.23807066378998823,0.021605928045453176,0.015621294422682435,0.02369532117766385,0.022968083555331833,0.015394885252100619,0.02233907526824485,0.02365775201835124,0.02054156037944776,0.0230405237731832,0.695,0.6677273,0.8375969,0.75296056,0.8939024,0.6586614,0.50826776,0.6810606,0.5127500891685486,0.5318804025650025,0.7507999539375305,0.5318804025650025,0.158,158.0,0.4101389612915858,0.41214513185388185,0.4487334711588578,0.2658962309636812,0.23092470108453372,0.2930362172860543,0.3182935001211196,0.30068751441546193,0.32724897817119936,0.04141838180846618,0.030219055319180663,0.037686180716848275,0.05011366863366336,0.04317785534580481,0.04359403365706991,0.04116306586321911,0.034332986504947594,0.03437679185763304,0.8491936,0.8513514,0.8821168,0.80725193,0.57073176,0.6855263,0.7077236,0.649635,0.5097250640392303,0.5728784565925598,0.7321500182151794,0.5728784565925598,0.1765,176.5,0.3695408283995714,0.4133226326251634,0.4273294596610352,0.22467495375995483,0.22479719811323412,0.2610781832060443,0.2594335741742901,0.2515696444276741,0.2826598209805938,0.031512154926959676,0.02292017487093155,0.03069075094725606,0.0365408760944976,0.029286370298952716,0.03296655446265738,0.032410408940785174,0.027437273442197676,0.028708657815408118,0.77209675,0.75953937,0.85985684,0.78010625,0.7323171,0.67209387,0.6079957,0.6653478,2026-10-06T11:29:36.419516
74,0.7588146328926086,0.49964502453804016,0.5061295254230499,0.7607377171516418,0.5061295254230499,0.8279663695335389,0.9120260953903199,2.214661478996277,0.09799446692466736,2.055638578796387,2.0,1.0,10.0,,,,,0.8442528491973877,0.8442528491973877,,,,16.587947857666016,0.548797475446941,0.17621216416406404,,0.17428254196123713,0.6633972149745674,0.18781615316772918,0.0014166693107868621,0.04793870763461681,1.6148295920745583,,0.005032236963027798,,74.6798901892012,18.0454051995733,,104.94970518464496,74.6280565687046,24.19670792597874,94.49979429791688,44.14290179112914,16.587926961813764,,0.6931471824645996,,0.09647499200454943,0.224909437405076,,0.16611600178442185,0.10842957238482821,0.3105743662187248,0.009619064279090447,0.6927311291360552,0.24239308230436532,,,,0.2573,5146.0,0.8206696,0.8344946,0.8517631,0.8082741,0.63707167,0.7123636,0.7245849,0.69712836,0.5079999566078186,0.6511783833503724,0.6858000159263611,0.6511783833503724,0.213,213.0,0.3564627261372723,0.41167417718657606,0.4043181999394279,0.18093880005986168,0.20763096102527206,0.20601008285647737,0.17079989730021455,0.17271196049502813,0.18775325612254526,0.01996652128907474,0.029562891477085886,0.03989298237108396,0.012767141061136779,0.024978277764690127,0.037399392409419474,0.004208067674838419,0.009868832033671386,0.023361890628395412,0.695,0.6718182,0.7011628,0.7667763,0.9065041,0.63779527,0.47598425,0.6246213,0.5109999775886536,0.5733940734863281,0.7289000749588013,0.5733940734863281,0.168,168.0,0.382743367515855,0.40434478440144433,0.4315117482153542,0.2552091013572829,0.2252305393290722,0.28290257033198385,0.2623489557623913,0.2557990044299882,0.27337006547574305,0.042995187311212206,0.04159854624074071,0.04491285426138477,0.053558360591263954,0.05143847956697022,0.05272543433081595,0.04351282969709766,0.040468964753824825,0.04311643624870919,0.808871,0.8220721,0.80802923,0.80496186,0.5849594,0.66885966,0.70162606,0.6328468,0.5094999670982361,0.6122862284183502,0.7073500454425812,0.6122862284183502,0.1905,190.5,0.36960304682656364,0.4080094807940102,0.4179149740773911,0.2180739507085723,0.21643075017717212,0.2444563265942306,0.21657442653130293,0.21425548246250817,0.23056166079914414,0.031480854300143475,0.0355807188589133,0.04240291831623437,0.03316275082620036,0.03820837866583018,0.04506241337011771,0.02386044868596804,0.025168898393748106,0.0332391634385523,0.7519355,0.74694514,0.754596,0.7858691,0.7457317,0.65332747,0.58880514,0.628734,2026-10-06T11:33:51.086574
75,0.7604548335075378,0.5011373162269592,0.5059863689422608,0.7607596516609192,0.5059863689422608,0.8249226286888123,0.9086441617965698,2.161644998550415,0.1073951537489891,1.9959781295776367,2.0,1.0,10.0,,,,,0.8553699584007263,0.8553699584007263,,,,16.562017657470705,0.4770420914764997,0.1788884497419664,,0.17688497015316584,0.6455300161792974,0.1831013284576167,0.001516483385066923,0.04970762068939626,1.406678620227583,,0.005729866074694759,,74.64516303190001,18.023138471469757,,104.95273745591473,74.59384121257028,24.170710351057114,94.50096834996704,44.21268898058849,16.561997784171133,,0.6931471824645996,,0.09718833949155868,0.22591412314184153,,0.16709784983070033,0.1091520383384577,0.31297786372482395,0.009818917525944057,0.6976000211041444,0.2442595232634028,,,,0.26745,5349.0,0.83083403,0.83342725,0.85358554,0.80531204,0.6367212,0.7091718,0.71986634,0.6975764,0.4979499876499176,0.6178490929603576,0.7143501043319702,0.6178490929603576,0.243,243.0,0.3515225207936588,0.37756938315319355,0.38579633214315484,0.2450397799828815,0.24071262140706884,0.2518269003863148,0.25492466009236264,0.25755197659553636,0.26235164197063515,0.008416301559300792,0.017815749993130844,0.023941246591263222,0.025213999488572038,0.03851917057319563,0.04343177288669324,-0.0025443743741280947,-0.003687620888065314,0.0028686817664642194,0.7325,0.675,0.84302324,0.7565789,0.8947155,0.6527559,0.48425198,0.6715909,0.5087499618530273,0.5374920558929444,0.7493999600410461,0.5374920558929444,0.201,201.0,0.3553120338778099,0.3609045446149175,0.4017457914411458,0.24891171378947677,0.19460085134070565,0.27444837323168003,0.25971522424345855,0.25342221997120945,0.272243787502028,0.03787198866971841,0.04041729654133721,0.04048008766700028,0.03901841607660022,0.04693474952067474,0.0453526453380634,0.037586938609111505,0.03651328983136737,0.03964238744984425,0.8508065,0.8603604,0.8843066,0.7900763,0.5800813,0.6850877,0.692683,0.65036494,0.5033499747514725,0.577670574426651,0.7318750321865082,0.577670574426651,0.222,222.0,0.35341727733573436,0.3692369638840555,0.3937710617921503,0.24697574688617913,0.21765673637388724,0.2631376368089974,0.2573199421679106,0.2554870982833729,0.26729771473633157,0.0231441451145096,0.029116523267234025,0.03221066712913175,0.03211620778258613,0.042726960046935186,0.04439220911237832,0.017521282117491706,0.01641283447165103,0.021255534608154235,0.7916533,0.76768017,0.8636649,0.7733276,0.7373984,0.6689218,0.5884675,0.66097796,2026-10-06T11:38:06.196476
76,0.7554623484611511,0.4994400441646576,0.5106332139968872,0.7580724954605103,0.5106332139968872,0.8220162976264953,0.9054149002075196,2.1408540773391724,0.10730302572250366,1.9834222164154052,2.0,1.0,10.0,,,,,0.859264360332489,0.859264360332489,,,,16.536035247802733,0.514610050590175,0.21059050655383973,,0.18938564248145764,0.6714864563030801,0.17806563915530588,0.0015103272455269886,0.050560254105337106,1.3086089617127825,,0.005054161361782741,,74.61110288777928,18.00382435549596,,104.9548253344882,74.55954232185509,24.143068022029414,94.49832114444416,44.27856928831453,16.536015504484723,,0.6931471824645996,,0.09790231211549917,0.22760059195718949,,0.16814075752048735,0.10983667071837529,0.3149448319984849,0.009919684243857101,0.7022298688341857,0.2460729343116663,,,,0.2713,5426.0,0.8254611,0.82023764,0.85091126,0.8117891,0.6392913,0.7051919,0.7206157,0.6911202,0.49995002150535583,0.6058576092720032,0.717449963092804,0.6058576092720032,0.214,214.0,0.3603380862838838,0.3933619821558965,0.4052171590250358,0.22181855549356042,0.2143592760810593,0.23411453867120524,0.22985350902043086,0.22959392420709226,0.2431532727477492,0.020481175820266036,0.02728759158350171,0.03374464477000482,0.022099154463940052,0.03399860216345974,0.03727222664969804,-0.001984157333870363,-0.000771993692712222,0.006677763729960595,0.72300005,0.67227274,0.8379845,0.7592105,0.9060976,0.6507874,0.496063,0.68636364,0.5021499991416931,0.5179011671543121,0.7540000081062317,0.5179011671543121,0.165,165.0,0.3796066209425635,0.37610189332001387,0.4152796555566716,0.2724090691666674,0.1959575594348218,0.28634961829654026,0.2752901091145816,0.2581428360452808,0.27386635660792596,0.042353032550827126,0.04452160143697759,0.04667675716442881,0.042090041349424755,0.049941194694915786,0.04432893501180185,0.035488440236301516,0.03209136195653431,0.03261645072545303,0.85161287,0.8603604,0.8843066,0.8057252,0.5703252,0.69166666,0.71056914,0.6554745,0.5010500103235245,0.5618793882131576,0.7357249855995178,0.5618793882131576,0.1895,189.5,0.36997235361322367,0.3847319377379552,0.4102484072908537,0.24711381233011392,0.20515841775794055,0.26023207848387275,0.25257180906750626,0.24386838012618656,0.25850981467783757,0.03141710418554658,0.035904596510239646,0.040210700967216816,0.032094597906682405,0.04196989842918776,0.040800580830749944,0.016752141451215577,0.015659684131911045,0.019647107227706812,0.7873064,0.76631653,0.86114556,0.78246784,0.7382114,0.67122704,0.60331607,0.67091906,2026-10-06T11:42:20.536337
77,0.7601100206375122,0.4996875524520874,0.5054918100595475,0.7603449821472168,0.5054918100595475,0.8201837368965149,0.9033787224769593,2.1296147022247314,0.09998029643893241,2.0309272159576417,2.0,1.0,10.0,,,,,0.8584857537269592,0.8584857537269592,,,,16.510821508789064,0.6070827803793987,0.18834757498779875,,0.17425685575243774,0.6523842426242342,0.1727597538358087,0.001495268157680347,0.05000530063489061,1.326322528207378,,0.004785015263889803,,74.5773493772859,17.98723526972874,,104.95902106412657,74.52510653939217,24.114049814309283,94.49373957154098,44.34930925308519,16.510804000174165,,0.6931471824645996,,0.09870386479576682,0.2295750828495451,,0.16914121512394803,0.11050450996418668,0.3166060419219315,0.010024602418160363,0.7070354773740101,0.2478391669548241,,,,0.2716,5432.0,0.8234362,0.8212042,0.8593304,0.8113547,0.6385514,0.7057172,0.7270555,0.6962729,0.5039000511169434,0.5945447397232055,0.7204000353813171,0.5945447397232055,0.219,219.0,0.3443120552367579,0.403224501516378,0.4110194210831398,0.2092207057234323,0.25925922761422865,0.260593753072564,0.15514568320447245,0.15184390692849406,0.17689791012247016,0.01834096518476233,0.024560443613176598,0.030408114170953706,0.02840858773773641,0.031860989259146315,0.039139096857428425,0.02863877068626818,0.03169391541881557,0.03726729911902569,0.734,0.68545455,0.8333333,0.7651316,0.9048781,0.66259843,0.4838583,0.68863636,0.49000000953674316,0.5219963822364807,0.7574998736381531,0.5219963822364807,0.175,175.0,0.37096312477710197,0.3782722436502857,0.4182483605344844,0.2563939983617339,0.20172881308908366,0.27483899311168425,0.25841364251812654,0.24347841195677328,0.2645979636242493,0.04828324607426601,0.05108245369921692,0.053271406578376056,0.05030126621688495,0.06007444676274879,0.055228546555506595,0.04108632303901966,0.037734556439902436,0.038103861930994916,0.853629,0.8603604,0.90072995,0.8057252,0.58170736,0.69385964,0.696748,0.6631387,0.49695003032684326,0.5582705609798431,0.7389499545097351,0.5582705609798431,0.197,197.0,0.35763759000692996,0.39074837258333184,0.4146338908088121,0.23280735204258307,0.23049402035165617,0.26771637309212415,0.2067796628612995,0.19766115944263368,0.22074793687335975,0.03331210562951417,0.03782144865619676,0.04183976037466488,0.03935492697731068,0.04596771801094755,0.04718382170646751,0.034862546862643916,0.034714235929359,0.0376855805250103,0.79381454,0.7729075,0.86703163,0.7854284,0.7432927,0.67822903,0.5903032,0.6758875,2026-10-06T11:46:35.429461
78,0.7635703682899475,0.4993850588798523,0.4990607400417328,0.7638747096061707,0.4990607400417328,0.8235056490898133,0.907069739818573,2.144766498756409,0.108796386551857,1.9879538122177125,2.0,1.0,10.0,,,,,0.8626492950439453,0.8626492950439453,,,,16.48830654296875,0.5368215306454404,0.17810689619961817,,0.1773062608186986,0.6736215127121871,0.19442653105517102,0.0014359017639053143,0.04997202719615144,1.6055035370929984,,0.005519664134892522,,74.5430722570723,17.964452500555925,,104.96005700955725,74.4906733810522,24.086592121488728,94.49365593977035,44.42489859708555,16.488287287912552,,0.6931471824645996,,0.09930840889169912,0.23066142979700854,,0.16994685902717008,0.11123281494257556,0.31853893930744975,0.010108920680299687,0.7119806708803602,0.24992507316504314,,,,0.26335,5267.0,0.83177626,0.8284132,0.85935026,0.80625993,0.6479751,0.7180202,0.7179425,0.70140535,0.501800000667572,0.6145568628311158,0.7186999917030334,0.6145568628311158,0.211,211.0,0.3441793490978837,0.392460903532949,0.38818390085780113,0.2605667445295797,0.31590776982410734,0.2909408853130948,0.1970461023311162,0.20330156207334985,0.20968019790536327,0.020213024911102575,0.03431662669621536,0.040784340856400945,0.03350142940033376,0.052438862097290546,0.056927252640711974,0.02761463801679364,0.036554457314350454,0.04527580807204572,0.72450006,0.6909091,0.8310078,0.7667763,0.9085366,0.6602362,0.47716537,0.6840909,0.49734991788864136,0.5124234025478362,0.7591500282287598,0.5124234025478362,0.18,180.0,0.3699767849649797,0.38691294739700155,0.41337531155870727,0.2681763672879055,0.23008467630155557,0.28300182505212546,0.253597241452569,0.24426595286501326,0.2564116534511875,0.04526134284070647,0.04875925118952187,0.04855840060429358,0.04732050296492738,0.04859429636798472,0.04862176523628669,0.04242773617423806,0.03913280416340269,0.04101917270400608,0.8427419,0.86621624,0.9080292,0.80839694,0.5845529,0.6986842,0.7028456,0.6583942,0.4995749592781067,0.563490132689476,0.7389250099658966,0.563490132689476,0.1955,195.5,0.35707806703143175,0.3896869254649753,0.4007796062082542,0.2643715559087426,0.27299622306283144,0.28697135518261013,0.2253216718918426,0.22378375746918155,0.23304592567827537,0.032737183875904526,0.04153793894286861,0.044671370730347264,0.04041096618263057,0.05051657923263764,0.05277450893849933,0.035021187095515854,0.037843630738876574,0.0431474903880259,0.78362095,0.77856266,0.8695185,0.7875866,0.7465447,0.67946017,0.59000546,0.6712426,2026-10-06T11:50:50.202410
79,0.7622750997543335,0.49530279636383057,0.5000596481323242,0.7638124227523804,0.5000596481323242,0.8210584694862366,0.904350652885437,2.1370747985839844,0.1072907970070839,1.999176350593567,2.0,1.0,10.0,,,,,0.8770647601127625,0.8770647601127625,,,,16.464095376586915,0.4678762428652329,0.19279659973089672,,0.18207883693657484,0.6682292860784348,0.2010270974533573,0.0015487756886353396,0.05280288486818599,1.5020700894343626,,0.005665347450668627,,74.50860634579021,17.94313888792779,,104.96230593152866,74.45609944337492,24.056894472450207,94.49568020765949,44.506840894176705,16.464087868951687,,0.6931471824645996,,0.09991061673232704,0.23194659031500484,,0.17081578778233497,0.11194460848524312,0.3203513872851232,0.010231462918269407,0.7171891415195101,0.25191989996630676,,,,0.27145,5429.0,0.8272053,0.8296617,0.85970676,0.8074645,0.64005065,0.71743435,0.7292021,0.70022404,0.5035499930381775,0.7386512427330018,0.6828000545501709,0.7386512427330018,0.225,225.0,0.37975940656713536,0.42615791269975345,0.4211688973605537,0.27227726989740086,0.30186376193239073,0.28731288483159195,0.2449810488443272,0.23821625712091118,0.23840993534424254,0.0006116096414597081,0.020639099788953435,0.013187504062593537,0.02216501060026169,0.04250413038056124,0.025324259238344658,-0.011577145196675546,-0.006121969378325846,-0.0164533929035712,0.72550005,0.6918182,0.71162796,0.7480264,0.8569106,0.63267714,0.47677168,0.62386364,0.5004499554634094,0.6862761754989624,0.7079000473022461,0.6862761754989624,0.183,183.0,0.39428187135587783,0.417116836964234,0.44044989707440324,0.28865712308080815,0.24540107591193774,0.3088682040402086,0.2924001794508462,0.2835559299917574,0.2977024242816171,0.05455390933678624,0.05395865103219818,0.05682541052377051,0.05214266893594479,0.05220771727516705,0.05153060255647706,0.05140577478205291,0.04660157081952933,0.046870096350620866,0.7774194,0.80360365,0.78248173,0.7908397,0.58292687,0.62894744,0.6760163,0.620073,0.5019999742507935,0.712463709115982,0.6953500509262085,0.712463709115982,0.20400000000000001,204.0,0.3870206389615066,0.4216373748319937,0.43080939721747846,0.2804671964891045,0.2736324189221642,0.2980905444359003,0.26869061414758666,0.2608860935563343,0.26805617981292984,0.027582759489122977,0.037298875410575805,0.035006457293182025,0.03715383976810324,0.047355923827864146,0.03842743089741086,0.01991431479268868,0.02023980072060174,0.015208351723524832,0.7514597,0.74771094,0.7470548,0.769433,0.7199187,0.6308123,0.57639396,0.6219683,2026-10-06T11:55:04.963475
80,0.7609971165657043,0.49951738119125366,0.5006767883300781,0.7631998658180237,0.5006767883300781,0.8179531560897827,0.900900298500061,2.089187888336182,0.10363709386587143,1.918182036972046,2.0,1.0,10.0,,,,,0.8909978589057922,0.8909978589057922,,,,16.444638351440428,0.45949142217446287,0.17149025156714354,,0.17687058512857007,0.6860220117174136,0.19394649541491915,0.0015198485469771845,0.05270642272321282,1.360833085266648,,0.0052081440989918725,,74.47398619439191,17.921375736309464,,104.96748298596425,74.42166769428617,24.02747841853245,94.49681232233716,44.58099722406667,16.44462162673853,,0.6931471824645996,,0.1005408708362063,0.23298304532743563,,0.17178951146875976,0.1126378297236315,0.32201400323278584,0.010348744209926979,0.7220199066362564,0.2545503040028226,,,,0.27775,5555.0,0.8206897,0.823963,0.8608558,0.81236184,0.6434969,0.72,0.72118264,0.70325863,0.49414998292922974,0.6162528834342956,0.7169500589370728,0.6162528834342956,0.263,263.0,0.3096929315905528,0.39675085335219856,0.37427216762263055,0.20642133634999071,0.2796399290978124,0.24718878997584687,0.19154938021255985,0.199103099099492,0.22209974210731048,0.04024490521017838,0.028358427226187533,0.04215046422946438,0.05020549072769563,0.02771125394700561,0.0521663881146059,0.04055216357541847,0.03846900118867731,0.040098530801822414,0.7435,0.6522727,0.8449612,0.7595395,0.9077236,0.6633858,0.47952756,0.6787879,0.5077000260353088,0.5190392398834228,0.7584500312805176,0.5190392398834228,0.222,222.0,0.35922775993672096,0.37229249354293925,0.40692157191409695,0.25168840387351216,0.20109464432963148,0.27945610621888,0.257357339369592,0.24922627094046979,0.2684804022854772,0.03683080454863896,0.036140997386309166,0.038015504506301125,0.04150098672154804,0.04763782892278499,0.04370443710228229,0.03281364615251653,0.027946091120747925,0.026435841521598877,0.8419355,0.86891896,0.90948904,0.8011451,0.58536583,0.6986842,0.7056911,0.6540146,0.5009250044822693,0.5676460616588592,0.7377000451087952,0.5676460616588592,0.2425,242.5,0.33446034576363687,0.38452167344756893,0.3905968697683637,0.22905487011175144,0.24036728671372193,0.26332244809736344,0.22445335979107592,0.22416468501998088,0.24529007219639384,0.03853785487940867,0.032249712306248346,0.040082984367882754,0.04585323872462184,0.0376745414348953,0.0479354126084441,0.0366829048639675,0.03320754615471262,0.03326718616171065,0.79271775,0.7605958,0.87722516,0.7803423,0.7465447,0.68103504,0.59260935,0.66640127,2026-10-06T11:59:19.388654
81,0.7591770887374878,0.5003576278686523,0.49704465928077696,0.7653024792671204,0.49704465928077696,0.8160259052276612,0.8987589144706726,2.0528923810958863,0.10002839065790177,1.8921490444183349,2.0,1.0,10.0,,,,,0.887939297580719,0.887939297580719,,,,16.424230041503908,0.49681180203036895,0.16996079968039396,,0.18531997198132194,0.6330959358412749,0.17991075109524332,0.0015835569601262782,0.05434336964112178,1.2410187888297306,,0.006463417871803294,,74.43949909574667,17.89825711584395,,104.97290719390675,74.38757800448472,23.99902583079733,94.4998879888255,44.65506051907874,16.424219981879943,,0.6931471824645996,,0.1011787671477172,0.23388654714936663,,0.17274964975703294,0.11333309560065057,0.3237536141447201,0.01052074288581587,0.7267902003731698,0.2569603037302661,,,,0.29195,5839.0,0.82925016,0.8260974,0.8637876,0.81538314,0.6388824,0.7243434,0.72385585,0.7011609,0.49400001764297485,0.5919408912658691,0.7257999181747437,0.5919408912658691,0.243,243.0,0.3114531303245048,0.4030126702472822,0.37172113949769775,0.21014650216574096,0.31271665209418936,0.24230304526002805,0.1865170224936234,0.18833442650886104,0.20179362990734795,0.05648921946405839,0.045777933559883646,0.056330977450048815,0.07876485488111473,0.0623586511679221,0.07205077454430613,0.0638522346036334,0.06332578580424153,0.059899234419906786,0.764,0.7218182,0.8395349,0.75888157,0.89837396,0.65984255,0.48622048,0.6840909,0.4983999729156494,0.5056431136131286,0.7620000243186951,0.5056431136131286,0.206,206.0,0.3921054646725304,0.39757735597851723,0.43211654117671605,0.2770683977077618,0.22486368012720576,0.3071452205651331,0.2940372930716842,0.27818838308746746,0.2898888998167935,0.04401071346219967,0.04924047352345312,0.04910589375054367,0.046959257044911086,0.05243685403141656,0.049898430218774416,0.04375646979616319,0.042490122746395895,0.04370792928282013,0.8560484,0.86666673,0.90766424,0.81068707,0.58252037,0.7118421,0.70162606,0.6569343,0.49619999527931213,0.5487920024394989,0.7438999712467194,0.5487920024394989,0.22449999999999998,224.5,0.35177929749851755,0.4002950131128997,0.40191884033720693,0.24360744993675137,0.26879016611069756,0.2747241329125806,0.2402771577826538,0.23326140479816426,0.24584126486207072,0.05024996646312903,0.047509203541668384,0.05271843560029624,0.0628620559630129,0.05739775259966933,0.060974602381540274,0.05380435219989829,0.05290795427531871,0.05180358185136345,0.8100242,0.7942425,0.8735995,0.7847843,0.74044716,0.68584234,0.5939233,0.6705126,2026-10-06T12:03:33.507562
82,0.7678870558738708,0.4988725483417511,0.49274821934700014,0.7681077718734741,0.49274821934700014,0.8138813974380493,0.8963761315345764,2.0175093975067138,0.09005452489256859,1.8910125301361085,2.0,1.0,10.0,,,,,0.8927406843185425,0.8927406843185425,,,,16.40591086730957,0.5499868951026042,0.16131381131708622,,0.18251330386491338,0.6582020501232451,0.18016044316208288,0.0015428975127358582,0.0541550255955974,1.1446940249698176,,0.006175332054070191,,74.40486621249254,17.87553607430428,,104.9765121071202,74.35378333413676,23.97188116182947,94.49896483208722,44.732943686710044,16.405896217200407,,0.6931471824645996,,0.10175316847243886,0.23482761356481321,,0.17369316584745031,0.11409218951015715,0.3254499336716476,0.0106349819855895,0.7317125091127529,0.2593778618581735,,,,0.2893,5786.0,0.8282879,0.8329642,0.85483366,0.8328002,0.6393692,0.7279394,0.7254962,0.7035031,0.5018999576568604,0.6098896729946136,0.7190499305725098,0.6098896729946136,0.228,228.0,0.3276684812122557,0.4101999041964457,0.37742222976482187,0.23449485944940074,0.3247333464067005,0.26026809576471094,0.18402330169041697,0.18543465156753666,0.19354118328969788,0.04373898373308907,0.05322433202775175,0.04945919302757396,0.05666105006797907,0.08447098756663855,0.05842571323802822,0.05656439723879876,0.06231043053710222,0.059122020176074645,0.7435,0.7063637,0.8271318,0.76085526,0.90609753,0.6543307,0.47480318,0.68030304,0.49775004386901855,0.5150699286460877,0.7616000175476074,0.5150699286460877,0.197,197.0,0.3542937296395101,0.3843635619533824,0.4119194735990681,0.2408872576430065,0.20490702691891727,0.2780116609054923,0.24497724267322277,0.23893003486004216,0.2623164972863219,0.051256321772794294,0.04918252464652546,0.05611454369972088,0.052256524873172415,0.05821247513488274,0.05641594261469684,0.04767489570201374,0.046324183878505905,0.046839569121300474,0.8491936,0.85720724,0.90912414,0.8053435,0.5841463,0.7100878,0.7138212,0.6605839,0.49982500076293945,0.5624798008203507,0.7403249740600586,0.5624798008203507,0.21250000000000002,212.5,0.3409811054258829,0.39728173307491405,0.394670851681945,0.23769105854620362,0.2648201866628089,0.2691398783351016,0.21450027218181988,0.21218234321378943,0.2279288402880099,0.04749765275294168,0.051203428337138604,0.05278686836364742,0.05445878747057574,0.07134173135076065,0.05742082792636253,0.05211964647040625,0.05431730720780406,0.05298079464868756,0.7963468,0.7817855,0.86812794,0.7830994,0.74512196,0.68220925,0.5943122,0.6704435,2026-10-06T12:07:43.595759
83,0.7728526592254639,0.4984324276447296,0.4846094944477081,0.7730076909065247,0.4846094944477081,0.8126098482131958,0.8949632972717285,2.0038681550979613,0.08963973125815392,1.8321472450256349,2.0,1.0,10.0,,,,,0.8890536405563354,0.8890536405563354,,,,16.38742750854492,0.480613405822189,0.17253055380787818,,0.1940135023301574,0.6698194973787684,0.177275497964613,0.0015583502990341965,0.05420347293660899,1.2124637386221795,,0.00694378526013042,,74.37040370285132,17.852101538591324,,104.97876064033265,74.31984618363107,23.944352702730022,94.49744337531412,44.81707197541644,16.387416487286803,,0.6931471824645996,,0.10228030625612113,0.2358220323066043,,0.1745933633131586,0.11484827575789895,0.3268971069223562,0.010694508666208215,0.7368741046850849,0.2616927337114978,,,,0.29095,5819.0,0.82473934,0.83231974,0.86553097,0.8486177,0.63896024,0.7365455,0.7259822,0.71162933,0.49634993076324463,0.6180079765319825,0.7131500244140625,0.6180079765319825,0.233,233.0,0.3589659034902382,0.4417896929873964,0.4072386191019472,0.262461690593436,0.36330296145282176,0.28179636388599677,0.21507013318292154,0.22755269581435023,0.23721299674066704,0.030254281847627636,0.035864094705907124,0.041049740288456676,0.04558491802996057,0.06961364127527471,0.059786811189510645,0.027084738197212164,0.030671038805289874,0.031126619318224105,0.7035,0.66545457,0.8554264,0.75888157,0.90203255,0.6649607,0.47834647,0.66477275,0.499349981546402,0.5137032475471497,0.7627000212669373,0.5137032475471497,0.214,214.0,0.37329870857652386,0.4031118522797569,0.42207155290672294,0.26284087609891943,0.2380376918716202,0.28562969858069404,0.25296944957015594,0.2524067010133785,0.2592212807366186,0.044042148603446116,0.05218229738548361,0.05097313785319158,0.04405859038323849,0.04963818834873725,0.047027559517160866,0.03296008554578922,0.029395304814646073,0.0289406463770393,0.8592742,0.85990995,0.90948904,0.81030536,0.58536583,0.7118421,0.71056914,0.65255475,0.4978499561548233,0.5658556120395661,0.7379250228404999,0.5658556120395661,0.2235,223.5,0.36613230603338104,0.42245077263357667,0.4146550860043351,0.2626512833461777,0.300670326662221,0.2837130312333454,0.23401979137653872,0.23997969841386435,0.24821713873864282,0.03714821522553688,0.044023196045695365,0.046011439070824126,0.044821754206599534,0.05962591481200598,0.05340718535333576,0.03002241187150069,0.030033171809967972,0.030033632847631702,0.7813871,0.76268226,0.88245773,0.78459346,0.7436992,0.6884014,0.5944578,0.65866375,2026-10-06T12:12:18.669028
84,0.7700729370117188,0.5016776919364929,0.48609243326187135,0.7712399363517761,0.48609243326187135,0.8132951897621155,0.8957247877120972,2.0216275356292726,0.08862753340899944,1.8139863292694092,2.0,1.0,10.0,,,,,0.8916629731178284,0.8916629731178284,,,,16.369391647338865,0.44528564753805755,0.17963009449849082,,0.20442376076985316,0.681960095455692,0.16664645533747735,0.0015940179593807715,0.05477410575054634,0.9888102768143271,,0.006228685091326761,,74.33547550857446,17.831299921509565,,104.98549102977583,74.286277430832,23.917711270083288,94.49825495823174,44.90384887889692,16.369361087774774,,0.6931471824645996,,0.10284426817848424,0.23708321846974123,,0.17559752029598139,0.11563123083987813,0.3283020835013906,0.010873907595683055,0.742047662947588,0.2637660757751222,,,,0.2926,5852.0,0.83121496,0.8344543,0.8562599,0.8496841,0.64293224,0.7305859,0.72019035,0.7046029,0.5064001083374023,0.60029891872406,0.7232499718666077,0.60029891872406,0.222,222.0,0.35938926486822553,0.4216450188791022,0.3969114745369738,0.274830582756937,0.31880446493974807,0.26922304606806585,0.22217374281740612,0.21218712210186919,0.22052559049917328,0.06817741541563638,0.05464191797353442,0.06930112346287048,0.09482221728057827,0.13928321484505296,0.10857076776403607,0.06850190261159296,0.07092661741762815,0.06938226270867032,0.7535,0.7122727,0.84418607,0.76381576,0.9052845,0.66456693,0.47165355,0.67348486,0.4983999729156494,0.500596049785614,0.7630501389503479,0.500596049785614,0.209,209.0,0.37667064053144556,0.4063178415293013,0.4354598761688105,0.2555990786609122,0.2242604920047747,0.2962856085653681,0.2727153855268258,0.2656468753951455,0.27960231891994825,0.048992266129207714,0.049083909345816065,0.052330543661225394,0.05839863926974319,0.06468492147375707,0.05901751415619045,0.0447335771894579,0.041344143642825223,0.04243805213843718,0.8608871,0.87117124,0.90948904,0.80419844,0.5914634,0.7149123,0.698374,0.65328467,0.5024000406265259,0.550447484254837,0.7431500554084778,0.550447484254837,0.2155,215.5,0.3680299526998355,0.41398143020420175,0.41618567535289214,0.2652148307089246,0.27153247847226136,0.282754327316717,0.24744456417211597,0.23891699874850733,0.2500639547095608,0.05858484077242204,0.05186291365967524,0.060815833562047936,0.07661042827516074,0.10198406815940501,0.08379414096011326,0.05661773990052543,0.05613538053022669,0.05591015742355375,0.8071935,0.79172194,0.87683755,0.7840071,0.748374,0.6897396,0.58501375,0.6633848,2026-10-06T12:16:33.986865
85,0.773185133934021,0.49959471821784973,0.4820685076236725,0.7732827067375183,0.4820685076236725,0.8118149242401123,0.8940800462722779,1.9962787891387939,0.09148137092590332,1.8580635231018066,2.0,1.0,10.0,,,,,0.8977478028297424,0.8977478028297424,,,,16.346165399169923,0.5667322642484288,0.17813306330305756,,0.19604619673103285,0.641689181232908,0.1672101802412112,0.0015439305541247936,0.05338876249541523,1.1116577624135715,,0.00635939397534747,,74.3012994656897,17.809476548699056,,104.98916383002215,74.25261727108318,23.889133307584533,94.49799434394593,44.96732962055571,16.346143503857267,,0.6931471824645996,,0.10348163061081224,0.2382953087235712,,0.17659365447463504,0.11637829619038637,0.3297187110800652,0.011001726007385618,0.7462896154185009,0.26515956915867556,,,,0.28775,5755.0,0.82874894,0.83244056,0.8590729,0.85410744,0.6435748,0.7400202,0.7201499,0.70818734,0.5014499425888062,0.6013367552757263,0.7276999950408936,0.6013367552757263,0.204,204.0,0.34509333885930454,0.4171164037078393,0.38252205888842455,0.23140533102180927,0.3027748182910734,0.2588300161590058,0.20003822175459948,0.19269993139605474,0.19395945777489962,0.05524961859464911,0.055061949755889794,0.06524585983067772,0.067447783342109,0.07295455736224123,0.0814157167784292,0.04809966927680812,0.04952896917358337,0.04945356049166273,0.762,0.72727275,0.8313953,0.77105266,0.90284556,0.6633858,0.4889764,0.6791667,0.49959996342658997,0.5056407203674317,0.7626999616622925,0.5056407203674317,0.202,202.0,0.34540217031826037,0.3804263911370003,0.40276221642611876,0.22828832352220724,0.20354505272430978,0.2664741634831889,0.23449681365342465,0.23359941759851022,0.25559161597706914,0.05694344985031974,0.05744180412997585,0.06005865613450723,0.053620090616959375,0.05928347708223067,0.05747074082502713,0.0535462836251103,0.04962785588269732,0.048917840764767455,0.8572581,0.8693694,0.90948904,0.8038168,0.57723576,0.7144737,0.71097565,0.65766424,0.5005249530076981,0.5534887378215789,0.745199978351593,0.5534887378215789,0.203,203.0,0.34524775458878243,0.3987713974224198,0.39264213765727163,0.22984682727200825,0.25315993550769156,0.26265208982109733,0.21726751770401206,0.21314967449728248,0.2247755368759844,0.05609653422248442,0.05625187694293282,0.06265225798259247,0.060533936979534186,0.06611901722223595,0.06944322880172817,0.050822976450959206,0.049578412528140346,0.04918570062821509,0.8096291,0.79832107,0.87044215,0.7874347,0.74004066,0.6889298,0.599976,0.6684154,2026-10-06T12:20:49.939935
86,0.7722345590591431,0.5021701455116272,0.48437927074432374,0.7725549936294556,0.48437927074432374,0.8126263637542724,0.8949816480636597,2.002718865585327,0.09541368069648742,1.8682118658065796,2.0,1.0,10.0,,,,,0.9014141632080078,0.9014141632080078,,,,16.322276959228514,0.5301938628077887,0.18437408869433555,,0.20532746889456444,0.6517537976526151,0.17526809465448567,0.0015587291105985523,0.053547090809246536,1.282605500737573,,0.006588625429482881,,74.26803841560509,17.788493113912594,,104.99416074327603,74.21860266035529,23.861162537981752,94.49819154192687,45.031685895980544,16.322258311472122,,0.6931471824645996,,0.10418002943324435,0.23943726035060398,,0.17757460332600175,0.11709306004700387,0.3311893383788455,0.01114273879226226,0.7505108604005947,0.2665935545969921,,,,0.285,5700.0,0.8299518,0.8228957,0.8626981,0.8566351,0.6446262,0.73565656,0.7246861,0.70309573,0.5040500164031982,0.5949537386894226,0.722350001335144,0.5949537386894226,0.224,224.0,0.3326412548610205,0.4059264268385552,0.3799387197806731,0.22605007790984427,0.3016306548912829,0.24580462534508185,0.17504919141669462,0.16260375757353357,0.18239481454853515,0.0285162325920237,0.029932146036205372,0.03502219073998166,0.03882066209978968,0.06091344994755327,0.05355363456944252,0.03254400287935854,0.03558367996146214,0.03169160890219781,0.73550004,0.73,0.83565897,0.75592107,0.9044715,0.6570867,0.48031497,0.68257576,0.5037000179290771,0.5022360162734986,0.762700080871582,0.5022360162734986,0.197,197.0,0.35837836548207164,0.3666030744753649,0.4066974607903269,0.24231210321264327,0.19029339222408198,0.27589358201691216,0.23595483122783525,0.22873341202393277,0.24189659008744094,0.04466392819418014,0.04923471005397622,0.04974231809368903,0.043938234880956745,0.06382816623796383,0.045459175374059496,0.03863801591500645,0.03324373314461905,0.03586551653911368,0.86008066,0.8698198,0.90948904,0.8034351,0.5886179,0.7074562,0.7004065,0.660219,0.5038750171661377,0.5485948774814606,0.742525041103363,0.5485948774814606,0.21050000000000002,210.5,0.34550981017154603,0.38626475065696003,0.3933180902855,0.23418109056124375,0.24596202355768243,0.260849103680997,0.20550201132226492,0.19566858479873317,0.21214570231798804,0.03659008039310192,0.039583428045090796,0.042382254416835345,0.041379448490373213,0.06237080809275855,0.049506404971751,0.035591009397182495,0.034413706553040595,0.03377856272065574,0.79779035,0.79990995,0.872574,0.7796781,0.7465447,0.6822714,0.59036076,0.6713974,2026-10-06T12:25:05.686669
87,0.771543025970459,0.4980352520942688,0.4863067090988159,0.7711999416351318,0.4863067090988159,0.8078276535987854,0.8896497452735901,1.9510417680740357,0.09298079215884208,1.8245258394241333,2.0,1.0,10.0,,,,,0.9137290469169617,0.9137290469169617,,,,16.299992727661134,0.5057417398235601,0.19158957877261623,,0.21450708607199845,0.6298843204595481,0.1712095145207302,0.0016455077225116977,0.05599205630125514,1.1175139874789366,,0.007570448746959601,,74.23433651286325,17.7669231754959,,105.00143296551552,74.18507341518523,23.83403982174624,94.49435497696992,45.09787074775453,16.299968512954226,,0.6931471824645996,,0.10484093071738626,0.24015706369451656,,0.17859783721197942,0.11787604047044827,0.3328156006184353,0.01121032078436036,0.7548475690708039,0.2683158477020871,,,,0.30025,6005.0,0.82512033,0.8282723,0.8542591,0.8645735,0.63292444,0.7331313,0.7253139,0.7061711,0.4860999882221222,0.6016877074241638,0.7271999716758728,0.6016877074241638,0.213,213.0,0.3133339276784239,0.38702087376971106,0.36580250520380364,0.15491723290064327,0.26838763970992446,0.2227347685476371,0.14872267074390333,0.15751293777282674,0.17375274608758406,0.05409946841187837,0.06087902275876331,0.05792456724249125,0.07117830398963475,0.09014258395491374,0.06801818744515539,0.040890581388627806,0.04470299177514789,0.044651859721101674,0.7575,0.7318182,0.8379845,0.7667763,0.90934956,0.65984255,0.4826772,0.67689395,0.5003499984741211,0.5223925116062165,0.7633999586105347,0.5223925116062165,0.197,197.0,0.32527556884207165,0.3489852503822465,0.37212905170537397,0.22277846804233273,0.20759889929322162,0.24478635003434016,0.21785241830577615,0.21019315990430032,0.22723723962920642,0.05190292190911924,0.05791527646318271,0.054860080799976924,0.052603936239721684,0.0655052011503432,0.05317038815910978,0.050945939924725736,0.04906912445443605,0.045320120106405785,0.858871,0.86801803,0.90912414,0.80839694,0.5768293,0.70570177,0.7146342,0.6627737,0.49322499334812164,0.5620401095151901,0.7452999651432037,0.5620401095151901,0.20500000000000002,205.0,0.3193047482602478,0.36800306207597877,0.3689657784545888,0.188847850471488,0.23799326950157304,0.23376055929098863,0.18328754452483975,0.18385304883856352,0.20049499285839523,0.05300119516049881,0.059397149610973005,0.05639232402123409,0.06189112011467822,0.07782389255262848,0.060594287802132586,0.04591826065667677,0.04688605811479197,0.04498598991375373,0.80818546,0.7999181,0.87355435,0.7875866,0.74308944,0.68277216,0.5986557,0.66983384,2026-10-06T12:29:21.418762
88,0.7750223278999329,0.4965153932571411,0.47852341570854184,0.7750624418258667,0.47852341570854184,0.8164744688987732,0.8992573171615601,2.0312347120285033,0.09041668322086334,1.809356088066101,2.0,1.0,10.0,,,,,0.9163612239837646,0.9163612239837646,,,,16.2766272857666,0.4798969479313322,0.1507713145273886,,0.18584681572807824,0.6510529964213159,0.16825182427456425,0.001486313876704829,0.052005189512470726,1.1848070405091449,,0.006570665192105185,,74.1997383749409,17.745348377592244,,105.00499822531536,74.15138881221698,23.805610401615215,94.4896174631301,45.159100696539426,16.27660538740219,,0.6931471824645996,,0.10541629848206878,0.24108866445577828,,0.1794775168227542,0.11863378625197016,0.3341588844918901,0.01131892643251996,0.758993794963618,0.2699058587384072,,,,0.2766,5532.0,0.8355052,0.82567453,0.8634509,0.86793053,0.6410242,0.7318788,0.72438234,0.7105295,0.49634993076324463,0.6001121459007264,0.721299946308136,0.6001121459007264,0.206,206.0,0.3501037096811481,0.4162452418448047,0.3922199323436149,0.21686919756851247,0.2819221431795908,0.2511878016277278,0.17855587507909396,0.18337139204450728,0.1820807841745005,0.027264971845730773,0.024260604990618134,0.03742361832758118,0.05139143574116502,0.06255796577878635,0.06401733724655023,0.0405397629547531,0.04282583967957885,0.05114323919077795,0.71849996,0.7118182,0.8228682,0.7654605,0.9081301,0.66377956,0.4964567,0.6787879,0.5080000162124634,0.5126045966148376,0.7592499852180481,0.5126045966148376,0.175,175.0,0.3653903932624241,0.3823936003842178,0.41231208763420474,0.2467229749180155,0.21986015488563262,0.28016094057369323,0.23421928156431793,0.22691677874076802,0.2429791625537778,0.044188158099473504,0.044991391848713445,0.04831685681502855,0.04563579897474491,0.05283768254907038,0.05127603881462882,0.043377673515605474,0.039872837803678056,0.038069468565234764,0.8625,0.8675676,0.9058394,0.80725193,0.57520324,0.70614034,0.7028456,0.64562047,0.502174973487854,0.556358371257782,0.740274965763092,0.556358371257782,0.1905,190.5,0.3577470514717861,0.39931942111451124,0.4022660099889098,0.23179608624326398,0.2508911490326117,0.2656743711007105,0.20638757832170596,0.20514408539263765,0.21252997336413915,0.03572656497260214,0.03462599841966579,0.04287023757130487,0.048513617357954966,0.057697824163928366,0.057646688030589525,0.041958718235179285,0.04134933874162845,0.044606353878006356,0.7905,0.7896929,0.8643538,0.7863562,0.7416667,0.68495995,0.59965116,0.66220415,2026-10-06T12:33:31.096791
89,0.7759676575660706,0.5008875131607056,0.47492455372810366,0.776257336139679,0.47492455372810366,0.8168550313949585,0.8996801648139954,2.029233018684387,0.10178160244822503,1.834110834121704,2.0,1.0,10.0,,,,,0.9184173602104188,0.9184173602104188,,,,16.253911614990233,0.5565236641722879,0.18359246125124443,,0.20055980273302954,0.6299651667570613,0.16388495916583737,0.0015464150116950939,0.05256309481278346,1.1445959445777212,,0.006626882401456653,,74.16464855412768,17.72464623420861,,105.00640451224746,74.11747489005897,23.778087202910406,94.48709786773487,45.21460556224653,16.253893396656984,,0.6931471824645996,,0.10593177990359105,0.242258683511406,,0.18032224267531352,0.1193541474877649,0.3354920598731679,0.011441970178798127,0.762884772127601,0.27148107985022724,,,,0.28045,5609.0,0.8321171,0.83546114,0.8654715,0.86635077,0.64345795,0.73638386,0.7236128,0.70704687,0.5036999583244324,0.5956087675094605,0.7221999764442444,0.5956087675094605,0.181,181.0,0.36105905893836615,0.44204649516310546,0.40798116316276084,0.20063371512100053,0.29964452397013486,0.24488662258475521,0.16921735916859748,0.18138044966590627,0.18320322483740648,0.03139267340106087,0.043513174471443934,0.04848248992623909,0.04473697554746881,0.06607971089449154,0.062404644725385004,0.05477283840063207,0.053800244114323735,0.06193924213402544,0.7225,0.71681815,0.82751936,0.7700658,0.9081301,0.65511817,0.48818898,0.6848485,0.4924500584602356,0.49570245814323427,0.764549970626831,0.49570245814323427,0.176,176.0,0.34775002976174363,0.3809431824742508,0.40578907604385295,0.22148876740674311,0.2181532307877132,0.265593199998342,0.22239948825548553,0.22146420871926717,0.23838176850408205,0.04966573880658908,0.05278270330886732,0.05385654919355533,0.05824241452540668,0.06425536317306252,0.060847508004666546,0.04983922372633589,0.04572782860737293,0.044551894157470726,0.8620968,0.86801803,0.90912414,0.8129771,0.57886183,0.702193,0.7146342,0.6649635,0.498075008392334,0.5456556128263473,0.7433749735355377,0.5456556128263473,0.1785,178.5,0.35440454435005486,0.4114948388186781,0.40688511960330687,0.21106124126387182,0.25889887737892403,0.2552399112915486,0.1958084237120415,0.20142232919258674,0.21079249667074426,0.040529206103824975,0.04814793889015563,0.05116951955989721,0.051489695036437744,0.06516753703377703,0.061626076365025775,0.052306031063483985,0.049764036360848335,0.05324556814574809,0.79229844,0.7924181,0.8683218,0.79152143,0.74349594,0.6786556,0.6014116,0.674906,2026-10-06T12:37:43.618058
90,0.7734375,0.5030097365379333,0.4813369667053223,0.773449718952179,0.4813369667053223,0.8143399625778198,0.8968856426239014,2.0086222427368163,0.10440801239609718,1.8220437896728516,2.0,1.0,10.0,,,,,0.9262937081336975,0.9262937081336975,,,,16.232641159057618,0.5756764362572105,0.17669047189840845,,0.20465010124596822,0.632094544020428,0.17380472324836027,0.0015184773802519984,0.053111753823935605,1.331178721918422,,0.006492135374307051,,74.13045229577715,17.70276938274408,,105.01056792629753,74.0835837588948,23.750099558739144,94.48896036330302,45.275912801171565,16.232626507995995,,0.6931471824645996,,0.1065800807373539,0.24324554499167544,,0.18116414157827948,0.12007465118625361,0.33690720170166844,0.01164573961928202,0.7670170342086986,0.27308685726420895,,,,0.28315,5663.0,0.83271855,0.8321184,0.8506933,0.86528444,0.6360787,0.73709095,0.7233496,0.7105092,0.5004000067710876,0.6014076066017151,0.7275999188423157,0.6014076066017151,0.21,210.0,0.32782735528832746,0.42833801668967764,0.39117234096789943,0.1789834648322321,0.3105483814646418,0.23162444337179988,0.15149518641084728,0.16588264869927521,0.18302829520313132,0.006582322918454362,0.019372775891053944,0.0190001110967193,0.010994929931197368,0.03962255701817485,0.014947200995051228,-0.00042424696202673196,0.0011841596323569682,0.008342073206756952,0.7465,0.68636364,0.833721,0.7736842,0.90731704,0.66811025,0.5,0.6996212,0.5142999291419983,0.506492939710617,0.7652999758720398,0.506492939710617,0.188,188.0,0.3461746406454234,0.3942619942742735,0.40630942103684425,0.2151147127458397,0.22627576793686133,0.25758505759875905,0.20123787991743697,0.1998648475155097,0.21528494389039066,0.05897409994323328,0.06212975631826562,0.06335068077706635,0.06395779016056499,0.07276156001534553,0.06961082196408759,0.06386579319033481,0.06247704008528623,0.06359449878591623,0.8770161,0.8716216,0.9229927,0.80877864,0.5735773,0.69561404,0.71626014,0.65291977,0.507349967956543,0.5539502731561661,0.7464499473571777,0.5539502731561661,0.199,199.0,0.33700099796687544,0.41130000548197554,0.3987408810023718,0.1970490887890359,0.26841207470075157,0.24460475048527947,0.17636653316414214,0.18287374810739246,0.199156619546761,0.03277821143084382,0.04075126610465978,0.041175395936892824,0.03747636004588118,0.05619205851676019,0.04227901147956941,0.03172077311415404,0.0318305998588216,0.03596828599633659,0.81175804,0.77899265,0.8783568,0.7912314,0.74044716,0.6818621,0.6081301,0.6762705,2026-10-06T12:41:59.527630
91,0.7753599882125854,0.5030571818351746,0.475904802274704,0.7752227187156677,0.475904802274704,0.8098636945724488,0.8919120125770569,1.94952209815979,0.10303718720674515,1.7764659910202025,2.0,1.0,10.0,,,,,0.9276701518058776,0.9276701518058776,,,,16.210436233520507,0.5782516146921048,0.18183768671124603,,0.2082647868212621,0.6377057936161187,0.16379398363790695,0.0015519354722290566,0.05355298255754125,1.1198648559819362,,0.006602934630629221,,74.09640638995323,17.680177822234523,,105.01325872141844,74.04980507625896,23.721927703565854,94.49000763133833,45.33401596166526,16.21042256446401,,0.6931471824645996,,0.10723283032702792,0.2441237773864892,,0.1820085537471589,0.12081572104980991,0.33832192667730293,0.011746013222653775,0.7710037193480571,0.2745991364406173,,,,0.27995,5599.0,0.83484364,0.8271244,0.8623811,0.86769354,0.62959504,0.7353334,0.7321993,0.7129939,0.4995500445365906,0.5867407965660095,0.7317500114440918,0.5867407965660095,0.202,202.0,0.3048906996370401,0.39010857745964517,0.3494569630583228,0.1928767233832108,0.3089151920033908,0.22112688543037373,0.15035209730519586,0.14654165965970892,0.15510036672052488,0.037953159520112315,0.04202259862516338,0.03902818710075068,0.055608006845866156,0.09991744250133515,0.05373449745476637,0.03496904287057115,0.03897677124085574,0.03322498122845778,0.754,0.7054545,0.8333333,0.76381576,0.9052845,0.6728347,0.5177165,0.70151514,0.5110999941825867,0.49125130915641785,0.7677000164985657,0.49125130915641785,0.201,201.0,0.334350372880953,0.37823522469948717,0.400704069598054,0.23118736012926142,0.22969439326518137,0.2782875613004004,0.2035970671664887,0.18928063808881998,0.20622406338683,0.0464890595628298,0.04996430819583412,0.0475443840523883,0.053947411521627214,0.061616958352772505,0.05175240004308735,0.045017692220779316,0.042522048911898626,0.04196810619241345,0.875,0.8630631,0.9222628,0.8148855,0.5719512,0.7008772,0.7195122,0.6682482,0.5053250193595886,0.5389960528612137,0.7497250139713287,0.5389960528612137,0.2015,201.5,0.31962053625899656,0.38417190107956617,0.3750805163281884,0.2120320417562361,0.2693047926342861,0.24970722336538706,0.17697458223584228,0.16791114887426445,0.18066221505367744,0.042221109541471055,0.04599345341049875,0.04328628557656949,0.054777709183746685,0.08076720042705382,0.05274344874892686,0.03999336754567523,0.04074941007637718,0.037596543710435616,0.8145,0.78425884,0.8777981,0.7893506,0.7386179,0.6868559,0.6186144,0.6848817,2026-10-06T12:46:12.052762
92,0.7764148116111755,0.5003026127815247,0.47433778462409976,0.777005672454834,0.47433778462409976,0.8114162112236023,0.8936370289802551,1.982125399017334,0.08712022168040276,1.775841321182251,2.0,1.0,10.0,,,,,0.9298048100471497,0.9298048100471497,,,,16.188130545043947,0.4667951134359761,0.17097084134057827,,0.19273685111076969,0.6335588902424855,0.16808782771799216,0.0015445802680359097,0.05353728830102523,1.1955106402658353,,0.006810594669685575,,74.0622576087903,17.658298018631662,,105.01757880532817,74.01625265133609,23.69397722232114,94.49274964545184,45.40023334770446,16.18811873417751,,0.6931471824645996,,0.1078635550513389,0.24523819622340476,,0.1828838222345729,0.12152878261485676,0.33979421303530405,0.011882175228730509,0.775215257504943,0.27601449561726515,,,,0.2877,5754.0,0.8382318,0.83250105,0.8652535,0.8680687,0.6352025,0.73709095,0.72776425,0.71211815,0.5062999725341797,0.5896012210845947,0.7300500273704529,0.5896012210845947,0.234,234.0,0.28758710971751494,0.3957205072684608,0.37016444688700195,0.15693336351382584,0.27420474889557556,0.22352060959682515,0.12602740435099172,0.12619679460790917,0.15392592891951135,0.05313545185057624,0.05474555419847668,0.05305954505927896,0.06835610912049364,0.09773879351156352,0.05917556872554032,0.04385219607414557,0.05323404653295829,0.042441906675994207,0.775,0.70818186,0.8387597,0.77236843,0.9060976,0.6622047,0.48740157,0.6939394,0.48980003595352173,0.4902798600196838,0.7687000632286072,0.4902798600196838,0.197,197.0,0.33951585019832053,0.38712092205030196,0.42072662305156566,0.21602715330445602,0.2014647783230147,0.2751142957906556,0.21540413890866883,0.21230876898561832,0.23022558163775356,0.051959986100748284,0.04830599661056384,0.05273948426252737,0.05789154674116862,0.05978649625605295,0.0546095181134693,0.04813306442747074,0.043112667179496696,0.04512797683148179,0.8669355,0.86801803,0.9229927,0.80877864,0.5857724,0.704386,0.7195122,0.66861314,0.4980500042438507,0.5399405405521392,0.74937504529953,0.5399405405521392,0.21550000000000002,215.5,0.31355147995791777,0.3914207146593814,0.3954455349692838,0.18648025840914093,0.23783476360929512,0.2493174526937404,0.17071577162983026,0.16925278179676373,0.19207575527863247,0.052547718975662266,0.05152577540452026,0.05289951466090317,0.06312382793083113,0.07876264488380824,0.05689254341950481,0.04599263025080816,0.04817335685622749,0.043784941753737996,0.82096773,0.78809994,0.8808762,0.79057354,0.74593496,0.68329537,0.6034569,0.68127626,2026-10-06T12:50:29.291555
93,0.7776851654052734,0.500897228717804,0.4715133278846741,0.7776272892951965,0.4715133278846741,0.8100333158493042,0.8921004833221435,1.9620003700256348,0.09886036611795425,1.7172393560409547,2.0,1.0,10.0,,,,,0.9302620607376099,0.9302620607376099,,,,16.16747333984375,0.6104425495597208,0.17743205684860042,,0.20729490288883257,0.6035177149590413,0.16072006390732566,0.0015286060760485803,0.05312225096829378,1.1233840159549835,,0.006479224343606193,,74.02788256991441,17.636658686741143,,105.01921339095777,73.9825313106464,23.667065784430047,94.48935184357272,45.4696766555689,16.16745086232568,,0.6931471824645996,,0.10847518431722739,0.24629829994812133,,0.18368823294806633,0.12223599960280072,0.3413452509861843,0.011934852844495683,0.7795263733833458,0.27776171618206486,,,,0.28965,5793.0,0.84075785,0.8337495,0.8700079,0.86850315,0.63056856,0.73539394,0.7274403,0.71490836,0.5004499554634094,0.5945499505996704,0.7265498638153076,0.5945499505996704,0.213,213.0,0.2860950217630209,0.35348949256735085,0.34729403206147635,0.15754675608410218,0.25447814127110463,0.21937776492716268,0.1346051223967932,0.14298728974845273,0.16881853496489907,0.023346374427853502,0.02477991149254503,0.029892777288542026,0.03816646725466271,0.04303991356357364,0.04045165703668566,0.02196908069396874,0.02778297515262232,0.02719934909007123,0.7505,0.7063637,0.8271318,0.7677632,0.90365857,0.66456693,0.50275594,0.68939394,0.51705002784729,0.4862439579963684,0.7723000049591064,0.4862439579963684,0.186,186.0,0.3369602965040895,0.38060703322533185,0.40798386944655585,0.21187207945480405,0.22097746773175891,0.2629390345681983,0.20899427936780032,0.20464517510759883,0.23324724013271883,0.037896715841792286,0.03678898750902016,0.04800171162957912,0.03630273864524865,0.04434541117622461,0.05000998314631079,0.02811745498638108,0.026586113955806505,0.03213004612913671,0.88185483,0.86396396,0.9255475,0.80419844,0.5955285,0.7175439,0.7101626,0.67518246,0.5087499916553497,0.5403969542980194,0.749424934387207,0.5403969542980194,0.1995,199.5,0.3115276591335552,0.36704826289634135,0.3776389507540161,0.1847094177694531,0.23772780450143177,0.2411583997476805,0.17179970088229676,0.1738162324280258,0.20103288754880894,0.030621545134822896,0.030784449500782594,0.03894724445906057,0.037234602949955675,0.043692662369899125,0.04523082009149823,0.02504326784017491,0.027184544554214412,0.02966469760960397,0.8161774,0.7851638,0.8763397,0.7859808,0.7495935,0.6910554,0.60645926,0.68228817,2026-10-06T12:54:54.695859
94,0.7783730030059814,0.4988526403903961,0.47024392919540403,0.7783922553062439,0.47024392919540403,0.8093488430023194,0.8913399577140808,1.9577654525756836,0.07533851507902145,1.7459205307006835,2.0,1.0,10.0,,,,,0.9260371706962586,0.9260371706962586,,,,16.144258026123048,0.5721821119166484,0.16626955908100316,,0.20048687675861038,0.6308472315976574,0.16903649621708378,0.001499352492481043,0.0523206506066831,1.1606531034988963,,0.007104987296376639,,73.99419986214608,17.616964121533048,,105.02497285490583,73.94868556709046,23.641228159521795,94.48822308194106,45.52879970088886,16.14423712955159,,0.6931471824645996,,0.109117055347391,0.24779672598003583,,0.18461812615014944,0.12292492626958591,0.34308450199236534,0.012033220772056064,0.7834138915796948,0.2792568007472214,,,,0.2932,5864.0,0.8303128,0.8285944,0.87723845,0.86783177,0.638493,0.74127275,0.72857434,0.7148676,0.4890500009059906,0.6007083191871643,0.7241501212120056,0.6007083191871643,0.192,192.0,0.27500541440740534,0.39784283579751645,0.3659895459354654,0.1312207963900338,0.2605676490561832,0.19227621624807084,0.11636160247974559,0.1404038869542422,0.1727127962196797,0.03362585343940265,0.03600715937046549,0.04265266517208518,0.03790865327145431,0.06695858546833608,0.051865213644529194,0.031174238381517425,0.03888172711590729,0.03799623058459369,0.78550005,0.73,0.8282946,0.762829,0.89837396,0.6547244,0.46889767,0.67651516,0.5005500316619873,0.4982682707309723,0.7651000022888184,0.4982682707309723,0.201,201.0,0.3402054201611373,0.3820317518533659,0.4160595465699854,0.2110886249110282,0.19907290566340435,0.270390184401661,0.21627457392470054,0.21286176112104851,0.23340393081322786,0.05477887580473451,0.04953950017562399,0.05301246148397051,0.060663875142844395,0.05136674259457773,0.054853092245344987,0.051226251579907116,0.04665340071089562,0.04322979484974097,0.87419355,0.8671171,0.9240876,0.79465646,0.58617884,0.7074562,0.69715446,0.6660584,0.49480001628398895,0.5494882949590683,0.744625061750412,0.5494882949590683,0.1965,196.5,0.3076054172842713,0.3899372938254412,0.3910245462527254,0.171154710650531,0.22982027735979377,0.23133320032486593,0.16631808820222305,0.17663282403764535,0.2030583635164538,0.044202364622068585,0.04277332977304474,0.04783256332802785,0.04928626420714935,0.0591626640314569,0.053359152944937094,0.04120024498071227,0.04276756391340145,0.04061301271716733,0.8298468,0.7985586,0.8761911,0.77874273,0.74227643,0.6810903,0.58302605,0.6712868,2026-10-06T12:59:19.922467
95,0.7790225744247437,0.49976253509521484,0.46595923788547516,0.7797628045082092,0.46595923788547516,0.8127299209594726,0.8950967049598694,1.996043858718872,0.0972333757698536,1.7413224405288696,2.0,1.0,10.0,,,,,0.9317009203910828,0.9317009203910828,,,,16.122392492675782,0.5376482758742229,0.1645570451714051,,0.19659989293973157,0.633162969616568,0.15642808548584106,0.001526527817859344,0.052533666110911946,0.9900875121924528,,0.006723060871765113,,73.96078340566842,17.596015857283476,,105.02653872738978,73.91494231011457,23.614293347498414,94.48930839975928,45.58037115206384,16.122382072886083,,0.6931471824645996,,0.10973213627270073,0.24908184568593456,,0.18536410770218842,0.12360018567674479,0.34445893840425335,0.01217733213832234,0.7869662699426055,0.28086588887652014,,,,0.2916,5832.0,0.83534485,0.8292187,0.87072104,0.8734992,0.6418419,0.7423031,0.7254962,0.7196945,0.505299985408783,0.6005524060726166,0.7248501777648926,0.6005524060726166,0.218,218.0,0.2956489813613755,0.4090487418709488,0.36342809055555064,0.1518496411021792,0.271684525408865,0.1973652910038866,0.14097776595342,0.14752329613886428,0.16725307504475073,0.04674619421589847,0.05183949011788634,0.06093057081668683,0.0670393586608015,0.0933016494591,0.09052930970958215,0.04852536604853107,0.055169463213826174,0.05791898063673064,0.75,0.7,0.8271318,0.7657895,0.9069106,0.6633858,0.4807087,0.70378786,0.5063499808311462,0.4925474194288254,0.7676001191139221,0.4925474194288254,0.195,195.0,0.34438495571139843,0.38593323704927673,0.4079769298005724,0.22847888901379462,0.21580072310386575,0.2675820094547254,0.21547596618222611,0.2068739328486806,0.22004896283012565,0.056802782634644805,0.05928338430521424,0.06374425002883426,0.0603544265955209,0.06317464855713315,0.06658691886093547,0.055371098583112836,0.054719609515993604,0.0552125362243078,0.88145167,0.86621624,0.9255475,0.8110687,0.58943087,0.69078946,0.699187,0.67043793,0.5058249831199646,0.546549912750721,0.7462251484394073,0.546549912750721,0.20650000000000002,206.5,0.32001696853638695,0.39749098946011274,0.3857025101780615,0.1901642650579869,0.2437426242563654,0.232473650229306,0.17822686606782306,0.17719861449377244,0.1936510189374382,0.05177448842527164,0.05556143721155029,0.062337410422760545,0.0636968926281612,0.07823814900811657,0.0785581142852588,0.05194823231582195,0.05494453636490989,0.056565758430519225,0.8157258,0.7831081,0.8763397,0.78842914,0.74817073,0.67708766,0.5899478,0.6871129,2026-10-06T13:03:39.049523
96,0.7819119691848755,0.5015324354171753,0.46106359984874723,0.7823975682258606,0.46106359984874723,0.8135480011940003,0.8960056867599487,2.008505774307251,0.08930985046029091,1.7243576522827149,2.0,1.0,10.0,,,,,0.9300738205909729,0.9300738205909729,,,,16.10757419128418,0.449770572791054,0.15304423158003647,,0.17919711657105739,0.629743694120152,0.15418192426300353,0.001483683215949542,0.05186674683384455,0.9779183446981345,,0.006217759371098208,,73.92653364436642,17.572702748001003,,105.02729068440237,73.88111926036275,23.58937518611835,94.49298868361552,45.641481071520765,16.107546508691872,,0.6931471824645996,,0.11027352108507399,0.2500819208895325,,0.18606249523010981,0.12429023102210586,0.34584200344267924,0.012341827788882575,0.7908833884889153,0.28313844257099613,,,,0.2876,5752.0,0.84264237,0.83012486,0.87828845,0.87835705,0.64049846,0.74434346,0.7231065,0.7217923,0.5072000622749329,0.584228796005249,0.7346500158309937,0.584228796005249,0.228,228.0,0.27686957438502774,0.393934287937726,0.3510480172711655,0.15386325046806149,0.29510351930871404,0.22271432736185154,0.12868089649624448,0.14341434317561053,0.160071130718107,0.043584110074643634,0.04391357135065596,0.04740334679334252,0.061587146473031734,0.07330390636147512,0.06405378686446579,0.04404178733911034,0.049534724885934085,0.04611860779257958,0.78,0.72318184,0.84534883,0.76842105,0.9077236,0.6594488,0.507874,0.69204545,0.4849500060081482,0.486971953868866,0.7691999673843384,0.486971953868866,0.195,195.0,0.350012978739445,0.3905787970970987,0.414469494779726,0.2371111216419772,0.2264033786732635,0.27844362571089715,0.23727406303250242,0.2333802066610949,0.25693804525456154,0.05359841246732982,0.05579374993101991,0.05672079926168904,0.055432354313423846,0.06775041430102108,0.05802777915399744,0.05251049627554279,0.0514795279508257,0.05124992577758089,0.88024193,0.86846846,0.9259124,0.8187023,0.5776423,0.69166666,0.7146342,0.669708,0.4960750341415405,0.5356003749370575,0.751924991607666,0.5356003749370575,0.21150000000000002,211.5,0.31344127656223636,0.3922565425174124,0.38275875602544573,0.19548718605501936,0.26075344899098873,0.25057897653637434,0.18297747976437345,0.18839727491835273,0.20850458798633426,0.04859126127098673,0.04985366064083793,0.05206207302751578,0.05850975039322779,0.07052716033124809,0.06104078300923162,0.04827614180732656,0.05050712641837989,0.048684266785080234,0.8301209,0.7958251,0.8856306,0.7935617,0.74268293,0.67555773,0.6112541,0.68087673,2026-10-06T13:08:02.858805
97,0.7789900302886963,0.5001948475837708,0.4661301173210144,0.7798255085945129,0.4661301173210144,0.8136572249412537,0.8961270431518554,2.0098576753616335,0.09475767347216606,1.7501940502166748,2.0,1.0,10.0,,,,,0.946690990638733,0.946690990638733,,,,16.084889401245118,0.49551667206606287,0.15676699956036677,,0.1829137206552135,0.6150323291113422,0.15973813888753297,0.0014115897349117525,0.0504144318757733,1.1267737161581683,,0.005784772233600034,,73.89260475498855,17.550284549688836,,105.02944873396758,73.8475975473975,23.56216807274302,94.48986024309875,45.704021332370246,16.08487624879096,,0.6931471824645996,,0.11090966328314156,0.2509168817359171,,0.18679649843152163,0.12500059376856323,0.3472762198964502,0.012431306456019925,0.7949197239177243,0.2846589756619399,,,,0.28825,5765.0,0.84037685,0.8288764,0.8712163,0.87622434,0.6388435,0.7356364,0.7285136,0.7189409,0.4892999827861786,0.6018040127754212,0.7220999598503113,0.6018040127754212,0.203,203.0,0.27367402598966967,0.38837292236776344,0.34204992351937297,0.14981386184913129,0.3075146190910735,0.21208692805199297,0.0803610423663179,0.08858708027912773,0.09956897788501276,0.04341769975144865,0.04406794320917981,0.05148888843746569,0.060012719043958565,0.08531067767277915,0.07371822003596702,0.05466686761286163,0.05500785536008868,0.05383162046367937,0.77950007,0.70772725,0.8313953,0.76184213,0.902439,0.64842516,0.47913387,0.6746212,0.49379998445510864,0.48509829020500184,0.7692499756813049,0.48509829020500184,0.184,184.0,0.3351986363739881,0.38360244758028617,0.40624262454973303,0.19876978245366608,0.21244681361180948,0.25827560147494055,0.188581586863999,0.18187349878506548,0.20996653303323248,0.05948943580916467,0.06006282149436469,0.06406096317763506,0.06286906883832785,0.0671243902060985,0.06580819515832526,0.05234987685766149,0.05218907295586936,0.05175065101444385,0.88387096,0.86441445,0.9262774,0.80190843,0.58617884,0.70877194,0.7121951,0.6660584,0.4915499836206436,0.5434511514902115,0.7456749677658081,0.5434511514902115,0.1935,193.5,0.3044363311818289,0.3859876849740248,0.37414627403455303,0.17429182215139868,0.2599807163514415,0.23518126476346676,0.13447131461515846,0.1352302895320966,0.15476775545912264,0.05145356778030666,0.05206538235177225,0.05777492580755038,0.06144089394114321,0.07621753393943884,0.06976320759714613,0.05350837223526156,0.05359846415797902,0.052791135739061607,0.83168554,0.7860708,0.8788364,0.78187525,0.74430895,0.6785985,0.5956645,0.6703398,2026-10-06T13:12:15.536715
98,0.779249906539917,0.5020248889923096,0.46754882562160494,0.779335081577301,0.46754882562160494,0.8143867370605469,0.8969376181602478,2.0099313554763794,0.09615660971999168,1.7423491916656495,2.0,1.0,10.0,,,,,0.9359026450157165,0.9359026450157165,,,,16.063512832641603,0.4889948649486159,0.1604024657066081,,0.19567452613145683,0.6318719073845322,0.16094917350798654,0.001496953736608077,0.05186952202088514,1.1660174854621765,,0.006941790066683179,,73.8581229531841,17.527426179047602,,105.02793981467083,73.81397883907245,23.53551285130203,94.48766011037644,45.7565599672354,16.06349528367352,,0.6931471824645996,,0.11146585206696942,0.25187833218058203,,0.18740905773867467,0.12570166236655728,0.34873139004039155,0.012529422849369276,0.7985462884234774,0.2861595937780514,,,,0.28755,5751.0,0.8344827,0.82744664,0.87137485,0.87178123,0.6407905,0.74216163,0.7260227,0.72069246,0.49330005049705505,0.582679172039032,0.7317500114440918,0.582679172039032,0.22,220.0,0.2689130765913489,0.36003718016583103,0.3266152730930254,0.16462914558078687,0.25534357193596363,0.18934664440500587,0.1167492683452617,0.1178641147570837,0.12857745117129574,0.05525293049552014,0.033033021213929356,0.05619709956876169,0.08204634395489192,0.07597395430213437,0.09272206621601845,0.06806606759275674,0.06026661880594663,0.0624140366030649,0.75450003,0.73954546,0.85465115,0.7486842,0.9060976,0.6629922,0.5031496,0.69204545,0.49455001950263977,0.4937499361038208,0.7649999856948853,0.4937499361038208,0.207,207.0,0.32806430179780144,0.3543497535995673,0.40266523781226715,0.22773707898743575,0.19905793451291562,0.2787261496978585,0.21116090055818384,0.19898338808794513,0.22644602582240383,0.05373687518865862,0.0543659660905202,0.06045351972057687,0.05620919776307928,0.06580634361047734,0.0627501151720846,0.05020668665423809,0.04637049471349396,0.0483916018878642,0.8766129,0.86801803,0.9259124,0.7942748,0.56707317,0.7083333,0.70609754,0.6693431,0.4939250349998474,0.5382145540714264,0.7483749985694885,0.5382145540714264,0.2135,213.5,0.29848868919457516,0.35719346688269915,0.3646402554526463,0.1961831122841113,0.2272007532244396,0.2340363970514322,0.16395508445172277,0.15842375142251441,0.17751173849684979,0.05449490284208938,0.04369949365222478,0.05832530964466928,0.06912777085898561,0.07089014895630585,0.07773609069405152,0.05913637712349741,0.05331855675972029,0.05540281924546455,0.81555647,0.80378175,0.8902818,0.7714795,0.7365854,0.68566275,0.60462356,0.6806943,2026-10-06T13:16:36.691113
99,0.7794976830482483,0.5010899901390076,0.4669830975294113,0.7793151140213013,0.4669830975294113,0.8133893646240234,0.8958294228553771,2.0058276359558107,0.09034575260281563,1.7504027891159057,2.0,1.0,10.0,,,,,0.9329545899391174,0.9329545899391174,,,,16.039161459350584,0.5072921960122266,0.1654592047498864,,0.19784172368087585,0.6414878368377686,0.1643289419685959,0.001441578962098641,0.05131807382319384,1.1708512786467364,,0.006207588282235821,,73.82391551801354,17.506003677465355,,105.02655039015849,73.78049736265923,23.508282570322606,94.48878746275689,45.80349952551969,16.039140652699075,,0.6931471824645996,,0.11202333283841989,0.25313860007152433,,0.18815804125776717,0.1263813130604993,0.3501419724932142,0.01266867366091461,0.8019139220000832,0.2874565471889107,,,,0.29235,5847.0,0.8270249,0.8352195,0.8759113,0.8763231,0.6407126,0.7395152,0.7249899,0.71468437,0.5015000104904175,0.5994337248802185,0.72350013256073,0.5994337248802185,0.204,204.0,0.3336511124424679,0.4037712326633668,0.3819460783305891,0.23602405905919124,0.28894164693374347,0.2571735242951622,0.17687437206396606,0.16923262293490826,0.18511775454073565,0.06271638969916324,0.06719072908965622,0.06593431559899383,0.07284694802300219,0.10550597673668169,0.07257654335926081,0.04385617384059015,0.04301398641664323,0.040564193858778554,0.74300003,0.69545454,0.8472868,0.76381576,0.9081301,0.6751968,0.47204724,0.6810606,0.4939499795436859,0.4848550109863281,0.7715501189231873,0.4848550109863281,0.215,215.0,0.3079056257302234,0.34436166346909075,0.37927347412476,0.19262432055741543,0.19257015381432743,0.2521233883922756,0.1992466404617346,0.19373513527756248,0.20973107953680878,0.0628348135823383,0.0640798130167131,0.06519818866973838,0.0616090018326048,0.06657632760343049,0.06107505105380464,0.05451620733836616,0.04788098048662398,0.047413613065541614,0.87580645,0.86846846,0.9262774,0.80038166,0.6056911,0.7149123,0.7012195,0.6755475,0.4977249950170517,0.5421443679332734,0.7475251257419586,0.5421443679332734,0.2095,209.5,0.32077836908634566,0.3740664480662288,0.38060977622767456,0.21432418980830334,0.24075590037403544,0.2546484563437189,0.1880605062628503,0.18148387910623537,0.19742441703877223,0.06277560164075077,0.06563527105318466,0.06556625213436611,0.0672279749278035,0.08604115217005609,0.06682579720653273,0.04918619058947815,0.0454474834516336,0.043988903462160084,0.80940324,0.7819615,0.8867821,0.7820987,0.75691056,0.69505453,0.5866334,0.6783041,2026-10-06T13:21:00.788771
