epoch,train_eval_mode_acc,train_shuffled_message_acc,train_loss,train_acc,train_combined_loss,train_realised_survival,train_unmixed_survival,train_logit_margin,train_logit_prior_share,train_logit_spread,train_logit_scale,train_sampling_tau,train_pool_effective_examples,train_pool_score_norm,train_pool_score_sd,train_prototyper_mix_share,train_prototyper_within_share,train_referent_spread,train_referent_spread_backbone,train_polarity_separation,train_score_scale,train_score_bias,train_bilinear_weight_norm,train_clip_sender_vision,train_clip_sender_adapter,train_clip_sender_prototyper,train_clip_sender_language_model,train_clip_receiver_vision,train_clip_receiver_adapter,train_clip_receiver_token_embedding,train_clip_receiver_language_model,train_clip_receiver_discriminator,train_clip_log_score_scale,train_clip_log_logit_scale,train_clip_other,train_weight_sender_vision,train_weight_sender_adapter,train_weight_sender_prototyper,train_weight_sender_language_model,train_weight_receiver_vision,train_weight_receiver_adapter,train_weight_receiver_token_embedding,train_weight_receiver_language_model,train_weight_receiver_discriminator,train_weight_log_score_scale,train_weight_log_logit_scale,train_weight_other,train_drift_sender_vision,train_drift_sender_adapter,train_drift_sender_prototyper,train_drift_sender_language_model,train_drift_receiver_vision,train_drift_receiver_adapter,train_drift_receiver_token_embedding,train_drift_receiver_language_model,train_drift_receiver_discriminator,train_drift_log_score_scale,train_drift_log_logit_scale,train_drift_other,train_unique_message_fraction,train_unique_message_count,train_acc_md_and_color_color,train_acc_md_or_color_color,train_acc_md_color,train_acc_md_shape,train_acc_md_and_shape_shape,train_acc_md_and_color_shape,train_acc_md_or_shape_shape,train_acc_md_or_color_shape,test_shuffled_message_acc,test_loss,test_acc,test_combined_loss,test_unique_message_fraction,test_unique_message_count,test_topsim_s1,test_topsim_s2,test_topsim_s3,test_topsim_s4,test_topsim_s5,test_topsim_s6,test_topsim_s1_static,test_topsim_s2_static,test_topsim_s3_static,test_topsim_gt_s1,test_topsim_gt_s2,test_topsim_gt_s3,test_topsim_gt_s4,test_topsim_gt_s5,test_topsim_gt_s6,test_topsim_gt_s1_static,test_topsim_gt_s2_static,test_topsim_gt_s3_static,test_acc_md_and_color_color,test_acc_md_or_color_color,test_acc_md_color,test_acc_md_shape,test_acc_md_and_shape_shape,test_acc_md_and_color_shape,test_acc_md_or_shape_shape,test_acc_md_or_color_shape,test_same_shuffled_message_acc,test_same_loss,test_same_acc,test_same_combined_loss,test_same_unique_message_fraction,test_same_unique_message_count,test_same_topsim_s1,test_same_topsim_s2,test_same_topsim_s3,test_same_topsim_s4,test_same_topsim_s5,test_same_topsim_s6,test_same_topsim_s1_static,test_same_topsim_s2_static,test_same_topsim_s3_static,test_same_topsim_gt_s1,test_same_topsim_gt_s2,test_same_topsim_gt_s3,test_same_topsim_gt_s4,test_same_topsim_gt_s5,test_same_topsim_gt_s6,test_same_topsim_gt_s1_static,test_same_topsim_gt_s2_static,test_same_topsim_gt_s3_static,test_same_acc_md_and_color_color,test_same_acc_md_or_color_color,test_same_acc_md_color,test_same_acc_md_shape,test_same_acc_md_and_shape_shape,test_same_acc_md_and_color_shape,test_same_acc_md_or_shape_shape,test_same_acc_md_or_color_shape,test_avg_shuffled_message_acc,test_avg_loss,test_avg_acc,test_avg_combined_loss,test_avg_unique_message_fraction,test_avg_unique_message_count,test_avg_topsim_s1,test_avg_topsim_s2,test_avg_topsim_s3,test_avg_topsim_s4,test_avg_topsim_s5,test_avg_topsim_s6,test_avg_topsim_s1_static,test_avg_topsim_s2_static,test_avg_topsim_s3_static,test_avg_topsim_gt_s1,test_avg_topsim_gt_s2,test_avg_topsim_gt_s3,test_avg_topsim_gt_s4,test_avg_topsim_gt_s5,test_avg_topsim_gt_s6,test_avg_topsim_gt_s1_static,test_avg_topsim_gt_s2_static,test_avg_topsim_gt_s3_static,test_avg_acc_md_and_color_color,test_avg_acc_md_or_color_color,test_avg_acc_md_color,test_avg_acc_md_shape,test_avg_acc_md_and_shape_shape,test_avg_acc_md_and_color_shape,test_avg_acc_md_or_shape_shape,test_avg_acc_md_or_color_shape,timestamp
0,0.5471898913383484,0.4999625086784363,0.9507670216560363,0.5444974899291992,0.9507670216560363,0.43441848957538604,0.47475068776607515,1.240735737848282,0.5931901843309403,0.777224747633934,1.0572844444274903,1.0,10.0,,,,,0.4479686218976974,0.4479686218976974,,,,18.460241525268554,0.10435986182330603,0.02340384446837862,,0.10441063548539095,0.37345026053820446,0.7818976586601537,0.009272617284967831,0.5183320172653076,1.2860867317504943,,0.008920566467672088,,77.28186909863904,19.59912330481657,,102.50216402673418,77.29738043523898,26.124021408664195,95.10287286065946,39.057012521537246,18.460214177514338,,0.05794824816762606,,0.010037638608864538,0.025935515065849492,,0.012539382619860397,0.004568876767201812,0.02234924928682625,0.0004097454403812558,0.039388767001663993,0.02762444430938477,,,,0.63055,12611.0,0.5441058,0.55616194,0.59694934,0.537342,0.5224494,0.53563637,0.52480763,0.53835034,0.4982999861240387,0.8524851541519165,0.6019500494003296,0.8524851541519165,0.014,14.0,0.5185420783380271,0.5189880855775099,0.5173725806778777,0.4478570321257172,0.4250994504077971,0.44777565628657545,0.43821895613289935,0.43713321058604443,0.43742006881053086,-0.023266760278280715,-0.02036266314964802,-0.021547139417217896,-0.024971273714489504,-0.018162036619364975,-0.022966432353418116,-0.024547955487582485,-0.02302910352424751,-0.02291200566300456,0.65050006,0.63863635,0.65736437,0.56842107,0.55284554,0.5972441,0.57559055,0.594697,0.49845004081726074,0.8839881196022034,0.5865499973297119,0.8839881196022034,0.014,14.0,0.41767222694324485,0.4240460327432558,0.4202944457173456,0.36682000321915664,0.3591872184892804,0.3674154598620533,0.3668404385591251,0.36748473560377193,0.3673995259714268,-0.0005628365368992367,-0.0018206718581619326,-0.001230174121125225,-0.0015263030024242126,-0.007878585113016407,-0.0025774201707216954,-0.0034975256537567515,-0.0040156318959363585,-0.0041138782397111195,0.6044355,0.60045046,0.70583946,0.55,0.5231707,0.58201754,0.5345529,0.5821168,0.4983750134706497,0.86823663687706,0.5942500233650208,0.86823663687706,0.014,14.0,0.46810715264063596,0.47151705916038283,0.4688335131976117,0.4073385176724369,0.39214333444853877,0.40759555807431436,0.40252969734601224,0.4023089730949082,0.4024097973909788,-0.011914798407589976,-0.011091667503904976,-0.01138865676917156,-0.013248788358456859,-0.013020310866190692,-0.012771926262069905,-0.014022740570669618,-0.013522367710091934,-0.01351294195135784,0.62746775,0.61954343,0.6816019,0.55921054,0.5380081,0.58963084,0.5550717,0.5884069,2026-10-05T10:44:52.095570
1,0.5885400176048279,0.5010648965835571,0.8689926808357239,0.5882174968719482,0.8689926808357239,0.6505902112960815,0.7149414834976197,1.8194795799255372,0.45120175156593323,1.3148135016441345,1.2812565254211425,1.0,10.0,,,,,0.4853325548171997,0.4853325548171997,,,,18.42640760803223,0.30603368124764435,0.03735808801546598,,0.10627909410436442,0.4363841649832999,0.45962809709606656,0.002975332424649672,0.14318282154809897,1.276771674300455,,0.007228112595573299,,77.24761588710129,19.582611363404876,,102.50431643929451,77.2600681766583,26.100399308903203,95.10031409779931,39.093053489733656,18.426383486219272,,0.2468415728420209,,0.018496509736320776,0.04834957890639639,,0.02306701806462874,0.010223511467053062,0.03739449443521014,0.000586785189214216,0.07982043822290032,0.04016503255078747,,,,0.3324,6648.0,0.59011626,0.61264604,0.67404914,0.57464457,0.54622275,0.5789091,0.55072904,0.5783503,0.5044499635696411,0.88523472738266,0.5763499736785889,0.88523472738266,0.016,16.0,0.46458174094084764,0.46167734643058655,0.4625727678029168,0.3906892083799623,0.35894383192740265,0.3734161517040718,0.43531853958277733,0.436511138972796,0.4337060555510442,-0.019893335025545324,-0.017315329190043128,-0.020047753930322345,-0.02256883311429011,-0.011831741342288203,-0.01901310170213309,-0.02204513586982505,-0.02077453113285983,-0.02211707136447709,0.575,0.52772725,0.5290698,0.5888158,0.6162602,0.54094493,0.6389764,0.5863637,0.5084999799728394,0.8654284567832947,0.5877000093460083,0.8654284567832947,0.017,17.0,0.4407976049318052,0.4463947137633669,0.44175624427689364,0.37621044324037345,0.36265205553663343,0.36792199208466647,0.32376327758384255,0.3245954072018866,0.32024531444602267,0.0027959514466267166,0.0004291835725101454,0.0023352771121012126,0.004719808354978178,0.0010059748794677313,0.0053215388079966355,0.008067575178128962,0.007643188415964527,0.00635522271770704,0.56895167,0.6058559,0.63905114,0.59351146,0.5589431,0.5855263,0.5613821,0.5843066,0.5064749717712402,0.8753315920829774,0.5820249915122986,0.8753315920829774,0.0165,16.5,0.45268967293632645,0.45403603009697674,0.4521645060399052,0.38344982581016784,0.360797943732018,0.37066907189436915,0.3795409085833099,0.3805532730873413,0.3769756849985334,-0.008548691789459304,-0.00844307280876649,-0.008856238409110566,-0.008924512379655965,-0.005412883231410236,-0.006845781447068227,-0.006988780345848044,-0.006565671358447651,-0.007880924323385025,0.5719758,0.56679153,0.58406043,0.59116364,0.58760166,0.56323564,0.60017926,0.58533514,2026-10-05T10:49:01.363877
2,0.5977522134780884,0.5019878149032593,0.8463592037200928,0.5974975228309631,0.8463592037200928,0.7545628475189209,0.8304666275978089,2.3537718492507933,0.2664774457216263,1.8425820898056031,1.4321096458435059,1.0,10.0,,,,,0.5294102717399597,0.5294102717399597,,,,18.39351578063965,0.6334947542684852,0.05116993481305185,,0.10557789596948464,0.5592357271416172,0.43137657628127724,0.0019850090795247013,0.09862592261118494,1.5554296051620677,,0.003616528707900482,,77.21355316745247,19.566694308238425,,102.50405689409584,77.22276529688745,26.072713475318473,95.09953774616217,39.12389546291084,18.393491198302833,,0.3589192868038348,,0.024176299488943093,0.06550729087298843,,0.028899550105735753,0.015202150152177569,0.046348373126831786,0.0006714009514499669,0.10478241252861205,0.04516925233279823,,,,0.22645,4529.0,0.59198076,0.6076319,0.6642829,0.6080174,0.5663941,0.5833737,0.5742811,0.58346236,0.5027499794960022,0.8680834856033325,0.5800999402999878,0.8680834856033325,0.02,20.0,0.45782638303462225,0.4620041710047703,0.46256096722524326,0.41349719749969893,0.42795415209230886,0.427545241421607,0.39956801435555445,0.4023789023737983,0.39960895360539234,-0.014029670759480514,-0.01364104900174718,-0.01330136105512211,-0.01321786056115578,-0.009551544085793794,-0.014503941905164885,-0.008971091578831405,-0.008779527697179022,-0.009855242483871972,0.5845,0.545,0.52131784,0.5842106,0.6182927,0.5807087,0.61732286,0.58674246,0.49619996547698975,0.8480972876548767,0.5926001071929932,0.8480972876548767,0.025,25.0,0.4268718015614421,0.43224733661657183,0.43351980271785195,0.3890771299692342,0.39491094169050345,0.3898180666501377,0.39324579386340125,0.39586386035388704,0.3951293485652683,-0.0073082477223508835,-0.0076741824185976495,-0.007127697205221762,-0.010557494537245502,-0.014762083387052274,-0.013594402803554305,-0.007953760641300014,-0.0072067535669443315,-0.007789267711836324,0.5927419,0.6306306,0.66094893,0.590458,0.53414637,0.5859649,0.56747967,0.5759124,0.49947497248649597,0.8580903866291045,0.5863500237464905,0.8580903866291045,0.0225,22.5,0.4423490922980322,0.4471257538106711,0.44804038497154763,0.4012871637344666,0.4114325468914062,0.4086816540358723,0.3964069041094779,0.3991213813638427,0.39736915108533033,-0.0106689592409157,-0.010657615710172414,-0.010214529130171936,-0.01188767754920064,-0.012156813736423034,-0.014049172354359596,-0.008462426110065709,-0.007993140632061677,-0.008822255097854148,0.58862096,0.5878153,0.59113336,0.5873343,0.57621956,0.58333683,0.59240127,0.58132744,2026-10-05T10:53:12.672344
3,0.6009251475334167,0.49901747703552246,0.8332653584480285,0.6009200215339661,0.8332653584480285,0.7712547821044922,0.84901322889328,2.341155957221985,0.32038724532127383,1.847637105178833,1.511413461303711,1.0,10.0,,,,,0.47393139152526853,0.47393139152526853,,,,18.361931298828125,0.6896427131382523,0.06035069889940654,,0.10686129908178263,0.5834059175222542,0.427944928455125,0.001937441180451257,0.08798694716185142,1.9377935967247957,,0.0031333986997335948,,77.17905605826408,19.54990140343927,,102.50270566515103,77.18546776255225,26.04467924081596,95.09859199280952,39.12628761826048,18.361903038753827,,0.4130075300575062,,0.02658676038122481,0.07818899711795674,,0.03315009876706038,0.019344083122481967,0.05393874218129808,0.0007186797121243112,0.11908927669001233,0.04885702701226161,,,,0.21135,4227.0,0.5969727,0.6257954,0.66188586,0.6092417,0.56674457,0.58666664,0.57553667,0.5841548,0.49719998240470886,0.9296616463661194,0.5700000524520874,0.9296616463661194,0.016,16.0,0.4135962281414658,0.41758321713426494,0.4161231821167862,0.32803654829198975,0.31877687045560565,0.3235662541745178,0.37937445970687617,0.3829638148949009,0.3775240316201358,-0.018016293878035716,-0.017644462070053775,-0.018323372194334536,-0.009134325260521648,-0.011453472465702427,-0.011370628016800754,-0.01078673191893523,-0.01058980240885738,-0.01091006936348566,0.5715,0.53818184,0.50581396,0.5805921,0.6186992,0.55,0.6047244,0.5863637,0.5021499991416931,0.902192440032959,0.5844500064849854,0.902192440032959,0.015,15.0,0.4143649813259818,0.41600943049900274,0.4187177351680866,0.3767546477109386,0.3485008939973046,0.37042120395074296,0.3903210022969351,0.39008426399591273,0.39119112627035535,0.006444364488062985,0.0058383414054742205,0.0060860322987956695,0.007057925668760423,0.00681315821200597,0.004927473286453868,0.007407074775919798,0.007508676267999663,0.00888729225553851,0.57459676,0.6198198,0.6510949,0.5908397,0.53008133,0.5732456,0.5581301,0.5737226,0.499674990773201,0.9159270431995392,0.5772250294685364,0.9159270431995392,0.0155,15.5,0.4139806047337238,0.41679632381663384,0.4174204586424364,0.35239559800146414,0.3336388822264551,0.3469937290626304,0.3848477310019056,0.3865240394454068,0.3843575789452456,-0.0057859646949863655,-0.005903060332289777,-0.006118669947769433,-0.0010381997958806123,-0.0023201571268482287,-0.003221577365173443,-0.0016898285715077166,-0.001540563070428859,-0.0010113885539735747,0.57304835,0.57900083,0.57845443,0.5857159,0.5743903,0.5616228,0.5814272,0.58004314,2026-10-05T10:57:24.463096
4,0.6041053533554077,0.5010300278663635,0.8221951934814453,0.6043124198913574,0.8221951934814453,0.7887542225837707,0.8684570439338684,2.3891216379165647,0.34733008961677553,1.7960306297302246,1.5841095281600952,1.0,10.0,,,,,0.4120955300807953,0.4120955300807953,,,,18.330119805908204,0.8241804971057138,0.06162462245886493,,0.11096247034088062,0.5849652345393114,0.34481513851387485,0.001736132662734432,0.07344789703370659,1.791615751138918,,0.002624112116669714,,77.14315805617412,19.52564254080414,,102.498045757318,77.1476914715615,26.017271430629073,95.09709595115322,39.12225378243027,18.330096092953045,,0.45998762405602034,,0.02797135004809328,0.08386553904622983,,0.03588027058608213,0.02243881348734069,0.06107504421453567,0.0007783329184018787,0.13062566547257126,0.051326150418656645,,,,0.18565,3713.0,0.5966921,0.6174789,0.6677496,0.61923385,0.56970406,0.59020203,0.58606726,0.5869043,0.5015999674797058,0.863027801990509,0.5765500068664551,0.863027801990509,0.026,26.0,0.42834410803127626,0.4286379436572654,0.42815213583355133,0.4011074555711366,0.33240249558679663,0.3645627337598727,0.40746749603864857,0.4051629798656047,0.4067713244432998,0.006888119964950361,0.004886911879235041,0.005511644748143998,0.012383410644877116,0.001161143053812556,0.014431722459451055,0.008491142978358103,0.010574910812883205,0.009572916979838001,0.573,0.54727274,0.548062,0.58388156,0.6292683,0.5484252,0.5933071,0.5848485,0.5018000602722168,0.8382833895683288,0.588100016117096,0.8382833895683288,0.029,29.0,0.42967240733763445,0.4333421317661329,0.43400566157141673,0.39703433025524243,0.4053813014764032,0.40198909895541535,0.4030422497306202,0.4037422474604669,0.4041094549890838,-0.002593429741624691,-0.004118583220638407,-0.004717288060748279,-0.0028349885070850047,-0.00879219947575949,-0.007316545249623111,-0.003375446936318793,-0.004340459898692742,-0.0051159776372452235,0.59717745,0.6513514,0.64854014,0.5900764,0.5239838,0.58201754,0.56544715,0.5492701,0.5017000138759613,0.8506555957794188,0.5823250114917755,0.8506555957794188,0.0275,27.5,0.4290082576844554,0.43099003771169914,0.43107889870248406,0.39907089291318953,0.3688918985315999,0.383275916357644,0.40525487288463435,0.40445261366303575,0.4054403897161918,0.002147345111662835,0.0003841643292983171,0.00039717834369785944,0.004774211068896056,-0.003815528210973467,0.0035575886049139718,0.002557848021019655,0.0031172254570952314,0.002228469671296389,0.58508873,0.59931207,0.59830105,0.586979,0.57662606,0.56522137,0.5793771,0.5670593,2026-10-05T11:01:34.826987
5,0.6051971912384033,0.4988803267478943,0.8138717255592346,0.6054055094718933,0.8138717255592346,0.8074093210220337,0.889184934425354,2.508090975189209,0.25199775376319883,2.20260714969635,1.6610195888519288,1.0,10.0,,,,,0.4380177586555481,0.4380177586555481,,,,18.299086755371093,0.9866618625582404,0.06919696609115904,,0.11132077907158691,0.6324703351707216,0.28308395979700574,0.001799398825939887,0.06878893755993266,1.5601391685996087,,0.002144762887478551,,77.106522092394,19.502844464247392,,102.49342219844745,77.11018094591275,25.98663831820154,95.09628524294325,39.12185911919661,18.299064077389467,,0.5073519172562155,,0.029198019272962193,0.09096407131024986,,0.03900018951315789,0.02533718826142466,0.06656945810006683,0.0008551604707671958,0.14170101076174693,0.05404996575348696,,,,0.18305,3661.0,0.5929832,0.6128675,0.67464346,0.6224329,0.56972355,0.59070706,0.58880115,0.5905703,0.498850017786026,0.8604941954612731,0.5784000158309937,0.8604941954612731,0.033,33.0,0.40147805891321947,0.4073159843874682,0.4099426074826376,0.3482455411121441,0.31760365444785366,0.36230739482653773,0.38531178447914954,0.3896848290551946,0.3930204241581318,-0.0039384959403837875,-0.0035489306726535328,-0.0035663750691235546,-0.008877725912143352,-0.006349446894369139,-0.005346758492931689,-0.005753138759454072,-0.006388538171163546,-0.005167317892444918,0.582,0.5409091,0.518217,0.58125,0.64634144,0.56338584,0.6011811,0.59166664,0.49949997663497925,0.8378374419212341,0.5923499464988708,0.8378374419212341,0.036,36.0,0.435330222839776,0.4371520660009134,0.4489260174377595,0.39835991645963154,0.38511076513532844,0.41135976763927184,0.4141874623075396,0.4135634217032459,0.4184267000940564,0.010255294544282962,0.009106728609144485,0.009968276084569773,0.009570759312541628,0.008575949700245323,0.00616163626101947,0.007351152185845329,0.007038885008167928,0.007655954239861375,0.57943547,0.63378376,0.6620438,0.6064886,0.5288618,0.5763158,0.57642275,0.5718978,0.4991749972105026,0.8491658186912536,0.5853749811649323,0.8491658186912536,0.0345,34.5,0.41840414087649774,0.4222340251941908,0.4294343124601986,0.3733027287858878,0.351357209791591,0.3868335812329048,0.3997496233933446,0.4016241253792202,0.4057235621260941,0.0031583993019495874,0.002778898968245476,0.0032009505077231094,0.0003465167001991381,0.0011132514029380917,0.0004074388840438906,0.0007990067131956285,0.000325173418502191,0.0012443181737082287,0.58071774,0.58734643,0.59013045,0.5938693,0.58760166,0.5698508,0.5888019,0.5817822,2026-10-05T11:05:44.428904
6,0.6084975600242615,0.4996974468231201,0.8043663444519042,0.608924388885498,0.8043663444519042,0.7970484729766846,0.8776728790283204,2.2385864601135252,0.25136598262786863,2.578907780075073,1.711452526283264,1.0,10.0,,,,,0.4481185682296753,0.4481185682296753,,,,18.26999256286621,1.0251389602377157,0.05840859796472226,,0.0877159644440291,0.6710150143143477,0.28007007817364044,0.001594837161394987,0.0620158568238187,1.9533589964459657,,0.0019996960856043435,,77.06946850430434,19.480184482161405,,102.48956799355282,77.07226688846661,25.955971456637048,95.09452868419088,39.09532955193975,18.2699705354727,,0.5373443771319785,,0.030743217131324635,0.097513060376143,,0.04223484289684114,0.02792866351260881,0.07149968547805859,0.0009457308021937586,0.14774041646605085,0.057117387818492904,,,,0.1846,3692.0,0.58700883,0.6213049,0.67583203,0.63463664,0.5703466,0.60012126,0.59554476,0.5860489,0.5051000118255615,0.8559997172355652,0.5802999138832092,0.8559997172355652,0.055,55.0,0.37339187679193775,0.3699235449405863,0.37472168734688094,0.3363684572903932,0.31857132830259366,0.3430392317219308,0.3388326466534446,0.3410771403661907,0.3391524184921311,-0.007545687379497987,-0.009393367061171276,-0.007884797349883227,-0.007917782281758297,-0.015799994615253925,-0.016944900765277965,-0.009982680542216144,-0.011358368039565882,-0.010548464370228484,0.565,0.53727275,0.5244186,0.5963816,0.65203255,0.5622047,0.5937008,0.6015152,0.49900001287460327,0.8173516693115235,0.5992500185966492,0.8173516693115235,0.054,54.0,0.44990431062516556,0.45029134243110996,0.4563454100972404,0.42721493448841563,0.404095614316745,0.421686536598799,0.42454137888138366,0.4222183960413827,0.42415891876811423,0.009387552569923123,0.00862416997958672,0.008252734809330364,0.0009229914234352676,-0.00012639179134752817,-0.0018720120071826338,0.00691360863792338,0.005833668518308465,0.0051994862880145095,0.5927419,0.64729726,0.66423357,0.610687,0.53170735,0.5833333,0.5768293,0.5843066,0.5020500123500824,0.8366756932735444,0.5897749662399292,0.8366756932735444,0.0545,54.5,0.41164809370855165,0.41010744368584817,0.41553354872206066,0.3817916958894044,0.3613334713096693,0.3823628841603649,0.3816870127674141,0.3816477682037867,0.3816556686301227,0.0009209325952125678,-0.00038459854079227803,0.00018396872972356853,-0.003497395429161515,-0.007963193203300727,-0.009408456386230299,-0.0015345359521463822,-0.0027623497606287088,-0.002674489041106987,0.57887095,0.59228504,0.5943261,0.60353434,0.59186995,0.57276905,0.58526504,0.5929109,2026-10-05T11:09:56.828184
7,0.6119745969772339,0.4999125897884369,0.8010620721817017,0.6123595833778381,0.8010620721817017,0.7977450598716735,0.8784468626976013,2.1788316610336302,0.2733557178735733,2.571057563018799,1.7670710773468017,1.0,10.0,,,,,0.44489204926490783,0.44489204926490783,,,,18.24117008972168,1.1531710335688226,0.06821182589966115,,0.11071461611160427,0.7316742617233544,0.33981549369681413,0.0017258828723874346,0.06509711694826556,2.8620788491075966,,0.0021759602636066237,,77.03228439039485,19.454163387322883,,102.48287613984127,77.03448282229672,25.924275124908252,95.09265700419238,39.09612939919636,18.241147071692595,,0.5692500039270729,,0.03212693722764398,0.10024052174987307,,0.04426461894800709,0.030427222086745462,0.07619132125263761,0.0009657457225457736,0.15773627494171166,0.05980970337986946,,,,0.1812,3624.0,0.58738977,0.6157873,0.6739303,0.6444313,0.5765966,0.6049899,0.59943295,0.59572303,0.4929499626159668,0.8494778461456299,0.5877500176429749,0.8494778461456299,0.042,42.0,0.34357666716106977,0.3441669166788329,0.3417346785773929,0.36138438873251094,0.35353637803800847,0.35880004024260026,0.3491698099953779,0.35662961520928405,0.3499406871013775,-0.022010359382107044,-0.02447121349844078,-0.02595832065768322,-0.02256876575943204,-0.016447804950140404,-0.025976404801727523,-0.014135542672381,-0.014551096774748577,-0.016765714202131753,0.5695,0.5486364,0.524031,0.6013158,0.68292683,0.5661417,0.5944882,0.6064394,0.49115002155303955,0.8317394785881043,0.5931000113487244,0.8317394785881043,0.044,44.0,0.4314782301176607,0.43546359120874717,0.43542387709463515,0.4293776720614509,0.43131805377755755,0.42689479117785184,0.4245573449607114,0.4285959402069125,0.4256094244309538,0.009308071019174535,0.008004429369456436,0.00854127919720017,0.00878786175341021,0.0025753326841437886,0.0072717352056226375,0.009230689260386931,0.00811110803007538,0.007900969328469284,0.5717742,0.6063063,0.6368613,0.64007634,0.53211385,0.58728075,0.5845529,0.580292,0.4920499920845032,0.8406086623668672,0.5904250144958496,0.8406086623668672,0.043,43.0,0.3875274486393652,0.38981525394379,0.38857927783601404,0.3953810303969809,0.392427215907783,0.3928474157102261,0.3868635774780447,0.39261277770809827,0.38777505576616567,-0.006351144181466255,-0.008233392064492171,-0.008708520730241524,-0.0068904520030109145,-0.006936236132998308,-0.009352334798052442,-0.002452426705997035,-0.0032199943723365985,-0.004432372436831235,0.5706371,0.5774714,0.5804461,0.62069607,0.60752034,0.57671124,0.5895206,0.59336567,2026-10-05T11:14:06.209216
8,0.6114102602005005,0.4996175169944763,0.7984066659927368,0.6114722490310669,0.7984066659927368,0.8200188508033752,0.9031955177307129,2.4504444974899293,0.2606133023262024,2.5723854913711546,1.857481558418274,1.0,10.0,,,,,0.43957341475486755,0.43957341475486755,,,,18.211277029418945,1.4357226786150294,0.07664777321895216,,0.11685262113857041,0.7295879351485307,0.28199883621589394,0.001633491237339368,0.05980221500062639,2.306971784609898,,0.0024827457293363844,,76.99514386608342,19.43582375641841,,102.48390605950812,76.99676839257502,25.894577840331255,95.09031560618406,39.06725972169524,18.211253779708958,,0.6192150522189536,,0.03325180469709597,0.10697460293200366,,0.048035549771064404,0.03248257880472833,0.08119918453465601,0.0010242946164172356,0.1628973724166299,0.061567358791258686,,,,0.17655,3531.0,0.58638734,0.6146396,0.6633915,0.65442336,0.57180685,0.60006064,0.60623735,0.59433806,0.49970000982284546,0.8476503496170044,0.5866999626159668,0.8476503496170044,0.042,42.0,0.33464987512107813,0.32269097278034947,0.3324287603956066,0.31889925732187047,0.2893355576713395,0.3158789753121671,0.3418911519276365,0.33990789220474055,0.34031658480319205,-0.022319169673377135,-0.023726890832102977,-0.023118863367480053,-0.01801251189992356,-0.013340591096379301,-0.01819474549323381,-0.018027334930759448,-0.017720770741490244,-0.017557902296634148,0.5695,0.5418182,0.522093,0.6088816,0.67398375,0.56181103,0.6003937,0.6041667,0.49289995431900024,0.8213663988113403,0.5979000329971313,0.8213663988113403,0.046,46.0,0.44239724920841733,0.4407948708388543,0.4426039190486297,0.45264410378931924,0.439799381220652,0.4488344128881741,0.43236080168493324,0.43000536073117457,0.42784007363464843,0.007515904167935366,0.005785715446078423,0.006062859285170816,0.008736670729255262,0.00041627225347569023,0.00281291197794597,0.008293965473881757,0.0068994490894510345,0.006420947980913944,0.5850807,0.61891896,0.6463504,0.6335878,0.53373986,0.58728075,0.599187,0.5751825,0.49629998207092285,0.8345083742141723,0.5922999978065491,0.8345083742141723,0.044,44.0,0.3885235621647477,0.3817429218096019,0.3875163397221182,0.38577168055559485,0.3645674694459957,0.3823566941001706,0.3871259768062849,0.3849566264679576,0.38407832921892027,-0.007401632752720885,-0.008970587693012278,-0.008528002041154618,-0.0046379205853341494,-0.006462159421451805,-0.00769091675764392,-0.004866684728438845,-0.005410660826019605,-0.005568477157860102,0.57729036,0.5803686,0.5842217,0.62123466,0.6038618,0.57454586,0.59979033,0.5896746,2026-10-05T11:18:16.670387
9,0.6145175695419312,0.5005174279212952,0.7928187561988831,0.6143824458122253,0.7928187561988831,0.820807276058197,0.9040715488433838,2.3202590105056764,0.23730205676555632,2.616779224586487,1.9186768566131591,1.0,10.0,,,,,0.414000950050354,0.414000950050354,,,,18.182313330078124,1.2710966875029217,0.06437443029787984,,0.0926402759423871,0.8292890331547731,0.31439572456441106,0.0015535579755558235,0.05735857097823529,2.617188830854027,,0.0017878943895750566,,76.95812390564353,19.411339644413843,,102.48119888791612,76.95892936560759,25.861579627747748,95.08794441952068,39.05500914944205,18.182289500145394,,0.6516119029111923,,0.034233409602930594,0.11055616669024632,,0.0507338308984307,0.03468307726986849,0.08482678770829158,0.0010823701548384158,0.17016028332862126,0.0638335819599355,,,,0.151,3020.0,0.5801123,0.6075514,0.65651745,0.6704186,0.5833333,0.60658586,0.6178615,0.591833,0.5015500783920288,0.8723249907493591,0.583549976348877,0.8723249907493591,0.027,27.0,0.32141785642643483,0.30922185113057327,0.3140845347604079,0.3076725281684859,0.27587624304535546,0.29894954663395384,0.33067413801901674,0.3241048239386325,0.31875084066324827,0.028325026744130784,0.026263089585091406,0.025005454809422362,0.0254498383153266,0.031773758947772665,0.022199956127933018,0.023907891730500452,0.026861827484975728,0.02043533008034167,0.57350004,0.5418182,0.52674425,0.6049342,0.69065046,0.5543307,0.5744095,0.5939394,0.4923499822616577,0.8457901768684387,0.5964500308036804,0.8457901768684387,0.033,33.0,0.4058744955813023,0.40979693206436996,0.41322947906750856,0.39631215368455963,0.40691235433206435,0.3928463710899137,0.40716518737120516,0.4129703441649452,0.4089910432343253,0.005920650694784714,0.00722321275481334,0.005641170624407103,0.0027632053513150542,0.006271814067323822,0.0012207700072962332,0.0022625923241946753,0.0034904275023892495,0.0009814617058375695,0.5766129,0.60090095,0.6343066,0.65305346,0.5365854,0.5890351,0.599187,0.57627743,0.49695003032684326,0.859057583808899,0.5900000035762787,0.859057583808899,0.03,30.0,0.36364617600386856,0.35950939159747164,0.3636570069139582,0.35199234092652276,0.3413942986887099,0.34589795886193375,0.36891966269511095,0.3685375840517888,0.3638709419487868,0.017122838719457748,0.016743151169952373,0.015323312716914733,0.014106521833320828,0.019022786507548243,0.011710363067614625,0.013085242027347564,0.015176127493682488,0.010708395893089619,0.57505643,0.5713596,0.5805254,0.62899387,0.6136179,0.57168293,0.58679825,0.5851084,2026-10-05T11:22:27.181257
10,0.6173923015594482,0.5002351403236389,0.7851444800376892,0.6169801354408264,0.7851444800376892,0.8126718567848206,0.8950321924209594,2.122963275718689,0.26795160779953003,2.7246332012176513,1.981026971244812,1.0,10.0,,,,,0.3857723305702209,0.3857723305702209,,,,18.15474640197754,1.229197363849658,0.06323048704048725,,0.08803818482241244,0.7991984186658434,0.2675449727874273,0.0015823464695316782,0.05664761375137575,2.1825328021292476,,0.001458433792548392,,76.92013719886731,19.385947245701104,,102.4782210914952,76.92138321991939,25.83123010283063,95.08713526634654,39.0468563638675,18.154723173493792,,0.683618166264455,,0.03492532831848048,0.11328856072797897,,0.05315884281021015,0.0363760731497388,0.08909421547013484,0.0011538484001793205,0.1776692520850783,0.06656954309363274,,,,0.14725,2945.0,0.58813155,0.61576724,0.6594295,0.6702804,0.5743185,0.60614145,0.6227825,0.59861505,0.49414998292922974,0.8500505213737488,0.5793501138687134,0.8500505213737488,0.03,30.0,0.32073164386046243,0.31524389416709103,0.3231696964921721,0.27513199328907306,0.21698053605600656,0.2628437576473906,0.32210070893564124,0.32154919335621335,0.3240526779229471,-0.014436268665203577,-0.016213509594500842,-0.014176858359912746,-0.014355426986915148,-0.016983459072676076,-0.018279705071373963,-0.010417738040742275,-0.012064992536246414,-0.013641458287697274,0.559,0.54,0.5232558,0.59901315,0.6902439,0.5559055,0.5665355,0.5912879,0.4966999590396881,0.8168322005271912,0.5974000096321106,0.8168322005271912,0.027,27.0,0.424080222675984,0.42068116275133766,0.42840831338759694,0.4055359101358223,0.38788098346885896,0.40474599681924195,0.4244255122978348,0.4247686114462865,0.4268702592374425,0.00013735031558791193,-0.0005792415834284347,-0.0006389702133957896,-0.003029150241435453,-0.002627873137354255,-0.00530370156542343,-0.0018938591423238436,-0.001964151400962232,-0.003885540441045547,0.580242,0.6148649,0.6313869,0.6496183,0.53414637,0.58464915,0.606504,0.5740876,0.4954249709844589,0.8334413609504701,0.588375061750412,0.8334413609504701,0.028499999999999998,28.5,0.37240593326822324,0.36796252845921434,0.37578900493988454,0.3403339517124477,0.3024307597624328,0.33379487723331625,0.373263110616738,0.37315890240124994,0.3754614685801948,-0.007149459174807833,-0.008396375588964639,-0.007407914286654268,-0.0086922886141753,-0.009805666105015166,-0.011791703318398697,-0.006155798591533059,-0.0070145719686043224,-0.00876349936437141,0.56962097,0.57743245,0.57732135,0.62431574,0.61219513,0.57027733,0.5865197,0.58268774,2026-10-05T11:26:36.507447
11,0.6180195808410645,0.5015924572944641,0.7841335808753968,0.6182673573493958,0.7841335808753968,0.8206350592613221,0.9038801906585693,2.279654151344299,0.2022110463142395,3.128716506958008,1.995302699279785,1.0,10.0,,,,,0.39187284655570986,0.39187284655570986,,,,18.129005932617186,1.5000530424154108,0.07558408196552828,,0.09502748624498772,0.8397258235390779,0.2805471730649851,0.0016597141309679859,0.05730184630318812,3.0741764299429146,,0.0017262145296522567,,76.88213994700438,19.3662434596165,,102.47913608429538,76.88368103610482,25.79908164443484,95.08576508540257,39.04891005595019,18.12898129262742,,0.6908005715175799,,0.035724822194523116,0.11891304421576725,,0.055982294949186835,0.03818968211294739,0.09323718854386336,0.0012487921030349602,0.18623061905241317,0.069964045409564,,,,0.1549,3098.0,0.58097434,0.6054571,0.6570919,0.68672985,0.5780569,0.6168889,0.6257999,0.5944603,0.5027499198913574,0.8403957915306092,0.5858501195907593,0.8403957915306092,0.025,25.0,0.25541093975587037,0.24430385365898555,0.24840907328313383,0.23629079657722277,0.2107433306531826,0.21034144625306445,0.2727809848481181,0.2681499115783293,0.2691873543581405,-0.0041592038737395835,-0.006596943172060617,-0.00702615686162063,0.00010150253446709801,0.0053441929013943144,-0.005475489885328618,0.002691422077264764,0.0005690230859839798,-0.002768542721634864,0.582,0.5081818,0.5244186,0.6184211,0.7256098,0.5385827,0.5641732,0.6121212,0.5081999897956848,0.8081839933395386,0.6010000705718994,0.8081839933395386,0.025,25.0,0.4152979622440365,0.41355501364380504,0.42078307479778937,0.41214426628157497,0.38837720548761395,0.40700508152112536,0.4241809343410951,0.42754280708618714,0.42448702182942283,0.014906388212463536,0.012408730981109778,0.013085087621582123,0.010207867885821247,0.0029949543740145747,0.0035221049824238526,0.008160391050311128,0.0071508652970854346,0.005898086757717176,0.57943547,0.59549546,0.6248175,0.6835878,0.5361789,0.5864035,0.61951226,0.5759124,0.5054749548435211,0.8242898924350739,0.5934250950813293,0.8242898924350739,0.025,25.0,0.3353544509999534,0.32892943365139526,0.3345960740404616,0.32421753142939885,0.29956026807039826,0.30867326388709493,0.34848095959460657,0.3478463593322582,0.34683718809378167,0.005373592169361976,0.0029058939045245808,0.0030294653799807464,0.005154685210144172,0.004169573637704444,-0.0009766924514523826,0.005425906563787946,0.003859944191534707,0.0015647720180411559,0.58071774,0.55183864,0.57461804,0.65100443,0.6308943,0.5624931,0.5918428,0.5940168,2026-10-05T11:30:45.522536
12,0.6189477443695068,0.5001076459884644,0.7791791073799134,0.6185676455497742,0.7791791073799134,0.8203738476753235,0.9035899628639221,2.3100130954742433,0.2105166281223297,3.156190729522705,1.9987254409790038,1.0,10.0,,,,,0.40974347286224366,0.40974347286224366,,,,18.100230764770508,1.5237701374349322,0.06529041316811067,,0.08302059962123537,0.9176597397798186,0.23066998904298067,0.0013006361508942179,0.04435415810958785,2.8610922003247934,,0.001625596831693013,,76.8447359899047,19.345519193418465,,102.47966251251803,76.84642762591125,25.76669276292157,95.08511094986254,39.0319993085922,18.100206290081047,,0.6925121925439045,,0.03647969596704859,0.12373215918708,,0.05857652181367965,0.04005816922920525,0.09681795888645633,0.0013810136210125913,0.19196247466050895,0.07162011087320413,,,,0.1532,3064.0,0.585846,0.613089,0.6534271,0.6874803,0.57743376,0.6092323,0.627258,0.5941344,0.49984997510910034,0.8559999732971192,0.5767500400543213,0.8559999732971192,0.025,25.0,0.33353742549939924,0.32250756878139736,0.3295855426134302,0.30107420599046786,0.2459541866200694,0.2796189701296867,0.3205613003520196,0.3239727757763557,0.3267286909912907,-0.011325276630435565,-0.013357637807359718,-0.011230329812577154,-0.01729032849357113,-0.024397947220354183,-0.020859590321912914,-0.014840504874795588,-0.014532163125905826,-0.014604593543687124,0.585,0.53909093,0.5031008,0.58750004,0.6898374,0.57401574,0.5303149,0.6034091,0.4989999830722809,0.7977293214797974,0.6068499684333801,0.7977293214797974,0.026,26.0,0.4152785062833514,0.4083944113021336,0.41924102569631794,0.4169893612159621,0.390719518475218,0.399497326292208,0.42263077242732056,0.42581934149696027,0.41848730713027366,0.01309434515464292,0.011431150210465056,0.010852283584989582,0.011081738031715077,0.010623019255673969,0.0052690090213114524,0.011463487385643671,0.008480775757793461,0.004085624496264993,0.6012097,0.63873875,0.65948904,0.6614504,0.51829267,0.5947369,0.60365856,0.5737226,0.4994249790906906,0.8268646473884582,0.5918000042438507,0.8268646473884582,0.025500000000000002,25.5,0.3744079658913753,0.3654509900417655,0.37441328415487407,0.35903178360321497,0.3183368525476437,0.3395581482109473,0.3715960363896701,0.374896058636658,0.3726079990607822,0.0008845342621036775,-0.0009632437984473307,-0.000189023113793786,-0.003104295230928026,-0.006887463982340107,-0.007795290650300731,-0.0016885087445759582,-0.0030256936840561827,-0.005259484523711066,0.59310484,0.5889149,0.5812949,0.62447524,0.60406506,0.58437634,0.56698674,0.5885658,2026-10-05T11:34:58.355172
13,0.6195676922798157,0.49771517515182495,0.7761824596405029,0.6199274659156799,0.7761824596405029,0.8132404696464539,0.8956639886856079,2.168726762008667,0.2532102998495102,3.0740875453948973,1.9988871475219727,1.0,10.0,,,,,0.4165281469345093,0.4165281469345093,,,,18.070837078857423,1.0669647818253298,0.050667158743236095,,0.06624567976138394,0.9656538105314705,0.23701256817313515,0.0016182298656363205,0.05566744700928403,2.6130217890830556,,0.0014095548120480043,,76.8064862390992,19.320665201563745,,102.47473309753806,76.80945397638212,25.73254266969717,95.08376632982,39.02497069243413,18.070818603418434,,0.6925928140901456,,0.03715330746712958,0.12560236031652255,,0.06001383018721441,0.041911054497501654,0.09940205386299995,0.0014406189101504956,0.1987590972025683,0.07286748199895689,,,,0.1429,2858.0,0.58209705,0.60797423,0.6627773,0.6838468,0.5812695,0.6155152,0.6280681,0.59716904,0.4978000223636627,0.8300581722259521,0.5916500091552734,0.8300581722259521,0.046,46.0,0.44028348237293585,0.4191255620507342,0.41651209066495837,0.42011749748603633,0.31878772306660436,0.3543652197699928,0.438138144914562,0.4402841506104879,0.4199939400669784,0.017650330837650417,0.01751600315704913,0.018983701254878027,0.00718455850906828,0.0011722612318225392,0.00010430965342553443,0.013104742786220761,0.012212469108252232,0.009798425448516522,0.577,0.51545453,0.51511633,0.63388157,0.7223577,0.5523622,0.5783465,0.6212121,0.4911000728607178,0.8199274616241455,0.5956499576568604,0.8199274616241455,0.045,45.0,0.4425871280093198,0.4493153115994374,0.4497167065857736,0.41432405891376034,0.41059106014046387,0.40392556574101895,0.43109138167359545,0.4364978277987927,0.4216144951362486,0.011530310460238263,0.009364297834706398,0.010401504052679455,0.010798616033427872,0.0033853610775104576,0.007887749320639324,0.010570965641974203,0.008979431723841696,0.008310942251663843,0.57258064,0.60720724,0.6335767,0.66488546,0.5256098,0.5758772,0.59837395,0.579927,0.49445004761219025,0.8249928169250489,0.5936499834060669,0.8249928169250489,0.0455,45.5,0.44143530519112784,0.4342204368250858,0.433114398625366,0.41722077819989833,0.3646893916035341,0.37914539275550585,0.4346147632940787,0.4383909892046403,0.42080421760161346,0.01459032064894434,0.013440150495877764,0.014692602653778742,0.008991587271248077,0.0022788111546664983,0.003996029487032429,0.011837854214097481,0.010595950416046964,0.009054683850090183,0.57479036,0.5613309,0.57434654,0.64938354,0.62398374,0.5641197,0.5883602,0.6005696,2026-10-05T11:39:09.834434
14,0.6207826733589172,0.4997951090335846,0.7723638600349426,0.6208475232124329,0.7723638600349426,0.8049042090415954,0.8864014694213868,2.172450396156311,0.2705922579288483,3.1317051418304445,1.9944662540435791,1.0,10.0,,,,,0.41706532616615294,0.41706532616615294,,,,18.04363171386719,0.9963182756190847,0.05008764375315588,,0.06656100152202757,0.9649254275355369,0.22269545993797338,0.001365699743960278,0.04482243431933746,3.027486577155484,,0.0013395455832445585,,76.76854982801304,19.29977401198855,,102.47302236374776,76.77204068906748,25.699695198399247,95.0822197009044,39.02277119144512,18.043610979796973,,0.6903512227307459,,0.0377085444274222,0.12899617138941577,,0.06218168856042206,0.04339779671400216,0.10282317824234628,0.0015189730433248884,0.20588612527983963,0.07526799974737654,,,,0.15075,3015.0,0.577065,0.59955704,0.6566363,0.6931477,0.58648753,0.6119798,0.63742405,0.6037067,0.505299985408783,0.8424410200119019,0.5867000222206116,0.8424410200119019,0.029,29.0,0.3789244987185876,0.3531778699099062,0.3600353289260419,0.36914378177140694,0.30751298024134355,0.34264426258041736,0.3769478508063922,0.37316339926308245,0.34558408785707434,0.009859569550066576,0.008872327787950083,0.007536758075922215,0.0020309133055078804,-0.0004323052695154556,-0.004042517012555921,0.007566274358187316,0.00281240838240136,-0.0015068784627538124,0.57350004,0.5377273,0.51860464,0.61875004,0.7101626,0.56771654,0.5484252,0.607197,0.4995500445365906,0.8118448996543884,0.6026999950408936,0.8118448996543884,0.034,34.0,0.4329649996616987,0.42560353862644246,0.4339550526366972,0.4364790310319808,0.41837187206632737,0.42159308408940865,0.42726105807309933,0.4316821011996863,0.4239327461342049,0.0035944619459329194,0.0013036456529008041,0.0013589256470389363,0.001229017852026165,4.706189944783317e-07,0.001424428445687914,0.0014785001555907536,-0.00027182233427808217,-0.0021121608445279585,0.58306456,0.6153153,0.6470803,0.6698473,0.5406504,0.58201754,0.5995935,0.57737225,0.5024250149726868,0.8271429598331452,0.5947000086307526,0.8271429598331452,0.0315,31.5,0.4059447491901431,0.38939070426817435,0.3969951907813696,0.4028114064016939,0.36294242615383543,0.382118673334913,0.40210445443974574,0.4024227502313844,0.3847584169956396,0.0067270157479997475,0.005087986720425443,0.004447841861480575,0.0016299655787670227,-0.00021591732526048864,-0.0013090442834340038,0.004522387256889035,0.0012702930240616388,-0.0018095196536408854,0.5782823,0.5765213,0.58284247,0.6442987,0.6254065,0.574867,0.57400936,0.5922846,2026-10-05T11:43:21.359388
15,0.6227599382400513,0.4995322823524475,0.7722139659881592,0.6228801012039185,0.7722139659881592,0.8159276067733765,0.8986496950149536,2.276270415878296,0.267312438249588,3.3418688526153564,1.9940600942611695,1.0,10.0,,,,,0.43924649562835694,0.43924649562835694,,,,18.015812408447264,1.3245237240342387,0.06010181051871745,,0.07237636428593308,0.9791235893395296,0.23473788157200356,0.0014062745036530623,0.0444857268861145,3.812678336337873,,0.001677797801571933,,76.7307764041196,19.280665573800444,,102.47037224253272,76.73493986676453,25.66712975957591,95.08118103416103,39.00771781289654,18.015787148931224,,0.6901659350486318,,0.038403003079116725,0.13328317443656315,,0.0640955022565878,0.04473160817080243,0.1064504799759312,0.001654815771854275,0.21120347965295147,0.07705722649575798,,,,0.1443,2886.0,0.5708701,0.59504634,0.6498812,0.70827407,0.5857477,0.6250505,0.6405022,0.60696536,0.5037999749183655,0.8348582472801208,0.5909000039100647,0.8348582472801208,0.025,25.0,0.3585875130403521,0.34592875113179544,0.35641264709483583,0.3493247043688377,0.32695545293988165,0.33778893783024594,0.36749430102758507,0.3691967201533084,0.36147889928750776,0.028635968365910897,0.027494799315300113,0.02792452069039115,0.028976517133564913,0.029792757598203386,0.028799796263614164,0.029788989176033058,0.028573263072783656,0.022820488756429,0.578,0.5295454,0.5228683,0.6220395,0.7199187,0.56062996,0.55551183,0.6253788,0.506600022315979,0.8081102890968322,0.6037999987602234,0.8081102890968322,0.026,26.0,0.4266539792190116,0.42468372751850036,0.43505112501712817,0.44493517542117406,0.43618862283064447,0.4470482293163455,0.4497321425518996,0.4499533363023363,0.4517610215948901,0.011282458389290498,0.009669816915602297,0.009501280341625945,0.005033730938306169,0.00420220091179538,0.004864024432550359,0.007992993515632287,0.006964881804256475,0.00628398712417518,0.5762097,0.59999996,0.63248175,0.6851145,0.5402439,0.5877193,0.6166667,0.5843066,0.5051999986171722,0.8214842681884765,0.597350001335144,0.8214842681884765,0.025500000000000002,25.5,0.39262074612968184,0.3853062393251479,0.395731886055982,0.3971299398950059,0.38157203788526306,0.39241858357329573,0.40861322178974235,0.4095750282278223,0.40661996044119897,0.019959213377600697,0.018582308115451203,0.018712900516008546,0.017005124035935543,0.016997479254999382,0.016831910348082263,0.01889099134583267,0.017769072438520064,0.014552237940302089,0.57710487,0.5647727,0.577675,0.65357697,0.6300813,0.57417464,0.58608925,0.60484266,2026-10-05T11:47:30.381299
16,0.6228349804878235,0.5006877183914185,0.7705928524971009,0.6234398484230042,0.7705928524971009,0.825740571975708,0.9095529847145081,2.3266566514968874,0.25975738186836245,3.4275325202941893,1.9995309425354004,1.0,10.0,,,,,0.44541327786445617,0.44541327786445617,,,,17.986938815307617,1.1146249471433982,0.05389936191806938,,0.06470510063716656,0.9930732134421161,0.2334964772223667,0.0012817162266638795,0.04250902478482313,3.981660091193618,,0.0012955838265042985,,76.69305818399806,19.25666851602542,,102.46541551723601,76.6976380560808,25.63439290234997,95.0798493403538,38.96944228251269,17.986916122922473,,0.6929136772823942,,0.039131944536403486,0.13581668742143424,,0.0656989214431708,0.04601783359980887,0.10975755286064877,0.001727075396093783,0.2137770640432455,0.0783998158042598,,,,0.13605,2721.0,0.5645148,0.5909787,0.65336764,0.70971566,0.5925428,0.6209293,0.6468409,0.60769856,0.49629998207092285,0.8340422401428222,0.5916500091552734,0.8340422401428222,0.027,27.0,0.42369209210475245,0.3612336949844311,0.4031712227562864,0.4076681232276449,0.3189232913310455,0.3515277734866363,0.43446775454597036,0.4238715763930468,0.40214329596910575,0.05685218919341135,0.05763002553053212,0.047581621567645,0.04824805591008929,0.04990285265545242,0.04460883288148338,0.045452358520010123,0.04883766997846549,0.03690037997575923,0.5805,0.5131818,0.5228683,0.62927634,0.73373985,0.5602362,0.56062996,0.61704546,0.5031499862670898,0.8259371771812439,0.5961499810218811,0.8259371771812439,0.027,27.0,0.4056851531524617,0.3789481049420893,0.4096308902034911,0.39917675010615183,0.36068124190062933,0.3851753042459343,0.4118417689178642,0.41457115811277373,0.4136072147246255,0.01598869170694887,0.013221911084003446,0.014484394531723626,0.0126980483461898,0.009960734523534652,0.009760215460926976,0.013019317103209992,0.007921943444078114,0.009692547113134558,0.558871,0.5770271,0.60656935,0.6835878,0.5414634,0.59122807,0.61544716,0.58722633,0.49972498416900635,0.8299897086620331,0.5938999950885773,0.8299897086620331,0.027,27.0,0.41468862262860706,0.37009089996326017,0.4064010564798888,0.40342243666689837,0.33980226661583746,0.3683515388662853,0.4231547617319173,0.41922136725291026,0.40787525534686564,0.03642044045018011,0.03542596830726778,0.031033008049684313,0.030473052128139545,0.029931793589493536,0.027184524171205177,0.029235837811610058,0.028379806711271802,0.023296463544446894,0.56968546,0.54510444,0.56471884,0.65643203,0.6376016,0.5757321,0.58803856,0.6021359,2026-10-05T11:51:40.655953
17,0.6225073933601379,0.5004326105117798,0.7696276173591614,0.6229524612426758,0.7696276173591614,0.8289070323944092,0.9130712766647339,2.401349647903442,0.2570009324550629,3.6896729469299316,1.9985157394409179,1.0,10.0,,,,,0.48336144528388975,0.48336144528388975,,,,17.958940100097657,1.6061714404280398,0.0742093349375412,,0.07955516992095311,1.0546816860794261,0.23447477238573086,0.0014288583553505906,0.04502324820466482,2.6235576199877793,,0.0011727516236307194,,76.65575093068894,19.23368722466147,,102.46122605633583,76.66052314126567,25.6012540076189,95.07793241853167,38.955284847575385,17.95891944010546,,0.6924075863923237,,0.03989592756909929,0.13897461629217597,,0.067283386495083,0.04712684832181141,0.11292218986400374,0.0017920528096591782,0.219023271066368,0.08044822499820381,,,,0.13445,2689.0,0.5593825,0.58401126,0.654061,0.7078791,0.5936916,0.6198182,0.6528554,0.6110387,0.49504995346069336,0.8296055407524109,0.5935001373291016,0.8296055407524109,0.029,29.0,0.37675280678743567,0.3486107261783004,0.3797401203581762,0.38841392886127196,0.332176920525177,0.3833192655667011,0.4105197310142825,0.4081734450222853,0.42620540723461403,0.014651211666691925,0.004836985337284769,0.012383263565340506,0.024491835461334696,0.018528388407807368,0.016369883633839483,0.01893018772102712,0.01600791382568405,0.012150361283662247,0.59150004,0.54636365,0.53527135,0.62565786,0.7276423,0.5496063,0.5385827,0.6242424,0.5052500367164612,0.8090837588310241,0.6040000319480896,0.8090837588310241,0.029,29.0,0.4287606294915162,0.42642933952491074,0.4432098037094993,0.4420392116524038,0.4435776473868185,0.44150476018793344,0.4437144201067299,0.44882160727517384,0.4476745729240675,0.015979324446047095,0.014139615117049463,0.015298681106321361,0.010876239871341611,0.007087782102011347,0.006489859849963681,0.011719785439554707,0.013504239661292598,0.009632591814091457,0.5717742,0.6013514,0.6270073,0.6866413,0.53943086,0.59210527,0.6170732,0.5894161,0.5001499950885773,0.8193446497917175,0.5987500846385956,0.8193446497917175,0.029,29.0,0.40275671813947594,0.3875200328516056,0.41147496203383777,0.41522657025683785,0.38787728395599774,0.41241201287731727,0.4271170755605062,0.4284975261487296,0.43693999007934076,0.01531526805636951,0.009488300227167117,0.013840972335830933,0.017684037666338154,0.012808085254909358,0.011429871741901581,0.015324986580290915,0.014756076743488325,0.01089147654887685,0.58163714,0.57385755,0.5811393,0.65614957,0.6335366,0.5708558,0.57782793,0.6068293,2026-10-05T11:55:56.545641
18,0.6246779561042786,0.49927759170532227,0.7647302267074585,0.6246901154518127,0.7647302267074585,0.8164933102607727,0.8992782550811768,2.1338358976364136,0.2761950397014618,3.66465139503479,1.9936923973083496,1.0,10.0,,,,,0.4850611678600311,0.4850611678600311,,,,17.9323042388916,1.8482124553222186,0.07279025868714378,,0.08245152555358638,1.064494196017077,0.21541301115967665,0.0014730065430375112,0.046569929244649255,2.9190299389468635,,0.00163458748550505,,76.61835601223503,19.21241603535452,,102.4614147502146,76.62383634725194,25.567959852279373,95.07685239755423,38.92956100755436,17.932278444812557,,0.6899975621776216,,0.04050113009229587,0.1423091341735451,,0.06954301447625373,0.04827458347389652,0.11619819434964733,0.001833972088832432,0.22287730920087,0.08306790195452939,,,,0.1387,2774.0,0.5646151,0.57972217,0.65069336,0.71623224,0.59614486,0.62482834,0.65757394,0.60670066,0.49984997510910034,0.8420759959220886,0.5840999484062195,0.8420759959220886,0.029,29.0,0.3564700756097353,0.32186840831799407,0.3508843514241984,0.3682950616628671,0.32489482934652963,0.3371185691950792,0.3808201493413353,0.3837966964504865,0.3658298042220206,-0.005329724899399885,-0.015115431240794123,-0.01098163872677118,-0.0021922216523524965,-0.02358716905905494,-0.012434659573011386,-0.007189054664426541,-0.010091183267446777,-0.01578052229874835,0.585,0.5245455,0.5178295,0.62171054,0.72113824,0.55275595,0.5279528,0.61098486,0.499500036239624,0.8021315317153931,0.6054999828338623,0.8021315317153931,0.027,27.0,0.41523790550491474,0.40524185593382434,0.43280539698580384,0.4076417126738797,0.39023443446665224,0.41128921252414385,0.42420052542571407,0.42719796881666366,0.43054455655445617,0.014555711706129137,0.015054650782930562,0.014110233803433118,0.008772374962983264,0.008930876673909297,0.01048990467579429,0.009456781631722753,0.010177539015685601,0.0085655822571924,0.583871,0.59639645,0.6332117,0.67900765,0.545935,0.59078944,0.6191057,0.58795625,0.4996750056743622,0.8221037638187408,0.5947999656200409,0.8221037638187408,0.028,28.0,0.38585399055732506,0.3635551321259092,0.39184487420500114,0.3879683871683734,0.35756463190659094,0.37420389085961153,0.4025103373835247,0.40549733263357507,0.3981871803882384,0.004612993403364626,-3.039022893178058e-05,0.0015642975383309693,0.003290076655315384,-0.007328146192572821,-0.0009723774486085478,0.001133863483648106,4.3177874119412415e-05,-0.0036074700207779755,0.58443546,0.56047094,0.5755206,0.6503591,0.6335366,0.5717727,0.57352924,0.59947056,2026-10-05T12:00:05.385040
19,0.6244348287582397,0.5013548731803894,0.7668834858894348,0.6245301961898804,0.7668834858894348,0.82634494972229,0.9102245175361633,2.2863112846374514,0.23983610682487488,3.712363121414185,1.9996236141204835,1.0,10.0,,,,,0.4723876084327698,0.4723876084327698,,,,17.904122824096678,1.5067449574637566,0.06248065749491761,,0.06430194296156334,1.0306424870612516,0.23778107069480192,0.0012690342809251586,0.041150967531190935,3.629830205896098,,0.0012214421885048045,,76.58028518773948,19.190349712493312,,102.46127756689764,76.58680817427908,25.535808866950358,95.07523554905205,38.936527057817784,17.904102556265084,,0.6929591844795616,,0.041055243248772466,0.14577482308551765,,0.07162572239424772,0.049332351844971346,0.1192373258008319,0.0018608721846619704,0.2301362940839901,0.08495785129867542,,,,0.1348,2696.0,0.5698276,0.5803665,0.654061,0.714218,0.6014603,0.62107074,0.64540297,0.6085336,0.5011500120162964,0.8399383687973022,0.5853500366210938,0.8399383687973022,0.02,20.0,0.3455321986958948,0.3186502841983913,0.3549691151508329,0.3888203870091766,0.37443549775243923,0.3801534584176804,0.4071216833864535,0.4066983647434038,0.4068102616667735,-0.004947866127151133,-0.013360361124351202,-0.010271015290257349,0.002757809907499149,-0.003056002508936603,-0.006122690069075571,0.012643634243151795,0.00950024305173555,0.006010482460405873,0.577,0.53227276,0.52364343,0.60855263,0.71829265,0.5543307,0.5405512,0.6185606,0.49719998240470886,0.8043067531585694,0.6035500168800354,0.8043067531585694,0.02,20.0,0.3971420054076235,0.37679741390746013,0.4052606811018375,0.41161708974359257,0.39726866740089256,0.40596040177934,0.4178910552434584,0.4196301810546647,0.4141958803219803,0.014704668031575049,0.009423439570802591,0.012193625967092392,0.015237712327849878,0.009529082651086498,0.010112518364416024,0.014727381445999681,0.013723142563100518,0.013014551699952718,0.583871,0.5900901,0.6222628,0.6816794,0.5406504,0.5995614,0.61951226,0.5843066,0.4991749972105026,0.8221225609779358,0.5944500267505646,0.8221225609779358,0.02,20.0,0.3713371020517592,0.34772384905292575,0.3801148981263352,0.40021873837638455,0.3858520825766659,0.39305693009851017,0.41250636931495593,0.41316427289903424,0.4105030709943769,0.004878400952211958,-0.0019684607767743055,0.0009613053384175214,0.008997761117674514,0.0032365400710749476,0.0019949141476702267,0.013685507844575739,0.011611692807418035,0.009512517080179295,0.5804355,0.5611814,0.5729531,0.64511603,0.62947154,0.576946,0.58003175,0.60143363,2026-10-05T12:04:14.320533
20,0.6254123449325562,0.49978217482566833,0.7625789505958557,0.6256248354911804,0.7625789505958557,0.8302812021255493,0.9145981346130371,2.368697859954834,0.22237492005825044,3.913641368865967,1.9997516706466676,1.0,10.0,,,,,0.5122933730125427,0.5122933730125427,,,,17.878510580444335,1.0852490722136512,0.04653965740221416,,0.05091474294531972,1.0472570881722079,0.21311579075208895,0.0014301471923445321,0.045468887913331486,2.662054572515427,,0.0009021667672432796,,76.54225591185745,19.168304248979897,,102.45782213150316,76.55010233107646,25.50354341640594,95.07429771666314,38.93388281658197,17.878488188336608,,0.6930171376580645,,0.041384837762185725,0.14879868649373387,,0.07301995552079693,0.050436202840060944,0.12249704754086817,0.0019538860217887598,0.2361883598907738,0.08784904349951228,,,,0.13455,2691.0,0.5750602,0.5898913,0.6554477,0.71157193,0.58919394,0.62412125,0.6479142,0.6110387,0.5062500238418579,0.8295318036079407,0.5892999768257141,0.8295318036079407,0.024,24.0,0.32551385645909636,0.279454933570086,0.3231344498342488,0.35024131983858375,0.3101606981436449,0.3379746335079657,0.38354403924988606,0.38167173517720776,0.3876439581996435,-0.0008642821009637612,-0.006000822714905822,-0.003567053644703127,0.003783690125241522,-0.0003082162417277005,-0.007328351241441643,-0.0031158516123873524,-0.003463743201021868,-0.004403386945485247,0.5795,0.5345455,0.52596897,0.6269737,0.7256098,0.53937006,0.5484252,0.6212121,0.4961499571800232,0.8052694926261902,0.6023001074790955,0.8052694926261902,0.028,28.0,0.43686804649463884,0.4024663161771268,0.44457071334141013,0.4306216537046782,0.4176594081898592,0.43479678902738245,0.44279996126036175,0.44562680347031586,0.44035645437110943,0.011171558005262696,0.007920182964528134,0.009573425389698005,0.0066007737269893245,0.0016988252479778836,0.004546020802351476,0.008544043736075372,0.008473655004946441,0.008369848880923127,0.57258064,0.59774774,0.6186131,0.6854962,0.5382114,0.5929825,0.6170732,0.5890511,0.5011999905109406,0.8174006481170655,0.5958000421524048,0.8174006481170655,0.026000000000000002,26.0,0.3811909514768676,0.3409606248736064,0.3838525815878295,0.390431486771631,0.36391005316675207,0.38638571126767407,0.4131720002551239,0.4136492693237618,0.4140002062853765,0.005153637952149468,0.0009596801248111558,0.003003185872497439,0.005192231926115423,0.0006953045031250916,-0.0013911652195450837,0.00271409606184401,0.0025049559019622867,0.00198323096771894,0.5760403,0.5661466,0.572291,0.656235,0.63191056,0.5661763,0.5827492,0.6051316,2026-10-05T12:08:24.545578
21,0.6259724497795105,0.4994276762008667,0.7617952382087707,0.6262248754501343,0.7617952382087707,0.8176177684783935,0.9005276523590088,2.226171756362915,0.2261856559753418,3.5419915962219237,1.998981536102295,1.0,10.0,,,,,0.466627251958847,0.466627251958847,,,,17.851326504516603,1.3805082393869472,0.058217968025013424,,0.06134188373923112,1.0474150399113917,0.20452484721021288,0.0011414066123906642,0.034826421184809345,4.427145539954969,,0.00105555215743882,,76.5044202865309,19.14739381583633,,102.4564431548878,76.51313130567029,25.47078842114491,95.0723100893057,38.9249245224485,17.85130464347305,,0.6926366269208823,,0.042017277567439774,0.15244283427478403,,0.07480832241523037,0.05137412862223425,0.1250771967943307,0.001991299115963707,0.2414345407182244,0.08984359543604456,,,,0.14475,2895.0,0.5736367,0.60706806,0.6570721,0.7000198,0.59008956,0.62341416,0.6438842,0.61407334,0.505050003528595,0.825779227733612,0.5914501547813416,0.825779227733612,0.028,28.0,0.3374648096548003,0.2965339502912718,0.3489472776188808,0.33405733044818103,0.29136368703493437,0.32561699396438404,0.36350160862298836,0.3711694941266996,0.3706251645365456,0.0320244260619524,0.02226961642886688,0.028445659116778238,0.028535003378524836,0.023795266332079748,0.024647520853211775,0.028272080672049935,0.021711930851394973,0.01297164520557798,0.5825,0.52090913,0.522093,0.6365132,0.7361789,0.5480315,0.538189,0.6310606,0.5003499984741211,0.8031933445930481,0.6018499732017517,0.8031933445930481,0.025,25.0,0.4211860754616414,0.3873550507437962,0.4298773416027406,0.42348351728053535,0.40401598027170693,0.4204804236348415,0.43358144457620934,0.43997597928497345,0.4331038913934338,0.01736855069937257,0.016071075177016537,0.015685950963096353,0.013248729250100027,0.013008375676763849,0.006772540425455137,0.014034375547200157,0.013584172221130276,0.008811759852625887,0.5661291,0.58063066,0.6178832,0.6912214,0.54227644,0.59210527,0.6219512,0.5934307,0.502700001001358,0.8144862861633301,0.5966500639915466,0.8144862861633301,0.026500000000000003,26.5,0.37932544255822087,0.341944500517534,0.3894123096108107,0.3787704238643582,0.3476898336533206,0.37304870879961277,0.39854152659959885,0.4055727367058365,0.4018645279649897,0.024696488380662487,0.019170345802941708,0.022065805039937297,0.020891866314312432,0.0184018210044218,0.015710030639333454,0.021153228109625045,0.017648051536262623,0.010891702529101934,0.57431453,0.5507699,0.56998813,0.6638673,0.6392276,0.57006836,0.58007014,0.6122457,2026-10-05T12:12:34.317117
22,0.625985324382782,0.5001023411750793,0.7609419833183289,0.6258423924446106,0.7609419833183289,0.8207182664871215,0.9039726469039917,2.287891798591614,0.22293576366901396,3.6529351402282715,1.999476628112793,1.0,10.0,,,,,0.4775997698783874,0.4775997698783874,,,,17.82533215637207,0.4129770761652357,0.017504776371227708,,0.022193725977187894,1.1584636963856447,0.22885361655502562,0.0012972834160414992,0.042837870775893995,2.333627803690115,,0.0006633504814252178,,76.465779687189,19.120417151481483,,102.44906849466312,76.47582949498657,25.43702285912386,95.07107913266321,38.91673650559346,17.825310178623077,,0.6928865173060423,,0.04233945647527458,0.15358571888534886,,0.075799034184711,0.05232753063652926,0.12803342985879085,0.0020298015335159505,0.2465682797561026,0.09244040708253339,,,,0.14095,2819.0,0.56856453,0.5890858,0.6444731,0.7193721,0.5950351,0.6257374,0.6500608,0.6135642,0.5062500238418579,0.8240345730781555,0.5916500687599182,0.8240345730781555,0.021,21.0,0.3803449692704179,0.3471229200521041,0.3918930465506727,0.38085558919612045,0.32875538038594215,0.3753331249265436,0.4168665156937166,0.4200040199272697,0.42456164131315977,0.024959281426634134,0.014024088988648362,0.02368442151044784,0.01880101211743813,0.0066494704535259705,0.015902976377480383,0.019107385107974925,0.015529119502615905,0.011670902484418062,0.586,0.5377273,0.52674425,0.6213816,0.74268293,0.54488194,0.5338583,0.62992424,0.49399998784065247,0.7978668413162231,0.6047999262809753,0.7978668413162231,0.022,22.0,0.4057966866179055,0.3797698700025822,0.4201722336780066,0.4043754638877233,0.3859551729417201,0.4084212100874277,0.4153385139903994,0.414679665255887,0.4115436243352287,0.014802639116498288,0.013111668484850176,0.013848957349646042,0.010629697706024909,0.007805851020162076,0.0066810796194592004,0.009806925115047223,0.01129482721006587,0.0069824795266029555,0.56935483,0.5788288,0.6145986,0.69923663,0.5455285,0.5986842,0.6313008,0.59233576,0.5001250058412552,0.8109507071971893,0.5982249975204468,0.8109507071971893,0.0215,21.5,0.3930708279441617,0.36344639502734316,0.40603264011433965,0.3926155265419219,0.35735527666383116,0.39187716750698565,0.41610251484205796,0.41734184259157836,0.41805263282419425,0.01988096027156621,0.013567878736749268,0.018766689430046942,0.01471535491173152,0.007227660736844024,0.011292027998469793,0.014457155111511074,0.013411973356340888,0.009326691005510509,0.5776774,0.5582781,0.57067144,0.6603091,0.6441057,0.57178307,0.58257955,0.61113,2026-10-05T12:16:43.800909
23,0.6276348233222961,0.49431532621383667,0.7584986535072327,0.62763512134552,0.7584986535072327,0.8133339524269104,0.8957678542137146,2.1855168416976927,0.2349829401731491,3.4080486717224123,1.9998979331970215,1.0,10.0,,,,,0.4524667193412781,0.4524667193412781,,,,17.79972138671875,0.26429134154110956,0.012755054979033436,,0.018275004187242906,1.1369390795185308,0.19877398967932744,0.0010460749154340974,0.033323604204235184,4.276109386401571,,0.0005988533822769539,,76.42762965305596,19.089701974467868,,102.43960163092157,76.43859770950998,25.404118276705407,95.06896034775266,38.89981662239998,17.799697693745802,,0.6930963731115791,,0.042664713801661876,0.15346930076362222,,0.07631765249048829,0.05324858491113232,0.13120257863952856,0.0020485324028784494,0.25080093485154925,0.09526358089249605,,,,0.14645,2929.0,0.5717723,0.5878373,0.64704835,0.7200237,0.5933412,0.63129294,0.65230864,0.61676174,0.4955000877380371,0.8171119766235352,0.5962000489234924,0.8171119766235352,0.029,29.0,0.36084677243988683,0.3322556480398462,0.3757746410398156,0.34308952567618084,0.31231216363513425,0.34799958452980967,0.37879054912150417,0.38572944505973034,0.3887678834745296,0.04818672296360577,0.04093975082601459,0.04317400604097398,0.03267968439660778,0.022445167785284395,0.02877249055301261,0.03415323525883487,0.031715386321188976,0.02213878343053441,0.5815,0.53000003,0.53527135,0.63684213,0.7504065,0.5570866,0.53543305,0.6276515,0.5051000118255615,0.8059874911308289,0.6020001173019409,0.8059874911308289,0.027,27.0,0.4016665007521229,0.3780032333370134,0.41344710083668995,0.40968217428455234,0.3892852136853976,0.40849772008382057,0.41982626422895664,0.42667568744202417,0.4223562087183919,0.017490723651532366,0.014218196163846121,0.018304003718007392,0.011356688939579975,0.0075398089137814215,0.012125482903608324,0.012339554082066467,0.010246130849058493,0.010814663622218687,0.5528226,0.57072073,0.6043796,0.7019084,0.5512195,0.5973684,0.63536584,0.5934307,0.5003000497817993,0.811549733877182,0.5991000831127167,0.811549733877182,0.028,28.0,0.38125663659600484,0.3551294406884298,0.39461087093825276,0.3763858499803666,0.3507986886602659,0.37824865230681515,0.3993084066752304,0.40620256625087725,0.40556204609646074,0.03283872330756907,0.027578973494930353,0.03073900487949069,0.022018186668093877,0.014992488349532908,0.020448986728310466,0.023246394670450667,0.020980758585123736,0.01647672352637655,0.5671613,0.5503604,0.5698255,0.6693753,0.650813,0.5772275,0.58539945,0.6105411,2026-10-05T12:20:58.589791
24,0.6276577115058899,0.5003324151039124,0.7560518517494201,0.627790093421936,0.7560518517494201,0.817329887676239,0.9002077804565429,2.236138290977478,0.25123468277454375,3.235767618179321,1.9996011138916017,1.0,10.0,,,,,0.4428469702243805,0.4428469702243805,,,,17.771637539672852,0.3299913004776285,0.016646959218285552,,0.022497933653070575,1.1711505632491628,0.20189501311938474,0.0011051174625457756,0.03595713257291325,3.363001762491882,,0.0007199329172360606,,76.38911297063159,19.060633689734587,,102.42988785664747,76.40148527303319,25.370686901602774,95.07019485182063,38.86075096373345,17.771609142327765,,0.69294853536946,,0.04311845700737018,0.15361793272814173,,0.07691798060183312,0.054098306733901334,0.13377315223596659,0.0022147965460280134,0.2528197378109974,0.09642673089246082,,,,0.14495,2899.0,0.5566159,0.581031,0.6408677,0.7306872,0.5972547,0.6356768,0.66395307,0.61543787,0.49285006523132324,0.8105187048912048,0.5993000268936157,0.8105187048912048,0.028,28.0,0.3645321455360035,0.33608312386122896,0.37234406709874246,0.3465843817584803,0.3066072240395605,0.35203233106258297,0.37631570843913736,0.37982060632366105,0.3823020291853497,0.03223320465576306,0.02300138999668137,0.029561918488629244,0.03187371761135874,0.026306275799383296,0.03234202395538494,0.025240930086419994,0.022874996093453354,0.019222265885312995,0.5725,0.53136367,0.53294575,0.64144737,0.7414634,0.56181103,0.5559055,0.63787884,0.5081000328063965,0.7994336533546448,0.6037000417709351,0.7994336533546448,0.029,29.0,0.4497755334701689,0.43054330765687165,0.4645720783618491,0.44088725664487227,0.4337502238440069,0.4403992551777888,0.4447575531353425,0.4520660158844888,0.44425443876480575,0.024927331538860266,0.02106973869468579,0.02383499049625351,0.021147270048964033,0.01888428543625156,0.018786773375468926,0.02243590411235736,0.020070065673317164,0.017814794178638696,0.57137096,0.58243245,0.61897814,0.6881679,0.54268295,0.60657895,0.6191057,0.5927008,0.5004750490188599,0.8049761791229249,0.6015000343322754,0.8049761791229249,0.0285,28.5,0.4071538395030862,0.3833132157590503,0.4184580727302958,0.3937358192016763,0.3701787239417837,0.39621579312018584,0.4105366307872399,0.4159433111040749,0.41327823397507774,0.028580268097311665,0.02203556434568358,0.026698454492441376,0.026510493830161387,0.022595280617817428,0.025564398665426934,0.02383841709938868,0.021472530883385257,0.018518530031975844,0.5719355,0.55689806,0.57596195,0.6648077,0.64207315,0.584195,0.5875056,0.6152898,2026-10-05T12:25:11.063617
25,0.6283473968505859,0.5021751523017883,0.7548613065719605,0.6284548044204712,0.7548613065719605,0.8189654059410095,0.9020250284194946,2.2404268880844116,0.25713851833343504,2.9948269592285155,1.9992530632019043,1.0,10.0,,,,,0.4208695117473602,0.4208695117473602,,,,17.74100215148926,0.3228064520628589,0.02009768030683326,,0.027529271544924207,1.2148290420793424,0.199665606093065,0.0010771524343879857,0.036100576809684565,3.74090142842311,,0.0007343503736019035,,76.3509675044163,19.03039701425346,,102.42183792211448,76.36442113985682,25.33714106128474,95.0690506856153,38.824363028167916,17.740979881043646,,0.6927751853207874,,0.04345734225242001,0.1536489425191454,,0.07755560389939387,0.055020943046755096,0.135714849943568,0.002319463402637915,0.2551412438131442,0.09675460531833066,,,,0.14095,2819.0,0.56010425,0.5818164,0.64613706,0.72969985,0.5980724,0.63460606,0.66381127,0.61248475,0.5006999969482422,0.8107706761360168,0.5983499884605408,0.8107706761360168,0.033,33.0,0.41395502320260524,0.3878761995192322,0.42142429886605304,0.37795757550992237,0.34372888935685125,0.3933708004691933,0.41281671022330063,0.42383641543952777,0.41720322644534774,0.023621504826800272,0.02360288203371586,0.019307168732185846,0.016711673638318415,-0.00016914313714297017,0.011308969923192611,0.015413237998645283,0.016016322940551705,0.012683102788214768,0.56200004,0.525,0.52868223,0.6493421,0.752439,0.5503937,0.5610236,0.63484854,0.4988499879837036,0.8089765543937684,0.5987000465393066,0.8089765543937684,0.035,35.0,0.4353207944423375,0.40857588564582054,0.44181507284908467,0.4232324736268089,0.4158397236962257,0.4117811400228982,0.42527512009092017,0.43597522446978804,0.4199647392189807,0.025119765397870034,0.029024698172674227,0.02574502048831048,0.018461009118649622,0.02446751188071933,0.016419029129666824,0.022229670411598252,0.021399000040549412,0.020039256974617965,0.5592742,0.56621623,0.5919708,0.6935114,0.54471546,0.6030702,0.6313008,0.59233576,0.4997749924659729,0.8098736152648927,0.5985250174999237,0.8098736152648927,0.034,34.0,0.4246379088224714,0.39822604258252636,0.4316196858575688,0.4005950245683656,0.3797843065265385,0.40257597024604574,0.4190459151571104,0.42990581995465793,0.41858398283216425,0.024370635112335153,0.026313790103195043,0.02252609461024816,0.01758634137848402,0.01214918437178818,0.013863999526429718,0.018821454205121768,0.01870766149055056,0.016361179881416367,0.5606371,0.5456081,0.5603265,0.6714268,0.6485772,0.5767319,0.5961622,0.61359215,2026-10-05T12:29:26.247952
26,0.6272950768470764,0.49840015172958374,0.7583516654014587,0.6272153854370117,0.7583516654014587,0.8163079027175904,0.8990722467422485,2.2285735633850097,0.23001800612211226,3.025068786239624,1.9979185600280762,1.0,10.0,,,,,0.42596104221343994,0.42596104221343994,,,,17.714391665649416,0.7569379353077169,0.05879552468396486,,0.051300603285384404,1.182390505910679,0.1988555757910203,0.0010207772353563198,0.03130673111125732,3.862991452976397,,0.0010397802709272224,,76.31286144864028,19.006288334062905,,102.42147010754628,76.32686347718452,25.303380042884,95.06771272306989,38.81278306511557,17.714372695631283,,0.6921077905946477,,0.04403226751430779,0.1556293946352734,,0.07920703453243158,0.05577012343676227,0.13825494819765638,0.0023834432125281377,0.25971458273328796,0.09868813168471026,,,,0.1551,3102.0,0.5660585,0.5884213,0.6455626,0.7222946,0.5990654,0.626202,0.6572094,0.61195517,0.503000020980835,0.8359260959625244,0.5893999338150024,0.8359260959625244,0.037,37.0,0.31441041424067845,0.27704122666198516,0.3015275699361926,0.36817765091735427,0.308404677430301,0.324113149463546,0.38964442435510804,0.386364346350212,0.37597569398372815,0.0516237937916546,0.0469059639086729,0.05621180747119496,0.038696728838725776,0.03134922244356634,0.03915575648086838,0.03514276603628225,0.034572708000753405,0.03527824614348333,0.5835,0.5245455,0.5189923,0.6305921,0.7386179,0.56535435,0.51692915,0.62310606,0.4962000250816345,0.8099870939254761,0.6017000079154968,0.8099870939254761,0.047,47.0,0.43693235501161487,0.41411381678336456,0.4379947288612993,0.45758188818617873,0.45248063940461714,0.44118623912037663,0.4562803281286426,0.4604917654155691,0.4405104260091192,0.019403631788085768,0.018028570615724146,0.01911092626302539,0.012718151118925769,0.010100384790846363,0.012307792805902825,0.01366341039349488,0.014116905106716073,0.013823490959665815,0.56411296,0.58423424,0.6156934,0.6877862,0.549187,0.5925439,0.6170732,0.5945256,0.49960002303123474,0.8229565949440003,0.5955499708652496,0.8229565949440003,0.041999999999999996,42.0,0.3756713846261467,0.34557752172267486,0.36976114939874594,0.41287976955176653,0.38044265841745906,0.38264969429196133,0.4229623762418753,0.42342805588289056,0.4082430599964237,0.035513712789870186,0.03246726726219852,0.03766136686711018,0.025707439978825773,0.020724803617206352,0.0257317746433856,0.02440308821488856,0.02434480655373474,0.02455086855157457,0.5738065,0.55438983,0.5673429,0.65918916,0.6439024,0.5789491,0.56700116,0.6088158,2026-10-05T12:33:35.529972
27,0.6268746852874756,0.5004222989082336,0.7553211113929749,0.6269919872283936,0.7553211113929749,0.8121128452301025,0.8944110674858093,2.1928122381210327,0.17429715621471406,3.5945085090637208,1.99913511428833,1.0,10.0,,,,,0.4691305139541626,0.4691305139541626,,,,17.688766403198244,0.6100809725748885,0.03706236219680186,,0.039185554186582185,1.1803981065750122,0.1750978370475921,0.001182459512425907,0.03391626097594097,3.1807013696925655,,0.0010024827136875948,,76.27530869404981,18.985300805158676,,102.42566418495907,76.28991111220827,25.269578253387646,95.06382435598191,38.804034530736836,17.688743579159876,,0.6927164094463275,,0.044613854330816084,0.1583771916331759,,0.08170059555844897,0.05661084702250305,0.14052615215064615,0.002454770235107488,0.26449743292893574,0.100906927114839,,,,0.1689,3378.0,0.5608059,0.5785139,0.6409865,0.73287916,0.60734034,0.63133335,0.6512961,0.6114053,0.5095000267028809,0.8208790507316589,0.5936501026153564,0.8208790507316589,0.041,41.0,0.40249565654875663,0.372978332902267,0.3952030521877398,0.4225105601554587,0.38549605780680213,0.40088581557268266,0.4358630788343278,0.4327949432497729,0.41830702248967644,0.004010424828644625,0.0028266239401577844,0.00551026573852566,0.006889838981984609,0.012294937313323762,0.008864832755323487,0.0057139735207093366,0.007203669009096988,0.008361180466557734,0.582,0.5409091,0.5375969,0.62828946,0.73292685,0.57086617,0.52952754,0.6151515,0.49449995160102844,0.8024632968902587,0.6031999588012695,0.8024632968902587,0.042,42.0,0.47348917873102514,0.45861865152759246,0.4762475836420725,0.4860364704246044,0.48770804840012166,0.47570740385023935,0.47502120052100666,0.4782912542939765,0.46193531000970295,0.01879304755910571,0.018904532464962577,0.018226134399185166,0.015429072588285258,0.011680699888121355,0.0122326167718452,0.014773500820599587,0.01744553057509327,0.015402025917036802,0.57217747,0.5878378,0.6171533,0.6877862,0.54186994,0.5982457,0.6162602,0.5963504,0.5019999891519547,0.8116711738109588,0.598425030708313,0.8116711738109588,0.0415,41.5,0.4379924176398909,0.4157984922149297,0.43572531791490615,0.45427351529003157,0.4366020531034619,0.438296609711461,0.4554421396776672,0.4555430987718747,0.44012116624968967,0.011401736193875169,0.010865578202560181,0.011868200068855413,0.011159455785134933,0.01198781860072256,0.010548724763584344,0.010243737170654462,0.012324599792095128,0.011881603191797268,0.5770887,0.5643735,0.57737505,0.65803784,0.63739836,0.5845559,0.57289386,0.6057509,2026-10-05T12:37:44.422314
28,0.6262597441673279,0.4984026849269867,0.7592979166984558,0.6263298988342285,0.7592979166984558,0.8180682653427124,0.9010282022476196,2.315580953025818,0.2105435985326767,3.754480165863037,1.9996590766906739,1.0,10.0,,,,,0.49160501999855044,0.49160501999855044,,,,17.660432766723634,0.6216503945980102,0.028037806134967574,,0.03125433423141148,1.1592121185011166,0.19463871519087225,0.0010500418937655321,0.03197867652270824,4.169651014789654,,0.0010813715565120311,,76.23786245941356,18.956259842890844,,102.42239005702316,76.25294426596089,25.235994290394387,95.06128712064901,38.76301878424967,17.660412502896254,,0.6929699634290805,,0.045311391567158854,0.15868725622915159,,0.08298445568912348,0.057567805882282316,0.14309327835869637,0.0024746474023955834,0.266157351291863,0.10210647324847567,,,,0.16225,3245.0,0.5614074,0.58374953,0.63333994,0.7290679,0.5984424,0.63339394,0.6563386,0.61405295,0.5014499425888062,0.8115997123718262,0.5975499749183655,0.8115997123718262,0.066,66.0,0.3469543586404763,0.3177561544421497,0.3472684834804921,0.33988516669548663,0.32867861416148203,0.3359467897556727,0.3817641935061786,0.3835706587912254,0.3658630284316811,0.00813132453536078,0.002363717382534129,0.00911502067920543,0.001268396076661758,0.0012590180515927142,0.004321188705419653,0.0047948912740186,0.005559669329467353,0.006299591174612406,0.57600003,0.53227276,0.5337209,0.64901316,0.7406504,0.5570866,0.5590551,0.61401516,0.5024999976158142,0.8127102856636047,0.5970500707626343,0.8127102856636047,0.068,68.0,0.3816002294366633,0.3493729320173805,0.3930784360892357,0.3937497197440053,0.39853400959700735,0.38342179116278624,0.38862411923827406,0.3948561651069038,0.38341936874632876,0.012176695674184694,0.01586363907945654,0.010963413141435183,0.00492943940405309,0.020385330691385185,0.0013931452840656362,0.008346638669249175,0.010115960491972074,0.0037504081079854116,0.5495968,0.57342345,0.6051095,0.689313,0.54512197,0.59429824,0.62601626,0.58576643,0.5019749701023102,0.8121549990177155,0.5973000228404999,0.8121549990177155,0.067,67.0,0.3642772940385698,0.33356454322976514,0.37017345978486393,0.36681744321974596,0.3636063118792447,0.35968429045922945,0.3851941563722263,0.3892134119490646,0.3746411985890049,0.010154010104772737,0.009113678230995334,0.010039216910320305,0.0030989177403574243,0.01082217437148895,0.0028571669947426446,0.006570764971633888,0.007837814910719713,0.0050249996412989086,0.5627984,0.5528481,0.5694152,0.6691631,0.64288616,0.5756924,0.5925357,0.5998908,2026-10-05T12:41:58.786635
29,0.6273576617240906,0.4988898038864136,0.7571721064567566,0.6275723576545715,0.7571721064567566,0.8088555877685547,0.8907918933868408,2.2047861534118653,0.2006700165748596,3.6206538429260253,1.976204808998108,1.0,10.0,,,,,0.5372931053638458,0.5372931053638458,,,,17.634550149536132,0.9309961960953512,0.05026776290492742,,0.0536683479436691,1.1658421154994114,0.19835515576563065,0.0011401749620136988,0.032512626480192514,3.9928858893312467,,0.0013390550559086675,,76.20122863380772,18.931858840262056,,102.4249339498532,76.21573391082181,25.2018571841489,95.06094593606937,38.727293221054566,17.634525444856873,,0.6812140474653547,,0.046292085271732064,0.16103086577858894,,0.0849405433152132,0.05843804876325996,0.14595697383592082,0.0025520756363180603,0.2683242270900945,0.10428141546287355,,,,0.17915,3583.0,0.56639934,0.5844543,0.643542,0.7268168,0.5971768,0.635596,0.6561159,0.60955197,0.49185001850128174,0.8210747575759888,0.5964000225067139,0.8210747575759888,0.06,60.0,0.42531128254556755,0.3573666391342629,0.3948694425650898,0.4476602454076546,0.38805729616124973,0.40997125525185835,0.4521765744307208,0.4475235345387007,0.4252242490331752,0.030162668877615643,0.016996088067820693,0.023909232881703053,0.03000898127460778,0.024598048312171127,0.02143404881680207,0.031519962983225014,0.03072632287905359,0.025458310122699782,0.591,0.535,0.53333336,0.6286184,0.73211384,0.5728347,0.5456693,0.6212121,0.5040500164031982,0.801172402381897,0.6057500243186951,0.801172402381897,0.059,59.0,0.4668851660773423,0.4384353556290794,0.46511092010295774,0.48115157786580987,0.45578575193337684,0.45524642079032906,0.4721864321825419,0.4740520117822774,0.4517309272093174,0.01214322377672816,0.014621602242787891,0.011834545660236012,0.010676569540525671,0.02374731065917541,0.013320819104999724,0.012497664117616462,0.012732401454172957,0.011945514484928341,0.57258064,0.58648646,0.6262774,0.68969464,0.547561,0.6052632,0.6170732,0.5930657,0.49795001745224,0.8111235799789429,0.6010750234127045,0.8111235799789429,0.0595,59.5,0.44609822431145496,0.3979009973816712,0.4299901813340238,0.4644059116367322,0.4219215240473133,0.43260883802109373,0.4621815033066313,0.460787773160489,0.43847758812124626,0.021152946327171903,0.015808845155304292,0.017871889270969533,0.020342775407566727,0.024172679485673268,0.017377433960900898,0.02200881355042074,0.021729362166613274,0.018701912303814062,0.5817903,0.5607432,0.5798054,0.65915656,0.6398374,0.5890489,0.58137125,0.6071389,2026-10-05T12:46:08.416092
30,0.6286249756813049,0.4978077709674835,0.7531914562225341,0.6287148594856262,0.7531914562225341,0.8180067294120789,0.900959827709198,2.276521569252014,0.20601479370594025,3.630098621749878,1.9929636455535888,1.0,10.0,,,,,0.5233858682632446,0.5233858682632446,,,,17.6076474029541,0.8921194724786053,0.038135083060812466,,0.04770840876023908,1.1948102818932502,0.19402091246644024,0.0011352434056250461,0.03348669946003871,3.141180155098818,,0.0012007578288135545,,76.1643448847874,18.906204490904596,,102.42074793918877,76.17872123961236,25.168104086711907,95.0611729227054,38.72121587376686,17.607622571811554,,0.6896261451350656,,0.047077580811871085,0.16244064973797767,,0.08605268445743877,0.05917895148704006,0.1485602214078235,0.002711960377029268,0.2731580677305817,0.10621243364112393,,,,0.1668,3336.0,0.5685846,0.59107935,0.6463352,0.7239534,0.60327107,0.63159597,0.65172136,0.6120978,0.5075500011444092,0.8262245750427246,0.5889500975608826,0.8262245750427246,0.059,59.0,0.3289564606847558,0.2820658728391211,0.30971175764815745,0.32082796372511707,0.2667085254275106,0.28446927311297576,0.3414187468713224,0.3407111438996877,0.313465627150713,0.016153868897983634,0.01082876277668926,0.014853653871447528,0.009589898059663255,0.007104496498426264,0.011027227102488938,0.009655153843024438,0.00782714399080776,0.012497224337580099,0.5675,0.52090913,0.520155,0.63223684,0.73333335,0.5515748,0.5602362,0.60833335,0.4969499409198761,0.7981804308891296,0.6021499633789062,0.7981804308891296,0.06,60.0,0.4356046668873239,0.43200454387411735,0.4393073377620313,0.4506402671220444,0.44991086988723195,0.4347690670561955,0.4407077529026717,0.44525173327343387,0.433947487051205,0.01790297642558469,0.0164378022093933,0.015932533551293992,0.01670434247070951,0.01416813818363778,0.01315475132690979,0.01686157644076761,0.015260548405457014,0.014756544213902158,0.5754032,0.5990991,0.6310219,0.68053436,0.53943086,0.5859649,0.61300814,0.5850365,0.5022499710321426,0.8122025029659271,0.5955500304698944,0.8122025029659271,0.0595,59.5,0.38228056378603986,0.3570352083566192,0.37450954770509437,0.3857341154235807,0.3583096976573713,0.35961917008458566,0.39106324988699703,0.39298143858656076,0.373706557100959,0.017028422661784164,0.01363328249304128,0.015393093711370761,0.013147120265186382,0.010636317341032021,0.012090989214699364,0.013258365141896024,0.011543846198132387,0.013626884275741128,0.5714516,0.5600041,0.57558846,0.6563856,0.6363821,0.5687699,0.5866222,0.59668493,2026-10-05T12:50:18.759878
31,0.625679612159729,0.49943262338638306,0.7600378657341004,0.6257074475288391,0.7600378657341004,0.8280816529273987,0.9121541874885559,2.4478811584472657,0.20499072959423065,4.021949246978759,1.9993135663986206,1.0,10.0,,,,,0.49921790018081663,0.49921790018081663,,,,17.58116816101074,1.1488520394844615,0.05305255548346337,,0.05120077699416904,1.2421243259101917,0.2131259197926825,0.0011981362169222894,0.035655618692706725,2.946961856571732,,0.0011001180869446153,,76.12815890950003,18.878865977001798,,102.41996624211596,76.14166099402556,25.1343441373983,95.0587886154272,38.72094643951222,17.58114551131133,,0.692803051061691,,0.04790450048864268,0.16377256848629873,,0.08768896070445419,0.05991985931233236,0.15120707338402986,0.0028226564988304095,0.2784093656357686,0.10870177593011006,,,,0.15465,3093.0,0.56489575,0.5905558,0.64267033,0.72280806,0.5990654,0.633798,0.6485419,0.6021996,0.49640005826950073,0.8056884818077087,0.6017000079154968,0.8056884818077087,0.059,59.0,0.28827253301719763,0.2669893396005837,0.27699578731460406,0.3155854753496831,0.3263515029811817,0.297461364179275,0.3730978185748421,0.3672826528706242,0.3465072883177237,0.0372099532299418,0.0380569180816811,0.03792868032865315,0.03307623668366098,0.03414814779355671,0.03489134835856778,0.029036603803191327,0.03197964726672755,0.026319241972216093,0.578,0.5345455,0.5356589,0.64144737,0.74390244,0.55551183,0.57322836,0.6337121,0.4949999749660492,0.8027750625610351,0.6028000712394714,0.8027750625610351,0.062,62.0,0.40968437775555955,0.4022445499098072,0.41635995022531824,0.4198554694617541,0.442704033562929,0.42019704208151604,0.43002444495766573,0.42742380424365234,0.41415986481033756,0.02006724732267057,0.01659531366697273,0.01872167834318159,0.021353569826426562,0.02030122921251716,0.017912112447994025,0.020605447471637953,0.016636957637241167,0.014709169350406844,0.5612903,0.5788288,0.6160584,0.6980916,0.54512197,0.59692985,0.6256098,0.59160584,0.49570001661777496,0.8042317721843719,0.6022500395774841,0.8042317721843719,0.0605,60.5,0.3489784553863786,0.33461694475519543,0.34667786876996115,0.3677204724057186,0.38452776827205537,0.3588292031303955,0.4015611317662539,0.3973532285571383,0.38033357656403066,0.028638600276306186,0.027326115874326914,0.02832517933591737,0.02721490325504377,0.027224688503036935,0.026401730403280903,0.02482102563741464,0.024308302451984357,0.020514205661311468,0.56964517,0.5566871,0.57585865,0.6697695,0.6445122,0.57622087,0.5994191,0.612659,2026-10-05T12:54:29.081904
32,0.6278722882270813,0.5006177425384521,0.7542053563117981,0.6282649636268616,0.7542053563117981,0.8170775475502015,0.8999274032592773,2.22914529132843,0.24492924942970276,3.7798350715637206,1.9530484928131104,1.0,10.0,,,,,0.5351819725036621,0.5351819725036621,,,,17.55240150756836,1.3376743405179423,0.06019400326968141,,0.06244471784574306,1.1562548486670112,0.19772697448920293,0.001113132114676391,0.03114707879188239,3.4093982150220565,,0.0016107031732743309,,76.09259801002065,18.85329777419947,,102.42257423157905,76.1049094230506,25.101803166091823,95.05749944213089,38.70340077588513,17.552377227005685,,0.6693934266734275,,0.04876615866354317,0.1650755897069433,,0.08919658227141496,0.0606440906739159,0.15412311274914225,0.002897863614426297,0.28204399309340555,0.11001578993668222,,,,0.1624,3248.0,0.55842024,0.57696337,0.6364105,0.7366706,0.60582167,0.6318586,0.6658364,0.6129939,0.49959999322891235,0.8081224026679993,0.5997000336647034,0.8081224026679993,0.048,48.0,0.3365837985659466,0.3156122150663959,0.3295501952073129,0.3942966319547799,0.39673316837396005,0.3869072680515371,0.4438982699736801,0.44195609696522375,0.42836144341403837,0.030788866884132054,0.027066979105568365,0.029424380979956588,0.03106965039405395,0.02689186003871002,0.03757317992179717,0.03801351720146948,0.035401959962881244,0.03416962463817004,0.5765,0.53909093,0.54186046,0.64901316,0.76056916,0.54685044,0.5350394,0.6306818,0.5028499960899353,0.8117528929710388,0.5968499779701233,0.8117528929710388,0.046,46.0,0.4035534049634802,0.3929188538230062,0.40555097318692473,0.4255650514257853,0.428468312943452,0.43071386417797275,0.4436080815577533,0.4400963579755238,0.4342798751041556,0.010611737714088743,0.009282223148966161,0.00943611017951895,0.00701767027529383,0.012264514195203259,0.006934867299966719,0.008537524152670015,0.007525437108644863,0.00548111830710992,0.55564517,0.5698198,0.57883215,0.6965649,0.55365855,0.59122807,0.6365854,0.58649635,0.5012249946594238,0.809937647819519,0.5982750058174133,0.809937647819519,0.047,47.0,0.3700686017647134,0.35426553444470105,0.36755058419711883,0.4099308416902826,0.412600740658706,0.4088105661147549,0.4437531757657167,0.4410262274703738,0.431320659259097,0.0207003022991104,0.018174601127267265,0.01943024557973777,0.01904366033467389,0.01957818711695664,0.022254023610881947,0.023275520677069745,0.021463698535763055,0.01982537147263998,0.5660726,0.5544554,0.5603463,0.67278904,0.65711385,0.5690392,0.58581245,0.60858905,2026-10-05T12:58:39.773709
33,0.6304775476455688,0.4991600215435028,0.7501354836463928,0.6303499341011047,0.7501354836463928,0.8188777471542359,0.9019276232719421,2.265785687828064,0.22894892728328706,3.9865556301116944,1.9976631824493407,1.0,10.0,,,,,0.535599261045456,0.535599261045456,,,,17.522962731933593,1.4576080057912382,0.05263970068664806,,0.06177821316441912,1.0999556138257311,0.1798619614664916,0.0010296537698050784,0.02936697300748935,4.026664472309647,,0.0009900943122531293,,76.0563395311878,18.832486620374546,,102.42486504232808,76.06793246907034,25.066890024075843,95.05908893172149,38.69798135453728,17.52294449289893,,0.6919497805795852,,0.04944339755234445,0.16748622724205064,,0.09145826229434105,0.06144345418852606,0.1563875180710653,0.003091500765068611,0.28668600643516345,0.1108381791858916,,,,0.15425,3085.0,0.569166,0.58821994,0.64122427,0.7321485,0.6011877,0.6327071,0.66464156,0.61258656,0.4927000105381012,0.8333956818580628,0.5852500200271606,0.8333956818580628,0.055,55.0,0.3546590486462132,0.29121715608352294,0.34612519889197707,0.38807831093878953,0.3272959183477787,0.35295456831285565,0.43065267879414604,0.42671283573933383,0.42084328936013293,0.027739675026935598,0.022999078053415643,0.027985925245855366,0.033049359218314374,0.029659153964023834,0.024523267429578294,0.0320450206357593,0.030002083929421438,0.03710886546179512,0.569,0.5295454,0.5189923,0.6236842,0.7471545,0.5259843,0.5342519,0.619697,0.4990500509738922,0.7993400053977966,0.602649986743927,0.7993400053977966,0.053,53.0,0.4175290270623945,0.3959619199029801,0.42531594397769285,0.42974175026018385,0.46441519920220836,0.42952121668578946,0.44545646440313097,0.44423022810739027,0.42614206500345103,0.02299460234191906,0.021678426148411645,0.021585843540310706,0.02046088891674844,0.02152858179846505,0.01610147487299843,0.022553418887993927,0.019883186624312838,0.018740288740659333,0.5729839,0.572973,0.6131387,0.6946565,0.54512197,0.59692985,0.6235773,0.5927008,0.4958750307559967,0.8163678436279297,0.5939500033855438,0.8163678436279297,0.054,54.0,0.38609403785430385,0.34358953799325154,0.38572057143483496,0.4089100305994867,0.39585555877499357,0.39123789249932256,0.4380545715986385,0.4354715319233621,0.42349267718179195,0.025367138684427328,0.022338752100913642,0.024785884393083036,0.02675512406753141,0.02559386788124444,0.020312371151288363,0.027299219761876613,0.024942635276867138,0.027924577101227227,0.570992,0.5512592,0.5660655,0.6591704,0.6461382,0.56145704,0.57891464,0.6061989,2026-10-05T13:02:49.810516
34,0.6304600834846497,0.5047800540924072,0.7485977272987365,0.6306053996086121,0.7485977272987365,0.8129122284889221,0.8952992705345154,2.180740556526184,0.22490748496055604,3.6405515659332277,1.9986826267242432,1.0,10.0,,,,,0.5042711524963379,0.5042711524963379,,,,17.496723373413086,0.947628074414601,0.03744609992666419,,0.04709496141624916,1.1861066248766177,0.18124426391189266,0.0009721665253683296,0.029051356705700516,3.362236137602739,,0.0011204461277270494,,76.0189076320381,18.808597321722917,,102.42375591302374,76.03090818368705,25.034083165940206,95.05947798224771,38.70055374825836,17.496697188942296,,0.6924872383190568,,0.04996925682588747,0.16919463711559393,,0.09291651427366171,0.062211921189431175,0.15867438694094396,0.00312830295093405,0.29188040810026183,0.11246841941859312,,,,0.1653,3306.0,0.5640537,0.58157474,0.6457013,0.73520935,0.6021612,0.6384041,0.6612394,0.61547863,0.5055500268936157,0.8115780348777771,0.5979500412940979,0.8115780348777771,0.05,50.0,0.3200051027821248,0.2633719754762665,0.32027801019626745,0.3464598842317528,0.3048901998720545,0.3392761036536406,0.3866506259978784,0.38740361963414194,0.38448917471082217,0.004950585924562043,-0.0025750266879462796,0.005838483522712833,0.0035063929650474227,-0.008139400121399723,0.006458268795282038,0.007698755079666269,0.004132007520105093,0.002128532622757117,0.5675,0.5336364,0.5290698,0.64605266,0.74227643,0.5582677,0.557874,0.6287879,0.5053499937057495,0.7972816724777222,0.6046499609947205,0.7972816724777222,0.047,47.0,0.39701147364756506,0.39251455554404224,0.41678561755398963,0.4119761320383521,0.44255601054904126,0.42618211861094935,0.4388290261268699,0.4493047871386171,0.450805646051001,0.023481634458400694,0.021086067893848513,0.02199472364264176,0.025570148877203363,0.03593915704146284,0.02531352839806066,0.02272240841778913,0.024609470123749158,0.019997153686767046,0.56653225,0.57972974,0.6142336,0.6889313,0.551626,0.60745615,0.6321138,0.58978105,0.5054500102996826,0.8044298536777497,0.6013000011444092,0.8044298536777497,0.0485,48.5,0.35850828821484493,0.3279432655101544,0.36853181387512857,0.37921800813505246,0.37372310521054786,0.38272911113229496,0.41273982606237414,0.4183542033863795,0.4176474103809116,0.014216110191481368,0.009255520602951116,0.013916603582677297,0.014538270921125394,0.013899878460031559,0.015885898596671347,0.015210581748727699,0.014370738821927125,0.011062843154762081,0.5670161,0.55668306,0.5716517,0.667492,0.6469512,0.5828619,0.59499395,0.60928446,2026-10-05T13:07:00.194291
35,0.6315750479698181,0.5008200407028198,0.7471452840805054,0.631382405757904,0.7471452840805054,0.8018196262359619,0.8829741599082946,2.1067026546478274,0.24024646608829497,3.5047627815246583,1.9988747802734375,1.0,10.0,,,,,0.5063654153347016,0.5063654153347016,,,,17.470021432495116,0.76031212793414,0.030712380127352515,,0.037976991913168674,1.119288295507431,0.20010710507631302,0.0011300336640731544,0.03197459809505825,2.8531298696235488,,0.0010890848103476537,,75.98152476511184,18.781837414784036,,102.42089625073086,75.99423402433942,25.00111465697076,95.05728596486863,38.695051083898846,17.469998876000666,,0.6925847317762436,,0.050728424339537406,0.17001675800153404,,0.09390074100084365,0.06288902323906588,0.16115394424480997,0.0031342637728140423,0.296415093218445,0.11475145954425169,,,,0.17545,3509.0,0.56367284,0.58558196,0.6467908,0.73323464,0.6049844,0.6365859,0.6608951,0.61828923,0.4947999119758606,0.8245486860275268,0.5929500460624695,0.8245486860275268,0.063,63.0,0.36103623297633247,0.30819534524582903,0.3471115163501967,0.37749576414505426,0.3399811902065281,0.3522900525732052,0.3937917280000482,0.3986705443262932,0.36721086983111384,-0.0008233286872935254,0.00247931129368224,-0.0019685682888119353,-0.00034967064477272073,0.003644932165286708,-0.001691720675871301,0.002730620297536978,0.005083954885505806,-0.0034414077515717624,0.59400004,0.54545456,0.53217053,0.6289474,0.7276423,0.56574804,0.538189,0.60303026,0.5007500052452087,0.7996322560310364,0.6060000061988831,0.7996322560310364,0.069,69.0,0.4245206909240478,0.386653913716126,0.4232613858288475,0.45130308254410745,0.4414599904062343,0.42435933680741506,0.45510023696576135,0.45435250023029566,0.44129827961265516,0.007791168872241544,0.0056269251521308345,0.005313124015494411,0.005373761252502269,0.016055141847542267,0.003850218240120901,0.01118953479483142,0.011362377990911773,0.006497838662076919,0.58870965,0.58738744,0.6332117,0.6889313,0.54186994,0.6052632,0.606504,0.58795625,0.49777495861053467,0.8120904710292816,0.5994750261306763,0.8120904710292816,0.066,66.0,0.39277846195019017,0.3474246294809775,0.3851864510895221,0.41439942334458085,0.3907205903063812,0.38832469469031017,0.42444598248290477,0.4265115222782944,0.40425457472188453,0.003483920092474009,0.0040531182229065375,0.001672277863341238,0.0025120453038647746,0.009850037006414488,0.0010792487821248,0.006960077546184199,0.00822316643820879,0.0015282154552525783,0.59135485,0.56642103,0.5826911,0.65893936,0.6347561,0.5855056,0.5723465,0.59549326,2026-10-05T13:11:09.430794
36,0.6283777952194214,0.4993849992752075,0.7529607192993164,0.6284173130989075,0.7529607192993164,0.8013539142608642,0.8824566948890686,2.0932521530151367,0.23095739502906798,3.453347595977783,1.9975068958282471,1.0,10.0,,,,,0.5043900833129883,0.5043900833129883,,,,17.443989413452147,1.0566720948940156,0.05166952814617651,,0.057531374474026405,1.2436719582339002,0.17437941744733768,0.0009254187575925533,0.027329775825095406,3.883555301055787,,0.0011671061339216444,,75.94396180559875,18.759288374785406,,102.42581040692177,75.957316015936,24.967399366342338,95.05583744899482,38.69392062144674,17.443967819213867,,0.6918987479938823,,0.05117962051443993,0.1719960308378669,,0.09595093292415521,0.06360742677548889,0.163260389570218,0.0031859422069944582,0.3012276394352032,0.1167960823721187,,,,0.17995,3599.0,0.5682037,0.5828232,0.6467116,0.72991705,0.6054712,0.62868685,0.6591535,0.60503054,0.5002999901771545,0.8245658736228942,0.5922000408172607,0.8245658736228942,0.075,75.0,0.32790729682969477,0.2812527983194624,0.31624483293252975,0.36399119352225606,0.32977123881290915,0.32218728696912197,0.3615142248351954,0.37036942142690077,0.33793122458041486,0.025075516648300877,0.023512440675405807,0.02225649564493029,0.01962180398125708,0.017794666969573665,0.023173446067957588,0.026239076955810927,0.02308323405841755,0.021355715593507494,0.578,0.5359091,0.524031,0.6345395,0.7410569,0.56062996,0.5271654,0.6219697,0.5044000148773193,0.7990577235221863,0.6052000522613525,0.7990577235221863,0.076,76.0,0.4682336407900657,0.43738648932599467,0.45987000586469645,0.5128699333334408,0.5376790305877023,0.48613645079340523,0.46889629609069944,0.46838614738484863,0.4431709436684758,0.028074380407870372,0.029546362371168942,0.0277978689854806,0.02449151788363001,0.03430274694455678,0.02254815435078465,0.028867443513878217,0.03053385825481768,0.027698796036580244,0.5661291,0.58198196,0.62080294,0.7007634,0.55406505,0.6087719,0.6182927,0.5835767,0.5023500025272369,0.8118117985725403,0.5987000465393066,0.8118117985725403,0.0755,75.5,0.39807046880988023,0.3593196438227285,0.3880574193986131,0.4384305634278484,0.4337251347003057,0.4041618688812636,0.4152052604629474,0.4193777844058747,0.39055108412444534,0.026574948528085625,0.026529401523287373,0.025027182315205447,0.022056660932443545,0.026048706957065224,0.022860800209371118,0.02755326023484457,0.026808546156617617,0.02452725581504387,0.5720645,0.55894554,0.57241696,0.6676514,0.64756095,0.58470094,0.57272905,0.6027732,2026-10-05T13:15:20.850010
37,0.6306296586990356,0.5007875561714172,0.7486616270065307,0.6306923627853394,0.7486616270065307,0.7971583044052124,0.8777949139595032,2.020320964050293,0.2532893829584122,3.4531683708190917,1.9934489891052245,1.0,10.0,,,,,0.5307607530117034,0.5307607530117034,,,,17.41863900756836,0.7452285713308556,0.02957014974865137,,0.035522685119300894,1.1870879709340965,0.19814174888050481,0.0009288117170903334,0.028024938793935972,3.284158440911846,,0.0009914185366779417,,75.9077065340273,18.73907382017488,,102.42293159825027,75.92090985729436,24.9340555105999,95.05463637819716,38.71139205641048,17.41861571779676,,0.6898666692387526,,0.052012544172774455,0.17442748652901618,,0.09688136413408692,0.06438366693865721,0.16559186293061373,0.003266431910288372,0.3073392624308349,0.1190139488524692,,,,0.18105,3621.0,0.5586608,0.59013295,0.65029716,0.732346,0.60311526,0.63531315,0.6646618,0.60991853,0.5015000104904175,0.822416081905365,0.5934999585151672,0.822416081905365,0.063,63.0,0.34339294139455234,0.2996884026170845,0.3416680609360972,0.3632580881417046,0.3202130110576941,0.3547396696411457,0.38614461126944943,0.38643902642606404,0.3736778798002856,0.018407398847257166,0.0020219215929438658,0.011527832096418182,0.014623809953209893,0.010308645252552278,0.012913945321437354,0.016656772108629942,0.01006405474818761,0.0011305712469524957,0.578,0.53318185,0.53488374,0.64605266,0.746748,0.56259847,0.51889765,0.61098486,0.4948499798774719,0.810705171585083,0.5996500253677368,0.810705171585083,0.072,72.0,0.455722588705101,0.42602772601480116,0.4557388447764178,0.45895626958068814,0.45771756119449447,0.4551033974708162,0.46085038117488675,0.47212465801544895,0.4475894660324002,0.016977331367659793,0.020327806495650184,0.01657672155783615,0.01138951986001995,0.020457327060897215,0.00849457583321584,0.01380704936570715,0.015830575950469845,0.012630507884577752,0.5600807,0.5720721,0.6076642,0.6977099,0.5479675,0.59605265,0.61382115,0.5927008,0.4981749951839447,0.816560626745224,0.596574991941452,0.816560626745224,0.0675,67.5,0.39955776504982665,0.3628580643159428,0.3987034528562575,0.4111071788611964,0.38896528612609427,0.40492153355598093,0.4234974962221681,0.4292818422207565,0.4106336729163429,0.01769236510745848,0.011174864044297026,0.014052276827127168,0.013006664906614921,0.015382986156724746,0.010704260577326596,0.015231910737168546,0.012947315349328727,0.006880539565765124,0.56904036,0.55262697,0.571274,0.6718813,0.6473577,0.57932556,0.5663594,0.6018428,2026-10-05T13:19:30.582629
38,0.632522463798523,0.5030773282051086,0.7447428824424743,0.6325098872184753,0.7447428824424743,0.790947472000122,0.870893989944458,1.919323850250244,0.25753975257873535,3.3429917629241945,1.9995047561645507,1.0,10.0,,,,,0.5430057626247407,0.5430057626247407,,,,17.391075939941405,0.7952597100809691,0.032927642580845455,,0.039946328861947364,1.1892603089095681,0.19083964589769672,0.0010619377579271592,0.03134854231622948,2.9694924464650976,,0.0012247416180700128,,75.87056853664909,18.714605635138835,,102.4174961648929,75.88442808503558,24.902493422198447,95.0554735220162,38.71042817717145,17.39105167510403,,0.6928991720934582,,0.052627127712509436,0.17607195570970038,,0.0977774259580928,0.06515126328939086,0.16778585096453405,0.003378506214506212,0.31191409203656917,0.1204535723396927,,,,0.18865,3773.0,0.5602246,0.5771244,0.63914424,0.7465837,0.6107282,0.6391717,0.6665654,0.6193075,0.5044500231742859,0.7979488196372986,0.6027500629425049,0.7979488196372986,0.069,69.0,0.46694951055463146,0.38146615977170284,0.4650966771871282,0.5055024776033448,0.45508953202701113,0.5029243785519119,0.5048824511778928,0.502951037395571,0.4899339128510997,0.009246841554053259,-0.0012230925888687798,0.005268850945046614,0.015170234206077167,0.005264063552488129,0.022967111670143477,0.01284662372407341,0.011952081588386088,0.0035072838729710196,0.5795,0.52909094,0.54844964,0.65690786,0.7601626,0.557874,0.538189,0.6310606,0.4898499548435211,0.7984941344261169,0.6021499037742615,0.7984941344261169,0.069,69.0,0.48391391647431536,0.43995777092227883,0.4927364351604995,0.4878059905707162,0.4773260365596695,0.5041223675426203,0.4852760984614776,0.48870171939630763,0.47150059182233545,0.019697583695845587,0.01978439711834044,0.019848275933295877,0.01720689577644255,0.023350573834152684,0.018356089318042654,0.019007189114724946,0.02027139138828542,0.018638788669596475,0.56411296,0.56891894,0.5952555,0.7076336,0.54471546,0.5899123,0.63536584,0.60145986,0.4971499890089035,0.7982214770317078,0.6024499833583832,0.7982214770317078,0.069,69.0,0.47543171351447344,0.41071196534699084,0.47891655617381385,0.49665423408703047,0.4662077842933403,0.5035233730472661,0.49507927481968517,0.49582637839593935,0.4807172523367176,0.014472212624949424,0.00928065226473583,0.012558563439171246,0.016188564991259858,0.014307318693320407,0.020661600494093067,0.01592690641939918,0.016111736488335755,0.011073036271283747,0.5718065,0.5490049,0.57185256,0.68227077,0.652439,0.5738932,0.58677745,0.61626023,2026-10-05T13:23:39.947318
39,0.6298054456710815,0.49880751967430115,0.7481571229934693,0.6301748752593994,0.7481571229934693,0.7976260306358337,0.8783146102905274,1.869444108581543,0.3096528591632843,3.148960958480835,1.9999865470886231,1.0,10.0,,,,,0.5117668261528016,0.5117668261528016,,,,17.365127255249025,0.6361829000792116,0.03376184053908868,,0.041949892309820574,1.1499103060953177,0.18340643137029022,0.0011992613391232955,0.03356309460215033,2.1157131589901677,,0.0010949814181710343,,75.83335570317165,18.689464702727687,,102.41238952442339,75.84792449368034,24.870857906948988,95.05628112015451,38.776386795529895,17.365109802051713,,0.6931404873823664,,0.052934700136731384,0.17714295759322538,,0.09877011621264135,0.06580390970987879,0.17049507170346132,0.003533084925774271,0.3216668809675107,0.12304315735010585,,,,0.17395,3479.0,0.56152767,0.581172,0.6395602,0.74176544,0.60346574,0.63018185,0.66703117,0.6156008,0.502299964427948,0.8099984564781189,0.5997000932693481,0.8099984564781189,0.053,53.0,0.47572870524534294,0.4365181808206751,0.4818183852629736,0.4556636144627815,0.4730441678685203,0.47543346865049857,0.48452923648503865,0.5094948019915154,0.4795214593930522,0.010503412550665154,0.012935892380772971,0.012554456487864957,0.012843693644218869,0.009082126715576521,0.016035866283360536,0.011912031769277015,0.012574189413984187,0.007599502944668784,0.573,0.5263637,0.53720933,0.6506579,0.7382114,0.5559055,0.55669296,0.63787884,0.49845001101493835,0.7983371777534485,0.6061000823974609,0.7983371777534485,0.062,62.0,0.5525500317661353,0.5076106267505526,0.5595297044702673,0.5348361961613419,0.513644749476419,0.5523898440607872,0.5391154791542474,0.5413791218076455,0.5162697746931755,0.023240586749310017,0.02829742074616159,0.02322144349543423,0.01794402960148145,0.020907518417274697,0.0158258328121526,0.01876674423560214,0.020413776930731178,0.0175866239525969,0.56935483,0.58063066,0.6160584,0.68969464,0.546748,0.59605265,0.6162602,0.62262774,0.5003749877214432,0.8041678171157837,0.6029000878334045,0.8041678171157837,0.057499999999999996,57.5,0.5141393685057392,0.4720644037856139,0.5206740448666205,0.4952499053120617,0.4933444586724697,0.5139116563556428,0.511822357819643,0.5254369618995804,0.4978956170431138,0.016871999649987587,0.02061665656346728,0.017887949991649593,0.01539386162285016,0.01499482256642561,0.015930849547756566,0.015339388002439579,0.01649398317235768,0.012593063448632843,0.5711774,0.5534972,0.5766339,0.67017627,0.64247966,0.5759791,0.58647656,0.6302533,2026-10-05T13:27:55.650313
40,0.630929708480835,0.49758291244506836,0.7482270384788513,0.6308022141456604,0.7482270384788513,0.7870768675804138,0.8665933156013489,1.8132216533660888,0.31007376265525816,2.959311541748047,1.9997985050201417,1.0,10.0,,,,,0.49321781754493715,0.49321781754493715,,,,17.341436309814455,0.474058009565446,0.037335983462702886,,0.03843000357092661,1.154858982107442,0.1899389937567483,0.001027561060451772,0.030901546097674946,2.6797461712815958,,0.0009285153560056782,,75.79719402531909,18.664943573581187,,102.40962836393126,75.81199485633024,24.839956040594988,95.05681041547447,38.85249054052268,17.341402758458617,,0.6930442057597409,,0.05367832578671206,0.17838463585847503,,0.09984299383915154,0.06652280825908018,0.17281913225817833,0.003758589212136094,0.33202269559453246,0.12635887167446172,,,,0.1866,3732.0,0.55589414,0.5759364,0.6363906,0.74494475,0.60303736,0.63781816,0.66692996,0.62456214,0.4992000460624695,0.7966302695274353,0.6045499444007874,0.7966302695274353,0.068,68.0,0.4420052117275802,0.3678666436213507,0.44145847458893006,0.4750625095062238,0.4293391427971988,0.48062342225017735,0.45296124067225507,0.45047056060170426,0.427178447985416,0.020532785493927327,0.021899464439230153,0.019049237113392525,0.01829253795355764,0.015366801090113109,0.014683450422108658,0.011757682259289352,0.01290590911920897,0.005107782366616397,0.5925,0.53727275,0.54457366,0.65855265,0.7536586,0.55551183,0.54488194,0.6318182,0.4948999881744385,0.8009694743156434,0.6017500162124634,0.8009694743156434,0.07,70.0,0.5072377652672005,0.47152582450265323,0.5095544496795898,0.4962470080941927,0.5056568751575434,0.5029242520694631,0.5052365492335286,0.51628969662627,0.4853274994517876,0.02280265000788802,0.02701010135022136,0.021580030252387316,0.01201592740337542,0.020285248987040788,0.010136503985057749,0.017799103048768375,0.02169671635566928,0.01900065372877943,0.5580646,0.57072073,0.6021898,0.6977099,0.55203253,0.5828948,0.6321138,0.6072993,0.497050017118454,0.7987998719215393,0.6031499803066254,0.7987998719215393,0.069,69.0,0.4746214884973904,0.41969623406200196,0.47550646213425996,0.48565475880020825,0.46749800897737115,0.49177383715982026,0.4790988949528918,0.48338012861398716,0.4562529737186018,0.021667717750907672,0.024454782894725757,0.02031463368288992,0.01515423267846653,0.01782602503857695,0.012409977203583203,0.014778392654028864,0.017301312737439123,0.012054218047697914,0.5752823,0.55399674,0.5733817,0.6781313,0.65284556,0.5692033,0.5884979,0.61955875,2026-10-05T13:32:04.918061
41,0.6309171319007874,0.49656006693840027,0.7476943002700805,0.6310299634933472,0.7476943002700805,0.7952613133430481,0.8756871413230896,1.9844999629974365,0.2200813755631447,3.072927847290039,1.998847781944275,1.0,10.0,,,,,0.4847595140457153,0.4847595140457153,,,,17.31012134399414,1.0752671809665337,0.05830271916232623,,0.05972914190986638,1.245118832132619,0.19939260730508027,0.0011372453363309764,0.031791269791069304,2.719861870358704,,0.001459180648673317,,75.76069942401473,18.643801537288983,,102.41381539508795,75.77609340400453,24.80567525146873,95.05390633747076,38.88458903124378,17.310091844789543,,0.692567327979264,,0.05424388937035184,0.18014281114954858,,0.10156663208250787,0.06716722762508756,0.17455582947108397,0.003910820934162208,0.3389310221763174,0.12727938184312954,,,,0.1959,3918.0,0.5589615,0.5743455,0.6332409,0.74713665,0.6074572,0.6349495,0.66919804,0.62187374,0.4862000048160553,0.8148889937400818,0.5982999801635742,0.8148889937400818,0.096,96.0,0.3955396884280647,0.33703430290894487,0.37990451594818053,0.3847519936799255,0.3370211707999945,0.3811161421061049,0.42811884722929927,0.43068093089328013,0.4271723713657095,0.016877590851842615,0.01614899273702691,0.0169970228086828,0.006738377456092509,0.0030072076046821624,-0.005702048008061562,0.010970975171841773,0.013420073427283675,0.005511677128574117,0.5655,0.5263637,0.5426357,0.6467106,0.76951224,0.54881895,0.5346457,0.6310606,0.4952499568462372,0.8129546642303467,0.5997000336647034,0.8129546642303467,0.09,90.0,0.49260284622262596,0.4438057750110028,0.481281153080996,0.5120853275938372,0.4916762116012886,0.5064615189319946,0.5061137926481808,0.5122622697779438,0.49847003673737333,0.029563067550505286,0.029176753019631626,0.026801285231440514,0.03390005463493557,0.03648839829172465,0.029749967562161916,0.027051271503679437,0.0280970640296725,0.026269046331817477,0.55846775,0.55495495,0.5894161,0.7007634,0.54430896,0.5868421,0.63821137,0.6127738,0.49072498083114624,0.8139218289852143,0.5990000069141388,0.8139218289852143,0.093,93.0,0.4440712673253453,0.39042003895997385,0.4305928345145883,0.44841866063688135,0.41434869120064155,0.44378883051904977,0.46711631993874003,0.471471600335612,0.4628212040515414,0.02322032920117395,0.022662872878329268,0.021899154020061658,0.020319216045514038,0.019747802948203406,0.012023959777050177,0.019011123337760606,0.02075856872847809,0.0158903617301958,0.5619839,0.5406593,0.56602585,0.673737,0.6569106,0.56783056,0.5864285,0.6219172,2026-10-05T13:36:14.582596
42,0.6310247778892517,0.5009499788284302,0.748860411643982,0.6311792731285095,0.748860411643982,0.7884563554763794,0.8681260822296143,1.9560276372909546,0.186251062977314,3.438818618774414,1.983131807899475,1.0,10.0,,,,,0.5088189569950103,0.5088189569950103,,,,17.2840450592041,0.8561324224967486,0.05072136516059945,,0.05642675955714599,1.1003200381424776,0.19923788105036802,0.001385117311899663,0.036916844843394435,2.692252937016214,,0.0017907609387762863,,75.72439784153252,18.625250239281137,,102.42861083206857,75.74059480314801,24.774153909865458,95.0497264497599,38.977415096987585,17.28401610502012,,0.6846266328149541,,0.05504629815554923,0.1826842484200836,,0.10432547900327452,0.06794781589014515,0.1765269805101832,0.003965663226843355,0.34986761041507597,0.1294511209247978,,,,0.20945,4189.0,0.5567362,0.57603705,0.63985735,0.7461098,0.60623056,0.62892926,0.6739976,0.6204277,0.5038500428199768,0.8139694247245789,0.5976501107215881,0.8139694247245789,0.084,84.0,0.36906331806427994,0.3390435273269572,0.3645319331451536,0.41333312494555097,0.3764791945186226,0.3992436478373451,0.44870408530856726,0.4507423931473698,0.4461032701402939,-0.009362925298070583,-0.014940259216003827,-0.0075111689732861855,-0.010156877067726383,-0.013232154729729653,-0.00614207426463758,-0.009545826765156633,-0.007697964915525781,-0.014457266156254141,0.5815,0.5354546,0.5356589,0.6345395,0.74390244,0.5405512,0.55472445,0.6397728,0.5000500082969666,0.7923419981002807,0.6079500317573547,0.7923419981002807,0.085,85.0,0.45557272865721915,0.43939406085594646,0.4530102002270625,0.47298163898469203,0.4734386271349641,0.4643013618622633,0.49131110319371657,0.49155981963863793,0.4841896175655267,0.01752992400569645,0.011552858119090176,0.014305130625920452,0.029338434023199977,0.02278907298796702,0.023101833728925457,0.01723731452640442,0.01682725314834042,0.013974564269272911,0.57741934,0.5815316,0.6281022,0.6946565,0.5434959,0.5995614,0.61463416,0.6127738,0.5019500255584717,0.8031557114124298,0.6028000712394714,0.8031557114124298,0.0845,84.5,0.4123180233607495,0.3892187940914518,0.4087710666861081,0.4431573819651215,0.4249589108267934,0.43177250484980423,0.4700075942511419,0.47115110639300384,0.46514644385291026,0.004083499353812933,-0.0016937005484568253,0.003396980826317133,0.009590778477736796,0.004778459129118684,0.008479879732143938,0.0038457438806238937,0.004564644116407319,-0.00024135094349061505,0.57945967,0.5584931,0.58188057,0.664598,0.64369917,0.5700563,0.5846793,0.6262733,2026-10-05T13:40:30.541375
43,0.626872718334198,0.5017774105072021,0.7563545376777648,0.6266346573829651,0.7563545376777648,0.8065515462875367,0.8882318515777587,2.0946447189331057,0.23682099039554597,3.385880842971802,1.9980577997207642,1.0,10.0,,,,,0.5251079210281372,0.5251079210281372,,,,17.259612588500975,1.8245986047776261,0.10875868005233158,,0.08692631028758682,1.105254699090484,0.19303122732290037,0.0013895368308813614,0.03564198398191458,2.144098679541023,,0.0024982175001374797,,75.68758261127836,18.611416774190914,,102.43781800482684,75.70514071519207,24.74342487116528,95.04473706871082,39.04491045520564,17.25958735472078,,0.6921613463170969,,0.05597671866416931,0.18543455830425215,,0.1066035063593251,0.06864859861363272,0.1790564378165895,0.0041147819779528555,0.35888677816482106,0.13234151548640744,,,,0.1844,3688.0,0.5506015,0.571325,0.6329834,0.74010664,0.5973715,0.6318788,0.6726812,0.61527497,0.5101500749588013,0.8517362742424012,0.578249990940094,0.8517362742424012,0.055,55.0,0.25498433044448515,0.2245690032455849,0.2411891816806281,0.2349021824828314,0.2195597066498776,0.22094465287684859,0.27016589002009156,0.2578550271713869,0.24454727451380445,0.015819175893232135,0.016326480766821267,0.01370502258752872,0.010862930181262602,0.009344131838856655,0.006178911583566888,0.013187701368228126,0.012108012608216803,0.01161643157729762,0.568,0.5268182,0.54573643,0.6088816,0.7134146,0.57519686,0.49842522,0.5791667,0.5080000758171082,0.8465409727096558,0.5814999938011169,0.8465409727096558,0.054,54.0,0.40042148721771986,0.39168678019797415,0.3957122082206188,0.38313121094065566,0.3956985419610195,0.3620439780177839,0.4162683617170534,0.41991268331306036,0.40037791001309947,0.007875401837976873,0.007952375842689792,0.004677812691121041,0.002410316798050695,0.007396724905412259,-0.0033495936187752846,0.00927741136197228,0.00779411994454045,0.00663685321016225,0.5580646,0.55765766,0.5770073,0.65000004,0.54430896,0.5890351,0.6227642,0.5510949,0.5090750753879547,0.8491386234760285,0.5798749923706055,0.8491386234760285,0.0545,54.5,0.32770290883110254,0.3081278917217795,0.31845069495062345,0.30901669671174353,0.30762912430544853,0.29149431544731624,0.34321712586857245,0.33888385524222364,0.322462592263452,0.011847288865604504,0.01213942830475553,0.009191417639324882,0.006636623489656648,0.008370428372134458,0.0014146589823958017,0.011232556365100203,0.009951066276378626,0.009126642393729935,0.56303227,0.54223794,0.56137186,0.6294408,0.6288618,0.582116,0.56059474,0.56513083,2026-10-05T13:44:39.768866
44,0.6301700472831726,0.5011028051376343,0.7480123339653015,0.6304575800895691,0.7480123339653015,0.8142543670654296,0.896790541934967,2.29039091835022,0.23797402698993683,4.610928125,1.9941025020599366,1.0,10.0,,,,,0.5383448034763336,0.5383448034763336,,,,17.230736993408204,1.1571421915795772,0.06925255370142448,,0.07280880729460222,1.0439504986735666,0.18922715373099988,0.001373627040016904,0.03286986772540459,2.5746297625599395,,0.001888308266342201,,75.65320737802298,18.615167775731177,,102.46089672890439,75.67003806533327,24.708365908094272,95.04081351893723,39.171511777646984,17.230719135065748,,0.6902012631392024,,0.05708396714773907,0.19221748497076097,,0.11022970782723396,0.06938491723719675,0.18095392577207772,0.004294317969043923,0.3715596331912241,0.13462004748878964,,,,0.1808,3616.0,0.56415397,0.5767016,0.6367274,0.74389815,0.6037967,0.6329697,0.66703117,0.6173116,0.5041500926017761,0.8103818430900573,0.5981000661849976,0.8103818430900573,0.086,86.0,0.36146969797536577,0.35389763699346843,0.3604997954302723,0.412178365697533,0.40881324018386517,0.40513124292563724,0.4205619024844365,0.43338108699541267,0.4176465698624958,0.0185159270307379,0.016820729970114256,0.02448167635156914,0.01970443117609147,0.01923838934721394,0.023502805005478123,0.03514469384766543,0.03742796221362995,0.0371436623648829,0.57600003,0.5359091,0.5391473,0.63980263,0.7504065,0.5570866,0.5358268,0.6337121,0.5026500225067139,0.7998458323478699,0.602649986743927,0.7998458323478699,0.078,78.0,0.4657840162446186,0.4571487083622693,0.4648851392133683,0.5034003355219357,0.5128636897463494,0.49947758940696074,0.4821484935836389,0.48180878005121197,0.4751293008326373,0.021889194000395542,0.02129095233256509,0.019366924305427698,0.022165502823710475,0.019909764534872258,0.02157414073684727,0.013027896529262764,0.01299127807379095,0.010944640296112595,0.5564516,0.5612613,0.59963506,0.7015267,0.55,0.59210527,0.63821137,0.61058396,0.503400057554245,0.8051138377189636,0.6003750264644623,0.8051138377189636,0.08199999999999999,82.0,0.4136268571099922,0.40552317267786886,0.4126924673218203,0.45778935060973436,0.4608384649651073,0.452304416166299,0.4513551980340377,0.4575949335233123,0.4463879353475666,0.020202560515566723,0.019055841151339674,0.021924300328498417,0.020934966999900974,0.0195740769410431,0.022538472871162694,0.024086295188464096,0.02520962014371045,0.024044151330497747,0.5662258,0.5485852,0.5693912,0.67066467,0.6502032,0.5745959,0.5870191,0.62214804,2026-10-05T13:48:49.636473
45,0.6316698789596558,0.501062273979187,0.745555641078949,0.6315527558326721,0.745555641078949,0.8067152791023254,0.8884137741088867,2.146174136352539,0.27975092904567717,3.910264367675781,1.9987990489959717,1.0,10.0,,,,,0.5062468296527862,0.5062468296527862,,,,17.205727618408204,1.4835153750980357,0.09405223943684606,,0.08412162630350158,1.088161432059707,0.18249452702558724,0.001366152872897204,0.03157184310672674,2.483692681713469,,0.00235437267601926,,75.61661660747164,18.600497373350105,,102.46873187411363,75.63408933019942,24.678531658877233,95.03648177225878,39.20341115088979,17.205688622347107,,0.692530519643407,,0.057806312420945256,0.19469537040230575,,0.11216395533388587,0.07019994735338125,0.18324108431293706,0.004268479162744086,0.37749526796826893,0.13641408930538565,,,,0.1804,3608.0,0.56447476,0.57641965,0.64643425,0.7401856,0.59630066,0.63690907,0.66958284,0.6213442,0.49619999527931213,0.8068482527732849,0.599399983882904,0.8068482527732849,0.062,62.0,0.3880036113814048,0.3328627750095966,0.3821011407852014,0.43240797447693,0.365816470370989,0.4226201804456177,0.4147441668374979,0.4104958224960539,0.40734430430566115,0.005609492769445224,0.0024334196147450696,0.003825980737587857,-9.134377643827832e-05,0.0035666938348242476,-0.0045075840689742085,0.004168451954609905,0.0026511053018100413,-0.002016206688110913,0.587,0.5377273,0.53023255,0.62664473,0.7410569,0.5602362,0.5598425,0.6401515,0.5077500343322754,0.7997073106765747,0.6044000387191772,0.7997073106765747,0.062,62.0,0.449864964170352,0.4091350468901812,0.45619755343423174,0.45820880998331476,0.4543873601974565,0.4699224679265364,0.45913429872895534,0.45810682250391255,0.45866217091515205,0.016675318970920613,0.016481486382930385,0.015137772114316082,0.015093618741753275,0.009276718631903682,0.011110134121468216,0.010005121996805979,0.010962556167268203,0.007661400109985699,0.56330645,0.5743243,0.61751825,0.68969464,0.53373986,0.6026316,0.6308943,0.61240876,0.5019750148057938,0.8032777817249298,0.6019000113010406,0.8032777817249298,0.062,62.0,0.4189342877758784,0.3709989109498889,0.4191493471097166,0.4453083922301224,0.4101019152842228,0.44627132418607707,0.4369392327832266,0.4343013224999832,0.4330032376104066,0.011142405870182918,0.009457452998837728,0.00948187642595197,0.007501137482657498,0.0064217062333639646,0.003301275026247004,0.007086786975707942,0.006806830734539122,0.0028225967109373933,0.57515323,0.5560258,0.5738754,0.6581697,0.63739836,0.5814339,0.5953684,0.6262801,2026-10-05T13:52:59.002434
46,0.6298725605010986,0.50069260597229,0.7511031765937806,0.6298775672912598,0.7511031765937806,0.7761305777549744,0.8544307745933533,1.972514609146118,0.1806814032435417,3.7259050048828124,1.9967352684020996,1.0,10.0,,,,,0.4433770568370819,0.4433770568370819,,,,17.174439419555664,1.083251382609841,0.07528171201301798,,0.0709487352828691,1.1438597118019298,0.18521692646536858,0.0012599268913710976,0.030716578037163635,2.984396827828353,,0.001961941195812794,,75.57956481739214,18.586012858494072,,102.47387821659161,75.59800180811791,24.644620737452417,95.03386911768823,39.27621216986589,17.174420605799195,,0.6915089108382061,,0.058537138115828204,0.19739308175008008,,0.11398874674063579,0.07098328459794355,0.18525874956398253,0.004471398190043534,0.3861412869137564,0.13748185830131457,,,,0.2248,4496.0,0.5686849,0.58985096,0.6574287,0.7245063,0.59221184,0.6253939,0.6607331,0.6194908,0.5057500004768372,0.8082020874023438,0.6017500758171082,0.8082020874023438,0.092,92.0,0.36292705073744147,0.33293479249855246,0.35934905785096133,0.3320607513324184,0.2610927519178471,0.32269064609778475,0.39360932910636365,0.39067779591690793,0.3968270137102559,0.025728183639044364,0.027353598487467677,0.027085897453809002,-0.0033859724701344055,-0.0019954319851676026,-0.002448414362788601,0.017309467438728902,0.01687236401947142,0.01566429292426414,0.60800004,0.5518182,0.52364343,0.6236842,0.73414636,0.5728347,0.5492126,0.64469695,0.4959999620914459,0.7933535499572754,0.6094499230384827,0.7933535499572754,0.088,88.0,0.44947342113356137,0.4371849163667989,0.4554063460032608,0.44764958277718525,0.4462154212489938,0.45213327525712943,0.4421345406510908,0.4420369668799039,0.4322276504867565,0.0190968634210281,0.016167630447156037,0.0177961888087276,0.018374109143690365,0.010068801812328223,0.017401963226128667,0.016359443498699406,0.015923042754010738,0.014833943892033087,0.58790326,0.60720724,0.65766424,0.67480916,0.5369919,0.5833333,0.6052846,0.61058396,0.5008749812841415,0.8007778186798096,0.6055999994277954,0.8007778186798096,0.09,90.0,0.4062002359355014,0.38505985443267565,0.4073777019271111,0.38985516705480183,0.35365408658342046,0.3874119606774571,0.4178719348787272,0.41635738139840595,0.41452733209850623,0.022412523530036234,0.021760614467311857,0.022441043131268303,0.00749406833677798,0.00403668491358031,0.007476774431670033,0.016834455468714156,0.016397703386741076,0.015249118408148615,0.59795165,0.5795127,0.59065384,0.6492467,0.6355691,0.578084,0.5772486,0.6276405,2026-10-05T13:57:08.632653
47,0.6343501806259155,0.4987826645374298,0.7433053956985474,0.6343598365783691,0.7433053956985474,0.7917692808151245,0.8718071063041687,2.031682021713257,0.16152385264635086,3.7097285930633546,1.999467569732666,1.0,10.0,,,,,0.45914713258743284,0.45914713258743284,,,,17.15189396972656,1.0518450500668994,0.06627022643472738,,0.0695081547934823,1.0399324996456218,0.1770261500007028,0.001138259947116807,0.028862652873062784,2.034894969243153,,0.0015407141311402628,,75.54292209892516,18.579578253873596,,102.47495075395912,75.56217402561455,24.61339175473353,95.03328286918105,39.3559373503278,17.15188164923601,,0.6928821263039947,,0.0595083387604185,0.20075985447616335,,0.11537275135896768,0.07162886326480064,0.18752194229204944,0.004650262261556972,0.3950818156360821,0.14036599750731402,,,,0.21205,4241.0,0.5681235,0.59202576,0.6582409,0.73763824,0.59626174,0.6305859,0.6645403,0.62670064,0.5108500123023987,0.7954019041061401,0.6108500957489014,0.7954019041061401,0.105,105.0,0.3136484417771649,0.3233688323337997,0.31798111048253624,0.281940634487075,0.30622307497404755,0.2841223375348036,0.33159678638839585,0.3339949853583513,0.34110539696298914,0.026127157151033472,0.02936571762638067,0.027839809965778072,0.013427882935797665,0.026901671748741696,0.01737105974503404,0.014674511076339632,0.013098963354195782,0.01192344055071869,0.675,0.57,0.5476744,0.6407895,0.7357724,0.5767717,0.5232284,0.6242424,0.5009999871253967,0.784010618686676,0.616599977016449,0.784010618686676,0.096,96.0,0.4440883345842624,0.426435717382581,0.4512468601347624,0.41314830546489084,0.3739643683923039,0.40940940958292366,0.4325296675695487,0.43510302814465135,0.44132784899064564,0.005092832172202863,0.0030005499499806817,0.005375161656043812,0.008097639145235081,0.005313481935611101,0.007326848240253866,0.007812703512126722,0.00947219607889216,0.008579044078408985,0.5737903,0.6076577,0.6671533,0.6820611,0.5512195,0.6061403,0.6256098,0.60875916,0.5059249997138977,0.7897062613964081,0.6137250363826752,0.7897062613964081,0.1005,100.5,0.37886838818071367,0.3749022748581904,0.3846139853086493,0.34754446997598293,0.34009372168317575,0.3467658735588636,0.38206322697897227,0.38454900675150133,0.39121662297681736,0.015609994661618169,0.016183133788180676,0.01660748581091094,0.010762761040516374,0.016107576842176397,0.012348953992643952,0.011243607294233177,0.01128557971654397,0.010251242314563837,0.62439513,0.5888288,0.6074139,0.6614253,0.6434959,0.591456,0.57441914,0.6165008,2026-10-05T14:01:21.600750
48,0.6380175948143005,0.5002574324607849,0.7364442964553833,0.6379352807998657,0.7364442964553833,0.7899902576446534,0.8698304164886475,2.076218662452698,0.1309537367463112,4.220537017822266,1.999937370300293,1.0,10.0,,,,,0.5335506213188171,0.5335506213188171,,,,17.13060037536621,0.9280103682807297,0.06393006693714173,,0.06665821457103749,0.9454068712368133,0.16379542831497587,0.0010593562043245265,0.02714114222723018,2.40100215764562,,0.0018023924701784108,,75.50884766791278,18.569309380403748,,102.48092923498457,75.52698847290817,24.581051140074518,95.03007278928331,39.3763208571513,17.13057430534606,,0.6931160069574975,,0.06087420028960629,0.20435322830631475,,0.11733725633780667,0.07249211197256282,0.18952324065812834,0.004745291979022467,0.39991655850866037,0.14381327105175917,,,,0.2267,4534.0,0.57107055,0.58469594,0.6582013,0.7462678,0.6050039,0.6319798,0.673147,0.6321792,0.49985000491142273,0.7676868815422058,0.6243000030517578,0.7676868815422058,0.114,114.0,0.3256168005881481,0.3175751151696899,0.3272395377068649,0.3374421548307908,0.3295952726785323,0.33889275029489063,0.3608093144584986,0.36337719994276396,0.3580766536065998,0.03230632728595237,0.024962842352340853,0.034048793300543626,0.01885229371195363,0.019486467882145777,0.01420159066027159,0.023127616538537874,0.021722632957935036,0.022429195100302175,0.66950005,0.5722727,0.55581397,0.6684211,0.7731707,0.57795274,0.5279528,0.6481061,0.5014000535011292,0.7811964778900147,0.6173501014709473,0.7811964778900147,0.109,109.0,0.47286727636486947,0.4673652607654787,0.478404733584589,0.44014966233593117,0.416868141172145,0.44267813853317933,0.44414992013631077,0.4444970037189651,0.44380679290023156,0.012191990973525914,0.010403416479497026,0.012169569766589733,0.01283962535879317,-0.0006351269943363037,0.009086564667558155,0.014601389499032386,0.013589404680861731,0.013837581774638319,0.5592742,0.58423424,0.6510949,0.70496184,0.55609757,0.60175437,0.64186996,0.6251825,0.5006250292062759,0.7744416797161102,0.6208250522613525,0.7744416797161102,0.1115,111.5,0.3992420384765088,0.39247018796758426,0.402822135645727,0.388795908583361,0.37323170692533864,0.39078544441403495,0.40247961729740467,0.4039371018308645,0.4009417232534157,0.02224915912973914,0.01768312941591894,0.02310918153356668,0.0158459595353734,0.009425670443904736,0.011644077663914872,0.01886450301878513,0.017656018819398385,0.018133388437470248,0.61438715,0.5782535,0.6034545,0.68669146,0.6646341,0.5898535,0.58491135,0.6366443,2026-10-05T14:05:37.052414
49,0.6443973183631897,0.5002474784851074,0.7251527962684632,0.6444252729415894,0.7251527962684632,0.7785756189346313,0.8571474877357483,1.9268745607376099,0.13984488176107407,3.672743117904663,1.997198908996582,1.0,10.0,,,,,0.5499005453586578,0.5499005453586578,,,,17.106232180786133,1.0979400108194655,0.08094333474684483,,0.08596593136810193,0.8187519951610808,0.17005181103754954,0.0013264853178796352,0.03194080710790719,2.0492410375054475,,0.0022830868325793854,,75.47467833112,18.54545883616065,,102.48776531826918,75.49203996597582,24.552722736528725,95.03000791513236,39.40656171179121,17.10622192188433,,0.6917484235611691,,0.06216527051796579,0.20549234738395472,,0.11907020339350792,0.07337093244122851,0.1919965068246149,0.00484679732768304,0.4053920799759543,0.14639795424452254,,,,0.2388,4776.0,0.56708103,0.5943415,0.6658677,0.75951815,0.60872275,0.6353939,0.6839409,0.63961303,0.498199999332428,0.7486698279380798,0.6438000202178955,0.7486698279380798,0.107,107.0,0.36091087253462434,0.3625568071558072,0.3730431237641767,0.2947600338035649,0.2852076487206088,0.2887647354132143,0.37179785567509854,0.3703875409292396,0.37109196153492885,-0.010119416889092708,0.006241484350212366,0.002095319206211975,-0.0036655878436415183,0.012530579682621104,0.012141932625490955,-0.008746260399935934,-0.010440485160326557,-0.007304413495776103,0.683,0.6336364,0.6364341,0.6493421,0.7613821,0.60787404,0.5244094,0.6632576,0.4938499927520752,0.7587841114997864,0.6377501487731934,0.7587841114997864,0.098,98.0,0.4088293914022623,0.41423515221487994,0.42542160344260804,0.3467927536847167,0.34934396466532297,0.357184085219553,0.3588281021416265,0.360896153111928,0.3694981194779625,0.006483244916619486,0.004949283967755752,0.005908108265265701,0.005214769544325445,0.003173535888759401,0.005098845829964204,0.007492956480882357,0.007146347955107483,0.005918469314354344,0.6205646,0.6220721,0.7164234,0.69618326,0.5463415,0.61359656,0.6365854,0.63467157,0.4960249960422516,0.753726969718933,0.6407750844955444,0.753726969718933,0.10250000000000001,102.5,0.38487013196844333,0.38839597968534356,0.39923236360339237,0.3207763937441408,0.31727580669296584,0.32297441031638363,0.36531297890836256,0.3656418470205838,0.3702950405064457,-0.0018180859862366111,0.005595384158984059,0.004001713735738838,0.0007745908503419634,0.007852057785690252,0.008620389227727579,-0.0006266519595267885,-0.0016470686026095372,-0.0006929720907108798,0.6517823,0.6278542,0.67642874,0.6727627,0.65386176,0.6107353,0.5804974,0.6489646,2026-10-05T14:09:47.176503
50,0.654452383518219,0.5006473660469055,0.7103520748138428,0.6547828912734985,0.7103520748138428,0.7637198836326599,0.8406411123275757,1.6247835792541503,0.17408800369501115,3.1517530757904053,2.0,1.0,10.0,,,,,0.5943191767692566,0.5943191767692566,,,,17.09378235168457,1.0215976738436208,0.08332864216463581,,0.10128930735455197,0.720791205668905,0.15951267750874445,0.00140834824926558,0.03569451114459402,1.5943961090343013,,0.0027643458579520836,,75.44176502592245,18.52866098683351,,102.51321644388187,75.45842009137391,24.53451207640824,95.03540622200936,39.55663068734916,17.093763363589147,,0.6931471824645996,,0.06394483547681457,0.207443511410124,,0.12231870764380048,0.07461638667970706,0.1958907275063217,0.005001422498303994,0.4180558853468318,0.15285460261782263,,,,0.2457,4914.0,0.5954491,0.6208015,0.68884706,0.75977486,0.6141161,0.64549494,0.6818955,0.6307536,0.5014000535011292,0.6962431583404541,0.6660500764846802,0.6962431583404541,0.108,108.0,0.3190984934697128,0.3249653988876961,0.3397953041605642,0.264039579355144,0.2590403638708082,0.27948105867654727,0.29639318412902477,0.2967440442426939,0.30248273406399356,0.007446333751943551,0.0046634420187864475,0.009162531849441224,0.002269711083996456,-0.0078003225367498236,-0.002650599245325462,1.2781574117041929e-05,-0.002825375303443721,-0.002900142940234942,0.714,0.63772726,0.63837206,0.7111842,0.83943087,0.60748035,0.52086616,0.6628788,0.4989999830722809,0.7023113632202148,0.661549985408783,0.7023113632202148,0.127,127.0,0.3894846206458343,0.4123774191828115,0.4228949594964709,0.28691683923717165,0.27697062293917485,0.305252008609957,0.35516096659506485,0.3640067878545234,0.36818217082902327,0.021825627227453688,0.007274918587226896,0.016005378017429274,0.02950866976619852,0.01645498694026988,0.02303183757528192,0.02284621398576621,0.02090140042744384,0.01780032032941215,0.6298387,0.64054054,0.7189781,0.7683206,0.56341463,0.63377196,0.68577236,0.6372263,0.500200018286705,0.6992772607803345,0.6638000309467316,0.6992772607803345,0.1175,117.5,0.35429155705777354,0.3686714090352538,0.38134513182851754,0.27547820929615785,0.2680054934049915,0.29236653364325216,0.3257770753620448,0.33037541604860865,0.33533245244650844,0.01463598048969862,0.005969180303006671,0.012583954933435249,0.015889190425097486,0.0043273322017600285,0.010190619164978229,0.011429497779941625,0.00903801256200006,0.007450088694588603,0.67191935,0.63913393,0.67867506,0.7397524,0.70142275,0.62062615,0.6033193,0.65005255,2026-10-05T14:14:00.204072
51,0.6630602478981018,0.5025125741958618,0.6955379684448242,0.6628580093383789,0.6955379684448242,0.7789239005088806,0.8575344636917114,1.7065621168136598,0.14397349652051925,3.395895085144043,1.9999656562805175,1.0,10.0,,,,,0.6360777426719666,0.6360777426719666,,,,17.0656923828125,0.9898084558688911,0.10484656146994442,,0.10827890074082241,0.686957453276701,0.16217013230179525,0.001304819256031684,0.03534723565599341,2.1482443262816995,,0.0027487309878339076,,75.40918041642304,18.50496904409615,,102.52567519655653,75.42584719323808,24.512694316305172,95.03476865731986,39.737745783131594,17.065661898084507,,0.6931300892192087,,0.06570262955442356,0.20888904515345386,,0.12471401814822179,0.07628117890874292,0.1993230244346485,0.005057283686058726,0.4323554729959767,0.1563878069827511,,,,0.2278,4556.0,0.60423017,0.63018525,0.70087165,0.7751975,0.6253894,0.6382222,0.6987647,0.6284318,0.49545007944107056,0.6903887209892273,0.6702000498771667,0.6903887209892273,0.12,120.0,0.30426357924806935,0.3220178348674475,0.3169999141630185,0.2542232234222598,0.2973962972803953,0.28001739806173986,0.2765724431458499,0.27850646937119866,0.2768861724145677,0.01917397417241735,0.009681049234605159,0.016219893050964558,0.026905340798158588,0.027113949629775987,0.025581786282326147,0.02357036364816343,0.019481285025821297,0.02159348740212802,0.7325,0.6427273,0.6550388,0.7151316,0.8341463,0.60551184,0.52952754,0.6537879,0.4974500238895416,0.6941576442718506,0.6664000153541565,0.6941576442718506,0.12,120.0,0.33452269203457075,0.35946180043042153,0.36066562642201094,0.2527031679122871,0.2562885944359203,0.27888619342934373,0.3155504204042797,0.32635445522866946,0.3297424117453236,0.0060187084521747215,0.0026689491245690164,0.004882946126368757,0.00856354731905778,0.005306630616481455,0.003592325601224846,0.0065576456712939735,0.006036975923446028,0.004610512564339711,0.65161294,0.6486486,0.73357666,0.7641221,0.56747967,0.63596493,0.6796748,0.6357664,0.4964500516653061,0.6922731826305389,0.6683000326156616,0.6922731826305389,0.12,120.0,0.31939313564132005,0.3407398176489345,0.3388327702925147,0.25346319566727343,0.27684244585815776,0.2794517957455418,0.29606143177506483,0.3024304622999341,0.30331429207994565,0.012596341312296037,0.006174999179587088,0.010551419588666656,0.017734444058608183,0.01621029012312872,0.014587055941775496,0.015064004659728701,0.012759130474633663,0.013101999983233865,0.6920565,0.64568794,0.6943077,0.7396269,0.700813,0.6207384,0.60460114,0.6447772,2026-10-05T14:18:11.611760
52,0.6686599850654602,0.5013524293899536,0.6808850456237793,0.6685599088668823,0.6808850456237793,0.7771778132438659,0.8555943653106689,1.716890761947632,0.12608314516544342,3.253227727508545,1.9999994163513184,1.0,10.0,,,,,0.6258732375144959,0.6258732375144959,,,,17.0364655456543,0.9221352810502812,0.0924951953599882,,0.11050528731600494,0.7043985767159492,0.15033564042703362,0.0013296520064961593,0.03497622649713307,1.5534723222635354,,0.0026723905492449405,,75.37733060994725,18.480593480881613,,102.53461072399358,75.39294001099411,24.486533401878017,95.03366827509205,39.85263506166495,17.036456976726555,,0.6931468920343241,,0.06730068536700716,0.21005991727683196,,0.12655943205022507,0.07808170657438837,0.2022649347782135,0.005131281888598849,0.4424242739844474,0.1592660221704252,,,,0.2388,4776.0,0.62187254,0.6406565,0.7146593,0.7790482,0.6163746,0.63852525,0.70658165,0.62949085,0.5044999718666077,0.666898072719574,0.6763500571250916,0.666898072719574,0.132,132.0,0.39470929864552307,0.37632276836205486,0.3905344156848685,0.3347751281865917,0.298339554041004,0.31636873328308307,0.35305864236578,0.3479601718997999,0.3379331958517175,0.009941803571696077,-0.0052537025175628475,0.004026542641376006,0.025385775107986324,0.018649274500116005,0.01964980319677421,0.011014221974051094,0.01276382206231761,0.009149688219947117,0.741,0.6363636,0.64573646,0.7226974,0.8544715,0.60748035,0.5444882,0.66439396,0.507099986076355,0.6754098982810974,0.6712499856948853,0.6754098982810974,0.126,126.0,0.35632645610853586,0.38635707726163776,0.38285596120914367,0.2722264163030281,0.30773832347542734,0.2929686136166104,0.3125417288075427,0.32119852079995315,0.32573912100589614,0.023149792267856555,0.014368603214821456,0.0179926124148242,0.025962111084274958,0.02280922959157669,0.023074659254979382,0.02269913550831238,0.021791556030655357,0.01950378281229936,0.6524194,0.65495497,0.7313869,0.77709925,0.57642275,0.6421053,0.6930894,0.62992704,0.5057999789714813,0.6711539855003357,0.6738000214099884,0.6711539855003357,0.129,129.0,0.37551787737702946,0.3813399228118463,0.3866951884470061,0.30350077224480987,0.30303893875821564,0.3046686734498467,0.33280018558666136,0.3345793463498765,0.3318361584288068,0.016545797919776315,0.0045574503486293045,0.011009577528100103,0.025673943096130643,0.020729252045846348,0.021362231225876795,0.016856678741181737,0.017277689046486484,0.014326735516123238,0.6967097,0.6456593,0.6885617,0.7498983,0.7154471,0.6247928,0.61878884,0.64716053,2026-10-05T14:22:27.262113
53,0.6728049516677856,0.4975699782371521,0.6724439882278442,0.6730073094367981,0.6724439882278442,0.7963699833869934,0.8769189988136291,1.884122809791565,0.12786127396821975,3.48732006149292,1.999973415374756,1.0,10.0,,,,,0.6490694536209106,0.6490694536209106,,,,17.025664581298827,1.0513140294392398,0.11526479983737895,,0.11841210143960965,0.7178775415678692,0.15560633539678945,0.0013350418533026507,0.034888774998913144,1.5122968900925036,,0.002678696387210137,,75.34503995081421,18.460562979339795,,102.54437192686045,75.35915020013312,24.45918665114482,95.03049444696705,39.968385732857286,17.02565131217811,,0.6931339509927543,,0.06859308466979652,0.21223316137578077,,0.12836266437153906,0.07974552923137215,0.20476648382320525,0.0051838120291377325,0.45214635304584627,0.16524505634216746,,,,0.2242,4484.0,0.6335405,0.6449255,0.71870047,0.78704584,0.62252724,0.646202,0.7057513,0.62380856,0.5158501267433167,0.6859041261672973,0.6694499850273132,0.6859041261672973,0.144,144.0,0.3400169697529593,0.3549939695487514,0.3542328556962501,0.2481354903310279,0.2768396747803553,0.24531478518417912,0.25116761395770726,0.255561901989226,0.26071968528508516,-0.01926806219628458,-0.01906430848659846,-0.017001913721101106,-0.025330301992489753,-0.028956133907071635,-0.013773564701191447,-0.008749269020903307,-0.007320808494047276,-0.009739844082077415,0.73550004,0.63863635,0.6375969,0.71546054,0.847561,0.5952756,0.5346457,0.65833336,0.4948499798774719,0.7002657642364502,0.6612500548362732,0.7002657642364502,0.149,149.0,0.4300626555960974,0.45351435736228624,0.45372798848707424,0.2966217333839764,0.29508139242397763,0.3210793525004795,0.37799019534596284,0.3833462753415948,0.3908941255898224,0.01860137730251141,0.017827156760595816,0.01821499395534383,0.023909735052417933,0.02707191431846736,0.018147663638113036,0.016934158459619375,0.018567666938055064,0.015676614112099047,0.64193547,0.65180176,0.7072993,0.7816794,0.5723577,0.6276316,0.68495935,0.61167884,0.5053500533103943,0.6930849452018737,0.6653500199317932,0.6930849452018737,0.1465,146.5,0.38503981267452836,0.4042541634555188,0.4039804220916622,0.2723786118575022,0.28596053360216644,0.2831970688423293,0.314578904651835,0.3194540886654104,0.3258069054374538,-0.0003333424468865854,-0.0006185758630013229,0.0006065401171213621,-0.0007102834700359103,-0.000942109794302138,0.0021870494684607944,0.004092444719358034,0.005623429222003894,0.002968385015010816,0.6887177,0.6452191,0.6724481,0.74856997,0.7099594,0.6114536,0.6098025,0.63500607,2026-10-05T14:26:37.457509
54,0.6772477626800537,0.5012576580047607,0.6671008653640748,0.6772354245185852,0.6671008653640748,0.8015383987426757,0.8826616856575012,1.9460847816467286,0.12601352041959762,3.453731801223755,2.0,1.0,10.0,,,,,0.6274177319526673,0.6274177319526673,,,,17.004855084228517,0.9603459165923914,0.10195573400350133,,0.11425441496406391,0.6584950765227057,0.16574666770115778,0.001434179583295978,0.03687263129480705,1.7065907766105264,,0.00351714022875805,,75.31191919411823,18.436438542262763,,102.54720981865172,75.3249882983554,24.42980188017438,95.02766224077553,40.052434884818496,17.004836829604617,,0.6931471824645996,,0.0698774174140517,0.21376480380440974,,0.1297554126021209,0.08135040113880376,0.2069090526005265,0.005413271460065226,0.460065615404943,0.16905902297633468,,,,0.22075,4415.0,0.64178026,0.66022956,0.724584,0.7895537,0.62188476,0.64117175,0.7091738,0.62806517,0.4952000379562378,0.6705284705162048,0.6795000433921814,0.6705284705162048,0.127,127.0,0.3990648754200114,0.4206176133304585,0.41406978177982345,0.2782183526785703,0.2893748913504577,0.2853070184489276,0.30480320419537976,0.30044038453402094,0.3156206233396901,0.008065861415599557,0.0015481644803137,0.006915608502673515,0.012700591604777735,0.011726454716170714,0.011197637021418457,0.013611357311845504,0.009273815711242684,0.007127780478892937,0.748,0.65,0.65891474,0.7233553,0.8666667,0.61220473,0.5299213,0.6560606,0.49959996342658997,0.6704078693389892,0.6762500405311584,0.6704078693389892,0.128,128.0,0.37441502333721355,0.4026148933402596,0.4020595495939283,0.27984998322122606,0.30037942273378804,0.2962097303186157,0.3090485617313424,0.3116518341801117,0.3207127588512403,0.012411118833710011,0.008450790478324604,0.00891588869724071,0.019818534355815712,0.023483136271351936,0.01926343567499441,0.014452061963605708,0.014758227690213623,0.0092744825614169,0.66209674,0.66621625,0.7510949,0.79236645,0.56341463,0.6407895,0.697561,0.6229927,0.4974000006914139,0.670468169927597,0.6778750419616699,0.670468169927597,0.1275,127.5,0.38673994937861245,0.41161625333535906,0.4080646656868759,0.2790341679498982,0.29487715704212286,0.2907583743837716,0.3069258829633611,0.30604610935706633,0.3181666910954652,0.010238490124654784,0.004999477479319152,0.007915748599957112,0.016259562980296724,0.017604795493761323,0.015230536348206434,0.014031709637725605,0.012016021700728154,0.008201131520154918,0.7050484,0.6581081,0.7050048,0.7578609,0.7150407,0.62649715,0.61374116,0.6395266,2026-10-05T14:30:53.807503
55,0.678970217704773,0.500334620475769,0.6614882038593293,0.6792023777961731,0.6614882038593293,0.7965615293502808,0.8771318285942078,1.9162704582214356,0.10924119920134544,3.4023012172698976,2.0,1.0,10.0,,,,,0.6447215697288513,0.6447215697288513,,,,16.98177495422363,0.884070795527689,0.09387236209526943,,0.10730864147946334,0.7071683602348254,0.1618688382967642,0.0013494379785072034,0.03444679242790125,1.5598357397659568,,0.002495336768611862,,75.27822205367362,18.413284945639834,,102.55057865798852,75.2912964061567,24.40055115815181,95.02599563112685,40.142708529332644,16.981750804147904,,0.6931471824645996,,0.07093909529933504,0.21518791614064744,,0.13126115576856456,0.0828977626789907,0.2090014360702721,0.0055281205049413406,0.4680659562159496,0.17206816669482333,,,,0.2294,4588.0,0.6468725,0.6626057,0.73320127,0.7887046,0.62431854,0.6419192,0.70814097,0.6262729,0.4994499981403351,0.6879572730064392,0.6690499782562256,0.6879572730064392,0.126,126.0,0.42273820716376587,0.42907887028382335,0.4276609286627738,0.2700675140210346,0.32311967790155616,0.28466240913597113,0.3002030677248719,0.31333514477807406,0.3068454617663484,-0.010780219802925003,-0.014638565158143773,-0.013996701795524934,0.026761087814239103,0.025819608994243567,0.01551525014573635,0.0033503501101660596,0.0010520838523666925,-0.0022812807592897336,0.726,0.61636364,0.6263566,0.73355263,0.8719512,0.6070866,0.5350394,0.6367425,0.4950999319553375,0.6826601686477661,0.6714000701904297,0.6826601686477661,0.132,132.0,0.4055287005157668,0.4308015381686509,0.4272408892045141,0.28552371554293643,0.307165040906414,0.28545761452298213,0.32084248873558724,0.3237839292395984,0.3261711327434861,0.01759755965423778,0.013584245119595221,0.015250297150471919,0.02352579029034406,0.02200389569470778,0.02429581385134332,0.02219658847160221,0.020580979694987137,0.017479426625211233,0.65645164,0.6396396,0.7306569,0.7958015,0.5776423,0.6350877,0.703252,0.6182482,0.4972749650478363,0.6853087208271027,0.6702250242233276,0.6853087208271027,0.129,129.0,0.4141334538397663,0.42994020422623713,0.4274509089336439,0.27779561478198556,0.31514235940398505,0.2850600118294766,0.31052277823022956,0.3185595370088362,0.31650829725491725,0.003408669925656389,-0.0005271600192742762,0.0006267976774734924,0.02514343905229158,0.02391175234447567,0.019905531998539835,0.012773469290884134,0.010816531773676915,0.00759907293296075,0.6912258,0.62800163,0.67850673,0.76467705,0.7247968,0.6210872,0.61914575,0.62749535,2026-10-05T14:35:03.544471
56,0.6801049709320068,0.5012273788452148,0.6581307934284211,0.6803603172302246,0.6581307934284211,0.8033448036193848,0.8846688029289246,1.9719199817657471,0.1231605725646019,3.5824911811828613,1.9999113487243652,1.0,10.0,,,,,0.6551179322242737,0.6551179322242737,,,,16.957948333740234,0.8686326973282608,0.10707484737964003,,0.11522052094197957,0.7099158160246102,0.1546552058095765,0.001334953239368524,0.034004179891317515,1.5629535151325213,,0.002721593831248721,,75.24351506324331,18.39303169736437,,102.55313090913614,75.25726818886532,24.372963146039634,95.02536953482658,40.1993533820863,16.957936778949325,,0.6931030530079155,,0.07185149449072066,0.21719357760468866,,0.13267192823492038,0.08446007131770918,0.2110099985151534,0.005612589599813815,0.47414009833032156,0.1747462074657914,,,,0.21825,4365.0,0.6492582,0.66224325,0.7344097,0.7897512,0.6242601,0.6461212,0.70913327,0.6261507,0.5046999454498291,0.695147605419159,0.6689000129699707,0.695147605419159,0.13,130.0,0.35296891252649276,0.38568950340050884,0.3736681666949617,0.26737009546024026,0.2675741879095132,0.27687868835771523,0.2507199295163801,0.26096174903484526,0.26008720015161924,0.008245064740410802,-0.0007179353069739552,0.004279586469346719,0.03403553356057676,0.022898061961668995,0.0312986415934051,0.019519237977018374,0.018475152800494905,0.015949697111667296,0.7375,0.6336364,0.6511628,0.7046053,0.8479675,0.61417323,0.5291339,0.642803,0.5032499432563782,0.6899102301597595,0.6695500612258911,0.6899102301597595,0.125,125.0,0.38606204855568194,0.40859139677318096,0.4097761799707165,0.28393353452539033,0.29979522614447573,0.29555959358102096,0.3137279539137804,0.31924119563473874,0.32366866173321807,0.016763475067091374,0.013787411233463782,0.014251471246018603,0.022286984613218618,0.014696025571855294,0.020406713448016135,0.024345002545105705,0.02352814477364468,0.021608713136069924,0.6532258,0.6536036,0.7441606,0.7717557,0.57073176,0.6464913,0.68292683,0.62080294,0.5039749443531036,0.6925289177894592,0.6692250370979309,0.6925289177894592,0.1275,127.5,0.36951548054108735,0.3971404500868449,0.3917221733328391,0.2756518149928153,0.28368470702699444,0.28621914096936807,0.28222394171508025,0.290101472334792,0.29187793094241865,0.012504269903751088,0.006534737963244913,0.009265528857682661,0.028161259086897688,0.018797043766762146,0.025852677520710618,0.02193212026106204,0.021001648787069793,0.01877920512386861,0.6953629,0.64362,0.6976617,0.7381805,0.70934963,0.63033223,0.60603034,0.631803,2026-10-05T14:39:15.847224
57,0.6818576455116272,0.4993273913860321,0.6533379869937896,0.681752622127533,0.6533379869937896,0.80982650308609,0.8918706922531128,2.0547030588150026,0.1015571653008461,3.688237604522705,1.9999982696533203,1.0,10.0,,,,,0.6567000783920288,0.6567000783920288,,,,16.93829779663086,0.8749334274488649,0.12210812633797812,,0.12236598714189545,0.7351951454855075,0.15877984131977058,0.0014493338994319984,0.03520717118884538,1.5367607181998575,,0.0030382448960478256,,75.20907393534472,18.37152680318067,,102.55627421968302,75.2226119314789,24.344260367618244,95.02330512757514,40.24601665423934,16.93828423615474,,0.6931463214242535,,0.07278763023531361,0.21878295197228717,,0.13412696379385178,0.085792416220258,0.21311799147326477,0.005604481861398668,0.4795337247241075,0.17843652720663958,,,,0.22115,4423.0,0.6522254,0.67263395,0.73003167,0.7906398,0.62700546,0.63993937,0.71146214,0.6285744,0.5061001181602478,0.652547523021698,0.6833999752998352,0.652547523021698,0.129,129.0,0.4458007517403459,0.46173721903217574,0.4573329769464961,0.3155369118626937,0.3042708263904541,0.32101819418240063,0.31404443487615114,0.3099684024615061,0.31597361067915636,-0.019914189679550744,-0.018940511276412286,-0.018879235824836683,-0.022387136814501895,-0.02482208801786658,-0.019588527426582604,-0.020497521580819553,-0.02063783021892058,-0.023271594449186743,0.7495,0.6527273,0.67093027,0.7338816,0.87398374,0.62362206,0.5204724,0.6496212,0.49729999899864197,0.6603166279792786,0.6786499619483948,0.6603166279792786,0.155,155.0,0.41778409650889925,0.45873769508035006,0.4468893371701861,0.2855799404236108,0.30923140514762815,0.29617360463269693,0.305874642179641,0.3098376275158374,0.3144893681141216,0.0063455308871484765,0.006846100286394399,0.004206650902612158,0.015123720492472202,0.021810756710119276,0.011004450351625809,0.015909854000653895,0.01493849078602318,0.011868791950100769,0.6556452,0.6806307,0.7631387,0.7774809,0.5691057,0.64254385,0.6955285,0.6321168,0.5017000585794449,0.6564320755004883,0.681024968624115,0.6564320755004883,0.14200000000000002,142.0,0.4317924241246226,0.4602374570562629,0.4521111570583411,0.30055842614315226,0.3067511157690411,0.3085958994075488,0.30995953852789604,0.30990301498867173,0.315231489396639,-0.006784329396201134,-0.0060472054950089435,-0.007336292461112262,-0.0036317081610148464,-0.0015056656538736512,-0.0042920385374783975,-0.0022938337900828294,-0.0028496697164487,-0.005701401249542987,0.7025726,0.666679,0.71703446,0.7556813,0.72154474,0.633083,0.60800046,0.640869,2026-10-05T14:43:25.464145
58,0.6831771731376648,0.4995726943016052,0.649831155872345,0.6832371950149536,0.649831155872345,0.8010660125732422,0.8821368136405945,1.9554767858505249,0.11436827930808068,3.4389167320251466,1.9911328456878663,1.0,10.0,,,,,0.6453795656204223,0.6453795656204223,,,,16.91826223449707,0.8028335006088968,0.12678889193494988,,0.12552875777481087,0.7136626747573257,0.17141819235150982,0.001407378272355125,0.03548442909292355,1.735577279595053,,0.002967514363981362,,75.17501403419834,18.347051219575725,,102.56542366173616,75.18833296466026,24.315233862324124,95.02390687784572,40.2704579784612,16.918242229777537,,0.6886682316755793,,0.07358256822368901,0.2198932992804582,,0.13564413662549038,0.08702931538888603,0.2150972198908496,0.005678803932847111,0.48373816043707973,0.1821919846686588,,,,0.2288,4576.0,0.65803933,0.675735,0.73536056,0.7912915,0.6269081,0.64214146,0.70372623,0.63114053,0.49584996700286865,0.6768177762031555,0.6690000295639038,0.6768177762031555,0.126,126.0,0.4372097886742235,0.45290609771470147,0.4506384164780682,0.2772965936621527,0.3123745588955663,0.28684240905071756,0.26594846402203387,0.2700565423592,0.2766061038175306,0.0249327311276138,0.02597960931346883,0.025699142816041215,0.052076581277853,0.06351245990555304,0.04821065840385724,0.0395506311489155,0.040027321842308485,0.038082952899117894,0.734,0.63000005,0.6484496,0.71414477,0.84105694,0.6019685,0.53897643,0.6496212,0.5034499764442444,0.6832120323181152,0.6659500002861023,0.6832120323181152,0.126,126.0,0.452618217505574,0.48768127755249524,0.47362938474699023,0.29734191915346114,0.3319441218199067,0.3084864702731473,0.32003082723382603,0.3244228416060367,0.33114958283340795,0.0077127950457619625,0.01057898161726691,0.00721252209264647,0.023488971014213784,0.03446780708375294,0.022868196357363296,0.02487125650924708,0.026633041800913995,0.02508755676797738,0.64838713,0.6621622,0.7456204,0.7599237,0.56422764,0.6307018,0.6821138,0.62153286,0.4996499717235565,0.6800149042606354,0.667475014925003,0.6800149042606354,0.126,126.0,0.44491400308989876,0.47029368763359836,0.46213390061252924,0.2873192564078069,0.3221593403577365,0.29766443966193246,0.29298964562792995,0.29723969198261835,0.3038778433254693,0.016322763086687883,0.01827929546536787,0.016455832454343844,0.03778277614603339,0.04899013349465299,0.03553942738061027,0.03221094382908129,0.03333018182161124,0.03158525483354764,0.6911936,0.6460811,0.697035,0.7370342,0.7026423,0.61633515,0.61054516,0.635577,2026-10-05T14:47:35.280320
59,0.6830999255180359,0.5013701915740967,0.6508133891105652,0.6830772757530212,0.6508133891105652,0.8082316123962402,0.8900985902786255,2.02206438331604,0.1145474886059761,3.701248168563843,1.9992762712478638,1.0,10.0,,,,,0.6772810393333435,0.6772810393333435,,,,16.89802335205078,0.8172553069652266,0.12114059910842567,,0.12061332780749175,0.7315461905139267,0.1702989569989739,0.0013648433696810797,0.034198059041978444,1.5897037270152645,,0.002773453509765025,,75.13970675134355,18.32575306011613,,102.57278170251543,75.1540364064988,24.287551673354617,95.02140254123955,40.32875476521291,16.89800464119881,,0.6927672062709833,,0.07430405468697761,0.22157988597632974,,0.13722080865483374,0.08818739790255857,0.21734707285264496,0.0057852619570816395,0.48974551858416027,0.1852431645628753,,,,0.21915,4383.0,0.6554731,0.6687274,0.7374406,0.791331,0.6290693,0.64402026,0.70810044,0.6287984,0.5056000351905823,0.6500622553825378,0.68340003490448,0.6500622553825378,0.122,122.0,0.3792167484683425,0.4020574942806777,0.3927409190601083,0.2427060428913095,0.3214974564302847,0.24534531864142928,0.24547568877653908,0.24413048530968084,0.2494751813836102,-0.002204984445501754,-0.009806857029521457,-0.0022420114282747433,0.0025537870635011727,0.005157857761722552,0.003249551365109885,-0.0009738708922143246,-0.0036468684760765776,-0.005851706211084399,0.745,0.64863634,0.6554264,0.75131583,0.8788618,0.618504,0.5311024,0.6416667,0.49615001678466797,0.6573547854423523,0.6794500350952148,0.6573547854423523,0.127,127.0,0.3966333956674116,0.43587456829708066,0.4191908999754927,0.2735281421316525,0.3163421324146588,0.28363005554152815,0.3119389369338679,0.3185441171688909,0.31851904191585023,0.01883749944325645,0.01680516888991114,0.01613258565838777,0.03461881654611439,0.04491635126358347,0.03385005147888974,0.025519356082924452,0.02718520100090061,0.0222194468102345,0.65403223,0.66306305,0.74598545,0.8026718,0.5813008,0.64736843,0.7044715,0.6237227,0.5008750259876251,0.6537085204124451,0.6814250349998474,0.6537085204124451,0.1245,124.5,0.3879250720678771,0.4189660312888792,0.4059659095178005,0.258117092511481,0.31891979442247176,0.26448768709147874,0.2787073128552035,0.2813373012392859,0.2839971116497302,0.008316257498877348,0.0034991559301948416,0.006945287115056513,0.018586301804807782,0.02503710451265301,0.01854980142199981,0.012272742595355064,0.011769166262412015,0.008183870299575052,0.6995161,0.6558497,0.7007059,0.7769938,0.7300813,0.63293624,0.617787,0.6326947,2026-10-05T14:51:48.846866
60,0.6841251254081726,0.49909234046936035,0.6486308604717255,0.683857798576355,0.6486308604717255,0.8110449899673462,0.893224561882019,2.0743645795822143,0.09654212025403977,3.616010301208496,1.9999843185424804,1.0,10.0,,,,,0.6944631669044494,0.6944631669044494,,,,16.880446942138672,0.8840441250117721,0.11281213151279149,,0.1147936758745438,0.7410306962812023,0.1555880994838514,0.0012574506924297826,0.03242388753232303,1.9073586215259164,,0.0026357162067745248,,75.10493610163404,18.307598429880326,,102.58093072198758,75.11934705600618,24.26048595890118,95.02181409119041,40.38873497543821,16.88042538636809,,0.6931393776729609,,0.07517973736972566,0.22380930251756292,,0.1388710241788512,0.08926172065696898,0.2197563134750743,0.005872805709624366,0.49567456818689964,0.18889039849779407,,,,0.22335,4467.0,0.6603047,0.665445,0.73118067,0.7963863,0.6285436,0.65098995,0.7065006,0.6299186,0.505299985408783,0.6588737630844116,0.6773499250411987,0.6588737630844116,0.123,123.0,0.45259985042937134,0.4721575937658594,0.4618140821689367,0.3233594611220302,0.36403598943821686,0.31981620853903014,0.282700140436265,0.28262611099039797,0.286253282526519,-0.0037799013691936566,-0.0015488349540310035,-0.0021246473021103176,0.032089004835903004,0.05768447191211737,0.034601496335720315,0.028085309108840897,0.028349066874047698,0.028824331618594212,0.72050005,0.6468182,0.6275194,0.7549342,0.893496,0.61574805,0.5137795,0.64469695,0.4944499433040619,0.6694528379440308,0.6731500625610352,0.6694528379440308,0.122,122.0,0.4390288982392331,0.4760236610670879,0.4606095270686187,0.28904629512562097,0.2986547933537514,0.29918511829269717,0.3148500896905226,0.3222421494960289,0.32091987386624754,0.006984995587770495,0.009075198852324289,0.006736290702404172,0.024333927802537937,0.030911437722911803,0.021766580817412274,0.02776512530948083,0.02799962581984047,0.028953445182524434,0.63467747,0.65495497,0.7317518,0.7996183,0.58617884,0.6421053,0.7048781,0.6186131,0.4998749643564224,0.6641633005142211,0.6752499938011169,0.6641633005142211,0.1225,122.5,0.4458143743343022,0.4740906274164737,0.4612118046187777,0.3062028781238256,0.3313453913959841,0.3095006634158637,0.2987751150633938,0.3024341302432134,0.30358657819638324,0.0016025471092884194,0.0037631819491466428,0.002305821700146927,0.02821146631922047,0.044297954817514584,0.028184038576566296,0.027925217209160864,0.028174346346944084,0.028888888400559323,0.67758876,0.6508866,0.67963564,0.7772763,0.7398374,0.62892663,0.6093288,0.63165504,2026-10-05T14:55:58.521015
61,0.6852322816848755,0.49828749895095825,0.644842167186737,0.6851552128791809,0.644842167186737,0.8057542058944702,0.8873459126472473,1.997339164352417,0.12110872871875764,3.6835685482025147,1.9997336723327637,1.0,10.0,,,,,0.7035804872512817,0.7035804872512817,,,,16.857963500976563,0.9115398485379614,0.11921723292559196,,0.1179847020988062,0.7556353735316331,0.1631523319015837,0.0012616233026703737,0.03215539737776586,1.651033509878596,,0.002622717773099875,,75.06980400328423,18.28720316309838,,102.58182540213227,75.08416645997649,24.232411463549184,95.01763677900763,40.45029532074169,16.857948716279047,,0.6930143119423253,,0.07588518501087359,0.22544475573642997,,0.1400519805918833,0.09030665561651728,0.22177025903562073,0.005904395518836322,0.5016742411312783,0.19112197931405087,,,,0.2196,4392.0,0.65725744,0.6621627,0.73351824,0.7976501,0.62951714,0.6524242,0.7135075,0.63368636,0.4968999922275543,0.6638291683197022,0.6775500774383545,0.6638291683197022,0.123,123.0,0.3447905638046389,0.39859113363370835,0.37622895452849076,0.19407210481804976,0.29242470387680347,0.20509537875615003,0.23634727679124198,0.24677530654992502,0.25781103438364844,0.014545851176596163,0.006281269958347423,0.010784633513343607,0.030712429240501524,0.031910357299852934,0.027165987953256143,0.028925085053856464,0.027429668613943543,0.026528151767160293,0.74300003,0.64590913,0.6531008,0.7355263,0.86260164,0.618504,0.52086616,0.6465909,0.4946000576019287,0.6587689762115478,0.6798501014709473,0.6587689762115478,0.123,123.0,0.3832069946422281,0.4528441185572948,0.4284820364447615,0.23898649268058064,0.30821515106153907,0.2733252725749085,0.3194488260024059,0.34239172054749445,0.34854354545378136,0.014662893276374886,0.009745186260988553,0.010449325604019778,0.019702283963043566,0.01753937860867804,0.01340043471904363,0.014667214505104085,0.014096778489523204,0.010228137745934503,0.65403223,0.66171175,0.7591241,0.7958015,0.5804878,0.6552632,0.6865854,0.6313869,0.4957500249147415,0.661299072265625,0.6787000894546509,0.661299072265625,0.123,123.0,0.3639987792234335,0.42571762609550157,0.40235549548662614,0.2165292987493152,0.30031992746917124,0.23921032566552927,0.27789805139682394,0.2945835135487097,0.3031772899187149,0.014604372226485526,0.008013228109667987,0.010616979558681693,0.025207356601772545,0.024724867954265487,0.020283211336149888,0.021796149779480273,0.02076322355173337,0.0183781447565474,0.69851613,0.65381044,0.70611244,0.7656639,0.72154474,0.6368836,0.6037258,0.63898885,2026-10-05T15:00:09.598198
62,0.6849204301834106,0.5002225637435913,0.6446186586856842,0.6848923563957214,0.6446186586856842,0.8109556312561035,0.8931252794265747,2.029495972061157,0.12272854088544846,3.9145809494018553,1.9990344789505006,1.0,10.0,,,,,0.7186097379684449,0.7186097379684449,,,,16.83761977233887,0.750184867032774,0.1135198556147753,,0.11740389336968303,0.7732599896799986,0.16355158758770888,0.0013809898326167492,0.03326023108426743,1.9404493855063323,,0.0031895418124937803,,75.03488348699679,18.268091262525814,,102.5849289620758,75.04952482964582,24.203580382523263,95.01303013115172,40.512486573237524,16.837610754997108,,0.6926660811065868,,0.07656135106352484,0.2272221484951153,,0.1413385832006005,0.09129902767907282,0.2237015943618337,0.005909405859294021,0.5076175988859432,0.19401854229201176,,,,0.21625,4325.0,0.6576584,0.66947246,0.73256737,0.79678124,0.6319899,0.6468081,0.71018636,0.6320367,0.49119994044303894,0.6460329546928406,0.6842500567436218,0.6460329546928406,0.106,106.0,0.4334591790753237,0.4552440060537059,0.44486878146181386,0.3191725878820085,0.37910915651337174,0.32219707889719973,0.27562215279419716,0.2778134376023919,0.283190847971369,0.03200447538166717,0.02931213322420101,0.032604384836189534,0.04732565300040721,0.04533348212043576,0.04763410743588201,0.06516437690599154,0.06802708410180876,0.06608663891860275,0.7465,0.64,0.6445736,0.76184213,0.8910569,0.6169291,0.5326772,0.64128786,0.4989500343799591,0.6578328857421875,0.6788000464439392,0.6578328857421875,0.112,112.0,0.4438838277708548,0.47925741152748863,0.46520636316233055,0.2930371215442488,0.3073706814087753,0.3154979805624898,0.3427285114052737,0.34864646135061766,0.3475281975901577,0.013379123192741751,0.01459540061504833,0.013589236635015598,0.03223929712282204,0.037409318868559825,0.030014676581159236,0.03503366341146904,0.033263205769903006,0.03411041009800893,0.6556452,0.66306305,0.7492701,0.7954199,0.58617884,0.6464913,0.70081306,0.62080294,0.495074987411499,0.651932920217514,0.6815250515937805,0.651932920217514,0.109,109.0,0.43867150342308925,0.46725070879059727,0.4550375723120722,0.30610485471312865,0.34323991896107353,0.31884752972984476,0.30917533209973547,0.3132299494765048,0.31535952278076335,0.02269179928720446,0.021953766919624668,0.023096810735602567,0.03978247506161463,0.04137140049449779,0.03882439200852063,0.05009902015873029,0.05064514493585588,0.05009852450830584,0.7010726,0.6515315,0.6969218,0.778631,0.7386179,0.6317102,0.6167451,0.6310454,2026-10-05T15:04:22.666342
63,0.6847327351570129,0.5001075863838196,0.6448558886051178,0.6848469972610474,0.6448558886051178,0.809006186389923,0.8909592269897461,2.0268281892776487,0.1262712457060814,3.834666962814331,2.0,1.0,10.0,,,,,0.7207115007400513,0.7207115007400513,,,,16.82011195678711,0.702384940710417,0.11682669356299244,,0.11550148456671815,0.7167671535425125,0.17041148190760308,0.0012975201525304253,0.03209108420926484,1.8171176566819476,,0.002708060565379754,,74.99995738229934,18.245179048769035,,102.58436472704456,75.01457957856974,24.175686854465752,95.01120660866901,40.56874684619296,16.820090482189396,,0.6931471824645996,,0.07736458107354535,0.22846414585402058,,0.1422492102452904,0.0922846976359179,0.22562389009317774,0.005996901506356373,0.5131925105289289,0.1976264245381021,,,,0.2114,4228.0,0.661688,0.66641164,0.72793186,0.8013823,0.63358647,0.64117175,0.71127987,0.6336049,0.48840001225471497,0.6608187112808227,0.6779999732971191,0.6608187112808227,0.114,114.0,0.3938938770484518,0.41384519156457217,0.41168952701882305,0.25528283187127143,0.2898231245510108,0.2573077546670268,0.26547742882994263,0.2714518436252731,0.2740717884544727,-0.0026979686972798456,-0.0049774482334606395,-0.006211160222800428,0.03072826348411564,0.05035629312126533,0.026243499477570105,0.013164040140491473,0.01319370677297268,0.010648843435914131,0.741,0.6427273,0.62519383,0.75230265,0.88739836,0.61181104,0.5271654,0.6393939,0.5005499720573425,0.6624879574775696,0.6771000623703003,0.6624879574775696,0.123,123.0,0.40298567579527234,0.44103796225241565,0.42936375472746247,0.2607519134836253,0.3026994387566351,0.2754030274513339,0.32611989736213304,0.3363619362725562,0.33347183754810483,0.018761196766437997,0.027792138188033597,0.020765707092854843,0.022966466867222063,0.042801880481926145,0.025080751008781935,0.024639016057834046,0.027311289145693283,0.023594035450682758,0.6576613,0.64954954,0.73868614,0.79885495,0.60040647,0.64517546,0.6910569,0.6218978,0.49447499215602875,0.6616533343791962,0.6775500178337097,0.6616533343791962,0.1185,118.5,0.39843977642186207,0.42744157690849394,0.42052664087314273,0.2580173726774484,0.2962612816538229,0.2663553910591804,0.29579866309603786,0.3039068899489146,0.30377181300128875,0.008031614034579075,0.011407344977286479,0.007277273435027208,0.026847365175668852,0.04657908680159574,0.025662125243176022,0.01890152809916276,0.020252497959332982,0.017121439443298445,0.6993307,0.6461384,0.68193996,0.7755788,0.74390244,0.62849325,0.6091112,0.6306459,2026-10-05T15:08:34.759070
64,0.6880224347114563,0.5024319887161255,0.638136687707901,0.6879101395606995,0.638136687707901,0.8081424887657166,0.8899995609283448,2.006415933418274,0.12343249463438988,3.701471919631958,1.999941780090332,1.0,10.0,,,,,0.7222735781669617,0.7222735781669617,,,,16.795180654907227,0.6360788127276927,0.10457552645569014,,0.10476628736041155,0.7614507557480199,0.15612779405845958,0.001215505577767695,0.03047895235762854,1.7373165623017937,,0.0025941966259837223,,74.96490211243842,18.222702366531276,,102.58744962655814,74.97984197337156,24.14658512431345,95.0125172608977,40.59066381272237,16.795164533481476,,0.6931153961048004,,0.07808068484827212,0.22959357955653198,,0.1433737206800728,0.09317558861462175,0.22730907560533778,0.006098993647558864,0.5169715034733912,0.19982082857068179,,,,0.21885,4377.0,0.6627506,0.6673178,0.74116486,0.8056082,0.63228196,0.6480404,0.7141353,0.63016295,0.49619999527931213,0.6374214305877686,0.6881499886512756,0.6374214305877686,0.118,118.0,0.38149153903933825,0.40945947720663606,0.39314086561039885,0.24502992145034,0.33003231232964136,0.2463170693144354,0.267144736710409,0.2729274178644435,0.26794791679839536,0.010093542575234328,0.003355023301018089,0.010770829223472741,0.06467390777359361,0.06522169645525724,0.06587585916234637,0.02973240247725345,0.027802945640337286,0.029731766107613248,0.741,0.6504546,0.66937983,0.7582237,0.88861793,0.62125987,0.5303149,0.6465909,0.5015999674797058,0.6573405380249023,0.6785500645637512,0.6573405380249023,0.123,123.0,0.43530723315208186,0.4672388816123128,0.4520930107668431,0.2802562877871798,0.29482911402429707,0.2889091382783561,0.33722083497563576,0.3404483399700414,0.3433018079046839,0.010964570090922436,0.012017802987267243,0.01012283836269519,0.03038771564745071,0.03691518600578869,0.028600121461606343,0.026252807350214978,0.025220422794929444,0.0244928069845922,0.6524194,0.66351354,0.7514599,0.79503816,0.5821138,0.64912283,0.704065,0.6182482,0.49889998137950897,0.6473809843063354,0.6833500266075134,0.6473809843063354,0.1205,120.5,0.40839938609571,0.43834917940947443,0.422616938188621,0.2626431046187599,0.31243071317696924,0.26761310379639575,0.3021827858430224,0.3066878789172425,0.30562486235153963,0.010529056333078383,0.007686413144142666,0.010446833793083966,0.04753081171052216,0.05106844123052297,0.047237990311976355,0.027992604913734214,0.026511684217633363,0.027112286546102725,0.6967097,0.6569841,0.7104199,0.77663094,0.73536587,0.6351913,0.61719,0.6324196,2026-10-05T15:12:45.030032
65,0.685732364654541,0.49923238158226013,0.6419212117671966,0.6858300566673279,0.6419212117671966,0.8070641226768493,0.8888013772010803,2.0009593118667603,0.12624238458871842,3.5860419372558594,1.9998034610748292,1.0,10.0,,,,,0.715322742176056,0.715322742176056,,,,16.76984815979004,0.7051615079829268,0.11132718436716563,,0.11422205245964656,0.7354936163136914,0.1537045414802755,0.0012947951423472896,0.03130911900454266,1.5707183653002332,,0.002713829572301411,,74.92935948463003,18.197998289849348,,102.59051571985718,74.94513989102309,24.117754966590056,95.01225193290954,40.630258183570426,16.769835429586422,,0.6930481594079619,,0.07861685501352238,0.23037070282705271,,0.1444606253295947,0.09408507894748336,0.22918854777220707,0.006131729312763093,0.5215087415306432,0.2018128334526803,,,,0.22115,4423.0,0.6564555,0.66536444,0.7345682,0.7961296,0.629303,0.65402025,0.7159984,0.6333605,0.489950031042099,0.6420227518081665,0.6858999729156494,0.6420227518081665,0.112,112.0,0.3844711249199177,0.41174921543270643,0.39651822002914316,0.22397689885354494,0.3136062699525935,0.2289423472865659,0.2488093555881338,0.24519572000271248,0.24905306384860912,0.006531927261232369,0.001956777890544354,0.005106033461850563,0.04635699872008614,0.06258813925658585,0.04660773834161093,0.029671748680416436,0.03096607977051246,0.02762670078455878,0.7455,0.64590913,0.6550388,0.75888157,0.8878049,0.6169291,0.5326772,0.6458333,0.4902999997138977,0.6564407324790955,0.6784501075744629,0.6564407324790955,0.117,117.0,0.44817637058460746,0.4822641938060075,0.466139805756189,0.29259546017740684,0.3179537675132719,0.2998875150091029,0.34802844919156484,0.3531972874737069,0.3553573924399821,0.015357567702959598,0.019351748470483984,0.015380081454605742,0.037257980629007995,0.05777664467118068,0.03779053301721877,0.03478291081136532,0.035473957595934295,0.03339511352942582,0.65483874,0.6621622,0.75510955,0.79503816,0.5821138,0.64605266,0.7012195,0.6178832,0.49012501537799835,0.649231742143631,0.6821750402450562,0.649231742143631,0.1145,114.5,0.41632374775226255,0.447006704619357,0.4313290128926661,0.2582861795154759,0.3157800187329327,0.2644149311478344,0.2984189023898493,0.29919650373820966,0.3022052281442956,0.010944747482095982,0.010654263180514168,0.010243057458228153,0.04180748967454707,0.06018239196388327,0.04219913567941485,0.032227329745890876,0.03322001868322338,0.030510907156992298,0.7001694,0.6540357,0.7050742,0.7769599,0.73495936,0.6314909,0.61694837,0.6318582,2026-10-05T15:16:58.489787
66,0.6844772696495056,0.4987400770187378,0.643497590303421,0.6845626831054688,0.643497590303421,0.8073955584526062,0.889169635772705,2.0359678983688356,0.10906738879680633,3.8391891304016115,1.9998902435302734,1.0,10.0,,,,,0.7157328907966614,0.7157328907966614,,,,16.747601345825196,0.8697064901423303,0.1311648747272742,,0.12892631850662126,0.7829241291352897,0.15463874842615644,0.0014562663945864743,0.03265631393452359,1.792599589107143,,0.003441544128789501,,74.89466478870173,18.177292854163298,,102.59987761868034,74.91047406044736,24.086838631113622,95.00941851184626,40.686126611794634,16.747587301169233,,0.6930925356354684,,0.0794135999812442,0.23211751403702294,,0.14595825666454948,0.09498507814232711,0.23080266300280383,0.006245867625044979,0.5268975898718379,0.20434123296646556,,,,0.22695,4539.0,0.65290695,0.66552556,0.7365293,0.796248,0.6282321,0.647495,0.7137708,0.634277,0.5069500207901001,0.6443564243316651,0.6845500469207764,0.6443564243316651,0.107,107.0,0.48829427243543755,0.4977996568638272,0.4913172095425241,0.3665791700939648,0.379727682588889,0.36655211785793496,0.33492125266899053,0.33678104653150576,0.33646012363617206,0.012445544156921977,0.015355326804690575,0.014304378102115291,0.06996670355609168,0.09595322867969477,0.07006330869118949,0.06236494205556633,0.06255636877150836,0.06308359041230333,0.746,0.6413637,0.66124034,0.7565789,0.88699186,0.60354334,0.54133856,0.6409091,0.49924999475479126,0.6604818053245545,0.6778500080108643,0.6604818053245545,0.117,117.0,0.44087170113360524,0.4641883054289694,0.45669883664087857,0.29380280986534585,0.2882159699526005,0.3010852294935081,0.33167586338791255,0.33265876259428234,0.33388457515845504,0.008169470330692282,0.008976658330550226,0.008046692326722145,0.02830206398156072,0.02839425816667456,0.027647808578279635,0.02034429790637931,0.020706202880847253,0.01966522111970535,0.6653226,0.66531533,0.7474453,0.7996183,0.57601625,0.64342105,0.702439,0.6113139,0.5031000077724457,0.6524191148281098,0.6812000274658203,0.6524191148281098,0.112,112.0,0.46458298678452137,0.4809939811463983,0.4740080230917013,0.33019098997965535,0.33397182627074473,0.3338186736757215,0.33329855802845154,0.334719904562894,0.33517234939731355,0.01030750724380713,0.0121659925676204,0.01117553521441872,0.0491343837688262,0.06217374342318467,0.048855558634734564,0.04135461998097282,0.041631285826177804,0.04137440576600434,0.7056613,0.6533395,0.70434284,0.7780986,0.7315041,0.6234822,0.62188876,0.6261115,2026-10-05T15:21:09.098363
67,0.687787652015686,0.4984574615955353,0.6371200510978698,0.6876997947692871,0.6371200510978698,0.8141070038795472,0.8966267959594727,2.072757273674011,0.12235742058753968,3.855199768829346,1.9998691162109374,1.0,10.0,,,,,0.7491474631309509,0.7491474631309509,,,,16.72603674621582,0.6163177986386096,0.10074256910426412,,0.10008853844776275,0.7408015588950959,0.14415767511269847,0.0011316952962950346,0.02862960072886792,1.5232697664552433,,0.0023428344111785793,,74.8595529058177,18.152917205907737,,102.59922528115048,74.87524603582492,24.055657040541337,95.01037009658327,40.70579266396298,16.726021444721585,,0.6930820330692704,,0.08023341009571294,0.23324924859271687,,0.1467944080852399,0.09591268064679613,0.23225545788266858,0.006356699148987888,0.5305209767286945,0.20682754116073535,,,,0.21275,4255.0,0.6619487,0.66065246,0.7375991,0.8002567,0.62941974,0.65581816,0.7160794,0.638391,0.4922500252723694,0.6462432336807251,0.6882501244544983,0.6462432336807251,0.109,109.0,0.49255738769510976,0.5229015747883053,0.5081923728964866,0.327893997117036,0.39344297301659753,0.3556800451744887,0.32194018998557394,0.3328946138618182,0.3358670787385313,-0.006916260945057766,-0.0015121382267344102,-0.006403087995090352,0.052119364941671006,0.06519735858449868,0.04151596488553795,0.004993956129257398,0.004352754944993524,9.220502380566205e-05,0.7565,0.6440909,0.66589147,0.74835527,0.8837399,0.61732286,0.5397638,0.6549243,0.5002999901771545,0.6565335578918458,0.6816999912261963,0.6565335578918458,0.122,122.0,0.40842549469597506,0.4408774171796562,0.4291157506810671,0.282313118101195,0.2963106295062251,0.29429020109144644,0.30852700393932253,0.31062722726431674,0.31281326065333553,0.010477810017812448,0.009061134610650865,0.010541494713901409,0.02360178209461825,0.022588903869691833,0.023420521497525677,0.02221650483282493,0.020499422154226246,0.018834966267896693,0.6649194,0.6711712,0.7613139,0.80076337,0.5711382,0.6504386,0.69593495,0.6244526,0.49627500772476196,0.6513883957862854,0.6849750578403473,0.6513883957862854,0.11549999999999999,115.5,0.4504914411955424,0.4818894959839808,0.46865406178877683,0.3051035576091155,0.3448768012614113,0.32498512313296757,0.31523359696244824,0.3217609205630675,0.3243401696959334,0.0017807745363773411,0.0037744981919582274,0.0020692033594055283,0.037860573518144626,0.04389313122709526,0.03246824319153181,0.013605230481041163,0.012426088549609885,0.009463585645851178,0.7107097,0.65763104,0.71360266,0.7745593,0.72743905,0.63388073,0.61784935,0.63968843,2026-10-05T15:25:22.585993
68,0.6893125772476196,0.49852254986763,0.6342780534744262,0.6890627145767212,0.6342780534744262,0.8149907857894897,0.8976087808609009,2.0634809226989748,0.12192328554391861,3.7916996265411376,1.9999974296569825,1.0,10.0,,,,,0.7313785534858703,0.7313785534858703,,,,16.706185272216796,0.688985606287695,0.10848882383886416,,0.10710831150222735,0.7191531625902576,0.15699009072913486,0.0011787886081032076,0.029667396311926993,1.7957810272646557,,0.002686864290518796,,74.82389841261943,18.126690870637347,,102.59839683581309,74.84035239250038,24.026471059033824,95.00835287495023,40.72103942579525,16.706166577187314,,0.6931459038120926,,0.08079471040493363,0.23396054128552699,,0.1474809829786325,0.09676114436547467,0.23406631295468397,0.006389494199353229,0.5338963201850843,0.2095079795949778,,,,0.21365,4273.0,0.66166806,0.6720701,0.74203646,0.80005926,0.6314058,0.6524242,0.7158161,0.6354786,0.5077000856399536,0.6278759198188781,0.6934000253677368,0.6278759198188781,0.112,112.0,0.4393027736210316,0.47516565258297655,0.4545155208663593,0.2828523138334268,0.3644953114767164,0.28528201347904847,0.2857407399379331,0.28665478164689806,0.2943007314559644,0.0035628618271361795,-0.0032010846993553877,0.002865082845229555,0.043635211290068324,0.07249199540902485,0.04819143039615775,0.03806790862096006,0.037149180407068064,0.04091902261116725,0.756,0.66545457,0.675969,0.75592107,0.88739836,0.6248031,0.5342519,0.65265155,0.49220001697540283,0.6494508280754089,0.6819501519203186,0.6494508280754089,0.116,116.0,0.4110494867064427,0.4594914996191547,0.4359937444692988,0.25400559054424066,0.2897089867501725,0.2714946381280236,0.3080537769771024,0.31657203331319317,0.3159248627877473,0.01395626500107521,0.020243033278457685,0.01590435549242803,0.027311940448126914,0.04901410799210832,0.031185989925511866,0.03296658237411122,0.035597554678234104,0.031770555347872716,0.6625,0.67027026,0.7631387,0.8034351,0.5739837,0.6495614,0.7044715,0.6153285,0.4999500513076782,0.6386633739471435,0.6876750886440277,0.6386633739471435,0.114,114.0,0.4251761301637371,0.4673285761010656,0.44525463266782905,0.2684289521888337,0.32710214911344443,0.278388325803536,0.29689725845751774,0.3016134074800456,0.30511279712185585,0.008759563414105696,0.008520974289551148,0.009384719168828793,0.03547357586909762,0.06075305170056658,0.039688710160834806,0.03551724549753564,0.03637336754265108,0.03634478897951998,0.70925,0.6678624,0.7195538,0.7796781,0.7306911,0.63718224,0.61936176,0.63399005,2026-10-05T15:29:33.453406
69,0.6911299228668213,0.49964258074760437,0.6309616992473602,0.6913325786590576,0.6309616992473602,0.8173189226150512,0.9001956003189087,2.100654670524597,0.11968253281116485,3.7211064125061033,1.9999956192016601,1.0,10.0,,,,,0.7211973932266236,0.7211973932266236,,,,16.688044900512697,0.5602373884646756,0.1004305145092261,,0.0922962965704738,0.7174906980270034,0.15737507440102327,0.0011834458953695027,0.030524815539503175,2.144797198521863,,0.002152007347425879,,74.7887063482005,18.103312741419312,,102.5965318619066,74.80553484874166,23.99856138533088,95.00893756842157,40.714982318270735,16.68802411996635,,0.6931450017698252,,0.08142524843762634,0.2348765821024111,,0.1482984040193497,0.09762208135264694,0.23604773896135342,0.006457845757531513,0.5362339976486886,0.21269487822131747,,,,0.2118,4236.0,0.6636929,0.67531216,0.7487322,0.8032188,0.6265187,0.6526666,0.71776026,0.6414053,0.49960002303123474,0.6456165404319764,0.6841500401496887,0.6456165404319764,0.146,146.0,0.45022823045416915,0.4827991023181646,0.4679733606367513,0.27646862429675256,0.296884388186325,0.2997906770066376,0.2826133067198743,0.2737643162535165,0.2928895753194332,-0.017312783888668776,-0.012403523200507378,-0.015193069441434484,0.004294043808010154,0.017254616712118174,-0.0006020987329121889,0.0092080723789385,0.009851012199979994,0.009150694759491559,0.755,0.65500003,0.6806202,0.72861844,0.88617885,0.61338586,0.51692915,0.64772725,0.4939499795436859,0.6578099131584167,0.6790001392364502,0.6578099131584167,0.146,146.0,0.42873475681757106,0.4729930613195733,0.45479550666802576,0.2716947707767217,0.2993035896008042,0.3072723902273627,0.3109107360077197,0.31378608515015743,0.31871606684372056,0.003098896245011746,0.007372555996690121,0.004737059111183281,0.015291866952182404,0.023705878193981157,0.018128908007132634,0.016151557606377605,0.016736477108273414,0.01643727006815668,0.671371,0.6693694,0.7609489,0.7889313,0.5626017,0.64254385,0.69796747,0.6244526,0.4967750012874603,0.6517132267951966,0.6815750896930695,0.6517132267951966,0.146,146.0,0.4394814936358701,0.47789608181886895,0.46138443365238857,0.27408169753673717,0.29809398889356464,0.30353153361700014,0.296762021363797,0.29377520070183694,0.30580282108157686,-0.007106943821828515,-0.002515483601908628,-0.0052280051651256015,0.009792955380096278,0.020480247453049667,0.008763404637110223,0.012679814992658052,0.013293744654126704,0.01279398241382412,0.7131855,0.6621847,0.72078454,0.7587749,0.72439027,0.62796485,0.60744834,0.6360899,2026-10-05T15:33:44.098570
70,0.6885001063346863,0.5002697110176086,0.6355560766220093,0.6886127591133118,0.6355560766220093,0.8123108601570129,0.8946310836791992,2.0536432558059694,0.12840726020336152,3.6488874328613283,1.9996436866760254,1.0,10.0,,,,,0.7273118724822998,0.7273118724822998,,,,16.671884790039062,0.6964303353314947,0.10490223812829157,,0.10400384994354217,0.777288440496299,0.15831378588725806,0.0012057772031199235,0.030194276368399713,1.4557470779889707,,0.00240869896195734,,74.75419704169984,18.07906967211681,,102.59352325633833,74.77070564221425,23.971442568833663,95.005615234375,40.74452989420314,16.671879191307504,,0.6929697333627446,,0.08220966971793751,0.2361229826120814,,0.14918871594082778,0.09849844384155455,0.23804968880240324,0.006486840012251951,0.5403027006774951,0.21633944674661965,,,,0.2142,4284.0,0.6556335,0.66904956,0.7430071,0.80438393,0.63091904,0.654,0.7157959,0.63448066,0.49775001406669617,0.6315285048484802,0.6919499635696411,0.6315285048484802,0.124,124.0,0.4628799799300401,0.49376294855253294,0.47194150767244514,0.2890447106210101,0.3313043196665767,0.2902671921433811,0.31211538877105954,0.3158722601607753,0.3128101390950548,-0.010551392920142115,-0.0018564509117771641,-0.006557914188842123,0.028136951388345273,0.04558466734246005,0.02499133508720371,0.019949166767648033,0.021757943227424956,0.02084046042347553,0.75200003,0.6536364,0.6767442,0.7641447,0.89186996,0.6228346,0.5232284,0.65265155,0.49334996938705444,0.6538841452598572,0.681399941444397,0.6538841452598572,0.128,128.0,0.45431143557104137,0.49701663985579553,0.47544954576286425,0.29678906031442825,0.3104387204587334,0.3053915082606971,0.3439522747686421,0.3514352539904995,0.35116790382320473,0.008348794240102327,0.01284079907211675,0.008775843016563199,0.025942481794813538,0.04574546478200571,0.023305253553324492,0.030029819939072645,0.02886528428514225,0.02917220264767386,0.65967745,0.66621625,0.76277375,0.80763364,0.5723577,0.6530702,0.6898374,0.6251825,0.4955499917268753,0.6427063250541687,0.686674952507019,0.6427063250541687,0.126,126.0,0.4585957077505407,0.49538979420416424,0.4736955267176547,0.2929168854677192,0.32087152006265507,0.2978293502020391,0.3280338317698508,0.3336537570756374,0.3319890214591298,-0.0011012993400198942,0.005492174080169793,0.001108964413860538,0.027039716591579405,0.045665066062232876,0.0241482943202641,0.02498949335336034,0.025311613756283602,0.025006331535574695,0.70583874,0.6599263,0.719759,0.78588915,0.73211384,0.63795245,0.60653293,0.638917,2026-10-05T15:37:54.453872
71,0.6895648837089539,0.49957457184791565,0.6349894917964936,0.6896873116493225,0.6349894917964936,0.8094042799949646,0.8914015515327454,2.0031333587646483,0.12292381085753441,3.791570230102539,1.9999661674499511,1.0,10.0,,,,,0.7415029928207397,0.7415029928207397,,,,16.669222564697264,0.6625977981194948,0.10122495692128398,,0.10704962607283311,0.6806187269034659,0.16517683683307308,0.0013190228310354338,0.03249392499494704,1.6047313790412465,,0.0030731956200499184,,74.71993124409086,18.05535411227281,,102.59404045153575,74.73635125615795,23.94757862455526,95.00312761440398,40.814087084144546,16.669220869708212,,0.6931303439626268,,0.08306012421276919,0.23732903381441808,,0.1502069286100424,0.099370385004077,0.2404010610026159,0.006546033463280671,0.5461965780349294,0.22238447540884565,,,,0.22255,4451.0,0.6658781,0.6661297,0.74243265,0.80353475,0.6285826,0.6573536,0.713224,0.6389002,0.4986000061035156,0.6370496230125428,0.6910499930381775,0.6370496230125428,0.131,131.0,0.43566179339680206,0.48360561202069907,0.45789069479231076,0.21842178101468362,0.3442256489732325,0.2521050766048331,0.29185989521864786,0.29160434521546813,0.30209656930376305,-0.002303491073683508,-0.009589412774953291,-0.003952468822239187,0.045221729986638606,0.07691380582694445,0.04642978070894505,0.0307802478694009,0.03373148653060928,0.03389368553479158,0.753,0.65636367,0.66937983,0.75427634,0.8930894,0.6283465,0.52755904,0.6507576,0.5059499740600586,0.6566284079551696,0.6819000244140625,0.6566284079551696,0.139,139.0,0.4233517055998389,0.465790629525051,0.44462667519300486,0.25078833429125474,0.295566016402602,0.2721281426454607,0.30861878856336084,0.3138823685710748,0.3170790062083269,0.008899656193303409,0.00913136862965351,0.010205813597943671,0.032627237255724216,0.038287083998883774,0.033856677776982015,0.025695375170441667,0.02540569350651954,0.025475350765681127,0.66129035,0.66981983,0.760219,0.8068703,0.58170736,0.65,0.697561,0.61496353,0.5022749900817871,0.6468390154838561,0.68647500872612,0.6468390154838561,0.135,135.0,0.42950674949832046,0.47469812077287504,0.4512586849926578,0.23460505765296918,0.3198958326879172,0.26211660962514693,0.3002393418910043,0.3027433568932715,0.309587787756045,0.00329808255980995,-0.00022902207264989018,0.003126672387852242,0.03892448362118141,0.057600444912914106,0.040143229242963534,0.02823781151992128,0.02956859001856441,0.02968451815023635,0.7071452,0.6630918,0.7147994,0.7805733,0.7373984,0.63917327,0.61256003,0.63286054,2026-10-05T15:42:06.885511
72,0.6906528472900391,0.49830999970436096,0.6327744473934174,0.6908025145530701,0.6327744473934174,0.8184638664245606,0.9014677622795105,2.1409804023742676,0.09524425021409988,3.873609366607666,1.9999746353149415,1.0,10.0,,,,,0.7555478137969971,0.7555478137969971,,,,16.671076177978517,0.627011906569171,0.1025729787885953,,0.09918303435348022,0.6686253784948094,0.15191083695668323,0.0012178257286435906,0.03212608970037312,1.5824483712767339,,0.0028953654288850386,,74.68552515309328,18.03292971811477,,102.59347888922235,74.70229548557549,23.92629595471036,95.0078798524893,40.861909975671466,16.671082441973837,,0.6931345572896824,,0.08379958759827219,0.23855161467555222,,0.15116626242543482,0.10030308171252536,0.24307418116338694,0.0066302968663679565,0.5509716295132971,0.2290829404903825,,,,0.21485,4297.0,0.6576985,0.6658881,0.74017435,0.81421804,0.6287578,0.6637576,0.7171527,0.63725054,0.49990004301071167,0.641334623336792,0.6867501139640808,0.641334623336792,0.123,123.0,0.4572745586099861,0.48618411214686114,0.46411055749714797,0.32025774248390404,0.3711691171121681,0.3245729555009615,0.3313373701200789,0.33631333353970955,0.34126712030797257,-0.024115927159292668,-0.01651880680387215,-0.023185731034038173,0.01453280330764393,0.05612007818993738,0.009849372859154298,0.013332247799975628,0.013443544702762418,0.011124101802320133,0.751,0.64863634,0.6600775,0.75230265,0.89065045,0.6043307,0.54133856,0.6496212,0.5012000203132629,0.6559773321151734,0.6807000041007996,0.6559773321151734,0.146,146.0,0.41352272222566067,0.4565269435423259,0.43241989563251226,0.27622515168053113,0.31604262019781587,0.2873707320636235,0.31573673182765316,0.32135989069366244,0.32143269472666136,0.012427996419199259,0.019580414773501892,0.014167355737630321,0.027505546249924375,0.04547590336169729,0.026478251242679957,0.029681092857033235,0.032690255429756045,0.028409868542145215,0.6637097,0.64954954,0.7547445,0.8038168,0.57723576,0.64605266,0.7048781,0.629562,0.5005500316619873,0.6486559777259827,0.6837250590324402,0.6486559777259827,0.1345,134.5,0.4353986404178234,0.47135552784459356,0.44826522656483014,0.29824144708221756,0.343605868654992,0.3059718437822925,0.32353705097386604,0.328836612116686,0.33134990751731697,-0.005843965370046705,0.001530803984814871,-0.004509187648203926,0.021019174778784153,0.050797990775817335,0.018163812050917126,0.02150667032850443,0.023066900066259232,0.019766985172232673,0.70735484,0.6490929,0.70741105,0.7780597,0.7339431,0.6251917,0.6231083,0.6395916,2026-10-05T15:46:17.326193
73,0.6932721138000488,0.49826034903526306,0.6297707014083862,0.6934276223182678,0.6297707014083862,0.8224008110046387,0.9058421437263489,2.170797236251831,0.09787917524576187,3.804420121002197,1.9999149726867675,1.0,10.0,,,,,0.7494407196044922,0.7494407196044922,,,,16.671014172363282,0.6531297381326651,0.11417526481257882,,0.10961442400410676,0.7429473261544659,0.1544558527126054,0.0012627184314276596,0.03473882354606109,1.5863909994720653,,0.0026025098904590626,,74.65086772942999,18.009832540135474,,102.59730063274408,74.66798838232732,23.904803901720957,95.00901342501307,40.92356819104237,16.671007132074635,,0.6931048589906875,,0.08446644317762107,0.2397487350520055,,0.1522560604628484,0.10120483359713463,0.24557671292572264,0.006668051156055206,0.5562272884283855,0.23503915006947365,,,,0.20835,4167.0,0.6624499,0.67335886,0.7445325,0.8170221,0.6259735,0.66381824,0.7147226,0.6441752,0.5055999159812927,0.6382661499977111,0.6869998574256897,0.6382661499977111,0.126,126.0,0.5068202540217986,0.5253570750615566,0.5127909766762512,0.3467376773668266,0.3688300490489951,0.3486137249474495,0.322787236078419,0.32472753312363767,0.32337493623142133,0.004543215105406221,0.010245654732772573,0.005796323393457269,0.04326983906440308,0.05175378541942714,0.04172477166757436,0.03959874873233609,0.03863909175922922,0.038876210784551,0.75,0.63863635,0.65,0.75888157,0.89959353,0.61771655,0.5220473,0.6602273,0.49674996733665466,0.6574643702507019,0.6784998774528503,0.6574643702507019,0.124,124.0,0.45780401477246935,0.49973670733765807,0.4793307703034242,0.28043849810103816,0.3121000282367291,0.289551357415383,0.33175887268242565,0.3442856564667695,0.34533472367486506,0.00383249918740692,0.007776360705810242,0.005333152755116001,0.023972332869658927,0.03590382105105434,0.02493221440266056,0.02292553434121884,0.023104756992875237,0.022512739664512615,0.6475807,0.6603604,0.74854016,0.8038168,0.5837399,0.647807,0.70081306,0.6218978,0.5011749416589737,0.6478652601242065,0.68274986743927,0.6478652601242065,0.125,125.0,0.482312134397134,0.5125468911996074,0.4960608734898377,0.3135880877339324,0.3404650386428621,0.31908254118141627,0.3272730543804223,0.3345065947952036,0.3343548299531432,0.004187857146406571,0.009011007719291407,0.0055647380742866355,0.033621085967031006,0.04382880323524074,0.03332849303511746,0.03126214153677746,0.03087192437605223,0.03069447522453181,0.6987903,0.64949834,0.69927007,0.7813492,0.7416667,0.6327618,0.61143017,0.64106256,2026-10-05T15:50:27.405450
74,0.693294882774353,0.49696239829063416,0.6303043071746827,0.693167507648468,0.6303043071746827,0.8163850319862366,0.8991579382896423,2.111884350967407,0.10900279493927956,3.5320087520599364,1.9998246215820312,1.0,10.0,,,,,0.7277571173667907,0.7277571173667907,,,,16.654630731201173,0.6206381168145283,0.1015029198662111,,0.09908876560960606,0.71592599988743,0.15990773683330814,0.0012947743269911475,0.03637029746677845,1.571140815687787,,0.0031044027691330333,,74.61549712746006,17.98477310132069,,102.60011184595193,74.63419390635885,23.882096308811455,95.01004820416688,40.974214371602244,16.65460140689923,,0.6930598445758698,,0.08515530525688912,0.24057787096804115,,0.1531092246436769,0.10211349131575057,0.24786946082570752,0.006760789122978213,0.5609325242649977,0.23807160129213029,,,,0.21985,4397.0,0.6629511,0.67277485,0.7352615,0.8229858,0.6263435,0.6626869,0.7163427,0.64464355,0.5144000053405762,0.6309810538291931,0.6927500367164612,0.6309810538291931,0.129,129.0,0.44781780002387345,0.5034236066956738,0.465909810469464,0.29034484671983624,0.41340943267418734,0.28823388058517824,0.26569744554029895,0.2698022802473779,0.2706846937440677,0.029880663971526878,0.030724952840913086,0.02979467736004884,0.05912679889195604,0.08779696336487419,0.0590610274772466,0.06660113981608397,0.07240759033979229,0.06947594997735046,0.7575,0.65090907,0.67054266,0.7615132,0.893496,0.6244095,0.5283464,0.6579545,0.5039000511169434,0.6525133023262024,0.6807500123977661,0.6525133023262024,0.145,145.0,0.4541919768104897,0.520149623655981,0.4837398349204504,0.2837273251755391,0.33037345794807815,0.3052739290180399,0.3092799971568301,0.3156569809304466,0.31803079569331805,0.008829351781712184,0.011588217165760679,0.007974686720934928,0.027507878889161914,0.04910768685636322,0.026345879583684013,0.03326099899504729,0.03374577718026182,0.03128772616255138,0.6625,0.66846853,0.7609489,0.7996183,0.5768293,0.64736843,0.693496,0.6229927,0.5091500282287598,0.6417471780776978,0.6867500245571136,0.6417471780776978,0.137,137.0,0.45100488841718156,0.5117866151758275,0.4748248226949572,0.2870360859476877,0.3718914453111327,0.29675390480160907,0.2874887213485645,0.2927296305889122,0.29435774471869286,0.01935500787661953,0.02115658500333688,0.018884682040491884,0.04331733889055898,0.0684523251106187,0.042703453530465306,0.04993106940556563,0.053076683760027055,0.05038183806995092,0.71000004,0.65968883,0.7157458,0.78056574,0.7351626,0.63588893,0.6109212,0.6404736,2026-10-05T15:54:43.115634
75,0.6975076794624329,0.5005902051925659,0.6222233123779297,0.6975898742675781,0.6222233123779297,0.8197388123512268,0.9028843639373779,2.155736595916748,0.11346851807832718,3.63049379196167,2.0,1.0,10.0,,,,,0.7376352005004883,0.7376352005004883,,,,16.640112603759764,0.5857443563687573,0.11829488832432374,,0.11332066505435545,0.7135893579121608,0.15925635848265546,0.0014041985674675221,0.037800935719897795,1.3585953606162102,,0.0030960057199203,,74.58058453213637,17.96152062628679,,102.60429518389854,74.60042188122014,23.85747277812593,95.00586681001505,41.055561867489175,16.64007338748616,,0.6931471824645996,,0.08584845545375423,0.24156125184077365,,0.15425394874089843,0.10304440012213531,0.2500351027698274,0.006748424178570698,0.5671182365933801,0.24159336669050205,,,,0.2191,4382.0,0.6669808,0.6768425,0.7431656,0.8326619,0.62400705,0.6676161,0.71385175,0.6543381,0.507900059223175,0.6325241837501526,0.6928499937057495,0.6325241837501526,0.14,140.0,0.43974299239798514,0.48915209048130376,0.45628152397563193,0.28736662646092487,0.38944038509487267,0.291540229546939,0.23941097500548358,0.25203232912262385,0.2448340397536929,-0.008495835193499956,-0.0062174533080061505,-0.0053936262628381405,0.023169576975585682,0.057020932980069,0.029234905259056802,0.04029919968633642,0.038054643066822144,0.04271393771491837,0.751,0.6445455,0.67209303,0.7707237,0.897561,0.62165356,0.5204724,0.6632576,0.4943000078201294,0.6538285465240479,0.6830999851226807,0.6538285465240479,0.135,135.0,0.44659734196789563,0.500434515495339,0.47241353655995655,0.30633115030341007,0.3439049986085483,0.32242680163998794,0.3318539300760476,0.3372077248594495,0.3426801972094427,0.010133639700418001,0.012589180906202847,0.008247637176157981,0.03653435842461673,0.06134818192836928,0.0312983063988424,0.02727613051913913,0.02924262436918646,0.0266127738813269,0.6592742,0.66126126,0.75583947,0.8068703,0.58170736,0.65175444,0.702439,0.6310219,0.5011000335216522,0.6431763651371003,0.6879749894142151,0.6431763651371003,0.1375,137.5,0.4431701671829404,0.49479330298832136,0.46434753026779424,0.2968488883821675,0.3666726918517105,0.3069835155934635,0.2856324525407656,0.2946200269910367,0.2937571184815678,0.0008189022534590227,0.0031858637990983484,0.0014270054566599202,0.029851967700101206,0.05918455745421914,0.030266605828949602,0.03378766510273777,0.033648633718004306,0.03466335579812263,0.70513713,0.6529034,0.71396625,0.788797,0.73963416,0.63670397,0.6114557,0.6471398,2026-10-05T15:58:53.701852
76,0.6995424032211304,0.5005573034286499,0.6172462666988373,0.7000024318695068,0.6172462666988373,0.8105387859344483,0.8926621133804321,2.0537397836685183,0.10500457703471183,3.427609993362427,1.999993376159668,1.0,10.0,,,,,0.7425791603088379,0.7425791603088379,,,,16.619911206054688,0.5398491300215387,0.1033314981669852,,0.10376551466145713,0.7007565988097221,0.14698187494353884,0.0012854185833293163,0.0362431388348341,1.3467937809456685,,0.0029011114101351243,,74.54586077647603,17.938130664218004,,102.6087536174021,74.56655980978802,23.830570087311376,95.00751198932623,41.1201385449452,16.619907221217066,,0.6931438852267661,,0.08652185805284293,0.2425127474555544,,0.1552869604461512,0.10394850762406732,0.25187152548200764,0.006814711211118729,0.5723874060211668,0.24394417748709393,,,,0.23265,4653.0,0.6633721,0.680145,0.7399763,0.8439574,0.62830997,0.6697576,0.7157756,0.6573524,0.498199999332428,0.6205989825725555,0.6969000101089478,0.6205989825725555,0.129,129.0,0.47275577412789443,0.5318462968384686,0.4920582649813113,0.30229002889550477,0.37789425626157763,0.3130581891873581,0.27353039562754633,0.26967319307510723,0.27788892088928074,0.0004561686817960826,0.008910602339134108,0.0017052408536662508,0.037568318587093925,0.09099091651023446,0.03703733627110526,0.032813159240336925,0.04049225130866081,0.031392379631261416,0.754,0.65636367,0.6868217,0.7694079,0.8955285,0.6248031,0.5240158,0.66439396,0.4928000271320343,0.6449546642303466,0.6856499910354614,0.6449546642303466,0.132,132.0,0.452083286418085,0.5208004359632428,0.4850847652264474,0.26563851798171,0.33593115145162394,0.29533733543452406,0.30206807334692626,0.31600270308859163,0.3182091712577009,0.009243728765829578,0.013431631675206767,0.009137739073762955,0.03884430569623308,0.05368806584116287,0.035367146883637485,0.03080891083764808,0.03333702263381567,0.02823961991171891,0.66411287,0.6779279,0.7642336,0.80419844,0.5747968,0.6561404,0.697561,0.6328468,0.49550001323223114,0.632776823401451,0.6912750005722046,0.632776823401451,0.1305,130.5,0.4624195302729897,0.5263233664008558,0.4885715151038793,0.2839642734386074,0.3569127038566008,0.3041977623109411,0.2877992344872363,0.29283794808184943,0.2980490460734908,0.004849948723812831,0.011171117007170437,0.005421489963714603,0.03820631214166351,0.07233949117569866,0.03620224157737137,0.031811035038992505,0.03691463697123824,0.029815999771490163,0.70905644,0.6671458,0.72552764,0.7868032,0.7351626,0.64047176,0.6107884,0.64862037,2026-10-05T16:03:10.010126
77,0.7004700899124146,0.4974624514579773,0.6170259523868561,0.7004425525665283,0.6170259523868561,0.8065280928611755,0.8882057898521424,2.0371064655303956,0.10864701886177063,3.417553158187866,2.0,1.0,10.0,,,,,0.7322894018173218,0.7322894018173218,,,,16.599078890991212,0.5437372302173809,0.09916252307119264,,0.11208873358406839,0.6933163123525632,0.16323978479975348,0.0014944083584178904,0.03966954188528144,1.3061241666982129,,0.003627551467436704,,74.51115947164547,17.912618552043938,,102.61597680741815,74.53214181304737,23.80620570091685,95.01025298294748,41.16819022111832,16.59908356636193,,0.6931471824645996,,0.08707784666756915,0.2432620786367708,,0.1564844886588443,0.10480467324993413,0.25397271126698534,0.0068325701223057545,0.5769841617839352,0.24611643099101485,,,,0.2456,4912.0,0.66467524,0.6781917,0.7421751,0.8453792,0.628933,0.6694748,0.71500605,0.65826887,0.4994000196456909,0.6234789748191834,0.6961000561714172,0.6234789748191834,0.159,159.0,0.44363694738295123,0.5162865831370553,0.48311813669516934,0.25587968922921106,0.30745108140125993,0.2777043797938552,0.2911965726883196,0.3048800042575216,0.3093047459772438,0.01248588627182666,0.013639613741520949,0.012250173822341438,0.02659176888605263,0.04145635907241874,0.02936423438286451,0.03699775176421339,0.04580606912661759,0.041015840878857575,0.754,0.6686364,0.6736434,0.7641447,0.897561,0.63267714,0.51220477,0.6689394,0.49674996733665466,0.6478754572868347,0.6837000846862793,0.6478754572868347,0.176,176.0,0.4310677519313506,0.5122698078839283,0.47584082131634303,0.2716106010545092,0.32108650777837333,0.3055206779497979,0.3181200399592168,0.33160534426646215,0.3337838099350927,0.011140380310206238,0.014873842706078133,0.011211969957297221,0.03377499789316635,0.06111144657754116,0.03181968412085677,0.030689214920028636,0.03552447017216221,0.027477810818946232,0.6653226,0.67207205,0.7613139,0.81068707,0.57642275,0.65087724,0.6930894,0.6259124,0.4980749934911728,0.6356772160530091,0.6899000704288483,0.6356772160530091,0.16749999999999998,167.5,0.4373523496571509,0.5142781955104918,0.47947947900575616,0.2637451451418601,0.3142687945898166,0.29161252887182654,0.3046583063237682,0.3182426742619919,0.32154427795616825,0.011813133291016449,0.014256728223799541,0.011731071889819328,0.030183383389609488,0.05128390282497995,0.03059195925186064,0.03384348334212101,0.0406652696493899,0.0342468258489019,0.7096613,0.67035425,0.71747863,0.78741586,0.7369919,0.64177716,0.60264707,0.6474259,2026-10-05T16:07:19.599599
78,0.7029649019241333,0.49726513028144836,0.6120325775623322,0.7028249502182007,0.6120325775623322,0.8067713910102844,0.8884761182785034,2.0562329120635985,0.10629638905525207,3.3899314315795896,2.0,1.0,10.0,,,,,0.732113400554657,0.732113400554657,,,,16.58391792907715,0.6052617194356432,0.11505352061502873,,0.1140231730499465,0.760328565053879,0.17250630245277077,0.001414079356650899,0.040182747267139184,1.9014906167604362,,0.003201982139529672,,74.47586390015427,17.888430990231264,,102.61751177356501,74.49802772862137,23.783249630290232,95.01251935047709,41.231011384611676,16.583880357681565,,0.6931471824645996,,0.0877601154575682,0.2443090722819043,,0.157630418136621,0.10566188404514532,0.25626759316511216,0.0068776485462714535,0.5822339012364673,0.2492177502554693,,,,0.2436,4872.0,0.6647354,0.6716875,0.74770206,0.8508886,0.6364097,0.67589897,0.713467,0.66008145,0.4945001006126404,0.6276285243034363,0.6936999559402466,0.6276285243034363,0.149,149.0,0.42263701801557574,0.4819483090736939,0.45672952127780053,0.2679195673175207,0.3082147620664981,0.28035749543986244,0.30730305199515073,0.31094710538689485,0.3217298513530261,0.0012993803392503777,-0.008558633665398037,0.00031222763487307717,0.008408556099962007,-0.00907487637426878,0.010090017938508429,0.021648418682830187,0.018458208340410953,0.02282794254180586,0.748,0.6513637,0.6786822,0.76743424,0.89715445,0.6271654,0.515748,0.6632576,0.5080000162124634,0.6464109027385712,0.6839500069618225,0.6464109027385712,0.166,166.0,0.4190299102844198,0.49903550612138586,0.46336023684045313,0.27705672866368464,0.31976510406934383,0.29184891857363443,0.3337078460577216,0.34378519041610556,0.3567653389962281,0.010959359721981346,0.014777268611459981,0.01235436327912395,0.03324621951643337,0.053610306902054754,0.03428904690538827,0.0219954939493271,0.02326795727418147,0.021052058985393095,0.6544355,0.6626126,0.7591241,0.8015267,0.58821136,0.65745616,0.696748,0.6368613,0.5012500584125519,0.6370197135210037,0.6888249814510345,0.6370197135210037,0.1575,157.5,0.4208334641499978,0.4904919075975399,0.46004487905912683,0.27248814799060267,0.313989933067921,0.2861032070067484,0.3205054490264362,0.3273661479015002,0.3392475951746271,0.006129370030615862,0.0031093174730309724,0.006333295456998514,0.02082738780819769,0.022267715263892988,0.02218953242194835,0.021821956316078646,0.020863082807296214,0.021940000763599476,0.7012178,0.65698814,0.7189032,0.78448045,0.74268293,0.64231074,0.606248,0.65005946,2026-10-05T16:11:34.599336
79,0.7007273435592651,0.49954015016555786,0.6153605479240417,0.7007346749305725,0.6153605479240417,0.8092136023521423,0.8911896913528442,2.0627339128494264,0.11010953750610351,3.431205023956299,2.0,1.0,10.0,,,,,0.7457069325447082,0.7457069325447082,,,,16.565158923339844,0.6437503454886424,0.1202136612598114,,0.1208106060482704,0.7162011649198593,0.16578534658357597,0.0014694518354798484,0.04003332111581116,1.58931867408145,,0.0036561548642022237,,74.44096792427598,17.867136475386893,,102.62512474303033,74.46365225239164,23.757312628873596,95.00946477416214,41.324215202574514,16.56513481383111,,0.6931471824645996,,0.08838482765824932,0.245509106452298,,0.15889587580778036,0.10645537918350499,0.25816980972411524,0.006895349648704005,0.5887811415514369,0.25157423336414775,,,,0.24175,4835.0,0.65743786,0.6737616,0.73617274,0.8542654,0.63746107,0.68149495,0.71065205,0.65283096,0.5031000375747681,0.6299015135765076,0.6924000382423401,0.6299015135765076,0.146,146.0,0.4655754979770141,0.5213077643087966,0.4918816705445153,0.27546901024610865,0.35432209698909045,0.2968801299830053,0.33354599736514473,0.34028274302273015,0.3380273222108609,0.020020416135199295,0.017639464461928798,0.02041670637533279,0.047769995418874035,0.0638739180764592,0.04651528435368804,0.05480474093712736,0.055325078576385654,0.05902478130991322,0.753,0.64863634,0.6736434,0.76611847,0.8922764,0.62559056,0.51102364,0.6689394,0.4920499622821808,0.6511982493400573,0.6804998517036438,0.6511982493400573,0.157,157.0,0.43526621696097645,0.5235526558491825,0.4746769467807581,0.27861355030612717,0.3388571550059394,0.2988620320938844,0.31941271819135814,0.3294142733718488,0.33554061921308403,0.016580144474156098,0.017032708145601476,0.013674224772221513,0.04268626300699709,0.07447677476838506,0.04372421601052703,0.035671007545499296,0.037331502088484736,0.030707402446863846,0.64677423,0.6738739,0.7624088,0.79923666,0.58252037,0.65,0.692683,0.62335765,0.4975749999284744,0.6405498814582824,0.6864499449729919,0.6405498814582824,0.1515,151.5,0.4504208574689953,0.5224302100789895,0.4832793086626367,0.2770412802761179,0.3465896259975149,0.29787108103844484,0.32647935777825143,0.3348485081972895,0.33678397071197247,0.018300280304677695,0.01733608630376514,0.01704546557377715,0.045228129212935564,0.06917534642242212,0.04511975018210754,0.04523787424131333,0.0463282903324352,0.04486609187838853,0.69988716,0.6612551,0.7180261,0.78267753,0.7373984,0.63779527,0.6018533,0.64614856,2026-10-05T16:15:44.959673
80,0.699472188949585,0.4999372661113739,0.6172230177879333,0.6996700167655945,0.6172230177879333,0.8093593629837036,0.891351647567749,2.0623924781799317,0.10627976600527764,3.4101349155426024,1.9999969947814942,1.0,10.0,,,,,0.7537129269599915,0.7537129269599915,,,,16.54422153930664,0.6484398302758575,0.11280633785589865,,0.11317866634885976,0.7579333338008565,0.1481021165515587,0.0013792472164840645,0.037767166912460785,1.2045503873733958,,0.003017068213626007,,74.40660804699941,17.846638029548014,,102.63492618244925,74.42961601694678,23.730347627287458,95.00520611416762,41.427161854543506,16.544204578278173,,0.6931456870334164,,0.08913113765276162,0.24693760645996993,,0.1602090942631861,0.10725684914809124,0.2600591482630201,0.006955703509864724,0.5957199384452431,0.25353151730671053,,,,0.2408,4816.0,0.6587611,0.67114383,0.73876786,0.85080963,0.63292444,0.681798,0.708546,0.65291244,0.5047000050544739,0.6327604331970215,0.6940000057220459,0.6327604331970215,0.162,162.0,0.4395765460442305,0.517758572856384,0.4736033451263217,0.253411935998313,0.3069652710797957,0.2654371379494751,0.27867869572622367,0.27440488750801983,0.2865613647059222,0.013052210800266008,0.008596361084294036,0.012510253540419472,0.05060683165452292,0.06371088361697735,0.049544722630533396,0.041930860214760224,0.04416019807370838,0.0411408637220757,0.7525,0.6531818,0.6686047,0.77105266,0.902439,0.6208661,0.52362204,0.65984845,0.5085500478744507,0.6487164878845215,0.6840000748634338,0.6487164878845215,0.152,152.0,0.4143069169359698,0.4829451208457224,0.4574982764481657,0.24420849504410228,0.27714593607483046,0.2932408461468186,0.30174034715907355,0.3104915069637194,0.32313643024609623,0.01539468509447576,0.020046249300171213,0.016646988791562824,0.037040309066702685,0.05731071713510576,0.035645357196358356,0.033469627288888595,0.03488704741003948,0.032971263305955525,0.666129,0.6716216,0.7613139,0.8114504,0.58252037,0.64605266,0.69634145,0.62262774,0.5066250264644623,0.6407384605407715,0.6890000402927399,0.6407384605407715,0.157,157.0,0.4269417314901002,0.5003518468510533,0.4655508107872437,0.24881021552120763,0.2920556035773131,0.27933899204814683,0.2902095214426486,0.2924481972358696,0.3048488974760092,0.014223447947370883,0.014321305192232625,0.014578621165991148,0.0438235703606128,0.060510800376041556,0.042595039913445876,0.03770024375182441,0.03952362274187393,0.03705606351401561,0.70931447,0.6624017,0.71495926,0.79125154,0.7424797,0.6334594,0.6099818,0.6412381,2026-10-05T16:19:55.355977
81,0.7034449577331543,0.5017001032829285,0.6098655474185943,0.7032179236412048,0.6098655474185943,0.8063118103981018,0.8879654728889466,2.0378745037078856,0.10632592304944992,3.38581145362854,1.9999577674865723,1.0,10.0,,,,,0.748403506565094,0.748403506565094,,,,16.52387439880371,0.6171990477355422,0.12349176335676461,,0.12739890877893018,0.719090656490083,0.1712345134965174,0.0015305469610066907,0.04069113083610869,1.56945928712939,,0.003964186115640847,,74.37189206651821,17.82437159301369,,102.64370081227297,74.39566948763124,23.70344825307275,95.00426449137888,41.508761873670444,16.52384450633055,,0.6931261587294804,,0.08984570062843858,0.24832474521011305,,0.16154985727777907,0.10806692505528213,0.26184762112653936,0.007052078039331991,0.6016488845940609,0.2557053592554323,,,,0.2456,4912.0,0.66052526,0.6722916,0.74219495,0.85641783,0.63878506,0.67773736,0.71458083,0.66144603,0.5142999887466431,0.6382131848335266,0.6898000240325928,0.6382131848335266,0.164,164.0,0.451795694121773,0.5080662474668415,0.47262054239803564,0.23642691947753033,0.3521574220490976,0.2658606478596488,0.2762064903109663,0.2760876246457328,0.28222072981424157,-0.0011385737596887333,-0.0007674722279410247,-0.003095036993287605,0.046000570360566886,0.07973317254477992,0.035587972493737706,0.027685416497670663,0.03342756385035671,0.02421316139330232,0.751,0.6331818,0.6445736,0.77138156,0.9060976,0.63267714,0.5153544,0.66212124,0.5004499554634094,0.6532019243240357,0.6822000741958618,0.6532019243240357,0.153,153.0,0.4288795524415344,0.5131664055715736,0.4668619283867813,0.2767375448919444,0.32283542391609804,0.2933798937911805,0.3424890098639579,0.35385965795705326,0.3579911620972578,0.01927065565540402,0.02216423917868755,0.01727415809940616,0.04124737116104853,0.06660055622275177,0.037227401352376795,0.0252028379787275,0.025227472066615783,0.02003325076185678,0.64798385,0.66621625,0.74635035,0.81450385,0.595935,0.6464913,0.7004065,0.6262774,0.5073749721050262,0.6457075545787812,0.6860000491142273,0.6457075545787812,0.1585,158.5,0.4403376232816537,0.5106163265192075,0.4697412353924085,0.25658223218473736,0.33749642298259785,0.27962027082541463,0.30934775008746207,0.31497364130139305,0.3201059459557497,0.009066040947857644,0.010698383475373262,0.007089560553059278,0.043623970760807707,0.07316686438376585,0.03640768692305725,0.026444127238199083,0.029327517958486246,0.022123206077579553,0.6994919,0.64969903,0.695462,0.7929427,0.75101626,0.6395842,0.6078805,0.6441993,2026-10-05T16:24:10.758460
82,0.7023721933364868,0.5022552013397217,0.6117597612380982,0.7026101350784302,0.6117597612380982,0.8105639881134034,0.8926901198387146,2.088026262283325,0.10852237347364425,3.5403502799987794,2.0,1.0,10.0,,,,,0.7643992980003357,0.7643992980003357,,,,16.49859796142578,0.6092082200821038,0.12114717216960563,,0.1263978735063296,0.7626124770398353,0.1650432475433228,0.0014608181202205811,0.03960412535460511,1.5501657354224259,,0.003527921834881981,,74.3376629580358,17.804849733972247,,102.65298695169437,74.3614383381643,23.67706449472221,95.00777770607334,41.56075627029322,16.49860026122658,,0.6931471824645996,,0.09058115550666858,0.24992854598980802,,0.1628926180920024,0.10885176575107938,0.26383458182310604,0.007123351708101999,0.6060998659984321,0.2570921932436099,,,,0.2461,4922.0,0.65745795,0.67198956,0.7406894,0.8565363,0.6347547,0.677394,0.71522886,0.6652546,0.5015999674797058,0.6379201145172119,0.6904999613761902,0.6379201145172119,0.158,158.0,0.45441343188692224,0.519983673684936,0.48725659846026703,0.27724362612703585,0.37642862869663957,0.28841149003637123,0.2981378536719183,0.29397134600035807,0.3065964254279603,0.020052053477531,0.020608001950522672,0.02035731095219262,0.054052561562964924,0.07550512095044226,0.05658165752475037,0.042246258744944344,0.04265539800350626,0.03724301500138328,0.7485,0.6504546,0.6686047,0.7536184,0.89268297,0.61535436,0.52283466,0.67386365,0.5049999952316284,0.6555692710876465,0.6823499798774719,0.6555692710876465,0.161,161.0,0.4407288750244399,0.5099474234501955,0.475469316522144,0.2892839537818067,0.3502512757679358,0.30257548650958954,0.34776497801125905,0.35684003133880826,0.3578604343996954,0.019456577573646758,0.021295110816561404,0.018826832540685387,0.044522616550860726,0.06384309304183265,0.0424045080603021,0.03395507154042395,0.03469690298218933,0.03034078001051983,0.66895163,0.6716216,0.7514599,0.8034351,0.58292687,0.6407895,0.6955285,0.63029194,0.5032999813556671,0.6467446928024292,0.686424970626831,0.6467446928024292,0.1595,159.5,0.4475711534556811,0.5149655485675657,0.4813629574912055,0.28326378995442125,0.36333995223228766,0.2954934882729804,0.3229514158415887,0.3254056886695832,0.33222842991382784,0.01975431552558888,0.020951556383542038,0.019592071746439003,0.04928758905691283,0.06967410699613746,0.04949308279252623,0.03810066514268415,0.0386761504928478,0.03379189750595155,0.7087258,0.6610381,0.7100323,0.7785268,0.7378049,0.6280719,0.6091816,0.6520778,2026-10-05T16:28:23.291297
83,0.7045273780822754,0.5021701455116272,0.606816722536087,0.704802393913269,0.606816722536087,0.8102365260124207,0.8923262704849243,2.073964324760437,0.09721388562321663,3.437920672988892,2.0,1.0,10.0,,,,,0.7766007343292236,0.7766007343292236,,,,16.482544522094727,0.5529050841263146,0.10393168977728695,,0.1020394068887564,0.7885310154431945,0.15834618639794124,0.0013187831999203132,0.03733751489217304,1.2706366554377184,,0.0030295865778562133,,74.30271994232372,17.785485929744258,,102.65484487934476,74.32714790295644,23.649753181797685,95.00994950798666,41.61068451024924,16.482544030353523,,0.6931471824645996,,0.09119709547917554,0.2511107927295053,,0.163898973802852,0.10962661925205,0.2655691534850248,0.007171835358830015,0.6105637599708168,0.26004281867841245,,,,0.2435,4870.0,0.6657779,0.66973424,0.743027,0.86340845,0.6334307,0.6789899,0.71547186,0.66698575,0.4905000627040863,0.6230296864509582,0.6955499053001404,0.6230296864509582,0.154,154.0,0.4790137443386391,0.5407920870507635,0.5011179911735676,0.28900129442566197,0.3924150846809136,0.31987580654434133,0.28275975324602853,0.288819224454842,0.2866215180103932,0.04053290448452489,0.046996069511753134,0.04099916290578163,0.07211539863715047,0.10011893897482664,0.07206724435544236,0.0773186852489933,0.07593553271088373,0.07541834104412895,0.751,0.65636367,0.6767442,0.7680921,0.903252,0.61968505,0.5200788,0.6693182,0.4959000051021576,0.640099407196045,0.686799943447113,0.640099407196045,0.151,151.0,0.4491273400216849,0.5171414799310278,0.4859115625582407,0.30122679656793216,0.3377154898513938,0.31519854621225696,0.35414578529034485,0.3709744715683326,0.375088322783251,0.013864566114029498,0.0213704531180453,0.014720307949399264,0.030192626444209048,0.06617458501771017,0.03206000385804006,0.028848224451524577,0.031514112333426644,0.029475466103438343,0.6653226,0.66396403,0.76204383,0.81374043,0.57886183,0.6526316,0.7138212,0.6291971,0.49320003390312195,0.6315645468235016,0.6911749243736267,0.6315645468235016,0.1525,152.5,0.46407054218016197,0.5289667834908957,0.49351477686590417,0.2951140454967971,0.3650652872661537,0.31753717637829915,0.31845276926818666,0.32989684801158725,0.33085492039682207,0.02719873529927719,0.03418326131489922,0.027859735427590446,0.05115401254067976,0.08314676199626841,0.05206362410674121,0.053083454850258935,0.053724822522155186,0.05244690357378365,0.7081613,0.6601639,0.719394,0.79091626,0.7410569,0.63615835,0.61695,0.64925766,2026-10-05T16:32:34.340453
84,0.7051225304603577,0.5019574761390686,0.6056615003108978,0.7052780389785767,0.6056615003108978,0.8137245360374451,0.8962018382072449,2.1107321104049683,0.10862357176542282,3.5859530212402344,1.9999996337890624,1.0,10.0,,,,,0.7681775503158569,0.7681775503158569,,,,16.46204862060547,0.589599464966613,0.11455775719064816,,0.10995732584766521,0.7878499567318874,0.16934577423106334,0.0012858324831760946,0.03702125815781438,1.3929055559027725,,0.002746640793459377,,74.26798408654085,17.761111144047632,,102.65316058116353,74.29306287826246,23.62183258639779,95.00772007255797,41.655515731519955,16.462061219913945,,0.6931469998541911,,0.0917582351500821,0.2519163633607755,,0.16469456881854186,0.11042651814070477,0.2673276436936324,0.007287112399817082,0.614690864541728,0.26202221717804103,,,,0.2346,4692.0,0.6664996,0.66882807,0.74221474,0.8654621,0.6349883,0.6799596,0.71516806,0.6674542,0.49170005321502686,0.6278687586784363,0.6946500539779663,0.6278687586784363,0.166,166.0,0.4615872150609485,0.5267938024227863,0.4896559144168639,0.27016044074550094,0.37782384977812156,0.28694597398463895,0.3083054275455933,0.30636042497228166,0.31327373109654194,0.0032962218657429654,0.011933305300586306,0.004607723413832149,0.035668450225156384,0.06977520965418504,0.025804429500491208,0.026267953692222186,0.0259171465411187,0.022833447408154597,0.7565,0.6518182,0.6689923,0.76644737,0.9052845,0.6291339,0.51299214,0.6674242,0.4931499660015106,0.6384264941215515,0.6871500015258789,0.6384264941215515,0.154,154.0,0.43507565822214345,0.5231742611246363,0.48115244145055336,0.23672932984972608,0.3382971828157924,0.2866346974609324,0.3319587942423257,0.34146690907652977,0.3589496858822881,0.01761869612947713,0.017788637286905034,0.017486015316387746,0.041481292634936634,0.050931639440081965,0.04416109596561908,0.0239941292483587,0.023559792089467034,0.019906805854472603,0.6657258,0.6716216,0.7624088,0.81564885,0.58252037,0.6530702,0.698374,0.6332117,0.49242500960826874,0.6331476263999939,0.6909000277519226,0.6331476263999939,0.16,160.0,0.44833143664154596,0.5249840317737113,0.4854041779337086,0.2534448852976135,0.358060516296957,0.28679033572278567,0.32013211089395954,0.3239136670244057,0.336111708489415,0.010457458997610048,0.01486097129374567,0.011046869365109948,0.03857487143004651,0.06035342454713351,0.034982762733055145,0.025131041470290445,0.024738469315292867,0.021370126631313602,0.7111129,0.6617199,0.7157005,0.7910481,0.74390244,0.6411021,0.6056831,0.6503179,2026-10-05T16:36:44.398853
85,0.7060175538063049,0.5005346536636353,0.6040037377357483,0.7060102820396423,0.6040037377357483,0.8148678977012634,0.8974722392082214,2.115522610664368,0.11081702365875244,3.581800064468384,2.0,1.0,10.0,,,,,0.7687160678863525,0.7687160678863525,,,,16.44382907104492,0.6174638146997258,0.12457128341908857,,0.12006112870279771,0.7599736275566611,0.16861022465453027,0.0013610761466949204,0.037818578653227373,1.5256072597898496,,0.003546101139386772,,74.23413508712866,17.739598110223273,,102.65355721248943,74.25879824693035,23.594211894235794,95.01045397132825,41.69808303930198,16.4438167377642,,0.6931471824645996,,0.09249505130158868,0.2531555165910417,,0.16552928830407987,0.111176825585259,0.2688696729909083,0.007348395403545753,0.6186822865419327,0.26428020797717344,,,,0.23305,4661.0,0.65898156,0.6781917,0.749168,0.86206555,0.6332749,0.68337375,0.717902,0.66354376,0.5003999471664429,0.6293023762702942,0.693149983882904,0.6293023762702942,0.157,157.0,0.4495043479645029,0.49819480814052736,0.4695413812362655,0.28470310634219725,0.3529199900591295,0.28710402604282664,0.2680484229459052,0.26693190636930425,0.2710522476467899,-0.0016710927061226039,0.012901364743383032,0.0008246140518257534,0.044055148864779146,0.10162346317470733,0.04233961800478928,0.025164271057610765,0.03060485914024187,0.024690422551416184,0.7505,0.6527273,0.6736434,0.77236843,0.9081301,0.6228346,0.5153544,0.6496212,0.4986500144004822,0.6434772191047669,0.684149980545044,0.6434772191047669,0.145,145.0,0.4121767213821268,0.47232295692771864,0.4450564112238543,0.2598407599298242,0.3205048011454429,0.29146567536928597,0.30471636194641954,0.3088374277730046,0.31668839593158216,0.014272372429693878,0.014910448568147012,0.012754720044931655,0.03802498635419788,0.04673555389217901,0.03966165035325131,0.029670414532808696,0.027544889317174817,0.024739301775086663,0.65846777,0.66621625,0.7591241,0.80725193,0.5837399,0.6543859,0.7056911,0.6248175,0.4995249807834625,0.6363897976875306,0.688649982213974,0.6363897976875306,0.151,151.0,0.43084053467331485,0.48525888253412297,0.4572988962300599,0.2722719331360107,0.33671239560228616,0.2892848507060563,0.28638239244616237,0.28788466707115445,0.29387032178918604,0.006300639861785637,0.013905906655765021,0.006789667048378704,0.041040067609488515,0.07417950853344317,0.04100063417902029,0.02741734279520973,0.029074874228708344,0.024714862163251423,0.70448387,0.65947175,0.71638376,0.7898102,0.74593496,0.63861024,0.61052275,0.6372193,2026-10-05T16:40:57.756792
86,0.7040625810623169,0.5006101727485657,0.6076978721141815,0.7037726640701294,0.6076978721141815,0.821655644416809,0.905014179611206,2.1744843769073485,0.09914573078155517,3.6188025554656984,1.999933098602295,1.0,10.0,,,,,0.7779544273376465,0.7779544273376465,,,,16.417519125366212,0.6104276138031559,0.10427526078501324,,0.10653473823598236,0.8225218274031475,0.1609607301889711,0.0012282882546442472,0.03505176782702944,1.7186511400019286,,0.0027228743102991728,,74.20046997070312,17.718879626814726,,102.65777480981912,74.22471205595951,23.566427315875984,95.00900268554688,41.74962195621175,16.41748553476516,,0.6931138763761824,,0.09326936247622132,0.2542659742816998,,0.166630554825637,0.11195478673763336,0.27039903098610557,0.007425080735687237,0.6230228763477058,0.2655130900015497,,,,0.22715,4543.0,0.6621091,0.67706406,0.73650956,0.863211,0.62924457,0.6797172,0.7121507,0.6687984,0.49775010347366333,0.6286406626701355,0.6946000456809998,0.6286406626701355,0.155,155.0,0.45331801574028363,0.49618742162154933,0.47306641367431046,0.27467043850671924,0.34505598216477806,0.2951104732630487,0.26777000870733836,0.261493583373595,0.26455015861711306,0.01565074681083019,0.023452339725801092,0.016536901074571765,0.044628215608075464,0.07415562010947142,0.046385524475071015,0.027563154856712978,0.02714065290110279,0.024404664583215514,0.7535,0.6554545,0.6662791,0.7651316,0.9060976,0.6291339,0.5263779,0.6568182,0.5094000101089478,0.6369406323432922,0.6886000633239746,0.6369406323432922,0.158,158.0,0.4028390770195034,0.476114245679264,0.4438014470624198,0.26214003184975515,0.3036710975061566,0.28060942520285254,0.29930845063396455,0.3086734532301789,0.31673027998228487,0.014924169545734327,0.01882139546294287,0.014318511588599751,0.033952825113767134,0.06008723473561963,0.03165162871799478,0.022199288275237074,0.02234802894947196,0.019083040891184816,0.66774195,0.67522526,0.7642336,0.81832063,0.57886183,0.65175444,0.70813006,0.63029194,0.5035750567913055,0.6327906475067139,0.6916000545024872,0.6327906475067139,0.1565,156.5,0.4280785463798935,0.4861508336504067,0.4584339303683651,0.2684052351782372,0.32436353983546734,0.2878599492329506,0.2835392296706515,0.28508351830188694,0.29064021929969897,0.015287458178282259,0.02113686759437198,0.015427706331585758,0.0392905203609213,0.06712142742254552,0.0390185765965329,0.024881221565975026,0.024744340925287375,0.021743852737200163,0.710621,0.6653399,0.71525633,0.7917261,0.7424797,0.64044416,0.617254,0.64355505,2026-10-05T16:45:13.481140
87,0.7058778405189514,0.5012875199317932,0.6024414217472076,0.7061753869056702,0.6024414217472076,0.8201077971458435,0.9032943476676941,2.1559547164916992,0.10069159922003747,3.647471253204346,1.9999996452331543,1.0,10.0,,,,,0.7872737306594849,0.7872737306594849,,,,16.39293885192871,0.5192598061292035,0.10444867062815436,,0.10663191841286458,0.7146518418363704,0.15742155290238416,0.0012851252513833842,0.035625669808619344,1.419009689692479,,0.0029345898961579387,,74.16649467322478,17.69528777736008,,102.6634121548598,74.19076115310571,23.540249223162416,95.00883260350318,41.79549354504628,16.392910307380046,,0.6931470055489024,,0.0939577774257417,0.255305226821049,,0.16757496697887495,0.11272758648843523,0.2721082942121348,0.007494219279237044,0.6270881485027872,0.2667436227676975,,,,0.2319,4638.0,0.6621692,0.67478853,0.7447702,0.8643167,0.63167834,0.68565655,0.7192588,0.66529536,0.5003499984741211,0.6272866673469544,0.6949499249458313,0.6272866673469544,0.154,154.0,0.4619977870664446,0.5114994994577504,0.4788023760229032,0.28404176664731096,0.40440334791578436,0.3060752923602581,0.3016049778062193,0.30509789988994923,0.3056319573557266,0.029630498684697536,0.028615388133571087,0.025821361341723543,0.06720574579626637,0.08386456869042687,0.061647023720499405,0.04357951514174157,0.04390398097488771,0.04078713871371438,0.748,0.64500004,0.6624031,0.7736842,0.9097561,0.6271654,0.52559054,0.66553026,0.49869999289512634,0.6399276657104492,0.6872499585151672,0.6399276657104492,0.162,162.0,0.42864788690407196,0.4977314917378759,0.46334678739965723,0.2637609383369973,0.32844945741300013,0.2994541346179877,0.3234183798149844,0.32727017150228066,0.3380885665072753,0.017242989646874273,0.01867518168243324,0.015933996832450396,0.04349852999291104,0.05983804713262891,0.04082367859796442,0.025851246810323084,0.024525761815953232,0.021604570189649876,0.6532258,0.6671171,0.7543796,0.8236641,0.5841463,0.6469298,0.71300817,0.63978106,0.4995249956846237,0.6336071665287017,0.6910999417304993,0.6336071665287017,0.158,158.0,0.4453228369852583,0.5046154955978132,0.47107458171128025,0.27390135249215414,0.36642640266439225,0.3027647134891229,0.3125116788106018,0.316184035696115,0.32186026193150097,0.023436744165785905,0.023645284908002162,0.02087767908708697,0.055352137894588704,0.07185130791152788,0.05123535115923192,0.03471538097603233,0.03421487139542047,0.031195854451682128,0.7006129,0.65605855,0.7083913,0.79867417,0.7469512,0.6370476,0.61929935,0.65265566,2026-10-05T16:49:22.895517
88,0.7082522511482239,0.5007147192955017,0.5989113392829895,0.7082098126411438,0.5989113392829895,0.8110890467643738,0.893273512840271,2.0749099412918093,0.10732870699167252,3.4511675312042236,2.0,1.0,10.0,,,,,0.786375801372528,0.786375801372528,,,,16.37291803588867,0.5665098330492426,0.10516358118587334,,0.10810408091682727,0.7121557441486674,0.16418014042031992,0.0012790228779261611,0.035741270869780496,1.516131643277065,,0.002865696776080669,,74.1331202999042,17.671985553328398,,102.67080464940162,74.15635501351326,23.51284192322166,95.00658985308021,41.83292432651398,16.37287407164361,,0.6931471824645996,,0.09473052744273168,0.25624469492086177,,0.1686371156744137,0.11347085104626455,0.27352596069597135,0.007589429516084255,0.630905565942169,0.2687591735724431,,,,0.2432,4864.0,0.66748196,0.6750906,0.7458994,0.86441547,0.6334112,0.6870101,0.7210207,0.66995925,0.5044999718666077,0.6241335396766663,0.6995499730110168,0.6241335396766663,0.171,171.0,0.49154315415945327,0.5427664615977738,0.5101071737191935,0.28189780225631517,0.37879463579267364,0.3107843261441993,0.2844325331212433,0.2833456120081651,0.28818512216241116,0.03609172541293214,0.048789376745809784,0.036777101102122005,0.08077728140977071,0.10961329432276115,0.07121306330050266,0.054749085664102394,0.054004099254246075,0.0533116630477918,0.758,0.64818186,0.68410856,0.77236843,0.9097561,0.62992126,0.52559054,0.66780305,0.49705004692077637,0.64003457903862,0.6905000805854797,0.64003457903862,0.162,162.0,0.4536056758415334,0.5212350664942361,0.48983718557846745,0.29561583038203404,0.3440785419591818,0.3366192394823546,0.341161559165662,0.3499840229305953,0.35913719571366987,0.011835751570189113,0.015664544198930416,0.013002719415544423,0.04806936165090031,0.05776577749112312,0.04376167295332163,0.023682578138651884,0.02429577989885166,0.02296311306237349,0.6653226,0.6734234,0.76204383,0.81641227,0.5804878,0.66140354,0.7134146,0.63759124,0.500775009393692,0.6320840593576431,0.6950250267982483,0.6320840593576431,0.1665,166.5,0.47257441500049335,0.5320007640460049,0.49997217964883045,0.2887568163191746,0.3614365888759277,0.323701782813277,0.3127970461434526,0.3166648174693802,0.3236611589380405,0.023963738491560624,0.0322269604723701,0.024889910258833213,0.0644233215303355,0.08368953590694214,0.057487368126912144,0.03921583190137714,0.039149939576548866,0.03813738805508264,0.71166134,0.6608026,0.7230762,0.7943903,0.74512196,0.6456624,0.61950254,0.65269715,2026-10-05T16:53:35.778364
89,0.7072779536247253,0.49899014830589294,0.6008791819095611,0.7072629928588867,0.6008791819095611,0.8055381568908692,0.8871058585166931,2.0173767829895017,0.1086949426829815,3.3403403553009032,2.0,1.0,10.0,,,,,0.7859036390304566,0.7859036390304566,,,,16.34756410522461,0.5741913478085949,0.11220847643247456,,0.11032399734494033,0.6964463128405771,0.15454071385275786,0.0013188630220877706,0.03590710557237932,1.3213016273109777,,0.003177912444507282,,74.09877509827827,17.65214724449595,,102.67687910529459,74.12230590042795,23.4841089430888,95.00652633958562,41.881220775045406,16.34752345237003,,0.6931471824645996,,0.09532840526217867,0.25741239281217004,,0.16952765158786895,0.11420375388708844,0.27495366031197227,0.007721790696856133,0.6350802619745777,0.27009048203753816,,,,0.2505,5010.0,0.6702085,0.67243254,0.7449683,0.86852294,0.63091904,0.68238384,0.71516806,0.67203665,0.4916500449180603,0.6300130014419556,0.6914999485015869,0.6300130014419556,0.173,173.0,0.42842572738620305,0.4677742041266972,0.44992805966657506,0.24919612159155666,0.3061094014424984,0.25730693832603346,0.24115661075321085,0.23178091203251183,0.25138776664836615,0.01077792714330987,0.013875536227774495,0.01403089831585753,0.026753705612177214,0.0438869792503695,0.0323952920854984,0.02695118217371375,0.026027238031739612,0.023868348538637004,0.7465,0.6513637,0.65736437,0.7694079,0.89918697,0.6204725,0.5240158,0.6628788,0.49825000762939453,0.6531699042320251,0.6792499423027039,0.6531699042320251,0.178,178.0,0.4658270256074887,0.5191873566411566,0.4987328019709195,0.3195968999659662,0.3291693705640696,0.352097083904216,0.3829866144081903,0.39219472546920053,0.3973254550154959,0.026178190182050472,0.02582303992138122,0.02786164127241811,0.04309824311439076,0.05431226871752864,0.048648231097550156,0.026759873656413857,0.027476767953998137,0.025101131106112458,0.6443549,0.66396403,0.740146,0.80839694,0.58821136,0.6442983,0.7004065,0.63065696,0.4949500262737274,0.6415914528369904,0.6853749454021454,0.6415914528369904,0.1755,175.5,0.44712637649684583,0.49348078038392684,0.47433043081874726,0.28439651077876144,0.317639386003284,0.30470201111512474,0.3120716125807006,0.3119878187508562,0.324356610831931,0.018478058662680173,0.019849288074577857,0.020946269794137818,0.034925974363283985,0.04909962398394907,0.04052176159152428,0.026855527915063803,0.026752002992868874,0.02448473982237473,0.6954274,0.6576638,0.69875515,0.7889024,0.7436992,0.6323854,0.6122111,0.64676785,2026-10-05T16:57:49.483010
90,0.7070851922035217,0.5002295970916748,0.5999486626625061,0.707184910774231,0.5999486626625061,0.8122127612113953,0.894522087097168,2.083904676055908,0.10595055357217789,3.3153532417297362,1.9999991638183594,1.0,10.0,,,,,0.7743969669342041,0.7743969669342041,,,,16.320877618408204,0.4596957622250174,0.09158344282086488,,0.10251038782535844,0.7128750674284188,0.1617718930029945,0.0012513433533400346,0.03445261231605794,1.4179174556474017,,0.0028073513787870066,,74.0637227927044,17.629876458720798,,102.67871011138722,74.08820605429874,23.456292352858622,95.0056179556877,41.93542461030802,16.320875410821028,,0.693146765991381,,0.09579365966236515,0.25841026169479275,,0.17048687682409955,0.11494951543344814,0.276557136493124,0.00779482550847872,0.6394573905665404,0.2711915893919149,,,,0.24565,4913.0,0.6601043,0.6758558,0.74041206,0.87083334,0.6419977,0.68432325,0.7136493,0.66849285,0.5116000175476074,0.6236366841793061,0.695349931716919,0.6236366841793061,0.181,181.0,0.42716090889273617,0.4795341588344188,0.4495535751680974,0.23665061484180674,0.32027263898397285,0.2642853633954456,0.25129380028346365,0.24270246723305094,0.2579595284634222,0.004924799816710224,0.011610206038407303,0.0041741588908055845,0.038479820601386425,0.08002556987169995,0.03674166484549903,0.036700182026033194,0.03637259709707442,0.032177968496789965,0.753,0.63863635,0.6670543,0.7756579,0.91016257,0.6334646,0.5185039,0.6636363,0.5048500299453735,0.6425082435607911,0.6853998899459839,0.6425082435607911,0.162,162.0,0.4316787672698909,0.501791348630406,0.46828296284915805,0.2916864111822859,0.32820030470576234,0.31427567584058935,0.33754020603656254,0.34025834774649877,0.3556901564585759,0.013992643365940726,0.014296321886822195,0.012122040777345699,0.04738995584085212,0.061571453318450826,0.04268464904309299,0.025575483077442812,0.02545329850264501,0.022127562642700268,0.64677423,0.66981983,0.7609489,0.8148855,0.58292687,0.6552632,0.70081306,0.6368613,0.5082250237464905,0.6330724638700486,0.6903749108314514,0.6330724638700486,0.17149999999999999,171.5,0.42941983808131357,0.4906627537324124,0.45891826900862775,0.2641685130120463,0.3242364718448676,0.2892805196180175,0.29441700316001307,0.2914804074897749,0.30682484246099906,0.009458721591325474,0.012953263962614748,0.00814809983407564,0.04293488822111927,0.07079851159507539,0.039713156944296016,0.031137832551738003,0.030912947799859716,0.027152765569745115,0.69988716,0.6542281,0.7140016,0.7952717,0.7465447,0.6443639,0.6096585,0.6502488,2026-10-05T17:02:04.753733
91,0.7083778977394104,0.5002777576446533,0.5980181185722351,0.7085249423980713,0.5980181185722351,0.8132075508117675,0.8956274074554443,2.0935217834472657,0.11743724588155746,3.4099882434844973,1.9999994598388673,1.0,10.0,,,,,0.7851459005355835,0.7851459005355835,,,,16.305851586914063,0.5565013597915127,0.11696794721636043,,0.11601905053730603,0.7618678489308448,0.1676876816400297,0.0013053343612048182,0.03676522279953121,1.8695870305702185,,0.0029717706146451294,,74.02873949184539,17.60602128581636,,102.68114213882738,74.05412914494799,23.429047384079855,95.00381435710153,42.00638048208443,16.30583232223608,,0.6931469140538744,,0.09637705891565153,0.25916932342918053,,0.1714923865855879,0.11567179526493049,0.27820641656590117,0.0077574791380791526,0.6445864712356761,0.2739455517689893,,,,0.2415,4830.0,0.66144747,0.6824809,0.74469095,0.8683255,0.63529986,0.6872526,0.7182665,0.66894096,0.49540001153945923,0.6235957684516906,0.6962999105453491,0.6235957684516906,0.184,184.0,0.40306452237401746,0.458455877745444,0.42443520789638434,0.21711348889450174,0.3105152387776723,0.23686064151378453,0.2543716670435121,0.2553178427901531,0.2655961429981648,0.022188681937103952,0.03580733153680021,0.02352008998995818,0.005957117199617254,0.03554224993571678,0.0017541631315043547,0.026615779808651843,0.025025084567346895,0.017854543680005778,0.75699997,0.64590913,0.6751938,0.7667763,0.9077236,0.62755907,0.5181103,0.6723485,0.5036499500274658,0.6369505591392517,0.6885501146316528,0.6369505591392517,0.161,161.0,0.4229206527332321,0.4893784914678935,0.46637456480769546,0.28179313198384737,0.29667914017904123,0.31672251684715313,0.33770762624890793,0.33761293633582773,0.3540890856216107,0.015710597254453795,0.01814631705047635,0.017211573395837336,0.036839871640069924,0.04970727247887685,0.036691135653233516,0.023006654064149933,0.023568338088993335,0.019336367817779223,0.6653226,0.6734234,0.7635036,0.81603056,0.5804878,0.65657896,0.7036586,0.63503647,0.4995249807834625,0.6302731637954712,0.692425012588501,0.6302731637954712,0.1725,172.5,0.4129925875536248,0.47391718460666876,0.4454048863520399,0.24945331043917457,0.3035971894783568,0.2767915791804688,0.29603964664621,0.2964653895629904,0.30984261430988774,0.018949639595778875,0.026976824293638284,0.020365831692897757,0.021398494419843588,0.042624761207296816,0.019222649392368934,0.024811216936400888,0.024296711328170115,0.0185954557488925,0.71116126,0.6596663,0.71934867,0.7914034,0.7441057,0.642069,0.6108844,0.6536925,2026-10-05T17:06:15.207731
92,0.7080873250961304,0.5018174052238464,0.5983912899971008,0.70794278383255,0.5983912899971008,0.8106210936546325,0.8927535698890686,2.080546930885315,0.10413486602306365,3.339350548171997,1.999971418762207,1.0,10.0,,,,,0.7709114871025086,0.7709114871025086,,,,16.285722381591796,0.6423760821485216,0.11740722377920985,,0.12269074806741848,0.7686417628625396,0.15807265695777667,0.0013772352364293898,0.036044397990509965,1.4756892344374566,,0.0036279483865887213,,73.99479991159622,17.584884437026492,,102.68592853910604,74.01999805231763,23.402910657749054,94.99814489085203,42.075137630389754,16.285717715123656,,0.693132956696164,,0.09706105794876245,0.2605403251708693,,0.17245906942589267,0.11634798585229618,0.2799487808707413,0.007764211508807293,0.6495836016478812,0.2758566682126112,,,,0.2496,4992.0,0.66670007,0.6721909,0.74409664,0.8668049,0.6354751,0.6820202,0.71780074,0.6770061,0.49215009808540344,0.6248623356819153,0.6968498826026917,0.6248623356819153,0.197,197.0,0.42964243699751975,0.5126729430374002,0.472018152351371,0.2308520077937481,0.31956578351639603,0.23399860127292124,0.23112097940673612,0.24751742829238335,0.24475813870396684,0.011313224330047807,0.016392101929685744,0.011690233668937216,0.044281634677946984,0.06571917087337731,0.036886991296745816,0.036275328780314205,0.04055937064574328,0.034119801510326536,0.7535,0.6463636,0.6786822,0.7671053,0.902439,0.62795275,0.51417327,0.6833334,0.49590003490448,0.6454309029579163,0.6870500445365906,0.6454309029579163,0.166,166.0,0.4455093016040681,0.515049440512673,0.4837258764125999,0.2638437143266862,0.32488404357898415,0.30416988489657604,0.324101693555591,0.335955737138114,0.34484150744144637,0.018220787228272136,0.02251616620068614,0.02023980240359459,0.04969562973332864,0.064312792765783,0.05409997345834784,0.025273017958737685,0.027026160504168343,0.02609173851360203,0.65967745,0.66396403,0.76277375,0.81450385,0.5800813,0.65219295,0.7036586,0.6430657,0.4940250664949417,0.6351466193199158,0.6919499635696411,0.6351466193199158,0.1815,181.5,0.43757586930079395,0.5138611917750366,0.47787201438198545,0.24734786106021714,0.3222249135476901,0.26908424308474865,0.27761133648116354,0.29173658271524866,0.2947998230727066,0.014767005779159972,0.01945413406518594,0.015965018036265904,0.046988632205637815,0.06501598181958015,0.04549348237754683,0.030774173369525946,0.033792765574955815,0.03010577001196428,0.70658875,0.6551638,0.720728,0.79080456,0.7412602,0.6400728,0.6089159,0.66319954,2026-10-05T17:10:25.416391
93,0.7090423107147217,0.5028023719787598,0.5955683459758758,0.7090228796005249,0.5955683459758758,0.812109365940094,0.8944072018623352,2.0915760639190673,0.10269540988206863,3.3898949600219725,2.0,1.0,10.0,,,,,0.7810995436668396,0.7810995436668396,,,,16.263763583374022,0.4524548019098628,0.09552676660145164,,0.1056201418707515,0.7358238785320027,0.14509734864922086,0.0012426043665600098,0.03365671487560697,1.280920253058148,,0.0031349462075870795,,73.96061585055794,17.56424735002457,,102.69113105725332,73.98615537023848,23.374290113995787,94.99868754976114,42.10636000420637,16.263744876642896,,0.6931471824645996,,0.09771767358301552,0.2620824607694225,,0.17345768630884256,0.11706381960279623,0.2815364696037997,0.007799258334028303,0.652881878576461,0.277503958932913,,,,0.24955,4991.0,0.6627907,0.67809105,0.745107,0.8710308,0.63434577,0.6828889,0.72100043,0.67549896,0.49779996275901794,0.616567617893219,0.6980500221252441,0.616567617893219,0.166,166.0,0.42406373812509324,0.48307984043110475,0.458231301816207,0.22714007630250954,0.307982025863741,0.24160396053764,0.2875447547945943,0.3010856808537385,0.2958411337226208,0.0007111093107428905,-0.0042734695773283,0.0003264505410252069,0.003667490555212904,0.01744944589152107,0.003713118986313729,0.007590589225311489,0.0056287430665154774,0.005177702592921388,0.7455,0.65500003,0.67945737,0.77500004,0.9065041,0.638189,0.5165354,0.66553026,0.5065499544143677,0.6423412160873413,0.6847500205039978,0.6423412160873413,0.189,189.0,0.40151276086781,0.4816357530945131,0.44901727155304816,0.2477679800579704,0.29891669318170155,0.27961279228465674,0.29973011254391835,0.31213506853825335,0.3260283885932956,0.019661741441289602,0.015724697346658493,0.01842585647571644,0.04977754008813551,0.057484816865141404,0.044210796465777795,0.026043456282849327,0.025167072637721322,0.021177510383673777,0.6532258,0.67252254,0.760584,0.8187023,0.5727643,0.645614,0.7048781,0.6343066,0.5021749585866928,0.6294544169902802,0.691400021314621,0.6294544169902802,0.1775,177.5,0.41278824949645165,0.48235779676280893,0.4536242866846276,0.23745402818023997,0.3034493595227213,0.26060837641114837,0.2936374336692563,0.30661037469599595,0.31093476115795815,0.010186425376016247,0.0057256138846650964,0.009376153508370823,0.026722515321674207,0.037467131378331235,0.02396195772604576,0.016817022754080407,0.015397907852118399,0.013177606488297583,0.6993629,0.66376126,0.72002065,0.79685116,0.73963416,0.6419015,0.61070675,0.64991844,2026-10-05T17:14:35.401649
94,0.707777738571167,0.501472532749176,0.5985733911514283,0.7077425718307495,0.5985733911514283,0.8196994728088379,0.9028406553268432,2.154088941955566,0.11944376504421234,3.4864258262634276,2.0,1.0,10.0,,,,,0.7813216464996338,0.7813216464996338,,,,16.242101663208008,0.4120977001537563,0.09792624528454558,,0.10296777866567207,0.7064290610468311,0.1578887295286367,0.0012371678948610025,0.034425158403624014,1.573876634524886,,0.0028911255597386058,,73.92560305261308,17.540303333549744,,102.68918424958636,73.95197456505647,23.347139540751268,95.00167929290966,42.1273275727679,16.242099409650084,,0.6931471824645996,,0.09824350879640337,0.2628200327514843,,0.17412309348583221,0.1177464194453446,0.2831263333369213,0.007874338015629227,0.6557699388759152,0.2791484060940469,,,,0.23765,4753.0,0.6587611,0.682501,0.740214,0.871011,0.63309973,0.6879596,0.7174767,0.6694908,0.5151500105857849,0.6177916932106018,0.6989999413490295,0.6177916932106018,0.163,163.0,0.4213252539522679,0.5134188439951032,0.46949954748305156,0.21437311284190322,0.30462513787900686,0.23896635359894036,0.249550879846011,0.258236204881496,0.2638892058174412,0.030421729818765404,0.026271351001374944,0.02492105517528948,0.0395210255973566,0.048670251406220354,0.03790647292006091,0.039369225716417225,0.03716994125788943,0.0324767672005934,0.75,0.6636364,0.6872093,0.77105266,0.90731704,0.642126,0.51299214,0.6579545,0.5053001046180725,0.6400418391227722,0.6875000596046448,0.6400418391227722,0.166,166.0,0.42036729600074896,0.4860521818264021,0.4616742318980981,0.2648280759542045,0.2932128657108383,0.29275757838384026,0.30639757248766414,0.3111640385767055,0.32477348796742367,0.01569134118024553,0.014156032038022116,0.013209190953783211,0.03649777116159964,0.03667377542982112,0.030801855403873615,0.01795839205150278,0.01508180443095471,0.011203489412769704,0.658871,0.6734234,0.7642336,0.8179389,0.57601625,0.66184217,0.7044715,0.629562,0.5102250576019287,0.628916766166687,0.6932500004768372,0.628916766166687,0.1645,164.5,0.4208462749765084,0.49973551291075263,0.4655868896905748,0.23960059439805387,0.2989190017949226,0.26586196599139034,0.27797422616683753,0.28470012172910075,0.29433134689243245,0.023056535499505468,0.02021369151969853,0.019065123064536345,0.03800939837947812,0.04267201341802074,0.034354164161967266,0.02866380888396,0.02612587284442207,0.021840128306681552,0.70443547,0.66852987,0.7257215,0.7944958,0.7416667,0.6519841,0.60873187,0.6437583,2026-10-05T17:18:46.625118
95,0.7096646428108215,0.5029023289680481,0.5958909242153168,0.7096874713897705,0.5958909242153168,0.8184379344940186,0.9014389462471009,2.155634680747986,0.1093851657629013,3.418457590484619,2.0,1.0,10.0,,,,,0.778406290435791,0.778406290435791,,,,16.231426779174804,0.513509505303802,0.10937757066385762,,0.1125359093639881,0.751469589247825,0.15506536157647516,0.0012888406395206264,0.035119830921387214,1.5030306251185714,,0.0033236360738156247,,73.89091822144333,17.51871072562637,,102.69009569496106,73.91784974116429,23.321003689128123,95.00287618454854,42.175316318584855,16.231404395619776,,0.6931471824645996,,0.09876740567243783,0.26360617701415046,,0.17498201824677218,0.11847524477797709,0.2845684227290427,0.008019533565944167,0.6598157400538207,0.2825130913287971,,,,0.2349,4698.0,0.65831995,0.6800846,0.7495444,0.8673381,0.63413167,0.6902424,0.71986634,0.6766395,0.4869999885559082,0.627072301864624,0.6964499354362488,0.627072301864624,0.159,159.0,0.4015320634523348,0.489325191957331,0.4340295053610246,0.2622555023390159,0.39422423106127297,0.2693248036856706,0.27827399734364483,0.27813277822361554,0.27926023272946965,0.029096761011576554,0.01765815601459523,0.023663679207112247,0.07811724265477786,0.11357634318205073,0.0790861950391347,0.06088864559976923,0.05726805064099109,0.05260793463507724,0.759,0.64909095,0.674031,0.77039474,0.9069106,0.63188976,0.52165353,0.6594697,0.5056000351905823,0.640361560344696,0.6905500292778015,0.640361560344696,0.165,165.0,0.418705607909988,0.47704626904677344,0.4575139495404092,0.29944181480221493,0.33105455281804785,0.32774442606285603,0.33582841206601205,0.33529445890668874,0.3510535319754856,0.022119671123767008,0.024257834531604537,0.02197845759809749,0.04070970737944476,0.057011551249100054,0.0393051555299606,0.018098043504974324,0.017589148643692088,0.014283439631603917,0.66935486,0.67297304,0.75693434,0.8209924,0.58739835,0.647807,0.70731705,0.6459854,0.49630001187324524,0.63371693110466,0.6934999823570251,0.63371693110466,0.162,162.0,0.41011883568116136,0.4831857305020522,0.4457717274507169,0.2808486585706154,0.36263939193966044,0.2985346148742633,0.30705120470482844,0.3067136185651521,0.31515688235247763,0.02560821606767178,0.020957995273099883,0.02282106840260487,0.059413475017111306,0.0852939472155754,0.059195675284547646,0.03949334455237178,0.03742859964234159,0.033445687133340576,0.7141774,0.66103196,0.7154827,0.7956936,0.7471545,0.63984835,0.61448526,0.6527276,2026-10-05T17:22:56.621857
96,0.7095547318458557,0.5017551779747009,0.5967663956642151,0.7092348337173462,0.5967663956642151,0.8166716976165771,0.8994764643669129,2.13215606842041,0.09517434522509576,3.481372018814087,2.0,1.0,10.0,,,,,0.7871691158294678,0.7871691158294678,,,,16.216915698242186,0.49959565058445476,0.10895392912659485,,0.10734919833529527,0.6769162192466153,0.1622720106866709,0.001245950907394646,0.03518076697779689,1.4909701427077031,,0.0028034646107976853,,73.85755181768138,17.498206399808264,,102.69230156187798,73.88389018842369,23.293724533858573,95.0010666573883,42.23454583526417,16.21689566836995,,0.6931471824645996,,0.09950823593101683,0.26480576775635883,,0.17594732714306777,0.11917027679218609,0.2861120093400311,0.008067146803780347,0.6642468154050742,0.2851205580173784,,,,0.2434,4868.0,0.66591823,0.66578734,0.7469097,0.8742891,0.634891,0.6886262,0.71883357,0.677108,0.4970499575138092,0.6160158739089966,0.6988499760627747,0.6160158739089966,0.188,188.0,0.40911638534396544,0.5111113504734692,0.4506342082664564,0.20568977306666084,0.37934904096786104,0.2523572877192516,0.2827316306750558,0.29802532676372423,0.2952437965531367,0.00369741632764212,-0.0007493873509544568,-0.0016567014423568987,0.07109917646251636,0.11101526069932273,0.06068347646143945,0.03646636293546911,0.03185114599537551,0.029654080477712272,0.758,0.6495455,0.6763566,0.7736842,0.9097561,0.63858265,0.5232284,0.66136366,0.5019499063491821,0.6333446640968323,0.6894000768661499,0.6333446640968323,0.168,168.0,0.40376984885760037,0.4718494748640322,0.4441170563828247,0.2626787042677624,0.29140466688223154,0.2962073311516791,0.30475773675677587,0.3133064987579549,0.32569491660915234,0.027251792393946348,0.026462325287492153,0.02547680145748242,0.05215983469009879,0.06761398671322577,0.05123215667017228,0.02936022542553329,0.02914264057880175,0.024916728664904936,0.65685487,0.6666667,0.760219,0.8232824,0.57804877,0.65921056,0.7085366,0.6463504,0.49949993193149567,0.6246802690029145,0.6941250264644623,0.6246802690029145,0.178,178.0,0.4064431171007829,0.49148041266875075,0.44737563232464056,0.2341842386672116,0.3353768539250463,0.27428230943546533,0.29374468371591583,0.30566591276083954,0.3104693565811445,0.015474604360794234,0.012856468968268848,0.011910050007562761,0.06162950557630757,0.08931462370627424,0.05595781656580587,0.0329132941805012,0.030496893287088628,0.027285404571308604,0.70742744,0.6581061,0.7182878,0.7984833,0.74390244,0.6488966,0.6158825,0.653857,2026-10-05T17:27:06.170500
97,0.7099899053573608,0.49926480650901794,0.5949451154708862,0.7099997401237488,0.5949451154708862,0.816017769241333,0.8987498740196228,2.1160554149627684,0.11102007717490196,3.3199931785583496,1.9999991973876954,1.0,10.0,,,,,0.7972181585311889,0.7972181585311889,,,,16.205930764770507,0.508603720480849,0.10597427411206589,,0.10582551924855846,0.7268258902677305,0.15151707733133038,0.0013001699700942678,0.0345311601331849,1.2443488967266811,,0.002910756619104368,,73.82360460803767,17.478064057174002,,102.69414729221612,73.85007977333798,23.26712192851267,94.99889777116715,42.31011775800377,16.205891080722687,,0.6931467830755149,,0.10023453584901847,0.2662162520703237,,0.17669943316726927,0.11984430837213614,0.2877585954347234,0.00808575370343058,0.6693239697984829,0.28823732247777806,,,,0.24565,4913.0,0.6633521,0.67720497,0.75249606,0.87286735,0.6324767,0.6890909,0.718226,0.6727902,0.5190500617027283,0.6159059443473816,0.6986998915672302,0.6159059443473816,0.171,171.0,0.43540951569654157,0.5054586134576234,0.4672900429026412,0.24893266017336813,0.33214314472220974,0.26674275098140443,0.27393095540727047,0.28287453654711814,0.30086763081442497,0.01157571137185286,0.009802871438665896,0.010830920722567151,0.06352260005613625,0.09618560253602908,0.05903387910087473,0.04654954144666874,0.04268043207314068,0.037976069035662,0.7535,0.6445455,0.67945737,0.7717106,0.91097564,0.63740164,0.51889765,0.67121214,0.49754998087882996,0.6343423762321472,0.6884500980377197,0.6343423762321472,0.168,168.0,0.4352514705645525,0.49746871199726633,0.47167782188349705,0.2998117958426225,0.3387404561194976,0.3315394868205621,0.3392548102351902,0.3514666964274652,0.35952673638544086,0.02085505778389931,0.023517858568512077,0.02087517544183632,0.04372342018347609,0.06548322298688641,0.04551088251139765,0.02313126076808077,0.02323569100377812,0.020658464481894567,0.6556452,0.66756755,0.75547445,0.82022905,0.5841463,0.6543859,0.7121951,0.64270073,0.5083000212907791,0.6251241602897644,0.693574994802475,0.6251241602897644,0.1695,169.5,0.43533049313054706,0.5014636627274449,0.4694839323930691,0.2743722280079953,0.3354418004208537,0.29914111890098327,0.3065928828212303,0.31717061648729167,0.3301971835999329,0.016215384577876087,0.016660365003588987,0.015853048082201737,0.053623010119806164,0.08083441276145775,0.05227238080613619,0.034840401107374755,0.0329580615384594,0.029317266758778285,0.70457256,0.6560565,0.7174659,0.79596984,0.747561,0.6458938,0.61554635,0.65695643,2026-10-05T17:31:24.080918
98,0.711052656173706,0.4967626929283142,0.5924157436370849,0.7113448977470398,0.5924157436370849,0.8160895901679993,0.8988296740531921,2.1192983001708985,0.10436201180815696,3.228452463531494,2.0,1.0,10.0,,,,,0.7796283227920532,0.7796283227920532,,,,16.183110498046876,0.4517584696506998,0.10004165433465866,,0.10187329558335292,0.6950831222970775,0.15400929972054853,0.0012076168816394298,0.03381424000379956,1.2804452984765837,,0.002642320279198088,,73.78890121362771,17.45566912365567,,102.69517755204706,73.81640221662582,23.238502101533733,94.9984185285629,42.34568635976998,16.183086941955956,,0.6931471824645996,,0.10072973166491575,0.2671713344990068,,0.17743773037081312,0.12055837552828394,0.28912744837202087,0.008186463159835263,0.672692641331132,0.28970854050794226,,,,0.2405,4810.0,0.6646351,0.6743053,0.7487718,0.873756,0.6355335,0.6895556,0.722823,0.68,0.4941999614238739,0.6315269412994384,0.6940499544143677,0.6315269412994384,0.168,168.0,0.38955172646668046,0.4798759904286633,0.43739999497755205,0.21218712597167103,0.3327394410701294,0.235834152772729,0.26477098784196673,0.2758885778833043,0.28173667170401806,0.03556201800016554,0.02240433496107857,0.028216648890595827,0.06805528783266501,0.08131546479748573,0.05791896563627742,0.041968690333582206,0.036083050068510744,0.03154624280594553,0.754,0.6518182,0.66937983,0.76644737,0.90203255,0.6283465,0.51220477,0.6689394,0.5029499530792236,0.6475986800193787,0.6859500408172607,0.6475986800193787,0.177,177.0,0.4076934572592047,0.46477956513894647,0.4485960419159367,0.28275474705226283,0.3080184315227628,0.3213626961518418,0.33060534207489095,0.3377692372376307,0.3525101024769218,0.01875656319203691,0.017017902785422617,0.01595941304096999,0.04015045502262733,0.04540291742112131,0.033247240860572444,0.016341653774261816,0.014240281163963336,0.0113919454531508,0.6576613,0.6716216,0.75729924,0.8133588,0.58739835,0.65877193,0.70081306,0.6277372,0.49857495725154877,0.6395628106594086,0.6899999976158142,0.6395628106594086,0.1725,172.5,0.3986225918629426,0.47232777778380486,0.44299801844674436,0.24747093651196694,0.3203789362964461,0.27859842446228544,0.29768816495842887,0.3068289075604675,0.31712338709046994,0.027159290596101227,0.019711118873250593,0.022088030965782907,0.05410287142764617,0.06335919110930352,0.04558310324842493,0.029155172053922013,0.02516166561623704,0.021469094129548165,0.7058307,0.6617199,0.71333957,0.78990304,0.74471545,0.6435592,0.6065089,0.6483383,2026-10-05T17:35:35.218313
99,0.7114979028701782,0.5015143752098083,0.5918082712650299,0.7116578221321106,0.5918082712650299,0.8185842056274414,0.9016014688491821,2.1476055841445922,0.09924008337259292,3.3227475532531736,2.0,1.0,10.0,,,,,0.7917135952949524,0.7917135952949524,,,,16.161832385253906,0.4984893094582163,0.10694875062745847,,0.10256660774729814,0.6523850199523246,0.15913878665987852,0.0011707296204578226,0.033796973016326594,1.393650675275523,,0.002728158381180304,,73.75400314817003,17.434606734354784,,102.69627910055172,73.78268150766944,23.212273773873687,94.99976392612336,42.367819646361525,16.161803956244402,,0.6931471824645996,,0.10129932067386664,0.2683758274385124,,0.17832730368823763,0.12124988683469735,0.29071838460910093,0.008248318473150017,0.6754795927910289,0.29136342911203955,,,,0.2401,4802.0,0.6605453,0.6778897,0.75047547,0.8737164,0.6359229,0.69335353,0.7187525,0.681222,0.5001499056816101,0.6105357871055603,0.7019999027252197,0.6105357871055603,0.161,161.0,0.37202447629139507,0.46404251877293,0.4216247890484698,0.17381185774105554,0.31194835832904977,0.21231999125737142,0.19594487157987536,0.20004797736556945,0.21216995361615892,0.02125527893706954,0.019561566560772785,0.01634339408087783,0.037685897102558666,0.0671635150850448,0.029899609354153114,0.0444350807954288,0.04334259941127372,0.03728520229755807,0.7565,0.65636367,0.6825582,0.77500004,0.9044715,0.634252,0.52362204,0.6818182,0.502799928188324,0.6345399889945984,0.6895999312400818,0.6345399889945984,0.166,166.0,0.3766309138619066,0.448192885936077,0.421919199500312,0.2525317966743811,0.3133501886066908,0.28839042432262973,0.2831869160383664,0.29359638894206125,0.3095080067846472,0.02504309553304704,0.023716964567746798,0.02278698724977541,0.055665740072973834,0.06404984145870693,0.052462743328157264,0.031259284714033594,0.02985087086468001,0.027841556165688015,0.6608871,0.6779279,0.7642336,0.8175572,0.5776423,0.6631579,0.70528454,0.63649637,0.501474916934967,0.6225378880500794,0.6957999169826508,0.6225378880500794,0.1635,163.5,0.37432769507665087,0.4561177023545035,0.4217719942743909,0.21317182720771832,0.3126492734678703,0.2503552077900006,0.23956589380912086,0.24682218315381535,0.2608389802004031,0.023149187235058287,0.02163926556425979,0.01956519066532662,0.046675818587766246,0.06560667827187586,0.04118117634115519,0.0378471827547312,0.036596735137976864,0.032563379231623044,0.70869356,0.6671458,0.7233959,0.7962786,0.7410569,0.64870495,0.6144533,0.6591573,2026-10-05T17:39:46.129677
