epoch,train_eval_mode_acc,train_shuffled_message_acc,train_loss,train_acc,train_combined_loss,train_realised_survival,train_unmixed_survival,train_logit_margin,train_logit_prior_share,train_logit_spread,train_logit_scale,train_sampling_tau,train_pool_effective_examples,train_pool_score_norm,train_pool_score_sd,train_prototyper_mix_share,train_prototyper_within_share,train_referent_spread,train_referent_spread_backbone,train_polarity_separation,train_score_scale,train_score_bias,train_bilinear_weight_norm,train_clip_sender_vision,train_clip_sender_adapter,train_clip_sender_prototyper,train_clip_sender_language_model,train_clip_receiver_vision,train_clip_receiver_adapter,train_clip_receiver_token_embedding,train_clip_receiver_language_model,train_clip_receiver_discriminator,train_clip_log_score_scale,train_clip_log_logit_scale,train_clip_other,train_weight_sender_vision,train_weight_sender_adapter,train_weight_sender_prototyper,train_weight_sender_language_model,train_weight_receiver_vision,train_weight_receiver_adapter,train_weight_receiver_token_embedding,train_weight_receiver_language_model,train_weight_receiver_discriminator,train_weight_log_score_scale,train_weight_log_logit_scale,train_weight_other,train_drift_sender_vision,train_drift_sender_adapter,train_drift_sender_prototyper,train_drift_sender_language_model,train_drift_receiver_vision,train_drift_receiver_adapter,train_drift_receiver_token_embedding,train_drift_receiver_language_model,train_drift_receiver_discriminator,train_drift_log_score_scale,train_drift_log_logit_scale,train_drift_other,train_unique_message_fraction,train_unique_message_count,train_acc_md_and_color_color,train_acc_md_or_color_color,train_acc_md_color,train_acc_md_shape,train_acc_md_and_shape_shape,train_acc_md_and_color_shape,train_acc_md_or_shape_shape,train_acc_md_or_color_shape,test_shuffled_message_acc,test_loss,test_acc,test_combined_loss,test_unique_message_fraction,test_unique_message_count,test_topsim_s1,test_topsim_s2,test_topsim_s3,test_topsim_s4,test_topsim_s5,test_topsim_s6,test_topsim_s1_static,test_topsim_s2_static,test_topsim_s3_static,test_topsim_gt_s1,test_topsim_gt_s2,test_topsim_gt_s3,test_topsim_gt_s4,test_topsim_gt_s5,test_topsim_gt_s6,test_topsim_gt_s1_static,test_topsim_gt_s2_static,test_topsim_gt_s3_static,test_acc_md_and_color_color,test_acc_md_or_color_color,test_acc_md_color,test_acc_md_shape,test_acc_md_and_shape_shape,test_acc_md_and_color_shape,test_acc_md_or_shape_shape,test_acc_md_or_color_shape,test_same_shuffled_message_acc,test_same_loss,test_same_acc,test_same_combined_loss,test_same_unique_message_fraction,test_same_unique_message_count,test_same_topsim_s1,test_same_topsim_s2,test_same_topsim_s3,test_same_topsim_s4,test_same_topsim_s5,test_same_topsim_s6,test_same_topsim_s1_static,test_same_topsim_s2_static,test_same_topsim_s3_static,test_same_topsim_gt_s1,test_same_topsim_gt_s2,test_same_topsim_gt_s3,test_same_topsim_gt_s4,test_same_topsim_gt_s5,test_same_topsim_gt_s6,test_same_topsim_gt_s1_static,test_same_topsim_gt_s2_static,test_same_topsim_gt_s3_static,test_same_acc_md_and_color_color,test_same_acc_md_or_color_color,test_same_acc_md_color,test_same_acc_md_shape,test_same_acc_md_and_shape_shape,test_same_acc_md_and_color_shape,test_same_acc_md_or_shape_shape,test_same_acc_md_or_color_shape,test_avg_shuffled_message_acc,test_avg_loss,test_avg_acc,test_avg_combined_loss,test_avg_unique_message_fraction,test_avg_unique_message_count,test_avg_topsim_s1,test_avg_topsim_s2,test_avg_topsim_s3,test_avg_topsim_s4,test_avg_topsim_s5,test_avg_topsim_s6,test_avg_topsim_s1_static,test_avg_topsim_s2_static,test_avg_topsim_s3_static,test_avg_topsim_gt_s1,test_avg_topsim_gt_s2,test_avg_topsim_gt_s3,test_avg_topsim_gt_s4,test_avg_topsim_gt_s5,test_avg_topsim_gt_s6,test_avg_topsim_gt_s1_static,test_avg_topsim_gt_s2_static,test_avg_topsim_gt_s3_static,test_avg_acc_md_and_color_color,test_avg_acc_md_or_color_color,test_avg_acc_md_color,test_avg_acc_md_shape,test_avg_acc_md_and_shape_shape,test_avg_acc_md_and_color_shape,test_avg_acc_md_or_shape_shape,test_avg_acc_md_or_color_shape,timestamp
0,0.5062873363494873,0.5035572648048401,1.014210759449005,0.5058552026748657,1.014210759449005,0.2879115251541138,0.3119651773929596,0.7763802070140838,0.951063677740097,1.0030039976119995,0.9975958408355713,1.0,10.0,,,,,0.1981204095363617,0.1981204095363617,,,,18.44903056640625,0.005810287206954245,0.0100022999686189,,0.08277805875037696,0.3100518614623197,0.6232861711341104,0.009237373456845333,0.49452190143857033,0.8306941350174558,,0.008132445439010426,,77.30904237783639,19.550375762259126,,103.8876247527493,77.22918302693944,26.137881588783994,95.2164786757937,39.0635965432331,18.44902449200867,,0.0027037395940302756,,0.005884081809662852,0.01407955698431677,,0.008868196268067665,0.004055105340681899,0.02245703285299004,0.0004916413388067447,0.033070456509472455,0.026609014746418615,,,,0.7966,15932.0,0.48907378,0.5145389,0.5205626,0.5168444,0.50819707,0.49806064,0.49388418,0.50511205,0.5009499788284302,0.9519371829032898,0.5737000107765198,0.9519371829032898,0.002,2.0,0.43142440743689375,0.4301519132115839,0.4302497818248154,0.31932678492411015,0.31932678492411015,0.31932678492411015,0.31932678492411015,0.31932678492411015,0.31932678492411015,0.007612113026868583,0.007465632645556213,0.007545248822353279,-0.0005515467344444558,-0.0005515467344444558,-0.0005515467344444558,-0.0005515467344444558,-0.0005515467344444558,-0.0005515467344444558,0.62600005,0.60136366,0.65736437,0.5115132,0.5361789,0.5519685,0.5929134,0.5382576,0.5019500255584717,1.028972339630127,0.5400499701499939,1.028972339630127,0.002,2.0,0.3671217313666183,0.36583867784385543,0.36587748842337847,0.2801884457406673,0.2801884457406673,0.2801884457406673,0.2801884457406673,0.2801884457406673,0.2801884457406673,-0.008632101165442083,-0.008704724941671241,-0.008685347075211356,-0.009459812324455984,-0.009459812324455984,-0.009459812324455984,-0.009459812324455984,-0.009459812324455984,-0.009459812324455984,0.5173387,0.5477478,0.6029197,0.55992365,0.52073175,0.51929826,0.52276427,0.5226277,0.5014500021934509,0.9904547612667083,0.5568749904632568,0.9904547612667083,0.002,2.0,0.399273069401756,0.3979952955277197,0.3980636351240969,0.29975761533238876,0.29975761533238876,0.29975761533238876,0.29975761533238876,0.29975761533238876,0.29975761533238876,-0.0005099940692867501,-0.0006195461480575141,-0.0005700491264290382,-0.0050056795294502205,-0.0050056795294502205,-0.0050056795294502205,-0.0050056795294502205,-0.0050056795294502205,-0.0050056795294502205,0.57166934,0.57455575,0.63014203,0.53571844,0.5284553,0.5356334,0.5578388,0.53044266,2026-10-04T14:54:51.014059
1,0.5725876092910767,0.5007225871086121,0.9057359387397766,0.5713701844215393,0.9057359387397766,0.5927265222072602,0.65064849858284,2.051009767150879,0.4930011924266815,1.3005175844192505,1.0676895835876465,1.0,10.0,,,,,0.48436668515205383,0.48436668515205383,,,,18.419316296386718,0.14838358978177332,0.031997743489778345,,0.10310627109590609,0.40449808680327837,0.43473595983473357,0.0030446029850281775,0.14483878203922776,1.0888523263916088,,0.010381523680659664,,77.27408677605307,19.54600776380794,,103.89784901612883,77.19237693252077,26.116209455356476,95.2158969466094,39.10459627771074,18.419287663356513,,0.06500243767799371,,0.020940331611663674,0.04397974393455086,,0.02329055438185953,0.009398097489741008,0.039151755677666635,0.0006431572196358566,0.07647993854561429,0.0441718540468793,,,,0.44145,8829.0,0.5700682,0.5709424,0.6753764,0.5501185,0.53642917,0.56941414,0.5329081,0.56531566,0.5050999522209167,0.8624859232902526,0.6011499762535095,0.8624859232902526,0.012,12.0,0.48853026027851054,0.48944806408986863,0.48861096988311764,0.4540680637427067,0.4412697230590332,0.4524776917845025,0.45498060443275795,0.454092592738448,0.45157134628405327,-0.00508111963295384,-0.004127750982660646,-0.006081582933879958,-0.006378186831427798,-0.011856881377022059,-0.005921252795757875,-0.005781780591176063,-0.004086633127263568,-0.006461161927053105,0.674,0.7236363,0.66782945,0.52039474,0.53292686,0.6102362,0.5299213,0.5950758,0.5031999945640564,0.863716067314148,0.5944000482559204,0.863716067314148,0.013,13.0,0.4545266396822191,0.45362716345977994,0.4572196701085908,0.4153384831210505,0.40566797579573294,0.4129200887610793,0.41611945551413326,0.4174337412106999,0.4109612242377016,0.011071259540314184,0.009098601329401872,0.00550136027480063,0.007825725325467386,0.015378237342262997,0.0021170014930475627,0.009276164744938946,0.0065036136672143195,0.0009743629548725267,0.63750005,0.6040541,0.7489051,0.5332061,0.51829267,0.5881579,0.54227644,0.5718978,0.5041499733924866,0.8631009953022003,0.597775012254715,0.8631009953022003,0.0125,12.5,0.4715284499803648,0.4715376137748243,0.47291531999585423,0.4347032734318786,0.42346884942738305,0.43269889027279085,0.4355500299734456,0.43576316697457396,0.4312662852608774,0.002995069953680172,0.002485425173370613,-0.00029011132953966423,0.0007237692470197939,0.001760677982620469,-0.001902125651355156,0.0017471920768814412,0.0012084902699753758,-0.002743399486090289,0.65575004,0.6638452,0.7083673,0.5268004,0.52560973,0.59919703,0.53609884,0.5834868,2026-10-04T14:58:52.164654
2,0.5956273674964905,0.5001673102378845,0.8560087961196899,0.5944050550460815,0.8560087961196899,0.6590771174430847,0.7243713752746582,2.2909702054977417,0.3541103708028793,1.4904861820220947,1.1749584756851197,1.0,10.0,,,,,0.4037505974292755,0.4037505974292755,,,,18.38437844238281,0.22936045395056154,0.04968641583873018,,0.1214304105586307,0.5383161934697704,0.4815081599506603,0.0021608484060663706,0.09655594522026693,1.6167576218106945,,0.007346226410364886,,77.24142319989052,19.528900790366396,,103.89796472051341,77.15611072710365,26.09426160678742,95.21507797727159,39.164611694919074,18.384351414480026,,0.160880290920947,,0.025597515925290477,0.061005997358803535,,0.029106910405739858,0.015244116419392406,0.0509825284788563,0.0007475701507008902,0.10943768453446164,0.049876013972387195,,,,0.36595,7319.0,0.6468124,0.6324809,0.7333201,0.537658,0.518419,0.5912727,0.52152693,0.57429737,0.503350019454956,0.8796848554611206,0.5801499485969543,0.8796848554611206,0.022,22.0,0.43191261522399726,0.43637093635330965,0.4357580943408247,0.4020516168227739,0.38963538804086806,0.3906252100820611,0.4179205046227805,0.4183414137011088,0.4184200969433126,0.02176706213893074,0.021450945788653798,0.022276304558030622,0.016038927622699695,0.01567894239245086,0.01874467838653551,0.019667772723410432,0.020048272984188976,0.021121180110706034,0.671,0.7,0.59302324,0.51217103,0.52276427,0.6011811,0.4925197,0.594697,0.511900007724762,0.8318715372085571,0.6104999780654907,0.8318715372085571,0.026,26.0,0.44405050672947216,0.45419620045959136,0.4479584083554784,0.3898959176705157,0.4035545450104491,0.37596860992401804,0.4234875023408036,0.4257493216156886,0.42135077181802016,0.012968540715303891,0.009971751993277194,0.011338877757282841,0.014574609394830258,0.006788303629885026,0.009363475446629356,0.01254857029601503,0.010771050283979452,0.01058111839593248,0.68669355,0.6626126,0.8025548,0.509542,0.50853664,0.5894737,0.52276427,0.59160584,0.507625013589859,0.8557781963348389,0.5953249633312225,0.8557781963348389,0.024,24.0,0.4379815609767347,0.4452835684064505,0.44185825134815154,0.3959737672466448,0.39659496652565857,0.38329691000303956,0.42070400348179204,0.42204536765839873,0.4198854343806664,0.017367801427117316,0.015711348890965496,0.01680759115765673,0.015306768508764976,0.011233623011167943,0.014054076916582434,0.01610817150971273,0.015409661634084214,0.015851149253319256,0.6788468,0.6813063,0.697789,0.5108565,0.51565045,0.5953274,0.507642,0.59315145,2026-10-04T15:02:53.214872
3,0.6009553074836731,0.5042623281478882,0.8353128719329834,0.6005773544311523,0.8353128719329834,0.7027118515014649,0.7728544138908386,2.3853861330032347,0.28083987414836886,2.015031678771973,1.2804129312515258,1.0,10.0,,,,,0.43876062488555906,0.43876062488555906,,,,18.352576837158203,0.37929391123022244,0.05854820971418718,,0.11897410982685863,0.5230364788110089,0.457100560283585,0.001839209158510373,0.07918050581482565,2.0711992500693936,,0.005919732792958451,,77.20635456644047,19.511073373685218,,103.8983231076769,77.11875346967369,26.07007370481066,95.21470331082678,39.189701396188916,18.352552559725037,,0.2470285295491006,,0.02947617236785828,0.07545999603666317,,0.03417183999802656,0.01932482796299989,0.060057043791956206,0.0008544422004662549,0.12773460320606353,0.05393919218212936,,,,0.31745,6349.0,0.6601043,0.6434958,0.7317552,0.53844786,0.52552575,0.59745455,0.5254759,0.5830957,0.5024499893188477,0.8799680638313293,0.5809999704360962,0.8799680638313293,0.026,26.0,0.47224006356802084,0.4734573076130296,0.47582380194633067,0.44700196826244937,0.44861825438227076,0.44862621575213946,0.453501955011068,0.4566928292153732,0.456327018623406,0.049621342567253465,0.05035561849802961,0.049796549515876365,0.05423437711853172,0.05346485489980369,0.054547542128227405,0.045916408618945935,0.04563397590985958,0.04608779201051537,0.6625,0.69772726,0.6062016,0.5046053,0.5081301,0.5933071,0.5125984,0.607197,0.49924999475479126,0.835437527179718,0.6093000769615173,0.835437527179718,0.027,27.0,0.4475768442758628,0.4532718554373328,0.4476572566590879,0.40408734045194644,0.3932606445219078,0.3806375106670573,0.4205759844722941,0.41881198280451565,0.41566579471550397,0.006716612451434226,0.00308965196649429,0.00395465647101724,0.007469166188867954,0.0016236320909068444,0.0037434304560215272,0.008613700934222753,0.006067118071296769,0.0040948046481984164,0.68104845,0.66171175,0.7908759,0.5301527,0.50569105,0.57543856,0.51951224,0.5978102,0.5008499920368195,0.8577027955055236,0.5951500236988068,0.8577027955055236,0.0265,26.5,0.4599084539219418,0.46336458152518123,0.46174052930270926,0.4255446543571979,0.4209394494520893,0.4146318632095984,0.43703896974168105,0.4377524060099444,0.435996406669455,0.028168977509343846,0.02672263523226195,0.026875602993446802,0.030851771653699837,0.027544243495355267,0.029145486292124465,0.027265054776584342,0.025850546990578174,0.025091298329356894,0.67177427,0.6797195,0.6985388,0.517379,0.50691056,0.5843728,0.51605535,0.6025036,2026-10-04T15:06:54.717175
4,0.6013172268867493,0.5004674196243286,0.827600311756134,0.6009700894355774,0.827600311756134,0.7209293521881104,0.7930960806846619,2.271230809211731,0.30558431861400603,2.27256475353241,1.3655005668640137,1.0,10.0,,,,,0.4002840847492218,0.4002840847492218,,,,18.32081061706543,0.4461720350441659,0.07126281066400231,,0.13144811066045503,0.573650569767709,0.36714870093544577,0.0016463038576084669,0.06408079386137094,1.7385295293513376,,0.005132464564644145,,77.17234340594833,19.48984531232506,,103.8970497763081,77.08114424784472,26.04509541942815,95.21455796357174,39.16742613968576,18.320788146583897,,0.31142342792954414,,0.03199386390246403,0.08389851697690927,,0.03827089216014382,0.02193108191535731,0.06776185618464355,0.0009286088055551385,0.13516228717223855,0.05665117108328327,,,,0.2797,5594.0,0.66234964,0.6411196,0.7464144,0.53469586,0.52198213,0.59375757,0.5238761,0.5842566,0.4987500011920929,0.8638484382629394,0.5797999501228333,0.8638484382629394,0.047,47.0,0.43880151115562344,0.42870812089014837,0.43119115290530585,0.4206724263084453,0.3792044789953116,0.41252528628489127,0.4354543208732766,0.4288664344334307,0.4211239847766072,0.03852066860006117,0.04082155813096482,0.03442426022399488,0.041527956971892585,0.06071724811424048,0.045740099922682555,0.02052448473216131,0.026515367155047632,0.01855303361651701,0.66400003,0.70454544,0.5790698,0.51743424,0.5239838,0.592126,0.51692915,0.58522725,0.4981500208377838,0.8069966979026795,0.6089500188827515,0.8069966979026795,0.052,52.0,0.5009829360918814,0.4898722702470902,0.48997591957371706,0.4889447664458807,0.47798184383122494,0.46644061396815745,0.45660702208449655,0.45568212518460743,0.4357333747407087,0.020554317299381057,0.020644052840500273,0.01656262819508959,0.027024658146265722,0.04955746045942531,0.02735278520346415,0.0186974918627274,0.018590366345269796,0.014277355037903844,0.6850807,0.6594595,0.80839413,0.51450384,0.51056916,0.5767544,0.51544714,0.5890511,0.49845001101493835,0.8354225680828095,0.5943749845027924,0.8354225680828095,0.0495,49.5,0.4698922236237524,0.4592901955686193,0.4605835362395114,0.454808596377163,0.4285931614132683,0.4394829501265244,0.4460306714788866,0.44227427980901907,0.42842867975865795,0.029537492949721113,0.030732805485732546,0.025493444209542235,0.03427630755907915,0.05513735428683289,0.03654644256307335,0.019610988297444357,0.022552866750158714,0.016415194327210426,0.6745404,0.6820024,0.69373196,0.51596904,0.51727647,0.58444023,0.51618814,0.5871392,2026-10-04T15:10:55.286615
5,0.6027098894119263,0.4999425709247589,0.8216599690437317,0.6026174426078796,0.8216599690437317,0.7039061606407165,0.7741814272880554,2.0253701587677,0.24821336941719055,2.6071584121704103,1.4480163728713988,1.0,10.0,,,,,0.3902921917915344,0.3902921917915344,,,,18.290491519165037,0.4746473348776626,0.06902293478892108,,0.1163448717468863,0.6089241077565843,0.4041128503099369,0.0015025571374976,0.05809709358557015,2.1880116092551285,,0.003599639167448589,,77.13783351630921,19.47518061984117,,103.9006577995932,77.04322188067589,26.01676929984123,95.21397186084917,39.15727357803636,18.290467827183427,,0.37012230666579715,,0.0336009650520838,0.09614902170030934,,0.04310720036648641,0.024185559753874306,0.07372507301105816,0.0010089421519493553,0.1440147692990151,0.059207584092002004,,,,0.2926,5852.0,0.66351247,0.64045507,0.75437796,0.53718406,0.5270249,0.59442425,0.5264075,0.57792264,0.49644994735717773,0.8570621838569641,0.591450035572052,0.8570621838569641,0.047,47.0,0.4486146233869533,0.44139894661901347,0.4466712532745035,0.4733765493717941,0.40197504456488786,0.45797188296471125,0.4423868968991516,0.4354141554096662,0.43683634306494723,0.03003543745147204,0.029558858081234818,0.027703492832756377,0.03185283529319929,0.042338841686280236,0.034861239198495764,0.030458374123931656,0.03206983608407189,0.029077505565683188,0.6635,0.71636367,0.6344961,0.51184213,0.51951224,0.60787404,0.5055118,0.6162879,0.4986000061035156,0.8165019755363464,0.6123499870300293,0.8165019755363464,0.046,46.0,0.4425385922730254,0.4473835437340254,0.4432041551304868,0.4118533583760541,0.39896185398396994,0.38579217486145767,0.420740543147472,0.42011386335174195,0.41714400494099657,0.012074609026041974,0.009431402689922902,0.007685491899456066,0.02493922055836564,0.022160101113117434,0.021824313849128037,0.0038019157656059566,0.002616402928319765,-0.0008331034618419641,0.6907258,0.67297304,0.79963505,0.51450384,0.50691056,0.5916667,0.51585364,0.5970803,0.4975249767303467,0.8367820796966552,0.6019000113010406,0.8367820796966552,0.0465,46.5,0.4455766078299893,0.4443912451765194,0.4449377042024951,0.4426149538739241,0.40046844927442893,0.42188202891308446,0.4315637200233118,0.4277640093807041,0.4269901740029719,0.021055023238757006,0.01949513038557886,0.01769449236610622,0.028396027925782462,0.03224947139969883,0.0283427765238119,0.017130144944768805,0.01734311950619583,0.014122201051920611,0.67711294,0.69466835,0.7170656,0.513173,0.51321137,0.59977037,0.5106827,0.6066841,2026-10-04T15:14:56.383259
6,0.6033024787902832,0.5013874769210815,0.8162488370895385,0.6031851768493652,0.8162488370895385,0.7189524715423584,0.7908995464324952,2.019630027961731,0.2751795922279358,2.622155974197388,1.529433756828308,1.0,10.0,,,,,0.37762177577018735,0.37762177577018735,,,,18.261139154052735,0.4612490075883592,0.07119967640158098,,0.1108024102416198,0.6062388616572519,0.33498907563792674,0.001477046026610977,0.05390303842960649,2.1307751748971877,,0.003662215394600425,,77.10312132622785,19.454827606298362,,103.89987673425371,77.00483538390725,25.987700662795145,95.21325085876853,39.15028918320966,18.2611166352679,,0.42480410701909643,,0.03522123726215332,0.1031450795804619,,0.04627537523295469,0.026080099355642962,0.0794336449378615,0.0010929333318950264,0.15299157399660462,0.06179862196563156,,,,0.26995,5399.0,0.66794306,0.64504635,0.75172347,0.52873224,0.5235397,0.60006064,0.5191576,0.59010184,0.500950038433075,0.8631976675987244,0.5779500007629395,0.8631976675987244,0.044,44.0,0.3641939253902464,0.3573358836051383,0.3691107781099316,0.34988041889757693,0.2873456045727708,0.32844822236826515,0.3672353071275358,0.365439974218482,0.3745412701860808,-0.004126721596954988,-0.0023805252604720568,-0.0030030099941187943,-0.013093445984975001,0.004106416240428769,0.0036989731983857973,-0.015047682491587605,-0.012112905811517196,-0.013659386643640702,0.6465,0.6727273,0.59147286,0.50986844,0.5130082,0.58740157,0.5283464,0.61136365,0.4934000074863434,0.7978556356430053,0.6143499612808228,0.7978556356430053,0.046,46.0,0.43853219715420494,0.4348437504997722,0.43842916949829225,0.4131346607066844,0.3955476648677262,0.38928050142091575,0.4105834703773469,0.40848054404580225,0.408789995261618,0.020400375191764016,0.015661694656403366,0.016723140226097197,0.03265461871132718,0.03006356110054301,0.033275510140845406,0.016307135587992558,0.01357526021026459,0.00994238689609694,0.6697581,0.67252254,0.80839413,0.53244275,0.5097561,0.6013158,0.5239838,0.58722633,0.49717502295970917,0.8305266516208649,0.5961499810218811,0.8305266516208649,0.045,45.0,0.40136306127222565,0.3960898170524553,0.40376997380411195,0.3815075398021307,0.3414466347202485,0.3588643618945905,0.38890938875244135,0.38696025913214216,0.3916656327238494,0.008136826797404514,0.006640584697965655,0.006860065115989201,0.00978058636317609,0.01708498867048589,0.0184872416696156,0.0006297265482024762,0.0007311771993736968,-0.0018584998737718808,0.65812904,0.67262495,0.6999335,0.5211556,0.5113821,0.5943587,0.5261651,0.599295,2026-10-04T15:18:57.476423
7,0.60188227891922,0.5005574822425842,0.8163542984008789,0.6014798879623413,0.8163542984008789,0.7263678395271301,0.7991388465881347,2.023098857116699,0.19771931705474854,2.600104830169678,1.605174778175354,1.0,10.0,,,,,0.36897885999679564,0.36897885999679564,,,,18.232824053955078,0.5432286941606528,0.08464697934093939,,0.12302855492990677,0.6596635232685478,0.3729708445062683,0.0014093773347580699,0.047766900413734895,2.2218302702827817,,0.004038144140203994,,77.06868083006258,19.433171011080407,,103.89979592098553,76.9667672807244,25.9569009428571,95.21163896694304,39.135383581659596,18.2328000888703,,0.47318025664159447,,0.03683213388938813,0.10840734516739085,,0.04954638097221684,0.02762660059105059,0.08461378263250278,0.0011864876586670993,0.16032427672747593,0.06471424957939015,,,,0.27505,5501.0,0.6531476,0.63916636,0.74827653,0.53983015,0.5269471,0.59117174,0.5299919,0.5837882,0.4968000054359436,0.85145569896698,0.5784499645233154,0.85145569896698,0.043,43.0,0.3754879759637642,0.3681303096384194,0.38180471317945613,0.35286057937478693,0.35190184032634375,0.3766419093920951,0.39577505829916193,0.3930270144498902,0.38869398304914493,0.015691075559925844,0.015217490934991114,0.014997286819786093,0.03881806244412519,0.04365655023382738,0.034614967577619,0.007366154029753864,0.00851248697519055,0.010226267979818404,0.6625,0.69818187,0.58062017,0.51217103,0.51829267,0.596063,0.5114173,0.592803,0.4916499853134155,0.7927853002548217,0.6119000315666199,0.7927853002548217,0.05,50.0,0.3987967812323542,0.4001507505792602,0.4083021458316722,0.384827070326976,0.387221490615478,0.38698011360918844,0.42938725097916625,0.4278661675137865,0.42692727989286783,0.03537267402036488,0.031577496625459334,0.030782358429393197,0.05545264526468587,0.053797193893237755,0.054417416806501584,0.02983331350168277,0.02612467875643504,0.022370829621662477,0.68709683,0.66531533,0.8076642,0.5164122,0.5101626,0.59605265,0.5166667,0.5861314,0.49422499537467957,0.8221204996109008,0.5951749980449677,0.8221204996109008,0.0465,46.5,0.3871423785980592,0.3841405301088398,0.39505342950556416,0.36884382485088146,0.36956166547091085,0.3818110115006418,0.4125811546391641,0.41044659098183833,0.4078106314710064,0.025531874790145362,0.023397493780225223,0.022889822624589645,0.04713535385440553,0.04872687206353257,0.044516192192060294,0.018599733765718315,0.017318582865812795,0.016298548800740442,0.6747984,0.6817486,0.6941422,0.51429164,0.5142276,0.59605783,0.514042,0.58946717,2026-10-04T15:22:58.639602
8,0.6040099263191223,0.4984850585460663,0.8101860439300537,0.6042203307151794,0.8101860439300537,0.7400974922180176,0.8143940127372742,1.9650379928588868,0.21842740745544434,2.6968443408966065,1.6669583963394166,1.0,10.0,,,,,0.36738684067726135,0.36738684067726135,,,,18.204318521118164,0.43856373315404173,0.07834602643255216,,0.12155005500717148,0.716173932051203,0.3456844396082459,0.001360380369576679,0.04490780142272354,2.250949398727174,,0.003193211350141384,,77.03371079560299,19.41176701199477,,103.90248263413739,76.92845513410629,25.927089047280088,95.20895011561691,39.114295959472656,18.20429867543992,,0.5109766146559624,,0.0381343511828951,0.113394268996017,,0.05292154725190181,0.02925965242135297,0.08901823435429555,0.0013156239466836593,0.16634103257185334,0.06689141795134089,,,,0.23995,4799.0,0.67006814,0.6408578,0.7495642,0.5293641,0.5247663,0.60632324,0.5198866,0.5938493,0.5058500170707703,0.8544496169090271,0.5832000374794006,0.8544496169090271,0.043,43.0,0.4258981650237196,0.42759642921564267,0.4314383690648153,0.38661741388193416,0.3823753608011846,0.3852456363594432,0.4088629645402815,0.40654399915055134,0.41660312197017,0.037641995140271674,0.03871667566333458,0.038602499100257905,0.02140289323485641,0.026519596806022366,0.03086353232094386,0.025555801488933695,0.026479785832278117,0.030455680384050665,0.665,0.7113636,0.5895349,0.5085527,0.5170732,0.59960634,0.5106299,0.6098485,0.5105000138282776,0.7999915099143982,0.6109499931335449,0.7999915099143982,0.05,50.0,0.43887609785325155,0.42962496354157476,0.43974923715371794,0.44318534470855103,0.4152345450261054,0.4384368869985852,0.41637855369599885,0.4128833374171275,0.4019041678161338,0.013867668903338919,0.011519491082647819,0.011157171480564937,0.03203548428547837,0.03061372239635966,0.029862057410973395,0.011286182768729187,0.009192236727308234,0.00571456891532163,0.68709683,0.6576577,0.8032847,0.5125954,0.5101626,0.5732456,0.5203252,0.6091241,0.5081750154495239,0.8272205634117127,0.5970750153064728,0.8272205634117127,0.0465,46.5,0.43238713143848556,0.4286106963786087,0.43559380310926665,0.4149013792952426,0.39880495291364504,0.4118412616790142,0.41262075911814017,0.4097136682838394,0.4092536448931519,0.025754832021805295,0.0251180833729912,0.02487983529041142,0.026719188760167392,0.028566659601191015,0.03036279486595863,0.018420992128831443,0.017836011279793174,0.018085124649686146,0.6760484,0.68451065,0.6964098,0.51057404,0.5136179,0.58642596,0.51547754,0.60948634,2026-10-04T15:27:00.085933
9,0.6036068797111511,0.49944984912872314,0.8100078020095826,0.6033849716186523,0.8100078020095826,0.744360010433197,0.8191301423072815,1.9064499780654907,0.17361675419807435,3.0021519439697264,1.7299065519332886,1.0,10.0,,,,,0.4090518887519836,0.4090518887519836,,,,18.176702255249022,0.4323548657617941,0.09478446643111432,,0.1186108146408561,0.7887374477781308,0.3525492900590988,0.0012142793358834519,0.03966569045119604,2.2918925585260816,,0.0030374060400500656,,76.99591253973117,19.39139822941677,,103.90374104688122,76.89050827512315,25.897444925490458,95.20641064492001,39.10822971611266,18.176680546657295,,0.5480267709227884,,0.03903044333123857,0.11939010251859192,,0.05584640831799264,0.03050471010623844,0.09392818424162591,0.0013832049199623193,0.17429266291059506,0.06981125374318688,,,,0.2345,4690.0,0.6794507,0.64522755,0.7518225,0.5202804,0.5199767,0.6064849,0.51399356,0.5909165,0.4980500042438507,0.8612161860466003,0.5923500657081604,0.8612161860466003,0.036,36.0,0.4271629697509496,0.42220128746909874,0.4296158931970241,0.43227770546500116,0.4171084973109896,0.4265705222389917,0.4300397591456544,0.4277693427890317,0.42475041897347265,0.06114025407395652,0.06142659623618595,0.05900041249343635,0.046392490352859375,0.04383395982019287,0.05008681996974155,0.025183320004499982,0.024782417348073935,0.02535033068908961,0.688,0.7277273,0.6554264,0.49605265,0.5093496,0.6090551,0.4968504,0.6094697,0.4959999918937683,0.8196972517967224,0.6104000806808472,0.8196972517967224,0.039,39.0,0.39435456830397586,0.39044355822996196,0.40183950158063664,0.4268461776328619,0.39766696049774125,0.4059006769043105,0.38426198116965227,0.3793889736515457,0.37804630356544244,0.02635837481680862,0.022160455343678023,0.022331525068077347,0.04630426266832621,0.03753989848305471,0.04469114211951676,0.02174932709349444,0.020541449502432713,0.01591134201784655,0.6979839,0.6558559,0.8032847,0.50763357,0.5093496,0.59210527,0.50609756,0.59927005,0.4970249980688095,0.8404567189216614,0.6013750731945038,0.8404567189216614,0.0375,37.5,0.4107587690274627,0.40632242284953035,0.41572769738883036,0.42956194154893157,0.4073877289043654,0.4162355995716511,0.40715087015765333,0.4035791582202887,0.40139836126945755,0.04374931444538257,0.041793525789931986,0.040665968780756845,0.046348376510592794,0.040686929151623794,0.04738898104462916,0.023466323548997213,0.022661933425253324,0.02063083635346808,0.692992,0.6917916,0.7293556,0.5018431,0.5093496,0.6005802,0.50147396,0.6043699,2026-10-04T15:31:01.816189
10,0.6052919626235962,0.5009251832962036,0.8098210356712341,0.605155348777771,0.8098210356712341,0.7563547368049621,0.8324576146125794,1.93606905670166,0.1746008151769638,2.9400580505371092,1.7972947561264039,1.0,10.0,,,,,0.4079619728565216,0.4079619728565216,,,,18.148965280151366,0.3051566206968751,0.05915706120520403,,0.0893980505917767,0.749155592766537,0.38728957020553056,0.0010719503182250484,0.037468128214786005,2.5544772909325397,,0.002985852989064126,,76.96123047846898,19.366596063990503,,103.90301440779571,76.85251772935223,25.867050462467656,95.20643115195499,39.07790894720964,18.148941319459563,,0.5862264173805334,,0.04055721372081216,0.12202673115927702,,0.058430768454530435,0.031716470660013,0.09889074903764543,0.0014915032205498142,0.17851165136334243,0.07258051083346082,,,,0.2164,4328.0,0.6785886,0.64685863,0.75416005,0.5258886,0.51802963,0.6050101,0.5170109,0.59686357,0.4928000271320343,0.8384872250556946,0.5921999216079712,0.8384872250556946,0.044,44.0,0.35599662305505436,0.35435197018789033,0.3626334266634393,0.37224655514928634,0.38857750558904447,0.37132445461360075,0.34965767198042336,0.34058382652422287,0.3015093309609955,0.0691885975752704,0.0682832706081748,0.06488136148777901,0.07988321852780507,0.07406778078667256,0.080567721626628,0.0490101151719494,0.043848915819685724,0.05162943943210555,0.688,0.7318182,0.65891474,0.49868423,0.5093496,0.6129921,0.4940945,0.59734845,0.4982500374317169,0.8011826300621032,0.6063501238822937,0.8011826300621032,0.041,41.0,0.4175807840066797,0.41543406554008355,0.42188398572203967,0.44110911877101167,0.42733442687094025,0.4393962852364649,0.3852920184174293,0.3826889387742563,0.3581626340536724,0.01899499655952284,0.014578287737456347,0.016127012951651115,0.03910675079507519,0.02928701478285922,0.03816928153427348,0.012625636464494619,0.01116263045199836,0.009384392034388941,0.69274193,0.65675676,0.8029197,0.4946565,0.496748,0.5956141,0.50609756,0.59489053,0.4955250322818756,0.819834927558899,0.5992750227451324,0.819834927558899,0.042499999999999996,42.5,0.38678870353086703,0.38489301786398694,0.3922587061927395,0.40667783696014903,0.40795596622999236,0.4053603699250328,0.36747484519892637,0.3616363826492396,0.3298359825073339,0.044091797067396625,0.04143077917281557,0.04050418721971506,0.059494984661440126,0.05167739778476589,0.05936850158045073,0.03081787581822201,0.027505773135842043,0.030506915733247247,0.690371,0.6942875,0.7309172,0.49667037,0.5030488,0.6043031,0.500096,0.5961195,2026-10-04T15:35:02.949017
11,0.6032775640487671,0.5004799962043762,0.8090793066978454,0.6033151149749756,0.8090793066978454,0.768726270198822,0.8462037664413452,1.9985805698394776,0.14645336406230927,3.254043963623047,1.8633878871917724,1.0,10.0,,,,,0.4588037435054779,0.4588037435054779,,,,18.122862744140626,0.36799142061240353,0.07304072441758623,,0.10512489041871136,0.7420343373231827,0.2707231831588563,0.000973648087278744,0.03430468797280341,1.839143182441687,,0.0026779547874084646,,76.92320888057635,19.342258599153748,,103.8985005275459,76.81474989386881,25.837576447019153,95.20479651773051,39.05546907558563,18.122843869932137,,0.6224000507099613,,0.04149046139257729,0.12537911496344645,,0.0605252605572248,0.032713991916103725,0.10311748561965432,0.0015255599660846362,0.18381530758301923,0.07597377217689137,,,,0.20725,4145.0,0.683741,0.6494966,0.7478209,0.5219589,0.5087227,0.60325253,0.51925886,0.5937882,0.5070500373840332,0.8266166987419128,0.5956500172615051,0.8266166987419128,0.05,50.0,0.4316184128799952,0.429775858143724,0.43048424313104056,0.43261836561539524,0.431605766533979,0.41977493079188477,0.4661694269307252,0.4565287640998729,0.4573353343701826,0.038020834007476835,0.03739324401874756,0.03961670172423343,0.07232910278127856,0.0668829563375362,0.07143526007629275,0.031416960341496415,0.03118394435056792,0.02947809395700576,0.686,0.71727276,0.6449613,0.50986844,0.5130082,0.62125987,0.49724412,0.62348485,0.49475008249282837,0.7868069667816162,0.6132500171661377,0.7868069667816162,0.046,46.0,0.35836934064327264,0.35690441952096513,0.35929017591155177,0.42818141672235344,0.4082901818238244,0.41822255292263105,0.37542164807025863,0.3698761588403322,0.3568906335442735,0.01689720941349135,0.013994460470210713,0.0126913428820491,0.045037973244526956,0.03127478758241978,0.03570890528688955,0.013171985407750284,0.011556986173182088,0.0068876012924283065,0.69435483,0.67207205,0.80912405,0.50458014,0.503252,0.60394734,0.5101626,0.59927005,0.5009000599384308,0.8067118327617645,0.6044500172138214,0.8067118327617645,0.048,48.0,0.3949938767616339,0.39334013883234453,0.3948872095212962,0.43039989116887434,0.41994797417890173,0.41899874185725794,0.4207955375004919,0.41320246147010253,0.40711298395722806,0.027459021710484092,0.025693852244479135,0.026154022303141265,0.058683538012902756,0.04907887195997799,0.05357208268159115,0.02229447287462335,0.021370465261875006,0.018182847624717034,0.69017744,0.6946724,0.7270427,0.5072243,0.5081301,0.6126036,0.50370336,0.6113775,2026-10-04T15:39:04.867033
12,0.6041451692581177,0.4992150366306305,0.8076830151557922,0.603992223739624,0.8076830151557922,0.7668837384223938,0.8441565117835998,1.8258893697738647,0.13982106105089187,3.101999352645874,1.9528064420700073,1.0,10.0,,,,,0.4602212884426117,0.4602212884426117,,,,18.097337612915037,0.5552496466382294,0.09254819702262142,,0.12134051823597046,0.7354955451124033,0.27271322996183567,0.0010105113643088088,0.034164740009957055,1.9607512463050283,,0.002623484458086217,,76.88774794074381,19.319874332209302,,103.90362451638386,76.77662838492424,25.80700402958378,95.20380455065684,39.03895197096904,18.09731646252286,,0.6691927716230891,,0.04282868582351952,0.12938318567670834,,0.06378910813931447,0.0337507644324166,0.10745147468557784,0.00158142251226529,0.18970878706995847,0.07949713370792426,,,,0.2068,4136.0,0.67131114,0.6536045,0.7528724,0.5259874,0.5183022,0.6045657,0.5120089,0.5943788,0.5012500882148743,0.8305585632324218,0.5915499925613403,0.8305585632324218,0.066,66.0,0.43869241352824634,0.4343773582760284,0.42949577194699545,0.4597330778312005,0.4316646311934692,0.4516492871182916,0.46850926454147074,0.46578793004801783,0.4490644686299708,0.06416624488591768,0.06936934904486765,0.06598179567383537,0.07236094536189347,0.07687431144539794,0.07390651223178969,0.053749862345370505,0.05793478430409096,0.05378529192188064,0.689,0.725,0.6546512,0.49967107,0.5081301,0.6106299,0.4968504,0.6011363,0.49254995584487915,0.7950390486717224,0.6094499230384827,0.7950390486717224,0.062,62.0,0.4015467926235287,0.38959671600812584,0.39522189161897237,0.4238178483328809,0.41653840225548755,0.4232675457764483,0.42014230970846805,0.3965630349540839,0.3598747006572816,0.031370439909401415,0.026646159487786824,0.028826295135177125,0.04548129107052641,0.034905594544944775,0.04725311578083673,0.024613819330665553,0.021932414988804723,0.02079006472984489,0.69395167,0.6626126,0.80802923,0.50114506,0.5065041,0.5824562,0.51056916,0.5985401,0.4969000220298767,0.8127988059520721,0.6004999577999115,0.8127988059520721,0.064,64.0,0.4201196030758875,0.41198703714207713,0.41235883178298394,0.4417754630820407,0.4241015167244784,0.43745841644736994,0.4443257871249694,0.43117548250105087,0.4044695846436262,0.04776834239765955,0.04800775426632724,0.04740404540450625,0.05892111821620994,0.055889952995171355,0.06057981400631321,0.039181840838018026,0.03993359964644784,0.037287678325862765,0.69147587,0.6938063,0.7313402,0.50040805,0.50731707,0.5965431,0.5037098,0.59983826,2026-10-04T15:43:05.873275
13,0.6068503260612488,0.5013699531555176,0.8020293947219849,0.6064926385879517,0.8020293947219849,0.7749758592605591,0.853147753238678,1.869793447303772,0.15814155459403992,3.1166936664581297,1.9933593519210815,1.0,10.0,,,,,0.424777175951004,0.424777175951004,,,,18.070040808105468,0.47395417976910903,0.08449901353010232,,0.11990083755249051,0.7266135147422742,0.30838713211238766,0.0011463292720905582,0.035118506841693715,2.055289628019758,,0.0026801069077363113,,76.85103437095691,19.2967734488712,,103.90649195385586,76.73843286599323,25.7751776822813,95.20353703589956,39.023832454802886,18.070015390967107,,0.6897977514631429,,0.04359163263231326,0.13209758490134196,,0.06650543962694277,0.0349456237000265,0.11176034646808722,0.0016609884829669717,0.19546523747170808,0.08227328880197683,,,,0.20895,4179.0,0.677486,0.6576117,0.7561014,0.53299767,0.5181075,0.60349494,0.5165249,0.59061104,0.5015499591827393,0.8367852568626404,0.5932500958442688,0.8367852568626404,0.068,68.0,0.4104556129628527,0.4093898033712588,0.41243444357942266,0.48404760593603363,0.450071173844133,0.47634624081045124,0.4824405680459875,0.4810922681753912,0.4712959602987262,0.019627414679102236,0.018968714222951818,0.018203681430486722,0.03997474388769337,0.05365001027631002,0.04600252345237767,0.024598849092532425,0.025113028379693435,0.02277815962598066,0.6725,0.7118182,0.63914734,0.5085527,0.51829267,0.6110236,0.51023626,0.619697,0.49060001969337463,0.7941213316917419,0.6144999265670776,0.7941213316917419,0.073,73.0,0.38429324400340076,0.38819390836875667,0.3903224035127436,0.405249932711193,0.4060311270855446,0.381939192452326,0.40646876966608225,0.4019942678814049,0.3862918138151828,0.02723615314292919,0.02293916936414536,0.02457926902103361,0.04562505943113379,0.03178350729030915,0.041354878839827726,0.020988182267029917,0.017911970285414587,0.016983138455350325,0.69153225,0.6756757,0.80547446,0.5114504,0.50691056,0.6052632,0.5166667,0.59489053,0.49607498943805695,0.8154532942771912,0.6038750112056732,0.8154532942771912,0.07050000000000001,70.5,0.39737442848312676,0.39879185587000776,0.4013784235460831,0.4446487693236133,0.42805115046483877,0.4291427166313886,0.4444546688560349,0.44154326802839805,0.42879388705695454,0.023431783911015712,0.020953941793548588,0.021391475225760168,0.04279990165941358,0.042716758783309584,0.0436787011461027,0.02279351567978117,0.02151249933255401,0.019880649040665492,0.68201613,0.6937469,0.7223109,0.51000154,0.5126016,0.6081434,0.51345146,0.6072937,2026-10-04T15:47:06.510882
14,0.6049449443817139,0.503632664680481,0.8030469954490662,0.6052126288414001,0.8030469954490662,0.7602949829101563,0.8368356684684753,1.7617806095123292,0.1346328381061554,3.232981750869751,1.9977000894546508,1.0,10.0,,,,,0.4438288497924805,0.4438288497924805,,,,18.042193927001954,0.6548670396137579,0.08956439432444846,,0.11927688547119403,0.754907299948346,0.24371365182528829,0.0010955240625656762,0.03281953081393697,1.8246728151467195,,0.002103206185169094,,76.81318387560025,19.274673255385867,,103.90741622827615,76.70020726683792,25.744060929413813,95.19898136406188,39.01911812071587,18.04217599759436,,0.6919761364627036,,0.044359569930157085,0.13589298260060084,,0.06861265255197598,0.036073739693802634,0.11533457273320788,0.0017148411749701971,0.2024580095034496,0.08451222538188764,,,,0.2157,4314.0,0.6661387,0.6460129,0.7556656,0.53726304,0.52017134,0.60347474,0.5267315,0.5870876,0.49504998326301575,0.8475532231330871,0.5831500291824341,0.8475532231330871,0.078,78.0,0.36603869720945525,0.3671835210277208,0.36482660957749535,0.4034639505791075,0.38375980609821714,0.37734547525525336,0.37282378382535764,0.36869643602334756,0.3556951763514435,0.03303325823413171,0.03315305200227442,0.03171270450543123,0.028371671654245936,0.03352575284876581,0.03850381437706863,0.025174213922680624,0.027687702567465985,0.025744481556989617,0.67450005,0.7086364,0.59534883,0.50427634,0.5150407,0.6043307,0.5094488,0.60227275,0.49870002269744873,0.7924684824943542,0.6111999750137329,0.7924684824943542,0.073,73.0,0.354441097557612,0.34808812865679467,0.35269850377313117,0.3923106904275985,0.39576067187044955,0.38243421292658214,0.3626829552188163,0.35308576896386157,0.33521229508784184,0.03578823696833532,0.029451937105401477,0.031198708407223417,0.05369485132145637,0.05167836456771021,0.05819739838613385,0.03608300818440509,0.031649727053512426,0.026555519130800734,0.6862903,0.6603604,0.80912405,0.51450384,0.5093496,0.5986842,0.5211382,0.58065695,0.49687500298023224,0.8200108528137207,0.5971750020980835,0.8200108528137207,0.0755,75.5,0.3602398973835336,0.35763582484225775,0.35876255667531326,0.39788732050335296,0.3897602389843333,0.37988984409091775,0.367753369522087,0.36089110249360457,0.34545373571964266,0.03441074760123351,0.03130249455383795,0.03145570645632732,0.04103326148785115,0.04260205870823801,0.04835060638160124,0.030628611053542858,0.029668714810489206,0.026150000343895176,0.6803952,0.6844984,0.7022364,0.5093901,0.5121951,0.6015074,0.5152935,0.5914649,2026-10-04T15:51:08.016996
15,0.6071698069572449,0.5021719932556152,0.8023513873100281,0.6074103116989136,0.8023513873100281,0.7582581867218018,0.8345725587844849,1.6577389333724977,0.13133272255659104,2.9810294803619386,1.9996165746688843,1.0,10.0,,,,,0.4071014585971832,0.4071014585971832,,,,18.01692201538086,0.5240501177016716,0.100002679786983,,0.12253853564215883,0.7566908909257051,0.2773504777556392,0.001056751193127233,0.03319898848036292,1.9534366983137312,,0.0020975057549357926,,76.77450648994203,19.251951557815456,,103.9104552542328,76.66230132473503,25.714540615203273,95.20002464731787,39.00709346601158,18.016896691291954,,0.6929507817432379,,0.044385100198779136,0.13866504628187531,,0.07101990462868077,0.037135406664222666,0.12043759260018161,0.0018758230062593132,0.20811217985335428,0.08826504173172507,,,,0.2218,4436.0,0.66367286,0.65149015,0.7592512,0.5403634,0.52503896,0.60167676,0.5243418,0.59419554,0.5062000751495361,0.8389671120643616,0.5882500410079956,0.8389671120643616,0.057,57.0,0.43691368998993274,0.4377848290485229,0.44121433631293094,0.42634139722732345,0.44385266329436185,0.4357829694715744,0.43190165470319364,0.4258551105315212,0.41988951224326415,0.038506468609705274,0.03624883424037009,0.03682675385776729,0.024592741256975175,0.047097286799499434,0.04561464251093535,0.044555812358799844,0.04515438684344699,0.045878088088749915,0.6785,0.7122727,0.62674415,0.50526315,0.5097561,0.60748035,0.50708663,0.607197,0.5006999969482422,0.7971235046386719,0.6091000437736511,0.7971235046386719,0.057,57.0,0.3646724712375527,0.36627044649616175,0.37002420644500866,0.39594020758296866,0.3714928478312603,0.3622404363388386,0.36208941679619333,0.3584888634526904,0.3396950233789552,0.03417274700160846,0.028671448103111452,0.029481413862684328,0.038007478728600934,0.03784960147141568,0.04083170994827437,0.0273085437137922,0.024634606033362677,0.025235725666100627,0.6854839,0.6603604,0.80802923,0.49885496,0.5097561,0.59078944,0.52154475,0.58795625,0.5034500360488892,0.8180453083515167,0.5986750423908234,0.8180453083515167,0.057,57.0,0.40079308061374275,0.4020276377723423,0.4056192713789698,0.41114080240514606,0.4076727555628111,0.3990117029052065,0.3969955357496935,0.39217198699210576,0.37979226781110964,0.03633960780565687,0.03246014117174077,0.03315408386022581,0.03130010999278805,0.04247344413545756,0.043223176229604865,0.035932178036296024,0.03489449643840484,0.03555690687742527,0.68199193,0.68631655,0.7173867,0.50205904,0.5097561,0.5991349,0.5143157,0.5975766,2026-10-04T15:55:09.004413
16,0.6051802039146423,0.49718496203422546,0.8025709508895874,0.6056497693061829,0.8025709508895874,0.757073216342926,0.8332559294700622,1.6192603776931762,0.16525623871088027,2.7740926107406616,1.9997440841674805,1.0,10.0,,,,,0.34674746809005735,0.34674746809005735,,,,17.989537088012696,0.743169055005927,0.11914711901740094,,0.13554787817915345,0.8031515365193604,0.2070591917415713,0.001194096545008112,0.03239618277378902,1.5360728874328031,,0.0024765836674450143,,76.73951308135014,19.232068298728603,,103.91808751586136,76.62432428833786,25.686002233225828,95.20026927389156,38.98962169088376,17.989509181611858,,0.6930197875970489,,0.04536125521845878,0.14205138983240553,,0.0738801564665357,0.038333732777150575,0.1241618446104086,0.001975832201516742,0.21314659932996058,0.09074524040244947,,,,0.2232,4464.0,0.6481155,0.64053565,0.7534073,0.5513428,0.5339564,0.5997576,0.5339206,0.5843992,0.504599928855896,0.8668582763671875,0.5690500140190125,0.8668582763671875,0.056,56.0,0.47653908555539776,0.4614738163675326,0.4842456727377028,0.4885046619666109,0.40942396098226186,0.42824906186854717,0.42840248873610204,0.41503195597634834,0.4032301669794003,-0.016756785177306433,-0.01780360741872818,-0.014786794844460589,0.0033461190063813675,-0.004913655688085181,-0.0020019419833501753,-0.019750744250453103,-0.013411431544772503,-0.017044787910898238,0.6265,0.69863635,0.5422481,0.52039474,0.5243902,0.58188975,0.52283466,0.5734849,0.49640002846717834,0.8114943175315857,0.6009500622749329,0.8114943175315857,0.062,62.0,0.4272780428564649,0.4165349298877821,0.4301148088387255,0.4599945148349911,0.38441448276787166,0.39846725030169694,0.4373967929274321,0.4231234869452678,0.4048155116923501,0.02503595698824836,0.021088519831645166,0.021775067157012325,0.031670515767593346,0.033918735373166586,0.031200946864530146,0.008585027771730029,0.007642120389509144,0.005730720013023212,0.6649194,0.6238739,0.7883212,0.5263359,0.51544714,0.57807016,0.5252032,0.57226276,0.5004999786615372,0.8391762969493866,0.5850000381469727,0.8391762969493866,0.059,59.0,0.45190856420593134,0.4390043731276574,0.4571802407882142,0.474249588400801,0.3969192218750668,0.41335815608512205,0.4328996408317671,0.4190777214608081,0.4040228393358752,0.004139585905470963,0.0016424562064584931,0.0034941361562758682,0.017508317386987358,0.014502539842540702,0.014599502440589985,-0.005582858239361537,-0.0028846555776316793,-0.0056570339489375124,0.6457097,0.6612551,0.66528463,0.5233653,0.5199187,0.57997996,0.52401894,0.57287383,2026-10-04T15:59:10.502403
17,0.6111249923706055,0.49952754378318787,0.793642610836029,0.6109898686408997,0.793642610836029,0.7466320621490479,0.8216546482086181,1.4815343023300171,0.16329374531507493,2.6550770545959472,1.9999317317962646,1.0,10.0,,,,,0.34842584629058837,0.34842584629058837,,,,17.962408993530275,0.3713237708019223,0.08442528402302296,,0.09386819146668456,0.805832945806965,0.23295435290427724,0.0009848132784586626,0.030426914987575476,1.7246597414943063,,0.0021754376008453376,,76.7033096119097,19.211877276183692,,103.91865991483068,76.58727045727383,25.657925004412416,95.20059602579494,38.99287774152816,17.962386161658415,,0.6931119925656896,,0.046082489856868795,0.14472558914096492,,0.07578782082363299,0.03979084484136788,0.12777287830972367,0.002165990886070831,0.2203967200153193,0.09343238080003459,,,,0.22915,4583.0,0.65573376,0.64740235,0.76545167,0.5573855,0.5349883,0.6034142,0.5380721,0.58566195,0.4997999668121338,0.8562519488334656,0.5767000913619995,0.8562519488334656,0.072,72.0,0.33776781891002844,0.341173626539616,0.3329296081682711,0.38300119149102607,0.3830066096735332,0.34048022102949804,0.3570172202932907,0.3608166266631392,0.3271819968998562,0.03916213844094893,0.03915726754401415,0.03851993901417914,0.03626407676673388,0.048865053818644054,0.04202293033423076,0.03395837632882538,0.03344191994479239,0.029755036580007256,0.635,0.67454547,0.5860465,0.51480263,0.5170732,0.5905512,0.5271654,0.60303026,0.501300036907196,0.7904719595909119,0.6121499538421631,0.7904719595909119,0.076,76.0,0.40488239736183795,0.4000691865755607,0.40712676136459164,0.44695203103680203,0.4603760887203859,0.44244344829793153,0.4245537985724271,0.41344038726976007,0.3909214373658448,0.04322605446831042,0.03914089524938958,0.040275756276190004,0.052169851774169974,0.04467908144398585,0.0525894359208381,0.03690806165678218,0.03406987393440129,0.03061093342635271,0.6778226,0.66351354,0.80474454,0.52671754,0.50772357,0.58728075,0.53414637,0.5846715,0.5005500018596649,0.8233619542121887,0.5944250226020813,0.8233619542121887,0.074,74.0,0.3713251081359332,0.37062140655758835,0.3700281847664314,0.41497661126391405,0.42169134919695955,0.39146183466371476,0.3907855094328589,0.3871285069664496,0.3590517171328505,0.041194096454629674,0.03914908139670187,0.03939784764518457,0.04421696427045192,0.04677206763131495,0.04730618312753443,0.035433218992803786,0.03375589693959684,0.030182985003179983,0.6564113,0.6690295,0.6953955,0.52076006,0.51239836,0.58891594,0.53065586,0.59385085,2026-10-04T16:03:11.427261
18,0.6103274822235107,0.4986400008201599,0.7935557081222534,0.6105175018310547,0.7935557081222534,0.7604619470596313,0.8370211851119995,1.6528348112106324,0.15823255771398545,2.61734836063385,1.9997933696746826,1.0,10.0,,,,,0.37498287177085876,0.37498287177085876,,,,17.938925064086913,0.42330450530217334,0.08934216541060169,,0.10487803454647303,0.8084689625509226,0.20630778818373469,0.0011092244171401022,0.030944323481600377,1.5366115253062764,,0.0024783058154747442,,76.66775269720965,19.189196969293484,,103.91828272145266,76.550885243021,25.631404062744917,95.19901829616279,39.00058894552243,17.938897612747873,,0.6930439081161645,,0.04740092248483828,0.14644683888004084,,0.07754382851776803,0.04131259384808267,0.13203462834950466,0.0022160795941403148,0.22788577436641522,0.0975661435324675,,,,0.2248,4496.0,0.6612269,0.6509263,0.7640848,0.54889417,0.5243769,0.60864645,0.53013366,0.5966395,0.49834999442100525,0.8447439064979553,0.585800051689148,0.8447439064979553,0.078,78.0,0.4900758212219175,0.495845984774843,0.493746174741593,0.5254176873326629,0.5707510551337021,0.5273114372580744,0.5277561775340137,0.5302600792176151,0.5304857799612914,0.02546738697704748,0.02632523520678803,0.024659458871921766,0.03931308191247984,0.046308777104767135,0.03529926205982263,0.023786204989728815,0.023144385706520228,0.021621319494003866,0.65450007,0.6931818,0.5992248,0.51348686,0.51951224,0.5988189,0.52952754,0.61780304,0.4926000237464905,0.7855238890647889,0.6157000064849854,0.7855238890647889,0.086,86.0,0.36268459272871756,0.36322784053982554,0.3654766511510695,0.41542428453838876,0.42102046569356677,0.3940934335200523,0.37808579576051654,0.374476140952939,0.3670127870289381,0.02377099131452759,0.02277981868968729,0.021173223448337407,0.03122429826301475,0.03315049369188934,0.03255886339379444,0.01618769077088682,0.013792650702561969,0.012042057170468079,0.68024194,0.6693694,0.80693436,0.5278626,0.5101626,0.59078944,0.52723575,0.60145986,0.49547500908374786,0.815133897781372,0.6007500290870667,0.815133897781372,0.08199999999999999,82.0,0.42638020697531753,0.4295369126573343,0.4296114129463312,0.47042098593552584,0.4958857604136344,0.46070243538906336,0.4529209866472651,0.45236811008527705,0.4487492834951148,0.024619189145787534,0.02455252694823766,0.022916341160129586,0.035268690087747294,0.03972963539832824,0.03392906272680854,0.019986947880307818,0.0184685182045411,0.016831688332235972,0.66737103,0.6812756,0.7030796,0.5206747,0.5148374,0.59480417,0.52838165,0.6096314,2026-10-04T16:07:12.513821
19,0.6143247485160828,0.5030149817466736,0.7888755424499512,0.614139974117279,0.7888755424499512,0.7826706831932068,0.8616975584983826,1.8260963062286377,0.15430283448696136,2.7599916173934935,1.999999656677246,1.0,10.0,,,,,0.40089359893798826,0.40089359893798826,,,,17.913127239990235,0.6708888035670967,0.10385362625383078,,0.1195166279342334,0.9112257488593933,0.22595934626782777,0.0011675160933971097,0.031929978489828335,1.7337697275504944,,0.0022892054711849646,,76.63096779015413,19.166720347799313,,103.92245570869203,76.51442567861764,25.605666810539876,95.19960989010562,38.98949456670481,17.913105509083742,,0.6931470116232611,,0.04815221176880181,0.14894126184806702,,0.07975335257827856,0.042943350780921374,0.13592832644653927,0.002333271773947272,0.23303923352508787,0.10019821108906132,,,,0.2137,4274.0,0.6619086,0.6526581,0.7751387,0.55112565,0.52673286,0.61359596,0.53254354,0.6001629,0.5027000308036804,0.840665388584137,0.5852499604225159,0.840665388584137,0.092,92.0,0.45847851105146115,0.46036719544084964,0.4618964973202303,0.5182965142580861,0.5571769374979884,0.5106644072703321,0.4960251974572633,0.4856565124244374,0.4843996253276387,0.03929179950664999,0.0427890870904085,0.038169426954924354,0.024002274975559016,0.05069782819803771,0.029770658746854344,0.029853969725684038,0.029197351475427093,0.030487611775065475,0.65300006,0.70681816,0.60465115,0.5075658,0.5126017,0.6066929,0.5165354,0.6162879,0.4909500479698181,0.7850411667823791,0.6146000623703003,0.7850411667823791,0.093,93.0,0.4129661436876157,0.41373862083974555,0.422954077310537,0.4395533835824732,0.4678349935485185,0.4509951861037391,0.4136932694409046,0.40113894995727695,0.3911851252669173,0.048868435968405906,0.045212812285548194,0.04511537595738406,0.05558970485912555,0.05728656325698626,0.051397727017082756,0.042918841156789185,0.03970703046511971,0.03544373230579016,0.68830645,0.67702705,0.81131387,0.5152672,0.50731707,0.58114034,0.51788616,0.60656935,0.49682503938674927,0.812853277683258,0.5999250113964081,0.812853277683258,0.0925,92.5,0.4357223273695384,0.4370529081402976,0.44242528731538366,0.47892494892027965,0.5125059655232534,0.4808297966870356,0.45485923344908397,0.4433977311908572,0.437792375297278,0.044080117737527943,0.044000949687978345,0.04164240145615421,0.03979598991734228,0.05399219572751199,0.04058419288196855,0.03638640544123661,0.034452190970273404,0.032965672040427815,0.6706532,0.6919226,0.70798254,0.5114165,0.50995934,0.59391665,0.5172108,0.6114286,2026-10-04T16:11:13.522496
20,0.6189823746681213,0.5022751688957214,0.7817785048484802,0.6190626621246338,0.7817785048484802,0.7650418392181396,0.8421099527359008,1.6309870943069458,0.15599152818918227,2.40907454624176,1.999999429321289,1.0,10.0,,,,,0.3675747333526611,0.3675747333526611,,,,17.890721826171873,0.53182739880719,0.10182922577876953,,0.12123318411599679,0.8467482060763487,0.20928404532420408,0.0012732378824815676,0.03407712926150887,1.6133000985452324,,0.002774067680947601,,76.59689549731601,19.150845424384826,,103.93140430814901,76.47841683163006,25.581824369491287,95.19881949455116,39.034924136605234,17.8907046348426,,0.6931468984883302,,0.04935209042612155,0.1516611593164456,,0.0823916943779417,0.044765692844892006,0.14002614245293246,0.0024601665954253854,0.24403598078876543,0.10398741631181377,,,,0.23295,4659.0,0.6609463,0.65052354,0.7813194,0.5603673,0.54108256,0.6170505,0.5438234,0.59767824,0.4939499795436859,0.8412756590843201,0.584399938583374,0.8412756590843201,0.1,100.0,0.44439878240948527,0.45325336455010634,0.44999297381402786,0.46131422551016943,0.48855080042655763,0.4469820914350353,0.45811754014076495,0.45589213097853354,0.45707670696289976,0.02600015011852414,0.02887003720589349,0.023226878760347958,0.011743440586154792,0.016947313363869537,0.01646490971436132,0.025021760820289753,0.023834694268488412,0.02302437745043303,0.62600005,0.6695455,0.62248063,0.5230263,0.5276423,0.5972441,0.5342519,0.6041667,0.5020999908447266,0.7844729189872741,0.6159999370574951,0.7844729189872741,0.101,101.0,0.4211596201891238,0.4207952375414199,0.42701479090819616,0.45212555906618374,0.46826344495718764,0.46649706782097516,0.41766291691155105,0.40813884628467084,0.4042898030462314,0.03345968403537323,0.029220836852581148,0.02919128405142135,0.04701617609771446,0.050269173184011556,0.04817947320777412,0.025412965120776957,0.023521540527742368,0.020653079014812312,0.68346775,0.66396403,0.81788325,0.5225191,0.5089431,0.5850878,0.53170735,0.6010949,0.49802498519420624,0.8128742890357972,0.6001999378204346,0.8128742890357972,0.1005,100.5,0.43277920129930453,0.4370243010457631,0.43850388236111204,0.45671989228817655,0.47840712269187263,0.45673957962800527,0.437890228526158,0.4320154886316022,0.4306832550045656,0.029729917076948685,0.02904543702923732,0.026209081405884654,0.029379808341934627,0.03360824327394055,0.03232219146106772,0.025217362970533355,0.02367811739811539,0.021838728232622673,0.6547339,0.6667547,0.72018194,0.52277267,0.51829267,0.5911659,0.5329796,0.6026308,2026-10-04T16:15:14.288331
21,0.6227700710296631,0.4996795058250427,0.7788374787330627,0.6225903034210205,0.7788374787330627,0.7768686287879943,0.8552508341789246,1.7429637533187867,0.1456882686972618,2.279514616394043,1.9999546325683595,1.0,10.0,,,,,0.37408639578819275,0.37408639578819275,,,,17.875610900878907,0.5824783669582977,0.11595028672058871,,0.13411799865733287,0.7551775436112835,0.1690992264278755,0.0014099644224165352,0.03868846289196592,1.2500746132461888,,0.0029674873446895902,,76.5640730159298,19.14221209629326,,103.94424423898101,76.44422081625386,25.559630290717834,95.20118047629192,39.08103350013684,17.875596987973353,,0.6931245991378833,,0.05115307653975335,0.1551153233666329,,0.08557389918596121,0.046930488554915044,0.14485939198238834,0.0026249248982306308,0.2544642976325029,0.11099090958666649,,,,0.2393,4786.0,0.6624098,0.64842933,0.7930468,0.5597157,0.5409073,0.62286866,0.54544353,0.6083503,0.5030999779701233,0.7844178643226624,0.6268500089645386,0.7844178643226624,0.139,139.0,0.3935879345390931,0.3996576627519293,0.39793004745240573,0.34509974694694356,0.38319403468463803,0.3479719659170689,0.3769896923668251,0.3720862033711828,0.3605944493252746,0.027627102265212405,0.02809778239195822,0.026905752015408416,0.019144384322528196,0.01848465834375343,0.01851525917745359,0.014470069488102632,0.014817217322990711,0.011707135229687885,0.65400004,0.6995455,0.7655039,0.5519737,0.5678862,0.642126,0.52480316,0.63484854,0.5050999522209167,0.7581412839889526,0.6374999284744263,0.7581412839889526,0.146,146.0,0.388714541203035,0.39644047497767837,0.39198482099851417,0.43143918385296126,0.425280295095843,0.3984730143283076,0.39978783858936173,0.39137127219294005,0.3692060412927916,0.015289313311259909,0.01709246158861412,0.013292400201422682,0.02856769977428281,0.04153793788620025,0.021663036857485638,0.01215965722710156,0.011897731378785017,0.007170995382806831,0.7290323,0.69729733,0.8434307,0.5240458,0.51910573,0.6153509,0.54105693,0.620073,0.50409996509552,0.7712795741558075,0.6321749687194824,0.7712795741558075,0.14250000000000002,142.5,0.39115123787106404,0.39804906886480385,0.3949574342254599,0.38826946539995244,0.40423716489024053,0.37322249012268827,0.3883887654780934,0.3817287377820614,0.3649002453090331,0.021458207788236157,0.02259512199028617,0.020099076108415548,0.023856042048405503,0.03001129811497684,0.020089148017469614,0.013314863357602097,0.013357474350887865,0.009439065306247357,0.69151616,0.6984214,0.8044673,0.53800976,0.54349595,0.62873846,0.53293,0.6274608,2026-10-04T16:19:15.411886
22,0.6395527124404907,0.4991624653339386,0.7546608103752136,0.639384388923645,0.7546608103752136,0.7741150644302368,0.8521913154602051,1.7403972398757934,0.14472299078702927,2.048316827583313,1.999999485015869,1.0,10.0,,,,,0.3607700065612793,0.3607700065612793,,,,17.851372494506837,0.5154462558258871,0.1464598300587979,,0.15620249077962461,0.722729981704882,0.17339097376272178,0.0017501509167805647,0.04871119004763236,1.1977150349100685,,0.0040834522263423515,,76.53378422245099,19.14563869063262,,103.97822726304364,76.41019862472632,25.541701699518093,95.20508619174836,39.19109184119352,17.851348658276212,,0.6931469262025918,,0.053708236095062485,0.15987520736114236,,0.09074265111214036,0.04888309260747235,0.15058724202547863,0.0029108539019017275,0.27018783559465104,0.11548885480043994,,,,0.26215,5243.0,0.6843625,0.67198956,0.8046553,0.58424175,0.55747664,0.6363232,0.5599433,0.616334,0.50409996509552,0.7315424723625183,0.6560500264167786,0.7315424723625183,0.157,157.0,0.4672580330531036,0.4499571797303972,0.4556522214533551,0.46928551944661984,0.3617348125127994,0.4598090778524173,0.4296324777858328,0.4152140548444488,0.4120371500558941,0.039233570227076985,0.036006543624750316,0.04045872914257649,0.036300085652445316,0.0746810893976816,0.04764421132876047,0.03186258769990543,0.03140592788729201,0.0304121254394951,0.6815,0.7186364,0.7604651,0.6042763,0.64837396,0.62125987,0.5933071,0.6431818,0.49890002608299255,0.7284375591278076,0.6579499244689941,0.7284375591278076,0.168,168.0,0.45663248783898036,0.4575946911106855,0.4573778804424203,0.4318253957979607,0.36352271458832003,0.4312568488057022,0.4169327641989904,0.40638020218296966,0.38979383096567294,0.03246550526341434,0.026594167530720785,0.027392316041122994,0.05912493360272814,0.07160786988506765,0.054139281463683776,0.02662174649672859,0.022019265659897,0.0156442578329426,0.7322581,0.71306306,0.8529197,0.58778626,0.54186994,0.61973685,0.58252037,0.6218978,0.5014999955892563,0.729990015745163,0.6569999754428864,0.729990015745163,0.1625,162.5,0.461945260446042,0.4537759354205414,0.4565150509478877,0.45055545762229027,0.36262876355055973,0.4455329633290598,0.4232826209924116,0.4107971285137092,0.4009154905107835,0.03584953774524566,0.03130035557773555,0.03392552259184974,0.04771250962758673,0.07314447964137463,0.050891746396222126,0.02924216709831701,0.026712596773594506,0.023028191636218852,0.706879,0.71584976,0.80669236,0.5960313,0.595122,0.62049836,0.58791375,0.6325398,2026-10-04T16:23:16.720376
23,0.6620525121688843,0.4991402328014374,0.715752227640152,0.6623372435569763,0.715752227640152,0.7762717813491822,0.8545876705169678,1.720640367126465,0.12994467626810075,2.1629502710342408,2.0,1.0,10.0,,,,,0.3936477979660034,0.3936477979660034,,,,17.8211827331543,0.44015341859524415,0.14754370834891964,,0.1592951766007645,0.7140422918993956,0.18735180306396668,0.0018222796382934188,0.04926950154695541,1.333347452863766,,0.004339790904792886,,76.50090459349808,19.153958290245882,,104.0109048831235,76.37678440361266,25.52669217783934,95.20633964781548,39.35737517533029,17.821152863229155,,0.6931471824645996,,0.055659765555600454,0.16587180155477707,,0.0958849322644009,0.05071006411579764,0.15621493937103612,0.0031790655316891753,0.29022294757472483,0.1179977005739121,,,,0.2719,5438.0,0.6971331,0.6774064,0.8004754,0.64482623,0.5882009,0.6484848,0.61008507,0.6318534,0.5038999915122986,0.6892727484703064,0.6800500750541687,0.6892727484703064,0.168,168.0,0.3791071192463395,0.3589817733945049,0.3773792921680699,0.34982820379988594,0.2503967117402823,0.33588576887142324,0.36411028562993936,0.3571496922623273,0.3528951430826799,0.0076612438550792885,0.011285307668535223,0.0025516536552430626,0.0113604030469625,0.03588808546075704,0.0004883853197511656,0.002828956064080894,-0.0003002220217826871,-0.004281358468583727,0.67950004,0.72727275,0.7406977,0.6532895,0.7142276,0.626378,0.6771653,0.63522726,0.4955500364303589,0.6953956246376037,0.6748499274253845,0.6953956246376037,0.16,160.0,0.39363085539502607,0.4078286687731847,0.41144765758176255,0.33718073320983105,0.3221373443397379,0.35169305782271615,0.3371817729501617,0.3373483171683323,0.335398599801876,0.029743736290425232,0.02546735684354986,0.02762242008220013,0.04550184680270526,0.053576268490288126,0.04110276155075719,0.022815646251473944,0.020790929080972086,0.015589399422018384,0.728629,0.69774777,0.85072994,0.65076333,0.56707317,0.6307018,0.62764233,0.63065696,0.49972501397132874,0.6923341865539551,0.6774500012397766,0.6923341865539551,0.164,164.0,0.3863689873206828,0.3834052210838448,0.39441347487491624,0.3435044685048585,0.2862670280400101,0.3437894133470697,0.3506460292900505,0.3472490047153298,0.34414687144227796,0.01870249007275226,0.01837633225604254,0.015087036868721596,0.02843112492483388,0.04473217697552258,0.020795573435254178,0.012822301157777419,0.0102453535295947,0.005654020476717328,0.7040645,0.7125102,0.7957138,0.6520264,0.6406504,0.6285399,0.65240383,0.6329421,2026-10-04T16:27:17.400090
24,0.6721024513244629,0.4990701675415039,0.693771557044983,0.672880232334137,0.693771557044983,0.7809841582298279,0.859823644733429,1.7664752096176148,0.11671716447472573,2.3148638210296633,2.0,1.0,10.0,,,,,0.411311447095871,0.411311447095871,,,,17.789785659790038,0.5027260627289107,0.15952306319099324,,0.15258903108584654,0.758215584003242,0.15782412355113182,0.0017541220888442057,0.04789042317421193,0.9962802814070586,,0.004788960227490682,,76.46717435994725,19.144465938495223,,104.02966988921925,76.34255996023774,25.507648674545774,95.2047490405429,39.48979575770676,17.789762667030285,,0.6931471824645996,,0.057188734625744975,0.1698580024538526,,0.09919166147329245,0.05249700920691915,0.16092928332887638,0.00340309988701372,0.30620331502264475,0.11988475961480172,,,,0.27455,5491.0,0.7086608,0.68842125,0.8035658,0.6711296,0.5963396,0.6427071,0.630883,0.64097756,0.49844998121261597,0.6838790459632873,0.6837499737739563,0.6838790459632873,0.196,196.0,0.39491004572091154,0.4200567999865822,0.4032177864481147,0.3139480966589971,0.3137633146286921,0.3191432049646472,0.35195091821128965,0.3631390288241506,0.36336496847824146,0.02907356092703567,0.02931319335231907,0.028721591535563907,0.05227817925102427,0.1005482947326384,0.06781293895195294,0.03776995431174114,0.036138235757871964,0.034025947471882985,0.7045,0.75545454,0.7620155,0.6342105,0.70975614,0.62874013,0.6562992,0.6439394,0.49845001101493835,0.6873543410301208,0.6760500073432922,0.6873543410301208,0.202,202.0,0.41833459040155796,0.42394161680151626,0.4212801091467714,0.3466231395220835,0.29385456477860555,0.35163884356823155,0.3513875428968856,0.3398711725298891,0.3378937695197831,0.03273041084537684,0.03027840748114697,0.03173704172199686,0.05241686283449818,0.06101349419416836,0.051335525725208817,0.03050522892392609,0.02764787462077068,0.023216686523516775,0.74919355,0.7234234,0.8536497,0.6381679,0.5577236,0.6315789,0.61178863,0.6310219,0.49844999611377716,0.6856166934967041,0.6798999905586243,0.6856166934967041,0.199,199.0,0.4066223180612347,0.42199920839404925,0.41224894779744303,0.3302856180905403,0.30380893970364886,0.3353910242664394,0.3516692305540876,0.35150510067701984,0.3506293689990123,0.030901985886206254,0.02979580041673302,0.03022931662878038,0.052347521042761226,0.08078089446340339,0.059574232338580876,0.03413759161783361,0.031893055189321326,0.028621316997699882,0.7268468,0.739439,0.8078326,0.6361892,0.6337398,0.6301595,0.63404393,0.6374806,2026-10-04T16:31:18.491503
25,0.6752898693084717,0.5003753900527954,0.6870745041847229,0.6754872798919678,0.6870745041847229,0.7741597299575805,0.8522409426689148,1.7291104982376098,0.11678348182439804,2.278698007774353,2.0,1.0,10.0,,,,,0.3984369264125824,0.3984369264125824,,,,17.76475295715332,0.4241759040553099,0.14843360495984934,,0.14849465587146723,0.8224871785018095,0.14798085638292277,0.0017415278878175672,0.04798338457847097,0.9308120887370626,,0.004673389285457303,,76.43214989923368,19.12528962542297,,104.03810717345803,76.30808374684328,25.485999368558264,95.20295122474622,39.608083105390996,17.764731510429627,,0.6931471824645996,,0.05827425183004634,0.1722845074477469,,0.10144920452575015,0.0542719166037763,0.1653944907864188,0.0035469237029860925,0.3202340980623938,0.12339054223648302,,,,0.292,5840.0,0.71463513,0.68614584,0.80865693,0.67715245,0.60299844,0.64347476,0.6421628,0.62792265,0.4997499883174896,0.6538933148384094,0.6931501030921936,0.6538933148384094,0.188,188.0,0.36736629849914754,0.3828246432507194,0.3704244672231651,0.2945223630976386,0.34068811076326433,0.3231397850049977,0.3101284312658636,0.3133081203099581,0.31153295669323894,0.0013548972941446337,0.006646600014479852,0.004765144808252602,0.04418273596091379,0.06816964557162253,0.04692319210343924,0.007751210337038377,0.009603805494430908,0.00947938998256888,0.72450006,0.76318187,0.7616279,0.6532895,0.7386179,0.6429134,0.63661414,0.65037876,0.49849995970726013,0.6715825953483582,0.6836500763893127,0.6715825953483582,0.219,219.0,0.38677655870720995,0.40592919941595307,0.398854803648768,0.3074857787681822,0.3007925825813586,0.3187670059777235,0.3122362045155119,0.30717955275368874,0.3083579656668633,0.024544201657285183,0.01830047283961024,0.01953835550079916,0.06766694844944779,0.08005561602161017,0.06102357833449793,0.02171652696527957,0.019426531655338093,0.011103375439957824,0.7479839,0.74279284,0.85145986,0.6541985,0.5589431,0.63026315,0.63617885,0.6368613,0.4991249740123749,0.6627379550933838,0.6884000897407532,0.6627379550933838,0.20350000000000001,203.5,0.37707142860317877,0.39437692133333624,0.3846396354359666,0.3010040709329104,0.32074034667231144,0.3209533954913606,0.31118231789068773,0.3102438365318234,0.3099454611800511,0.012949549475714908,0.012473536427045046,0.012151750154525881,0.05592484220518079,0.07411263079661634,0.053973385218968585,0.014733868651158975,0.0145151685748845,0.010291382711263352,0.73624194,0.7529874,0.8065439,0.653744,0.64878047,0.6365883,0.6363965,0.64362,2026-10-04T16:35:20.018541
26,0.6792598366737366,0.50145024061203,0.6789540311813355,0.6797271966934204,0.6789540311813355,0.7755738327980042,0.8538121752738953,1.7501872148513793,0.10121854382157326,2.533977006530762,2.0,1.0,10.0,,,,,0.4210066580295563,0.4210066580295563,,,,17.739796209716797,0.41500039213592077,0.15098440751528283,,0.14415125812219967,0.8840785203086343,0.15402259174615715,0.0017615682768018525,0.047645089791933444,1.0305424659115494,,0.004913901520991597,,76.39548521588563,19.108706176660622,,104.04328233269369,76.27278511387527,25.46573542941148,95.202461534245,39.70796201183538,17.73976904267718,,0.6931471824645996,,0.05913460864477856,0.17507727273330567,,0.10362399834546314,0.05592573258527525,0.1696810137694049,0.0036606847955163117,0.3323862681722945,0.12671409329031683,,,,0.29655,5931.0,0.7152165,0.6956907,0.8039818,0.67918646,0.61135125,0.64614147,0.6458688,0.639776,0.5056499242782593,0.6455762343406677,0.6957499980926514,0.6455762343406677,0.167,167.0,0.39046626938858925,0.4157325691772183,0.3993572219635529,0.28890012168647045,0.3042643098355611,0.2982868021987627,0.3377483551717184,0.33721392965616936,0.3335294857538601,0.02119834176832699,0.007877461712700104,0.016604141449502292,0.07610505266395994,0.06294315765998412,0.0772472876491327,0.033955403248938136,0.02821749347263975,0.024401545796757716,0.71450007,0.75500005,0.7554264,0.67664474,0.75,0.622441,0.6562992,0.6537879,0.49615001678466797,0.6652005615234375,0.6873500347137451,0.6652005615234375,0.199,199.0,0.39424800653960745,0.41518884747886164,0.40706113011992634,0.2723977792983564,0.2740200812968747,0.2892351114213812,0.3021744192627555,0.29354332266695615,0.3005923521712411,0.025158960874380965,0.021844460503904324,0.022332214244771904,0.04845625136092379,0.054611275292552885,0.04537221894380568,0.01990790739222052,0.01740980742806704,0.014207385328035723,0.7403226,0.72927934,0.85583943,0.67061067,0.5699187,0.6324561,0.6402439,0.6463504,0.5008999705314636,0.6553883979320526,0.6915500164031982,0.6553883979320526,0.183,183.0,0.3923571379640983,0.41546070832803994,0.4032091760417396,0.28064895049241345,0.2891421955662179,0.29376095681007197,0.319961387217237,0.31537862616156276,0.3170609189625506,0.02317865132135398,0.014860961108302213,0.0194681778471371,0.06228065201244186,0.058777216476268504,0.06130975329646919,0.026931655320579326,0.022813650450353395,0.01930446556239672,0.7274113,0.7421397,0.80563295,0.67362773,0.6599593,0.62744856,0.64827156,0.6500691,2026-10-04T16:39:21.215047
27,0.6805548071861267,0.5021374225616455,0.6741996954917908,0.6807100772857666,0.6741996954917908,0.7809189657211304,0.8597512030601502,1.7894691850662232,0.10524717274904251,2.5428714862823485,2.0,1.0,10.0,,,,,0.428986669921875,0.428986669921875,,,,17.712931121826173,0.3827475965212864,0.1461807415363895,,0.14245208291111477,0.8826830848387093,0.16201913871677817,0.0017444537911759867,0.047666065501654226,1.0905862348094868,,0.0047925096372243275,,76.35897895181255,19.086763515593898,,104.04893007703647,76.23758070635948,25.44463370256363,95.2026888610451,39.818963676501234,17.712922721911387,,0.6931471824645996,,0.05993434689511919,0.17698839107516465,,0.10560206395045967,0.05758464231992223,0.17378941425092662,0.003831175633462941,0.34490708579683,0.1293633271744297,,,,0.29365,5873.0,0.71080595,0.6976842,0.8022583,0.69445103,0.60611373,0.64795965,0.65141755,0.6343381,0.49584993720054626,0.6413620529174805,0.6996000409126282,0.6413620529174805,0.217,217.0,0.3940048909053154,0.4196127681639961,0.41169844440748504,0.2874998756259211,0.2566008029317578,0.3111759953510685,0.3296369759114717,0.33882752256988913,0.3266522097677156,0.03263529611783742,0.020730639467061118,0.025940009679524485,0.06406275857381957,0.03723836916526008,0.060432798781678225,0.03280325323927492,0.02274444680286243,0.015195910038236208,0.696,0.7559091,0.7744186,0.69046056,0.7934959,0.626378,0.62992126,0.642803,0.5014500617980957,0.663404212474823,0.6908999681472778,0.663404212474823,0.247,247.0,0.3764208373504456,0.40306757891708006,0.3931324553243752,0.29166751784392253,0.27639229588461306,0.29521214321375294,0.2877663064652274,0.27799947471971087,0.2812692563288539,0.027883673937801036,0.019273481028837885,0.02245363474672037,0.052763552849913034,0.05541067139877147,0.04683660071756546,0.023520953959456557,0.022091948921221828,0.015881971621974553,0.74274194,0.73063064,0.8419708,0.6912214,0.5682927,0.6368421,0.6613821,0.6419708,0.498649999499321,0.6523831326961518,0.695250004529953,0.6523831326961518,0.23199999999999998,232.0,0.38521286412788047,0.4113401735405381,0.40241544986593014,0.2895836967349218,0.26649654940818546,0.3031940692824107,0.30870164118834953,0.3084134986448,0.30396073304828475,0.03025948502781923,0.020002060247949503,0.02419682221312243,0.0584131557118663,0.04632452028201577,0.053634699749621845,0.02816210359936574,0.02241819786204213,0.015538940830105381,0.71937096,0.74326986,0.8081947,0.69084096,0.68089426,0.63161004,0.6456517,0.6423869,2026-10-04T16:43:23.193443
28,0.6852772831916809,0.49945229291915894,0.6663268227577209,0.6858577728271484,0.6663268227577209,0.7815777443885803,0.8604831842422486,1.7952724004745484,0.1089445152938366,2.5213614734649656,2.0,1.0,10.0,,,,,0.4363821219921112,0.4363821219921112,,,,17.691428329467772,0.4372761467364943,0.16372256417563008,,0.14464769737830588,0.8900225071390723,0.16875175438868772,0.001779592616014942,0.048811701001824845,1.2003914313331532,,0.00475158815349639,,76.32283034597992,19.064013535809366,,104.05392956581845,76.20225797033613,25.42424300369943,95.20141621000448,39.93128622261582,17.69141406162529,,0.6931471824645996,,0.060735467939999455,0.1784657442076191,,0.10752546065931867,0.05912159862601833,0.1777048079641002,0.003939750071935308,0.35705614165895305,0.13286329207906297,,,,0.2914,5828.0,0.71543705,0.6956303,0.80594295,0.70473933,0.60846967,0.6510505,0.66530985,0.6396945,0.4952000081539154,0.6381070055961608,0.7004500031471252,0.6381070055961608,0.206,206.0,0.41764699475579853,0.43260813704491324,0.42058097252329973,0.32457929271852365,0.32702435547315145,0.33258925461571015,0.373161633619877,0.3705826244469293,0.36780374926860865,0.02372284169518629,0.028918598389679903,0.024659601944648345,0.06386538581004053,0.0955463837329021,0.05790843649945379,0.02587455572304528,0.027328716338267375,0.026250059560142102,0.72050005,0.7563637,0.7868217,0.675,0.79471546,0.6448819,0.6070866,0.63901514,0.4984000325202942,0.6410595526695252,0.6983500719070435,0.6410595526695252,0.211,211.0,0.42088083790340475,0.4410566085142034,0.43433707840051117,0.32519607056854655,0.31228774875976806,0.33049670669726977,0.3313404246829469,0.3203243290280556,0.31425071563601353,0.04245532778420326,0.034531577597646176,0.03537040123398626,0.07379486710331461,0.08809656235240537,0.0625384637560546,0.04403511443664214,0.04074513935801942,0.03344450095834183,0.7520161,0.73783785,0.8572993,0.69961834,0.5613821,0.6464913,0.6703252,0.6489051,0.4968000203371048,0.6395832791328431,0.6994000375270844,0.6395832791328431,0.2085,208.5,0.41926391632960164,0.43683237277955833,0.42745902546190545,0.3248876816435351,0.31965605211645975,0.33154298065648996,0.35225102915141193,0.34545347673749244,0.3410272324523111,0.033089084739694775,0.03172508799366304,0.030015001589317303,0.06883012645667758,0.09182147304265373,0.060223450127754194,0.03495483507984371,0.0340369278481434,0.029847280259241965,0.7362581,0.7471008,0.8220605,0.68730915,0.6780488,0.6456866,0.6387059,0.6439601,2026-10-04T16:47:24.215381
29,0.6872248649597168,0.5023349523544312,0.6594023943424225,0.6877647042274475,0.6594023943424225,0.7878784419059753,0.8674839576721192,1.846434185218811,0.10735151478052139,2.6369837102890012,2.0,1.0,10.0,,,,,0.4553627460002899,0.4553627460002899,,,,17.667867459106446,0.48403593859854777,0.16056738708429275,,0.14759307544512354,0.8735185569259012,0.15937370503214515,0.0017085706924123891,0.046788644929458,1.185202898018679,,0.004586162273238182,,76.2872386373532,19.042496225636476,,104.05857095900615,76.16700880694542,25.40187534405168,95.19938334082342,40.05343781003527,17.66785112611807,,0.6931471824645996,,0.06162286348118903,0.18030472232657632,,0.10934008653186689,0.06072444708389082,0.18155473451705495,0.004023003685555071,0.36951093157385567,0.13616646323234413,,,,0.28055,5611.0,0.7131516,0.7006041,0.8012282,0.7102488,0.6102609,0.6559798,0.66482383,0.6453361,0.4981500208377838,0.6381383407115936,0.6982500553131104,0.6381383407115936,0.182,182.0,0.40534857959492826,0.42115547058564273,0.41741809083650877,0.32668424043503264,0.2796595927170869,0.3232417879706243,0.3140592982149897,0.3039892255414673,0.30296622158500697,0.026245798915950896,0.026562246104796034,0.022659407765220782,0.04498876782285476,0.03408165998400878,0.03218134480281297,0.023350193665714773,0.020193960296638624,0.015194189400860921,0.714,0.7481818,0.7744186,0.6848684,0.7857724,0.6248031,0.6389764,0.6318182,0.5038999915122986,0.6486188769340515,0.6901500225067139,0.6486188769340515,0.2,200.0,0.4203249781808401,0.44631230311317394,0.4399289414678103,0.32371819720164946,0.2921477272091816,0.32525105230776696,0.32882257522153713,0.3171120225684777,0.3203189372091656,0.024776280818277582,0.01932066818993111,0.019641225428030033,0.05434064378533342,0.0605317884594269,0.04669941118989424,0.019214870136652747,0.018057183367071225,0.01104939651392632,0.7370968,0.71801805,0.8572993,0.6809161,0.56747967,0.6324561,0.6552845,0.6562044,0.5010250061750412,0.6433786088228226,0.6942000389099121,0.6433786088228226,0.191,191.0,0.41283677888788417,0.43373388684940833,0.42867351615215954,0.3252012188183411,0.28590365996313427,0.32424642013919563,0.3214409367182634,0.31055062405497247,0.3116425793970863,0.02551103986711424,0.02294145714736357,0.021150316596625408,0.049664705804094086,0.04730672422171784,0.03944037799635361,0.02128253190118376,0.019125571831854926,0.01312179295739362,0.7255484,0.73309994,0.81585896,0.6828922,0.676626,0.6286296,0.6471305,0.64401126,2026-10-04T16:51:25.037372
30,0.6923001408576965,0.4994703233242035,0.6493533013343811,0.6924176812171936,0.6493533013343811,0.7934359526634216,0.8736589634895324,1.8646758846282958,0.11394056990742683,2.7502119747161866,2.0,1.0,10.0,,,,,0.47090999155044555,0.47090999155044555,,,,17.646375381469728,0.5734397704434243,0.1614314425428202,,0.14492746841186172,0.9463303161274855,0.14818484578163002,0.0016807185124107606,0.04634653832644794,1.0146245335697368,,0.004462738393303185,,76.25209832647045,19.024993726402332,,104.06384044088375,76.13190882980444,25.378785977697675,95.19892028031076,40.13074877307673,17.646364807323287,,0.6931471824645996,,0.06260561297653587,0.18322946624771044,,0.11116854462084497,0.06230501897016149,0.18521327852823172,0.004134532796800326,0.3786014766450141,0.1398509547209284,,,,0.2689,5378.0,0.7270048,0.699859,0.80570525,0.7191746,0.6161994,0.6498384,0.67213446,0.64873725,0.5084500312805176,0.6605290656089783,0.690500020980835,0.6605290656089783,0.214,214.0,0.39917745863879184,0.4177671884668736,0.40968873891986035,0.35091270855620044,0.3251212473121025,0.35816462824206147,0.3038306246752151,0.3023362833054435,0.29855414568328914,0.03352433334826953,0.04239440401142373,0.03656577700560964,0.05332487616703697,0.07774520824072487,0.0707199298460218,0.038861081314099245,0.035299896614969344,0.03949032057868184,0.71900004,0.73136365,0.829845,0.6638158,0.78739834,0.6448819,0.54291344,0.625,0.5016499757766724,0.6538867330551148,0.6934999823570251,0.6538867330551148,0.212,212.0,0.41300599464490806,0.43975897327655195,0.4317850460991166,0.3294508657520266,0.317100721082281,0.33201779269132276,0.2905497538783533,0.28564014847645747,0.28150862084399036,0.04177666696411079,0.03639483881263176,0.035806021628514983,0.07731570897160558,0.08777128860796489,0.07550424576893518,0.04841981015759208,0.0433826434175097,0.03942465619131546,0.7483871,0.73288286,0.8572993,0.68053436,0.56951225,0.6429825,0.66056913,0.64343065,0.505050003528595,0.6572078993320465,0.69200000166893,0.6572078993320465,0.213,213.0,0.40609172664184995,0.4287630808717128,0.4207368925094885,0.3401817871541135,0.32111098419719175,0.3450912104666921,0.2971901892767842,0.2939882158909505,0.29003138326363975,0.03765050015619016,0.03939462141202774,0.036185899317062314,0.06532029256932127,0.08275824842434487,0.07311208780747849,0.04364044573584566,0.03934127001623952,0.03945748838499865,0.7336936,0.73212326,0.84357214,0.67217505,0.6784553,0.6439322,0.6017413,0.63421535,2026-10-04T16:55:26.252210
31,0.6976197957992554,0.49811509251594543,0.6403800141334534,0.6976824402809143,0.6403800141334534,0.7932087068557739,0.8734064714431763,1.8811931224822998,0.10741110361218452,2.6695867286682127,2.0,1.0,10.0,,,,,0.46616560158729553,0.46616560158729553,,,,17.629551504516602,0.6875049522158446,0.17474357859723888,,0.15032901292204098,0.9161724704466049,0.16557160095804058,0.0016875702470309653,0.04773883022083219,1.2304481616255585,,0.004436750685689366,,76.21668603010238,19.001689011883585,,104.07153582724796,76.09677780054177,25.3573397982652,95.19972865596698,40.21100169382277,17.629537655289766,,0.6931471824645996,,0.06351684546394712,0.18505880815587986,,0.11291101617608101,0.0638444572687149,0.18877742662551297,0.004207749329032792,0.38760900763189715,0.14456465356289203,,,,0.27725,5545.0,0.72253406,0.7085179,0.81174725,0.72966033,0.6175039,0.6554748,0.6788984,0.6565377,0.5047500133514404,0.6226156578063965,0.7096999287605286,0.6226156578063965,0.223,223.0,0.4276262285716532,0.4665488072630076,0.44465307179330493,0.26904004647418417,0.32553238689432684,0.30887986206260365,0.3763944280709478,0.38076140020627974,0.37624667297285835,0.011226091197958069,0.021103673010218944,0.007262663024776686,0.05242582963038466,0.1283580003067737,0.046309986964025864,0.029548992217650234,0.027698488204504105,0.027687719759226237,0.71450007,0.7686364,0.86627907,0.6986842,0.8126017,0.64133865,0.56456697,0.62613636,0.5038500428199768,0.6390933227539063,0.7053000330924988,0.6390933227539063,0.242,242.0,0.4152529170875388,0.4629034530839959,0.4431937097144593,0.31203352433309556,0.3096809864747944,0.32655072132506646,0.3045275390814769,0.3067242502828092,0.3027752594506131,0.031527736247101305,0.030098902637256886,0.028113458026985526,0.06352441044794745,0.08446428523207758,0.05874040323174032,0.045572226266390355,0.04480323875851627,0.036381689115125175,0.76008064,0.7297297,0.8551095,0.7114504,0.59065044,0.6552632,0.6699187,0.65656936,0.5043000280857086,0.6308544902801514,0.7074999809265137,0.6308544902801514,0.23249999999999998,232.5,0.421439572829596,0.46472613017350173,0.4439233907538821,0.29053678540363986,0.3176066866845606,0.31771529169383506,0.34046098357621235,0.34374282524454447,0.3395109662117357,0.021376913722529686,0.025601287823737915,0.017688060525881105,0.05797512003916605,0.10641114276942563,0.05252519509788309,0.037560609242020294,0.03625086348151019,0.03203470443717571,0.7372904,0.74918306,0.8606943,0.7050673,0.70162606,0.6483009,0.6172428,0.6413529,2026-10-04T16:59:27.401210
32,0.7013248801231384,0.49849003553390503,0.6325335520267487,0.7013069987297058,0.6325335520267487,0.795492051410675,0.875943521308899,1.9135191089630128,0.10331903257966042,2.6183289073944094,2.0,1.0,10.0,,,,,0.482799378824234,0.482799378824234,,,,17.613195251464845,0.77112956430502,0.18273908894058247,,0.14895821680688554,0.8738506776132401,0.14872477374448898,0.0016647932597192799,0.046832336172176775,1.0673044111318648,,0.0044899874800225946,,76.18135289477695,18.980225763503153,,104.07842706570959,76.06217494891708,25.33490818776902,95.19871637623781,40.293340379265466,17.61318395092229,,0.6931471824645996,,0.06448424835303787,0.18682458750001943,,0.1145635953374729,0.06542841178976047,0.19247682383106013,0.004296751206467865,0.3966204404451285,0.14924690526002532,,,,0.27915,5583.0,0.7263232,0.709847,0.818859,0.73706555,0.6172118,0.65860605,0.6870798,0.65484726,0.49525004625320435,0.6039765872955323,0.7188000082969666,0.6039765872955323,0.202,202.0,0.40521236968330754,0.4387047409451166,0.42791976734707576,0.30182702756712687,0.2985381640588678,0.32249342613931464,0.283909414274904,0.29051396502417015,0.2846714144804893,0.022947436097808506,0.02472913338390815,0.022945305572070945,0.031371375302565035,0.05788545875336564,0.03953955113277559,0.031987807682595994,0.029480851341273207,0.027004196094910775,0.71800005,0.74545455,0.86201555,0.73486847,0.852439,0.6244095,0.580315,0.63825756,0.5095999836921692,0.6304905993938446,0.7032501697540283,0.6304905993938446,0.218,218.0,0.4097759807624209,0.4635340448849761,0.4447729070202251,0.29096716386614496,0.29633503171744197,0.3038005854837515,0.27393132107600887,0.2727590777695724,0.2766536984815623,0.03581089661980095,0.03260175097517253,0.03154757071241941,0.05797450770969175,0.07570917411501298,0.05660957654889931,0.03552991490967981,0.03446485459323013,0.025777849426024638,0.725,0.72207206,0.8572993,0.73931295,0.58536583,0.64166665,0.6894309,0.6492701,0.5024250149726868,0.6172335933446884,0.7110250890254974,0.6172335933446884,0.21000000000000002,210.0,0.40749417522286424,0.4511193929150463,0.43634633718365046,0.2963970957166359,0.2974365978881549,0.3131470058115331,0.27892036767545647,0.2816365213968713,0.2806625564810258,0.029379166358804727,0.02866544217954034,0.02724643814224518,0.0446729415061284,0.0667973164341893,0.04807456384083745,0.03375886129613791,0.031972852967251664,0.026391022760467706,0.72150004,0.73376334,0.8596574,0.7370907,0.7189024,0.63303804,0.6348729,0.64376384,2026-10-04T17:03:27.944194
33,0.7072351574897766,0.5017625689506531,0.6248632218360901,0.7069200277328491,0.6248632218360901,0.7954336184501648,0.8758785957336426,1.8983651615142823,0.10170706218481064,2.676391082382202,2.0,1.0,10.0,,,,,0.49197179460525514,0.49197179460525514,,,,17.597807379150392,0.8350906708058278,0.2075826701749662,,0.15569897745824923,0.9163392516458111,0.16842049099267667,0.0016633034016415003,0.04776956155231804,1.2233673146196231,,0.00467495174925021,,76.14643772392516,18.95870795523285,,104.08239736374776,76.02825417488243,25.31146671513843,95.1986636022094,40.37938634301447,17.5977903232453,,0.6931471824645996,,0.06542465641240405,0.18859104328094775,,0.11623788340266343,0.06713009953119192,0.1961210453586214,0.004392290579831334,0.4057066789857901,0.15413895904258557,,,,0.27355,5471.0,0.72734565,0.71467984,0.8230586,0.7546998,0.6228777,0.665697,0.68610775,0.66004074,0.5039999485015869,0.6203127646446228,0.7093001008033752,0.6203127646446228,0.209,209.0,0.36196975981695456,0.41473109891969523,0.3828512591502341,0.27638099906346375,0.3688889594264155,0.29058324675853126,0.21959808653203872,0.23613143834800818,0.23337621082552773,-0.00972102847845088,0.005956074609684021,-0.009155684364562882,0.05051788349078621,0.07182484185292823,0.03889027058463526,-0.0013637920166334838,-0.001446255038913301,-0.0052367198811309554,0.71700007,0.73136365,0.86627907,0.71151316,0.83252037,0.6362205,0.5476378,0.6401515,0.4966999888420105,0.6264385867118836,0.7058000564575195,0.6264385867118836,0.222,222.0,0.41260932272895867,0.45093958504974974,0.43506221065361916,0.32247045455151613,0.34419810863403305,0.32767615143768597,0.28639606180460997,0.2856537809929414,0.28131712572980894,0.040759607012436944,0.04118991117359587,0.03704796420704167,0.06540322084154779,0.08717825390696558,0.06341643025136845,0.04054317572676362,0.037727189132102504,0.03291734290579029,0.75403225,0.73378384,0.8572993,0.7251908,0.57804877,0.64868426,0.67317075,0.66094893,0.5003499686717987,0.6233756756782531,0.7075500786304474,0.6233756756782531,0.2155,215.5,0.3872895412729566,0.4328353419847225,0.40895673490192663,0.2994257268074899,0.35654353403022426,0.3091296990981086,0.25299707416832434,0.2608926096704748,0.25734666827766833,0.015519289266993032,0.023572992891639943,0.013946139921239394,0.057960552166166995,0.0795015478799469,0.051153350418001856,0.01958969185506507,0.0181404670465946,0.01384031151232967,0.7355162,0.73257375,0.8617892,0.71835196,0.7052846,0.64245236,0.61040425,0.65055025,2026-10-04T17:07:28.378343
34,0.7086599469184875,0.5011873841285706,0.6183488900661469,0.7090848684310913,0.6183488900661469,0.7981857194900512,0.8789364850997925,1.9146039844512939,0.09337561125159263,2.618068147277832,2.0,1.0,10.0,,,,,0.5050483797550201,0.5050483797550201,,,,17.58123038635254,0.814700211783883,0.17658595517752276,,0.13583746478910658,0.9124108564322162,0.17120736640444986,0.0016006061022769019,0.04752717028330466,1.311045059542747,,0.004529984776712183,,76.1113657374291,18.938384487370776,,104.08528671750597,75.9947039367287,25.286273871257805,95.196891395909,40.4652909928826,17.581214030077504,,0.6931471824645996,,0.06633142918158488,0.19060173450381893,,0.1177110000495698,0.06894707295355523,0.19967022509711563,0.0044208271399282725,0.41452728221370916,0.15876616091485235,,,,0.2776,5552.0,0.72748595,0.711035,0.8243265,0.76644945,0.6194509,0.67331314,0.6941474,0.65562123,0.5029498934745789,0.5985057594776153,0.7168499827384949,0.5985057594776153,0.214,214.0,0.35328083464353705,0.42471536582135333,0.3871660161330383,0.2813356626712773,0.367738397988612,0.2947847536658031,0.24675224891366523,0.26189863851054074,0.2647889293889706,0.003916907409010903,0.008104856765781753,0.0020146590366221496,0.04318216237060193,0.09706595094283384,0.056273061631871596,0.025260905930822277,0.02311320048757178,0.023557881272475944,0.705,0.75363636,0.87015504,0.7207237,0.8369919,0.6397638,0.5681102,0.64621216,0.5046499967575073,0.6156979949474335,0.7090500593185425,0.6156979949474335,0.221,221.0,0.42845099969762973,0.4532236889902351,0.44297467654125955,0.34652262909687864,0.3150427867711809,0.34206484395607806,0.2974084644194172,0.28815346835540157,0.28210850268576204,0.03695020228694054,0.03803894440692643,0.03314575049427399,0.060181779855976406,0.08445993978201602,0.05521985173931546,0.038030715926421,0.03578145947549164,0.028855251316034076,0.7544355,0.73108107,0.85802925,0.7377863,0.57723576,0.6526316,0.6804879,0.6645986,0.5037999451160431,0.6071018772125244,0.7129500210285187,0.6071018772125244,0.2175,217.5,0.3908659171705834,0.4389695274057942,0.4150703463371489,0.31392914588407794,0.34139059237989644,0.31842479881094055,0.27208035666654123,0.27502605343297115,0.2734487160373663,0.020433554847975724,0.02307190058635409,0.01758020476544807,0.05168197111328916,0.09076294536242493,0.055746456685593526,0.03164581092862164,0.02944732998153171,0.02620656629425501,0.72971773,0.7423587,0.8640921,0.72925496,0.70711386,0.6461977,0.62429905,0.6554054,2026-10-04T17:11:29.279274
35,0.7129727005958557,0.5030423402786255,0.6108390911102295,0.7126652002334595,0.6108390911102295,0.7949752979278565,0.8753693535804749,1.9214526348114014,0.09201542261242866,2.5040647174835207,2.0,1.0,10.0,,,,,0.49959187483787537,0.49959187483787537,,,,17.56501810913086,0.7994343911291687,0.18177572262894576,,0.14704364474127246,0.8946621082011302,0.16707523266790777,0.0016942864427028615,0.049456209193464294,1.1727475763126542,,0.004681987130894343,,76.07549106087654,18.913307700187538,,104.08923305827341,75.960683300237,25.262255541078606,95.19544667043503,40.56208606890053,17.56500285446264,,0.6931471824645996,,0.06698293115492839,0.19156446910587846,,0.11918548850496863,0.07053886852256812,0.2027444898322889,0.004521167579041734,0.4237772964747848,0.16332035763248517,,,,0.293,5860.0,0.7271051,0.72086185,0.82765454,0.77053714,0.62274146,0.6721616,0.6925071,0.66696537,0.4989500045776367,0.5965182838439942,0.7125498652458191,0.5965182838439942,0.219,219.0,0.35204978992474084,0.4161163381260377,0.3871409961012229,0.20946986832430503,0.3584277041248914,0.2630076759082236,0.23154755357700738,0.253390115373753,0.2596073498265344,0.007907166081887358,0.011018746380568527,0.004741940323296878,0.06795006557946406,0.10522521597364784,0.06329312997977363,0.025595566265302676,0.02836818377856918,0.022208318117242155,0.696,0.7527273,0.8604651,0.71940786,0.8345529,0.6401575,0.5570866,0.64469695,0.49529996514320374,0.6188675227165222,0.709149956703186,0.6188675227165222,0.255,255.0,0.40505027899883855,0.4442570176938143,0.43267975020153504,0.32855373198384935,0.32325790709566005,0.31741197251228026,0.27538942956482526,0.2742887278083193,0.2629536004265479,0.045094278877589,0.039825298694828384,0.04094813363111263,0.06218749907074698,0.08466793073053587,0.06209074829262235,0.04751018958867053,0.04283684657319895,0.03661224299398547,0.75967747,0.74234235,0.8572993,0.7461832,0.58089435,0.6469298,0.6813008,0.6448905,0.4971249848604202,0.6076929032802583,0.7108499109745026,0.6076929032802583,0.237,237.0,0.3785500344617897,0.43018667790992604,0.40991037315137896,0.2690118001540772,0.3408428056102757,0.29020982421025193,0.25346849157091633,0.2638394215910361,0.2612804751265412,0.02650072247973818,0.025422022537698458,0.022845036977204754,0.06506878232510552,0.09494657335209186,0.06269193913619799,0.0365528779269866,0.035602515175884066,0.02941028055561381,0.72783875,0.7475349,0.8588822,0.73279554,0.7077236,0.64354366,0.6191937,0.64479375,2026-10-04T17:15:30.371091
36,0.7168276906013489,0.5024146437644958,0.6028474010467529,0.7168072462081909,0.6028474010467529,0.795558941078186,0.8760178447723389,1.9247304063796997,0.09051927097439766,2.489549560928345,2.0,1.0,10.0,,,,,0.5093877648830414,0.5093877648830414,,,,17.543714599609373,0.7432969929116546,0.17799154635827252,,0.1475424250694597,0.878430677067702,0.16941436028974072,0.0017095082183665104,0.050072067446864335,1.233737723842548,,0.004915156269243586,,76.04007269014978,18.88883101104931,,104.09748174582317,75.92688683187886,25.239504139894134,95.19485050857446,40.67039854207616,17.543693991983012,,0.6931471824645996,,0.0677624466787478,0.19296474546004252,,0.12087992517052183,0.07216280513698128,0.20630831627329443,0.004678547498028559,0.4334889619973055,0.1666394546153439,,,,0.2936,5872.0,0.7442663,0.7219492,0.8280309,0.7767378,0.6266939,0.67121214,0.6937222,0.670998,0.4970499873161316,0.6347113060951233,0.7053999900817871,0.6347113060951233,0.234,234.0,0.40697072779614024,0.45916057873009175,0.4247701622559997,0.3465337298486036,0.36981126323075764,0.31110820940178646,0.3084002781215971,0.31442728481044724,0.30652051936893254,0.029055400505437038,0.03966770808318461,0.028350991328767745,0.049983926077263874,0.10434452154592022,0.047006415985376915,0.03320195418928649,0.03646305037603285,0.0360097876465962,0.71700007,0.7290909,0.81046516,0.7197369,0.845935,0.62165356,0.5559055,0.6511364,0.49314993619918823,0.6273435726165771,0.7077499628067017,0.6273435726165771,0.267,267.0,0.38759323999160983,0.4392837511228165,0.42565163434143444,0.3100784658177891,0.2938707507267657,0.3125430757528761,0.2783217086129389,0.2739408029647799,0.2648873997664057,0.05091085132087462,0.04465920446905304,0.04694729787029212,0.06798420218061996,0.07271782356339974,0.06516009619938891,0.05018595492066809,0.04544211742377646,0.040288132201724655,0.7604839,0.7436937,0.85802925,0.7484733,0.5747968,0.63771933,0.67479676,0.6489051,0.4950999617576599,0.6310274393558502,0.7065749764442444,0.6310274393558502,0.2505,250.5,0.39728198389387503,0.4492221649264541,0.42521089829871705,0.3283060978331963,0.3318410069787617,0.31182564257733125,0.293360993367268,0.29418404388761354,0.28570395956766914,0.03998312591315583,0.042163456276118824,0.037649144599529935,0.058984064128941915,0.08853117255465998,0.05608325609238291,0.04169395455497729,0.04095258389990465,0.038148959924160425,0.738742,0.7363923,0.83424723,0.7341051,0.7103659,0.6296865,0.61535114,0.6500207,2026-10-04T17:19:31.012937
37,0.7186324000358582,0.4997076690196991,0.5972563703536987,0.7187525629997253,0.5972563703536987,0.7993876196861267,0.880271929359436,1.960420779800415,0.08754237995743752,2.4379118974685667,2.0,1.0,10.0,,,,,0.5168529566764831,0.5168529566764831,,,,17.51666632385254,0.7469938371781331,0.18575162832049807,,0.15214229662232337,0.8389276883025079,0.15922628611231307,0.001692690660029199,0.04846972629285542,1.1634688552018184,,0.004716572890267262,,76.00376138869365,18.865000815907862,,104.10543764928345,75.89258803835341,25.216128258188817,95.1943557642068,40.76434831558519,17.516636405021522,,0.6931471824645996,,0.06845388172348593,0.19426875509274233,,0.12248681191426174,0.07365350396769821,0.20953114435171624,0.004822536499186117,0.4422418154348993,0.16854496461570642,,,,0.2869,5738.0,0.7432237,0.71860653,0.8339738,0.7795024,0.6251947,0.6749293,0.6999595,0.67386967,0.5045999884605408,0.5834899616241455,0.7257000207901001,0.5834899616241455,0.211,211.0,0.40434692574038933,0.5011040736488805,0.4554929984283202,0.2659770271308137,0.33600814426283143,0.2823894494916928,0.29058945220902155,0.3084175126896698,0.3205162691923771,0.01662433544086816,0.03266051921546555,0.019491229779573575,0.04830463720059571,0.09684181905765882,0.05802646168655036,0.04660741481646587,0.05720247435867389,0.05548811073777789,0.72150004,0.76409096,0.88217056,0.7414474,0.86219513,0.6334646,0.5551181,0.6515151,0.49959999322891235,0.6114030222892761,0.7141499519348145,0.6114030222892761,0.239,239.0,0.42373079718823364,0.4676891388337092,0.4497461651148906,0.3296895195000626,0.3331995305201925,0.3298544487905934,0.29045315789340614,0.2844349946926366,0.27720502859815027,0.04040825388679915,0.04278165468408244,0.04214131582249001,0.06769659770405091,0.08293387166719651,0.07296068788017522,0.04900098198286728,0.04860228871151459,0.04541399037161549,0.7641129,0.74234235,0.8576642,0.76450384,0.5723577,0.6526316,0.6902439,0.65437955,0.5020999908447266,0.5974464919567108,0.7199249863624573,0.5974464919567108,0.22499999999999998,225.0,0.41403886146431146,0.4843966062412949,0.4526195817716054,0.2978332733154382,0.334603837391512,0.3061219491411431,0.2905213050512139,0.2964262536911532,0.29886064889526365,0.028516294663833656,0.037721086949773996,0.030816272801031795,0.05800061745232331,0.08988784536242767,0.06549357478336279,0.04780419839966657,0.052902381535094245,0.05045105055469669,0.74280643,0.7532166,0.8699174,0.7529756,0.71727645,0.64304805,0.622681,0.6529473,2026-10-04T17:23:32.774725
38,0.7197876572608948,0.5006199479103088,0.5952388541221618,0.7196950316429138,0.5952388541221618,0.8016442590713501,0.8827793077468872,1.9868235919952393,0.08389254942536355,2.580024949645996,2.0,1.0,10.0,,,,,0.5408599439144135,0.5408599439144135,,,,17.489937033081056,0.8495395084854903,0.21726609742755343,,0.16796273104609197,0.8578297754002225,0.15738534467045667,0.0017644352139460195,0.04840589585197959,1.2106698849208795,,0.005297909149674663,,75.9682020442501,18.8433345138647,,104.11231450366367,75.85805647540245,25.19259941198264,95.19408285541898,40.83401010598347,17.489917293475692,,0.6931471824645996,,0.06926049709699716,0.1960977536098213,,0.1240541929746889,0.07511765424423157,0.21263095888362568,0.004946967577976975,0.4494833456482857,0.17030295615742921,,,,0.2845,5690.0,0.7486568,0.71818364,0.8311609,0.78404427,0.62776476,0.67432326,0.7020454,0.67048883,0.5004500150680542,0.6142710757255554,0.7172499895095825,0.6142710757255554,0.191,191.0,0.36416241011770745,0.4502609254694096,0.4089429543205253,0.25978585573437174,0.387972178918575,0.3028103667909117,0.22587402467276188,0.265979635417344,0.2570501999615221,0.03170740215455694,0.03880507933287064,0.029960727243151502,0.05567411801561038,0.09842811119269688,0.06372906661027664,0.042773363836280096,0.04857437145368214,0.04066468198246544,0.704,0.71318185,0.83217055,0.7565789,0.88739836,0.64448816,0.5496063,0.6458333,0.5028499364852905,0.6344977335929871,0.710599958896637,0.6344977335929871,0.246,246.0,0.3796239251122474,0.43281187738448473,0.4218127339751129,0.27732260070812065,0.2780164437735502,0.30232706292561246,0.2536279277394239,0.25346248716289654,0.25553034302026645,0.044531467252139335,0.04597907318311899,0.04473514934448858,0.05690482707294124,0.06742882424877972,0.05706072451160921,0.039079461568584495,0.03454158681562115,0.03074897418343394,0.746371,0.704955,0.82919705,0.79885495,0.5776423,0.6504386,0.70813006,0.6514599,0.5016499757766724,0.6243844046592713,0.7139249742031097,0.6243844046592713,0.2185,218.5,0.3718931676149774,0.44153640142694717,0.4153778441478191,0.2685542282212462,0.3329943113460626,0.3025687148582621,0.23975097620609287,0.2597210612901203,0.2562902714908943,0.03811943470334814,0.042392076257994814,0.03734793829382004,0.05628947254427581,0.08292846772073831,0.06039489556094292,0.040926412702432295,0.041557979134651646,0.03570682808294969,0.7251855,0.7090684,0.8306838,0.77771693,0.73252034,0.6474634,0.6288682,0.6486466,2026-10-04T17:27:33.675171
39,0.7195248007774353,0.5034223198890686,0.5938643543243408,0.7193825244903564,0.5938643543243408,0.7975585933685303,0.878239679145813,1.95671030254364,0.0900294783115387,2.59583798828125,2.0,1.0,10.0,,,,,0.5440484337806701,0.5440484337806701,,,,17.467725506591798,0.7309631078865877,0.17869757910727696,,0.15040970408612755,0.881405744013513,0.15274304450507376,0.001727599844894117,0.0477560065496879,1.14779834079135,,0.00542100250908577,,75.93115448192427,18.82004386756071,,104.11700755319778,75.82334034913664,25.16918908866348,95.19343513440175,40.91245503030765,17.46769754446236,,0.6931471824645996,,0.06983817420947323,0.19741661951040765,,0.12538722190697482,0.07653362721584406,0.21562458403930543,0.005014071380422943,0.45708880606730273,0.17297933426252596,,,,0.2893,5786.0,0.7405774,0.721768,0.8283082,0.7846367,0.62943923,0.67315155,0.6963548,0.68,0.5082500576972961,0.5690371036529541,0.7268499732017517,0.5690371036529541,0.191,191.0,0.38121462825856234,0.47668492414978386,0.43678949521869714,0.23712510547193213,0.3380328397727556,0.2680288960461211,0.21968589966997135,0.2382472054833981,0.24272387693362638,0.021745484927303355,0.033802556503196836,0.026675277358604626,0.06595165210482015,0.12459879831288374,0.07651290108957604,0.05745760045733998,0.07026796725254314,0.06688674233106856,0.708,0.7495455,0.8670542,0.75131583,0.8943089,0.6330709,0.553937,0.6575758,0.4986500144004822,0.5876600615978241,0.7222999334335327,0.5876600615978241,0.226,226.0,0.4182947478509993,0.4884514272084153,0.4646572940710557,0.28594418276039246,0.2972033581702071,0.29530647885952527,0.26787078804374653,0.27140875282244764,0.26499956550325965,0.04275546262143886,0.04154307819031165,0.04057746711936379,0.05804750871269914,0.07135275147631286,0.05313393711234628,0.05359587296654747,0.05285770464026329,0.04644229168902438,0.7629032,0.75315315,0.8576642,0.8030535,0.5800813,0.6530702,0.693496,0.65912414,0.5034500360488892,0.5783485826253891,0.7245749533176422,0.5783485826253891,0.20850000000000002,208.5,0.3997546880547808,0.4825681756790996,0.45072339464487643,0.2615346441161623,0.31761809897148136,0.2816676874528232,0.24377834385685893,0.2548279791529229,0.253861721218443,0.03225047377437111,0.03767281734675425,0.03362637223898421,0.06199958040875965,0.0979757748945983,0.06482341910096115,0.055526736711943726,0.061562835946403216,0.056664517010046475,0.7354516,0.75134933,0.8623592,0.77718467,0.73719513,0.6430706,0.6237165,0.65835,2026-10-04T17:31:34.205122
40,0.7241148352622986,0.5001198053359985,0.5833409760951996,0.724440336227417,0.5833409760951996,0.80007945022583,0.8810406290054321,1.994315474319458,0.07643494772911072,2.541721558380127,2.0,1.0,10.0,,,,,0.5441251631259918,0.5441251631259918,,,,17.443205389404298,0.7146497887980406,0.18502115301645486,,0.1555205565776415,0.8807596947736801,0.15389614462093182,0.0016847879260297935,0.047306520864367485,1.1190626555757157,,0.005086832587769593,,75.89461250062202,18.796603050960858,,104.12212109413876,75.78867131129951,25.143392016173927,95.19151641456943,40.992770614138074,17.44318291487967,,0.6931471824645996,,0.0704657649917967,0.19871004808480572,,0.12689348818010585,0.07789603758389783,0.21834575199777154,0.005172555269614147,0.46463454661855275,0.1750931115287125,,,,0.28875,5775.0,0.744567,0.72766817,0.8385103,0.79119277,0.6321262,0.6799394,0.70552856,0.6750509,0.5033499598503113,0.584956654548645,0.7198999524116516,0.584956654548645,0.201,201.0,0.4010794803646243,0.4703427469498678,0.4489576782093736,0.29300961473898657,0.34175246514059887,0.3257982662928996,0.26048749269503,0.28826569435452176,0.28958174611739124,0.030766814262823076,0.04131948128080693,0.03578043894439619,0.07118675021487743,0.1051376206747266,0.07747064659141271,0.04085765746912034,0.049951865980618196,0.04500945125814123,0.7125,0.75454545,0.853876,0.75230265,0.88699186,0.6397638,0.52952754,0.6329546,0.4973500370979309,0.5959604196548461,0.718250036239624,0.5959604196548461,0.227,227.0,0.40850732579351723,0.4765615089829529,0.4594903989884788,0.28537627547601985,0.304038951245703,0.3044615479709963,0.2671081806021141,0.2756090907205703,0.27319211894864154,0.041682552976228554,0.04233412861367941,0.03945549458437251,0.04924894383988853,0.06443040453909332,0.04523740946479552,0.038439159104279384,0.03524246762381394,0.030136292651310858,0.7612903,0.72612613,0.8576642,0.7916031,0.59065044,0.6412281,0.698374,0.65985405,0.5003499984741211,0.5904585371017456,0.7190749943256378,0.5904585371017456,0.21400000000000002,214.0,0.40479340307907075,0.47345212796641034,0.45422403859892624,0.2891929451075032,0.32289570819315094,0.31512990713194794,0.26379783664857204,0.281937392537546,0.2813869325330164,0.03622468361952581,0.04182680494724317,0.03761796676438435,0.060217847027382976,0.08478401260690996,0.06135402802810412,0.03964840828669986,0.04259716680221606,0.03757287195472604,0.73689514,0.7403358,0.8557701,0.77195287,0.73882115,0.6404959,0.6139507,0.6464043,2026-10-04T17:35:35.540270
41,0.7245776653289795,0.5008023977279663,0.5814130709648132,0.7248252630233765,0.5814130709648132,0.8050391190528869,0.8865513761520386,2.026191562271118,0.07078672941327095,2.4802914474487303,2.0,1.0,10.0,,,,,0.5497224792480468,0.5497224792480468,,,,17.420138598632814,0.6673926791757535,0.1904492121735576,,0.16262760547221086,0.8497466771465958,0.1650845441896065,0.0017379454179862691,0.04956499270050769,1.3238754012402456,,0.004672066597371795,,75.85845349548728,18.77218165063554,,104.12840032881232,75.75386795724273,25.118023052337062,95.19067013491491,41.059943861262816,17.420128318154887,,0.6931471824645996,,0.07112645115821985,0.19979886321505164,,0.12836607370027311,0.07918027090798517,0.22107841454114124,0.00530749904940937,0.4713214218236838,0.17753494279399798,,,,0.2796,5592.0,0.747073,0.72827226,0.8394017,0.79111373,0.630627,0.6787475,0.70315915,0.6793483,0.49630001187324524,0.592672534942627,0.7263498902320862,0.592672534942627,0.199,199.0,0.36865854010546095,0.4543456813489212,0.4158065645114777,0.19560279142453132,0.324389577524268,0.27777603860469097,0.2481927500845317,0.2810374043619126,0.2769694657865504,0.003075493651175456,0.026428088849223767,0.010818926845866009,0.006999189218308934,0.07494743904099374,0.025905215877290912,0.020262624928132408,0.03141502787279523,0.03138516509401498,0.708,0.76272726,0.85503876,0.75,0.8930894,0.6535433,0.5322834,0.65833336,0.5042000412940979,0.605722532749176,0.7240999341011047,0.605722532749176,0.23,230.0,0.38051535225849203,0.4310179909372852,0.42200658000323066,0.25914301988972777,0.3060533241980138,0.29874029130335655,0.21691892968847423,0.22107938266786184,0.21435341273227812,0.04469408432629717,0.03772187607592461,0.03776101757476438,0.0738773128310714,0.08479452635639811,0.066458139386335,0.05322131914657844,0.051023593266067604,0.04497875354673707,0.7794355,0.75135136,0.8572993,0.8015267,0.58536583,0.65,0.69430894,0.65766424,0.5002500265836716,0.5991975338459015,0.7252249121665955,0.5991975338459015,0.21450000000000002,214.5,0.3745869461819765,0.4426818361431032,0.41890657225735417,0.22737290565712953,0.3152214508611409,0.2882581649540238,0.23255583988650297,0.25105839351488723,0.24566143925941425,0.023884788988736312,0.03207498246257419,0.024289972210315196,0.04043825102469017,0.07987098269869593,0.04618167763181296,0.03674197203735542,0.041219310569431414,0.038181959320376026,0.7437178,0.7570393,0.85616904,0.7757634,0.73922765,0.65177166,0.61329615,0.6579988,2026-10-04T17:39:36.108649
42,0.7285425066947937,0.501442551612854,0.5724979716300964,0.7284746170043945,0.5724979716300964,0.8070261277198791,0.8887591599464416,2.020967921447754,0.0755771153151989,2.5462016994476317,2.0,1.0,10.0,,,,,0.5576226967811585,0.5576226967811585,,,,17.395022702026367,0.7189510834824507,0.16313027538311708,,0.1471912152116086,0.8259996798387759,0.15524264436903273,0.0015765568951462176,0.04561996062517546,1.2354784314609637,,0.004555323511172252,,75.82219035154695,18.7473051715049,,104.13146175700388,75.71908831748233,25.092890976340907,95.19015930564541,41.13294076615838,17.394999024215018,,0.6931471824645996,,0.07179400343803843,0.20083349516057664,,0.12975152045678182,0.08037787704331101,0.22375152008548663,0.005367463644427859,0.4783480146508308,0.17954594248039707,,,,0.27225,5445.0,0.7527867,0.73006445,0.84479004,0.7931872,0.63693535,0.68131316,0.70925474,0.6784725,0.49994999170303345,0.5789020118713379,0.7249498963356018,0.5789020118713379,0.215,215.0,0.3679510437700901,0.45452997572173465,0.4244435218556485,0.2655031320452507,0.34962589787902243,0.30151473037552384,0.23372055611479317,0.27384798119542786,0.27041208576261433,0.01259421590182008,0.02729558277431277,0.01664024336134885,0.033401483253409484,0.07136072712157637,0.03536808258835606,0.04151288430562308,0.05198956492780696,0.04632395041012786,0.7,0.7763637,0.8372093,0.7565789,0.90000004,0.64724416,0.5259843,0.6579545,0.4944499731063843,0.5900716075897217,0.7218500971794128,0.5900716075897217,0.253,253.0,0.4015666028840701,0.4440512883322428,0.43341408984658575,0.2877860797626138,0.2843552387160357,0.29739080461537,0.22406621867567478,0.2206947486030541,0.21551698630450083,0.03751641332749468,0.03921842887545857,0.03722777200483709,0.055141360692350726,0.07322604564536313,0.05468845072218194,0.04141607535688433,0.03919737538164723,0.03496160820178629,0.77338713,0.72387385,0.85802925,0.7961832,0.58252037,0.65087724,0.69796747,0.6718978,0.49719998240470886,0.5844868097305298,0.7233999967575073,0.5844868097305298,0.23399999999999999,234.0,0.3847588233270801,0.4492906320269887,0.42892880585111715,0.27664460590393225,0.31699056829752903,0.2994527674954469,0.22889338739523396,0.24727136489924098,0.24296453603355758,0.025055314614657383,0.03325700582488567,0.026934007683092967,0.0442714219728801,0.07229338638346974,0.045028266655269,0.0414644798312537,0.04559347015472709,0.04064277930595707,0.73669356,0.75011873,0.8476193,0.7763811,0.7412602,0.6490607,0.6119759,0.6649262,2026-10-04T17:43:37.315366
43,0.7272549271583557,0.5000397562980652,0.5748890808582305,0.7271979451179504,0.5748890808582305,0.8092240029335022,0.8912012461662292,2.0583480590820313,0.07720532739758491,2.488785111427307,2.0,1.0,10.0,,,,,0.5601772898674011,0.5601772898674011,,,,17.36768844909668,0.7334993530041093,0.18893578254683002,,0.1475522605002306,0.8791303423939237,0.15502379315009543,0.001609215803724672,0.04539940902476857,1.1482888209592006,,0.0047874830805571976,,75.78598863152182,18.723632800351282,,104.1339002475617,75.68421391772617,25.066806647428283,95.18907345328361,41.190602004907696,17.367676315793567,,0.6931471824645996,,0.07251606445023968,0.2020371538248791,,0.1309447627348505,0.08157817411954237,0.2264690770275274,0.005448751095207823,0.4843943236739772,0.180946444345128,,,,0.27495,5499.0,0.7462911,0.7313331,0.840412,0.79350317,0.6285436,0.67965657,0.71476305,0.68246436,0.5019000172615051,0.5681161704063415,0.7295500636100769,0.5681161704063415,0.179,179.0,0.4011513883946719,0.5047922563687304,0.4597357470211641,0.2533693803917038,0.37552996458176324,0.298913700339849,0.27180154050668864,0.2999705088308712,0.3073153832397916,0.0158763576628273,0.030897928463549766,0.02394765736650271,0.039489639907664825,0.09395601176299406,0.05586057957652892,0.05435775728380363,0.06704795946627785,0.06851916016125771,0.71700007,0.7704545,0.8647287,0.75625,0.9040651,0.6456693,0.52283466,0.65909094,0.49970000982284546,0.5787410435676574,0.7253000736236572,0.5787410435676574,0.212,212.0,0.4033376495653414,0.4561679821291671,0.4435181599537024,0.2655870432793324,0.3004485032637653,0.2894761882574156,0.22918116209350492,0.234788648925118,0.23246042815393334,0.031154718323837923,0.02831860448537268,0.030664434700569992,0.055922621957963596,0.06043865531466288,0.05270093818702045,0.03977821160391752,0.04043093826512258,0.034195077538114425,0.7604839,0.75,0.8572993,0.80725193,0.59065044,0.6535088,0.7069106,0.660219,0.5008000135421753,0.5734286069869995,0.7274250686168671,0.5734286069869995,0.1955,195.5,0.4022445189800067,0.48048011924894873,0.45162695348743326,0.2594782118355181,0.33798923392276425,0.2941949442986323,0.2504913513000968,0.2673795788779946,0.26988790569686244,0.023515537993332614,0.02960826647446122,0.02730604603353635,0.047706130932814214,0.07719733353882847,0.054280758881774686,0.04706798444386058,0.053739448865700215,0.051357118849686065,0.738742,0.76022726,0.861014,0.781751,0.7473577,0.64958906,0.61487263,0.659655,2026-10-04T17:47:37.946317
44,0.7279075980186462,0.5000374913215637,0.5717796810150146,0.7276172637939453,0.5717796810150146,0.8166951327323914,0.8995025030136108,2.1559436038970947,0.07832938247919083,2.617341287994385,2.0,1.0,10.0,,,,,0.57502238073349,0.57502238073349,,,,17.343971463012696,0.7236222671285556,0.18429888891661242,,0.1419260419050979,0.8429194502769761,0.14987119019126435,0.001487954808502891,0.04314368783502252,1.1465538641449753,,0.004394148894812567,,75.75027689356713,18.70334389559023,,104.13484303662732,75.6490604862286,25.04305845612933,95.18818820054364,41.23376005622232,17.343963951062246,,0.6931471824645996,,0.07319285421614434,0.20394593951808418,,0.13217207827385824,0.08268562130108001,0.2291051074387921,0.005602197466524923,0.4896300617296984,0.18316755059418405,,,,0.261,5220.0,0.7441059,0.7341925,0.8394215,0.7959716,0.6298287,0.6807071,0.709842,0.6862322,0.491100013256073,0.576552720785141,0.7239500284194946,0.576552720785141,0.204,204.0,0.38183142138356757,0.45068831892800143,0.4336137751750393,0.2392499381223964,0.30374670201540954,0.27789358304591216,0.20044470734554004,0.2206451107054437,0.2365828207101967,0.0063767562399187055,0.017150045192633294,0.014756523208879534,0.02148718589597993,0.05072449900190826,0.031989235342294045,0.018277476927567014,0.03234336150528322,0.02861743054799758,0.7115,0.78499997,0.8282946,0.75131583,0.89634144,0.642126,0.5224409,0.6609849,0.498199999332428,0.5899775414466858,0.722050130367279,0.5899775414466858,0.213,213.0,0.4174374546659135,0.46507888572295464,0.4571388889018492,0.27261244555815384,0.2851250254880318,0.29366283806216487,0.19229748630886434,0.18737554684336055,0.19833860260760636,0.02430467143334103,0.03052548375341112,0.02828236067343175,0.03802862623231394,0.06675630437908901,0.04131679687781972,0.026831905920983747,0.027996359637846597,0.02245231792706941,0.7637097,0.73783785,0.8576642,0.8015267,0.58252037,0.6495614,0.7065041,0.65948904,0.4946500062942505,0.5832651311159134,0.7230000793933868,0.5832651311159134,0.2085,208.5,0.3996344380247405,0.45788360232547803,0.4453763320384443,0.25593119184027513,0.2944358637517207,0.2857782105540385,0.1963710968272022,0.20401032877440212,0.21746071165890152,0.015340713836629868,0.02383776447302221,0.021519441941155643,0.02975790606414694,0.058740401690498635,0.036653016110056884,0.02255469142427538,0.030169860571564906,0.025534874237533495,0.73760486,0.76141894,0.84297943,0.7764213,0.7394309,0.64584374,0.6144725,0.66023695,2026-10-04T17:51:39.046902
45,0.7276201844215393,0.504237711429596,0.570061137008667,0.7281325459480286,0.570061137008667,0.8164052076339722,0.899180359840393,2.1370057151794435,0.08885736567378044,2.591447682571411,2.0,1.0,10.0,,,,,0.5842915941238404,0.5842915941238404,,,,17.32389326171875,0.8557769939018662,0.19684637449444478,,0.15478751873656824,0.8448542018604887,0.1552970210552975,0.0016043352207486298,0.04562790407117005,1.21082480451104,,0.004538687385094447,,75.71340611937698,18.679028614311463,,104.1375863628023,75.61393451083238,25.01793922132747,95.18735445836548,41.301375322281174,17.323881890363754,,0.6931471824645996,,0.07380102081283642,0.20487924954693787,,0.13332448586536821,0.08378426436406032,0.23160748534901127,0.005689088130595198,0.49605395649648776,0.1860441125122605,,,,0.26245,5249.0,0.74619085,0.73360854,0.845206,0.79581356,0.6316394,0.6804647,0.70949775,0.68181264,0.4876500368118286,0.5949229533672333,0.7142000198364258,0.5949229533672333,0.176,176.0,0.3774765873688123,0.43924417740084376,0.42385603153801216,0.24872192055372525,0.2986371736951989,0.3056264113664532,0.21547034579222224,0.23560039494761925,0.24457388084806458,0.032458662971696736,0.039968781526472694,0.03634914025227034,0.04608691993572912,0.09488304668325999,0.06080908369099356,0.04440988930773931,0.04764325687542417,0.05171408121142294,0.7055,0.76409096,0.8403101,0.73618424,0.8662602,0.6409449,0.5133859,0.65265155,0.4925999641418457,0.5915595502853394,0.718549907207489,0.5915595502853394,0.186,186.0,0.41513611193935573,0.44997640251159626,0.4461737702924051,0.3018284295198063,0.289322335493615,0.30939451317467126,0.22712725797952577,0.2136853568150574,0.21555553658615279,0.03947989510894629,0.03625886632261626,0.038313234002024056,0.06404132514458642,0.07431741979805692,0.06235330841435651,0.044505733691257106,0.039514802124651666,0.038273338646328744,0.7697581,0.745946,0.8576642,0.77977103,0.5865854,0.65175444,0.6800813,0.66094893,0.49012500047683716,0.5932412518262864,0.7163749635219574,0.5932412518262864,0.181,181.0,0.396306349654084,0.44461028995622,0.43501490091520867,0.2752751750367658,0.29397975459440695,0.3075104622705622,0.221298801885874,0.22464287588133833,0.23006470871710868,0.03596927904032152,0.038113823924544474,0.0373311871271472,0.05506412254015777,0.08460023324065846,0.061581196052675036,0.04445781149949821,0.04357902950003792,0.044993709928875844,0.73762906,0.7550185,0.84898716,0.7579776,0.7264228,0.64634967,0.59673357,0.65680027,2026-10-04T17:55:39.677674
46,0.7270298600196838,0.5001575946807861,0.5726966757774353,0.7271196842193604,0.5726966757774353,0.8227639999389649,0.9062456855773926,2.201072790527344,0.09088380574584007,2.691379228591919,2.0,1.0,10.0,,,,,0.5971720976829529,0.5971720976829529,,,,17.29905684814453,0.6298204920948691,0.18237411446727006,,0.13867084442335328,0.848541986980256,0.1422506574137955,0.001488182986982665,0.04369601928836601,1.0425934512524089,,0.004125535093280517,,75.67749140065187,18.655014888496154,,104.1403840666364,75.57856745628794,24.991537057670058,95.18748163113928,41.35932169142802,17.29903301311906,,0.6931471824645996,,0.07445181778092293,0.20610898970418676,,0.13446927307897313,0.08481112748953946,0.23427709642868894,0.0057782072597628185,0.5018256876119382,0.18798904633446104,,,,0.25515,5103.0,0.7459503,0.7328031,0.8395603,0.79441154,0.63442373,0.6828283,0.708546,0.67753565,0.5095499753952026,0.5715714716911315,0.7299500703811646,0.5715714716911315,0.166,166.0,0.42446610560102954,0.4919321335660017,0.475497843147737,0.2549894076703783,0.31294013850610936,0.2950613698026228,0.24497141168101952,0.2592159917517057,0.28444910366152726,0.016117765132634458,0.022405180130509038,0.015416766631849514,0.03416861036804235,0.07841115035994889,0.030064090809250238,0.041244391819170514,0.04582145211875776,0.040964814163011266,0.691,0.7809091,0.89031005,0.75526315,0.8939024,0.6527559,0.5311024,0.6439394,0.4997499883174896,0.597288071155548,0.7273500561714172,0.597288071155548,0.188,188.0,0.42533586694860365,0.47328154584842247,0.4662715235487743,0.2925820692216894,0.3010022066972343,0.31701805706128694,0.22266960365798258,0.22129109498870672,0.22915847206873272,0.04483460514960506,0.04742322144779245,0.049489702704292586,0.061993540849983646,0.07570995598934055,0.0720787284604933,0.057836100847554216,0.056536363839323416,0.05732944881751028,0.77540326,0.74639636,0.8540146,0.81068707,0.5902439,0.6635965,0.6947155,0.66751826,0.5046499818563461,0.5844297714233397,0.7286500632762909,0.5844297714233397,0.177,177.0,0.4249009862748166,0.4826068397072121,0.4708846833482557,0.2737857384460338,0.30697117260167184,0.3060397134319549,0.23382050766950105,0.2402535433702062,0.25680378786513,0.030476185141119758,0.034914200789150744,0.03245323466807105,0.048081075609012994,0.07706055317464472,0.05107140963487177,0.04954024633336236,0.05117890797904059,0.04914713149026077,0.7332016,0.76365274,0.87216234,0.7829751,0.7420732,0.6581762,0.61290896,0.6557288,2026-10-04T17:59:40.416454
47,0.7275396585464478,0.49827519059181213,0.570701454257965,0.7275599241256714,0.570701454257965,0.8199227407455444,0.9030887303352356,2.1554435527801514,0.08930351683497428,2.718696802139282,2.0,1.0,10.0,,,,,0.5997804486274719,0.5997804486274719,,,,17.277058947753908,0.5818258240154595,0.17433518667224865,,0.1335855337085238,0.8723452846715405,0.1487742900658565,0.0014328690494891186,0.04221520446549366,1.1756082795987464,,0.0038937691517195007,,75.64195858900715,18.631826546541443,,104.14119526079506,75.54327771618108,24.96665311922693,95.18654438188881,41.4279669986409,17.277034978198397,,0.6931471824645996,,0.07511562094756752,0.20746284334143256,,0.13551784596245758,0.085846370003026,0.23674744794702834,0.005826495575961793,0.5082111001774005,0.1904350690970755,,,,0.2469,4938.0,0.7523456,0.7282119,0.8396791,0.8002172,0.63228196,0.6736364,0.71030784,0.6828921,0.505549967288971,0.5755587840080261,0.725800096988678,0.5755587840080261,0.167,167.0,0.39075836157061733,0.4333191829056572,0.4323493665451235,0.26592140605079545,0.29539493464131583,0.3014842249757364,0.24666657350866147,0.23984254216907766,0.26271522913249307,0.009757382970135314,0.015623668578313554,0.01041240498058475,0.037241521449512004,0.06965611358188234,0.03715646952133023,0.02383502954117448,0.030432744784715856,0.022680972503068133,0.6975,0.7659091,0.8562016,0.7582237,0.8890244,0.638189,0.5283464,0.67121214,0.5035500526428223,0.5755628335475922,0.724250078201294,0.5755628335475922,0.197,197.0,0.40667260935198757,0.4549781214625596,0.4498541048846712,0.2714728908989046,0.2742621165036734,0.29617656716026747,0.21695755072619122,0.2162000685693921,0.22800569299259846,0.02685999110890204,0.025294264709222882,0.025132574382169304,0.04176030476062538,0.04644157897563064,0.037482790309997176,0.030832138309084507,0.027569387609700933,0.021783048572931736,0.75080645,0.74414414,0.8576642,0.8118321,0.5934959,0.65877193,0.7069106,0.65437955,0.5045500099658966,0.5755608087778091,0.725025087594986,0.5755608087778091,0.182,182.0,0.3987154854613024,0.4441486521841084,0.44110173571489736,0.26869714847485004,0.2848285255724946,0.29883039606800194,0.23181206211742633,0.22802130536923487,0.24536046106254578,0.018308687039518677,0.020458966643768218,0.017772489681377027,0.03950091310506869,0.05804884627875649,0.037319629915663705,0.027333583925129495,0.029001066197208394,0.022232010537999933,0.7241532,0.7550266,0.8569329,0.78502786,0.7412602,0.6484805,0.6176285,0.66279584,2026-10-04T18:03:40.759717
48,0.7300176620483398,0.5021876692771912,0.5660472785949707,0.7299504280090332,0.5660472785949707,0.8202848747253418,0.9034911016464233,2.158383278274536,0.08023495157361031,2.6718475246429443,2.0,1.0,10.0,,,,,0.6038338892936707,0.6038338892936707,,,,17.25283908996582,0.62945512734401,0.16976378206756843,,0.1349141459651054,0.861546820895687,0.1718158402545437,0.0014663016513304394,0.04346484778698083,1.5140945890526862,,0.004036672764819614,,75.60611890076072,18.60814474798312,,104.14234652185137,75.50829208276834,24.941890935229647,95.18723059004279,41.47477075856203,17.25281918276647,,0.6931471824645996,,0.07571089096889375,0.2085444021756482,,0.13661383177824082,0.08692004469929228,0.23953563867101244,0.005941603676813423,0.5133968713177237,0.19243280209933117,,,,0.25715,5143.0,0.7563352,0.73181635,0.846038,0.8002962,0.6285631,0.679697,0.7147226,0.6813849,0.5023000240325928,0.5791198270320892,0.7197000980377197,0.5791198270320892,0.172,172.0,0.3722179813543506,0.4331629179398037,0.4133601468452199,0.2512126488960016,0.2934242884092285,0.26480302158973956,0.20628271952161767,0.2093626300649672,0.21981096025143823,0.006232133785551264,0.011282014099222032,0.008041997280058857,0.026694724984113506,0.06831972759518133,0.033899959515204386,0.03313877622404683,0.03481382601872258,0.03234381442008072,0.71849996,0.7681818,0.82209307,0.7470395,0.8910569,0.6448819,0.5192914,0.6537879,0.4894999861717224,0.5739396076202392,0.7261999249458313,0.5739396076202392,0.189,189.0,0.4322424722580982,0.46907557570868874,0.4632855759676057,0.3024904894296662,0.2996050634890532,0.3143694268762677,0.217253337371242,0.21817308828834794,0.21778477287737777,0.030783065352764497,0.028437747030736607,0.02940251963017922,0.05499689616044898,0.0718045788222932,0.052033783798397626,0.024064158830136,0.02242779529436945,0.016644915737412357,0.7645162,0.74729735,0.8569343,0.8034351,0.5922764,0.6666667,0.7069106,0.6569343,0.4959000051021576,0.5765297173261642,0.7229500114917755,0.5765297173261642,0.1805,180.5,0.4022302268062244,0.4511192468242462,0.4383228614064128,0.27685156916283393,0.2965146759491408,0.2895862242330036,0.21176802844642983,0.21376785917665758,0.218797866564408,0.01850759956915788,0.01985988056497932,0.018722258455119038,0.04084581057228124,0.07006215320873727,0.042966871656801006,0.028601467527091418,0.028620810656546015,0.024494365078746538,0.74150807,0.75773954,0.83951366,0.7752373,0.7416667,0.6557743,0.613101,0.6553611,2026-10-04T18:07:42.194564
49,0.730997622013092,0.49784502387046814,0.5636262909412384,0.7315824627876282,0.5636262909412384,0.8253646265029907,0.9091352684020996,2.225997256088257,0.09683256217241287,2.676695253372192,2.0,1.0,10.0,,,,,0.593416143989563,0.593416143989563,,,,17.2252642578125,0.6212897858801921,0.18191554734281673,,0.14076394976893808,0.8239476333378227,0.1574264999692607,0.0014576302121310336,0.04309358374233459,1.3905405276899885,,0.004192522637046292,,75.57027848359127,18.584601493398097,,104.14220564532432,75.47326183926528,24.915254605044225,95.18779059732036,41.52395663899221,17.225251835622604,,0.6931471824645996,,0.0763243228007274,0.2096871337883032,,0.1377309732566214,0.08797778668487148,0.2423794782085783,0.006014556057490171,0.5186121543501593,0.1937786856084872,,,,0.25055,5011.0,0.75176424,0.7404954,0.8340333,0.80341625,0.6353583,0.6858586,0.71368974,0.68739307,0.4864500164985657,0.5834840822219849,0.7221499681472778,0.5834840822219849,0.176,176.0,0.41553670122955255,0.4397988353521678,0.4375848866080377,0.28870757485652554,0.28549714976874857,0.2852928593810802,0.2301050596441755,0.22347715614122626,0.23271300562407468,0.010212938286586074,0.013389591621721061,0.012975212409119917,0.038998087799167504,0.0689040492629737,0.042977587597368666,0.034300163627465255,0.03589434795942959,0.036744859720009834,0.7,0.7745455,0.83023256,0.75164473,0.89065045,0.6440945,0.5212599,0.6670455,0.4992000162601471,0.5828658299446106,0.7284001111984253,0.5828658299446106,0.196,196.0,0.4222565552770766,0.46940414854207724,0.4612791552828355,0.28562000275213834,0.29534922631627625,0.3021201878957267,0.21371366150417,0.21185053152271588,0.21711654609442538,0.02899445322878186,0.022779395193289826,0.026970801674809017,0.05799390234096931,0.06713482609718248,0.05937006388621696,0.03784389317847852,0.037169815529780575,0.036408249739672195,0.77862906,0.7545045,0.8572993,0.8,0.59308946,0.65789473,0.703252,0.6671533,0.4928250163793564,0.5831749560832977,0.7252750396728516,0.5831749560832977,0.186,186.0,0.4188966282533146,0.4546014919471225,0.44943202094543655,0.2871637888043319,0.29042318804251244,0.29370652363840344,0.22190936057417276,0.21766384383197107,0.22491477585925002,0.01960369575768397,0.018084493407505443,0.019973007041964468,0.04849599507006841,0.0680194376800781,0.051173825741792814,0.036072028402971884,0.03653208174460508,0.03657655472984102,0.73931456,0.764525,0.843766,0.7758224,0.7418699,0.65099466,0.61225593,0.66709936,2026-10-04T18:11:43.428537
50,0.7310051918029785,0.5003323554992676,0.5623409705638885,0.7310329675674438,0.5623409705638885,0.8233459331512452,0.9068922771453858,2.211252113723755,0.09679133362174035,2.629061371612549,2.0,1.0,10.0,,,,,0.6036844500541687,0.6036844500541687,,,,17.20274790649414,0.629088909857592,0.16597209949117558,,0.13620224319825505,0.8086652116031404,0.13637900093843222,0.0014073014805081544,0.041587988306192834,1.0200138310338283,,0.003924197926828163,,75.5345273351973,18.560677169994186,,104.14352276067065,75.43792389304775,24.888853668407272,95.18724235000124,41.58136236591704,17.20274029871461,,0.6931471824645996,,0.0769813951982814,0.21079535535566366,,0.13887680459554028,0.08896007502724411,0.2447208120564746,0.0060442752341271205,0.5242216807262153,0.19640002537305187,,,,0.25,5000.0,0.75308746,0.73207814,0.84057057,0.803989,0.63878506,0.68589896,0.70897126,0.68389004,0.5046000480651855,0.5740704975128174,0.7252999544143677,0.5740704975128174,0.186,186.0,0.4313994964628578,0.4879532869965106,0.48110638627218083,0.29076632945053776,0.29685072492383374,0.32321999663654166,0.2561721607756736,0.2532636434739495,0.2735079487240303,0.005363877148307512,0.014951644573727907,0.012934391295502374,0.024866250084512678,0.050925749656386,0.03509911889910292,0.013574272079844215,0.01932900988351344,0.022161139959838268,0.72050005,0.7563637,0.8162791,0.7631579,0.90162605,0.6468504,0.5251969,0.67424244,0.5090499520301819,0.5724466161727906,0.7259500026702881,0.5724466161727906,0.183,183.0,0.4102147657829424,0.4540018795312763,0.4489707143133089,0.3016288676066732,0.2983709366690072,0.3112767439124651,0.23254650330832174,0.2333714036968167,0.2344520126941976,0.03137117477693966,0.030723987883672605,0.03267707454185815,0.04872682791305752,0.05967502488009605,0.05028880677890776,0.03609853307289675,0.033406178134973964,0.029272646484396134,0.76693547,0.73153156,0.84927005,0.8187023,0.5943089,0.6662281,0.69959354,0.66386867,0.5068250000476837,0.5732585568428039,0.7256249785423279,0.5732585568428039,0.1845,184.5,0.42080713112290014,0.47097758326389344,0.4650385502927449,0.2961975985286055,0.2976108307964205,0.31724837027450337,0.24435933204199767,0.24331752358538308,0.25397998070911393,0.018367525962623588,0.022837816228700257,0.022805732918680263,0.0367965389987851,0.055300387268241026,0.04269396283900534,0.024836402576370483,0.026367594009243704,0.0257168932221172,0.7437178,0.7439476,0.8327746,0.7909301,0.7479675,0.65653926,0.6123952,0.6690556,2026-10-04T18:15:44.265738
51,0.7294875383377075,0.49828481674194336,0.5662115886688233,0.7301601767539978,0.5662115886688233,0.8251893137931824,0.9089404744148254,2.251539959716797,0.07697749516963959,2.7795921607971192,2.0,1.0,10.0,,,,,0.614990040397644,0.614990040397644,,,,17.177715158081053,0.7140978792100955,0.1789528570689593,,0.14153117159749293,0.8283723790174836,0.170170203800414,0.0014244563685534345,0.04310411439057748,1.5043037628671925,,0.004222364389933764,,75.4980665559222,18.539118432694938,,104.14707596894283,75.40282999026547,24.86250652629099,95.18684319174214,41.65199884791283,17.17768318030485,,0.6931471824645996,,0.07764091352178792,0.21243890958606818,,0.14002171832664756,0.08994528912245088,0.24712638680342655,0.006034103334899161,0.5303940864125635,0.19829208446536095,,,,0.25185,5037.0,0.75545305,0.7302457,0.8419176,0.80284363,0.6332555,0.6818182,0.7121709,0.6827088,0.5031999945640564,0.5692410855293274,0.7305499911308289,0.5692410855293274,0.181,181.0,0.41510523017626877,0.44822913611084725,0.4467227728677746,0.2753765265976821,0.3059548994366514,0.3055772379152977,0.24364539394376358,0.2458763143924881,0.25652902973259656,0.02679764814400065,0.032617894434808996,0.03371112207141358,0.034378903170840816,0.05914294370741422,0.04881554674198908,0.026594037359390196,0.0275187407223199,0.032140644267201125,0.705,0.78318185,0.8709302,0.75986844,0.90081304,0.65393704,0.5086614,0.6636363,0.4891999363899231,0.5635570526123047,0.7330499291419983,0.5635570526123047,0.209,209.0,0.40682989530018315,0.44436725565048946,0.44899683971059823,0.29723715388093536,0.28655287138951024,0.3223221814839228,0.23233285160869452,0.23676604559977307,0.2438152049405631,0.03151029291319883,0.03192530110484829,0.03384952003603712,0.043602148324983714,0.055326888861398894,0.050033887606629905,0.032253709422093775,0.02818517543970634,0.027843636196495367,0.7770161,0.754955,0.8572993,0.8167939,0.5914634,0.6662281,0.71178865,0.6729927,0.49619996547698975,0.566399069070816,0.7317999601364136,0.566399069070816,0.195,195.0,0.410967562738226,0.4462981958806683,0.4478598062891864,0.28630684023930875,0.29625388541308084,0.3139497096996102,0.23798912277622905,0.2413211799961306,0.25017211733657985,0.02915397052859974,0.032271597769828644,0.033780321053725346,0.038990525747912265,0.05723491628440656,0.04942471717430949,0.029423873390741984,0.027851958081013123,0.029992140231848246,0.74100804,0.7690684,0.86411476,0.78833115,0.7461382,0.6600826,0.610225,0.6683145,2026-10-04T18:19:45.131871
52,0.7324801087379456,0.5008772611618042,0.560470363521576,0.7329301238059998,0.560470363521576,0.8260303292274475,0.909874935913086,2.2462593912124635,0.07932959229946136,2.6938998188018797,2.0,1.0,10.0,,,,,0.6106416159629822,0.6106416159629822,,,,17.147288592529296,0.6328516876811434,0.16535806856385082,,0.1379660601211581,0.8107703150647461,0.17501753260185765,0.0013544959128110605,0.04286322482879375,1.5605518457236562,,0.003925737622713041,,75.46193797117586,18.51501581471437,,104.15082477156524,75.36766115419424,24.837041624032768,95.18955250150839,41.71101578633497,17.14727170907768,,0.6931471824645996,,0.0781845103498477,0.2135709993968344,,0.1410920040053167,0.09094292575576503,0.25118337059096923,0.006129215969733751,0.5359596629051646,0.19976342236919767,,,,0.25605,5121.0,0.76170814,0.73487717,0.83961964,0.80870855,0.625662,0.68589896,0.71676797,0.6897556,0.5019500255584717,0.5760027720928192,0.7252500653266907,0.5760027720928192,0.198,198.0,0.40592980899734027,0.4782302482972173,0.4512782718152301,0.26840326781599677,0.3264863429822053,0.28533145948120664,0.23359667147086957,0.24891784052580487,0.2582203605608285,0.0030092974873821513,0.018868108715536312,0.008056387446379761,0.0280612798459005,0.0788954057369446,0.04051280696263848,0.03691462394000089,0.04320759313554999,0.042476187906451454,0.73,0.7868182,0.84844965,0.74013156,0.8922764,0.64527565,0.5133859,0.6579545,0.5049499869346619,0.5990829577445984,0.7223500609397888,0.5990829577445984,0.22,220.0,0.3955615410926398,0.4499302817645969,0.44382943586458734,0.2550600907071696,0.27258519107031565,0.2953799730174721,0.219053611218959,0.21626926159613544,0.22549085274359373,0.029357816501228807,0.02946658042257144,0.029079134726689503,0.046527681439377154,0.06181011195928825,0.04727156035216861,0.030930364328468143,0.03130521723915583,0.023956699373533764,0.766129,0.75990987,0.85656935,0.78664124,0.5813008,0.6530702,0.702439,0.6587591,0.5034500062465668,0.5875428649187089,0.7238000631332397,0.5875428649187089,0.20900000000000002,209.0,0.40074567504499004,0.46408026503090705,0.44755385383990876,0.2617316792615832,0.2995357670262605,0.29035571624933937,0.22632514134491427,0.23259355106097016,0.24185560665221112,0.01618355699430548,0.024167344569053874,0.018567761086534632,0.03729448064263883,0.07035275884811643,0.04389218365740355,0.03392249413423452,0.03725640518735291,0.03321644363999261,0.7480645,0.77336407,0.8525095,0.76338637,0.73678863,0.6491729,0.6079124,0.6583568,2026-10-04T18:23:45.534220
53,0.7312146425247192,0.4983752369880676,0.5627024359226227,0.7316253185272217,0.5627024359226227,0.8263283248901367,0.9102060433387756,2.244777671813965,0.0751041966855526,2.8350932764053343,2.0,1.0,10.0,,,,,0.6278238377571106,0.6278238377571106,,,,17.12323878173828,0.6688529884169816,0.1563039232686067,,0.1270150613680387,0.8240319976381435,0.1583740629587963,0.0013384156887105126,0.0415565106709292,1.389376232009025,,0.0035454686447476767,,75.42582318737249,18.494823698784895,,104.1500057050377,75.33235207332928,24.813166016985658,95.18971218424997,41.7712879059421,17.123217418694953,,0.6931471824645996,,0.07886889928085788,0.21530165736842308,,0.14211504028481284,0.09186018799330778,0.25401420843829015,0.006273619691206581,0.5414885760872228,0.20217800757307916,,,,0.24795,4959.0,0.7520048,0.73159486,0.8395603,0.8059439,0.63043225,0.68430305,0.7179223,0.6906721,0.49719998240470886,0.5662495703697205,0.7288000583648682,0.5662495703697205,0.165,165.0,0.38209246490906834,0.42236565852665103,0.42233687649563384,0.23974450387327848,0.2962467464672355,0.28371365393349757,0.2254147774492585,0.22853511840273916,0.24674912791207518,0.01705885126277864,0.014104882858759821,0.013323467940397536,0.08058614373704355,0.08909977909572793,0.07278008717556109,0.040488002450447674,0.04383359723370811,0.03885254316961106,0.6865,0.775,0.8612403,0.7575658,0.90081304,0.6488189,0.52755904,0.6700758,0.5049499869346619,0.5676757938861847,0.7292999625205994,0.5676757938861847,0.188,188.0,0.41708031094920084,0.44957103938652954,0.4508667541028893,0.266241186807103,0.2914386985342412,0.29606704952091273,0.22164368581705007,0.2194807159090795,0.23474150864966684,0.03297348116561477,0.032825069288162,0.03497449699017519,0.057474982408011493,0.06512582567176324,0.05871027464398562,0.030646807536834495,0.02962697379111302,0.02343385383306715,0.7758065,0.7635135,0.8572993,0.8148855,0.58983743,0.6561404,0.7,0.6620438,0.5010749846696854,0.5669626821279525,0.7290500104427338,0.5669626821279525,0.1765,176.5,0.3995863879291346,0.4359683489565903,0.43660181529926156,0.25299284534019073,0.29384272250073834,0.2898903517272051,0.2235292316331543,0.22400791715590934,0.240745318280871,0.025016166214196705,0.02346497607346091,0.024148982465286364,0.06903056307252753,0.07711280238374559,0.06574518090977335,0.03556740499364108,0.03673028551241057,0.031143198501339106,0.73115325,0.7692567,0.85926986,0.7862257,0.7453252,0.65247965,0.61377954,0.6660598,2026-10-04T18:27:46.535126
54,0.7319402694702148,0.5025849342346191,0.5612036201953888,0.7322100400924683,0.5612036201953888,0.8219993579864502,0.9053960837364197,2.208813912010193,0.07955000718235969,2.7544178470611573,2.0,1.0,10.0,,,,,0.6329989006996155,0.6329989006996155,,,,17.099886611938476,0.5585609869972156,0.1410203466702039,,0.12086994015866784,0.803951279372926,0.16440863190752686,0.0013226345741296792,0.04184908342731607,1.5450214158008053,,0.00401578075196861,,75.38969042346736,18.472327772978765,,104.15014964304153,75.29694079745347,24.788928135185486,95.19017733434204,41.82071522998202,17.099860525434945,,0.6931471824645996,,0.07948515986561015,0.21666809394481076,,0.14308970189018613,0.09276269623048745,0.2569290025598684,0.006398342122697526,0.5464671952709271,0.20440288001944304,,,,0.26045,5209.0,0.760826,0.7281716,0.8387282,0.8036137,0.6295561,0.68907076,0.7181045,0.6891242,0.5073999762535095,0.5765000128746033,0.7279999852180481,0.5765000128746033,0.195,195.0,0.4237458274226392,0.4486966480638168,0.4570622408332785,0.26905215017665723,0.2792062678648956,0.2936018464691199,0.2285139371851512,0.22862713345299554,0.24035349363021502,0.016662208397861616,0.022878666787297417,0.022956936356248292,0.04642464576507757,0.07370417467356605,0.06026914392770265,0.044086667281229154,0.04810516692461554,0.05191160426375248,0.72800004,0.7686364,0.8624031,0.7496711,0.8845529,0.64803153,0.51968503,0.6693182,0.49855002760887146,0.5888015465736389,0.7237500548362732,0.5888015465736389,0.21,210.0,0.4010502074466195,0.43350195449165885,0.44100234526654497,0.2720267072584673,0.2761423215253855,0.30028603508508833,0.21708385950742934,0.22033751638205448,0.2278821603151834,0.025898734615336403,0.026216885147088188,0.030777599899013568,0.0451016687143446,0.05418010253253006,0.051821202118156634,0.026515684899208438,0.025009709159141993,0.024230185357466873,0.75967747,0.7567568,0.85656935,0.7916031,0.59105694,0.6513158,0.7069106,0.66131383,0.5029750019311905,0.5826507797241212,0.7258750200271606,0.5826507797241212,0.2025,202.5,0.41239801743462934,0.44109930127773783,0.44903229304991177,0.27053942871756226,0.27767429469514054,0.2969439407771041,0.22279889834629027,0.224482324917525,0.23411782697269923,0.021280471506599008,0.024547775967192802,0.02686726812763093,0.04576315723971108,0.06394213860304805,0.05604517302292964,0.035301176090218794,0.03655743804187877,0.03807089481060968,0.7438388,0.7626966,0.8594862,0.7706371,0.7378049,0.6496737,0.6132978,0.665316,2026-10-04T18:31:48.099780
55,0.7333949208259583,0.49870985746383667,0.5607153406143188,0.7330455780029297,0.5607153406143188,0.8187846722602844,0.9018242115020751,2.164532766532898,0.07989653528928757,2.673180394363403,2.0,1.0,10.0,,,,,0.634028882408142,0.634028882408142,,,,17.07473666381836,0.564879145971529,0.17061924133568432,,0.13618854510413994,0.7929417322016066,0.16981885423231277,0.0014180825666560062,0.04380240102719729,1.5707290654729127,,0.0037121775910995344,,75.35431063706707,18.448123919736048,,104.15155199378918,75.26162875230145,24.764141301440585,95.18848978030454,41.895592391870586,17.074718135177708,,0.6931471824645996,,0.0801928227969036,0.2176814930644005,,0.1440771490715112,0.09363158507521745,0.2600353618336331,0.006448084782144636,0.5526804115362228,0.20647981791359604,,,,0.25945,5189.0,0.75441056,0.7351188,0.8412639,0.8031793,0.6363902,0.69155556,0.7130215,0.68871695,0.4946000277996063,0.560329672574997,0.7348000407218933,0.560329672574997,0.198,198.0,0.43868745892582783,0.4771617340982493,0.48017809562092856,0.28727304530558156,0.29905963927204743,0.3225383966916271,0.26503055959106214,0.2693861857700467,0.28716408834498386,0.029134819645121338,0.030672371537633174,0.03645072104568753,0.07441186359283891,0.09092058844405072,0.08353759679449109,0.03765538234484089,0.037827799473348994,0.044197015669813114,0.7,0.7677273,0.9050388,0.76085526,0.8955285,0.6562992,0.52559054,0.66439396,0.508899986743927,0.6079996461868287,0.72350013256073,0.6079996461868287,0.227,227.0,0.39970183971237017,0.44702859901467384,0.44186215361203607,0.2579915913757884,0.2765546937926726,0.2952354439462483,0.21748979218552203,0.21745089991126268,0.22607717124584523,0.038558383603756984,0.035636647188348226,0.03815437712595547,0.06751837043565811,0.06951245477004674,0.0639312885901129,0.045113560485478744,0.041228256351055724,0.039518680032781035,0.77338713,0.7387387,0.83576643,0.8110687,0.58983743,0.6570175,0.71178865,0.6558394,0.5017500072717667,0.5841646593809129,0.7291500866413116,0.5841646593809129,0.21250000000000002,212.5,0.419194649319099,0.46209516655646155,0.46102012461648234,0.272632318340685,0.28780716653236005,0.3088869203189377,0.24126017588829207,0.24341854284065467,0.25662062979541456,0.03384660162443916,0.0331545093629907,0.0373025490858215,0.07096511701424851,0.08021652160704873,0.073734442692302,0.041384471415159815,0.03952802791220236,0.04185784785129708,0.73669356,0.753233,0.8704026,0.785962,0.74268293,0.65665835,0.6186896,0.6601167,2026-10-04T18:35:48.898846
56,0.7337623238563538,0.500527560710907,0.5567550611495972,0.734139621257782,0.5567550611495972,0.8201967949867248,0.9033932375907898,2.1579194217681885,0.08156962690353393,2.7000951751708984,2.0,1.0,10.0,,,,,0.6304465866088867,0.6304465866088867,,,,17.05161416015625,0.5826179675615517,0.14989936427705608,,0.1319888699918416,0.7991710047053683,0.15923193139824898,0.001399899370209047,0.04250993726739458,1.4169804510796906,,0.0037210908055507167,,75.31859763564577,18.42700475947872,,104.15295468470093,75.22636063691158,24.740358389107286,95.19046919512901,41.96067314390923,17.051600109999345,,0.6931471824645996,,0.08083321092424879,0.21900941232207474,,0.1450979676406095,0.09448896111196774,0.2628368885274146,0.006605748549863032,0.5583783490642621,0.20880949715520167,,,,0.26535,5307.0,0.75827986,0.7401531,0.8352219,0.80369276,0.6336254,0.6856768,0.7253341,0.6907332,0.4872499704360962,0.5982548861503602,0.7164999842643738,0.5982548861503602,0.198,198.0,0.38165705829814867,0.44201504027403316,0.436839477357995,0.2391006722905614,0.2545010416481743,0.2741855232212151,0.1842641827791426,0.18437160418648205,0.2074317110821014,0.014978717824089884,0.024221396568072734,0.02321102656026175,0.02061871505294583,0.05712844327549372,0.03082705874229841,0.01308415845460693,0.017768573394854083,0.020242763342428746,0.70849997,0.7654546,0.8802326,0.73618424,0.8605691,0.6322835,0.4937008,0.6602273,0.49535006284713745,0.6108069658279419,0.7167500257492065,0.6108069658279419,0.219,219.0,0.40797645594719123,0.4529448655790204,0.4617876799117437,0.27999431822457144,0.26049427187181606,0.30849784366179667,0.2535879936573104,0.2504507669338844,0.2616491829680687,0.03474735380214884,0.032233910076756425,0.0382026145564992,0.05050590734811978,0.052047959778547315,0.05337418142959905,0.03480227106608941,0.0325554927336217,0.029540779146974075,0.746371,0.72882885,0.82883215,0.79236645,0.5971545,0.6535088,0.698374,0.6722628,0.4913000166416168,0.604530925989151,0.7166250050067902,0.604530925989151,0.20850000000000002,208.5,0.39481675712266995,0.44747995292652676,0.4493135786348693,0.25954749525756643,0.25749765675999514,0.2913416834415059,0.2189260882182265,0.21741118556018324,0.23454044702508506,0.024863035813119362,0.02822765332241458,0.030706820558380473,0.035562311200532805,0.05458820152702051,0.04210062008594873,0.02394321476034817,0.025162033064237893,0.024891771244701412,0.72743547,0.7471417,0.85453236,0.7642753,0.7288618,0.6428962,0.5960374,0.66624504,2026-10-04T18:39:49.989554
57,0.730172336101532,0.4999127984046936,0.555359109210968,0.7340449094772339,0.555359109210968,0.8206614074707032,0.9039094747543335,2.160240369224548,0.08618406155705452,2.699187225341797,2.0,1.0,10.0,,,,,0.6382581581115723,0.6382581581115723,,,,17.031754870605468,0.5925249873073237,0.14116132548850052,,0.12639538526155386,0.8008645970350617,0.14484936993118305,0.0014028954213992308,0.04269363038289319,1.2911337445116347,,0.004242260128617061,,75.28275299072266,18.402261405993418,,104.15395948082019,75.19113266088401,24.715713525273998,95.19282969092107,42.04318475419549,17.031741877270353,,0.6931471824645996,,0.08147648835827591,0.21981322974156423,,0.1460373015350597,0.09531188210484329,0.26515635772115864,0.006684427167389803,0.564722066092643,0.21144698341940618,,,,0.26375,5275.0,0.75781876,0.73395085,0.84308636,0.8067536,0.6287383,0.68852526,0.717416,0.6956619,0.4902499318122864,0.5604754185676575,0.7338999509811401,0.5604754185676575,0.212,212.0,0.440265141048844,0.484393242428605,0.5059884848713202,0.3158582239359124,0.27408099257845786,0.35918752487662625,0.28534170864950464,0.2889911900017923,0.31215596463613854,0.016081461016817556,0.014492197083254287,0.019450424906867013,0.050112185529154765,0.05524178829906702,0.061156559841802155,0.029285818082137878,0.028667368813137008,0.03561950999127942,0.71099997,0.77363634,0.86201555,0.76644737,0.89837396,0.66574806,0.5251969,0.6685606,0.5066500306129456,0.5934391441345215,0.7283499836921692,0.5934391441345215,0.245,245.0,0.418678980459056,0.45909107797756465,0.46593569882805075,0.3085876718401792,0.29763048538316894,0.33976524174616296,0.25620378456716486,0.25014789606259724,0.2590842144979947,0.043421415510272905,0.0365744476582077,0.04338286287711531,0.06919156351519834,0.06868933951671295,0.06747487344779417,0.04819722072885927,0.04512479779631982,0.0408860931066875,0.76532257,0.7454955,0.8576642,0.8133588,0.58252037,0.6570175,0.7134146,0.6740876,0.49844998121261597,0.5769572813510895,0.7311249673366547,0.5769572813510895,0.22849999999999998,228.5,0.42947206075395,0.4717421602030848,0.4859620918496855,0.31222294788804583,0.2858557389808134,0.34947638331139463,0.2707727466083347,0.26956954303219477,0.28562008956706664,0.029751438263545232,0.02553332237073099,0.03141664389199116,0.05965187452217655,0.06196556390788999,0.06431571664479815,0.038741519405498574,0.03689608330472841,0.03825280154898346,0.73816127,0.75956595,0.8598399,0.78990304,0.74044716,0.6613828,0.61930573,0.67132413,2026-10-04T18:43:50.461709
58,0.7351624965667725,0.5003297924995422,0.5521032727718354,0.7366702556610107,0.5521032727718354,0.814023684501648,0.8965342250823974,2.107432171821594,0.0753128857254982,2.5528963291168214,2.0,1.0,10.0,,,,,0.6444410758018494,0.6444410758018494,,,,17.011367489624025,0.5337149419222668,0.15936054393744012,,0.1370476277153583,0.7973784166536514,0.15627417737131666,0.0014512142463836367,0.04404452144150521,1.4056878162037796,,0.003557899411824075,,75.24725798588649,18.379417504474617,,104.15642265757178,75.15615708660927,24.69201102530121,95.19303145681977,42.12879574526647,17.011354215585502,,0.6931471824645996,,0.08206011378651212,0.2210744593743306,,0.14708970088487977,0.09621195490383039,0.26802382822249343,0.006689657199131265,0.5712230759821121,0.21397510066533545,,,,0.2817,5634.0,0.7576183,0.7417841,0.84314585,0.8061414,0.6381231,0.6929697,0.7173552,0.6956619,0.49334999918937683,0.5615810244083405,0.7231000661849976,0.5615810244083405,0.187,187.0,0.4507846145218616,0.49829346421132,0.4977074400647418,0.2830683422253946,0.2617192834284743,0.311790995397054,0.279264038843396,0.27272554337050686,0.2957416335185149,0.024841112208818707,0.03549354038705969,0.029141866870720526,0.03174027360077395,0.07279931089471116,0.041231879967780584,0.02474718112942072,0.02788781572204746,0.018638880635252597,0.6825,0.7713636,0.7972868,0.76447374,0.90365857,0.6594488,0.5232284,0.6787879,0.49584996700286865,0.5607593812942505,0.7337499856948853,0.5607593812942505,0.215,215.0,0.41750057088209297,0.4664848682033114,0.46469132696340004,0.2805807441478039,0.29751798582435357,0.3079420373489952,0.24312749414631,0.2410686042045283,0.2517077372074081,0.04203499372342083,0.038693784979623426,0.04108730258051415,0.06728885965807693,0.07168812889835527,0.06628065778983544,0.04359492340370186,0.04157662683710392,0.03797750110064892,0.7935484,0.7644144,0.85802925,0.80877864,0.5821138,0.6671053,0.70731705,0.6740876,0.49459998309612274,0.5611702028512955,0.7284250259399414,0.5611702028512955,0.201,201.0,0.4341425927019773,0.4823891662073157,0.48119938351407093,0.2818245431865992,0.2796186346264139,0.30986651637302465,0.261195766494853,0.2568970737875176,0.27372468536296146,0.03343805296611977,0.037093662683341556,0.035114584725617334,0.04951456662942544,0.07224371989653322,0.05375626887880801,0.03417105226656129,0.03473222127957569,0.028308190867950757,0.73802423,0.767889,0.82765806,0.7866262,0.7428862,0.66327703,0.61527276,0.67643774,2026-10-04T18:47:51.929814
59,0.7357024550437927,0.4997928738594055,0.5545573408603668,0.7367128133773804,0.5545573408603668,0.8160534299850464,0.8987894950866699,2.1307217809677126,0.0739240840613842,2.53938374710083,2.0,1.0,10.0,,,,,0.6484783866882324,0.6484783866882324,,,,16.9872822845459,0.4764685250913641,0.15454085493922992,,0.13045633938993997,0.7923069021124749,0.17820086482034367,0.001473587370406433,0.045519365294344104,1.7634174633937276,,0.004032132025881504,,75.2114995482621,18.356837217974814,,104.15815914664299,75.12099461646596,24.669154015316327,95.19244486814851,42.2019343770993,16.98726238566599,,0.6931471824645996,,0.08264611765837214,0.2224672399698549,,0.1480423791962824,0.09707731364449118,0.27115659937737097,0.006834560607791327,0.5771308389438945,0.21603389739230938,,,,0.27455,5491.0,0.7543304,0.7456505,0.8357567,0.810861,0.63557243,0.6916768,0.7144188,0.70509166,0.49465006589889526,0.5842048668861389,0.7231500148773193,0.5842048668861389,0.201,201.0,0.4125581123694851,0.4584279998966747,0.45870889084079314,0.2792913728459888,0.3089135373457185,0.3128017405283889,0.24506336618397162,0.24490894000002578,0.26545830080133287,0.021278227846695485,0.026021894765909985,0.02985925000809914,0.06180163324253226,0.07060483356671568,0.07760448210983492,0.06455853591737931,0.06557400167083435,0.06605022708781945,0.71,0.7686364,0.7910853,0.7651316,0.9012195,0.6633858,0.51220477,0.675,0.5092999935150146,0.5666321024894715,0.7328001260757446,0.5666321024894715,0.207,207.0,0.38063474712165174,0.43781390674662823,0.4331084126659753,0.24794677331432352,0.28833531426767145,0.3013608102371335,0.2239220690992781,0.22592401449470004,0.2386653909211568,0.02919343689158816,0.02767633044659013,0.03371726859319124,0.05535517498963593,0.06634005800475469,0.0623451476313494,0.031616781987541885,0.02864318064991289,0.027860147843464026,0.7693549,0.7567568,0.85802925,0.81564885,0.58943087,0.66798246,0.71097565,0.6781022,0.501975029706955,0.5754184846878052,0.727975070476532,0.5754184846878052,0.20400000000000001,204.0,0.3965964297455684,0.44812095332165147,0.44590865175338423,0.2636190730801562,0.298624425806695,0.3070812753827612,0.23449271764162485,0.23541647724736292,0.2520618458612448,0.02523583236914182,0.02684911260625006,0.03178825930064519,0.058578404116084094,0.06847244578573519,0.06997481487059216,0.0480876589524606,0.04710859116037362,0.046955187465641736,0.7396774,0.7626966,0.8245573,0.79039025,0.7453252,0.6656841,0.6115902,0.6765511,2026-10-04T18:51:53.175111
60,0.7359178066253662,0.49901244044303894,0.5513978796958924,0.7369327545166016,0.5513978796958924,0.8167519540786743,0.8995656370162964,2.1290289447784425,0.07918075901269912,2.622898875808716,2.0,1.0,10.0,,,,,0.658418466091156,0.658418466091156,,,,16.96581485290527,0.5503764727692695,0.1502886111284517,,0.13420704951521698,0.7635901446934719,0.14385676849040258,0.0014340796257268377,0.0440929495747302,1.2504694992379777,,0.004200054373767132,,75.17540979081659,18.334525904078394,,104.15983280254777,75.08588161589994,24.646342380790955,95.19585690832442,42.2814826236409,16.965789418311637,,0.6931471824645996,,0.08323452541023303,0.22346390850225073,,0.14903036509729495,0.0978962765282886,0.2739321559098116,0.006909794785129797,0.5831578301775987,0.21869161781991364,,,,0.26815,5363.0,0.7611267,0.7346758,0.8367472,0.81212485,0.6356503,0.6952121,0.71563387,0.70389,0.49785006046295166,0.5760343561172485,0.7192000150680542,0.5760343561172485,0.22,220.0,0.4159823076481731,0.47835037932412966,0.4771018474562374,0.2611285306979303,0.26043425988692376,0.30051425817959565,0.24020339618123346,0.24259383945253815,0.26553221737879745,0.03263233108385295,0.04083482671294852,0.0492151845553068,0.03661152476898489,0.05420182047471137,0.0742857144083747,0.05236519643469397,0.05326526715076832,0.06476346952304218,0.7,0.78409094,0.8112403,0.7460526,0.896748,0.64842516,0.5035433,0.6689394,0.4949500262737274,0.5633002004623413,0.7304500341415405,0.5633002004623413,0.238,238.0,0.3988922717290925,0.4660324968304066,0.4529493310696669,0.26193611671483646,0.27990377749128575,0.2887195202970734,0.24862831281438427,0.2502959794797246,0.2607363104278597,0.03817451112017719,0.03025062723484617,0.035549906293600296,0.06726945865504377,0.07443152672331894,0.06441266097506726,0.04553508937165226,0.04012157551240213,0.03630055098286617,0.7802419,0.75810814,0.85656935,0.8026718,0.5914634,0.65482455,0.70162606,0.6813868,0.49640004336833954,0.5696672782897949,0.7248250246047974,0.5696672782897949,0.22899999999999998,229.0,0.4074372896886328,0.47219143807726816,0.4650255892629521,0.26153232370638335,0.27016901868910476,0.2946168892383345,0.24441585449780887,0.24644490946613137,0.2631342639033286,0.03540342110201507,0.03554272697389734,0.04238254542445355,0.05194049171201433,0.06431667359901516,0.06934918769172098,0.048950142903173115,0.04669342133158522,0.050532010252954174,0.74012095,0.77109957,0.83390486,0.7743622,0.7441057,0.65162486,0.6025847,0.67516315,2026-10-04T18:55:53.765493
61,0.7368000745773315,0.49956992268562317,0.5497647104740143,0.738242506980896,0.5497647104740143,0.8185095794677735,0.9015185544013977,2.1414375507354735,0.08339095214605331,2.6242564998626707,2.0,1.0,10.0,,,,,0.6594209139823913,0.6594209139823913,,,,16.94582482299805,0.5571308438755145,0.1503489069925372,,0.1362685059808242,0.788931713552232,0.14945793436591032,0.001423798045840494,0.04340040735947858,1.2778701442442122,,0.0038057786108893314,,75.13965903118158,18.3123634119702,,104.16143959191194,75.05072356788975,24.62195011308998,95.19608029894009,42.34595465204519,16.945810609562383,,0.6931471824645996,,0.0838022720851716,0.2246657228393919,,0.15001870815161686,0.098740695246086,0.27653483847144306,0.006989415915932056,0.5884996470372388,0.2212723467949849,,,,0.2681,5362.0,0.76122695,0.7467781,0.836767,0.8137046,0.6293224,0.6976768,0.7166667,0.703666,0.49985000491142273,0.5857266654968262,0.7270500659942627,0.5857266654968262,0.208,208.0,0.42756012700608487,0.46670793485996875,0.47639382883855524,0.27763356279097456,0.29205982950317044,0.32184953030727836,0.26117048670299847,0.2663962298770366,0.2870264643153051,0.01759980797986507,0.024241740292550735,0.026812158198483,0.04975011193143986,0.08577741031951983,0.07022548134637248,0.05233654964847268,0.050825317647348656,0.05524844471876065,0.7175,0.7681818,0.90620154,0.75625,0.8910569,0.63385826,0.49330708,0.65303034,0.5022500157356262,0.7032676644325256,0.673550009727478,0.7032676644325256,0.207,207.0,0.41391961787393594,0.45299558778358723,0.4546195847458432,0.2988353640701782,0.3061762709287463,0.32192451705839686,0.2549652700417104,0.25766972489912227,0.26089824004156587,0.031495389129263286,0.0320707099542009,0.03667967669612869,0.05500514690949803,0.06799436009219409,0.07349873286038934,0.03222194597408065,0.028093834305396134,0.027556097279391772,0.6798387,0.6981982,0.66240877,0.8,0.58943087,0.61403507,0.70528454,0.63467157,0.5010500103235245,0.6444971649646759,0.7003000378608704,0.6444971649646759,0.2075,207.5,0.42073987244001043,0.45985176132177796,0.4655067067921992,0.28823446343057635,0.2991180502159584,0.3218870236828376,0.25806787837235445,0.2620329773880794,0.27396235217843545,0.024547598554564176,0.028156225123375817,0.031745917447305844,0.052377629420468946,0.07688588520585696,0.07186210710338091,0.04227924781127666,0.039459575976372396,0.04140227099907621,0.6986693,0.73319,0.78430516,0.77812505,0.7402439,0.62394667,0.5992958,0.6438509,2026-10-04T18:59:54.647541
62,0.7383595108985901,0.5001578330993652,0.5484842333316803,0.7394449710845947,0.5484842333316803,0.8146665699005127,0.8972485378265381,2.106099404335022,0.07686104256510734,2.6104433738708495,2.0,1.0,10.0,,,,,0.6669059987068177,0.6669059987068177,,,,16.924223980712892,0.6387035466588227,0.15048403612035474,,0.14038969062648382,0.7882788399602197,0.15584454566809783,0.001388761922301855,0.04327532287188776,1.4617998953078204,,0.004276964346697305,,75.10346805062264,18.289883340240284,,104.16492224043341,75.01602231165405,24.6002318023876,95.19811375125958,42.40854294892329,16.92419981500905,,0.6931471824645996,,0.08440643088642959,0.22576470995784564,,0.15122340856843694,0.09961047574023532,0.2794976557136341,0.007065741810947657,0.5936874208176971,0.22354951045315735,,,,0.2737,5474.0,0.75443065,0.7426702,0.8334192,0.81988543,0.6354556,0.7036566,0.7205346,0.7052546,0.49559998512268066,0.5788661980628967,0.7275000214576721,0.5788661980628967,0.195,195.0,0.437790759184849,0.49301602782662207,0.48099937422864325,0.2851769723141739,0.3280969404171472,0.3095000645197364,0.26097503032495944,0.2656101852589233,0.27861361246877164,0.026232880690870056,0.025127622750861826,0.02978997696624241,0.07224267949948426,0.09266352239220886,0.09266877393492699,0.053707318175121095,0.05255121361617323,0.05420218731171736,0.72400004,0.74863636,0.8511628,0.7519737,0.9040651,0.6547244,0.50826776,0.67992425,0.5128999948501587,0.5865110898017883,0.7299000024795532,0.5865110898017883,0.204,204.0,0.46590407870564327,0.5027543417549764,0.5131353511246413,0.30158998561814077,0.28804807508506297,0.33375456594242936,0.28396186234970566,0.28150694546042143,0.29336189760703163,0.04017008749704828,0.03660170329351903,0.044818808489907436,0.06443523638704735,0.07585072293347765,0.07538908874730572,0.04766885802035829,0.04563896205823935,0.045997999883420244,0.7608871,0.76036036,0.85583943,0.8125954,0.5869919,0.65877193,0.71260166,0.67518246,0.5042499899864197,0.5826886439323425,0.7287000119686127,0.5826886439323425,0.1995,199.5,0.45184741894524616,0.49788518479079924,0.49706736267664225,0.29338347896615735,0.30807250775110506,0.3216273152310829,0.2724684463373326,0.2735585653596724,0.28598775503790164,0.03320148409395916,0.030864663022190427,0.037304392728074925,0.0683389579432658,0.08425712266284326,0.08402893134111636,0.0506880880977397,0.049095087837206286,0.0501000935975688,0.74244356,0.75449836,0.8535011,0.78228456,0.74552846,0.6567482,0.6104347,0.67755336,2026-10-04T19:03:55.049852
63,0.738254964351654,0.5005425214767456,0.54892891330719,0.740429699420929,0.54892891330719,0.8179360928535462,0.900881344985962,2.131704343032837,0.08110176179409027,2.5782776184082032,2.0,1.0,10.0,,,,,0.6724244296073913,0.6724244296073913,,,,16.898521166992186,0.5249776431614426,0.15758001223016696,,0.13634549600967935,0.7856811850693575,0.1756996113783235,0.0014537018723785877,0.04584985762644725,1.7563334452878139,,0.004402622227945549,,75.06789490523612,18.266942224684794,,104.16933319674935,74.98127634813831,24.57836961442498,95.19932842862075,42.487442891309215,16.89851464435553,,0.6931471824645996,,0.08500417673094257,0.2271479812397319,,0.1524110174482795,0.10051914807527688,0.2823668008397339,0.007149601583576696,0.5995674569895313,0.22524878563015324,,,,0.27315,5463.0,0.7573376,0.74407977,0.8364105,0.82616514,0.63304126,0.7079394,0.713629,0.70450103,0.49194997549057007,0.5820130925178528,0.7246000170707703,0.5820130925178528,0.199,199.0,0.41252208583942435,0.4484783180328592,0.4593459066660251,0.27063449241315973,0.29692181520339034,0.31034091578537537,0.2933394317848592,0.2929805600071346,0.31704703503879694,0.029724407522538406,0.030299127574345858,0.03625407457917111,0.07530072857067094,0.08344502685495514,0.09101273790940805,0.048750191383420016,0.05155935767805446,0.05843688851638595,0.694,0.7586364,0.8379845,0.7631579,0.903252,0.6566929,0.4858268,0.6928031,0.5045999884605408,0.5644232020378113,0.7338500618934631,0.5644232020378113,0.22,220.0,0.40505873946630583,0.4356603144165024,0.4510194257774477,0.30378694044261034,0.28560316963117777,0.33213445707918304,0.2799975583469888,0.2748534804464603,0.28621512198420707,0.040780779431961164,0.039248671572439116,0.041400663793392814,0.0697121830304602,0.07919849735318536,0.0725889508095419,0.035999355076556896,0.029521956019002135,0.027303896126239284,0.7721774,0.75135136,0.85656935,0.8152672,0.5902439,0.6723684,0.70813006,0.68759125,0.4982749819755554,0.573218147277832,0.7292250394821167,0.573218147277832,0.20950000000000002,209.5,0.4087904126528651,0.4420693162246808,0.4551826662217364,0.28721071642788504,0.2912624924172841,0.32123768643227923,0.286668495065924,0.28391702022679743,0.301631078511502,0.03525259347724979,0.03477389957339248,0.03882736918628196,0.07250645580056557,0.08132176210407024,0.08180084435947498,0.042374773229988456,0.0405406568485283,0.042870392321312616,0.73308873,0.7549939,0.8472769,0.7892126,0.746748,0.66453063,0.5969784,0.69019717,2026-10-04T19:07:55.827400
64,0.7413973212242126,0.500647246837616,0.5434768534183502,0.7426351308822632,0.5434768534183502,0.8205357551574707,0.9037698546409607,2.1671395639419555,0.0864805861890316,2.6674254611968995,2.0,1.0,10.0,,,,,0.6823707482337952,0.6823707482337952,,,,16.878758520507812,0.45687027455894813,0.13989628920224823,,0.12441327247270353,0.7778964794365464,0.15574818370258733,0.0014404905351934729,0.04491665481239747,1.2973471299098556,,0.0043379839121921665,,75.03214458295494,18.24292582615166,,104.17002275794934,74.94664127811505,24.55607556385599,95.20416531896895,42.55671147631991,16.878742230166296,,0.6931471824645996,,0.08560319472650055,0.22799938100918082,,0.15337820911103753,0.10142642957199911,0.2855668876581131,0.007238122610861708,0.6050244710247987,0.22799450244493547,,,,0.27015,5403.0,0.7530674,0.735582,0.83961964,0.8402449,0.64045954,0.70660603,0.7165047,0.7082689,0.4962499737739563,0.6003815431594849,0.7283499836921692,0.6003815431594849,0.209,209.0,0.43743021078752803,0.48579451315300765,0.49276127704961065,0.25787568420381585,0.2920015529627332,0.30007467198354654,0.23692658167105346,0.24745077633673151,0.2696503687131639,0.046387211999062594,0.04417219084126306,0.054623632924869485,0.08069453710853425,0.08703380984576996,0.1040524227430358,0.07373454987673829,0.07221279927390582,0.08124905284765578,0.715,0.7859091,0.9236434,0.7394737,0.8776423,0.64251965,0.4897638,0.65984845,0.4972999691963196,0.7192931060791016,0.6732999086380005,0.7192931060791016,0.221,221.0,0.42966601460725556,0.4831557855737869,0.4840103717364831,0.30113697747361656,0.29005759839784134,0.3194360999917818,0.28080546523031735,0.28360824123005113,0.2870444113138633,0.03902922741369119,0.0373144586920106,0.04234271828385293,0.05694195170922584,0.06886290931781136,0.06533741845601072,0.03876483435456133,0.03357433327686499,0.030816845856737593,0.69274193,0.69504505,0.66167885,0.7805343,0.5955285,0.62061405,0.69593495,0.640511,0.49677497148513794,0.6598373246192932,0.7008249461650848,0.6598373246192932,0.215,215.0,0.4335481126973918,0.4844751493633973,0.4883858243930469,0.27950633083871623,0.2910295756802873,0.30975538598766417,0.25886602345068543,0.2655295087833913,0.2783473900135136,0.04270821970637689,0.040743324766636835,0.0484831756043612,0.06881824440888004,0.07794835958179067,0.08469492059952327,0.05624969211564981,0.052893566275385405,0.05603294935219669,0.70387095,0.7404771,0.79266113,0.76000404,0.7365854,0.6315669,0.5928494,0.65017974,2026-10-04T19:11:57.102988
65,0.742944598197937,0.5007049441337585,0.5414132238864898,0.7456748485565186,0.5414132238864898,0.8184470286369324,0.9014490494728088,2.1539596282958984,0.08882096372246742,2.591139874649048,2.0,1.0,10.0,,,,,0.6838759086608887,0.6838759086608887,,,,16.85466125793457,0.45628521515495457,0.14024796958561916,,0.14094588355084134,0.8058294426104066,0.19743792166945281,0.0014745176804643481,0.048328931348481374,1.8977361534051835,,0.004354174007887056,,74.99580446474111,18.217949350928045,,104.172816525599,74.91236085345031,24.531236867236483,95.20646001730755,42.627755450594954,16.854637097401223,,0.6931471824645996,,0.0862038871569998,0.22878524338363843,,0.15441515757020113,0.10235519683474947,0.2882083009003074,0.007295447805077787,0.6104837564905737,0.2301688150615449,,,,0.27395,5479.0,0.76343226,0.74101895,0.8397979,0.8491706,0.6392329,0.70319194,0.71974486,0.7090835,0.5142999887466431,0.5912810740470886,0.7288999557495117,0.5912810740470886,0.217,217.0,0.4314772674637973,0.471610493901714,0.483975894391984,0.2935988099373066,0.3007086717029553,0.32359839633742193,0.2806939503803016,0.2865072782048759,0.30020092654717956,0.032943963362775955,0.03603760379190848,0.04663585982419537,0.06065416200298469,0.08458733291924689,0.08943711957328687,0.0436720140344027,0.04390539173561799,0.054537663706769414,0.71950006,0.7772727,0.79844964,0.7657895,0.9048781,0.6669292,0.51299214,0.68863636,0.5086499452590942,0.5820245099067688,0.7335999608039856,0.5820245099067688,0.246,246.0,0.40292225392224684,0.4318615610902357,0.43826531536558366,0.30798931964965426,0.2826758090844035,0.3168597169193899,0.26490689112898147,0.2563264256247635,0.25934662761083344,0.03965371269090978,0.03766719547912374,0.0421499744757099,0.06957598745421646,0.07804177682628835,0.07372236467965305,0.038855293537014356,0.033194314420717526,0.031749329082826024,0.7701613,0.75765765,0.85656935,0.8167939,0.59634143,0.6649123,0.71626014,0.67445254,0.5114749670028687,0.5866527919769287,0.7312499582767487,0.5866527919769287,0.23149999999999998,231.5,0.41719976069302206,0.45173602749597486,0.4611206048787838,0.3007940647934804,0.29169224039367936,0.32022905662840595,0.2728004207546415,0.2714168519148197,0.2797737770790065,0.03629883802684287,0.036852399635516106,0.04439291714995264,0.06511507472860058,0.08131455487276762,0.08157974212646996,0.04126365378570852,0.03854985307816776,0.04314349639479772,0.74483067,0.7674652,0.8275095,0.7912917,0.75060976,0.66592073,0.61462617,0.6815444,2026-10-04T19:15:57.816349
66,0.7444571256637573,0.4985048472881317,0.5395328575134277,0.7467498779296875,0.5395328575134277,0.8171214186668396,0.8999761497497558,2.126876198196411,0.0878923333466053,2.5575875883102417,2.0,1.0,10.0,,,,,0.6885599457740784,0.6885599457740784,,,,16.825994100952148,0.5075806522160579,0.14617182953271327,,0.140942619460973,0.8150119445506175,0.19902281408571892,0.0014651637021259399,0.048835438219415155,1.7240409211368317,,0.004123509208082999,,74.96036719061007,18.19432555034662,,104.1766669400938,74.87811410503024,24.515239837063344,95.20785031652754,42.734867460408786,16.825968262496268,,0.6931471824645996,,0.08684616659287435,0.2299100162496992,,0.15552656713185037,0.10337620978332629,0.2919452410594673,0.007340968390748759,0.6174608476602348,0.23204417251477574,,,,0.27735,5547.0,0.7623897,0.74311316,0.8425119,0.8530214,0.6358061,0.70416164,0.71636295,0.7160285,0.5044500231742859,0.575253918170929,0.7261500358581543,0.575253918170929,0.208,208.0,0.4372158320445677,0.508811509577685,0.5012644700941533,0.2712546142462371,0.31155554718611383,0.30377320037504396,0.2741575377802544,0.2949216113471822,0.31883975240693635,0.02895831099216061,0.014530815956522117,0.031170729475954815,0.0632255205354896,0.049727267088594505,0.0761881628494937,0.04686805761504368,0.040258377232879915,0.04959846218521933,0.704,0.7718182,0.80077523,0.76447374,0.9052845,0.6594488,0.51220477,0.69090915,0.5095999836921692,0.5635137600898743,0.7315000295639038,0.5635137600898743,0.229,229.0,0.41189744930439887,0.47484816934179613,0.47442224028543917,0.2702897684930764,0.27286740000828036,0.3060575894236824,0.252124002531746,0.25486361987774503,0.2727382855819194,0.0467376653859132,0.0420054942938142,0.05033920615752314,0.07351140440122145,0.08602690171531899,0.07778619290762816,0.0510725700892598,0.0459395273191909,0.044348974444435994,0.7725807,0.75630635,0.85656935,0.8091603,0.58536583,0.6789474,0.71626014,0.66350365,0.5070250034332275,0.5693838391304016,0.728825032711029,0.5693838391304016,0.2185,218.5,0.4245566406744833,0.49182983945974057,0.48784335518979627,0.27077219136965675,0.2922114735971971,0.30491539489936315,0.26314077015600024,0.2748926156124636,0.2957890189944279,0.03784798818903691,0.028268155125168157,0.04075496781673898,0.06836846246835553,0.06787708440195675,0.07698717787856094,0.04897031385215174,0.043098952276035406,0.04697371831482766,0.7382903,0.7640623,0.8286723,0.786817,0.7453252,0.6691981,0.6142324,0.6772064,2026-10-04T19:19:58.928851
67,0.7460197806358337,0.4987151026725769,0.5357799146175385,0.7474474906921387,0.5357799146175385,0.8132498962402344,0.8956744609832764,2.1035548482894897,0.08943121291399002,2.4752387935638427,2.0,1.0,10.0,,,,,0.6838926556587219,0.6838926556587219,,,,16.797250592041017,0.5169798177518662,0.15322228540090999,,0.14238214843971714,0.7699238688323149,0.174405354603081,0.001484269744517863,0.04748201448541538,1.4365555704778927,,0.0048275795771894605,,74.92486936727147,18.171343019813488,,104.18007489830066,74.84376637647107,24.490359142327765,95.20774549739376,42.81946461671477,16.797237542024842,,0.6931471824645996,,0.08743861478984735,0.2309967466410558,,0.15664939420997717,0.1042754763061074,0.29439998679100327,0.007445275427619363,0.6234156253990853,0.23342297325848013,,,,0.28585,5717.0,0.7617883,0.7410995,0.8393423,0.8539494,0.6423871,0.7089899,0.722418,0.70881873,0.5083500146865845,0.5723723187446594,0.7282500863075256,0.5723723187446594,0.196,196.0,0.44594422858354954,0.5063266015280902,0.5059424289536052,0.2763212460787067,0.29276897089792775,0.3190041810716644,0.2817243423225807,0.2978041545954504,0.3146064243416753,0.006667752554280365,0.016030581095834433,0.022881306897175227,0.04523183666839653,0.06711435018073283,0.06497308237900977,0.014762078928666326,0.013853854054929459,0.0183673382234958,0.707,0.78227276,0.8472868,0.7486842,0.8939024,0.6602362,0.511811,0.6787879,0.47999995946884155,0.5874460468292236,0.7305501103401184,0.5874460468292236,0.215,215.0,0.42468976929836894,0.4823172903719169,0.47372752438863797,0.27981606523971075,0.29406600796204924,0.2996580117361086,0.24763073474286743,0.2516216477069906,0.25390807234526186,0.03768289432665355,0.03790859190184238,0.04406166768094802,0.057302148195127404,0.07403650679090844,0.06697640741266288,0.03569295779243963,0.03158519619670631,0.02860762622712741,0.7770161,0.7725225,0.8536497,0.80992365,0.5792683,0.66140354,0.702439,0.6740876,0.494174987077713,0.5799091827869416,0.729400098323822,0.5799091827869416,0.20550000000000002,205.5,0.4353169989409592,0.49432194595000356,0.4898349766711216,0.2780686556592087,0.29341748942998847,0.3093310964038865,0.2646775385327241,0.2747129011512205,0.28425724834346855,0.02217532344046696,0.026969586498838405,0.03347148728906162,0.05126699243176197,0.07057542848582063,0.06597474489583632,0.02522751836055298,0.02271952512581788,0.023487482225311607,0.7420081,0.77739763,0.8504683,0.7793039,0.7365854,0.6608199,0.60712504,0.67643774,2026-10-04T19:23:59.829347
68,0.7467300891876221,0.49806997179985046,0.53649619140625,0.7476500272750854,0.53649619140625,0.8199364557266235,0.9031039712905884,2.1731197582244874,0.09046167168617249,2.584637099456787,2.0,1.0,10.0,,,,,0.6903542038917542,0.6903542038917542,,,,16.77604627380371,0.47382699057554745,0.14335625210575237,,0.13307281066277984,0.7743851943000867,0.17819420234033256,0.0014035336619130318,0.04664603035873289,1.4495702163808664,,0.004279257310146561,,74.89003904306205,18.147341138997653,,104.18411424964856,74.80960602972918,24.46279543979912,95.21077883775067,42.87995390679426,16.77603256322776,,0.6931471824645996,,0.08809273462196823,0.23191174095982958,,0.1578034548812611,0.1051588893221442,0.29643469726204114,0.007595128738647624,0.6282300857981299,0.23582255669460175,,,,0.2741,5482.0,0.76226944,0.74265003,0.841977,0.85622036,0.6354362,0.71163636,0.7204739,0.7099185,0.5062499642372131,0.5808441617488861,0.7182499170303345,0.5808441617488861,0.192,192.0,0.4880158133769466,0.5329102675303934,0.5273003753347595,0.296274765095975,0.3040587759249226,0.3085515645052415,0.3001544334148842,0.3091735201123286,0.3113173112432851,0.012855422156702751,0.025824377355372602,0.018310915475416585,0.046963547013390554,0.0950583983462795,0.05451923596929526,0.029320160248857096,0.029280749106760744,0.030193315108950517,0.67950004,0.7659091,0.80775195,0.7592105,0.9044715,0.6653543,0.4956693,0.66477275,0.5157500505447388,0.5603895273208618,0.7346500754356384,0.5603895273208618,0.214,214.0,0.4164918863422728,0.47554651649947627,0.4725816440982532,0.2792221455798434,0.29154612140942326,0.3090518028839429,0.2529334471391353,0.25137771063591896,0.26671516502453013,0.05069739794048593,0.04661710650483441,0.0538431001688513,0.07918417947642972,0.09140891549955701,0.08906775663506858,0.054786560803530386,0.05120024799282825,0.048965146994940104,0.7919355,0.7684685,0.8576642,0.8064886,0.5865854,0.67456144,0.71097565,0.6678832,0.511000007390976,0.5706168445348739,0.7264499962329865,0.5706168445348739,0.203,203.0,0.4522538498596097,0.5042283920149349,0.49994100971650635,0.28774845533790916,0.2978024486671729,0.3088016836945922,0.27654394027700974,0.2802756153741238,0.28901623813390764,0.03177641004859434,0.03622074193010351,0.03607700782213394,0.06307386324491014,0.09323365692291825,0.07179349630218192,0.04205336052619374,0.040240498549794494,0.03957923105194531,0.7357178,0.7671888,0.8327081,0.78284955,0.74552846,0.6699579,0.6033225,0.66632795,2026-10-04T19:28:00.883643
69,0.7473527193069458,0.49954232573509216,0.5339970653057098,0.7480697631835938,0.5339970653057098,0.8196992838859558,0.9028404477119446,2.1891059156417847,0.09260553295016288,2.5366712348937988,2.0,1.0,10.0,,,,,0.693292879486084,0.693292879486084,,,,16.75439917602539,0.45838673360598314,0.13340383772827258,,0.1326277209505154,0.757248568117239,0.16003132960314204,0.0013920632487601915,0.045448121857965824,1.288186972877782,,0.004066873684371258,,74.85438989529943,18.126617419491907,,104.18810335390127,74.77557178667396,24.434065035194347,95.20850887420072,42.94019694237193,16.75437781461485,,0.6931471824645996,,0.08866941454304252,0.2333166768216783,,0.1588702056628124,0.10601187544833322,0.2981714511373241,0.007610056306099056,0.6330042238448076,0.2379477249019465,,,,0.27785,5557.0,0.76463515,0.740294,0.837084,0.8611177,0.63785046,0.70575756,0.72355205,0.7136049,0.5017499923706055,0.5693256313800812,0.7257500886917114,0.5693256313800812,0.221,221.0,0.40302571496160655,0.48758829719823515,0.48773211418582524,0.22006957117014747,0.28559518000196304,0.2900050304646563,0.24900366880374494,0.25618749200765384,0.295433166089545,0.02700696783860189,0.024577225075468848,0.031528847377281594,0.04357444974740684,0.0705624794995278,0.05687434206013739,0.032614518389578406,0.029157091497767226,0.030330337702449816,0.7025,0.7672728,0.81007755,0.75986844,0.9044715,0.66653544,0.51220477,0.68295455,0.49024996161460876,0.5548817839622497,0.7331500053405762,0.5548817839622497,0.224,224.0,0.4194212272234112,0.474883953229947,0.46999691717371966,0.28674026398688457,0.30181557633142797,0.3072701231915422,0.2700225780914948,0.27076188837688664,0.28163366104054544,0.04786560977374333,0.04697808782480523,0.053676260407504416,0.06510648093406611,0.0769030970517085,0.07393587714501453,0.04475562291892609,0.044935867514885666,0.04176500877246403,0.7697581,0.7662162,0.85656935,0.81374043,0.57520324,0.67719305,0.71178865,0.680292,0.4959999769926071,0.5621037076711655,0.7294500470161438,0.5621037076711655,0.2225,222.5,0.4112234710925089,0.4812361252140911,0.47886451567977245,0.253404917578516,0.2937053781666955,0.2986375768280992,0.2595131234476199,0.2634746901922702,0.28853341356504525,0.03743628880617261,0.035777656450137044,0.04260255389239301,0.05434046534073647,0.07373278827561816,0.06540510960257595,0.03868507065425225,0.037046479506326446,0.036047673237456924,0.73612905,0.7667445,0.8333235,0.78680444,0.7398374,0.6718643,0.6119967,0.6816233,2026-10-04T19:32:01.617706
70,0.7511475086212158,0.5000373125076294,0.5241821674823761,0.7520701885223389,0.5241821674823761,0.8186640919685364,0.9016902267456055,2.161316842842102,0.09041971148252487,2.4607509824752807,2.0,1.0,10.0,,,,,0.6948879983901978,0.6948879983901978,,,,16.732253253173827,0.47023860267867706,0.1451469242193137,,0.13478997613119473,0.7550502960469313,0.14626005294311578,0.0013769657134558935,0.044106625400151415,1.1222109585810618,,0.004390611674208016,,74.81821689484225,18.104123376736975,,104.18926248732646,74.74118882683432,24.40525211650095,95.20728326299388,43.00605365728877,16.732232087736676,,0.6931471824645996,,0.08917012573427456,0.2344704849325168,,0.15977566656033704,0.10686493147710327,0.29986519836316444,0.007771099205751707,0.6380476598527022,0.23984869080743973,,,,0.27595,5519.0,0.76555735,0.74941605,0.847504,0.8610782,0.6397586,0.7123636,0.7235115,0.7167413,0.48954999446868896,0.5754532768726349,0.7230998873710632,0.5754532768726349,0.203,203.0,0.4403892656905898,0.49678880712176465,0.4868290201494778,0.2738092570629508,0.33756194977563175,0.2965371730453475,0.263482971157135,0.27441415075026593,0.2892370847134052,0.02047601515028351,0.02524258753505146,0.023871361189376095,0.052328206126637564,0.08495500248794864,0.0640891133022913,0.029119835990577884,0.029296042670485314,0.033135373226437864,0.67550004,0.775,0.8116279,0.76085526,0.9077236,0.67007875,0.5145669,0.66553026,0.4926999509334564,0.5544355883598328,0.7372000813484192,0.5544355883598328,0.204,204.0,0.4082809214373784,0.4799222120664325,0.47172416672747836,0.2683629134976042,0.31362631147799286,0.3083997157710292,0.24337732032036397,0.24838531646377643,0.27295318726480566,0.04566006999780153,0.03809766164893344,0.047279263564788045,0.07195632613774244,0.07460250648376211,0.08062022638593294,0.0513671243576657,0.04845326592773048,0.04410810008549817,0.7806452,0.7702703,0.8562044,0.81030536,0.58536583,0.68026316,0.7191057,0.6821168,0.4911249727010727,0.5649444326162338,0.7301499843597412,0.5649444326162338,0.20350000000000001,203.5,0.4243350935639841,0.48835550959409857,0.47927659343847806,0.2710860852802775,0.3255941306268123,0.3024684444081883,0.25343014573874945,0.2613997336070212,0.2810951359891054,0.03306804257404252,0.03167012459199245,0.03557531237708207,0.062142266132190004,0.07977875448585538,0.07235466984411212,0.04024348017412179,0.0388746542991079,0.03862173665596802,0.72807264,0.7726351,0.8339162,0.7855803,0.7465447,0.67517096,0.6168363,0.67382354,2026-10-04T19:36:02.918450
71,0.7485047578811646,0.49953246116638184,0.5284389785766601,0.7498547434806824,0.5284389785766601,0.8184377062797547,0.9014386949539185,2.1678234477996825,0.088901701182127,2.471657406616211,2.0,1.0,10.0,,,,,0.6978068403244019,0.6978068403244019,,,,16.710367547607422,0.4110066735061111,0.14612448445645868,,0.13729639327639986,0.771600136901163,0.15217589328338385,0.0013911525984324372,0.04532661311518235,1.1707588096333157,,0.0044840710183122095,,74.78156649838587,18.08064036764157,,104.19046122557039,74.70687905086834,24.37746515699253,95.21058163976973,43.063348442126234,16.710339406493365,,0.6931471824645996,,0.08959658814083998,0.235196815174856,,0.16069760130848854,0.1076836290822667,0.3015894176094395,0.007954818582174126,0.6426626143941454,0.2417097069845078,,,,0.2821,5642.0,0.7623296,0.7368707,0.84514654,0.8651857,0.6385319,0.716101,0.7185095,0.7153972,0.4913000166416168,0.5645244534015655,0.7247501015663147,0.5645244534015655,0.202,202.0,0.44438817781212625,0.48056153083195063,0.493590679341623,0.2623761696822642,0.26055934778668244,0.2895108675319504,0.22749622353639584,0.2357319423269123,0.2555978330209441,0.054819620635846666,0.06163741133459248,0.06151111313040478,0.09628921073275086,0.12989633885902194,0.11279416797445374,0.09258514541425372,0.09240849909595406,0.09993109239959304,0.6935,0.7768182,0.8042636,0.77138156,0.9089431,0.6602362,0.51417327,0.6666667,0.5053000450134277,0.5474396424293518,0.7378000020980835,0.5474396424293518,0.212,212.0,0.42434997344781444,0.46908288981891466,0.47780840257434254,0.27905274810667074,0.3081507108023323,0.3311856287618249,0.27520352306817,0.2775350435284258,0.29209807220344736,0.04438246052959491,0.04380269738606615,0.053496992894747616,0.06836408488741763,0.07280811560972039,0.08667263875534743,0.04301249780623761,0.04028961551946487,0.04350682625191917,0.7685484,0.76216215,0.8543796,0.8152672,0.59837395,0.68377197,0.7195122,0.68613136,0.4983000308275223,0.5559820479154587,0.7312750518321991,0.5559820479154587,0.20700000000000002,207.0,0.43436907562997035,0.47482221032543265,0.48569954095798273,0.27071445889446744,0.2843550292945074,0.31034824814688766,0.2513498733022829,0.256633492927669,0.27384795261219574,0.04960104058272079,0.05272005436032932,0.0575040530125762,0.08232664781008425,0.10135222723437116,0.09973340336490058,0.06779882161024567,0.06634905730770946,0.0717189593257561,0.7310242,0.7694902,0.8293216,0.79332435,0.75365853,0.6720041,0.61684275,0.676399,2026-10-04T19:40:03.823156
72,0.7482026815414429,0.5014674663543701,0.5292354886531829,0.7491926550865173,0.5292354886531829,0.81543503408432,0.898102388381958,2.1242744470596313,0.08894367561340331,2.409596459579468,2.0,1.0,10.0,,,,,0.6974228021621705,0.6974228021621705,,,,16.68225735473633,0.5156130141038804,0.15474573190614677,,0.1557265330034836,0.7728976650982146,0.1590232828715045,0.0014459485919244444,0.046198631144443135,1.291669892467511,,0.004780145064863869,,74.74695616315125,18.0574658023324,,104.19578523089172,74.67282522408067,24.348664362719106,95.21318073637167,43.11795082821208,16.68224298270645,,0.6931471824645996,,0.0901770030332219,0.2361130102235041,,0.16184628930441133,0.1084875101876107,0.3031123143852137,0.008089045080457144,0.6471510905369072,0.24275697302666438,,,,0.28615,5723.0,0.75902164,0.7468385,0.83791596,0.8653041,0.6393497,0.7121818,0.7192386,0.71295315,0.4954500198364258,0.581089837551117,0.720250129699707,0.581089837551117,0.216,216.0,0.47871984875036055,0.5147283207482982,0.5325645334081379,0.31129441356383736,0.2825601813073249,0.34832225073897266,0.28365478677895256,0.2879785408826624,0.3082946849931384,0.03070766694922637,0.030286327954269898,0.04358721323012341,0.062187273404816945,0.08101005078281188,0.07730848836965333,0.04937147172196118,0.05142984609623498,0.059203531313986965,0.67700005,0.77227277,0.79418606,0.7730263,0.9040651,0.6669292,0.50236225,0.6662879,0.5025999546051025,0.553546263217926,0.7389500141143799,0.553546263217926,0.22,220.0,0.4093635510513235,0.4659210939406047,0.467896986377807,0.28766067947274127,0.3076687418184703,0.3328371352005574,0.2507713745207283,0.2538574744407578,0.2654758559271814,0.04394665987419604,0.043021631030872594,0.04954647205845161,0.06230531420176834,0.07598230511149107,0.07178684528491759,0.04268655407321672,0.03869167186781799,0.0401996534123417,0.7758065,0.75990987,0.85656935,0.8129771,0.60487807,0.6872807,0.7191057,0.6813868,0.49902498722076416,0.5673180503845214,0.7296000719070435,0.5673180503845214,0.218,218.0,0.444041699900842,0.49032470734445144,0.5002307598929725,0.2994775465182893,0.2951144615628976,0.34057969296976504,0.2672130806498404,0.2709180076617101,0.2868852704601599,0.0373271634117112,0.036653979492571244,0.04656684264428751,0.06224629380329264,0.07849617794715147,0.07454766682728546,0.04602901289758895,0.04506075898202648,0.049701592363164335,0.72640324,0.76609135,0.8253777,0.79300165,0.75447154,0.67710495,0.610734,0.67383736,2026-10-04T19:44:04.682196
73,0.745439887046814,0.5001750588417053,0.5262904682159424,0.750114917755127,0.5262904682159424,0.8193106183052064,0.9024085932731628,2.14824787273407,0.0855231004834175,2.4909251483917236,2.0,1.0,10.0,,,,,0.7052679682731628,0.7052679682731628,,,,16.659358587646484,0.4555100460008831,0.1362442352043785,,0.14321968787509926,0.756626213242294,0.14773100481671134,0.0014270654049773172,0.04474609817384155,1.114481708806032,,0.0038612998995498403,,74.71212326341374,18.032609368585476,,104.19997318535094,74.63851452481215,24.320004019767616,95.2100199802666,43.18214083629049,16.65933909082109,,0.6931471824645996,,0.09085070640797828,0.23695489375074957,,0.1629006042601956,0.10927694945768186,0.304631110399392,0.008113597341736032,0.6519998763776889,0.24442936527501247,,,,0.27585,5517.0,0.7638132,0.7404551,0.8389263,0.8687994,0.6378894,0.71143436,0.7244431,0.7144603,0.4996500015258789,0.8131314878463745,0.6095500588417053,0.8131314878463745,0.186,186.0,0.4343067301438204,0.4647110119174183,0.473053411835674,0.2764438960367139,0.2609512321003612,0.2934117622858285,0.22067741306705776,0.22530666467306454,0.24549453574563754,0.04582273055543409,0.045407446199939853,0.05168021247219402,0.10116139395151284,0.10043942752110607,0.11251045901883606,0.09305550414258573,0.08787359425582841,0.09427542645962993,0.517,0.5259091,0.5337209,0.7381579,0.89634144,0.56141734,0.5066929,0.5534091,0.5019000172615051,0.883151273727417,0.5933999419212341,0.883151273727417,0.211,211.0,0.4022169405621892,0.46883123421592965,0.4621063091077663,0.2568575989760578,0.29674545408868347,0.2997404468000015,0.2614705081872837,0.2692354655491393,0.2818471524139158,0.042329682724984316,0.04078611801949885,0.04990107869169775,0.06157187012897222,0.06993282519968774,0.07299631556487038,0.03456732172233139,0.031250778662918,0.03263471834193776,0.5189516,0.5301802,0.5448905,0.70801526,0.58943087,0.56929827,0.7069106,0.5726278,0.500775009393692,0.8481413807868957,0.6014750003814697,0.8481413807868957,0.1985,198.5,0.41826183535300476,0.466771123066674,0.4675798604717202,0.26665074750638584,0.27884834309452233,0.296576104542915,0.24107396062717074,0.24727106511110192,0.26367084407977665,0.0440762066402092,0.04309678210971935,0.05079064558194589,0.08136663204024253,0.08518612636039691,0.09275338729185323,0.06381141293245857,0.05956218645937321,0.06345507240078385,0.5179758,0.5280447,0.5393057,0.7230866,0.7428862,0.5653578,0.60680175,0.56301844,2026-10-04T19:48:06.278456
74,0.7400000095367432,0.5014601945877075,0.5283521933555603,0.7485633492469788,0.5283521933555603,0.8192845076560974,0.9023795851707459,2.134785404396057,0.0930787583887577,2.498283365249634,2.0,1.0,10.0,,,,,0.7131825463294983,0.7131825463294983,,,,16.631637548828124,0.4679738491963429,0.13203052993697725,,0.1353008976550239,0.7663938410722526,0.14752095970948031,0.0013490721403923668,0.04345033043746356,1.1725625771625785,,0.003995798755556517,,74.67650730594708,18.009602431279077,,104.20110389077739,74.6042245269581,24.29030180281135,95.21027699853205,43.2404632325385,16.631616701745685,,0.6931471824645996,,0.09144242160069714,0.23795842412550738,,0.16374695699685698,0.11008157163478766,0.30606387090531123,0.008127429765785576,0.6565152535772627,0.24546312184850122,,,,0.27605,5521.0,0.7594427,0.7419855,0.8339937,0.86605453,0.6318731,0.71672726,0.72172946,0.7162933,0.49254998564720154,0.5787676496505737,0.7301999926567078,0.5787676496505737,0.199,199.0,0.456490608550228,0.4953580689933439,0.521641547653975,0.2760114169120647,0.27721863721053713,0.33069182522758894,0.30384917214167895,0.31121305901012314,0.338681292350142,0.024220631700922042,0.028125231340149156,0.038996457912299116,0.062147408527003664,0.052366338103060316,0.07429711822415362,0.0413702743110134,0.04290840457638751,0.05566855922939279,0.6915,0.75772727,0.9263566,0.75625,0.89512193,0.6322835,0.5094488,0.66780305,0.5058000683784485,0.729788492679596,0.6751999855041504,0.729788492679596,0.209,209.0,0.3940215081821353,0.4687600946823326,0.4653071395331666,0.2413633841732326,0.2902075613794738,0.2943688362115931,0.2112894009451315,0.22006940042846537,0.23567424326836994,0.04745542160643538,0.045904252800942826,0.0543409826904888,0.06701721160220205,0.07254889775835088,0.07909640703817444,0.04784415929810436,0.04478783646272306,0.048162848144706484,0.68911296,0.6824324,0.66240877,0.8091603,0.5804878,0.6298246,0.7150407,0.62846714,0.499175027012825,0.6542780711650849,0.7026999890804291,0.6542780711650849,0.20400000000000001,204.0,0.42525605836618163,0.48205908183783824,0.4934743435935708,0.25868740054264866,0.28371309929500543,0.312530330719591,0.2575692865434052,0.26564122971929427,0.28717776780925597,0.03583802665367871,0.03701474207054599,0.04666872030139396,0.06458231006460285,0.0624576179307056,0.07669676263116404,0.04460721680455888,0.043848120519555285,0.05191570368704963,0.6903065,0.72007984,0.7943827,0.7827052,0.7378049,0.63105404,0.6122447,0.64813507,2026-10-04T19:52:08.046226
75,0.741054892539978,0.5010873675346375,0.5272052719116211,0.7495601773262024,0.5272052719116211,0.8221740966796875,0.9055902356147766,2.1610326042175294,0.10295647957324981,2.4933065006256103,2.0,1.0,10.0,,,,,0.708859286403656,0.708859286403656,,,,16.607814279174804,0.4655076529190039,0.14563432780752897,,0.1388514846753163,0.7797308985594731,0.14812394796283382,0.0013703015216946553,0.04344836155035693,1.2408943540731054,,0.004824183219680444,,74.64178238400987,17.988284129246026,,104.20162628562588,74.57028441216535,24.260979014597122,95.21280062730145,43.283813719536845,16.6077922043527,,0.6931471824645996,,0.09204523758903431,0.2391253583560324,,0.16460567095856757,0.11086137127724423,0.30741237815777966,0.008194457632815762,0.6603895706735599,0.2469703279862738,,,,0.27085,5417.0,0.7669006,0.74375755,0.8370048,0.8650079,0.6323209,0.71321213,0.71998787,0.7178615,0.4970000386238098,0.5675445189476013,0.7285498976707458,0.5675445189476013,0.205,205.0,0.4395879922663782,0.47560520543616724,0.4775177088378729,0.3100711935098993,0.30132545883011397,0.3208290771780776,0.27812885243365376,0.28678496135132153,0.29348317011862063,0.03289571045107006,0.03842532702799141,0.03674426154394626,0.0769002557367291,0.11358530266137369,0.08890337944241765,0.052475614103789446,0.05068952060556336,0.05400616224960007,0.7005,0.78409094,0.8267442,0.7565789,0.8979675,0.6775591,0.51023626,0.67651516,0.48990002274513245,0.5537769026756286,0.7372999787330627,0.5537769026756286,0.221,221.0,0.41721517204458997,0.44856024416394863,0.45941929858434866,0.30840296350168606,0.2895621388662289,0.3448226020637097,0.26273044017503383,0.2568249261132217,0.26105604606642785,0.04384878955435458,0.044769838407050684,0.051585111809622886,0.07471380757872652,0.09063788267808703,0.0877513162921361,0.03995824157465419,0.03816384967020311,0.03947434740266132,0.7842742,0.7774775,0.85656935,0.8122138,0.58536583,0.6798246,0.7113821,0.6788321,0.49345003068447113,0.560660710811615,0.7329249382019043,0.560660710811615,0.213,213.0,0.4284015821554841,0.46208272480005796,0.4684685037111108,0.3092370785057927,0.2954437988481714,0.3328258396208936,0.2704296463043438,0.2718049437322716,0.2772696080925242,0.03837225000271232,0.04159758271752105,0.044164686676784574,0.07580703165772781,0.10211159266973036,0.08832734786727688,0.04621692783922182,0.04442668513788323,0.0467402548261307,0.7423871,0.78078425,0.8416568,0.78439635,0.7416667,0.67869186,0.6108092,0.67767364,2026-10-04T19:56:08.736071
76,0.7361730337142944,0.5000750422477722,0.5204355483531952,0.7522194981575012,0.5204355483531952,0.8213785488128662,0.9047062951087952,2.152141620063782,0.08864945688843727,2.4008787994384764,2.0,1.0,10.0,,,,,0.7120207272529602,0.7120207272529602,,,,16.582565606689453,0.45000965684462507,0.12681276437820524,,0.12856322426087918,0.7517725365936376,0.13849987198782573,0.0012804465075498032,0.041716919001785056,1.0550741932953998,,0.004582555404757476,,74.6060634054196,17.965611573237524,,104.20271621995671,74.53601812860768,24.232147544812246,95.21138705113891,43.34907840315704,16.582551701053692,,0.6931471824645996,,0.0925462302888275,0.24007750857787527,,0.16547096240672338,0.11161060726187032,0.30901580460511957,0.008233984795867637,0.6652151156382956,0.2482789316374785,,,,0.27525,5505.0,0.7624499,0.7475635,0.8426703,0.871248,0.6389213,0.713798,0.7224383,0.7179837,0.5053999423980713,0.5822653546333313,0.7224499583244324,0.5822653546333313,0.197,197.0,0.4419745883865582,0.47703237052939407,0.4799477145931061,0.28652981130855787,0.32368080436756724,0.33511280293514134,0.3112715582002193,0.3117523924185871,0.32237957666992834,0.05774255436344848,0.05892654336521997,0.06194018574342154,0.10515623696685894,0.13002198612902716,0.11347908483915997,0.05518736656869246,0.05076603534983133,0.06045850332737406,0.7,0.7772727,0.8015504,0.76184213,0.9056911,0.6688977,0.4948819,0.67083335,0.4936000108718872,0.5866519589424133,0.7270500659942627,0.5866519589424133,0.203,203.0,0.38684959560873766,0.4202122028227494,0.4367069544244515,0.2680136008309178,0.29415301587223974,0.3309446136123038,0.2417060485656087,0.24506028638193458,0.25778707831107084,0.04724664920678185,0.047579347814533754,0.05703637343344811,0.06382788306476954,0.08192919684348107,0.08707365653441373,0.03912867260718714,0.037911669666768594,0.03960431701832511,0.76491934,0.754955,0.8145985,0.8206107,0.5922764,0.6657895,0.7142276,0.67664236,0.49949997663497925,0.5844586567878722,0.7247500121593475,0.5844586567878722,0.2,200.0,0.41441209199764795,0.44862228667607174,0.4583273345087788,0.27727170606973783,0.3089169101199035,0.33302870827372255,0.276488803382914,0.2784063394002608,0.2900833274904996,0.05249460178511517,0.053252945589876866,0.05948827958843483,0.08449206001581425,0.10597559148625411,0.10027637068678685,0.0471580195879398,0.04433885250829996,0.05003141017284959,0.73245966,0.7661139,0.8080745,0.7912264,0.74898374,0.6673436,0.6045548,0.6737379,2026-10-04T20:00:10.130310
77,0.7352277040481567,0.5000876188278198,0.5260816572189331,0.7490327954292297,0.5260816572189331,0.8257051310539245,0.9095136050224304,2.2092816854476927,0.09107713990211487,2.5026561729431154,2.0,1.0,10.0,,,,,0.7167535336494446,0.7167535336494446,,,,16.561852883911133,0.4918237878543556,0.14994262505298966,,0.14062798770654733,0.7364773345980674,0.14762200125653274,0.0013004336424563437,0.04210650379870348,1.1844130735488454,,0.004278874633148621,,74.57029933079033,17.944219285515462,,104.20194652581671,74.50192678658067,24.202676262825157,95.2139958181199,43.394038157857906,16.561833715742562,,0.6931471824645996,,0.09307754030273219,0.24125782338676938,,0.1663156542808387,0.11235788901140735,0.31044374263969954,0.008259236515992007,0.6691464751389375,0.25013605377097037,,,,0.2702,5404.0,0.75952286,0.74059606,0.8443146,0.86761457,0.6354556,0.7137172,0.71958286,0.71067214,0.5014999508857727,0.5627907574176788,0.7260999083518982,0.5627907574176788,0.201,201.0,0.4535988281980297,0.48445318073707083,0.4986809828647187,0.2982999577150116,0.2829291999731059,0.32800974656712595,0.28770480725925457,0.2900198204221889,0.3095668988680754,0.03211629640341167,0.03737185669492564,0.04296554157782919,0.06377483516758238,0.09192021902555958,0.08718522691118984,0.03721990093882053,0.03385638397995694,0.04474660452865686,0.67450005,0.7836364,0.79341084,0.7697368,0.9077236,0.6795276,0.5161418,0.6787879,0.5048999786376953,0.5437736301422119,0.7388499975204468,0.5437736301422119,0.204,204.0,0.41570905043262624,0.45258387970786496,0.4653941357113582,0.27965114987561823,0.29614964262326987,0.33726226518219043,0.25837090124271306,0.2591006155873556,0.2707849777493335,0.03479464177651978,0.03285800167803003,0.04100004006410151,0.06589423050075754,0.07381526683946252,0.07329016800788413,0.031758772263172225,0.03086031458407327,0.03002447094649619,0.7741935,0.77567565,0.8547445,0.819084,0.58943087,0.6828947,0.7146342,0.6868613,0.503199964761734,0.5532821937799454,0.7324749529361725,0.5532821937799454,0.2025,202.5,0.434653939315328,0.4685185302224679,0.48203755928803843,0.2889755537953149,0.2895394212981879,0.3326360058746582,0.2730378542509838,0.27456021800477226,0.2901759383087045,0.033455469089965724,0.035114929186477836,0.04198279082096535,0.06483453283416996,0.08286774293251105,0.08023769745953699,0.03448933660099637,0.0323583492820151,0.037385537737576524,0.72434676,0.77965605,0.82407767,0.7944104,0.74857724,0.6812111,0.615388,0.6828246,2026-10-04T20:04:11.333836
78,0.7408028841018677,0.5007699728012085,0.5209062663078308,0.752450168132782,0.5209062663078308,0.825485573387146,0.909269653224945,2.2085724210739137,0.08654099226593971,2.516544853210449,2.0,1.0,10.0,,,,,0.7129261054039001,0.7129261054039001,,,,16.541011431884765,0.4461372441309652,0.14276092425937864,,0.14025946156044675,0.7175390839956368,0.1358422764167664,0.0013610533350384587,0.04321167922940603,1.022206796772161,,0.004390863298279438,,74.53551225601488,17.922427705898407,,104.20307169142802,74.46778315647393,24.173463748518827,95.21444352265377,43.441091476732,16.540994607718886,,0.6931471824645996,,0.09364683959324649,0.2424525435373282,,0.1672149083227109,0.11312862694453282,0.3116786684959557,0.008388460512943329,0.6730841253973117,0.25191843319850366,,,,0.2665,5330.0,0.7704491,0.74234796,0.83751976,0.8713073,0.6368575,0.7199192,0.722337,0.71832997,0.5127999186515808,0.5929599056243896,0.7275500297546387,0.5929599056243896,0.172,172.0,0.4585007398033169,0.49812281688471727,0.49311772537177323,0.2300939893094227,0.2988402767167277,0.2907449114808087,0.26402508824119647,0.26284212860766043,0.27459900079824856,0.04485245300870416,0.051958441287866176,0.04920509838442243,0.09895188400100019,0.1265598199242684,0.10652188668146967,0.05900547545596264,0.056514912089349875,0.061024358984985295,0.6965,0.7868182,0.90891474,0.7444079,0.8800813,0.65511817,0.507874,0.6439394,0.5062999725341797,0.7081484608650207,0.6801499724388123,0.7081484608650207,0.189,189.0,0.411457548039712,0.4566140200944708,0.46645575834126995,0.2803181423496561,0.2883257575344247,0.326547518427043,0.27822421801377556,0.27708415754367155,0.2887326853600466,0.04586957034720996,0.04738480454903648,0.05536464789300742,0.07546390667066569,0.09363059411552593,0.09429516092815077,0.044282163838097896,0.04402011627405985,0.04275882417715746,0.7012097,0.6959459,0.66240877,0.8122138,0.5833333,0.6421053,0.698374,0.6419708,0.5095499455928802,0.6505541832447052,0.7038500010967255,0.6505541832447052,0.1805,180.5,0.4349791439215145,0.477368418489594,0.4797867418565216,0.2552060658295394,0.2935830171255762,0.30864621495392586,0.271124653127486,0.269963143075666,0.28166584307914755,0.04536101167795706,0.04967162291845133,0.052284873138714924,0.08720789533583294,0.11009520701989717,0.10040852380481022,0.05164381964703027,0.05026751418170486,0.05189159158107138,0.69885486,0.74138206,0.78566176,0.77831084,0.73170733,0.6486117,0.603124,0.64295506,2026-10-04T20:08:12.547152
79,0.7411423921585083,0.500800371170044,0.5186485740661622,0.7530401349067688,0.5186485740661622,0.8243145379066468,0.9079685050964356,2.187838181686401,0.08339834048748017,2.467566096878052,2.0,1.0,10.0,,,,,0.7223182953834534,0.7223182953834534,,,,16.519125415039063,0.4239304265019241,0.13391701537807277,,0.13468601587851337,0.7419398170747574,0.14631607563822133,0.0012911463009525732,0.04155955324839255,1.2302876181283575,,0.0038724895718709154,,74.50041461142764,17.89889396375911,,104.20556387931678,74.43382778289212,24.14467733832681,95.21705228963475,43.49462096098882,16.519109179259864,,0.6931471824645996,,0.09425679959688976,0.24332875668243237,,0.16809592628554934,0.11388922947797046,0.31309732111396305,0.008542338237878243,0.6773093828729763,0.25369050833070356,,,,0.27095,5419.0,0.76591825,0.74635524,0.8441561,0.8737362,0.63705224,0.71569693,0.7244431,0.7162933,0.4972499907016754,0.6533101892471314,0.6961000561714172,0.6533101892471314,0.19,190.0,0.4315445014176375,0.46359212139540373,0.4780563611403795,0.26431996737967883,0.28083688973849275,0.31348666057701985,0.26853493998592437,0.2695718303995496,0.2914692380813451,0.05153866599692518,0.04634418127720894,0.05852790454435102,0.07702305947599358,0.09027551627648543,0.10090987567443047,0.049204401618405835,0.04592647605236966,0.05295365629656057,0.71800005,0.7895454,0.92286825,0.65855265,0.7471545,0.6291339,0.51299214,0.6162879,0.4933500289916992,0.779833664894104,0.6546500325202942,0.779833664894104,0.193,193.0,0.3916233729963703,0.4291277521679676,0.4469611922738864,0.2864547260214186,0.30350272409776485,0.3434012325250207,0.2545137375665864,0.25192268649086824,0.2678581196851081,0.04591657896271163,0.04563038094645127,0.05563856542352992,0.06709486143547408,0.08431914825548414,0.08544318834362176,0.036956533908796774,0.033354464090539056,0.032169755152725014,0.68669355,0.68198204,0.66131383,0.75877863,0.55203253,0.61403507,0.66178864,0.6167883,0.4953000098466873,0.7165719270706177,0.6753750443458557,0.7165719270706177,0.1915,191.5,0.4115839372070039,0.4463599367816857,0.462508776707133,0.2753873467005487,0.29216980691812877,0.32844394655102027,0.26152433877625536,0.2607472584452089,0.27966367888322663,0.048727622479818405,0.045987281111830106,0.05708323498394047,0.07205896045573383,0.0872973322659848,0.09317653200902612,0.043080467763601304,0.03964047007145435,0.042561705724642795,0.7023468,0.7357637,0.792091,0.7086656,0.6495935,0.6215845,0.5873904,0.6165381,2026-10-04T20:12:13.704039
80,0.7264123558998108,0.4975576102733612,0.5181664584636688,0.7537050247192383,0.5181664584636688,0.8253897632598877,0.9091632016181945,2.1985336265563964,0.08230179115533828,2.508084764099121,2.0,1.0,10.0,,,,,0.721395621395111,0.721395621395111,,,,16.497350814819335,0.4063057750938045,0.1378372399800807,,0.13481620051393842,0.7401491627571689,0.14582941254043275,0.0013248226829659145,0.042110687459872405,1.159651761032214,,0.003877565351086461,,74.46535020573124,17.874798027573117,,104.20435717151423,74.39977487940698,24.115849719685354,95.21797972272157,43.556366015391745,16.497323637555358,,0.6931471824645996,,0.09481620332997316,0.24399716345367917,,0.16883694015111134,0.11466376184468056,0.31432005516283074,0.008673523712879534,0.6818154495992478,0.25525532881165763,,,,0.2677,5354.0,0.76601845,0.7409183,0.8412639,0.87347955,0.6454245,0.7178182,0.71968406,0.72423625,0.5047499537467957,0.5720322556495666,0.7239500880241394,0.5720322556495666,0.204,204.0,0.45418236767968734,0.512052096603792,0.5065497931246005,0.22617103444594608,0.3089619052724352,0.29552167737726864,0.2651187708453795,0.2628355160743385,0.2838655983214673,0.02088632892948569,0.03078733077605676,0.024150134171246458,0.05989764918196698,0.10448362533129225,0.06873554771437454,0.041571593142399096,0.04004710181813044,0.040891805730254395,0.685,0.76681817,0.81007755,0.75986844,0.904065,0.68307084,0.5074803,0.6719697,0.49684998393058777,0.5510837666988373,0.7372999787330627,0.5510837666988373,0.204,204.0,0.3966487451211018,0.4407470070909221,0.4555809557235255,0.2803999536530371,0.29378934773655535,0.337239489613198,0.24671884830515936,0.24721236113283407,0.2626352730148059,0.044552605435063425,0.046219444147507976,0.058324281318684244,0.06794855378976492,0.09417211443852341,0.09545023187259558,0.040389664082604894,0.03375514290457454,0.04005907711959186,0.7673387,0.76756763,0.8562044,0.8114504,0.5869919,0.6872807,0.72113824,0.6868613,0.5007999688386917,0.561558011174202,0.7306250333786011,0.561558011174202,0.204,204.0,0.4254155564003946,0.47639955184735705,0.481065374424063,0.2532854940494916,0.3013756265044953,0.31638058349523335,0.2559188095752694,0.2550239386035863,0.27325043566813656,0.03271946718227456,0.03850338746178237,0.04123720774496535,0.06392310148586594,0.09932786988490783,0.08209288979348506,0.040980628612502,0.03690112236135249,0.040475441424923125,0.72616935,0.7671929,0.83314097,0.78565943,0.74552846,0.6851758,0.6143093,0.67941546,2026-10-04T20:16:14.478634
81,0.7320674657821655,0.4999796748161316,0.5186655586242676,0.7531598210334778,0.5186655586242676,0.8252672970771789,0.9090271248817444,2.206836651420593,0.08845632979273796,2.496589050865173,2.0,1.0,10.0,,,,,0.7175940395355225,0.7175940395355225,,,,16.472311120605468,0.4832960408963975,0.1319572320504553,,0.13725956073801987,0.7681862440458529,0.14789413340437185,0.0014086997853503059,0.04305373655430451,1.2128664995454679,,0.004174053281171924,,74.43105578574405,17.85366513926512,,104.20442316334719,74.36556564622624,24.087686077045028,95.21852267319989,43.616909440156,16.472286965436997,,0.6931471824645996,,0.09544007171680972,0.24533512049419864,,0.16962841134162465,0.11543016781093209,0.31582091663293776,0.008824084120191587,0.6862892269328901,0.2565055368052926,,,,0.2695,5390.0,0.757498,0.74979866,0.84427494,0.873124,0.64273757,0.7236162,0.71927905,0.71411407,0.49885010719299316,0.5771316924095153,0.7279999852180481,0.5771316924095153,0.211,211.0,0.39934657814229696,0.45055841755290216,0.44520145565021013,0.2726234071168426,0.33284758927116426,0.30723337577674464,0.2433451265704975,0.2421672787219079,0.25556185951299326,0.058092399867843605,0.05996334797621948,0.06769501077982501,0.0953354621109448,0.11460396205661412,0.1174894652690127,0.05968835890278245,0.059603961538565675,0.06268604165615581,0.7015,0.7663637,0.85503876,0.7707237,0.9052845,0.6649607,0.5031496,0.6545455,0.49490004777908325,0.611708128452301,0.708299994468689,0.611708128452301,0.215,215.0,0.3825702650663045,0.42208593190541766,0.44924208336818905,0.2512072828653853,0.28383749829142363,0.3361432851711243,0.22656865281674352,0.22877066279919614,0.25184700715569774,0.04227645680678457,0.04314905095482295,0.059977174392205665,0.06871738687206178,0.07828946216202694,0.0951565855858108,0.0378389289421034,0.0368125579035355,0.04024675897410714,0.7375,0.7301802,0.7266424,0.8129771,0.5971545,0.67192984,0.7142276,0.67043793,0.4968750774860382,0.5944199104309082,0.7181499898433685,0.5944199104309082,0.213,213.0,0.3909584216043007,0.4363221747291599,0.44722176950919956,0.2619153449911139,0.30834254378129394,0.32168833047393447,0.2349568896936205,0.235468970760552,0.2537044333343455,0.05018442833731408,0.051556199465521216,0.06383609258601533,0.0820264244915033,0.09644671210932053,0.10632302542741176,0.04876364392244292,0.048208259721050584,0.05146640031513147,0.7195,0.74827194,0.79084057,0.7918504,0.7512195,0.6684452,0.6086886,0.6624917,2026-10-04T20:20:16.059343
82,0.7260826230049133,0.5014879107475281,0.5156389822483063,0.7542402148246765,0.5156389822483063,0.8261350322723389,0.9099912784576416,2.2077604848861694,0.08270154495835304,2.499426145553589,2.0,1.0,10.0,,,,,0.7153677813529968,0.7153677813529968,,,,16.446485501098632,0.4503692957531115,0.1392417321349405,,0.1391370142483787,0.7237614338185377,0.14018021889363125,0.0012941709426706242,0.04171039005088958,1.095044631487245,,0.0036890246551506117,,74.39632736497624,17.83091613137798,,104.20587731622587,74.33161999161835,24.060992076898078,95.21932891068185,43.676297716274384,16.446465218902393,,0.6931471824645996,,0.09604456119096963,0.2464282713877927,,0.1704587360286409,0.11617515392743857,0.31754351193737834,0.008951310388696421,0.690673943158168,0.25776842540236794,,,,0.2716,5432.0,0.76214916,0.74613374,0.84580034,0.8727093,0.64094627,0.7175152,0.7236128,0.7244196,0.4963999390602112,1.001157118320465,0.6000499129295349,1.001157118320465,0.216,216.0,0.3847075364672487,0.4256241316325945,0.4369925416527987,0.2583813156872494,0.3021442223889392,0.3189118977674227,0.23140803028640541,0.2321003225413155,0.2575608591931516,0.029126774417400348,0.03612580033455301,0.04107199321852224,0.06615240898443231,0.08949242732537428,0.09008699408232926,0.03687166447192787,0.03207663505145835,0.04034229338888146,0.4985,0.5009091,0.5,0.7546053,0.90203255,0.5519685,0.49527562,0.5450757,0.501800000667572,1.0523093767166138,0.5809000730514526,1.0523093767166138,0.223,223.0,0.4054500754211002,0.4416353281389361,0.4686639232888254,0.30280028383617097,0.294550406164607,0.3702751583965234,0.2929308739494215,0.29401562200927295,0.31203403808046865,0.03729241260281174,0.03582570081458538,0.04600717768513357,0.058987945398873955,0.06681981308544518,0.07530139862897181,0.03205527049352977,0.026965790592527072,0.02873138230036258,0.5004032,0.5022523,0.499635,0.72022897,0.58739835,0.5649123,0.70731705,0.5594891,0.4990999698638916,1.0267332475185396,0.5904749929904938,1.0267332475185396,0.2195,219.5,0.39507880594417444,0.4336297298857653,0.45282823247081205,0.2805907997617102,0.2983473142767731,0.3445935280819731,0.2621694521179135,0.2630579722752942,0.2847974486368101,0.03320959351010604,0.0359757505745692,0.04353958545182791,0.06257017719165313,0.07815612020540974,0.08269419635565053,0.03446346748272882,0.02952121282199271,0.03453683784462202,0.4994516,0.5015807,0.4998175,0.7374171,0.74471545,0.55844045,0.6012963,0.5522824,2026-10-04T20:24:17.947491
83,0.7312451004981995,0.5007272362709045,0.5151308064460755,0.75504469871521,0.5151308064460755,0.8257506178855896,0.9095641493797302,2.1947392154693603,0.09561670038104057,2.459970087432861,2.0,1.0,10.0,,,,,0.7172066667556762,0.7172066667556762,,,,16.42466135253906,0.3726349625807659,0.1503711089041013,,0.14431801319691787,0.741173795264238,0.14300070788450303,0.0013401775230107841,0.04256662292180547,1.1820107214390092,,0.004169961027719472,,74.36196014987435,17.80931311200379,,104.20751962843974,74.2977437304843,24.03337888049472,95.21739979154745,43.72255079913291,16.424636537102376,,0.6931471824645996,,0.0966905457483735,0.24738703876923604,,0.17129121379108186,0.11691195285244352,0.3191277117106565,0.008992462294401636,0.6944214792767908,0.25941117212271236,,,,0.2723,5446.0,0.7624098,0.746758,0.84393823,0.8739139,0.6428154,0.72703034,0.722418,0.7204073,0.506100058555603,0.5632858362197876,0.7317999601364136,0.5632858362197876,0.185,185.0,0.4838103764657431,0.5710025439963162,0.5410298590289014,0.2730573104272553,0.35390659192134666,0.3291710771746204,0.3252733752357322,0.33445241048544694,0.35368540089038675,0.04792320519681987,0.0707907959232596,0.060551192131286284,0.0999424827947384,0.15860688279214236,0.11260795120893285,0.05908986564287469,0.06472370676915415,0.07237291060091451,0.704,0.78136367,0.8244186,0.76875,0.9077236,0.67834646,0.51023626,0.6791667,0.49560001492500305,0.5602250790596008,0.7391999959945679,0.5602250790596008,0.197,197.0,0.4161406005934133,0.46826106255235767,0.47601876454029646,0.2830292537110315,0.30669504325509384,0.3391682421471602,0.25077526021501034,0.25233946306393634,0.2650463296848001,0.05505821277634805,0.06068553518109688,0.06768199059825473,0.08083791251837352,0.10578543107623564,0.10183808344465008,0.041350053895160936,0.03797171906938014,0.04240168891187582,0.78104836,0.76711714,0.8521898,0.8133588,0.58739835,0.69429827,0.7166667,0.68868613,0.500850036740303,0.5617554576396941,0.7354999780654907,0.5617554576396941,0.191,191.0,0.4499754885295782,0.519631803274337,0.508524311784599,0.2780432820691434,0.3303008175882203,0.3341696596608903,0.2880243177253713,0.29339593677469167,0.3093658652875934,0.05149070898658396,0.06573816555217823,0.0641165913647705,0.09039019765655595,0.132196156934189,0.10722301732679146,0.050219959769017816,0.051347712919267145,0.057387299756395165,0.74252415,0.7742404,0.83830416,0.79105437,0.747561,0.68632233,0.6134515,0.6839264,2026-10-04T20:28:19.362179
84,0.7466222047805786,0.5007550716400146,0.5142845781326294,0.7547900676727295,0.5142845781326294,0.8281344403266907,0.912212841129303,2.212768095588684,0.10198005267977714,2.5072253356933594,2.0,1.0,10.0,,,,,0.7314212924957275,0.7314212924957275,,,,16.401041500854493,0.38868793871277457,0.1347040205624453,,0.1406253442690251,0.7205812506804801,0.14584538615812923,0.00132981550217618,0.04250437714112033,1.136232911021846,,0.004025649639168327,,74.3278714319703,17.790337690122566,,104.20828562936966,74.26363095811978,24.003864288330078,95.21728005378868,43.777249184383706,16.40103089885347,,0.6931471824645996,,0.09743992448042912,0.24865861616696522,,0.1721081658723248,0.11760844328221243,0.32065384555014836,0.009087703327179715,0.6985412213453062,0.26094807048512114,,,,0.268,5360.0,0.7630113,0.7416029,0.8412836,0.8733215,0.64528817,0.72882825,0.7192183,0.72509164,0.5113499164581299,0.5716022601127625,0.7228000164031982,0.5716022601127625,0.194,194.0,0.42967752888816535,0.48862937879546064,0.4783966990185202,0.30207532461684755,0.3452271878277591,0.33501176834857394,0.24365365530247787,0.2409582392594581,0.26746832069565174,0.026944833520950846,0.042845514097061554,0.038702485777981,0.07406785579374704,0.12084292438911397,0.09021614009202843,0.04249451104896897,0.04507040776344264,0.05481470392432162,0.686,0.78000003,0.82131785,0.77138156,0.9085366,0.6586614,0.4838583,0.6693182,0.4934999942779541,0.5463765859603882,0.7397500872612,0.5463765859603882,0.204,204.0,0.4202056935581275,0.4653232667960132,0.48551068551132837,0.29809071420881195,0.309496218264989,0.35842831229392297,0.2864988545799032,0.28895232663171383,0.3016278537071121,0.04251965003070269,0.04467639806095085,0.05518450913210875,0.06844615215291798,0.080848549800433,0.08266466557945179,0.040840577530070345,0.03789259652757301,0.04074737445873134,0.7782258,0.76261264,0.85656935,0.81564885,0.6056911,0.679386,0.703252,0.700365,0.502424955368042,0.5589894230365753,0.7312750518321991,0.5589894230365753,0.199,199.0,0.42494161122314644,0.47697632279573693,0.4819536922649243,0.3000830194128298,0.327361703046374,0.3467200403212485,0.2650762549411905,0.26495528294558596,0.2845480872013819,0.03473224177582677,0.0437609560790062,0.04694349745504488,0.07125700397333251,0.10084573709477349,0.08644040283574012,0.04166754428951966,0.041481502145507824,0.04778103919152648,0.7321129,0.77130634,0.8389436,0.7935152,0.7571138,0.66902375,0.59355515,0.68484163,2026-10-04T20:32:21.233316
85,0.7248350381851196,0.5016699433326721,0.5162276807785035,0.7549697160720825,0.5162276807785035,0.8262889287948608,0.9101622747421265,2.195540616226196,0.09904508244395256,2.5219997287750244,2.0,1.0,10.0,,,,,0.7330105319976806,0.7330105319976806,,,,16.381667645263672,0.47959139748553564,0.14803651473514592,,0.1461334587994275,0.7230941357126661,0.14868222620741578,0.001339654145305561,0.04280732830713509,1.198194136475302,,0.0040278009950571875,,74.29321133558918,17.767903892857255,,104.21060447935845,74.22947143749067,23.97733000737087,95.21798851839296,43.84280585027804,16.381640124472842,,0.6931471824645996,,0.09803072837697473,0.24970015541763063,,0.17301496350841158,0.11832783869497336,0.322199803818563,0.009187247989711109,0.7030944205393457,0.2628358046340335,,,,0.26855,5371.0,0.76200885,0.7440596,0.839164,0.8755924,0.6444899,0.72555554,0.72225595,0.7260081,0.5032498836517334,0.5637056646347046,0.7279000282287598,0.5637056646347046,0.185,185.0,0.4647356001082587,0.527974803443092,0.5225914490436668,0.31629159581390165,0.35974594605977456,0.3651477811863971,0.3286453460830305,0.34167950950064996,0.3592655092174111,0.05134309814537237,0.06785738632923893,0.06377561659807848,0.11091833811602356,0.16380379937842907,0.12553113150129838,0.06016604682801266,0.05968392876945845,0.07321380085583346,0.69,0.78318185,0.8108527,0.7720395,0.9077236,0.67165357,0.4940945,0.6901515,0.4880499839782715,0.5471880226135254,0.737500011920929,0.5471880226135254,0.212,212.0,0.4223350400368189,0.47242443773962683,0.4857594551467773,0.282473726845845,0.3027275363069162,0.3529581977910623,0.27541151415067844,0.28162045900637706,0.29881738254871476,0.043811535229596604,0.04684873248746144,0.055604844510298186,0.06863165923227507,0.08709831623592935,0.0863233299862101,0.04328026040556431,0.04185836596860012,0.046395439734500325,0.7693549,0.7585586,0.85656935,0.8114504,0.59186995,0.69342107,0.7170732,0.68759125,0.49564993381500244,0.555446843624115,0.7327000200748444,0.555446843624115,0.1985,198.5,0.4435353200725388,0.5001996205913595,0.5041754520952221,0.29938266132987335,0.33123674118334534,0.3590529894887297,0.30202843011685443,0.31164998425351353,0.32904144588306294,0.04757731668748449,0.057353059408350185,0.05969023055418833,0.08977499867414931,0.12545105780717922,0.10592723074375424,0.05172315361678849,0.05077114736902928,0.059804620295166894,0.72967744,0.7708702,0.833711,0.79174495,0.74979675,0.6825373,0.60558385,0.6888714,2026-10-04T20:36:22.890634
86,0.7381324768066406,0.5025350451469421,0.5118434091567993,0.7565799951553345,0.5118434091567993,0.8279672472000122,0.9120270689964295,2.229256322479248,0.09231822556257248,2.4549787353515624,2.0,1.0,10.0,,,,,0.7348026530265808,0.7348026530265808,,,,16.35775227661133,0.41190540918688867,0.1295031186691515,,0.13719085055836447,0.7191980414709468,0.1481378795994315,0.0013310297951769606,0.04273382912443322,1.1603578666972507,,0.00380545912683455,,74.25835428420146,17.748153224872176,,104.21337098528625,74.19595521574567,23.950266759107066,95.22116876104076,43.88425416399719,16.35774437485227,,0.6931471824645996,,0.09857485671142105,0.2509773197067771,,0.17383696281226577,0.1190704053659348,0.3238177187503523,0.009270468744550162,0.7066429936961763,0.2642203161291256,,,,0.2748,5496.0,0.7700882,0.7449255,0.8389461,0.8792259,0.6418419,0.7324849,0.72172946,0.72283095,0.48890000581741333,0.560348626613617,0.7283499240875244,0.560348626613617,0.186,186.0,0.4327224720294442,0.4893065448210376,0.47068512561329423,0.25780159306145994,0.3031488130498425,0.2899275256773012,0.2257898788018046,0.22025282116261355,0.24175760449927716,0.047131797332496055,0.05668690328837929,0.050124896436002216,0.11877306045959819,0.15404376047668342,0.12752152018745422,0.06518227579435902,0.062158924721869034,0.068468815433064,0.6925,0.77909094,0.81860465,0.7641447,0.90934956,0.6771653,0.5066929,0.6776515,0.4977000653743744,0.5365318684577942,0.7422500252723694,0.5365318684577942,0.208,208.0,0.4161939875941354,0.4525704449190193,0.46738101304307306,0.3120436236825419,0.29022975296630976,0.34653901327401887,0.28076404824531304,0.2782159178666016,0.28316225268911555,0.04609041505525073,0.053150902783660366,0.05508890476177959,0.07007447783293368,0.10119563059104306,0.08633064835692146,0.04168295808144812,0.038153528231365974,0.04041909660637819,0.78467745,0.7617117,0.85656935,0.819084,0.5902439,0.6986842,0.7138212,0.69854015,0.49330003559589386,0.5484402475357055,0.7352999746799469,0.5484402475357055,0.197,197.0,0.4244582298117898,0.4709384948700285,0.46903306932818367,0.2849226083720009,0.2966892830080761,0.31823326947566,0.25327696352355883,0.2492343695146076,0.26245992859419637,0.04661110619387339,0.05491890303601983,0.05260690059889091,0.09442376914626593,0.12761969553386324,0.10692608427218783,0.05343261693790357,0.05015622647661751,0.0544439560197211,0.7385887,0.77040136,0.837587,0.79161435,0.74979675,0.68792474,0.610257,0.6880958,2026-10-04T20:40:23.927258
87,0.7251296639442444,0.5012498497962952,0.5130013064861297,0.7557528614997864,0.5130013064861297,0.8282455109596253,0.9123362474441529,2.2281352125167846,0.08663096868991851,2.500486730003357,2.0,1.0,10.0,,,,,0.7271797430038452,0.7271797430038452,,,,16.334899481201173,0.3655588019425702,0.12982667477172652,,0.13215524110065144,0.6986106169071926,0.1487673979703408,0.0012693387147774743,0.04084596970373658,1.2855108448654224,,0.003933396715200713,,74.22329595286375,17.72761326686592,,104.21318472115098,74.16230715611938,23.92268343639981,95.22032073197092,43.95003033291762,16.334883246452186,,0.6931471824645996,,0.09909267405605619,0.2522482917566968,,0.17461771807473175,0.11983911911393427,0.32555198024032983,0.009372974324757886,0.7111641430551079,0.26600731994695725,,,,0.275,5500.0,0.7603649,0.74830854,0.8432052,0.87486184,0.64042056,0.7278182,0.7264885,0.7240733,0.5087500214576721,0.5653135809898376,0.7270500063896179,0.5653135809898376,0.192,192.0,0.42649480345393415,0.485269802798192,0.46615535721279455,0.27824868367922295,0.35750647046718853,0.32909235902028955,0.2660257239180256,0.2670181183546373,0.28869357010558294,0.03373160848837684,0.04397599617225853,0.03952921685734506,0.10877547153217548,0.13551780480031558,0.12494183279187741,0.06391445645224984,0.06450682674582736,0.06278947300644848,0.686,0.7745455,0.82131785,0.76480263,0.89715445,0.67007875,0.51220477,0.68598485,0.500749945640564,0.5587456011772156,0.7407500743865967,0.5587456011772156,0.198,198.0,0.3857196567885574,0.4434613232417061,0.4563922733648657,0.2562364076239093,0.28987928609813873,0.33040995026921927,0.23391550890314142,0.23654830221931145,0.25916997350488796,0.05391384520027831,0.06519995959110518,0.06468696751793847,0.06925659024160306,0.11176191170989518,0.0905784920460238,0.04692877925936243,0.045112525606738556,0.046505482032134865,0.7866936,0.76216215,0.8540146,0.81450385,0.5857724,0.6978071,0.70975614,0.7007299,0.504749983549118,0.5620295910835267,0.7339000403881073,0.5620295910835267,0.195,195.0,0.4061072301212458,0.464365563019949,0.46127381528883016,0.26724254565156613,0.32369287828266363,0.3297511546447544,0.2499706164105835,0.25178321028697437,0.2739317718052354,0.04382272684432757,0.054587977881681855,0.052108092187641765,0.08901603088688928,0.12363985825510537,0.10776016241895062,0.05542161785580614,0.05480967617628296,0.05464747751929167,0.7363468,0.7683538,0.8376662,0.78965324,0.7414634,0.6839429,0.61098045,0.69335735,2026-10-04T20:44:24.478531
88,0.7457776069641113,0.4998721182346344,0.5124301273345947,0.7555400133132935,0.5124301273345947,0.8259830490112304,0.9098224052429199,2.1910857175827028,0.10132420685887336,2.4107673446655276,2.0,1.0,10.0,,,,,0.7187622190475463,0.7187622190475463,,,,16.310451113891602,0.39061500749010947,0.14506870489211598,,0.14337987704261854,0.695569295981887,0.14201285801590627,0.0012976216685448056,0.04118011590496749,1.0733095282202314,,0.0038479389687688654,,74.18807779299985,17.707328176802132,,104.21313228728665,74.1285077234742,23.892888901339976,95.21968933882987,43.997900993201384,16.31044274834311,,0.6931471824645996,,0.09959438523858975,0.2533675403731644,,0.17534276036320218,0.12053765280611196,0.32683624355656327,0.009470564526784572,0.7149546799386383,0.267397279572335,,,,0.27505,5501.0,0.76451486,0.7438582,0.8354596,0.87845576,0.6379089,0.72959596,0.72624546,0.7279633,0.504550039768219,0.5573391618728638,0.7269999384880066,0.5573391618728638,0.204,204.0,0.3805869875271582,0.4278181759186247,0.4325662682544316,0.27374077375886174,0.31038349545013433,0.30758657191181127,0.20232196411170622,0.20202598349770148,0.23848978426410405,0.04392178182695846,0.04572806687594713,0.0487056579920943,0.09108235310576687,0.11797801641755513,0.10478948594808972,0.07330488130371085,0.06970254278747752,0.07691579375423722,0.67550004,0.7763637,0.81782943,0.76644737,0.9052845,0.6846457,0.50275594,0.6810606,0.505500078201294,0.5344483709335327,0.7428499460220337,0.5344483709335327,0.203,203.0,0.3863054375362423,0.4380870871168015,0.4604083502793018,0.2609964030291984,0.2790334799625986,0.33480371744290555,0.22895208366694475,0.23486273792654017,0.25374593014181746,0.0435833986419288,0.04797128764944722,0.056038544558696744,0.05936182220769428,0.07633166624067345,0.0839238904863371,0.03961798135205714,0.03749040329199373,0.040900843466571295,0.7931451,0.76531535,0.85656935,0.8167939,0.59634143,0.6986842,0.71300817,0.689781,0.5050250589847565,0.5458937664031982,0.7349249422550201,0.5458937664031982,0.20350000000000001,203.5,0.38344621253170025,0.4329526315177131,0.44648730926686675,0.2673685883940301,0.2947084877063665,0.32119514467735844,0.21563702388932549,0.2184443607121208,0.24611785720296075,0.043752590234443625,0.046849677262697176,0.05237210127539552,0.07522208765673058,0.09715484132911428,0.09435668821721341,0.05646143132788399,0.05359647303973562,0.058908318610404256,0.73432255,0.7708395,0.8371994,0.7916206,0.750813,0.69166493,0.607882,0.6854208,2026-10-04T20:48:25.235160
89,0.7346900701522827,0.4991874098777771,0.5072730741977691,0.7583576440811157,0.5072730741977691,0.8289811340332032,0.913153610420227,2.238341602706909,0.09960654291510582,2.421759541320801,2.0,1.0,10.0,,,,,0.7262764102935791,0.7262764102935791,,,,16.291463931274414,0.3667367552970625,0.1346206553043074,,0.14403311813333233,0.699468756747094,0.13494286441783995,0.001297803996813003,0.04048340179168495,1.0161264407786594,,0.00408510946977148,,74.15362106614812,17.685490930156345,,104.21445965615048,74.09453194004715,23.862774830714912,95.21804425670842,44.0465049500678,16.291449309913975,,0.6931471824645996,,0.10021255222285629,0.2543524830204666,,0.17615157413254878,0.12123790900608536,0.3278968074139516,0.009556848454959454,0.7187182208535018,0.2693280135370364,,,,0.2712,5424.0,0.7636528,0.7503423,0.8468502,0.8775869,0.64859813,0.7317374,0.71998787,0.72737277,0.5067500472068787,0.5559284975528717,0.7295998930931091,0.5559284975528717,0.19,190.0,0.4179623897795455,0.4791541716764737,0.465903217789774,0.3166868363450561,0.3429861438416134,0.3395637800254052,0.25057700297823415,0.24782143844238125,0.2732996761033028,0.04358744639209408,0.06293248611049983,0.05232861910634426,0.09772930952047565,0.1518263746141757,0.11846802387486124,0.0812668556811317,0.08099256752266039,0.08794991923480928,0.6925,0.7718182,0.83255816,0.76875,0.9065041,0.68228346,0.49724412,0.6810606,0.4888499975204468,0.5482513065338135,0.7424001097679138,0.5482513065338135,0.208,208.0,0.4036130069990084,0.4388876557498542,0.46564471621109965,0.2894425877278314,0.2698197273110886,0.3369997538611366,0.27653696583399606,0.2774485053813987,0.28794430760562223,0.04223132688004916,0.0493339391396173,0.053779886103254314,0.06433072624919373,0.09306562635681663,0.08475469825654872,0.03989455882303764,0.03874917220130755,0.04190999911263339,0.78104836,0.75540537,0.850365,0.81603056,0.6077236,0.69736844,0.7121951,0.70401466,0.4978000223636627,0.5520899020433425,0.7360000014305115,0.5520899020433425,0.199,199.0,0.4107876983892769,0.45902091371316395,0.46577396700043683,0.30306471203644375,0.306402935576351,0.33828176694327095,0.2635569844061151,0.26263497191189,0.2806219918544625,0.04290938663607162,0.05613321262505856,0.05305425260479929,0.08103001788483469,0.12244600048549617,0.10161136106570498,0.06058070725208467,0.05987086986198397,0.06492995917372134,0.7367742,0.7636118,0.84146154,0.7923903,0.7571138,0.68982595,0.60471964,0.69253767,2026-10-04T20:52:26.488237
90,0.7375551462173462,0.49839794635772705,0.5136686151981353,0.7546879053115845,0.5136686151981353,0.8263937136650086,0.9102787006378174,2.225567937088013,0.09527099959850312,2.508404743385315,2.0,1.0,10.0,,,,,0.7426599962234497,0.7426599962234497,,,,16.273060293579103,0.4091426539857676,0.13719359934804545,,0.14311955456331277,0.7123323739713924,0.1423462381123737,0.0012522040151510458,0.04102980906653936,1.1242796864099562,,0.0036683234675423315,,74.11904552484015,17.664346439823223,,104.21653266469384,74.06057447688595,23.83528891642382,95.21639217692575,44.1091428623078,16.273053515488936,,0.6931471824645996,,0.10085653523161153,0.25550025435769635,,0.17700177934139397,0.1219284208906684,0.3294515755905467,0.009602592510592405,0.7230128315603657,0.271383797097358,,,,0.27065,5413.0,0.7582398,0.7409585,0.8439778,0.8783966,0.6445483,0.73185855,0.7161806,0.7225255,0.4938499331474304,0.5644248614311218,0.7245999574661255,0.5644248614311218,0.213,213.0,0.41717606300305443,0.47242199199460805,0.47489556624209806,0.2482676811153628,0.29963715050812556,0.32909466102848084,0.2723080194303617,0.27243368354346,0.29559756345525784,0.04689518681469599,0.0686062659958575,0.05979779346097673,0.09755037896065487,0.14113092382736567,0.10448741751559042,0.06925407685534717,0.07079034275688877,0.080580060465313,0.6815,0.78000003,0.81046516,0.7680921,0.9048781,0.68425196,0.4917323,0.6719697,0.5067999958992004,0.5367345423698425,0.7434000968933105,0.5367345423698425,0.206,206.0,0.39868625013316983,0.441888219189497,0.45893922978444945,0.2875016980472487,0.29390994040845786,0.33571430777351313,0.232867183270753,0.22944534045098872,0.2494260209595944,0.047155200229845776,0.05485405788623168,0.05870811466635937,0.06226361787112942,0.09167383645490683,0.08077391858140852,0.037581163352505,0.03477437881777921,0.03691473004165775,0.7887097,0.76666665,0.85656935,0.81717557,0.60284555,0.6864035,0.72398376,0.69087595,0.5003249645233154,0.5505797019004821,0.734000027179718,0.5505797019004821,0.2095,209.5,0.40793115656811213,0.4571551055920525,0.46691739801327375,0.26788468958130573,0.2967735454582917,0.332404484400997,0.25258760135055736,0.25093951199722436,0.2725117922074261,0.047025193522270886,0.06173016194104459,0.059252954063668054,0.07990699841589215,0.11640238014113624,0.09263066804849947,0.05341762010392608,0.05278236078733399,0.05874739525348538,0.73510486,0.7733333,0.83351725,0.79263383,0.7538618,0.68532777,0.60785806,0.6814228,2026-10-04T20:56:27.205345
91,0.724815309047699,0.5014098882675171,0.5120967081546783,0.7558953166007996,0.5120967081546783,0.8293281272888183,0.9135391584396362,2.2471194849014284,0.10692862377762795,2.518959838485718,2.0,1.0,10.0,,,,,0.7439056767463684,0.7439056767463684,,,,16.254215728759764,0.44496357337731846,0.1383052227638994,,0.14080014277937686,0.7099010932027914,0.14459115658311328,0.0012779651816999598,0.04142178463375872,1.121922679767487,,0.003959600528348816,,74.08522223211398,17.639538698135667,,104.21825345762217,74.02705324986938,23.807291614022226,95.221358766981,44.16526143262341,16.254201852591933,,0.6931471824645996,,0.10151320245045765,0.2562243678387563,,0.1778041642562599,0.12263673895103916,0.3310301432943648,0.009724159446206821,0.7270438401562394,0.2734746720380844,,,,0.26605,5321.0,0.7651965,0.74611354,0.8389461,0.8800355,0.63689643,0.73357576,0.7216889,0.72429734,0.49754998087882996,0.5778031930923462,0.7283999919891357,0.5778031930923462,0.201,201.0,0.42252245113186915,0.48082544542662115,0.47797424701683644,0.27070808748064784,0.336888539527456,0.31814280367481407,0.25726044817933497,0.2671032288276525,0.2890954768633486,0.039682591839876595,0.05437899146854556,0.05255004419930005,0.08796061496423332,0.12553371121560283,0.11585417352696097,0.05583246317438936,0.05436676689521499,0.06391177711285494,0.68950003,0.77590907,0.801938,0.76875,0.9052845,0.68425196,0.5137795,0.6840909,0.5063499808311462,0.5461180210113525,0.7451000213623047,0.5461180210113525,0.198,198.0,0.4030403122454416,0.45275527537528343,0.4672768901269013,0.2703899182208482,0.2860990001269337,0.33634258289870905,0.23930297066010972,0.23944523995397018,0.25937780346528233,0.051077968775081646,0.05578738910490606,0.05899929715526278,0.0674133589527883,0.09799529428464462,0.08837590965333728,0.04128383828733227,0.035859642552276895,0.039584464746329956,0.77620965,0.77162164,0.8562044,0.81832063,0.599187,0.7026316,0.72398376,0.699635,0.5019499808549881,0.5619606070518494,0.7367500066757202,0.5619606070518494,0.1995,199.5,0.4127813816886554,0.4667903604009523,0.4726255685718689,0.270549002850748,0.31149376982719484,0.3272426932867616,0.24828170941972233,0.2532742343908113,0.2742366401643155,0.04538028030747912,0.055083190286725814,0.05577467067728142,0.07768698695851081,0.11176450275012373,0.10211504159014911,0.04855815073086082,0.04511320472374594,0.051748120929592446,0.73285484,0.7737653,0.82907116,0.79353535,0.7522358,0.69344175,0.61888164,0.69186294,2026-10-04T21:00:28.840269
92,0.7315272092819214,0.5009926557540894,0.5067827286243439,0.7584953904151917,0.5067827286243439,0.8250952711105347,0.9088359851837158,2.18988419380188,0.10325606417059899,2.4588271505355834,2.0,1.0,10.0,,,,,0.7372569803237915,0.7372569803237915,,,,16.23334157409668,0.34205732684416373,0.12159486380731983,,0.13051917802566176,0.7174285187083445,0.13890752125128059,0.0013012533820572362,0.04155532064236653,1.0651191710286838,,0.003575144892122454,,74.0505441556311,17.618746532756052,,104.2186904712847,73.99356535893337,23.779391987308575,95.2248517662097,44.216064477422435,16.23331898488816,,0.6931471824645996,,0.10207133137496413,0.2574360167524617,,0.17847140997078767,0.12334020321915863,0.3325061815179837,0.009843694550358946,0.7308206493687478,0.2752774610261249,,,,0.27425,5485.0,0.7732157,0.7419452,0.83958006,0.882741,0.64160824,0.7362828,0.7230255,0.7291039,0.5066499710083008,0.5561302137374878,0.7316499352455139,0.5561302137374878,0.199,199.0,0.4214315282778718,0.47995003033678674,0.48205107863019797,0.2573485453457074,0.30411932769840244,0.3125264280629966,0.23276665217318498,0.2398018650223682,0.2638905894493038,0.03139228413216464,0.044102046704265,0.0439022351448175,0.0782425257678022,0.09917269834312266,0.08960139528076554,0.03388957235664882,0.034650157930924554,0.04184097054772523,0.67450005,0.78636366,0.83682173,0.7707237,0.9069106,0.6877953,0.50236225,0.6810606,0.4953000247478485,0.5367221417427063,0.7434500455856323,0.5367221417427063,0.213,213.0,0.38982733263468883,0.4331239255702615,0.45647885208288297,0.27903718927547044,0.2727363353982793,0.32754492696434245,0.24935202399900738,0.2542252730161905,0.26884167333785,0.04886037114368227,0.05608952675097094,0.06311696698427056,0.08047852603368134,0.10160049642273672,0.09232569675519357,0.04084915126644657,0.03939124937984399,0.04076038273879282,0.78467745,0.76936936,0.85656935,0.8187023,0.59105694,0.6978071,0.72073174,0.69525546,0.5009749978780746,0.546426177740097,0.7375499904155731,0.546426177740097,0.20600000000000002,206.0,0.4056294304562803,0.4565369779535241,0.4692649653565405,0.2681928673105889,0.28842783154834084,0.3200356775136695,0.2410593380860962,0.24701356901927934,0.2663661313935769,0.040126327637923453,0.05009578672761797,0.053509601064544034,0.07936052590074177,0.10038659738292968,0.09096354601797955,0.037369361811547694,0.03702070365538428,0.041300676643259024,0.72958875,0.7778665,0.84669554,0.794713,0.74898374,0.6928012,0.611547,0.68815804,2026-10-04T21:04:29.024833
93,0.7316575646400452,0.5013721585273743,0.507169434595108,0.7584200501441956,0.507169434595108,0.8255515617370606,0.9093429792404175,2.1993216388702392,0.09726003133654594,2.439163314628601,2.0,1.0,10.0,,,,,0.7411054336547852,0.7411054336547852,,,,16.212559509277344,0.32509834172239727,0.13285599131682876,,0.13871198225837605,0.6609864969542072,0.1409065943851972,0.001311428640645804,0.04179499344603651,1.044279855148048,,0.003897080795578421,,74.01533892200251,17.59636022482708,,104.21735765979548,73.95983104341349,23.751289719988588,95.2277558442134,44.271186658531235,16.21254643968716,,0.6931471824645996,,0.10263946353440072,0.25843679866973,,0.1791420048399336,0.12403307110071182,0.3338536468281108,0.00996404142374066,0.7348047589800161,0.2770280454568802,,,,0.27675,5535.0,0.766259,0.74583167,0.8464342,0.88027257,0.64308804,0.73527277,0.7194006,0.7302444,0.49000003933906555,0.5803468360900879,0.7269498705863953,0.5803468360900879,0.2,200.0,0.4267222985903036,0.49933741415495747,0.48217839485700204,0.26188252786179617,0.3219409922738929,0.32225918404762166,0.2634109726474191,0.27191884729503446,0.294535284991768,0.0444976137139155,0.060029228184692654,0.05446231763718024,0.11996341046139149,0.15865646281045132,0.13578647249086515,0.07342950085043688,0.07149958029374112,0.08088804707248491,0.6995,0.7804545,0.79883724,0.77105266,0.9085366,0.6818898,0.4976378,0.67689395,0.4972499907016754,0.5576530177593231,0.7406999468803406,0.5576530177593231,0.201,201.0,0.39585303172569775,0.4437116126576238,0.46742141280953,0.26999836796559334,0.25892396528910655,0.31244575347108117,0.24479350455524007,0.24633566539962728,0.26635520718033595,0.04652143200219722,0.05611894973489928,0.05885282309434236,0.0678615333547966,0.10447117750537156,0.09294867128517116,0.03867975566032829,0.03697728526430265,0.03610460157189384,0.77620965,0.77837837,0.8551095,0.8133588,0.59634143,0.6872807,0.71300817,0.6930657,0.4936250150203705,0.5689999269247055,0.7338249087333679,0.5689999269247055,0.2005,200.5,0.41128766515800064,0.47152451340629065,0.474799903833266,0.26594044791369476,0.2904324787814997,0.3173524687593514,0.2541022386013296,0.25912725634733086,0.280445246086052,0.04550952285805636,0.05807408895979597,0.0566575703657613,0.09391247190809404,0.13156382015791143,0.11436757188801816,0.056054628255382585,0.054238432779021885,0.058496324322189375,0.73785484,0.77941644,0.8269734,0.7922057,0.752439,0.6845852,0.60532296,0.6849798,2026-10-04T21:08:29.785136
94,0.7202746868133545,0.5008425712585449,0.509737270116806,0.7560423612594604,0.509737270116806,0.8263264205932617,0.9102039383888245,2.225714401626587,0.0868839784860611,2.5870189519882203,2.0,1.0,10.0,,,,,0.748066174697876,0.748066174697876,,,,16.19061300354004,0.36830932732410493,0.15141238743190172,,0.14180127967884587,0.6822415501069111,0.13631501153206368,0.0012854771635934094,0.04088023259856139,1.0086763586587966,,0.0039039196654713777,,73.9810631138504,17.576778776326755,,104.21944548977409,73.92637153188134,23.7229124664501,95.22471715842083,44.33174743166395,16.190602041353845,,0.6931471824645996,,0.10326290875673294,0.25968955694490176,,0.1800095173204021,0.12475981563329697,0.3351156512263474,0.010042244847270714,0.7389570645465973,0.27859243769554576,,,,0.269,5380.0,0.7589014,0.7512082,0.8388074,0.87918645,0.645736,0.73076767,0.7125759,0.73050916,0.4942000210285187,0.5860107340812684,0.7360999584197998,0.5860107340812684,0.178,178.0,0.41402921967607315,0.49704131973085114,0.472385611165385,0.2480117499288009,0.34396420190459104,0.3166185061144715,0.2625916514855553,0.27447766349033165,0.2970178241568993,0.046710671331340686,0.07002025539699097,0.05910940823559309,0.09750152211563151,0.1526605122320724,0.12472126777632632,0.06610357154160623,0.0692293130275547,0.07378349462736511,0.698,0.7622727,0.9,0.77236843,0.9101626,0.6582677,0.5074803,0.67386365,0.4978500306606293,0.6614245610237122,0.6905999779701233,0.6614245610237122,0.196,196.0,0.42412543157810906,0.4666108341943364,0.49242269632423263,0.3013851938393183,0.2692457062549984,0.3461708323901677,0.28808944794917557,0.2887998636436423,0.3041131836538738,0.0368242333212296,0.051864025025870286,0.053527819553313566,0.05720867943949631,0.10068730169252207,0.08112636509732872,0.027093688520747748,0.026905001008195283,0.029740272756931176,0.6991936,0.7031532,0.66861314,0.8148855,0.5971545,0.65219295,0.72317076,0.66240877,0.496025025844574,0.6237176475524903,0.7133499681949615,0.6237176475524903,0.187,187.0,0.4190773256270911,0.4818260769625938,0.48240415374480883,0.2746984718840596,0.3066049540797947,0.33139466925231964,0.27534054971736543,0.28163876356698697,0.30056550390538656,0.04176745232628515,0.06094214021143063,0.05631861389445333,0.07735510077756391,0.12667390696229724,0.10292381643682752,0.046598630031176994,0.04806715701787499,0.05176188369214814,0.69859684,0.732713,0.7843065,0.79362696,0.75365853,0.6552303,0.61532557,0.66813624,2026-10-04T21:12:31.381367
95,0.7311898469924927,0.5002972483634949,0.5057314657211304,0.7588175535202026,0.5057314657211304,0.8261454524993896,0.9100028498649597,2.220749477005005,0.08165235414505005,2.535711333847046,2.0,1.0,10.0,,,,,0.7499566354751587,0.7499566354751587,,,,16.16718225708008,0.3585846756768834,0.13928935094291617,,0.13948285964074408,0.7076874202603747,0.14641070318449834,0.0012278322269101954,0.040273064735588754,1.1831134257802538,,0.0038758144909693936,,73.94747803317513,17.554600733860283,,104.22148788354959,73.89277401091947,23.694746418363728,95.22296089123769,44.38280231937481,16.167160082774558,,0.6931471824645996,,0.10388573354027074,0.26077244369087704,,0.18084763313175006,0.125464941096154,0.3364835168905319,0.010108395254203848,0.7426769771393696,0.2800066539436389,,,,0.273,5460.0,0.76762235,0.74506646,0.84502774,0.88147706,0.64515185,0.7395152,0.71545166,0.730611,0.5141000151634216,0.5892111821174622,0.721250057220459,0.5892111821174622,0.201,201.0,0.4449750428330691,0.49866102601734713,0.498112588516192,0.20563404497722715,0.2492425371513064,0.24421703692494,0.24728165840679633,0.26308236270916413,0.2870335440028942,0.028848153204003014,0.0490305885638268,0.042329707402680584,0.06903382032293416,0.10696477922987566,0.08911196230007133,0.05959063947171742,0.06278604473041959,0.07361436111548601,0.69,0.7622727,0.8089147,0.7651316,0.9048781,0.6732283,0.4838583,0.6780303,0.5022000670433044,0.5554205899238587,0.7374499440193176,0.5554205899238587,0.205,205.0,0.40756794674237956,0.46089915070013454,0.4800356020543647,0.24833307932193377,0.27178405830622177,0.3134727860198856,0.2662676991413734,0.27611775507164454,0.2923988144806478,0.04262380226046023,0.04266822317577677,0.05304783836559102,0.06797691373972586,0.08942350456297647,0.08996920690562948,0.04177845864293754,0.03888383114357095,0.04360351391234722,0.7693549,0.76036036,0.8562044,0.7996183,0.60284555,0.69385964,0.7077236,0.6956205,0.508150041103363,0.5723158860206604,0.7293500006198883,0.5723158860206604,0.203,203.0,0.4262714947877243,0.47978008835874086,0.48907409528527834,0.22698356214958046,0.2605132977287641,0.2788449114724128,0.2567746787740849,0.26960005889040434,0.289716179241771,0.035735977732231625,0.04584940586980178,0.047688772884135804,0.06850536703133,0.09819414189642606,0.08954058460285041,0.050684549057327485,0.05083493793699527,0.05860893751391662,0.72967744,0.76131654,0.8325596,0.782375,0.7538618,0.683544,0.595791,0.6868254,2026-10-04T21:16:33.309668
96,0.7195373773574829,0.4998326301574707,0.5015781484603882,0.7607871294021606,0.5015781484603882,0.8263744620323181,0.9102573101043702,2.2102126438140868,0.09044066361784935,2.454942601394653,2.0,1.0,10.0,,,,,0.7574669252395629,0.7574669252395629,,,,16.14577583618164,0.3384763816264784,0.11348931254095333,,0.1318064455393773,0.6732006708907473,0.13965056006126342,0.001237401733201614,0.04025055138263733,1.1096086412858053,,0.0034161174394024218,,73.91317544924985,17.531247230092433,,104.22085741371106,73.85894294301416,23.668810534629092,95.22489093367462,44.42854595791762,16.145750519576346,,0.6931471824645996,,0.10444883271387428,0.2614722737840786,,0.18153735530224574,0.12614548965624184,0.33811290894344354,0.010192134577757235,0.7461953390935424,0.2815639093802993,,,,0.2727,5454.0,0.7704491,0.7495368,0.8408677,0.88351107,0.6454634,0.7428283,0.7224585,0.7307332,0.5058499574661255,0.5606040143966675,0.7319499850273132,0.5606040143966675,0.194,194.0,0.43641356624211153,0.4907660186934956,0.4966810273667688,0.2340941048095257,0.3236325437403395,0.32109530229730354,0.26736242145104583,0.2775871347944146,0.3052277395865699,0.02813689667086871,0.03851166532228513,0.04107777231464596,0.06932933935109425,0.11426908358641634,0.09249983757134883,0.03970740307533498,0.0410265136658747,0.050404752532051414,0.686,0.7781818,0.83255816,0.7746711,0.9085366,0.6692913,0.5125984,0.6875,0.4975499212741852,0.5471564273834228,0.7402001023292542,0.5471564273834228,0.207,207.0,0.4092036834514968,0.4541308309016301,0.4796972090768187,0.27411340512597154,0.27108089732110585,0.34003970759751323,0.2493037510818374,0.24645361106315758,0.2681301650918945,0.04606884910034364,0.049167060652349506,0.05733658424708979,0.06540536557818827,0.09096974929851803,0.087587161437251,0.041486363965137496,0.03748494371368099,0.0398626956822656,0.76693547,0.76261264,0.8547445,0.81832063,0.59065044,0.7008772,0.72073174,0.6930657,0.5016999393701553,0.5538802208900452,0.7360750436782837,0.5538802208900452,0.2005,200.5,0.42280862484680415,0.4724484247975629,0.4881891182217937,0.2541037549677486,0.2973567205307227,0.3305675049474084,0.2583330862664416,0.2620203729287861,0.28667895233923224,0.037102872885606174,0.04383936298731732,0.049207178280867875,0.06736735246464126,0.10261941644246719,0.0900434995042999,0.040596883520236236,0.03925572868977785,0.045133724107158504,0.7264677,0.7703972,0.8436513,0.79649585,0.7495935,0.6850842,0.61666507,0.6902828,2026-10-04T21:20:34.344320
97,0.6916776299476624,0.5016126036643982,0.5066309491634369,0.7575347423553467,0.5066309491634369,0.8282207173347473,0.9123087037086487,2.2360338409423828,0.08752021045088768,2.4430111366271974,2.0,1.0,10.0,,,,,0.764906729221344,0.764906729221344,,,,16.12478510437012,0.3221553911211764,0.12355677947212176,,0.13641386332025954,0.6890842857634186,0.13782567132240647,0.001206271663667029,0.03949496441870738,1.1097223058248022,,0.003483725190058849,,73.87821372451296,17.50901966945381,,104.22254205205638,73.82527636874254,23.642708505035205,95.22252450930844,44.47273115899153,16.124765043805358,,0.6931471824645996,,0.1049870334233448,0.26238122772259315,,0.1822969665762725,0.1268203842222311,0.33966434514446625,0.010277493388220003,0.7496087699179437,0.2832462871150606,,,,0.26815,5363.0,0.76553726,0.7472815,0.83910453,0.8788112,0.6458333,0.7389495,0.71697044,0.7272098,0.49675002694129944,1.0590422468185425,0.5819500088691711,1.0590422468185425,0.199,199.0,0.4262135576336518,0.4998669717166716,0.4919741815861335,0.27222150263669187,0.3066526093199965,0.3214714967338073,0.25155354382347417,0.2622927902105045,0.2841396031569176,0.048775260576435754,0.07412818857891089,0.061406740361786005,0.09506036989595128,0.14311936557787572,0.10954633384297922,0.06894504133445258,0.07233549641575598,0.07478245435959413,0.4995,0.50045455,0.50077516,0.6901316,0.8552846,0.55078745,0.48858267,0.532197,0.5012000203132629,1.107715404510498,0.5590500831604004,1.107715404510498,0.202,202.0,0.41861014854880485,0.4538301177234992,0.4857497187818112,0.28961670082647367,0.2709940765922936,0.3479695723338075,0.24823909846549433,0.24277927020668544,0.26142981591430037,0.0503718042659435,0.05721934052186962,0.06674984769042044,0.0704454403086924,0.09724936634065916,0.09834040459285717,0.03801577409857514,0.035401231259810484,0.03894648313304838,0.5048387,0.5022523,0.5,0.6217557,0.59634143,0.5377193,0.65081304,0.5551095,0.4989750236272812,1.0833788256645203,0.5705000460147858,1.0833788256645203,0.2005,200.5,0.4224118530912283,0.4768485447200854,0.4888619501839724,0.28091910173158274,0.28882334295614503,0.3347205345338074,0.24989632114448423,0.25253603020859494,0.27278470953560896,0.04957353242118963,0.06567376455039026,0.06407829402610322,0.08275290510232183,0.12018436595926743,0.10394336921791819,0.053480407716513856,0.053868363837783234,0.056864468746321256,0.5021694,0.5013534,0.50038755,0.65594363,0.72581303,0.54425335,0.56969786,0.54365325,2026-10-04T21:24:36.236840
98,0.6790646910667419,0.4991222620010376,0.5060580362319946,0.7582852244377136,0.5060580362319946,0.8287974283218383,0.912949492931366,2.2352875503540037,0.08656036629080772,2.4305213356018065,2.0,1.0,10.0,,,,,0.746579695892334,0.746579695892334,,,,16.100952532958985,0.3657757973500118,0.12565168153470868,,0.13973532721495172,0.6775881160216727,0.1374285940768992,0.001233565674836682,0.039860062692670305,1.0500441292288956,,0.0033567540474001697,,73.84385268095951,17.48396799366945,,104.22053829120223,73.7919883485053,23.6158786457815,95.22298076653937,44.52255907483921,16.100951698934956,,0.6931471824645996,,0.10550485128999516,0.2629858206032188,,0.18293398903433683,0.12751673010124523,0.34112653345059435,0.010435342960724027,0.7532369486845223,0.2845755466230356,,,,0.26925,5385.0,0.77085006,0.74528795,0.840412,0.8825829,0.6379478,0.7419394,0.718064,0.7288391,0.5020999908447266,0.9886298341751099,0.5810000896453857,0.9886298341751099,0.175,175.0,0.4589971240348679,0.5184027489363117,0.5102674226497996,0.28742293647947414,0.32609010170424324,0.3223540257555551,0.2763800997461105,0.2871460791938978,0.31133082492624337,0.046464960000776385,0.05911750902785825,0.055792169538169775,0.09694118755356695,0.13299632180877344,0.11228902141610674,0.07473802459912371,0.0750372612973143,0.08388992352381451,0.498,0.50272727,0.5,0.69078946,0.77845526,0.55866146,0.5047244,0.57272726,0.4955499470233917,1.0249130697250366,0.5726000070571899,1.0249130697250366,0.2,200.0,0.3975761465324419,0.4548961022518373,0.4702643534282861,0.2712410794226298,0.2915354485303828,0.33339967455856134,0.23950951118402197,0.24824898058725148,0.26405609053595697,0.039608099212129974,0.044900341929762354,0.05414723284256081,0.06533998683303989,0.08750203007882952,0.09215826126221895,0.0399490151761255,0.040796952753713984,0.04507092146176285,0.50403225,0.5022523,0.5,0.7614504,0.56707317,0.5486842,0.65731704,0.5324818,0.49882496893405914,1.0067714519500732,0.5768000483512878,1.0067714519500732,0.1875,187.5,0.4282866352836549,0.4866494255940745,0.49026588803904286,0.27933200795105195,0.30881277511731303,0.32787685015705825,0.25794480546506626,0.2676975298905746,0.28769345773110017,0.04303652960645318,0.0520089254788103,0.05496970119036529,0.08114058719330342,0.11024917594380149,0.10222364133916284,0.05734351988762461,0.05791710702551414,0.06448042249278868,0.50101614,0.5024898,0.5,0.72611994,0.6727642,0.5536728,0.5810207,0.55260456,2026-10-04T21:28:37.585534
99,0.6990851759910583,0.5013224482536316,0.505709587430954,0.7585752606391907,0.505709587430954,0.8286174426078796,0.9127495144844056,2.2427740282058717,0.08894361371994018,2.533551959991455,2.0,1.0,10.0,,,,,0.7608452488899231,0.7608452488899231,,,,16.07869324645996,0.42946421025190384,0.13110772110996352,,0.14161260426044464,0.6776030639744108,0.13939157379850461,0.001237960952922856,0.040748334958390066,1.1167906769521676,,0.003713474184635042,,73.80984424178008,17.462646034872456,,104.21941390310883,73.75862325680484,23.589235718842524,95.22432922557661,44.574810732701785,16.078681411257215,,0.6931471824645996,,0.10614549515733293,0.2640720670390281,,0.18366326866256202,0.12819019045419755,0.34241470580647704,0.01054272804836369,0.7569381575675527,0.2861129926268462,,,,0.26775,5355.0,0.75968325,0.75052357,0.8396593,0.87973934,0.6476052,0.7399394,0.7187323,0.7321996,0.49425002932548523,0.6629504365921021,0.6909999847412109,0.6629504365921021,0.194,194.0,0.4336791470442168,0.48456632694465135,0.49475322343500305,0.2721017111405872,0.28729683154872476,0.3318660113265732,0.2891213137468064,0.2861864069256141,0.3205246483648722,0.04894280250216886,0.06321678757721294,0.05459348145889475,0.09430746295416421,0.1582254969001841,0.11783256287039386,0.08895753676853088,0.09454943783423235,0.09652354499351624,0.624,0.6518182,0.74767447,0.7717106,0.9077236,0.6496063,0.48622048,0.6609849,0.5027000308036804,0.6584030017852783,0.6899999976158142,0.6584030017852783,0.2,200.0,0.39734339395237833,0.4447967252828897,0.4753260480633017,0.2815068536763533,0.29581093492883725,0.3481093280590988,0.23493733453962137,0.23947740405344486,0.25695680374870966,0.048592196446673536,0.05121396228609307,0.059596032483703223,0.06909062983941651,0.09010488459881646,0.08785066340576327,0.046174326025086906,0.04595474312531454,0.04727691152475636,0.6657258,0.66981983,0.7456204,0.8122138,0.596748,0.6543859,0.7170732,0.6448905,0.4984750300645828,0.6606767191886902,0.6904999911785126,0.6606767191886902,0.197,197.0,0.41551127049829756,0.46468152611377056,0.4850396357491524,0.2768042824084702,0.291553883238781,0.339987669692836,0.2620293241432139,0.2628319054895295,0.2887407260567909,0.0487674994744212,0.057215374931653004,0.05709475697129898,0.08169904639679036,0.12416519074950028,0.10284161313807856,0.06756593139680889,0.07025209047977345,0.0719002282591363,0.6448629,0.66081905,0.7466475,0.79196215,0.7522358,0.65199614,0.60164684,0.65293765,2026-10-04T21:32:38.071212
