epoch,train_eval_mode_acc,train_shuffled_message_acc,train_loss,train_acc,train_combined_loss,train_realised_survival,train_unmixed_survival,train_logit_margin,train_logit_prior_share,train_logit_spread,train_logit_scale,train_sampling_tau,train_pool_effective_examples,train_pool_score_norm,train_pool_score_sd,train_prototyper_mix_share,train_prototyper_within_share,train_referent_spread,train_referent_spread_backbone,train_polarity_separation,train_score_scale,train_score_bias,train_bilinear_weight_norm,train_clip_sender_vision,train_clip_sender_adapter,train_clip_sender_prototyper,train_clip_sender_language_model,train_clip_receiver_vision,train_clip_receiver_adapter,train_clip_receiver_token_embedding,train_clip_receiver_language_model,train_clip_receiver_discriminator,train_clip_log_score_scale,train_clip_log_logit_scale,train_clip_other,train_weight_sender_vision,train_weight_sender_adapter,train_weight_sender_prototyper,train_weight_sender_language_model,train_weight_receiver_vision,train_weight_receiver_adapter,train_weight_receiver_token_embedding,train_weight_receiver_language_model,train_weight_receiver_discriminator,train_weight_log_score_scale,train_weight_log_logit_scale,train_weight_other,train_drift_sender_vision,train_drift_sender_adapter,train_drift_sender_prototyper,train_drift_sender_language_model,train_drift_receiver_vision,train_drift_receiver_adapter,train_drift_receiver_token_embedding,train_drift_receiver_language_model,train_drift_receiver_discriminator,train_drift_log_score_scale,train_drift_log_logit_scale,train_drift_other,train_unique_message_fraction,train_unique_message_count,train_acc_md_and_color_color,train_acc_md_or_color_color,train_acc_md_color,train_acc_md_shape,train_acc_md_and_shape_shape,train_acc_md_and_color_shape,train_acc_md_or_shape_shape,train_acc_md_or_color_shape,test_shuffled_message_acc,test_loss,test_acc,test_combined_loss,test_unique_message_fraction,test_unique_message_count,test_topsim_s1,test_topsim_s2,test_topsim_s3,test_topsim_s4,test_topsim_s5,test_topsim_s6,test_topsim_s1_static,test_topsim_s2_static,test_topsim_s3_static,test_topsim_gt_s1,test_topsim_gt_s2,test_topsim_gt_s3,test_topsim_gt_s4,test_topsim_gt_s5,test_topsim_gt_s6,test_topsim_gt_s1_static,test_topsim_gt_s2_static,test_topsim_gt_s3_static,test_acc_md_and_color_color,test_acc_md_or_color_color,test_acc_md_color,test_acc_md_shape,test_acc_md_and_shape_shape,test_acc_md_and_color_shape,test_acc_md_or_shape_shape,test_acc_md_or_color_shape,test_same_shuffled_message_acc,test_same_loss,test_same_acc,test_same_combined_loss,test_same_unique_message_fraction,test_same_unique_message_count,test_same_topsim_s1,test_same_topsim_s2,test_same_topsim_s3,test_same_topsim_s4,test_same_topsim_s5,test_same_topsim_s6,test_same_topsim_s1_static,test_same_topsim_s2_static,test_same_topsim_s3_static,test_same_topsim_gt_s1,test_same_topsim_gt_s2,test_same_topsim_gt_s3,test_same_topsim_gt_s4,test_same_topsim_gt_s5,test_same_topsim_gt_s6,test_same_topsim_gt_s1_static,test_same_topsim_gt_s2_static,test_same_topsim_gt_s3_static,test_same_acc_md_and_color_color,test_same_acc_md_or_color_color,test_same_acc_md_color,test_same_acc_md_shape,test_same_acc_md_and_shape_shape,test_same_acc_md_and_color_shape,test_same_acc_md_or_shape_shape,test_same_acc_md_or_color_shape,test_avg_shuffled_message_acc,test_avg_loss,test_avg_acc,test_avg_combined_loss,test_avg_unique_message_fraction,test_avg_unique_message_count,test_avg_topsim_s1,test_avg_topsim_s2,test_avg_topsim_s3,test_avg_topsim_s4,test_avg_topsim_s5,test_avg_topsim_s6,test_avg_topsim_s1_static,test_avg_topsim_s2_static,test_avg_topsim_s3_static,test_avg_topsim_gt_s1,test_avg_topsim_gt_s2,test_avg_topsim_gt_s3,test_avg_topsim_gt_s4,test_avg_topsim_gt_s5,test_avg_topsim_gt_s6,test_avg_topsim_gt_s1_static,test_avg_topsim_gt_s2_static,test_avg_topsim_gt_s3_static,test_avg_acc_md_and_color_color,test_avg_acc_md_or_color_color,test_avg_acc_md_color,test_avg_acc_md_shape,test_avg_acc_md_and_shape_shape,test_avg_acc_md_and_color_shape,test_avg_acc_md_or_shape_shape,test_avg_acc_md_or_color_shape,timestamp
0,0.5030724406242371,0.5033776164054871,1.0164227924346925,0.502424955368042,1.0164227924346925,0.30319228479862215,0.3289437988758087,0.8757948983669281,0.9708047974586487,1.0164870362997056,1.0025912174224854,1.0,10.0,,,,,0.14953849558830262,0.14953849558830262,,,,18.449985552978514,0.0011250636994335978,0.006090325640386955,,0.06375691335007644,0.3045567523711806,0.4533351403987332,0.006884314786052557,0.37049367285932705,0.5770343189501459,,0.0048130050172113924,,77.30923175204332,19.54913147847364,,103.88658555146236,77.22972014603342,26.13704293852399,95.21628828109449,39.06343100480973,18.44997221345355,,0.0026171014471436335,,0.004494270456622645,0.013054435260765919,,0.008238046828977717,0.004428335991955012,0.02226184802070545,0.0005549280459797573,0.03337991118703963,0.027055199569458985,,,,0.78435,15687.0,0.49212107,0.50646394,0.5068344,0.5167259,0.5047508,0.4960202,0.4890442,0.50700617,0.49919992685317993,1.0018402438163758,0.4998999834060669,1.0018402438163758,0.002,2.0,0.4334822801586272,0.43512968487984155,0.4334822801586272,0.303782440043746,0.303782440043746,0.303782440043746,0.303782440043746,0.303782440043746,0.303782440043746,0.03446904383362706,0.03454496621637041,0.03446904383362706,0.04436958252966773,0.04436958252966773,0.04436958252966773,0.04436958252966773,0.04436958252966773,0.04436958252966773,0.544,0.40363637,0.5085271,0.4601974,0.47276425,0.49527562,0.5937008,0.5234848,0.4944000244140625,1.0030235815048218,0.4940500259399414,1.0030235815048218,0.002,2.0,0.36628073003088557,0.3678514805597838,0.36628073003088557,0.26219069656544236,0.26219069656544236,0.26219069656544236,0.26219069656544236,0.26219069656544236,0.26219069656544236,0.03136772119528974,0.03142533754490223,0.03136772119528974,0.029922538279415555,0.029922538279415555,0.029922538279415555,0.029922538279415555,0.029922538279415555,0.029922538279415555,0.46048388,0.5391892,0.47335765,0.5412214,0.49593496,0.49473685,0.47723576,0.47627738,0.4967999756336212,1.0024319126605987,0.49697500467300415,1.0024319126605987,0.002,2.0,0.3998815050947564,0.40149058271981264,0.3998815050947564,0.2829865683045942,0.2829865683045942,0.2829865683045942,0.2829865683045942,0.2829865683045942,0.2829865683045942,0.0329183825144584,0.03298515188063632,0.0329183825144584,0.037146060404541645,0.037146060404541645,0.037146060404541645,0.037146060404541645,0.037146060404541645,0.037146060404541645,0.50224197,0.47141278,0.49094236,0.5007094,0.4843496,0.49500623,0.5354683,0.4998811,2026-10-04T21:04:49.657317
1,0.5611249804496765,0.5016500353813171,0.9257312896728516,0.5583351850509644,0.9257312896728516,0.5696294922351837,0.6249851285934448,2.1336589777469634,0.6168092484951019,1.2393582217216492,1.0464289621353149,1.0,10.0,,,,,0.43375713510513303,0.43375713510513303,,,,18.42004137878418,0.153823408087238,0.02294116176162093,,0.07675946669973385,0.5044935017254701,0.4320598264123983,0.0027781446597088056,0.1363427949606613,1.0182365511253382,,0.008854831974311275,,77.27268889603342,19.538654485325903,,103.89298525281772,77.19357703142106,26.11480347214231,95.21672981407991,39.081478483358005,18.420006199247517,,0.044928226688176774,,0.01906674514839034,0.036377337239208114,,0.020959887879004904,0.009422300855041879,0.03914923572046741,0.0007356429115904697,0.06912440635785935,0.045540175026958916,,,,0.4734,9468.0,0.56830394,0.5807894,0.59726626,0.55813587,0.5358061,0.5510101,0.5301134,0.5450102,0.5036499500274658,0.9119516143798828,0.5756999254226685,0.9119516143798828,0.014,14.0,0.40268569378231256,0.40476528964146347,0.40347007079982267,0.3579203462341854,0.35850484297773405,0.35810908674119096,0.3579203462341854,0.3570527324264726,0.35810908674119096,-0.010195144544516118,-0.00939655771395284,-0.00954480229001741,0.0014290485218454955,-0.0025885591032806057,0.0010813672893276328,0.0014290485218454955,0.0017461667807230207,0.0010813672893276328,0.5575,0.5763636,0.62131786,0.5490132,0.5361789,0.5905512,0.57519686,0.5981061,0.502500057220459,0.8986185050010681,0.5852999687194824,0.8986185050010681,0.014,14.0,0.4297093925750807,0.43125980319913787,0.4302607435472193,0.3662409368082216,0.33888681095694867,0.364974033321182,0.36629822333026674,0.36614349866116275,0.36484348247444315,-0.007786571392140446,-0.0076813584947883545,-0.00798757192439255,-0.010370512544108076,-0.01293509944420257,-0.0111283226851738,-0.010367797999602036,-0.01038194618541792,-0.011226470984795792,0.6282258,0.61891896,0.69160587,0.5389313,0.52926826,0.57500005,0.5243902,0.5708029,0.5030750036239624,0.9052850596904755,0.5804999470710754,0.9052850596904755,0.014,14.0,0.4161975431786966,0.41801254642030067,0.416865407173521,0.3620806415212035,0.34869582696734136,0.3615415600311865,0.36210928478222604,0.3615981155438177,0.36147628460781706,-0.008990857968328282,-0.008538958104370597,-0.00876618710720498,-0.00447073201113129,-0.007761829273741588,-0.005023477697923083,-0.00446937473887827,-0.004317889702347449,-0.00507255184773408,0.5928629,0.5976413,0.65646183,0.54397225,0.53272355,0.5827756,0.54979354,0.58445454,2026-10-04T21:08:59.743992
2,0.5918269157409668,0.501767635345459,0.8624075229644775,0.5915274620056152,0.8624075229644775,0.7272159015655517,0.8000811386108398,2.9019319606781004,0.3993866059303284,1.6266578130722047,1.1704090761184693,1.0,10.0,,,,,0.46581739068031314,0.46581739068031314,,,,18.38310600891113,0.3348937692346087,0.0433364703207259,,0.10682206591413279,0.49575129265238527,0.40931629726461544,0.0019830285195575636,0.08779450617493338,1.3910324326746024,,0.005949768274288423,,77.24071959477321,19.527013389927568,,103.90016669984077,77.1573267165263,26.094395266976328,95.21625601410106,39.160325360146295,18.383082323013596,,0.15707244980297272,,0.026938361643700844,0.05822132779344632,,0.03015853984245829,0.014267734886639438,0.050996515282969564,0.0008397465015636983,0.10844439984696685,0.05172283451553363,,,,0.27145,5429.0,0.6069567,0.61095446,0.67751586,0.5744076,0.54417837,0.58092934,0.56204945,0.5753157,0.4952000081539154,0.8916374487876892,0.584850013256073,0.8916374487876892,0.026,26.0,0.38738539797110266,0.39328250859971847,0.39189478265947947,0.35435376600608987,0.32377167368147497,0.3537482447006108,0.3493632646404339,0.3481404662438101,0.34872024919750605,-0.00250514789418468,-0.0055212335932864134,-0.005843283183718108,-0.002864810884325675,-0.009279164553507932,-0.006017055098417914,-0.0013226664419670226,-0.0025514481427146786,-0.004426476872681624,0.569,0.6168182,0.69806206,0.5407895,0.5398374,0.5933071,0.5358268,0.5912879,0.5005000233650208,0.8744045510292053,0.5957499742507935,0.8744045510292053,0.029,29.0,0.4483210149978036,0.44975524331880806,0.4498119633133562,0.39238216045052915,0.3850948261973467,0.39076066813878746,0.3920034024112708,0.3913431554918438,0.39055888634146274,0.0029764242109352732,0.0021499065560305164,0.0017408382694917414,-0.002540632843129342,-0.006591239984481592,-0.003916054168381035,0.0009023696107666874,0.0005198367316559604,-0.00048370238710246437,0.6391129,0.6378379,0.7543796,0.52137405,0.5117886,0.58377194,0.5260163,0.5828467,0.4978500157594681,0.8830209999084473,0.5902999937534332,0.8830209999084473,0.0275,27.5,0.4178532064844531,0.4215188759592633,0.42085337298641784,0.3733679632283095,0.35443324993941083,0.3722544564196991,0.37068333352585237,0.369741810867827,0.36963956776948437,0.00023563815837529664,-0.0016856635186279485,-0.0020512224571131834,-0.0027027218637275087,-0.007935202268994763,-0.004966554633399475,-0.00021014841560016757,-0.0010158057055293592,-0.0024550896298920445,0.6040565,0.62732804,0.72622085,0.5310818,0.525813,0.5885395,0.5309216,0.5870673,2026-10-04T21:13:10.575963
3,0.5944401025772095,0.49983012676239014,0.8487632032394409,0.5944001078605652,0.8487632032394409,0.7409228816032409,0.8153111123085022,2.7515948650360107,0.4321888666629791,1.6886272602081298,1.2595817771911622,1.0,10.0,,,,,0.425676566362381,0.425676566362381,,,,18.35076954345703,0.37045120594987446,0.05031073537127227,,0.10899550024016648,0.44173529497377434,0.36577209545548556,0.0018109872401098773,0.0718637977483546,1.7372418723668261,,0.004436545807513806,,77.20821924877774,19.508625662250882,,103.89826746655118,77.12077210055794,26.071794169723606,95.21476750464956,39.19181473847407,18.350743773636545,,0.2306129997892744,,0.030649225079235,0.0705305953883821,,0.034488229567457916,0.01759552644791117,0.06086118315245695,0.0008938999877720596,0.1280141337092515,0.05556965937280351,,,,0.25705,5141.0,0.60372895,0.6080145,0.6854002,0.57731044,0.5482866,0.58929294,0.5596193,0.58358455,0.4980500042438507,0.8582673530578613,0.5831500887870789,0.8582673530578613,0.012,12.0,0.3397045872280052,0.35231838701044393,0.35929840966405113,0.31067694774338067,0.2926141121217588,0.3234158011807092,0.3080880287359446,0.32630710462854884,0.318740365140601,0.018032779013630373,0.018238139823283674,0.004672392271701433,0.020812784909238474,0.02102214025460748,0.004238744910930044,0.021357748788783066,0.023946455799932365,0.0019517687560082723,0.5855,0.60636365,0.70000005,0.5348684,0.53292686,0.57992125,0.5559055,0.57954544,0.49949994683265686,0.8323044123649597,0.6008500456809998,0.8323044123649597,0.012,12.0,0.49318259407161974,0.4901415848155472,0.46593980792807843,0.47106000056205016,0.4183039725101453,0.4431711628544387,0.4741633285012447,0.47035501075254893,0.4264451428774287,-0.00046073832076306203,0.003289043029135839,-0.0024441311921176313,-0.007192196104853976,0.005014217149307017,-0.009357112671496134,-0.005203701994546631,7.225831685603381e-05,-0.010545449370759241,0.6475807,0.6445946,0.7616788,0.5335878,0.5203252,0.58728075,0.5256098,0.5777372,0.4987749755382538,0.8452858827114105,0.5920000672340393,0.8452858827114105,0.012,12.0,0.41644359064981246,0.42122998591299554,0.4126191087960648,0.3908684741527154,0.35545904231595205,0.38329348201757396,0.39112567861859465,0.3983310576905489,0.3725927540090148,0.008786020346433656,0.010763591426209756,0.001114130539791901,0.006810294402192249,0.013018178701957248,-0.002559183880283045,0.008077023397118218,0.0120093570583942,-0.004296840307375484,0.6165403,0.6254791,0.73083943,0.5342281,0.526626,0.583601,0.54075766,0.5786413,2026-10-04T21:17:21.267856
4,0.5977332592010498,0.4964326024055481,0.836777334690094,0.5975601077079773,0.836777334690094,0.7304777004241944,0.8037053535461426,2.4870797067642214,0.34989258143901825,1.8106413970947266,1.3455690273284913,1.0,10.0,,,,,0.4054942282676697,0.4054942282676697,,,,18.319433410644532,0.4878071163110672,0.058544563117680276,,0.11481543533076906,0.4511329159615146,0.31067714882884057,0.0018412075398466104,0.06826301372260045,1.7655400191522708,,0.004497989797690337,,77.17454212941941,19.488593435591195,,103.89416946119563,77.08372585029359,26.04200442125843,95.21368563706707,39.210269976573386,18.319404152548238,,0.2966634352116068,,0.03303274396023932,0.08040039953152844,,0.03790963865864049,0.020649342447709128,0.06674333120797091,0.0009491108135456682,0.1426975084528042,0.058416450858875445,,,,0.2784,5568.0,0.60621494,0.6138945,0.67947704,0.5881122,0.5574572,0.58882827,0.5671324,0.5791242,0.49859997630119324,0.8504234066009522,0.583549976348877,0.8504234066009522,0.037,37.0,0.36868279760100825,0.37999847399054176,0.3770946639819744,0.3282892123128254,0.2806433952060088,0.3184403573849575,0.34854210907785194,0.3533802246994678,0.35516801427053457,-0.0020432375802404657,-0.00565932703006554,-0.006439723585433308,0.0019232127556310546,-0.004979263268043637,-0.013245739876823434,-0.0051462126065764105,-0.007634641286194098,-0.009587053333377973,0.57600003,0.595,0.6410853,0.5532895,0.5577236,0.57559055,0.5826772,0.59090906,0.49229997396469116,0.8229737920761109,0.6015000343322754,0.8229737920761109,0.04,40.0,0.4458715221405057,0.45073040163885064,0.44639790967269044,0.41621499353495534,0.3373701330981084,0.35620770467949875,0.4215798836680101,0.41647968079101155,0.4172251641335226,-0.0029370866797302953,-0.0050818044943352,-0.00490182281496209,-0.005199415819215522,-0.01171250959703672,-0.012205380186430864,-0.004711748495598134,-0.00596206875529906,-0.007362439128943327,0.6391129,0.63378376,0.74598545,0.5580152,0.5304878,0.5868421,0.5398374,0.56970805,0.4954499751329422,0.8366985993385315,0.5925250053405762,0.8366985993385315,0.0385,38.5,0.40727715987075697,0.41536443781469623,0.4117462868273324,0.3722521029238903,0.30900676415205863,0.33732403103222813,0.385060996372931,0.38492995274523967,0.3861965892020286,-0.0024901621299853807,-0.0053705657622003695,-0.005670773200197699,-0.0016381015317922334,-0.008345886432540178,-0.01272556003162715,-0.0049289805510872725,-0.006798355020746579,-0.00847474623116065,0.60755646,0.6143919,0.6935354,0.5556524,0.54410565,0.58121634,0.5612573,0.58030856,2026-10-04T21:21:32.499729
5,0.5988501906394958,0.4972897469997406,0.82892329454422,0.5994275808334351,0.82892329454422,0.7574577250480652,0.8336831617355347,2.561878024482727,0.2622961644887924,2.261113737487793,1.4328509063720702,1.0,10.0,,,,,0.4221744983673096,0.4221744983673096,,,,18.288099600219727,0.6770042968783408,0.06755680844757207,,0.12048091064355555,0.5130726706450153,0.29629878277421756,0.0016011388436297938,0.05902465419831929,1.8760669863527748,,0.004410174619858776,,77.13818616927809,19.46561575239631,,103.89583713993146,77.04679753977781,26.012409003676883,95.21138024785716,39.19623451475884,18.288076024146598,,0.35954070698683427,,0.03438465952113935,0.08804579909629882,,0.04249921611919524,0.02386752823308395,0.07241820899923895,0.00104481159045011,0.15080159579872326,0.06076237049167323,,,,0.24875,4975.0,0.60078186,0.6089207,0.6735935,0.6025079,0.55755454,0.5960202,0.5757594,0.58006114,0.502750039100647,0.8382480783462525,0.589900016784668,0.8382480783462525,0.032,32.0,0.3568901354534365,0.35443790388147534,0.35909721695334207,0.3516122008968647,0.3551498604846098,0.3643786336747165,0.3586727073001172,0.35478609383018134,0.35953245850000237,0.011636118520244793,0.010615209433453955,0.010758013897143256,0.006697586671069916,0.002189877605883505,0.0036425618204095874,0.006579694524120728,0.006816078270933283,0.0054982543296994485,0.5705,0.5863636,0.6751938,0.54868424,0.5630081,0.5933071,0.5767717,0.6060606,0.49890002608299255,0.8180570335388183,0.5981999635696411,0.8180570335388183,0.029,29.0,0.40274772973530854,0.40115886788023236,0.40426093160108023,0.38806093547471154,0.3713036269029985,0.3919496360414277,0.4007638835587795,0.4023325207475448,0.4002482628343404,-0.006012648674025738,-0.007622304089829194,-0.008240191269901652,-0.008467571546132079,-0.013395789362698278,-0.014124764895739704,-0.004913588668471307,-0.006066814983653728,-0.00751425543193369,0.6217742,0.63873875,0.7383212,0.5370229,0.53211385,0.5890351,0.54268295,0.57919705,0.5008250325918198,0.8281525559425353,0.5940499901771545,0.8281525559425353,0.0305,30.5,0.3798189325943725,0.37779838588085385,0.38167907427721115,0.36983656818578814,0.36322674369380414,0.3781641348580721,0.37971829542944835,0.37855930728886306,0.3798903606671714,0.0028117349231095274,0.0014964526718123806,0.0012589113136208018,-0.0008849924375310815,-0.0056029558784073865,-0.005241101537665058,0.0008330529278247106,0.0003746316436397776,-0.001008000551117121,0.5961371,0.6125512,0.7067575,0.5428536,0.547561,0.5911711,0.5597273,0.59262884,2026-10-04T21:25:43.150046
6,0.5997300744056702,0.4988173246383667,0.8247857545852662,0.6002520322799683,0.8247857545852662,0.7467732213973999,0.8218114893913269,2.3590805814743043,0.24214979119300842,2.570377050971985,1.5158827377319335,1.0,10.0,,,,,0.44188472084999086,0.44188472084999086,,,,18.258400064086914,0.6954242666815497,0.060100762289207264,,0.09918131080758609,0.5695874797310799,0.2723658943347111,0.0017257280722646055,0.061471196597406436,1.922123405963752,,0.0031921491382797813,,77.10116314736142,19.44398185098247,,103.89669352731887,77.00970769991541,25.981370160534123,95.20937036404943,39.19138238991901,18.258376079000485,,0.4159257189863047,,0.03537397357119117,0.09553959543348119,,0.046492406256069804,0.02664004456085764,0.07750211029675357,0.0010817176439935805,0.15982465151768582,0.06378808328110701,,,,0.2539,5078.0,0.60126305,0.60698754,0.6773375,0.61042655,0.55930686,0.59460604,0.5717902,0.57981676,0.49879997968673706,0.8631658902168274,0.5859500765800476,0.8631658902168274,0.032,32.0,0.34266957112469854,0.34531794897905527,0.34872901610519663,0.34855526207280135,0.33464936903296,0.33752565219646974,0.34521592395898787,0.3464311042964561,0.34802392261481363,-0.010279152567516797,-0.009080670926480256,-0.009322550760024102,-0.013577944244855821,-0.02030969073747254,-0.019459455841036435,-0.01074706401165958,-0.010549886304331955,-0.011117008178950843,0.5675,0.6027273,0.62519383,0.56184214,0.5699187,0.5681102,0.5877953,0.60568184,0.49985000491142273,0.8373524045944214,0.5989500284194946,0.8373524045944214,0.031,31.0,0.45169359160031136,0.45067762815576207,0.45488262185868633,0.4294602119413307,0.4036888129714326,0.425880680255446,0.4482117958627866,0.4451636813240188,0.4464060003577545,-0.007981264140703612,-0.009682589180141978,-0.008343452503999664,-0.011244420302670841,-0.015961241189247112,-0.013979160719488003,-0.009810500785864764,-0.01067602028461296,-0.011730556084630027,0.6254032,0.61891896,0.7364964,0.5633588,0.5369919,0.5828948,0.54268295,0.57481754,0.4993249922990799,0.8502591474056245,0.5924500524997711,0.8502591474056245,0.0315,31.5,0.3971815813625049,0.39799778856740864,0.40180581898194145,0.38900773700706603,0.3691690910021963,0.3817031662259579,0.39671385991088726,0.39579739281023746,0.3972149614862841,-0.009130208354110204,-0.009381630053311118,-0.008833001632011884,-0.012411182273763331,-0.018135465963359826,-0.01671930828026222,-0.010278782398762173,-0.010612953294472458,-0.011423782131790435,0.59645164,0.61082315,0.68084514,0.5626005,0.5534553,0.5755025,0.56523913,0.59024966,2026-10-04T21:29:53.557685
7,0.6045601963996887,0.5023823976516724,0.8138129327774047,0.6050476431846619,0.8138129327774047,0.7388445518493653,0.8130018553733825,2.314989507675171,0.2133210911989212,2.660686923980713,1.5758095741271974,1.0,10.0,,,,,0.40365673370361327,0.40365673370361327,,,,18.228529461669922,0.6934942707988867,0.04825409608863437,,0.07438083016461912,0.6601938383214793,0.2663210749531248,0.0014844731927128616,0.051683236720265854,2.078935352100688,,0.0027414731505982413,,77.06373712819094,19.423359451779895,,103.89308579560299,76.97250098939155,25.949803771486707,95.2060629972227,39.203049386382865,18.22850617329786,,0.45473463387246343,,0.03618487146250002,0.1016255458164367,,0.049055059197222355,0.029423384173850344,0.08200366144916814,0.0011502616352158461,0.1708804990645427,0.06660332967331455,,,,0.2563,5126.0,0.5957899,0.6003625,0.6690571,0.62434834,0.57708335,0.5978586,0.5901377,0.58496946,0.4968000054359436,0.8469903912544251,0.5865500569343567,0.8469903912544251,0.034,34.0,0.32960659791912905,0.3375476507378993,0.33299124065941677,0.3164063148997566,0.3218354559951475,0.30468509677542877,0.3385274709134594,0.33712501319366694,0.3383691202354071,-0.009452216191465832,-0.011053785831723865,-0.012604151498430229,-0.019345621013756052,-0.025924467586024985,-0.021703662499258904,-0.01154872520933479,-0.011282810526634632,-0.014029339244111814,0.55550003,0.5763636,0.5701551,0.58914477,0.60365856,0.57204723,0.61811024,0.5992424,0.5020999312400818,0.8196292805671692,0.6011500358581543,0.8196292805671692,0.035,35.0,0.42055441031289237,0.41942334072129345,0.4208524538887457,0.3961698596151579,0.3721615352293194,0.375282944968933,0.4241164087603063,0.42714428632187834,0.42061500948252467,-0.010632835343560257,-0.011977812389750542,-0.012453015165732901,-0.01763813521563473,-0.01381738303851168,-0.017853253364295874,-0.01217730404344038,-0.012677475721834239,-0.013785170728765193,0.62459683,0.60900897,0.72372264,0.58206105,0.5495935,0.57543856,0.57073176,0.5642336,0.4994499683380127,0.8333098359107971,0.5938500463962555,0.8333098359107971,0.0345,34.5,0.3750805041160107,0.37848549572959633,0.37692184727408123,0.35628808725745725,0.34699849561223345,0.3399840208721809,0.3813219398368829,0.38213464975777267,0.3794920648589659,-0.010042525767513045,-0.011515799110737204,-0.012528583332081565,-0.018491878114695392,-0.019870925312268334,-0.01977845793177739,-0.011863014626387586,-0.011980143124234436,-0.013907254986438505,0.59004843,0.5926863,0.64693886,0.5856029,0.57662606,0.57374287,0.594421,0.581738,2026-10-04T21:34:04.117609
8,0.6047375798225403,0.500420093536377,0.810691189289093,0.6055524349212646,0.810691189289093,0.7534260447502136,0.8292035167694092,2.296142552947998,0.2106041620016098,2.773860310173035,1.6421300729751587,1.0,10.0,,,,,0.4197618011474609,0.4197618011474609,,,,18.199986889648436,0.7118251071234417,0.05336919375606308,,0.08518472558872145,0.7590830341266219,0.25427206088403226,0.001506964895195049,0.052008256968704,2.3592739782895253,,0.0028283978466858055,,77.02649465184302,19.3993815403835,,103.88765381248135,76.93578707944056,25.917569057197326,95.20429254033763,39.18741488608585,18.199968095038347,,0.4959837815184502,,0.036968556108178605,0.10540176401282572,,0.05107372439211341,0.032327261213569124,0.0857068422683485,0.0011964175022640235,0.1773394670835726,0.0688493085230232,,,,0.23935,4787.0,0.59554935,0.59546924,0.66642237,0.63890207,0.5756425,0.5948283,0.5874443,0.58924645,0.5066999793052673,0.8292177786827087,0.5921000242233276,0.8292177786827087,0.031,31.0,0.31213316944492725,0.3092665801853641,0.3242225313529823,0.31341878462745015,0.3209246240014891,0.3333838925546716,0.33401729002810454,0.331886725517949,0.3377589904442073,0.0012485240953057628,0.0011405080138209831,-4.047456491807599e-05,-0.005322556980308482,-0.0077104045840135785,-0.01054936601499713,-0.003285862019732238,-0.0025177965553840704,-0.004043550259829289,0.55550003,0.57454544,0.5906977,0.5973684,0.6178862,0.576378,0.6149606,0.59886366,0.5029000043869019,0.8239629564285278,0.5946999788284302,0.8239629564285278,0.031,31.0,0.4372542317191567,0.43907582120378474,0.4466532083542277,0.4074494191702346,0.39256150333907514,0.4035950135743538,0.4470785829303749,0.44944715937860497,0.44906787868283526,-0.0031633416081221347,-0.004207921771912028,-0.00394640013706452,-0.007134870230250183,-0.00878803910292999,-0.010614824574055593,-0.005218861142785193,-0.005449019404764902,-0.006753575458230486,0.6008065,0.59369373,0.68394166,0.61374044,0.5361789,0.5557018,0.5621951,0.59671533,0.5047999918460846,0.8265903675556183,0.5934000015258789,0.8265903675556183,0.031,31.0,0.374693700582042,0.37417120069457444,0.385437869853605,0.3604341018988424,0.3567430636702821,0.3684894530645127,0.3905479364792397,0.390666942448277,0.3934134345635213,-0.000957408756408186,-0.0015337068790455225,-0.0019934373509912983,-0.006228713605279332,-0.008249221843471785,-0.010582095294526361,-0.004252361581258716,-0.003983407980074486,-0.005398562859029888,0.57815325,0.58411956,0.6373197,0.60555446,0.57703257,0.5660399,0.58857787,0.5977895,2026-10-04T21:38:15.314500
9,0.6091577410697937,0.4989229142665863,0.8031394066810608,0.6089448928833008,0.8031394066810608,0.7693223868370056,0.8468661170959473,2.3548897897720336,0.22725078790187836,2.82673454208374,1.6854105920791627,1.0,10.0,,,,,0.41166965374946596,0.41166965374946596,,,,18.173279998779297,0.7400183608387686,0.06693802709293784,,0.09299625173970393,0.8334702118566841,0.25974372603521223,0.0015287436229758154,0.05323670201217103,2.7721488950358832,,0.0025959128241802147,,76.98904559870435,19.37560998710098,,103.88296090873183,76.89908070169437,25.88621468756609,95.2031270895794,39.189805437804786,18.173258872548487,,0.522015036671025,,0.037958084160734894,0.10862541872604638,,0.053129019630942374,0.034700576263438365,0.08983090012126667,0.0012853454663507213,0.18593902544231172,0.07178871931543776,,,,0.2057,4114.0,0.59518844,0.5950665,0.67266244,0.64127177,0.5784268,0.59325254,0.60236937,0.5924644,0.49890005588531494,0.8213607358932495,0.5967000126838684,0.8213607358932495,0.024,24.0,0.3442223856575814,0.3389681414598702,0.3511831325464225,0.28332050159894984,0.2850729567367981,0.3009660965282075,0.33034934850631564,0.33748939722873617,0.3356948806294512,-0.0033708201950335653,-0.006921352490837104,-0.007431167712270058,-0.02405826064668322,-0.018474400229214948,-0.028348387191284435,-0.007281354350271063,-0.009429416943809707,-0.015397358124143739,0.59,0.6,0.67093027,0.5680921,0.56382114,0.58740157,0.5830709,0.6121212,0.49995002150535583,0.8125943479537964,0.6017000079154968,0.8125943479537964,0.024,24.0,0.4225035690353442,0.4169123415847418,0.4250706778089514,0.3807950518942365,0.3608655166104324,0.3760626178800828,0.4289940471106709,0.4292225052668559,0.4245025066964972,-0.008508436201780822,-0.009444205720070528,-0.008817478988341114,-0.013312144969735498,-0.014804889521444925,-0.0157382480825507,-0.00961053207309528,-0.010100868449948194,-0.010941977317415898,0.6282258,0.62477475,0.7324817,0.55458015,0.54105693,0.5938597,0.54268295,0.58722633,0.4994250386953354,0.816977541923523,0.5992000102996826,0.816977541923523,0.024,24.0,0.3833629773464628,0.377940241522306,0.388126905177687,0.3320577767465932,0.32296923667361527,0.33851435720414513,0.3796716978084933,0.38335595124779603,0.3800986936629742,-0.005939628198407194,-0.008182779105453817,-0.008124323350305586,-0.01868520280820936,-0.016639644875329936,-0.022043317636917567,-0.008445943211683172,-0.009765142696878951,-0.013169667720779817,0.60911286,0.6123874,0.701706,0.56133616,0.55243903,0.59063065,0.56287694,0.59967375,2026-10-04T21:42:25.837916
10,0.6055573225021362,0.5008153319358826,0.8057441427230835,0.6058526635169983,0.8057441427230835,0.8202766030311585,0.9034819063186645,2.6222394174575805,0.24088633511066437,3.384118985748291,1.7359451557159424,1.0,10.0,,,,,0.44797736258506776,0.44797736258506776,,,,18.145165158081056,1.4761304680946146,0.08966295633785379,,0.11943089240972118,0.8766806586912483,0.22511708247623627,0.001631954373609405,0.053441868205169205,2.30329363731442,,0.0021380705481423303,,76.95130900972208,19.358543845498637,,103.88151598887838,76.86233714887291,25.85437226751048,95.20108906934216,39.16417329630275,18.145143776182916,,0.5515093875538771,,0.038650248413252986,0.11448801674280956,,0.0559026410055768,0.036890040845817824,0.0934493976413824,0.0014135862884532874,0.19055519371655336,0.07382611080909231,,,,0.15625,3125.0,0.5956295,0.58997184,0.6635103,0.6436216,0.5767523,0.5922626,0.59159577,0.59254587,0.5006499886512756,0.8219286894798279,0.5976500511169434,0.8219286894798279,0.02,20.0,0.3620277306462534,0.35999306173733975,0.3675111981085659,0.3821052422020061,0.3939830436530827,0.3846905857620759,0.37847850614181217,0.37793678808353004,0.3778860314306922,-0.0022548672640534443,-0.0034961683294903556,-0.004051751376246527,-0.0016268468530772227,-0.003304660251650356,-0.005411633995257191,0.0018111922327297538,0.0010667622699886557,-5.673196063137821e-05,0.575,0.56545454,0.63217056,0.5766447,0.61382115,0.5917323,0.6248031,0.59659094,0.48855000734329224,0.8053608412742614,0.6037499904632568,0.8053608412742614,0.021,21.0,0.3551545893316134,0.35050009996994846,0.3579204565652285,0.33761393549481145,0.3319256949348398,0.3300511895464194,0.3889844251756775,0.38758937984155745,0.38248539626073114,-0.0017112174189994583,-0.0035476945242062753,-0.0025448113057694164,-0.009137512724745696,-0.009620647858110119,-0.01228726936422006,-0.003426839628450981,-0.0042059325226347566,-0.005232388143108886,0.61774194,0.6085586,0.7116788,0.6053435,0.5479675,0.5635965,0.55284554,0.6069343,0.49459999799728394,0.8136447653770447,0.6007000207901001,0.8136447653770447,0.0205,20.5,0.35859115998893343,0.35524658085364413,0.3627158273368972,0.35985958884840874,0.36295436929396124,0.3573708876542476,0.38373146565874483,0.38276308396254377,0.38018571384571165,-0.001983042341526451,-0.0035219314268483152,-0.003298281341007972,-0.0053821797889114596,-0.0064626540548802375,-0.008849451679738626,-0.0008078236978606136,-0.0015695851263230504,-0.002644560051870132,0.59637094,0.58700657,0.6719247,0.5909941,0.58089435,0.5776644,0.58882433,0.60176265,2026-10-04T21:46:36.121551
11,0.6054454445838928,0.5018325448036194,0.8057153697013855,0.605507493019104,0.8057153697013855,0.7939932925224304,0.8742782348632813,2.3535188583374023,0.20071545839309693,3.4933939403533936,1.7544108697891236,1.0,10.0,,,,,0.4581517436027527,0.4581517436027527,,,,18.118807794189454,0.7614125089992763,0.053736465048804215,,0.07270821433360125,0.9027313891869442,0.2279694608537255,0.0015142126258011837,0.047663342231398176,2.7143405685379247,,0.002290990989932206,,76.91294000710651,19.338509140500598,,103.87980058998059,76.82594483976911,25.822507955466108,95.19923755621454,39.16586359595038,18.118782371472403,,0.5621543834163885,,0.039405782677375586,0.12037417909521965,,0.05801620505228164,0.03883214745741741,0.09727884188389323,0.0015636840998343412,0.1985539145720233,0.07645962838154689,,,,0.18645,3729.0,0.58961505,0.58870316,0.65778524,0.6479463,0.5816978,0.58604044,0.59981775,0.59138495,0.4985499680042267,0.8220798892974853,0.5943999886512756,0.8220798892974853,0.022,22.0,0.3323288289419187,0.3341213128927831,0.3358759785467148,0.3691422540724512,0.3787758338712127,0.3716849856599561,0.3765479964251984,0.37755439514076544,0.37945187250464285,0.028264786632132482,0.029318652253726023,0.029389406262522094,0.012369564554865486,0.01270686214367305,0.01257817213629428,0.022624489862135853,0.024187718513677094,0.023376981593524984,0.56350005,0.5868182,0.55736434,0.58947366,0.63699186,0.56968504,0.642126,0.6041667,0.4978000223636627,0.8112179079055786,0.5983499884605408,0.8112179079055786,0.024,24.0,0.40814676628718555,0.40515163851914304,0.41037033398254436,0.4059112901556658,0.3991455253909005,0.40545524872938793,0.425392476048474,0.42610371723004736,0.4210787668679415,-0.006604764611643978,-0.0077538727816335124,-0.008917250571855528,-0.007684713635082126,-0.0068738016303578,-0.008757785628818553,-0.00492505946213491,-0.005860315432576605,-0.009716790409306739,0.6060484,0.58423424,0.6970803,0.61679393,0.5495935,0.56798244,0.5621951,0.58795625,0.4981749951839447,0.8166488986015319,0.5963749885559082,0.8166488986015319,0.023,23.0,0.3702377976145521,0.36963647570596303,0.37312315626462955,0.3875267721140585,0.3889606796310566,0.38857011719467205,0.4009702362368362,0.40182905618540643,0.4002653196862922,0.010830011010244252,0.010782389736046255,0.010236077845333282,0.0023424254598916803,0.002916530256657625,0.0019101932537378633,0.008849715200000472,0.009163701540550245,0.006830095592109123,0.58477426,0.5855262,0.6272223,0.6031338,0.5932927,0.5688337,0.6021606,0.59606147,2026-10-04T21:50:46.858789
12,0.6087047457695007,0.5021123290061951,0.7980830681800842,0.6091275811195374,0.7980830681800842,0.7944444614410401,0.8747795327186585,2.3511519592285155,0.1990896744966507,3.4933263576507567,1.7804365381240845,1.0,10.0,,,,,0.48009530744552614,0.48009530744552614,,,,18.08957483215332,1.0482158167821587,0.06230439432261951,,0.07713518619750905,0.9521191598503453,0.22771433548657757,0.0015226628013684824,0.04907585328124511,2.484613147700668,,0.002205192370401031,,76.87479808831671,19.315485911764156,,103.87711766722855,76.78923894797161,25.788666099499746,95.19609745292907,39.15574279104828,18.089552071443787,,0.5768947722805533,,0.04048115171634468,0.12365151158753473,,0.06009205433118875,0.04071895139896946,0.09981355977476022,0.0015945319608328449,0.20475937967087812,0.07756890655513023,,,,0.18385,3677.0,0.59302324,0.5885421,0.6666997,0.65134287,0.585514,0.5885051,0.60151887,0.596721,0.5005999803543091,0.8088753600120544,0.6025500297546387,0.8088753600120544,0.033,33.0,0.33090325504088797,0.3363252234615483,0.3364285075714223,0.3850843164473065,0.3768546070703524,0.36483045026029115,0.40088848799584914,0.4018382084869604,0.40038969256921747,0.0007188566236621652,2.044871984184451e-05,-0.001865059607310499,-0.002008437639601709,-0.004968911769403018,-0.0021353639107317673,0.00210816559508672,0.0015773844495503458,-0.0008465092821434531,0.574,0.5840909,0.57945734,0.61282897,0.63414633,0.59960634,0.63937014,0.5882576,0.5021500587463379,0.7934617204666138,0.608299970626831,0.7934617204666138,0.037,37.0,0.3678160000577028,0.3703631008079501,0.378143983423268,0.4196865737373652,0.4184607966822037,0.4112999646828987,0.44892846729426006,0.45013050675448074,0.4448659757245425,-0.008821404938115705,-0.009784880896297475,-0.009628437309803112,-0.008719316529476776,-0.00934991161180119,-0.012509107076892349,-0.005719924554482044,-0.005733025081920474,-0.010556093395689123,0.6169355,0.60675675,0.70839417,0.60877866,0.551626,0.5864035,0.5735773,0.60145986,0.5013750195503235,0.801168540239334,0.6054250001907349,0.801168540239334,0.035,35.0,0.3493596275492954,0.3533441621347492,0.3572862454973451,0.40238544509233587,0.397657701876278,0.3880652074715949,0.42490847764505457,0.42598435762072057,0.42262783414688,-0.0040512741572267695,-0.004882216088227815,-0.005746748458556806,-0.005363877084539242,-0.007159411690602104,-0.007322235493812058,-0.001805879479697662,-0.002077820316185064,-0.005701301338916288,0.59546775,0.5954238,0.6439258,0.61080384,0.5928862,0.59300494,0.6064737,0.59485877,2026-10-04T21:54:57.838912
13,0.607714831829071,0.5006550550460815,0.799357561302185,0.6082276105880737,0.799357561302185,0.7797453117370605,0.8584471417427063,2.204020475578308,0.2061596187353134,3.287857133483887,1.8445689250946045,1.0,10.0,,,,,0.4756378545284271,0.4756378545284271,,,,18.06130481567383,0.6666789011804352,0.0482824422577752,,0.057702018228318,1.015055889916268,0.22143569655099493,0.0013891977508653215,0.04600723745052222,2.69051202277469,,0.0017775647688809423,,76.83612998427859,19.292018538068053,,103.87186869238592,76.75266902461932,25.753823905993418,95.19394921952752,39.14904005208592,18.061283804049157,,0.6122208985553426,,0.040464592634872266,0.12602879747653464,,0.06140330004369377,0.042481658778562664,0.10241066654966136,0.0015830112084342985,0.21119741060931213,0.07918924966435524,,,,0.17225,3445.0,0.5856255,0.5796416,0.6497623,0.6629937,0.58699375,0.5919798,0.60846496,0.5992668,0.5001500248908997,0.8160330238342285,0.5991499423980713,0.8160330238342285,0.022,22.0,0.3084970375976095,0.31152780985272316,0.3200501534179956,0.3544490900049723,0.3633520481178247,0.35354936345587873,0.3500806118289967,0.35974780159567,0.35071510464290945,-0.021737328524957748,-0.028312044649725872,-0.028271897047870555,-0.0009303605861342069,-0.015609213930723525,-0.019529613211493844,-0.009453092538418039,-0.01497729456814258,-0.02512126818170518,0.57100004,0.57454544,0.55813956,0.6115132,0.64065045,0.584252,0.6543307,0.589394,0.4989998936653137,0.7986254806518555,0.6063498854637146,0.7986254806518555,0.023,23.0,0.384734201922299,0.383480890051119,0.3951774022833618,0.42204809621862577,0.4235665924055327,0.41964989583876783,0.3998211279132132,0.39732869254577874,0.38016092884414465,-0.005356646404949432,-0.00781730201757392,-0.008640833601974032,-0.01064615064092406,-0.004891641439711904,-0.012085014758957272,-0.005394292040922312,-0.0064533239171204225,-0.012397301399982226,0.6048387,0.59369373,0.6923358,0.6332061,0.56056917,0.56096494,0.57723576,0.6113139,0.4995749592781067,0.807329252243042,0.6027499139308929,0.807329252243042,0.0225,22.5,0.34661561975995425,0.3475043499519211,0.3576137778506787,0.38824859311179905,0.3934593202616787,0.3865996296473233,0.37495086987110493,0.37853824707072437,0.36543801674352705,-0.01354698746495359,-0.018064673333649896,-0.018456365324922293,-0.005788255613529134,-0.010250427685217715,-0.015807313985225557,-0.007423692289670176,-0.010715309242631501,-0.018759284790843704,0.58791935,0.58411956,0.6252377,0.62235963,0.6006098,0.5726085,0.6157832,0.60035396,2026-10-04T21:59:08.365529
14,0.6119004487991333,0.5025778412818909,0.7927919009208679,0.6121701598167419,0.7927919009208679,0.7868261344909668,0.8663147241592407,2.1438545608520507,0.20158228869438172,3.082310879135132,1.88671966381073,1.0,10.0,,,,,0.44007517023086545,0.44007517023086545,,,,18.03368243408203,0.6431521092286441,0.0590535435391068,,0.07490561415209987,1.0497874535952405,0.2340329891414779,0.001510522994368521,0.049183785001848154,3.114323294656292,,0.0020501634697292657,,76.79766141077515,19.267065473422882,,103.86633456284832,76.71617583256618,25.720106525785603,95.19241425338065,39.115615626049646,18.033661496107744,,0.6348495490991386,,0.04082552972397986,0.12820852666523805,,0.06273257979162179,0.044035694425462915,0.10552600671531288,0.0016365564179126244,0.21445045786298764,0.08121969707452567,,,,0.16635,3327.0,0.58610666,0.5839106,0.6555666,0.6676343,0.5889603,0.6043434,0.61883354,0.59087574,0.5029999613761902,0.8114856882095337,0.6035000085830688,0.8114856882095337,0.019,19.0,0.32535646944090363,0.3262401419548407,0.3362084290210825,0.3457902345476604,0.35260589529107145,0.3591971035741109,0.37116034255471325,0.37651888761541774,0.35819664843377613,-0.007983017566187215,-0.007617906021010332,-0.012468182834263328,-0.001180736779701078,-0.000742983587355217,-0.010879626602788215,0.005126101959947582,0.007428129862211267,-0.004240084792507946,0.5595,0.575,0.57093024,0.6095395,0.64065045,0.5992126,0.6590552,0.6015152,0.5010000467300415,0.802844075679779,0.6070998907089233,0.802844075679779,0.018,18.0,0.389646420861243,0.3831317877697752,0.3979756201160198,0.4138827786126786,0.4127720939919404,0.40380096569357465,0.43589677316437814,0.4471357623201223,0.419270877065682,-0.0007649029499266463,-0.0019253248905345053,-0.002349553997023357,0.004305008828700379,0.005860928560004925,-0.00022486898200365984,0.0029974391755213715,0.0029966351933826295,0.000966178788860673,0.6044355,0.6018018,0.6919708,0.6438931,0.56422764,0.5728071,0.5792683,0.58576643,0.5020000040531158,0.8071648819446564,0.6052999496459961,0.8071648819446564,0.0185,18.5,0.3575014451510733,0.35468596486230797,0.36709202456855117,0.3798365065801695,0.38268899464150596,0.38149903463384277,0.40352855785954567,0.41182732496777,0.38873376274972904,-0.0043739602580569305,-0.004771615455772419,-0.0074088684156433425,0.0015621360244996506,0.002558972486324854,-0.005552247792395938,0.004061770567734477,0.005212382527796948,-0.0016369530018236367,0.5819677,0.5884009,0.63145053,0.6267163,0.60243905,0.58600986,0.6191617,0.5936408,2026-10-04T22:03:19.146101
15,0.6094573736190796,0.5006500482559204,0.7921944116592408,0.6103252172470093,0.7921944116592408,0.8101421395301819,0.892221397972107,2.240108366775513,0.19485284023284913,3.300400149154663,1.9330052850723267,1.0,10.0,,,,,0.4434229501247406,0.4434229501247406,,,,18.00785178527832,0.4469211260390699,0.03414539553990267,,0.04546416513651467,1.0624231749279485,0.20650216187261472,0.0013185928480782705,0.04470799183532311,2.2839717942817956,,0.0013346509539164829,,76.75990076733243,19.243569999743418,,103.86214762888137,76.68011552361166,25.68900785020962,95.19149605331907,39.09905143300439,18.00782973903,,0.6590550298903398,,0.04150049706363374,0.13126009607770642,,0.06456239208294327,0.045498651161694985,0.10894821579479108,0.001693860480894044,0.21941492084864597,0.08387150435121196,,,,0.1426,2852.0,0.5881716,0.5949456,0.6654715,0.6515995,0.5824377,0.60325253,0.5983799,0.59743387,0.4921000003814697,0.8012086110115051,0.6035500764846802,0.8012086110115051,0.019,19.0,0.32867350187232547,0.32324739524064233,0.34179323206137247,0.3750690133339551,0.3587926977877454,0.3817808431989508,0.3294260854237628,0.35006481432213093,0.33795660437966996,-0.006217667255641981,-0.007524089456404704,-0.004815692163567522,-0.0025912113444973343,-0.0023506386805858684,-0.001327403769681456,0.005202000907242388,0.008278878230340948,0.003487258883421592,0.574,0.5690909,0.6786822,0.58782893,0.60162604,0.6,0.6149606,0.5935606,0.49459999799728394,0.7973960266113281,0.6052500605583191,0.7973960266113281,0.019,19.0,0.3422282390676299,0.33963502640149834,0.35584306275538574,0.36664601959739623,0.36191957787867285,0.3653281603713181,0.37099637135035424,0.379259141783408,0.34960663821458393,0.009479826470249787,0.006351800264896279,0.0049498022112508125,0.009810047071437183,0.009322690031241738,0.0010290826856751037,0.0009227581701675752,-0.0010611807443099593,-0.004626912622559215,0.6137097,0.6085586,0.6919708,0.6061069,0.547561,0.58114034,0.5601626,0.61970806,0.49334999918937683,0.7993023188114166,0.6044000685214996,0.7993023188114166,0.019,19.0,0.3354508704699777,0.33144121082107036,0.34881814740837913,0.37085751646567566,0.36035613783320913,0.37355450178513444,0.35021122838705854,0.36466197805276945,0.34378162129712697,0.001631079607303903,-0.0005861445957542127,6.705502384164513e-05,0.003609417863469924,0.003486025675327935,-0.00014916054200317613,0.0030623795387049817,0.003608848743015494,-0.0005698268695688113,0.59385484,0.58882475,0.6853265,0.59696794,0.57459354,0.5905702,0.5875616,0.6066343,2026-10-04T22:07:29.542473
16,0.6105221509933472,0.5001800060272217,0.7910892875671387,0.6114175319671631,0.7910892875671387,0.8009113982200623,0.8819650206565857,2.1561502557754517,0.1721736717104912,3.464324568939209,1.9616407955169677,1.0,10.0,,,,,0.4729823181629181,0.4729823181629181,,,,17.98181985473633,0.5649090773503113,0.0363180037620507,,0.05169486439235176,1.0892117095601028,0.2328632299782364,0.0013986988388710792,0.0454795986864787,2.3512226650669317,,0.0013759569902984969,,76.72162326885636,19.215975330134107,,103.856539246383,76.64393683755473,25.655484399977762,95.1903300194224,39.092138545528336,17.981802630576357,,0.6737610310505909,,0.04212557949173223,0.13272994358068818,,0.06576028945529537,0.04689837489158485,0.11191319218676561,0.0017269554727408253,0.22527609850950303,0.08652949556233777,,,,0.1574,3148.0,0.59230155,0.6077326,0.657706,0.65841234,0.58274925,0.5919596,0.5959093,0.6037067,0.4993000328540802,0.8048341126441956,0.6015499830245972,0.8048341126441956,0.022,22.0,0.3651674493364102,0.36577847497762966,0.3751305593326747,0.40996640715916,0.415343157043325,0.4182531915435326,0.35091046001822246,0.362950641247084,0.3591194471579062,0.019948888520140824,0.017456972180944847,0.01611099073432422,0.012809838049412605,0.007655196701476673,0.0022638867502961213,0.022223508436052593,0.018326347251498475,0.015014167279157874,0.575,0.57454544,0.6585272,0.5707237,0.5995935,0.6051181,0.6251969,0.59962124,0.5000500679016113,0.8008255648612976,0.6034001111984253,0.8008255648612976,0.022,22.0,0.348518279894031,0.3433493976886527,0.3511312790653172,0.394049652894226,0.3973318089644692,0.38864838319187306,0.37107748996157097,0.36468103296147736,0.34340247884214314,0.000806365316936916,-0.0015305325227306895,-0.00033114044226586434,0.0002085718860379139,0.00036819557700729745,-0.0003567847197955103,-0.0018773647594354573,-0.0017945387028370184,-0.00436065462048313,0.60685486,0.6063063,0.7142336,0.59923667,0.546748,0.57412285,0.55447155,0.61021894,0.49967505037784576,0.8028298387527466,0.6024750471115112,0.8028298387527466,0.022,22.0,0.35684286461522063,0.3545639363331412,0.363130919198996,0.402008030026693,0.40633748300389705,0.4034507873677028,0.3609939749898967,0.36381583710428067,0.3512609630000247,0.010377626918538871,0.007963219829107079,0.007889925146029179,0.0065092049677252595,0.0040116961392419855,0.0009535510152503055,0.010173071838308567,0.008265904274330728,0.005326756329337372,0.5909274,0.59042585,0.6863804,0.5849802,0.5731708,0.5896205,0.5898342,0.6049201,2026-10-04T22:11:40.364398
17,0.6106824278831482,0.49967247247695923,0.7938044635772705,0.6109646558761597,0.7938044635772705,0.7683372754096985,0.8457715515136719,1.9447493503570557,0.19136169757843016,3.399834049987793,1.9876515657424927,1.0,10.0,,,,,0.46295557527542114,0.46295557527542114,,,,17.956040197753907,0.551297231417173,0.034327010535130834,,0.0497632169277425,1.0638243736355169,0.21270206027254937,0.0011044557628616287,0.03378036273584054,3.8665260137266415,,0.0013709098044609551,,76.68394368165617,19.189617655079836,,103.8509695939957,76.60742163202565,25.623608352272374,95.18968710929725,39.09207585814652,17.95601689284015,,0.6869447375558744,,0.04286261975385581,0.13463159342100667,,0.06699839186896185,0.048127061218782595,0.11531429932375623,0.0018701316977133321,0.23178786191211384,0.08892047708960855,,,,0.185,3700.0,0.5857057,0.5928917,0.65830034,0.6614534,0.5847936,0.5937172,0.61152285,0.5983707,0.5051999688148499,0.8022431507110596,0.6047499775886536,0.8022431507110596,0.037,37.0,0.25482542583360185,0.24971506065804408,0.2542617186137798,0.3267051272905455,0.32374691449300397,0.3114153129964905,0.3148352352743007,0.3183954590095404,0.31382952720150464,0.00539747878800679,0.002869204839549175,0.000859096248850285,0.007144536065471982,0.003798891921497879,-0.0013798404351542451,0.015752051281636505,0.013532790099931396,0.00792829243621741,0.5705,0.55954546,0.5988372,0.62565786,0.6378049,0.5889764,0.65000004,0.59090906,0.5101000070571899,0.791684621810913,0.6101499199867249,0.791684621810913,0.035,35.0,0.4143726060003856,0.4075571392889767,0.42346934737466824,0.40188030557938453,0.3756167483618004,0.39661149097344156,0.4432512935238543,0.4428791546611674,0.44176965189619644,-0.00529307572602373,-0.007255207846549955,-0.006212563090639541,-0.007164789317913775,-0.0018628149248002637,-0.006696976811000534,-0.004100251711214298,-0.004885481902426305,-0.007715030288270851,0.603629,0.6126126,0.6879562,0.6335878,0.5630081,0.58377194,0.5865854,0.59927005,0.5076499879360199,0.7969638862609862,0.6074499487876892,0.7969638862609862,0.036000000000000004,36.0,0.3345990159169937,0.3286360999735104,0.338865532994224,0.364292716434965,0.34968183142740217,0.354013401984966,0.3790432643990775,0.3806373068353539,0.3777995895488505,5.220153099152981e-05,-0.00219300150350039,-0.002676733420894628,-1.0126626220896377e-05,0.0009680384983488076,-0.0040384086230773894,0.0058258997852111034,0.004323654098752546,0.00010663107397327915,0.5870645,0.586079,0.64339674,0.6296228,0.6004065,0.58637416,0.6182927,0.59508955,2026-10-04T22:15:51.176776
18,0.6122550964355469,0.49975502490997314,0.7863157049179077,0.6127622127532959,0.7863157049179077,0.7852503120422363,0.8645638123512268,2.1005575269699097,0.21748590040206908,3.6268197082519533,1.9978510042190551,1.0,10.0,,,,,0.4531780917167664,0.4531780917167664,,,,17.92754942932129,0.8359336569952737,0.05692946148449021,,0.06870912298097447,1.2030855593787637,0.2053752643097738,0.0014495482908526234,0.04469845306935014,2.416763706761561,,0.0018730680127353792,,76.6468550566655,19.1645182591335,,103.84494528800819,76.57046382442401,25.59031413618926,95.18686039432599,39.06975108347121,17.927524639542696,,0.6920707476366857,,0.04347626762879882,0.1366254184276435,,0.06841881691840045,0.04949113458489916,0.1177897395411874,0.0020137230841929367,0.2357812823763319,0.09019658021676312,,,,0.1644,3288.0,0.5894146,0.59623444,0.6549327,0.6591825,0.5938279,0.60078794,0.6082017,0.59843177,0.5022000074386597,0.8058301405906677,0.6024500131607056,0.8058301405906677,0.028,28.0,0.34236323819123554,0.3407857769742668,0.3411234491541704,0.3937911023786553,0.42084453429798424,0.4207213347283682,0.39271449618354015,0.4001468727950352,0.39197618363982584,0.001972835592892645,0.0012198327486327128,0.002625063286026758,0.01138564585657377,0.009304864351870954,0.008945080646988384,0.014979310715612228,0.0149310665704077,0.017347630584349814,0.541,0.55863637,0.6166667,0.61118424,0.6394309,0.5980315,0.6362205,0.59886366,0.48980003595352173,0.8083541178703308,0.6000999808311462,0.8083541178703308,0.026,26.0,0.40478541712251004,0.39598633505042335,0.4008550585875005,0.4428859453808518,0.4345201812589782,0.43276491049221566,0.437135472533661,0.4282566840799332,0.4069294419349096,-0.012414002972835151,-0.0149870671471406,-0.01400785963561691,-0.007454914104523758,-0.00836314903462483,-0.010718879943345562,-0.007450659805368804,-0.009885866665470604,-0.012833411660855542,0.59435487,0.5968468,0.6759124,0.60458016,0.5711382,0.56578946,0.5837399,0.5970803,0.4960000216960907,0.8070921292304993,0.6012749969959259,0.8070921292304993,0.027,27.0,0.3735743276568728,0.3683860560123451,0.3709892538708355,0.41833852387975357,0.4276823577784812,0.4267431226102919,0.4149249843586006,0.4142017784374842,0.3994528127873677,-0.005220583689971253,-0.006883617199253943,-0.005691398174795076,0.001965365876025006,0.0004708576586230622,-0.000886899648178589,0.0037643254551217122,0.002522599952468548,0.0022571094617471364,0.56767744,0.5777416,0.6462895,0.6078822,0.6052846,0.5819105,0.6099802,0.597972,2026-10-04T22:20:01.651053
19,0.6102949976921082,0.5000224709510803,0.7937960622787475,0.6110401153564453,0.7937960622787475,0.8288794783592224,0.9130406592369079,2.4692638158798217,0.26688449025154115,4.262482543563843,1.9994874673843384,1.0,10.0,,,,,0.5165349802017212,0.5165349802017212,,,,17.901267205810548,1.143979265882521,0.07054309194735518,,0.08383908567677258,1.119641800784761,0.21996587737920179,0.0013807716293358333,0.04081020198738689,3.9352853062805857,,0.002200152794589514,,76.609755935183,19.144117318900527,,103.84537151360968,76.53383194261296,25.558898950078685,95.18582741318235,39.04385086837088,17.9012439995055,,0.6928902298781523,,0.044520215884705255,0.13981479748039488,,0.07053759708336205,0.050438563748719585,0.12114569810545368,0.002066906718062652,0.23924882928277277,0.092678476718201,,,,0.13195,2639.0,0.5887731,0.5948651,0.65550715,0.6618878,0.5868575,0.5933737,0.60062784,0.6054379,0.4994499981403351,0.8496597800254821,0.5809499025344849,0.8496597800254821,0.016,16.0,0.3636322119373788,0.35982589266629134,0.354540135896548,0.37679707897648146,0.36824842070989916,0.3605749753483734,0.35874138882911544,0.35823384240881434,0.33438852950104486,0.02008468916367718,0.020942825835404532,0.022898241768315335,0.019384468563809938,0.007668384469968859,0.023116844103224257,0.01575639161881602,0.01717334508867098,0.02250470374304715,0.584,0.5718182,0.58255816,0.55526316,0.5837399,0.56968504,0.62992126,0.57537884,0.4937500059604645,0.8249568953514099,0.5923499464988708,0.8249568953514099,0.017,17.0,0.40204449132081566,0.4032481081007763,0.40306029942415056,0.42255161812792846,0.41178273375088287,0.414063007492839,0.40104543258147024,0.40230973722675734,0.38217450210113557,-0.007971577231963149,-0.00987425196068486,-0.010270231965149137,-0.00989538269691325,-0.007582453349622811,-0.01423069688921223,-0.00816426103002966,-0.010187763903348879,-0.0131429773562542,0.6072581,0.59549546,0.7021898,0.58816797,0.5382114,0.55789477,0.54471546,0.59051096,0.4966000020503998,0.837308337688446,0.5866499245166779,0.837308337688446,0.0165,16.5,0.38283835162909724,0.38153700038353383,0.37880021766034927,0.39967434855220496,0.39001557723039104,0.3873189914206062,0.3798934107052928,0.38027178981778587,0.35828151580109024,0.006056555965857015,0.005534286937359836,0.006314004901583099,0.004744542933448344,4.296556017302413e-05,0.004443073607006014,0.0037960652943931803,0.0034927905926610504,0.004680863193396475,0.59562904,0.5836568,0.642374,0.5717156,0.5609757,0.5637899,0.58731836,0.58294487,2026-10-04T22:24:12.888928
20,0.6080874800682068,0.5007746815681458,0.796452898979187,0.6080803871154785,0.796452898979187,0.8238191291809082,0.9074180552482605,2.4310531028747557,0.18821184816360473,4.20185272026062,1.9999629280090332,1.0,10.0,,,,,0.5538651168823242,0.5538651168823242,,,,17.874527169799805,0.717644579174697,0.0419331241234437,,0.048521994986826446,1.1564089999457074,0.18974392932311746,0.001002446106734395,0.03038119647509543,3.8589246159146544,,0.0012698016365740529,,76.57155924997512,19.123874190506662,,103.84756926518337,76.49730327630499,25.52612338703909,95.18090368380213,39.05569402123712,17.87450679851945,,0.6931287300814489,,0.04514452969287611,0.1434924425972495,,0.07277048393419594,0.0514967138315462,0.12398975760124292,0.0021843171461965816,0.246624134623321,0.09454832529755915,,,,0.14095,2819.0,0.59055734,0.583971,0.6550713,0.66123617,0.5883762,0.59048486,0.60425276,0.58932793,0.49619999527931213,0.79943910074234,0.6050000190734863,0.79943910074234,0.027,27.0,0.34630104506449977,0.34513747260681116,0.33816668148815343,0.398042828135918,0.402970831177973,0.385629991683694,0.3749052073674437,0.3711398527117789,0.359318451648425,-0.005044930271936097,-0.005432911491902537,-0.007467680967088093,0.0006375713980588257,5.9160906562465406e-05,-0.005120434604374473,0.003419601661238307,0.002977578181545438,-0.0021354714645879062,0.56350005,0.5713636,0.6031008,0.60361844,0.6345529,0.59763783,0.6456693,0.60833335,0.5051500201225281,0.7929588332176208,0.607900083065033,0.7929588332176208,0.027,27.0,0.4107792313143934,0.41086791191136535,0.4035960095668431,0.4641791362587488,0.46280732924390966,0.44692868359588633,0.45802755775966153,0.45730401743803484,0.4230620332200811,2.525868252359124e-05,0.0004882465314062148,0.00045051584665003157,0.0028301654084903435,0.0026452724007022385,0.0006341543664673096,-0.0007377615603172791,-0.0010469623391363998,-0.0044150314409900065,0.6076613,0.61126125,0.7021898,0.6187023,0.56626016,0.5785088,0.57154477,0.5952555,0.5006750077009201,0.7961989669799805,0.6064500510692596,0.7961989669799805,0.027,27.0,0.3785401381894466,0.3780026922590882,0.3708813455274983,0.4311109821973334,0.4328890802109413,0.4162793376397902,0.4164663825635526,0.4142219350749069,0.39119024243425304,-0.0025098357947062533,-0.0024723324802481614,-0.0035085825602190306,0.0017338684032745847,0.0013522166536323519,-0.002243140118953582,0.001340920050460514,0.000965307921204519,-0.0032752514527889564,0.5855807,0.5913124,0.6526453,0.6111604,0.6004065,0.5880733,0.60860705,0.6017944,2026-10-04T22:28:23.837084
21,0.6126372814178467,0.4996975064277649,0.7859697087287902,0.6126524209976196,0.7859697087287902,0.8106327524185181,0.8927665209770203,2.2880974004745482,0.16515553203821182,3.8991070110321044,1.999365305328369,1.0,10.0,,,,,0.520367349100113,0.520367349100113,,,,17.8469046875,1.0931920912472686,0.05231079954066711,,0.05988031886162082,1.1062715063049535,0.21856279754240043,0.001457183431443954,0.045230930534660055,2.278866977448676,,0.0016386764549285433,,76.53426370802958,19.097893988250927,,103.84344866321345,76.46018005176714,25.493040339961933,95.17988100477085,39.00662107528395,17.846887296931758,,0.6928310109551545,,0.045905511470357326,0.1450737446166907,,0.07415351176717479,0.052549317479133606,0.1263951054614061,0.002308159194601949,0.2477454426372127,0.09625967596746554,,,,0.1538,3076.0,0.5869086,0.59138143,0.6579437,0.66990525,0.59137464,0.5954748,0.6017416,0.6052546,0.4968999922275543,0.8444302206039429,0.5900999307632446,0.8444302206039429,0.037,37.0,0.2795005649021734,0.26986622587331743,0.2752488137961057,0.3223222933931231,0.3305708944461704,0.3210862650724397,0.29464132851649816,0.2942101256778882,0.29362344912560445,-0.03226758849244383,-0.031993755276392685,-0.03294578959658711,-0.02988173623491835,-0.02399202768954694,-0.028135892297373035,-0.01692330536233596,-0.015175122787604562,-0.017320714736663783,0.565,0.57590914,0.5205426,0.60756576,0.6313008,0.57559055,0.6409449,0.5954545,0.4987999200820923,0.8123638777732849,0.6055499911308289,0.8123638777732849,0.04,40.0,0.418896772877722,0.4185812632409063,0.4192962352539619,0.4622839765365039,0.4502486967350387,0.45382480110624795,0.45102833604108566,0.45566409805581476,0.42616981060031633,-0.007030603590875061,-0.0071895772336549105,-0.00866608288950976,-0.0030885031283854085,-0.004094069653599839,-0.0077686255653153765,-0.0026792820189310866,-0.0026101190680757965,-0.009663759718796627,0.59879035,0.59324324,0.6989051,0.6217558,0.5613821,0.58114034,0.5804878,0.5952555,0.4978499561548233,0.8283970491886139,0.5978249609470367,0.8283970491886139,0.0385,38.5,0.34919866888994766,0.34422374455711185,0.3472725245250338,0.3923031349648135,0.3904097955906045,0.38745553308934383,0.3728348322787919,0.37493711186685147,0.3598966298629604,-0.019649096041659445,-0.019591666255023798,-0.020805936243048433,-0.01648511968165188,-0.01404304867157339,-0.017952258931344205,-0.009801293690633523,-0.00889262092784018,-0.013492237227730205,0.5818952,0.5845762,0.60972387,0.61466074,0.5963415,0.57836545,0.61071634,0.59535503,2026-10-04T22:32:35.521629
22,0.609534740447998,0.5023674368858337,0.7930747099876404,0.6101056337356567,0.7930747099876404,0.8180449842453003,0.9010023336410522,2.420067616844177,0.18735621206760406,4.149660000991822,1.9983466365814209,1.0,10.0,,,,,0.5265528968334198,0.5265528968334198,,,,17.822501373291015,2.1275969469433376,0.06647608333540143,,0.08866184254942142,1.1117285155946282,0.22144763771990303,0.0015708424171705724,0.044484309709755476,2.4711827878739423,,0.0022786187007930573,,76.49658198265513,19.073627848534066,,103.84790107095317,76.42327958611166,25.462897999271465,95.18032064255635,39.00089810608299,17.82248550463634,,0.6923111764488706,,0.04657398010040544,0.14675771478255084,,0.07689590362986182,0.053427909352597155,0.12992527634854528,0.0026541463748973077,0.25310065886776917,0.09923608938030376,,,,0.168,3360.0,0.58422214,0.58681035,0.6509905,0.6699842,0.5893692,0.5948081,0.60880923,0.5945825,0.49184995889663696,0.8231842303276062,0.5963000655174255,0.8231842303276062,0.038,38.0,0.32422310622350103,0.32020100871573065,0.319720208504518,0.2812611074127063,0.30777560088063316,0.3215381823299661,0.32528589382361195,0.32995052572406586,0.3367260141266332,-0.021217478275925385,-0.022822290578117414,-0.02197214315847349,-0.013810843087339033,-0.026090552873922705,-0.02890768944222432,-0.030752169173454018,-0.033344489017881986,-0.03143108053094262,0.5655,0.5631818,0.5341085,0.6286184,0.6597561,0.55748034,0.6397638,0.607197,0.4987500309944153,0.8237088351249695,0.5954999327659607,0.8237088351249695,0.043,43.0,0.4069742488202493,0.4052638820972899,0.41283648161208275,0.39910885066722074,0.4002872404362492,0.3926981780598879,0.417815612759842,0.42082542739405493,0.3986799227218535,0.003919847038708474,0.004456392823108461,0.004081177910339681,0.0009533643746408309,0.002591782125130747,0.0010010262200275425,0.004755494969799248,0.0065203768850726936,-0.0005093576737100454,0.57943547,0.5738739,0.65036494,0.6316794,0.57154477,0.57236844,0.58739835,0.5861314,0.4952999949455261,0.8234465327262879,0.5958999991416931,0.8234465327262879,0.040499999999999994,40.5,0.36559867752187514,0.3627324454065103,0.36627834505830037,0.34018497903996353,0.3540314206584412,0.357118180194927,0.371550753291727,0.3753879765590604,0.3677029684242433,-0.008648815618608455,-0.009182948877504477,-0.008945482624066905,-0.006428739356349101,-0.011749385374395979,-0.013953331611098388,-0.012998337101827385,-0.013412056066404646,-0.015970219102326336,0.57246774,0.5685278,0.59223676,0.6301489,0.6156504,0.56492436,0.61358106,0.5966642,2026-10-04T22:36:46.311062
23,0.6125702857971191,0.5031599402427673,0.7861627521514892,0.613052487373352,0.7861627521514892,0.8037187566757202,0.8850843059539795,2.33523983001709,0.1964927953481674,4.202641006088257,1.9876003616333007,1.0,10.0,,,,,0.5277643640995026,0.5277643640995026,,,,17.79702767944336,1.875274262278323,0.07986975387391296,,0.0901288973645064,1.206382419273352,0.22899424037925756,0.0016824668644079166,0.04489532946519981,2.413663187983689,,0.0021492694781694243,,76.45968418971748,19.05615168771926,,103.84928223433768,76.3866512517261,25.430729714168866,95.1747145926117,39.0288244356775,17.797010215224734,,0.6869444755991553,,0.04729025770619417,0.15034427574485731,,0.07898907804754889,0.05452375507848278,0.13264347138298546,0.0027126412198042412,0.2616029700655846,0.10178678833944782,,,,0.174,3480.0,0.5777466,0.57581556,0.6511292,0.68347156,0.5964564,0.5994748,0.61729443,0.6015886,0.49470004439353943,0.8312000541687011,0.5941001176834106,0.8312000541687011,0.034,34.0,0.3236194111595361,0.33948528948293233,0.33453539936309074,0.39410653283183106,0.4035611403763053,0.37619521278491286,0.3754825490214118,0.41377069700976465,0.37871092891158253,-0.015073428151043311,-0.016342741612484928,-0.012057779592500482,-0.0056840858073595475,-0.010529145064908046,-0.0044533155961895485,0.004281397681564223,-0.005843125067633879,0.0015821346960007087,0.5385,0.5859091,0.51627904,0.61480266,0.66300815,0.580315,0.6574803,0.5833333,0.49629998207092285,0.8144094142913818,0.6014499664306641,0.8144094142913818,0.037,37.0,0.348805905195752,0.3497019465978854,0.35540866995289055,0.4042252381963402,0.4110088760345256,0.393784247596124,0.3958970977155648,0.3923810822813138,0.3740071515860732,0.0028705270699644885,0.001434281762429936,0.0032754637717249658,-0.004953396513797908,-0.0017452547464520765,0.0006167920048230608,-0.001152797579277356,-0.0011800597508500581,-0.001793650868908816,0.58870965,0.57162166,0.6580292,0.65877867,0.57154477,0.5644737,0.5902439,0.5934307,0.49550001323223114,0.8228047342300415,0.5977750420570374,0.8228047342300415,0.035500000000000004,35.5,0.336212658177644,0.3445936180404089,0.34497203465799064,0.3991658855140856,0.40728500820541547,0.3849897301905184,0.38568982336848834,0.4030758896455392,0.3763590402488279,-0.006101450540539411,-0.007454229925027496,-0.004391157910387758,-0.0053187411605787275,-0.006137199905680062,-0.0019182617956832438,0.0015643000511434335,-0.0035115924092419685,-0.00010575808645405362,0.56360483,0.5787654,0.58715415,0.63679063,0.61727643,0.5723944,0.6238621,0.588382,2026-10-04T22:40:57.268381
24,0.6131823658943176,0.500110387802124,0.7826181660652161,0.613274872303009,0.7826181660652161,0.7964994002342224,0.8770627960205079,2.179627644920349,0.19350954980850218,4.1949836528778075,1.9863643379211426,1.0,10.0,,,,,0.5193171995639801,0.5193171995639801,,,,17.770205682373046,1.0015836447762076,0.0453936534171485,,0.06275064744956933,1.1239381783707127,0.17432840090173823,0.0012765536472204313,0.032889763486518224,2.7035453262602447,,0.001651057067160735,,76.4228160396503,19.02991752867486,,103.84730534644643,76.34975972752662,25.397960116149513,95.17150932360606,39.00216081947278,17.77018287075553,,0.6863025628077756,,0.04778166634926371,0.15165117231144268,,0.0805682450722737,0.05548950016593478,0.13508285344785945,0.002858356258292107,0.2646906402460329,0.10384836337368959,,,,0.17245,3449.0,0.579992,0.5747483,0.65404123,0.6859005,0.595074,0.59656566,0.6118064,0.6065988,0.5020500421524048,0.7992639136314392,0.6068500876426697,0.7992639136314392,0.037,37.0,0.3564334062359632,0.3606733337689962,0.3639863017480357,0.40844579681252124,0.4077662392172223,0.4024524328375781,0.39850233415971464,0.4025060030818027,0.39516859255110426,0.004807258024109747,0.005006764564980794,0.0017549927904209112,-0.008580384653416208,0.0029050667625451793,-0.008212599039287527,0.011075280672414714,0.010940086839142776,0.005877525236373217,0.5775,0.5618182,0.61317825,0.6039474,0.63861793,0.6066929,0.6437008,0.59886366,0.5092500448226929,0.7890193309783936,0.6107000708580017,0.7890193309783936,0.039,39.0,0.3926868921870316,0.39195805635897063,0.404361626413097,0.43865911380130995,0.4215396923135843,0.42536892151246525,0.4269981253793142,0.4288780797858204,0.4199177100239368,-0.001152983336350432,-0.0018434886977191274,-0.002497383553129622,0.004720608284676732,0.002041514444127027,0.0011653315411760362,0.0025869564956331414,0.0024225100281661987,6.145595146316733e-05,0.603629,0.6085586,0.6894161,0.6286259,0.5699187,0.5828948,0.5821138,0.60839415,0.5056500434875488,0.7941416223049165,0.6087750792503357,0.7941416223049165,0.038,38.0,0.3745601492114974,0.37631569506398344,0.38417396408056637,0.4235524553069156,0.41465296576540334,0.41391067717502167,0.4127502297695144,0.41569204143381155,0.4075431512875205,0.0018271373438796576,0.0015816379336308336,-0.0003711953813543555,-0.001929888184369738,0.0024732906033361033,-0.0035236337490557454,0.006831118584023928,0.006681298433654488,0.002969490593918192,0.5905645,0.5851884,0.6512972,0.61628664,0.6042683,0.59479386,0.6129073,0.6036289,2026-10-04T22:45:08.490553
25,0.6145550012588501,0.5001999735832214,0.780671497631073,0.6152122616767883,0.780671497631073,0.7870068794250489,0.8665155528068542,1.9484264617919922,0.18196681065559386,3.957253118515015,1.9924132068634033,1.0,10.0,,,,,0.4998452102661133,0.4998452102661133,,,,17.74369316711426,1.7265668823887967,0.08312736886737358,,0.10630369566048786,1.1744439639862936,0.2049197594451297,0.0015192522378534576,0.03960329287382922,2.572530778540168,,0.0025254043210190306,,76.38549566572638,19.013616379658888,,103.8494556208325,76.31347962397679,25.36516218732117,95.17000477784758,38.976946909716176,17.743677564487335,,0.6893429095578042,,0.048365054901238456,0.15658307815812955,,0.08223692199606804,0.05658528809050086,0.13744940471117664,0.002962556178236653,0.267770565998782,0.10582716549467888,,,,0.1788,3576.0,0.5857258,0.5789972,0.64835584,0.6870261,0.59375,0.6034546,0.6159781,0.6071894,0.48969998955726624,0.8137641224861145,0.599399983882904,0.8137641224861145,0.035,35.0,0.3780204386125967,0.37505212839896235,0.36984218753390047,0.4125951825340061,0.4279893271555099,0.40255029114577034,0.4021064006714279,0.4088390183048108,0.37876897622783157,0.0016389123301055722,5.619549719563856e-05,-0.0028295868624956992,0.0013000434338931099,-3.105880729790304e-05,-0.00023837627927773627,0.010912638731523457,0.008287652101220682,0.004068763187096295,0.53900003,0.57045454,0.5608527,0.60855263,0.6414634,0.5850394,0.6669292,0.6060606,0.49410000443458557,0.7966077189445495,0.6076500415802002,0.7966077189445495,0.033,33.0,0.3523250760612337,0.3534391186906437,0.3583660469936799,0.41772709453187223,0.4134125081600803,0.4008113481643477,0.3767909713510307,0.3835127894694517,0.3577698185541691,0.01007882433980442,0.008186368761316726,0.007407613788826104,0.0018643493456080417,0.007886908922241139,0.0025724263547863297,0.0018069724738588749,0.001997019916599182,-0.0007211412453384995,0.60685486,0.58513516,0.6854015,0.6534351,0.5711382,0.55964917,0.5849594,0.5981752,0.4918999969959259,0.805185920715332,0.6035250127315521,0.805185920715332,0.034,34.0,0.36517275733691523,0.36424562354480305,0.3641041172637902,0.4151611385329392,0.4207009176577951,0.40168081965505903,0.3894486860112293,0.39617590388713125,0.36826939739100034,0.005858868334954997,0.0041212821292561826,0.0022890134631652023,0.0015821963897505757,0.003927925057471618,0.0011670250377542968,0.006359805602691166,0.005142336008909933,0.0016738109708788976,0.5729275,0.57779485,0.6231271,0.63099384,0.60630083,0.5723443,0.62594426,0.6021179,2026-10-04T22:49:19.838201
26,0.613762617111206,0.5013375282287598,0.7848323203086853,0.6135848760604858,0.7848323203086853,0.7951810387611389,0.875597951412201,2.0381971017837524,0.1883961741924286,4.242398694992065,1.9964236824035644,1.0,10.0,,,,,0.5062876220226288,0.5062876220226288,,,,17.721137155151368,1.9710315718392657,0.10376298233309085,,0.10726622351486782,1.1326475597111283,0.19976649529472656,0.0014004627224888393,0.03548366654735462,3.230859922565472,,0.0025287324856812132,,76.34867003617013,19.00024235476354,,103.85363419648189,76.2770860028115,25.335320928294188,95.16770594894507,38.96293042419823,17.72111426189447,,0.6913488040304487,,0.04904761687395679,0.16167987522425925,,0.08446198986594085,0.057543467659099845,0.14061232547091831,0.003015320153408654,0.27186493053557764,0.10935670412649774,,,,0.16585,3317.0,0.5815357,0.57935965,0.64803886,0.69095576,0.58751947,0.603394,0.61563385,0.6010183,0.5011000037193298,0.796536048412323,0.6065499782562256,0.796536048412323,0.034,34.0,0.35706468512051326,0.3595109979249614,0.35402178903991605,0.41257602177357006,0.4156134188537312,0.40702032812418004,0.3671390975834047,0.3830590870322881,0.3570333334111797,-0.011891972802256064,-0.011398105259585232,-0.006421458653799455,-0.00971376319424985,-0.0003476202618724447,-0.005359271839202416,-0.005379759150722999,-0.0018128499154042277,-0.004326316199164161,0.5625,0.56045455,0.5899225,0.62565786,0.63739836,0.59960634,0.6535433,0.60530305,0.5048500299453735,0.7832333998680114,0.6119999885559082,0.7832333998680114,0.038,38.0,0.3844623589127766,0.38488634998569016,0.3852469487072634,0.45155390936734263,0.45200999483452997,0.43754108142349324,0.37497543003616945,0.3776976107425117,0.363607319881871,-0.0017028536991939836,-0.0024897153181723582,-0.004262655760114925,-0.00045009562521670384,0.00942636677019003,-0.0035397727413090992,-4.3264977381334115e-05,-0.0011020001085089702,-0.004794971645056392,0.6028226,0.6103604,0.6941606,0.63511455,0.5727643,0.58114034,0.59308946,0.5952555,0.5029750168323517,0.7898847241401672,0.6092749834060669,0.7898847241401672,0.036000000000000004,36.0,0.3707635220166449,0.3721986739553258,0.3696343688735897,0.43206496557045637,0.4338117068441306,0.4222807047738366,0.3710572638097871,0.38037834888739985,0.36032032664652536,-0.006797413250725024,-0.006943910288878795,-0.00534205720695719,-0.0050819294097332775,0.004539373254158792,-0.004449522290255758,-0.0027115120640521665,-0.001457425011956599,-0.004560643922110277,0.5826613,0.5854075,0.64204156,0.63038623,0.6050813,0.59037334,0.6233164,0.6002793,2026-10-04T22:53:31.146310
27,0.6161549687385559,0.501807689666748,0.7771910625457764,0.616342306137085,0.7771910625457764,0.7904215935707092,0.8703096759796143,2.0612243762969973,0.14850030934810637,4.146414893722534,1.988343003463745,1.0,10.0,,,,,0.5193072920322418,0.5193072920322418,,,,17.695274771118164,1.4556610295964274,0.06508359122445961,,0.07746482614700677,1.1531772655286607,0.17734268955459262,0.0011955092572659004,0.03187749297269116,2.753206026402249,,0.0018802261920601343,,76.31123697074355,18.977164493244924,,103.85763501209819,76.24070370425085,25.302042092487312,95.16485095175968,38.936190708427674,17.69525990820235,,0.6872536213534652,,0.04965327758413211,0.1640675838585872,,0.08680573570880161,0.05851631193973456,0.14270327653095222,0.003056207121569355,0.2748136091384159,0.11147412391984539,,,,0.1712,3424.0,0.57752603,0.58638746,0.65659666,0.6808057,0.5946262,0.61094946,0.6202916,0.6023829,0.4918000102043152,0.8078933806419373,0.5997499823570251,0.8078933806419373,0.04,40.0,0.3420528466264269,0.3589651938463582,0.3479792768324428,0.35051680352552633,0.43371787900128406,0.3881264769141501,0.33083815692728463,0.34809484553356534,0.3348648544017471,-0.015581925976177897,-0.01633581061555721,-0.014612752692263035,0.002799293439244122,0.0006225239471643225,-0.005506023654881332,-0.006970132344821334,-0.008176244409493492,-0.008148691494927125,0.5495,0.5559091,0.5771318,0.60855263,0.6581301,0.58385825,0.6440945,0.6045455,0.5040000081062317,0.7978290691375732,0.6049500107765198,0.7978290691375732,0.049,49.0,0.358558808385461,0.3651333358666607,0.3690663481219684,0.38790799950136173,0.40666399529603187,0.38648572520937663,0.37516755106405225,0.3787767608679775,0.3603057483709929,0.001125680835078829,0.0013644221640282353,0.00219240228264421,0.0005050984806554274,0.004782678903850639,0.0008926659616928381,0.0014997639028902024,0.0025618458784049626,-0.0006674825125572427,0.5951613,0.59414417,0.6693431,0.659542,0.55609757,0.5644737,0.5902439,0.59671533,0.49790000915527344,0.8028612248897553,0.6023499965667725,0.8028612248897553,0.0445,44.5,0.35030582750594397,0.36204926485650946,0.35852281247720563,0.36921240151344403,0.42019093714865796,0.38730610106176333,0.35300285399566844,0.3634358032007714,0.34758530138637,-0.007228122570549534,-0.007485694225764486,-0.0062101752048094126,0.0016521959599497746,0.0027026014255074806,-0.002306678846594247,-0.002735184220965566,-0.0028071992655442648,-0.004408087003742183,0.57233065,0.57502663,0.6232375,0.6340473,0.60711384,0.57416594,0.6171692,0.6006304,2026-10-04T22:57:42.505009
28,0.6153923869132996,0.49708476662635803,0.7794361051559449,0.6159000992774963,0.7794361051559449,0.7811469143867492,0.8600044835090637,1.8931880670547485,0.13063588089942932,4.004032049942016,1.989891358566284,1.0,10.0,,,,,0.5377508401870728,0.5377508401870728,,,,17.669070175170898,1.2828912039756015,0.04834878264561557,,0.05944440536094225,1.174910182026541,0.2139067390257386,0.0011984196528243673,0.03583101540875093,2.266956595478544,,0.0015572528716767723,,76.27415096987585,18.950613775071066,,103.85521566791898,76.20390771756506,25.267747733243713,95.1655822073578,38.915574019122275,17.66905881796673,,0.6880564701025653,,0.05063834475578776,0.1655775916044879,,0.08832010294601417,0.05942792884388547,0.14472623786349206,0.003153519845822719,0.27817779171998336,0.11373389792290463,,,,0.1803,3606.0,0.57943064,0.5713653,0.64819735,0.6907781,0.5989486,0.6027071,0.62723774,0.6071894,0.49490007758140564,0.7915743718147278,0.609749972820282,0.7915743718147278,0.029,29.0,0.24093453186011068,0.22763254850927928,0.21289282234353676,0.31348855392851316,0.35021269454746273,0.28419397619546255,0.21000454687007833,0.21540232275285665,0.14502337796302514,-0.003768220311956808,-0.0067215021281118855,-0.009932323686522804,-0.0021438879579111286,0.0005992735138623846,-0.015977653499016857,-0.0012191497556536257,-0.0030116032385211823,-0.014480546025126668,0.5665,0.5772727,0.56395346,0.62434214,0.64837396,0.60748035,0.6708662,0.6049242,0.498199999332428,0.7848784017562866,0.6119000315666199,0.7848784017562866,0.035,35.0,0.37311264989066667,0.37197328609574937,0.3622949409954182,0.42906523941838814,0.48328741946619036,0.4346299482972272,0.3660727489132023,0.3908262834390313,0.32136636780144395,0.014194802070689912,0.016683105321125876,0.012127671679634817,0.01241693862733518,0.02389659018714988,0.0098075737793528,0.012287797505426143,0.017258334726206245,0.007968808098128603,0.6044355,0.5995496,0.6963504,0.6396947,0.5739837,0.57412285,0.58252037,0.609489,0.4965500384569168,0.7882263867855073,0.6108250021934509,0.7882263867855073,0.032,32.0,0.30702359087538866,0.2998029173025143,0.28759388166947747,0.37127689667345065,0.41675005700682655,0.35941196224634486,0.2880386478916403,0.303114303095944,0.23319487288223456,0.0052132908793665516,0.004980801596506995,0.0010976739965560065,0.005136525334712025,0.012247931850506133,-0.003085039859832029,0.005534323874886259,0.007123365743842531,-0.0032558689634990326,0.58546776,0.58841115,0.6301519,0.63201845,0.6111789,0.5908016,0.62669325,0.6072066,2026-10-04T23:01:53.476396
29,0.6173447370529175,0.5000924468040466,0.7747288308143616,0.6178325414657593,0.7747288308143616,0.7788855365753173,0.8574918340682983,1.829586233329773,0.13520841937065126,3.889853843307495,1.9987828344345093,1.0,10.0,,,,,0.5281128563404083,0.5281128563404083,,,,17.64575361328125,1.8857978267037565,0.06971192585636571,,0.08072150563880516,1.0556888212064268,0.185517269548527,0.0010807296182592488,0.029680663168098136,2.7483800583204645,,0.0017602630768743918,,76.23629114430422,18.923857233326906,,103.85150457491541,76.16751472813309,25.234469638508596,95.16612943418467,38.90801197708033,17.645730619977233,,0.6925339243214601,,0.051043439964959574,0.1662316731396754,,0.08937335004852076,0.06028300250886352,0.1471727714417087,0.0033303126989371458,0.2826902564543827,0.11717921120535796,,,,0.1914,3828.0,0.58440256,0.5818164,0.65217906,0.6905016,0.5954439,0.60753536,0.6249494,0.6046029,0.5029500722885132,0.809814049243927,0.6015499830245972,0.809814049243927,0.032,32.0,0.22622003200963806,0.2327994754516177,0.22528542041844643,0.29112314612402246,0.34934348933558007,0.31151024342392364,0.2577677920272942,0.26875993649286767,0.25176339080976695,0.0031067541939689687,0.0027466937189631123,0.0033796127723712626,0.0031392086688387813,0.009569844401140696,0.015425098810797297,-0.010646386983409376,-0.010950866834089756,-0.006427410780457015,0.55,0.5672727,0.5422481,0.62171054,0.65731704,0.592126,0.6594488,0.60530305,0.5008000135421753,0.7949906439781189,0.6087000966072083,0.7949906439781189,0.042,42.0,0.3651051699327426,0.377076724011982,0.3768951801087041,0.42439840248519234,0.4376492423204462,0.4274001751455338,0.37821507929608306,0.38459783955850196,0.3704311740130392,0.0017632413910267368,0.002884739128895601,0.0026140937650041248,0.004212060629050027,0.006823150929702753,0.002803213780177412,0.003392545940051548,0.004649604567575259,0.002074573774087271,0.59354836,0.5927928,0.66131383,0.6633588,0.57439023,0.57807016,0.58617884,0.6069343,0.5018750429153442,0.8024023466110229,0.6051250398159027,0.8024023466110229,0.037000000000000005,37.0,0.29566260097119035,0.30493809973179986,0.30109030026357525,0.3577607743046074,0.3934963658280132,0.36945520928472875,0.31799143566168864,0.3266788880256848,0.3110972824114031,0.002434997792497853,0.0028157164239293567,0.0029968532686876935,0.003675634648944404,0.008196497665421725,0.009114156295487355,-0.0036269205216789137,-0.003150631133257248,-0.0021764185031848717,0.5717742,0.58003277,0.60178095,0.6425347,0.61585367,0.5850981,0.6228138,0.6061187,2026-10-04T23:06:04.751985
30,0.6185875535011292,0.5042903423309326,0.773627240371704,0.6186899542808533,0.773627240371704,0.7838258245468139,0.8629810454368592,1.9004444427490235,0.14359319825172423,4.084812839889526,1.995032974243164,1.0,10.0,,,,,0.4697894145965576,0.4697894145965576,,,,17.62016221008301,2.029984353905081,0.09041410341716496,,0.1009501143904391,1.0879448056221008,0.1930326567903446,0.0012245933628332606,0.032816517736264476,2.8174336292561453,,0.0018847359427411085,,76.19829190005163,18.910550682408036,,103.85741371106191,76.13097561392814,25.200996629751412,95.16564513771397,38.880554272111056,17.620143878232142,,0.6906664978926349,,0.05151076021657628,0.1709837195979562,,0.09190275121456498,0.06124323298027561,0.1495742595689312,0.0035530009490858977,0.28542251666640023,0.11965526089926434,,,,0.18425,3685.0,0.5845028,0.57958114,0.64829636,0.69188386,0.60492605,0.6044243,0.62616444,0.60830957,0.5074499845504761,0.8273711562156677,0.5928500294685364,0.8273711562156677,0.042,42.0,0.35734768184239707,0.3800739379869795,0.3722288106186425,0.41290233910163204,0.48110424198094665,0.4366200625110087,0.34905015024531216,0.37328631412681507,0.3492177932466506,0.00814319391434804,0.008652439312225991,0.005473273487345784,0.04029302852025781,0.03770608401338954,0.028433747311015823,0.015117660981348136,0.014854714089989663,0.011279619513732634,0.569,0.525,0.55310076,0.6230264,0.66747963,0.57007873,0.62362206,0.5943182,0.49605000019073486,0.820623372554779,0.5950000882148743,0.820623372554779,0.044,44.0,0.3459330097467235,0.3522928789279411,0.3488681918548843,0.3803285842886791,0.4374952166006243,0.4130908685052236,0.33013051859199893,0.33364772772653023,0.3118930299746755,0.004929376903955229,0.004806909491819548,0.0037119586314970673,0.0029708054839064535,0.010264127755252761,0.001646652591990584,0.003083161597957233,0.0037084232462047794,-0.0015367169925340188,0.5717742,0.58018017,0.6218978,0.6484733,0.56422764,0.579386,0.596748,0.5890511,0.5017499923706055,0.8239972643852234,0.5939250588417053,0.8239972643852234,0.043,43.0,0.35164034579456027,0.36618340845746034,0.3605485012367634,0.3966154616951556,0.45929972929078544,0.42485546550811615,0.33959033441865555,0.35346702092667265,0.33055541161066304,0.006536285409151635,0.006729674402022769,0.004592616059421426,0.021631917002082134,0.02398510588432115,0.015040199951503203,0.009100411289652685,0.00928156866809722,0.0048714512605993075,0.5703871,0.5525901,0.58749926,0.6357498,0.61585367,0.57473236,0.610185,0.5916847,2026-10-04T23:10:16.383847
31,0.6129699349403381,0.49969232082366943,0.7832825638771057,0.6133924126625061,0.7832825638771057,0.7755433159828186,0.8537782588005066,1.8194756731033326,0.16042661539316178,4.2602934051513675,1.9948732940673828,1.0,10.0,,,,,0.475588699054718,0.475588699054718,,,,17.597018826293944,1.4115255295660845,0.0662659113443676,,0.07862467230090005,1.111228947996334,0.20515051372586543,0.0010432106712284339,0.03060987190740883,2.4673591930015832,,0.0016664315784058257,,76.16128092966262,18.885855328505205,,103.85798538110818,76.09476937458014,25.16991626229256,95.16281278573783,38.88493906008969,17.596997959598614,,0.6905689364785601,,0.05217084865186625,0.17275300859266027,,0.09354955722002467,0.062277080977608444,0.15216948471631214,0.003476902772820774,0.29084983069425935,0.12304420308892135,,,,0.18445,3689.0,0.5804932,0.5681635,0.6389659,0.69482625,0.598676,0.600404,0.6170717,0.6070672,0.5090499520301819,0.8077710876464844,0.6061500310897827,0.8077710876464844,0.041,41.0,0.33904780385398475,0.33724148941528964,0.3168272367823218,0.4014285451046868,0.41786295250089656,0.39603392400625637,0.32171572714039337,0.31071989583165577,0.29221750360641735,-0.017916700335727453,-0.02387643641951688,-0.03549352250603196,0.006612060659569427,0.0031993246812208873,-0.013477088445444504,-0.009730354259457744,-0.01886900698421197,-0.03092071269705905,0.568,0.59136367,0.5337209,0.6305921,0.65203255,0.6003937,0.6649607,0.59621215,0.5061999559402466,0.7870514240264893,0.6143499612808228,0.7870514240264893,0.04,40.0,0.39604990945055707,0.4038397052412929,0.4038722331233016,0.3924910894994176,0.43588485557595436,0.4155878554903222,0.39587235384655944,0.39743865962662006,0.3870140954683265,0.002143855498525027,0.0011985012190133283,0.00044156237332062246,0.004820711371445105,0.006732076029642964,-0.0012405182917915444,0.0029252394037131454,0.004744126839185822,0.00036119431301507313,0.6060484,0.60045046,0.6846716,0.6549619,0.5792683,0.57982457,0.5833333,0.6120438,0.5076249539852142,0.7974112558364869,0.6102499961853027,0.7974112558364869,0.0405,40.5,0.3675488566522709,0.37054059732829125,0.3603497349528117,0.3969598173020522,0.42687390403842546,0.40581088974828927,0.3587940404934764,0.35407927772913794,0.3396157995373719,-0.007886422418601213,-0.011338967600251776,-0.017525980066355668,0.005716386015507266,0.004965700355431926,-0.007358803368618024,-0.003402557427872299,-0.007062440072513073,-0.015279759192021987,0.5870242,0.5959071,0.60919625,0.64277697,0.6156504,0.5901091,0.624147,0.604128,2026-10-04T23:14:27.662283
32,0.6177772879600525,0.5011650323867798,0.7759983920097351,0.6176621913909912,0.7759983920097351,0.7808894174575806,0.8597183683395385,1.8063162076950072,0.16958018463850022,4.2872293773651124,1.9985667917251586,1.0,10.0,,,,,0.4916144223213196,0.4916144223213196,,,,17.573072924804688,0.8356224590212487,0.03798818484891894,,0.046891683166858496,1.0518689026498491,0.19797559073016902,0.0010358588960967887,0.030549942598838337,2.9207424475888537,,0.0014018140137772102,,76.12368643207914,18.861885277328977,,103.85148766390077,76.05882962949717,25.135702339706906,95.1633579229853,38.86421864503508,17.57304766223689,,0.6924229514826635,,0.052856171396887225,0.1741505057378939,,0.09438313410919942,0.06321308605230538,0.15452244431729528,0.003558583142366379,0.29403693243196816,0.12577755953286104,,,,0.17455,3491.0,0.5835004,0.57372135,0.65009904,0.69622827,0.60354364,0.60921216,0.6216687,0.6016904,0.5114999413490295,0.7968012557029724,0.6109499931335449,0.7968012557029724,0.036,36.0,0.36486402304808707,0.37020049283769463,0.30914091061330345,0.44075731213036456,0.49590054880357476,0.364915454307927,0.4392189580242032,0.45397470937478773,0.3132284549525415,0.0038832022482014465,0.0022192427706614263,-0.003365551786835912,0.015179736134059759,0.016451170610849462,0.009122143733160813,0.024986411374433807,0.022786719039864164,0.017333287065505965,0.585,0.5959091,0.55736434,0.6351974,0.6365854,0.60551184,0.6712598,0.59090906,0.5108000040054321,0.7789685015678406,0.6178000569343567,0.7789685015678406,0.033,33.0,0.35810103455469383,0.3709485310669691,0.354176132353255,0.4249045539564636,0.47015202943710543,0.3993390481356766,0.43585585370187746,0.42694237010145797,0.36822504763563313,0.011095984688575205,0.012785296038445753,0.00785721225087382,0.010154112360348818,0.02623147911960882,0.0035702918203489396,0.007457910152533508,0.005864118257352728,0.0026112740817790655,0.6076613,0.60540545,0.6883212,0.6484733,0.5821138,0.58070177,0.5849594,0.629562,0.5111499726772308,0.7878848786354065,0.6143750250339508,0.7878848786354065,0.0345,34.5,0.3614825288013904,0.3705745119523319,0.33165852148327923,0.4328309330434141,0.48302628912034007,0.3821272512218018,0.43753740586304035,0.4404585397381229,0.3407267512940873,0.007489593468388326,0.00750226940455359,0.0022458302320189543,0.012666924247204288,0.02134132486522914,0.006346217776754876,0.016222160763483658,0.014325418648608446,0.009972280573642515,0.59633064,0.6006573,0.6228428,0.64183533,0.6093496,0.5931068,0.6281096,0.6102356,2026-10-04T23:18:38.368547
33,0.6188399791717529,0.5001150965690613,0.774524241733551,0.6189522743225098,0.774524241733551,0.7792237121582031,0.8578675859451294,1.7607270629882812,0.1548386361002922,3.9666221298217774,1.9999927452087403,1.0,10.0,,,,,0.4801144540309906,0.4801144540309906,,,,17.5496836517334,0.6157650274883031,0.028844204689761635,,0.03488005933227243,1.0515083131516816,0.20026518499395649,0.0010285500674671643,0.030603599526984677,2.832922103108874,,0.0014628824556100325,,76.08631668576768,18.833381932252532,,103.84391191810559,76.0228149997201,25.10376262057359,95.16287022487373,38.86069162939764,17.54966337361913,,0.6931435720176454,,0.05333492017475663,0.1747250814156927,,0.09492076567973301,0.06418289638059155,0.15713634061965215,0.0036226000094038853,0.29866235840852096,0.12885951777552343,,,,0.18125,3625.0,0.58021253,0.5743859,0.6541403,0.696564,0.60391355,0.6138586,0.6259417,0.600998,0.49560001492500305,0.7929094724655151,0.608299970626831,0.7929094724655151,0.038,38.0,0.35166593390191336,0.3613659023750792,0.3436851728576547,0.3898798529735931,0.4098525705691958,0.35854301635774993,0.42048880400417016,0.42610935290314206,0.3345493368508437,0.0036019896639906132,0.006698738072713154,-0.0006396957699889698,0.00910186913430464,0.01565301585533614,0.0020533568353208794,0.02517168607577792,0.024619658487690956,0.011878118968621306,0.578,0.5904546,0.548062,0.64243424,0.653252,0.5933071,0.6547244,0.5935606,0.4944499731063843,0.7833857684135437,0.6112500429153442,0.7833857684135437,0.042,42.0,0.33378005759964796,0.3434477750578423,0.3365698106971607,0.40118386964107033,0.4512946141064729,0.4137879936333068,0.4435491568331723,0.4028384957281412,0.3851754124964138,0.007249527297206437,0.007308934333832073,0.00629114998677058,0.008787481837086383,0.019350071782973554,0.005628491348549702,0.008514548763261695,0.009963424914730097,0.009329187189682538,0.5907258,0.5945946,0.6627737,0.64732826,0.5800813,0.5855263,0.5995935,0.6171533,0.49502499401569366,0.7881476204395295,0.6097750067710876,0.7881476204395295,0.04,40.0,0.3427229957507807,0.3524068387164607,0.3401274917774077,0.39553186130733176,0.4305735923378343,0.3861655049955284,0.43201898041867126,0.4144739243156416,0.35986237467362875,0.0054257584805985255,0.007003836203272613,0.002825727108390805,0.00894467548569551,0.01750154381915485,0.003840924091935291,0.01684311741951981,0.017291541701210528,0.010603653079151922,0.58436286,0.5925246,0.60541785,0.64488125,0.6166667,0.5894167,0.627159,0.60535693,2026-10-04T23:22:49.619997
34,0.6200873851776123,0.5015597939491272,0.7706435899734497,0.6201205849647522,0.7706435899734497,0.7742385545730591,0.8523285289764404,1.7039704551696777,0.14690635612010955,3.6157844097137453,1.9990136405944825,1.0,10.0,,,,,0.4607513218402863,0.4607513218402863,,,,17.52934674987793,0.5097986726908926,0.03145229183789936,,0.04131571249739759,0.9745038001780297,0.17401837529080688,0.0009765219882095031,0.028064095999476065,2.462070221259336,,0.0016632351412950973,,76.04831360252041,18.805831180256643,,103.83787881644668,75.98781090025689,25.07198869498672,95.15914450481439,38.86660229628253,17.529327113157624,,0.6926554608496891,,0.05332076264794465,0.17534207092348936,,0.09571540099420366,0.0653643683073627,0.15957239213263152,0.003651877365425039,0.30389187992758054,0.1326661991655447,,,,0.18985,3797.0,0.58997595,0.5858639,0.6533875,0.6883689,0.60042834,0.611697,0.627744,0.60222,0.49740004539489746,0.7893739695549011,0.6120500564575195,0.7893739695549011,0.035,35.0,0.3126627745923908,0.32783852895782833,0.2664344270601461,0.46942167439452653,0.5355546619891627,0.398239404224209,0.4784063390423493,0.47452566087458203,0.3315983846284364,-0.006146410651278954,-0.0034738942608250546,-0.0013859522955309933,0.006782585064344388,0.005299519471141753,-0.0028250372905732793,-0.0002856586818259198,-0.0009034439172455608,-0.003017750927591264,0.57100004,0.575,0.5643411,0.637829,0.64634144,0.61220473,0.6570867,0.6155303,0.4970000386238098,0.7759684925079345,0.6175500154495239,0.7759684925079345,0.041,41.0,0.36362020011400736,0.3851363817571682,0.34633610771406204,0.49397073063875074,0.567250462884828,0.4590222141782979,0.5189233420088805,0.4886742250328581,0.37817422644778503,0.030125586390604864,0.032669807717799024,0.026402529330086515,0.024125083562592995,0.05035334101822839,0.02038617200828394,0.02034458382565105,0.026805048420876495,0.020836728347417073,0.61129034,0.61801803,0.6883212,0.6461832,0.5691057,0.59122807,0.5841463,0.620073,0.49720004200935364,0.7826712310314179,0.6148000359535217,0.7826712310314179,0.038000000000000006,38.0,0.33814148735319904,0.35648745535749826,0.30638526738710403,0.48169620251663864,0.5514025624369954,0.42863080920125346,0.4986648405256149,0.4815999429537201,0.35488630553811074,0.011989587869662956,0.014597956728486985,0.01250828851727776,0.015453834313468692,0.02782643024468507,0.00878056735885533,0.010029462571912565,0.012950802251815467,0.008909488709912905,0.59114516,0.596509,0.62633115,0.6420061,0.6077236,0.6017164,0.6206165,0.61780167,2026-10-04T23:27:00.960833
35,0.6156499981880188,0.501908004283905,0.7793058559417725,0.6157847046852112,0.7793058559417725,0.7774657689094543,0.8559143194198608,1.7419362920761108,0.14234216833114624,3.322207928085327,1.999952377319336,1.0,10.0,,,,,0.45922966537475585,0.45922966537475585,,,,17.50479701843262,0.6392824018409677,0.04784067225150147,,0.051847640694872396,0.9181642911996052,0.17949880650089045,0.00105866302921849,0.03061618949553579,1.9615900216588549,,0.0017053040857231251,,76.01093637259902,18.77988548035834,,103.83385146803157,75.95290860704556,25.040205086872078,95.16002217675471,38.886352660549676,17.504782318309616,,0.6931234803169396,,0.053707440923543494,0.17651882966992202,,0.09654900858736341,0.06666122343699643,0.1619679333677717,0.003747730630088099,0.3101855216512255,0.1354583725807773,,,,0.1862,3724.0,0.5770449,0.579118,0.65221876,0.6835111,0.5915888,0.6108889,0.627096,0.6037882,0.49200010299682617,0.8092446737289428,0.6023499965667725,0.8092446737289428,0.054,54.0,0.34149093599452945,0.3476688836752592,0.33194026834338425,0.40138002032867354,0.4244038456980803,0.38177517591874316,0.3757904839575616,0.38787021489274276,0.3479678731985666,-0.02599618278499966,-0.023904378333922977,-0.02570968065762419,-0.01853494953312099,-0.009169389670396403,-0.025217330779003785,-0.00782200601589817,-0.008234544009498563,-0.014532357966458104,0.5605,0.5440909,0.56240314,0.64144737,0.6402439,0.5893701,0.6606299,0.5977273,0.504599928855896,0.792645001411438,0.6094499826431274,0.792645001411438,0.058,58.0,0.3945367714794477,0.4099575560125142,0.3884364024111239,0.4067453245540911,0.5064218927405416,0.42846831054749496,0.4647346535916222,0.47589505853327496,0.42361808743028545,0.01832507164690815,0.020986526656017405,0.017399116796838754,0.01931430289580126,0.03683225150938271,0.015566586310248971,0.012252065016767396,0.0173187193262022,0.0078074307011950115,0.5947581,0.58648646,0.6718978,0.6358779,0.5776423,0.5899123,0.59308946,0.6131387,0.4983000159263611,0.8009448375701904,0.60589998960495,0.8009448375701904,0.056,56.0,0.3680138537369886,0.3788132198438867,0.3601883353772541,0.40406267244138233,0.46541286921931097,0.40512174323311906,0.4202625687745919,0.43188263671300886,0.385792980314426,-0.003835555569045754,-0.0014589258389527855,-0.004155281930392718,0.0003896766813401356,0.013831430919493154,-0.004825372234377407,0.0022150295004346133,0.004542087658351819,-0.003362463632631546,0.5776291,0.56528866,0.6171505,0.63866264,0.6089431,0.5896412,0.62685966,0.605433,2026-10-04T23:31:13.050726
36,0.6194776892662048,0.4992198646068573,0.7724966903686523,0.6200474500656128,0.7724966903686523,0.757825986289978,0.8340923402786254,1.7571447109222411,0.14685730112791062,3.5013444793701174,1.9974445774078369,1.0,10.0,,,,,0.4350419882297516,0.4350419882297516,,,,17.477821310424805,1.1369206577207251,0.05591657315529171,,0.06922147216002462,1.0205628366986657,0.18197630616320168,0.0012170302039857621,0.030256279566248132,2.740861372583231,,0.0016413610848445433,,75.97378452568297,18.752618242980567,,103.8411394836037,75.91798877108629,25.006129914787923,95.16077233575712,38.91729695022486,17.477794926637298,,0.6918671461427288,,0.054265320111232196,0.17715274158177102,,0.09866773398818483,0.0678868208816097,0.16386945469743885,0.0037613778736940613,0.31730074962233284,0.13745829045392904,,,,0.2304,4608.0,0.58203685,0.57249296,0.64641446,0.7030411,0.6021807,0.61377776,0.6309639,0.6080855,0.5117500424385071,0.7946303820610047,0.6107999682426453,0.7946303820610047,0.06,60.0,0.3158878820712414,0.33245401136046293,0.30649078713373645,0.41160077795128297,0.4555149026798317,0.37324036553709594,0.3976307291553834,0.40688256750553564,0.35747395938772714,-0.007815672018843822,-0.006377885726220092,-0.008851037624017588,-0.0056647904753404175,-0.0018522065301035053,-0.0015395117333760282,-0.0038387827652889973,0.00014969597358330985,-0.00295924690375002,0.574,0.59000003,0.5511628,0.63947374,0.6585366,0.6011811,0.65393704,0.6045455,0.495650053024292,0.778376937866211,0.6172000765800476,0.778376937866211,0.067,67.0,0.37234347210399227,0.38394581029675234,0.36447058131233345,0.4317237925095999,0.48920088983270377,0.4120573415347688,0.4305115758830927,0.441559605987336,0.39786141950273796,0.010931776224380558,0.011624193689765432,0.009595440778567861,0.010288376992813248,0.028390907280975347,0.004903614398439962,0.013410982491990594,0.01190025290448975,0.008832257290923922,0.6044355,0.59639645,0.6755475,0.6633588,0.5747968,0.5864035,0.59308946,0.62846714,0.5037000477313995,0.7865036599636078,0.6140000224113464,0.7865036599636078,0.0635,63.5,0.3441156770876168,0.35819991082860764,0.33548068422303495,0.42166228523044147,0.47235789625626773,0.3926488535359324,0.41407115251923804,0.4242210867464358,0.37766768944523255,0.0015580521027683683,0.00262315398177267,0.0003722015772751365,0.0023117932587364155,0.013269350375435921,0.001682051332531967,0.004786099863350798,0.00602497443903653,0.002936505193586951,0.5892178,0.59319824,0.61335516,0.6514163,0.6166667,0.5937923,0.6235132,0.61650634,2026-10-04T23:35:24.100671
37,0.6228324174880981,0.49943265318870544,0.7673486782073975,0.6231998205184937,0.7673486782073975,0.7714715363502502,0.849254058265686,1.7852735679626466,0.13917030400037766,3.5844112365722656,1.9985488586425781,1.0,10.0,,,,,0.4392751298904419,0.4392751298904419,,,,17.444519833374024,0.7476568274721977,0.04275145105851494,,0.05217381933359963,0.9544463708142567,0.1800456131529656,0.0010558373308117697,0.029444303322037693,2.5780591655309033,,0.0017549783140821324,,75.93730994546489,18.727021527138486,,103.83972517851811,75.88319202593178,24.97229346500081,95.16036545091374,38.92525591516191,17.444493433472456,,0.6924216720708616,,0.05503537866530145,0.17810279785827465,,0.10004591040170877,0.06919668937564656,0.16581574395583693,0.0038383254042832523,0.32243495078603174,0.13713215889444777,,,,0.2071,4142.0,0.5838813,0.5827829,0.664164,0.7072867,0.6015577,0.6068889,0.62823004,0.60920566,0.5064499974250793,0.7876039767265319,0.6130500435829163,0.7876039767265319,0.053,53.0,0.25303138970384176,0.2661133026048112,0.23675826725610813,0.31754197601166306,0.40032484870296653,0.276495375559881,0.31223904850111717,0.3258303320826977,0.24988891588540252,-0.012559218252717944,-0.007564091905822638,-0.016652257051975383,-0.00783117694568623,0.016889470616142918,-0.013892813479451904,-0.003513509008452041,0.00408482640663194,-0.013902415263931127,0.5655,0.57590914,0.56201553,0.637829,0.65934956,0.6,0.6755906,0.6106061,0.4988999664783478,0.7765298585891723,0.6170000433921814,0.7765298585891723,0.059,59.0,0.3585121081222742,0.3763643802531765,0.35092505817830627,0.46503265127409804,0.5369524292036805,0.43307051923690604,0.44792037593414685,0.4487494104826004,0.38247154365170616,0.01701572204188669,0.021824003007541302,0.016150725228569796,0.011484123915338188,0.047081385073921254,0.012823966428515268,0.012714283427377519,0.017432027101913154,0.010474031075113164,0.6012097,0.6013514,0.67664236,0.65839696,0.57967484,0.5894737,0.5886179,0.62664235,0.5026749819517136,0.7820669176578521,0.6150250434875488,0.7820669176578521,0.055999999999999994,56.0,0.305771748913058,0.32123884142899384,0.2938416627172072,0.39128731364288055,0.46863863895332347,0.35478294739839356,0.38007971221763204,0.387289871282649,0.3161802297685543,0.0022282518945843724,0.007129955550859332,-0.00025076591170279314,0.0018264734848259792,0.03198542784503208,-0.0005344235254683182,0.004600387209462739,0.010758426754272547,-0.0017141920944089813,0.58335483,0.58863026,0.619329,0.648113,0.6195122,0.5947369,0.6321043,0.6186242,2026-10-04T23:39:35.821007
38,0.6233673691749573,0.4995526373386383,0.7650269171714783,0.6238775253295898,0.7650269171714783,0.7817246759414673,0.8606464338302612,1.8690167539596558,0.151496133351326,3.706777431869507,1.9990358276367188,1.0,10.0,,,,,0.47976587414741517,0.47976587414741517,,,,17.410655505371093,0.7451474546294683,0.05313597116204109,,0.06029804233627714,0.9795310064485878,0.17329775195592528,0.0009411192696710609,0.02781442941350352,2.117808675690062,,0.0014109682542187381,,75.8999319380256,18.70449139054414,,103.83809768773948,75.8483256443291,24.938410473477308,95.15957179950301,38.95323375531822,17.41063037799422,,0.6926668259748228,,0.05565408759625854,0.17990056724305364,,0.10126124578676406,0.07052311462581537,0.1677211695795606,0.0038790759144078013,0.3289298832796182,0.13742595161222348,,,,0.1951,3902.0,0.5845229,0.5812928,0.6574881,0.70783967,0.6089369,0.61333334,0.62417984,0.6117312,0.5019999146461487,0.8043024582862854,0.608250081539154,0.8043024582862854,0.055,55.0,0.34062769843985397,0.34093842587086365,0.337008679441814,0.3963365605303626,0.4282888196327684,0.38499361585624337,0.32991357894574685,0.3291259226062865,0.302959379912431,-0.015468118863519826,-0.01646794137106866,-0.01500035216858125,-0.0023186890314440033,0.005193423283955777,-0.0037774650032986663,-0.014611315938245798,-0.015445659763742091,-0.01391819604487255,0.557,0.5877273,0.5422481,0.6430921,0.645935,0.5980315,0.66968507,0.6041667,0.49994999170303345,0.7952656116485596,0.6126999855041504,0.7952656116485596,0.053,53.0,0.373064265830205,0.3888961540431558,0.36823493377063193,0.4384094749308388,0.5094488153418756,0.4413289084670727,0.4285179536720806,0.4254977571959976,0.40470965605219,0.011978793689350844,0.012901858743806522,0.009945465543339896,0.0072593348298436895,0.03388681083230855,0.005370010176531822,0.007975812206390973,0.00937918727806142,0.00496510739582385,0.59717745,0.58918923,0.67481756,0.6603053,0.57601625,0.59122807,0.5845529,0.6142336,0.5009749531745911,0.7997840349674226,0.6104750335216522,0.7997840349674226,0.054,54.0,0.3568459821350295,0.3649172899570097,0.352621806606223,0.4173730177306007,0.468868817487322,0.41316126216165805,0.37921576630891374,0.37731183990114203,0.35383451798231047,-0.0017446625870844914,-0.0017830413136310681,-0.0025274433126206766,0.002470322899199843,0.019540117058132165,0.0007962725866165778,-0.003317751865927413,-0.0030332362428403354,-0.004476544324524351,0.5770887,0.5884583,0.6085328,0.6516987,0.6109756,0.59462976,0.62711895,0.6092001,2026-10-04T23:43:46.898623
39,0.6217103600502014,0.496890127658844,0.7687524149894714,0.6217375993728638,0.7687524149894714,0.78716589012146,0.8666922303199768,1.987927808380127,0.17311912335157395,3.968651491546631,1.996742781829834,1.0,10.0,,,,,0.4939293224334717,0.4939293224334717,,,,17.37792958984375,2.166972007032982,0.09518328642140433,,0.09625155159278186,1.0161393326558885,0.1920843048222885,0.0010827536877114207,0.0316001988627064,2.064138477964766,,0.0015195732795656362,,75.8631182142124,18.683416099305365,,103.84194698455228,75.81332630716312,24.905290263473606,95.16148663174575,38.95099416356178,17.37791909381842,,0.6915223898401686,,0.056419165413470786,0.18211310513459952,,0.10320120152963955,0.07177506619767779,0.1698973605017753,0.003971147831458195,0.33317003906912107,0.13816955135126782,,,,0.20025,4005.0,0.57917005,0.5743657,0.64657295,0.7110387,0.6128505,0.60858583,0.6296274,0.6098778,0.4989999830722809,0.8167864456176758,0.5982499718666077,0.8167864456176758,0.063,63.0,0.4657606087824525,0.46317908887907183,0.46512057189033656,0.45756007530517956,0.4684876008571343,0.44247615095251136,0.4624077979432414,0.46473355356127527,0.4504380776286234,-0.026808628676124106,-0.030921580807408887,-0.030470841343039373,-0.029270306484673887,-0.03238462544097336,-0.033033080945372245,-0.021096299469593204,-0.023326239991568798,-0.024290299666657265,0.5725,0.57454544,0.52829456,0.60559213,0.65203255,0.58346456,0.6476378,0.61401516,0.49414995312690735,0.7989408311843872,0.6065999865531921,0.7989408311843872,0.064,64.0,0.4754238868784074,0.47906715231320235,0.47751213991765323,0.4507502541227093,0.4851278631117582,0.4531823433653905,0.4435535061010076,0.4531027648967559,0.43287226459128225,0.006280413979670067,0.007051478991257593,0.0032883827486736754,-0.0031086058413403,0.010884523994703894,-0.0010562504360082541,0.0018614994750457735,0.0013377672264431228,-0.004085571469278214,0.5931452,0.5878378,0.66240877,0.6645038,0.56585366,0.56798244,0.5865854,0.609489,0.4965749680995941,0.8078636384010315,0.6024249792098999,0.8078636384010315,0.0635,63.5,0.47059224783042997,0.4711231205961371,0.4713163559039949,0.45415516471394446,0.47680773198444626,0.4478292471589509,0.45298065202212445,0.4589181592290156,0.44165517110995284,-0.01026410734822702,-0.011935050908075647,-0.01359122929718285,-0.016189456163007092,-0.010750050723134733,-0.01704466569069025,-0.009617399997273715,-0.010994236382562838,-0.01418793556796774,0.58282256,0.58119166,0.5953517,0.635048,0.6089431,0.5757235,0.61711156,0.6117521,2026-10-04T23:47:57.331693
40,0.621315062046051,0.5046222805976868,0.7698794225692749,0.6217526197433472,0.7698794225692749,0.7733622736930847,0.8513548777580261,1.772839881324768,0.1612653281927109,3.979099166870117,1.99890009765625,1.0,10.0,,,,,0.49403998823165896,0.49403998823165896,,,,17.35351372680664,1.508027699010767,0.06729663072664077,,0.06514039223978094,1.0029737991132555,0.16659022677855886,0.0008811997387826644,0.026679531338915322,2.5404078195429154,,0.0013219269701045385,,75.82632820469559,18.66862719833471,,103.84878355378558,75.77873934606079,24.87408949007654,95.16215855300806,38.93647574163546,17.35347261854038,,0.6925992107695076,,0.05714952117603296,0.18565061175899142,,0.10525530666872195,0.07303354196297894,0.1724095372067895,0.004073704391195895,0.3363699256234868,0.14087127158596258,,,,0.20485,4097.0,0.5829792,0.58016515,0.6600436,0.710466,0.60996884,0.6022828,0.62039286,0.6056619,0.49640002846717834,0.8014967341423035,0.6080500483512878,0.8014967341423035,0.068,68.0,0.42799083586449815,0.4335584865176648,0.42139798781324234,0.4584294827367338,0.5019158009524546,0.4316389425256133,0.4644656641504378,0.4523255605327846,0.4065446645253032,0.020490143763384712,0.022065040068285104,0.012971565514493681,0.036817994300073,0.06179600145351726,0.02262045506890724,0.03453304225011374,0.041506490230534376,0.019281628792082617,0.5575,0.585,0.5341085,0.6430921,0.65365857,0.60354334,0.66259843,0.6068182,0.5006499886512756,0.780204225063324,0.6160500645637512,0.780204225063324,0.071,71.0,0.374489611562241,0.40246431142862826,0.3698142394507106,0.4647748975147151,0.5367838288603337,0.4317163403649976,0.43988758519372484,0.4455518434745218,0.39563324411364464,0.010989196147516188,0.014446593990608358,0.0108021545225102,0.010543559306305324,0.03971926283732978,0.007983063146115922,0.0032448424663899336,0.003969954894297668,0.0008518764668676177,0.60161287,0.6085586,0.67956203,0.6645038,0.5691057,0.5877193,0.58536583,0.6186131,0.498525008559227,0.7908504796028137,0.6120500564575195,0.7908504796028137,0.0695,69.5,0.40124022371336954,0.41801139897314654,0.3956061136319765,0.46160219012572445,0.5193498149063942,0.43167764144530546,0.4521766246720813,0.4489387020036532,0.4010889543194739,0.01573966995545045,0.01825581702944673,0.01188686001850194,0.02368077680318916,0.05075763214542352,0.015301759107511581,0.018888942358251837,0.022738222562416022,0.010066752629475118,0.57955647,0.5967793,0.60683525,0.653798,0.6113821,0.59563136,0.62398213,0.61271566,2026-10-04T23:52:08.617070
41,0.6230753064155579,0.5023173093795776,0.7652597007751465,0.623497486114502,0.7652597007751465,0.7716408654212952,0.8494422032356262,1.7460815174102784,0.1440601004242897,3.8226513095855714,1.992484186553955,1.0,10.0,,,,,0.5451869714260101,0.5451869714260101,,,,17.321895684814454,2.058903609254178,0.09455224070223464,,0.09997940512528275,1.0381644732633215,0.16109875914682248,0.0009245011858363298,0.026432462339141188,2.0929881717748704,,0.001896023840397288,,75.79020214688246,18.6494105029258,,103.8511852580271,75.74389565826222,24.84109528656978,95.15970290846126,38.958756270681974,17.321879623801845,,0.6893680608196623,,0.058057476974027175,0.18833238911476863,,0.10662100222080377,0.0742013948928019,0.1743961361942777,0.004122380947302671,0.3422203149385513,0.14134658521907345,,,,0.2037,4074.0,0.58348036,0.58443415,0.65762675,0.7127962,0.60819703,0.6059798,0.626367,0.6072505,0.49685001373291016,0.8302521553039551,0.5927500128746033,0.8302521553039551,0.057,57.0,0.4112747535606327,0.43095563281996724,0.39775010192833704,0.49094884734102856,0.5583720694678241,0.42234874535520045,0.46663174341046215,0.4798865183443276,0.40299325614789405,0.02641034381384752,0.03222675730290278,0.028980391348253972,0.03890547958704872,0.05641420794631951,0.04305615738809049,0.02491119926996284,0.02977544455602829,0.03475537730489821,0.55050004,0.5868182,0.5178295,0.5976974,0.6447155,0.5933071,0.6535433,0.5897727,0.5042999982833862,0.7904005270004273,0.6123999953269958,0.7904005270004273,0.059,59.0,0.3913965706865231,0.40901527465830767,0.35651332476165126,0.4875551723233536,0.5977440966363298,0.44152237966170094,0.48164261264974706,0.4907663680802194,0.400066751185916,0.02303107154915758,0.027628500148195834,0.01954571579903264,0.024246140287643287,0.0538410668796842,0.014792541340682364,0.01476240825835123,0.020809663693815005,0.01277346657803282,0.6104839,0.59864867,0.6854015,0.6450382,0.5678862,0.58728075,0.5719512,0.6182482,0.5005750060081482,0.8103263411521913,0.6025750041007996,0.8103263411521913,0.057999999999999996,58.0,0.4013356621235779,0.4199854537391374,0.3771317133449942,0.4892520098321911,0.578058083052077,0.43193556250845067,0.4741371780301046,0.4853264432122735,0.40153000366690506,0.02472070768150255,0.029927628725549306,0.024263053573643306,0.031575809937346,0.055127637413001855,0.028924349364386426,0.019836803764157036,0.025292554124921648,0.023764421941465514,0.58049196,0.59273344,0.6016155,0.6213678,0.60630083,0.5902939,0.61274725,0.60401046,2026-10-04T23:56:20.135000
42,0.6240771412849426,0.5013899207115173,0.765430350112915,0.6241299510002136,0.765430350112915,0.7776429785728455,0.8561112196922303,1.7835596796035766,0.15472820224761963,3.8669561237335204,1.9981032590866088,1.0,10.0,,,,,0.5735911871910095,0.5735911871910095,,,,17.30011450500488,1.5627630640556858,0.06465094830176443,,0.06166336823634471,1.016741653156888,0.17707620803148125,0.0008467785946603651,0.02545868663508801,2.5820108889394504,,0.0015427013553284512,,75.75394357085987,18.62435568062363,,103.8615266836373,75.70924489209607,24.807879138144717,95.16214917419822,38.97475946025484,17.30008240717991,,0.6921896888951588,,0.05901142212141092,0.18959570320168878,,0.10873310424529822,0.07541630141864157,0.17656332709986694,0.004204472485383985,0.347542043134665,0.14486494442080236,,,,0.20295,4059.0,0.58115476,0.5763391,0.6533083,0.71725905,0.60412776,0.6193132,0.62914133,0.6108147,0.48809999227523804,0.7974926714897156,0.6103000044822693,0.7974926714897156,0.068,68.0,0.2796350872702626,0.29347251452748097,0.270809905736283,0.3051233599092886,0.40543782713840026,0.3140388354526918,0.28423504812335054,0.2810104384235897,0.2616579868055593,0.0038570521972190264,0.0055078811714488665,-0.0005622320645151507,0.011338155224374096,0.02864187194577442,0.003667034231613823,0.02067556421902232,0.020477846094257998,0.009465344880236242,0.5695,0.57681817,0.5608527,0.637829,0.6581301,0.60944885,0.646063,0.6075758,0.4858000576496124,0.7861343998908996,0.6136499047279358,0.7861343998908996,0.075,75.0,0.38143646746843113,0.39432246214060024,0.3756673935073091,0.42464572947737234,0.5314003514948267,0.4441789260357685,0.3968922411941836,0.3923405162725573,0.3701814702477462,0.0020509810754760047,0.003919948155735231,0.0003666793487039825,0.004234046951441817,0.025615071145160276,-0.0011919801916683804,0.005411226299633231,0.007672190467984839,0.002033981196053152,0.6028226,0.6148649,0.67518246,0.6580153,0.5646342,0.58157897,0.5837399,0.6160584,0.48695002496242523,0.7918135356903075,0.6119749546051025,0.7918135356903075,0.07150000000000001,71.5,0.33053577736934686,0.3438974883340406,0.32323864962179605,0.3648845446933305,0.46841908931661347,0.3791088807442301,0.3405636446587671,0.33667547734807346,0.31591972852665273,0.0029540166363475158,0.004713914663592049,-9.77763579055841e-05,0.007786101087907957,0.027128471545467346,0.0012375270199727214,0.013043395259327777,0.01407501828112142,0.005749663038144697,0.5861613,0.5958415,0.61801755,0.64792216,0.6113821,0.59551394,0.6149014,0.6118171,2026-10-05T00:00:31.397566
43,0.6253774166107178,0.500252366065979,0.7614305495262146,0.6255602836608887,0.7614305495262146,0.7640023846626282,0.8409550031661988,1.7288751176834107,0.1443068562746048,3.571439262008667,1.999561018371582,1.0,10.0,,,,,0.5473019269943238,0.5473019269943238,,,,17.269945892333986,1.478817240495211,0.06925118032095444,,0.0793704789719147,0.9907062480783766,0.1540860102102635,0.0009085699339555932,0.026126919168931475,2.390471614280324,,0.001597923750060041,,75.71829320822552,18.599867304419256,,103.85941756910579,75.67429113691779,24.77320062430801,95.15839424862224,38.98343148201135,17.26990622016275,,0.6929284391129852,,0.059789733118881846,0.19068229331332406,,0.10969665314361549,0.07658781571562882,0.17828025635640332,0.004266367599391824,0.3522944471259026,0.14578904515239083,,,,0.22745,4549.0,0.58977544,0.5877165,0.6706022,0.6993286,0.6055296,0.6176162,0.6232078,0.60912424,0.49710002541542053,0.798208176612854,0.6089500784873962,0.798208176612854,0.072,72.0,0.35470188549578174,0.3607969501892029,0.34275785820948923,0.3561395846670637,0.43837045716411055,0.33172813389812256,0.3669862802801952,0.3311870902179525,0.3330875827894819,-0.0003418158555641581,-0.0004775078927737576,0.0027919329641800357,0.01083747880192975,0.008364081946379942,0.009408919666298622,0.028701829486044036,0.029403426030841864,0.029341868794364255,0.5665,0.565,0.58062017,0.62072366,0.6487805,0.59763783,0.65984255,0.6166667,0.49970000982284546,0.7872359342575074,0.6121000051498413,0.7872359342575074,0.072,72.0,0.40765762021672536,0.4150671528064011,0.3988060972322355,0.44874088059945305,0.5020869665021493,0.4229333407447904,0.4353832337476513,0.4562032642779747,0.40852169422213314,0.012511543174400367,0.01303986978957484,0.009306192000969186,0.015397462666087096,0.03478541193154282,0.006681721870503113,0.00952773513056699,0.011270933385321131,0.0023689429449511934,0.60685486,0.6063063,0.6941606,0.6358779,0.56869924,0.5842105,0.5886179,0.6,0.498400017619133,0.7927220554351807,0.6105250418186188,0.7927220554351807,0.072,72.0,0.38117975285625355,0.38793205149780197,0.37078197772086235,0.40244023263325834,0.47022871183313,0.3773307373214565,0.40118475701392325,0.3936951772479636,0.3708046385058075,0.006084863659418105,0.006281180948400541,0.006049062482574611,0.013117470734008423,0.02157474693896138,0.008045320768400867,0.019114782308305513,0.020337179708081497,0.015855405869657724,0.58667743,0.5856532,0.6373904,0.6283008,0.60873985,0.59092414,0.62423027,0.60833335,2026-10-05T00:04:42.751040
44,0.6254473924636841,0.5012950897216797,0.7603615317344665,0.626067578792572,0.7603615317344665,0.7752499918937683,0.8534523449897766,1.801455107307434,0.15995857268571853,3.368053751373291,1.9996457077026366,1.0,10.0,,,,,0.5311037008762359,0.5311037008762359,,,,17.24208764953613,1.2724802469609269,0.06851039818120278,,0.06839001207215012,1.0295414171021455,0.16209276523559715,0.0010256833507335348,0.028522205461931835,1.6685614244193787,,0.0018227923333171791,,75.68310206710913,18.57585161051173,,103.86086632795394,75.63900290325189,24.740604036173245,95.1554174240987,38.98792361605699,17.24206121408256,,0.6929636973484307,,0.060587122941472726,0.19190388054225097,,0.11104009770284033,0.07756898742003046,0.18050447068396647,0.004325292962988851,0.3566742727331295,0.14774401182202018,,,,0.21935,4387.0,0.5834202,0.58592427,0.66016245,0.7077804,0.6051207,0.61545455,0.63590527,0.61338085,0.5006500482559204,0.7860919537544251,0.6138500571250916,0.7860919537544251,0.066,66.0,0.25555452662971173,0.2638323599302337,0.2495713801761803,0.36982058411725904,0.4332377842484613,0.34698276528226024,0.32109441406786676,0.31235649491241446,0.26483470069568843,-0.0015740900982259636,-0.00036654775067442946,-0.011887088399493177,0.011001848369374467,0.02034394522850769,0.0003472236900314242,0.004829446076481989,0.004817283372562629,-0.008597458956130904,0.57600003,0.59909093,0.5631783,0.6194079,0.6597561,0.60551184,0.66417325,0.61477274,0.5050999522209167,0.7772248091697693,0.6143999099731445,0.7772248091697693,0.061,61.0,0.3435709458071511,0.3555201402840958,0.3247687202026886,0.4445566430258172,0.5339254491885644,0.4148304833928337,0.435879021611155,0.4280884363666335,0.3668745427838615,0.02917463200435035,0.031843395814270335,0.025062486917001078,0.026346060577938316,0.04953904711357251,0.01924478488610371,0.0162763659330561,0.020564667332015434,0.008317830446395516,0.6104839,0.6018018,0.69489056,0.6538168,0.5756098,0.58114034,0.5691057,0.6131387,0.5028750002384186,0.7816583814620972,0.614124983549118,0.7816583814620972,0.0635,63.5,0.29956273621843144,0.3096762501071647,0.2871700501894344,0.4071886135715381,0.48358161671851285,0.38090662433754696,0.3784867178395109,0.370222465639524,0.31585462173977497,0.013800270953062193,0.015738424031797954,0.00658769925875395,0.01867395447365639,0.0349414961710401,0.009796004288067567,0.010552906004769044,0.012690975352289031,-0.00013981425486769405,0.59324193,0.60044634,0.6290344,0.63661236,0.61768293,0.5933261,0.6166395,0.61395574,2026-10-05T00:08:54.121527
45,0.6214374303817749,0.5017349123954773,0.7686921956062317,0.6221224665641785,0.7686921956062317,0.7815540555953979,0.8604568610191345,1.8228604187011719,0.19961417022943498,3.5919729190826417,1.9871361640930176,1.0,10.0,,,,,0.5500207189559937,0.5500207189559937,,,,17.21309337463379,2.5420547743464352,0.11342114784938705,,0.10804586356897262,1.0422514335365052,0.1703014042536924,0.001373439101104856,0.03160987951003822,2.1529324978210362,,0.0025211198478425514,,75.64782301787358,18.554266984295694,,103.86680185111464,75.60374295180011,24.706098787344185,95.1537062043597,39.04716316757688,17.213078346981366,,0.6866997150099201,,0.061465249818031954,0.19356058765748504,,0.11275527621530423,0.078716225067901,0.18223240364129376,0.004503045474315525,0.3647780418395996,0.1491266283070206,,,,0.21205,4241.0,0.5829591,0.565143,0.6572504,0.71956956,0.60843074,0.5995152,0.6246254,0.61751527,0.49004998803138733,0.8066673617362976,0.6011501550674438,0.8066673617362976,0.067,67.0,0.3321253926755114,0.32651623115010864,0.32182016861472995,0.362690776535175,0.37657375604494536,0.3565896044260675,0.39201620374073815,0.37498459849567195,0.3700641747667616,-0.0005409133385995273,-0.0017448128193696326,-0.005560266546915569,-0.007366811551767567,0.007959071549120574,-0.008306377703732411,0.0017590932209941867,0.0004507941746371145,-0.0033645389636275513,0.55,0.5877273,0.54186046,0.61611843,0.6439025,0.5830709,0.65787405,0.61477274,0.4973999857902527,0.7923949761390686,0.608250081539154,0.7923949761390686,0.067,67.0,0.4012170304152735,0.40195813260648866,0.3879499778586167,0.4473529345422785,0.4574434865018077,0.4213843564910223,0.44047045322525175,0.4438042753601204,0.40669733434108263,0.029665404628889537,0.03118952756506886,0.02331303633249507,0.018946684162448275,0.037998552792749364,0.012656525896921417,0.019356943235305023,0.019257331473708443,0.0116039333559333,0.608871,0.58873874,0.6864964,0.6427481,0.57073176,0.56929827,0.5731707,0.60985404,0.49372498691082,0.7995311689376832,0.604700118303299,0.7995311689376832,0.067,67.0,0.36667121154539245,0.3642371818782987,0.3548850732366733,0.4050218555387267,0.41700862127337657,0.3889869804585449,0.41624332848299495,0.4093944369278962,0.3883807545539221,0.014562245645145005,0.014722357372849614,0.00887638489278975,0.005789936305340354,0.02297881217093497,0.002175074096594503,0.010558018228149606,0.009854062824172779,0.004119697196152875,0.57943547,0.588233,0.6141784,0.6294333,0.6073171,0.5761846,0.6155224,0.6123134,2026-10-05T00:13:04.892770
46,0.6271950006484985,0.503024697303772,0.7581442605018616,0.6272973418235779,0.7581442605018616,0.7706237518310547,0.8483120772361755,1.7777829126358031,0.1565219746351242,3.501386183547974,1.998909871673584,1.0,10.0,,,,,0.5661752763748169,0.5661752763748169,,,,17.186526293945313,1.3482769049087149,0.083065914618931,,0.07350742649642905,1.059953711974393,0.15416423070013144,0.0010053031246628683,0.0264316132576887,2.7080202290586604,,0.0019408581461601707,,75.61058578977159,18.540310902200687,,103.88093673803245,75.56867339504753,24.673707135923348,95.15034465425333,39.1081384549475,17.18650577326489,,0.6925917134922781,,0.06194384196761307,0.19672614497363947,,0.11481614880690909,0.07985612645650365,0.18427115033386618,0.004817116510265383,0.373075751931804,0.15096927790125464,,,,0.21585,4317.0,0.5794106,0.57877564,0.661351,0.7265995,0.6168419,0.6067879,0.6275618,0.61894095,0.5039000511169434,0.7698996472358703,0.6241999268531799,0.7698996472358703,0.085,85.0,0.35308161546551886,0.33314562635503436,0.31990500474788347,0.3841763427402429,0.3513339095589058,0.3378647922827187,0.39212067247290106,0.3869566799235426,0.32029496088852794,0.01581589662907521,0.013007438407515068,0.012370688361271235,0.0180815489355762,0.02872634025458702,0.012731398112004143,0.012682433839071286,0.011251065373329682,0.0025397470088814253,0.584,0.62545455,0.5763566,0.62532896,0.6678862,0.61377954,0.67440945,0.62007576,0.4988999366760254,0.7702871494293213,0.6197499632835388,0.7702871494293213,0.085,85.0,0.3771521796070099,0.37345861569673316,0.35688522121211075,0.46627412764113235,0.47364762136688027,0.4195996744568331,0.4487779811008422,0.4504146181564064,0.3858102479237259,0.0123798143973266,0.013282778010837118,0.00899732281550722,0.017465673800763293,0.03501255269805701,0.009226228998314127,0.0022733626012059927,0.0014441396311608747,-0.006306743394236694,0.60685486,0.5945946,0.6937956,0.660687,0.5804878,0.5956141,0.57439023,0.63467157,0.5013999938964844,0.7700933983325958,0.6219749450683594,0.7700933983325958,0.085,85.0,0.3651168975362644,0.35330212102588376,0.33839511297999714,0.42522523519068767,0.41249076546289304,0.3787322333697759,0.42044932678687164,0.4186856490399745,0.35305260440612696,0.014097855513200905,0.013145108209176092,0.010684005588389226,0.017773611368169746,0.03186944647632202,0.010978813555159134,0.007477898220138639,0.006347602502245278,-0.0018834981926776342,0.5954274,0.6100246,0.6350761,0.643008,0.624187,0.6046968,0.62439984,0.6273737,2026-10-05T00:17:16.099124
47,0.6300374269485474,0.4997975528240204,0.7515177273750305,0.6310299038887024,0.7515177273750305,0.7585414498329163,0.8348872957229614,1.7518293121337891,0.12409388134479522,3.3467538970947266,1.9990194845199585,1.0,10.0,,,,,0.5443975536823272,0.5443975536823272,,,,17.16109853820801,1.0601139723969872,0.05436354058729426,,0.06529900765010885,1.0831330528684482,0.1587732962931797,0.0011905224439183809,0.029452286470847525,2.393064617920833,,0.0025225317187771903,,75.57670058718153,18.516000006608902,,103.88138978800197,75.5339000240253,24.644735591426777,95.14847987472632,39.18971427382937,17.161087364148184,,0.692652025420195,,0.06284729998772311,0.19772488638094277,,0.11596093644761736,0.08096942476406219,0.18681155372956756,0.004977746836983475,0.38228713384099827,0.15335108501136682,,,,0.2521,5042.0,0.59131914,0.5799436,0.66566956,0.7246051,0.61396027,0.6257374,0.62814903,0.6170061,0.5060500502586365,0.7794894576072693,0.6160000562667847,0.7794894576072693,0.084,84.0,0.38888750839675257,0.39304219025265014,0.38527774698519957,0.43012463072133483,0.4597598829994516,0.4080957351239903,0.39217059986117686,0.38402675798528757,0.3388615550616515,0.019900819773465833,0.017254180162529453,0.01230117249679463,0.01498505898661433,0.026997520802997825,0.0004332389628283707,0.028789910275074278,0.02868466459819323,0.009724038330481638,0.557,0.60818183,0.55697674,0.6240131,0.67317075,0.5988189,0.66653544,0.6303031,0.502500057220459,0.7699283089637756,0.618449866771698,0.7699283089637756,0.092,92.0,0.43032777783460974,0.4282753927449881,0.4211123908370243,0.4475245847383925,0.48613529492783963,0.4270200923048541,0.4491529317493004,0.44588687333001786,0.4142398255734246,0.02913457995589372,0.030103386355047765,0.024059074172502862,0.023893070427734905,0.0551579682854273,0.016692872791847627,0.022080460641358463,0.023484233794111842,0.0091631276844438,0.6056451,0.6040541,0.6781022,0.66908395,0.57520324,0.5956141,0.58943087,0.61751825,0.5042750537395477,0.7747088832855225,0.6172249615192413,0.7747088832855225,0.088,88.0,0.40960764311568115,0.4106587914988191,0.4031950689111119,0.43882460772986365,0.47294758896364564,0.4175579137144222,0.4206617658052386,0.41495681565765274,0.3765506903175381,0.024517699864679776,0.02367878325878861,0.018180123334648746,0.019439064707174616,0.04107774454421256,0.008563055877337999,0.02543518545821637,0.026084449196152534,0.00944358300746272,0.58132255,0.60611796,0.61753947,0.6465485,0.624187,0.5972165,0.62798315,0.62391067,2026-10-05T00:21:26.747776
48,0.6284123659133911,0.5005026459693909,0.7552950284004212,0.6287223100662231,0.7552950284004212,0.7691782176017761,0.8467059300422668,1.824074542236328,0.13569281488656998,3.4410916767120363,1.9965614173889161,1.0,10.0,,,,,0.560058337020874,0.560058337020874,,,,17.13863154602051,1.774533180816538,0.08091144374672585,,0.08463920732948241,1.0869664954152076,0.1652431876938434,0.0011101333627619656,0.029389520169823033,2.2372840462596555,,0.0024201405750161964,,75.54255340964932,18.492632714046795,,103.88254828969384,75.49905643341647,24.615044223275156,95.1492968030796,39.236313036292984,17.138603890777393,,0.6914249973691953,,0.0637537619680356,0.19875292451518356,,0.11725447184530793,0.08208510341348162,0.18960362179264142,0.005092190504430016,0.3890843209187696,0.15634933000157594,,,,0.23425,4685.0,0.58267844,0.5799436,0.6632528,0.7208728,0.61259735,0.6198788,0.6338599,0.61490834,0.504550039768219,0.7811245951652527,0.6154000759124756,0.7811245951652527,0.09,90.0,0.27073331052999355,0.26408064352015553,0.2546609623527021,0.39176440364454546,0.3687060189199493,0.3363630857616894,0.3632430263957371,0.3428008067923039,0.32920539317596126,0.014356320196516418,0.016186383022884984,0.0161326838099547,0.004252845615873112,0.02467203150029355,0.015337703430189302,0.00267377360605501,0.0036935272957702796,0.0011265424511608844,0.5655,0.5872727,0.57325584,0.63125,0.6670732,0.6007874,0.66574806,0.61704546,0.5069000720977783,0.7684116015434265,0.6185999512672424,0.7684116015434265,0.091,91.0,0.4019236540117823,0.3985537437778287,0.384306199522395,0.4560507002014294,0.4866234431984019,0.4403197430197343,0.4619864780099473,0.4611915334465561,0.4178480566947879,0.012394952585885218,0.01145385549436231,0.009194958200718353,0.011252624059452978,0.02848757089277637,0.009204273620780233,0.005769210530416118,0.007571644036979095,-0.001325294057148459,0.60967743,0.60900897,0.6846716,0.65267175,0.5804878,0.5947369,0.58943087,0.6160584,0.5057250559329987,0.7747680983543396,0.617000013589859,0.7747680983543396,0.0905,90.5,0.33632848227088796,0.33131719364899215,0.31948358093754853,0.42390755192298746,0.4276647310591756,0.38834141439071185,0.41261475220284216,0.40199617011943,0.3735267249353746,0.013375636391200818,0.013820119258623647,0.012663821005336525,0.0077527348376630455,0.026579801196534962,0.012270988525484767,0.004221492068235563,0.005632585666374687,-9.937580299378731e-05,0.5875887,0.59814084,0.6289637,0.64196086,0.6237805,0.5977621,0.62758946,0.61655194,2026-10-05T00:25:38.149853
49,0.6274425387382507,0.5004023909568787,0.7562963645935059,0.6278823018074036,0.7562963645935059,0.7488409430503845,0.8241089590072632,1.6215529125213624,0.13343575018644332,3.2226120990753175,1.999539418411255,1.0,10.0,,,,,0.5703315464019776,0.5703315464019776,,,,17.11238761291504,1.9850500035247984,0.10605007886981509,,0.09900046304864868,1.1276029306612196,0.13952146593932133,0.0010675788958257385,0.025835210487104146,2.5605494995026072,,0.002484018183747087,,75.50469504192377,18.472170434939635,,103.8885755599684,75.46366615052436,24.584438676287416,95.14695657134816,39.29054563971842,17.112366354389554,,0.6929144855517491,,0.06424497210296096,0.20099975510387663,,0.11893476308531063,0.08298283435736492,0.19196156901159103,0.00515130850053422,0.3962859746756827,0.15833775689647456,,,,0.25595,5119.0,0.58596635,0.57782924,0.66093504,0.7238152,0.615479,0.61246467,0.6289591,0.6156008,0.5008500814437866,0.7896532778739929,0.6084500551223755,0.7896532778739929,0.117,117.0,0.3482633361613378,0.3533313613636928,0.3393961456511909,0.3563716550091496,0.39718924687671975,0.3488254403047173,0.3691938506936324,0.36796550909785697,0.3412175688327739,-0.008629344245440092,-0.008199869174362783,-0.01752003757350399,-0.0028380388560589223,0.013036720351796972,-0.01437323152389218,-0.002933368560785319,-0.003831698780593032,-0.013728183368945992,0.55300003,0.58318186,0.5852713,0.61875004,0.65162605,0.5885827,0.6555118,0.6159091,0.4978000223636627,0.780156014919281,0.6119000315666199,0.780156014919281,0.12,120.0,0.3983544982147008,0.3938450657435666,0.38773228926037007,0.42915301222932384,0.45004812317105825,0.4070421809372062,0.426710541452165,0.42161139008340975,0.387908976239967,0.020171044177929937,0.02341681745693154,0.01577327526074149,0.01806459475607035,0.036721401578003104,0.007752924085762005,0.01076804164524574,0.01391803785437434,0.002365828981733791,0.60846776,0.6036036,0.68613136,0.65877867,0.5735773,0.57412285,0.5711382,0.6051095,0.49932505190372467,0.7849046463966369,0.6101750433444977,0.7849046463966369,0.1185,118.5,0.3733089171880193,0.3735882135536297,0.3635642174557805,0.39276233361923674,0.423618685023889,0.37793381062096176,0.3979521960728987,0.39478844959063336,0.36456327253637044,0.005770849966244922,0.007608474141284379,-0.0008733811563812494,0.007613277950005713,0.024879060964900036,-0.0033101537190650876,0.003917336542230211,0.005043169536890654,-0.005681177193606101,0.5807339,0.5933927,0.6357013,0.6387644,0.61260164,0.5813528,0.613325,0.6105093,2026-10-05T00:29:49.317532
50,0.6321174502372742,0.5007501244544983,0.7477242699623108,0.6326850056648254,0.7477242699623108,0.7580649765968323,0.8343578877449036,1.6317483505249024,0.1115237591445446,3.282502579498291,1.9999856422424316,1.0,10.0,,,,,0.5910779998779296,0.5910779998779296,,,,17.08928218078613,1.1147707070040096,0.06759868627176828,,0.0618291478129519,1.0625069798177975,0.15054989326152074,0.0010420034810452823,0.02724848576127344,1.968568576938787,,0.002111140786889632,,75.46958422812686,18.4644457823152,,103.89859800885438,75.42892033279321,24.55463883223807,95.1496495532382,39.33272875646117,17.089274412507464,,0.6931400371205275,,0.06539022011362064,0.20483565197628775,,0.12090217094322678,0.08414602094584969,0.19441441280446994,0.005365149942552968,0.4025056092602432,0.16083301271602607,,,,0.24905,4981.0,0.590417,0.5858035,0.67204833,0.7221367,0.6124611,0.62589896,0.63226,0.6187373,0.49765002727508545,0.7987327766418457,0.6093999743461609,0.7987327766418457,0.117,117.0,0.28445203260922675,0.2775499740854409,0.2815573594718138,0.33198371239859015,0.3075638211390876,0.32020024719314966,0.31695524237467143,0.3192670850794931,0.30052898726325905,0.005114275787026327,0.0010184505949169366,0.0007114857379592391,0.00809245393199726,0.017067511547713302,0.0030535873714664925,0.001523809142638718,0.0012666106375106138,-0.008522714327221664,0.5705,0.57818186,0.5771318,0.62828946,0.6556911,0.6062992,0.63661414,0.60833335,0.4958999752998352,0.782100140094757,0.6171998977661133,0.782100140094757,0.117,117.0,0.3529324076982536,0.3494478868444143,0.35088158451679985,0.4298887654635364,0.4175216891229409,0.40845443909518486,0.38988707470174777,0.37730460430343515,0.35548186756295774,0.014331349822368002,0.013057688781938437,0.012637903491555972,0.017292311759287027,0.025529395216224157,0.012326257734495465,0.010543715028789659,0.008627215709884943,0.0033760849708598076,0.6060484,0.60720724,0.67956203,0.659542,0.5678862,0.5956141,0.59390247,0.6156934,0.4967750012874603,0.7904164583683013,0.6132999360561371,0.7904164583683013,0.117,117.0,0.3186922201537402,0.3134989304649276,0.31621947199430683,0.38093623893106326,0.36254275513101425,0.36432734314416726,0.3534211585382096,0.3482858446914641,0.3280054274131084,0.009722812804697164,0.007038069688427687,0.006674694614757605,0.012692382845642143,0.02129845338196873,0.007689922552980979,0.006033762085714188,0.004946913173697778,-0.0025733146781809282,0.58827424,0.5926945,0.6283469,0.6439158,0.61178863,0.6009567,0.61525834,0.61201334,2026-10-05T00:34:00.837741
51,0.6304248571395874,0.49903255701065063,0.7526598694801331,0.6304448843002319,0.7526598694801331,0.763108066368103,0.8399613138198853,1.697782740020752,0.12295456741452217,3.1761978874206545,1.999706932067871,1.0,10.0,,,,,0.5945162900924683,0.5945162900924683,,,,17.070306130981447,1.5757587782706424,0.10393323454483869,,0.0905536433480158,1.0888918163670096,0.16367725676791683,0.0013180042012330667,0.03051059015664705,2.2587520445987677,,0.002817958272114147,,75.4324853496187,18.445237967618713,,103.9021170549332,75.39420858006568,24.526700025910785,95.14941459704356,39.38005236000012,17.070298225257048,,0.6930012395427485,,0.06613205121770786,0.2071833312511444,,0.1220775764838905,0.08527459375038268,0.1973262667466121,0.005602766442332108,0.40899792275611,0.16466850289113963,,,,0.2507,5014.0,0.58612674,0.57684255,0.6522385,0.7303318,0.6223131,0.6191111,0.63610774,0.6184929,0.49045002460479736,0.7701326570510865,0.6238501667976379,0.7701326570510865,0.117,117.0,0.32650669137035965,0.3137471276282967,0.3219464589638318,0.3485271669289339,0.3354871681477208,0.3607110266900013,0.3590505001518575,0.3468180141778744,0.3273333732593981,0.02300034037853637,0.015316553151544359,0.01716652938448698,0.024901024103477148,0.031142481713728687,0.02552181959081956,0.011284626646270272,0.008538055214582986,0.004088569703170211,0.6095,0.62136364,0.5949612,0.63026315,0.66178864,0.5940945,0.6748032,0.60189396,0.49285000562667847,0.7880865678787231,0.6128000020980835,0.7880865678787231,0.118,118.0,0.37646861887104976,0.36760627289541953,0.3679693308625973,0.40429402716165036,0.40225557661572753,0.39235357618147176,0.4119467608575617,0.4062094637131679,0.38753548453115066,0.014450073575929723,0.014394828193490153,0.009034127685172342,0.01735934970969902,0.03501978172782753,0.005850031770235218,0.007236042160020944,0.00696551772278164,-0.001961255163857221,0.5955645,0.59144145,0.6631387,0.65877867,0.58292687,0.5859649,0.58983743,0.6211679,0.4916500151157379,0.7791096124649048,0.6183250844478607,0.7791096124649048,0.1175,117.5,0.3514876551207047,0.34067670026185815,0.34495789491321455,0.3764105970452921,0.3688713723817242,0.37653230143573657,0.3854986305047096,0.37651373894552115,0.3574344288952744,0.018725206977233046,0.014855690672517255,0.013100328534829661,0.021130186906588085,0.033081131720778104,0.015685925680527388,0.00926033440314561,0.0077517864686823135,0.0010636572696564948,0.60253227,0.6064025,0.62904996,0.6445209,0.6223577,0.5900297,0.6323203,0.6115309,2026-10-05T00:38:12.131325
52,0.6307117938995361,0.49788740277290344,0.750609862613678,0.631179690361023,0.750609862613678,0.7606626194000244,0.8372441507339478,1.6463240720748902,0.13683783910274505,3.259468800354004,1.997995246696472,1.0,10.0,,,,,0.5684629962921143,0.5684629962921143,,,,17.05293116455078,1.6138772125931302,0.09399442225813297,,0.08050432062120574,1.0886243437505831,0.15194419453478164,0.0011011790111586808,0.028146996174695765,2.02108862977119,,0.002516025573142751,,75.39879141643549,18.41957111723104,,103.90374376819392,75.35950469970703,24.50286138741074,95.15041662325525,39.42567667384056,17.052922765160822,,0.6921470412023508,,0.06721263274455526,0.20757860192068064,,0.12345582635919,0.086322978566027,0.2005495572355902,0.005734821407800647,0.4151710828018796,0.16894538729054154,,,,0.24795,4959.0,0.58734965,0.58173585,0.66382724,0.7258689,0.61779594,0.625798,0.6300324,0.6150713,0.4972999691963196,0.7622433986663818,0.622200071811676,0.7622433986663818,0.135,135.0,0.32902427888308716,0.32432927107863896,0.33350989922445934,0.3555985037801604,0.34991745320554746,0.34677854428424437,0.35939103815844736,0.35598631135870096,0.3454383706801027,-0.016520009712655048,-0.027304327651522117,-0.017634933389488915,0.003089128681241272,-0.012449618938302485,-0.007777717038440149,-0.01266339394967152,-0.014988422671524214,-0.01726330564509355,0.59400004,0.5977273,0.5899225,0.6447368,0.65365857,0.6027559,0.6748032,0.60833335,0.4964999854564667,0.7668029160499573,0.6178499460220337,0.7668029160499573,0.13,130.0,0.37154716210702227,0.3707503637465429,0.3732130893205013,0.40744008750596744,0.3836109259567953,0.4081724929671507,0.41423659453225387,0.41080403895412154,0.40502923203362745,0.0021588432739424617,0.0001674034962118834,0.0010964901871915234,0.0014931325426655114,0.003433460601300981,-0.0020097121253512236,0.0004120726821801271,0.0003004089207467783,-0.002836710182747547,0.603629,0.60540545,0.6850365,0.6603053,0.5739837,0.5995614,0.5922764,0.61058396,0.4968999773263931,0.7645231573581696,0.6200250089168549,0.7645231573581696,0.1325,132.5,0.3502857204950547,0.34753981741259093,0.3533614942724803,0.3815192956430639,0.3667641895811714,0.3774755186256975,0.3868138163453506,0.38339517515641125,0.37523380135686507,-0.0071805832193562935,-0.013568462077655117,-0.008269221601148695,0.0022911306119533918,-0.004508079168500752,-0.0048937145818956865,-0.006125660633745696,-0.007344006875388718,-0.010050007913920548,0.5988145,0.6015664,0.6374795,0.6525211,0.61382115,0.6011586,0.6335398,0.6094587,2026-10-05T00:42:23.089475
53,0.636040449142456,0.4993220567703247,0.7426936790466309,0.6360548734664917,0.7426936790466309,0.7632083086967468,0.8400727000236511,1.6946919723510743,0.12131395263075828,3.104617985916138,1.9987920204162597,1.0,10.0,,,,,0.5770569537162781,0.5770569537162781,,,,17.038341665649416,1.1884654898932026,0.09180740493640399,,0.08549712413245705,1.0340829607407758,0.1483169595242306,0.0012761102218157166,0.030356909160259044,1.733072784675914,,0.002851432468148933,,75.3611681506892,18.398404236811743,,103.90635044559552,75.32412282372736,24.480371766788945,95.14844337997923,39.49157661389393,17.038338958837425,,0.6925446721398907,,0.06785409873837878,0.20962254408818143,,0.12503157603512904,0.08738558995685759,0.20360101740451375,0.005845064359604363,0.4225190545722937,0.17370430214010227,,,,0.26885,5377.0,0.5953088,0.59206605,0.6654715,0.72689575,0.6186916,0.6300404,0.63663423,0.6216497,0.49074995517730713,0.7377051100730896,0.6418500542640686,0.7377051100730896,0.131,131.0,0.2877249723000673,0.27601635432687677,0.27679049324264005,0.3173931086426785,0.3033320759827378,0.31178689352201133,0.3376686334792033,0.33314375487918396,0.30536979854113905,0.004029108098549934,0.004422487044824741,0.00305784829485785,0.01228236575915749,0.02505535626654043,0.014625803829596,0.0043141478782470575,0.004905039543283794,-0.002462300623387111,0.623,0.62954545,0.7248062,0.6164474,0.64959353,0.62165356,0.6429134,0.6257576,0.49744996428489685,0.7648026719093323,0.6246000528335571,0.7648026719093323,0.132,132.0,0.31611257139086857,0.3047618537229423,0.30769580308298006,0.3756211901406727,0.3559965238522606,0.3531572196460163,0.3620823193339867,0.35462458011725356,0.3258856260344181,0.005368342337222889,0.004338809841363205,0.002751542332473492,1.2508817989070717e-05,0.010183745867950563,-0.0043660863143597465,0.0021549352776343437,0.0012950072530176185,-0.0031172161631885477,0.61129034,0.64099103,0.69452554,0.6519084,0.5813008,0.6035088,0.5747968,0.62846714,0.494099959731102,0.751253890991211,0.6332250535488129,0.751253890991211,0.1315,131.5,0.30191877184546795,0.29038910402490953,0.29224314816281005,0.3465071493916756,0.32966429991749924,0.3324720565840138,0.349875476406595,0.34388416749821876,0.3156277122877786,0.004698725217886411,0.004380648443093973,0.0029046953136656712,0.00614743728857328,0.017619551067245498,0.005129858757618126,0.0032345415779407006,0.0031000233981507063,-0.002789758393287829,0.6171452,0.6352682,0.7096659,0.6341779,0.61544716,0.61258113,0.6088551,0.6271124,2026-10-05T00:46:34.405444
54,0.6386851668357849,0.4999076724052429,0.7397341079235077,0.6389951705932617,0.7397341079235077,0.7723951889038085,0.8502803455352783,1.7729361604690552,0.12752607148885728,3.3808840747833253,1.9998324867248536,1.0,10.0,,,,,0.6043655932426453,0.6043655932426453,,,,17.02630432434082,0.8718037629962727,0.06763302365756908,,0.0631760942755611,1.0000188523417066,0.1412332866839163,0.001200170165734591,0.03179573254647908,1.5142485687307492,,0.002298138805883447,,75.32741784745721,18.376267001887037,,103.91135139222358,75.28913607263262,24.460128784179688,95.14984305800905,39.54673288430378,17.02630727002575,,0.693063794807264,,0.0691836610151704,0.21173491362173846,,0.12688677174270532,0.08845179836461499,0.20753618457894416,0.006027739809434505,0.42902408397881087,0.1796154397877918,,,,0.26285,5257.0,0.6080994,0.6137938,0.68512285,0.71121645,0.61129284,0.62458587,0.63321185,0.62327904,0.5056500434875488,0.7346261477470398,0.6457500457763672,0.7346261477470398,0.149,149.0,0.2652202176015666,0.26371782469812294,0.2725579741755596,0.31214061422041733,0.274168065694663,0.3170656192787269,0.2874709957650338,0.2793393807045919,0.2829257751696149,-0.006597100765762159,-0.009466126490142656,-0.010413494439066475,0.015106497009758479,0.0013431272059938886,0.0011316911601464046,0.005944489827119686,0.0019063124059661726,-0.004450873243835777,0.635,0.64181817,0.7158915,0.61875004,0.6430894,0.62598425,0.65787405,0.62954545,0.500950038433075,0.7459864172935485,0.638900101184845,0.7459864172935485,0.166,166.0,0.32412680453399934,0.3202056463699715,0.3324545712402018,0.36687102775738356,0.32389209053743445,0.36655560642978213,0.3642864847618975,0.36258623073233337,0.3592622531343707,-0.005498850206988436,-0.0067736170774974356,-0.00634130027686803,-0.0008494109900498628,0.012144848772159347,-0.005839103924558616,-0.004571026772601654,-0.004088089164176316,-0.007611300266602586,0.6459677,0.6671171,0.7248175,0.6614504,0.58252037,0.6144737,0.5691057,0.6357664,0.5033000409603119,0.7403062825202942,0.6423250734806061,0.7403062825202942,0.1575,157.5,0.29467351106778295,0.29196173553404725,0.30250627270788066,0.3395058209889005,0.29903007811604876,0.3418106128542545,0.32587874026346564,0.32096280571846264,0.3210940141519928,-0.006047975486375298,-0.008119871783820046,-0.008377397357967251,0.007128543009854308,0.006743987989076617,-0.002353706382206106,0.0006867315272590158,-0.001090888379105072,-0.006031086755219182,0.64048386,0.65446764,0.7203545,0.64010024,0.6128049,0.620229,0.61348987,0.6326559,2026-10-05T00:50:45.818577
55,0.6406846046447754,0.5003050565719604,0.7368820931434631,0.6414774060249329,0.7368820931434631,0.7733164482116699,0.8513039661407471,1.8177577030181884,0.1340921840429306,3.1762729846954345,1.999999998474121,1.0,10.0,,,,,0.5691031165122986,0.5691031165122986,,,,17.023617178344725,1.0348149651459828,0.06962890282368205,,0.07237530055983811,1.031088847643251,0.14450767517659316,0.0012825510329655876,0.03339036659687568,1.4678742234494275,,0.0024507576589521533,,75.29392845008024,18.35584990385991,,103.9152838348583,75.25403288823024,24.438358221843743,95.14800369359885,39.60989858542278,17.023605128002774,,0.6931471817053048,,0.07018239288383228,0.21392478836569817,,0.1283423146055003,0.08940220628954043,0.21088811176218045,0.006101350107224314,0.4359783953542163,0.18728974347661256,,,,0.2706,5412.0,0.6219326,0.6260169,0.69762284,0.7017773,0.612831,0.6247677,0.62616444,0.6192668,0.5049500465393066,0.7324925446510315,0.6471498608589172,0.7324925446510315,0.166,166.0,0.34582823022870207,0.3502057334088298,0.356947841390822,0.33975459246564077,0.32164283095178126,0.35543596786401177,0.38332353171219846,0.38232870158520627,0.3948148275628644,-0.010714694814184956,-0.009179317362252068,-0.010038260154186962,-0.011626705631166407,-0.007986690655605127,-0.01144139686016202,-0.009120425017342441,-0.008388950532600725,-0.01239816268958767,0.6095,0.61954546,0.7434109,0.62171054,0.6634146,0.622441,0.63464564,0.6545455,0.5038000345230103,0.7445817465782165,0.642250120639801,0.7445817465782165,0.178,178.0,0.3409716977453491,0.33215148667868394,0.3482896955263909,0.358330363896983,0.31535800942095504,0.36111309737075914,0.39481923266177493,0.38754775899854005,0.38986674236565844,-0.005317636227421254,-0.007560375824336779,-0.005754723837798655,-0.003140257979349839,0.01584356550508786,-0.0010922850488742824,0.004740016661359229,0.004687908007558459,0.000604970312456926,0.6435484,0.66396403,0.73795617,0.66488546,0.57723576,0.6061403,0.58983743,0.64160585,0.5043750405311584,0.738537145614624,0.6446999907493591,0.738537145614624,0.172,172.0,0.34339996398702555,0.3411786100437569,0.3526187684586064,0.34904247818131184,0.31850042018636815,0.35827453261738545,0.38907138218698667,0.38493823029187313,0.3923407849642614,-0.008016165520803104,-0.008369846593294424,-0.007896491995992808,-0.007383481805258123,0.003928437424741367,-0.006266840954518151,-0.002190204177991606,-0.0018505212625211328,-0.005896596188565372,0.6265242,0.64175475,0.74068356,0.64329803,0.6203252,0.61429065,0.6122415,0.6480757,2026-10-05T00:54:57.726682
56,0.6427625417709351,0.49898773431777954,0.7324010853767395,0.643477201461792,0.7324010853767395,0.7737376622200012,0.8517719758033753,1.765962659072876,0.1585415949821472,3.1357353145599367,1.9999809715270995,1.0,10.0,,,,,0.5219037435531616,0.5219037435531616,,,,17.006721923828124,1.0253442936831978,0.07388054321454779,,0.08312552785322924,1.013469901813823,0.13876796660909227,0.0012663802258806767,0.03218619212223466,1.6669808926096388,,0.0022386117479808415,,75.26063187714595,18.3387811988782,,103.92266058466237,75.21903228759766,24.410860827014705,95.14445262350094,39.69478194121343,17.006706675146795,,0.6931377121597339,,0.07111122316805421,0.21671520638617742,,0.1300355385822855,0.09028473002895428,0.21340672956530454,0.0062001713486329,0.4439743039714303,0.19175273512199426,,,,0.26095,5219.0,0.6273055,0.6296013,0.6953447,0.6997038,0.61306465,0.62709093,0.6256986,0.62883914,0.491349995136261,0.7272584915161133,0.6529501080513,0.7272584915161133,0.143,143.0,0.33954367144042985,0.3428621681243597,0.34459283541698826,0.3028338164540967,0.2974885578891346,0.31626147329325444,0.3652596420033183,0.3603259259076572,0.363472906339185,0.0056633488820411705,0.0043186752426480485,0.004495064080236691,0.016201186158024877,0.012789356411650927,0.011482448875355097,0.006377234203236094,0.006047069170309171,-0.0015693569488714598,0.63600004,0.63954544,0.75077516,0.6157895,0.6565041,0.6070866,0.66259843,0.65568185,0.49845001101493835,0.7511590580940246,0.6385999917984009,0.7511590580940246,0.154,154.0,0.36952362655691123,0.3677043142997726,0.3730410487535947,0.3400227258313467,0.3104613884065366,0.3503704286671873,0.394897689769642,0.392811394656756,0.3899647844386254,0.00032466356802243664,-0.0009979377359282519,-0.00042580001043900583,0.011612642566283641,0.018487369073631015,0.007950602780984336,0.005414435766006763,0.005140421531052317,0.003390901006918382,0.6334678,0.6576577,0.739781,0.6645038,0.5804878,0.5964912,0.5971545,0.6262774,0.49490000307559967,0.739208774805069,0.6457750499248505,0.739208774805069,0.1485,148.5,0.35453364899867057,0.35528324121206617,0.35881694208529147,0.32142827114272166,0.3039749731478356,0.3333159509802209,0.38007866588648015,0.3765686602822066,0.3767188453889052,0.0029940062250318035,0.0016603687533598983,0.0020346320348988427,0.013906914362154259,0.015638362742640972,0.009716525828169717,0.005895834984621429,0.005593745350680744,0.0009107720290234612,0.6347339,0.64860153,0.7452781,0.6401466,0.61849594,0.6017889,0.6298765,0.64097965,2026-10-05T00:59:09.305577
57,0.6478951573371887,0.5015174150466919,0.7247304002761841,0.6486774682998657,0.7247304002761841,0.7791776268959045,0.8578163831710816,1.8143048027038575,0.1407547439932823,3.118022459411621,2.0,1.0,10.0,,,,,0.5031227803230286,0.5031227803230286,,,,16.991574661254884,0.8420500084283246,0.06405594128711968,,0.07454919583122631,1.0140084426873808,0.13885941534380244,0.0013128455159562835,0.03503123081769723,1.4045465273462283,,0.002488420982253782,,75.22736246874378,18.319230923986737,,103.92512084572178,75.18420565659832,24.38828219274047,95.14121819757352,39.782511814384705,16.99156519409957,,0.6931471824645996,,0.07196760063718079,0.21871124748971052,,0.13137929843869178,0.09112055015981577,0.2165370372829923,0.006338387552743695,0.4520640587730772,0.1965932770139852,,,,0.2542,5084.0,0.62646353,0.64027387,0.6993859,0.7142378,0.613493,0.6332727,0.63586473,0.62521386,0.49959996342658997,0.7372161364555359,0.6472499966621399,0.7372161364555359,0.162,162.0,0.32283414688955153,0.31852814342701036,0.32716964745903954,0.28018333546077423,0.2379561383495456,0.2685803158089762,0.3135682706481506,0.31093941328488484,0.3109717296912908,0.009160031372820197,0.003856222904275898,0.007183107664032992,0.015043713979199931,0.0008486905931836096,0.014691948787717025,-0.0012758514376019746,-0.0017082998120967574,-0.0029147670339828113,0.612,0.6168182,0.73333335,0.62664473,0.67560977,0.60984254,0.63858265,0.6568182,0.5031000375747681,0.7433661017417907,0.6415001153945923,0.7433661017417907,0.177,177.0,0.3349447441477014,0.33805323447268215,0.34577918223575077,0.32153686111409685,0.2853217342553369,0.3277926951346919,0.37674891828097457,0.3742075931099478,0.371507465405812,0.007145150374215763,0.004845013918178368,0.0039026862873951045,0.02162670505553894,0.0330558095745411,0.018358772868115665,0.004521293746659552,0.0027126772930832215,-0.0011488759262390511,0.64556456,0.66126126,0.740146,0.6709924,0.57723576,0.60175437,0.5955285,0.6270073,0.501350000500679,0.7402911190986633,0.6443750560283661,0.7402911190986633,0.16949999999999998,169.5,0.3288894455186265,0.32829068894984625,0.33647441484739515,0.30086009828743554,0.2616389363024413,0.298186505471834,0.3451585944645626,0.3425735031974163,0.3412395975485514,0.00815259087351798,0.004350618411227133,0.005542896975714048,0.018335209517369437,0.016952250083862357,0.016525360827916346,0.0016227211545287888,0.000502188740493232,-0.002031821480110931,0.6287823,0.63903975,0.73673964,0.64881855,0.62642276,0.6057985,0.61705554,0.64191276,2026-10-05T01:03:20.779269
58,0.6494698524475098,0.49914243817329407,0.7241274382591247,0.649407148361206,0.7241274382591247,0.7910340229034424,0.870990155506134,1.8711293312072754,0.1346497938990593,3.2199022750854494,1.9999977729797362,1.0,10.0,,,,,0.5005153895378113,0.5005153895378113,,,,16.982090853881836,0.906252533149947,0.06895132619104567,,0.07536574300070098,1.0190332512946645,0.1301242681160854,0.0011848711060541,0.03250709397326799,1.221125215197065,,0.002214643663513937,,75.1946047157239,18.295750162404055,,103.92477834908067,75.14890925899432,24.370327603285478,95.13884710809987,39.880246763776064,16.982077471010246,,0.6931460735144889,,0.07305486514499993,0.22007345071264134,,0.1325932200167589,0.0919908494421631,0.22004996391997975,0.006453971470451089,0.46060949032473714,0.2022846977991663,,,,0.2427,4854.0,0.62690455,0.6364277,0.6954042,0.7194313,0.61561525,0.62850505,0.6367963,0.6349898,0.49880000948905945,0.7346910510063172,0.6456000804901123,0.7346910510063172,0.166,166.0,0.33352889116188167,0.33883787557491263,0.3439144796904182,0.2423463806568695,0.24512307731037705,0.24964396267656286,0.35282162899776665,0.3496070775832635,0.3579194514603873,0.012770528867639795,0.011645716429852578,0.012136644727267163,0.016139577260574765,0.01807979966530394,0.011649553837658368,0.020487068650905414,0.020867078865664357,0.017139597508134048,0.6125,0.6245455,0.6957364,0.63092107,0.6707317,0.61811024,0.6476378,0.657197,0.5004498958587646,0.736400857925415,0.6440999507904053,0.736400857925415,0.182,182.0,0.3917401440165549,0.38586746315030984,0.395084911491246,0.3735258557866508,0.34249896567581695,0.3803419462156927,0.43832909575419066,0.4308089431782324,0.4289056213391786,0.007832164756726594,0.00667678849532707,0.007066056821319542,0.013737243412652138,0.026626978027208974,0.011874810493678863,0.009207996729668062,0.008655172822132209,0.0056418481263704814,0.64072585,0.65450454,0.74452555,0.6740458,0.5776423,0.6127193,0.58536583,0.6481752,0.49962495267391205,0.735545954465866,0.6448500156402588,0.735545954465866,0.174,174.0,0.3626345175892183,0.36235266936261123,0.3694996955908321,0.30793611822176015,0.293811021493097,0.31499295444612774,0.3955753623759787,0.3902080103807479,0.3934125363997829,0.010301346812183195,0.009161252462589824,0.009601350774293353,0.014938410336613452,0.022353388846256456,0.011762182165668615,0.014847532690286738,0.014761125843898283,0.011390722817252265,0.6266129,0.63952506,0.720131,0.65248346,0.624187,0.61541474,0.6165018,0.6526861,2026-10-05T01:07:32.372602
59,0.6536970734596252,0.4980451166629791,0.7172117900848388,0.6542999148368835,0.7172117900848388,0.7834581223487854,0.8625724868774414,1.7947799699783324,0.12652354687452316,3.1280446449279786,1.9999986610412597,1.0,10.0,,,,,0.5053223487854004,0.5053223487854004,,,,16.975057708740234,0.8294172500538978,0.07382395670150116,,0.08033452798748851,1.0081138477963247,0.14499834768331735,0.0012287628495098821,0.03459286834498879,1.4354036746511034,,0.00281442672972253,,75.16067500023325,18.27383815255135,,103.92750811728702,75.11447857899272,24.350333025501033,95.13519943140115,39.98013555927641,16.975045416765152,,0.6931465161833793,,0.07392750609262734,0.22155464824977195,,0.133759626917019,0.09291830355194723,0.2233335333075493,0.00646767955107294,0.46907927143345973,0.20823384726503094,,,,0.2626,5252.0,0.6252005,0.63862264,0.7005547,0.7262046,0.61915886,0.6386061,0.6472256,0.6376986,0.5008500218391418,0.738946014881134,0.6440999507904053,0.738946014881134,0.189,189.0,0.31030248911725394,0.29820181775316984,0.3171819474878182,0.27085176752692225,0.203029041562375,0.2666685519443438,0.32643159587906173,0.3181092318855344,0.3328917632344797,0.0013701983901764497,-0.0036669712726056245,0.00010319366069288828,0.008908968057481792,0.016522417633594057,0.007299114872271727,0.007220556608818541,0.0036074915778760335,0.00026576943514261206,0.62850004,0.61,0.7120155,0.6355263,0.6682927,0.6125985,0.6283465,0.6507576,0.5087999701499939,0.7289772033691406,0.6460999846458435,0.7289772033691406,0.197,197.0,0.3810638765895146,0.37554857384098095,0.3846378760233838,0.34838687657367184,0.2931627859872753,0.35064296191070476,0.39334543462420135,0.3894391044232258,0.3887655500322896,0.014561059296812808,0.013258788485636655,0.01303303252845084,0.02876693960395288,0.04062979276424263,0.027524333018877314,0.009964782351225984,0.010160210707662437,0.00356693151561044,0.65685487,0.67522526,0.75,0.671374,0.5800813,0.5995614,0.5922764,0.6310219,0.5048249959945679,0.7339616091251373,0.6450999677181244,0.7339616091251373,0.193,193.0,0.3456831828533843,0.33687519579707537,0.350909911755601,0.3096193220502971,0.24809591377482515,0.3086557569275243,0.35988851525163157,0.3537741681543801,0.36082865663338465,0.007965628843494629,0.004795908606515515,0.006568113094571865,0.018837953830717336,0.028576105198918345,0.017411723945574522,0.008592669480022262,0.0068838511427692355,0.001916350475376526,0.6426774,0.64261264,0.73100775,0.65345013,0.624187,0.60607994,0.61031145,0.64088976,2026-10-05T01:11:43.635056
60,0.6556594371795654,0.5012725591659546,0.7136654211997986,0.6561847925186157,0.7136654211997986,0.786247661781311,0.8656719762802124,1.7900599000930786,0.1304420869231224,3.0403649017333985,2.0,1.0,10.0,,,,,0.5045787410259247,0.5045787410259247,,,,16.978402856445314,0.7982867983211378,0.07060701528172585,,0.08380258255964441,1.0505015512180935,0.13687376405118376,0.0013376138103342835,0.03632383045568398,1.1230384944730503,,0.002934900460722871,,75.12608808772579,18.249168092278158,,103.93012388192923,75.08019008757962,24.330570937721593,95.13298651822814,40.09613129439627,16.97838413943151,,0.6931471824645996,,0.07482817432113514,0.22241642359335712,,0.13497210868224976,0.09390211076873123,0.22677110543676243,0.006556256798801908,0.47832760670382507,0.2161583357555851,,,,0.26135,5227.0,0.6334002,0.6363472,0.68658876,0.73639417,0.6254089,0.6370505,0.6534022,0.6396945,0.5042999982833862,0.7566569981575012,0.6396999359130859,0.7566569981575012,0.142,142.0,0.37551855913364895,0.375842176767859,0.3800070108966841,0.3165763502313089,0.3305840258415886,0.3173489773223748,0.2727880791487595,0.2719433942215527,0.268587993061692,0.0260362938168623,0.02673605603524277,0.023417816775125007,0.017168910783773764,0.01849669979394633,0.017180572309046682,0.009227169971792175,0.007454987768915148,0.006156605751462914,0.623,0.60727274,0.7124031,0.62828946,0.67520326,0.62007874,0.60157484,0.6439394,0.499099999666214,0.7348997702598572,0.6500000357627869,0.7348997702598572,0.154,154.0,0.45028464971226195,0.44193429211776536,0.45806396581612285,0.3528339366114976,0.3223545251582677,0.3586851857223032,0.3974941624756146,0.39418973080595243,0.3942756764234816,0.011033097731961818,0.010586397951959476,0.011365279177658453,0.029624468410239062,0.038820670048007586,0.03315235274154964,0.010684112012993104,0.00869583360018995,0.007142752338823762,0.6532258,0.66351354,0.7317518,0.68969464,0.59105694,0.622807,0.6093496,0.62846714,0.5016999989748001,0.7457783842086791,0.6448499858379364,0.7457783842086791,0.148,148.0,0.4129016044229554,0.4088882344428122,0.4190354883564035,0.33470514342140323,0.3264692754999281,0.338017081522339,0.33514112081218705,0.33306656251375255,0.3314318347425868,0.01853469577441206,0.018661226993601124,0.01739154797639173,0.023396689597006415,0.028658684920976958,0.02516646252529816,0.009955640992392639,0.008075410684552548,0.006649679045143338,0.6381129,0.63539314,0.7220775,0.65899205,0.6331301,0.6214429,0.6054622,0.6362033,2026-10-05T01:15:54.526791
61,0.6583752632141113,0.4999349117279053,0.7084966976642608,0.6582874059677124,0.7084966976642608,0.8029849160194397,0.8842689250946045,1.9153624034881591,0.12434610251188279,3.2820228805541993,2.0,1.0,10.0,,,,,0.5210019773483276,0.5210019773483276,,,,16.971867791748046,0.8167702932931056,0.07143427433363002,,0.08109266946839679,1.0510038627181084,0.14052741080047979,0.0012455371512132727,0.03583620772192812,1.2791193319354088,,0.0028288323606644717,,75.0922457944056,18.228199333142324,,103.93287391419624,75.0460466032575,24.304883009309222,95.12996236230158,40.19692723462536,16.9718523572205,,0.6931471824645996,,0.07569894242058893,0.2240601204762793,,0.1363255441378636,0.0949059148692781,0.229492424684725,0.006671091425974088,0.4866156800157705,0.2218786372690444,,,,0.24,4800.0,0.6261227,0.6376963,0.68783677,0.7412125,0.6320093,0.641495,0.65935606,0.6392261,0.5066499710083008,0.7566986403465271,0.639400064945221,0.7566986403465271,0.167,167.0,0.3571857039735394,0.3526143419062581,0.3677137111294109,0.27917327656902796,0.27028475425559134,0.26770004935028063,0.3433194509100328,0.34333217186758697,0.3516211198704894,0.022917447028566525,0.010799061798668443,0.014934097483687571,0.042439111668313226,0.024385881103126485,0.03441382279097194,0.01560763541476098,0.01035136950556525,0.005189313274656376,0.62600005,0.60136366,0.70852715,0.62434214,0.6865854,0.6232284,0.58582675,0.65416664,0.49915003776550293,0.7375862684249878,0.6443999409675598,0.7375862684249878,0.175,175.0,0.4117635676384716,0.39787479551975063,0.42202100283864497,0.3437100787269004,0.3082475193052505,0.35053381486771173,0.4134227979287949,0.40939313052415804,0.4044598281411843,0.011123999694784737,0.011387562481764727,0.01078507494487245,0.02022847157119939,0.024755227677196213,0.01826111443951343,0.003695920334229163,0.0032782220283718165,0.0014318470129740554,0.6495968,0.64819825,0.739781,0.6782443,0.5804878,0.61710525,0.5971545,0.6313869,0.5029000043869019,0.7471424543857574,0.6419000029563904,0.7471424543857574,0.17099999999999999,171.0,0.3844746358060055,0.3752445687130044,0.394867356984028,0.31144167764796415,0.2892661367804209,0.30911693210899616,0.37837112441941384,0.37636265119587253,0.37804047400583685,0.017020723361675632,0.011093312140216586,0.01285958621428001,0.03133379161975631,0.02457055439016135,0.026337468615242686,0.009651777874495072,0.006814795766968533,0.0033105801438152154,0.6377984,0.62478095,0.7241541,0.6512932,0.6335366,0.6201668,0.5914906,0.6427767,2026-10-05T01:20:06.122874
62,0.6636427640914917,0.5023752450942993,0.6989626090526581,0.664317786693573,0.6989626090526581,0.7928170833587647,0.8729713366508484,1.8092374362945556,0.12110989603996276,3.0013990032196043,2.0,1.0,10.0,,,,,0.4998050398349762,0.4998050398349762,,,,16.960607315063477,0.8122334427135006,0.07349002474005435,,0.08485000115481152,1.0523545673698376,0.15268334606365794,0.001330766209570252,0.039507123612009795,1.4955520329961352,,0.002882487384641727,,75.05764265121168,18.20462707956885,,103.93474024875908,75.0115430795463,24.282835188944627,95.12599988803743,40.31354218987143,16.96059471178966,,0.6931471824645996,,0.07641306301211095,0.2253576816077445,,0.13741063226939768,0.09592436254024506,0.2325051884362652,0.006779899076220526,0.49556982308436354,0.22641061825357425,,,,0.25325,5065.0,0.62908983,0.64275074,0.697088,0.7513033,0.6328466,0.6461818,0.6744431,0.6395316,0.49664992094039917,0.7470037937164307,0.6411000490188599,0.7470037937164307,0.148,148.0,0.38335295091544824,0.36540012762507057,0.3823363675268764,0.3065614665266071,0.3010199323473578,0.31799181076346794,0.33571071469319186,0.333946879244383,0.33666287960862945,0.06614430608807276,0.04889106984019157,0.058583264881547296,0.0761089749224156,0.043737755558175405,0.07573069581333625,0.08490162616522082,0.0797158215419703,0.07959406554150031,0.60550004,0.61136365,0.6651163,0.65559214,0.704065,0.61417323,0.6066929,0.65303034,0.5034500360488892,0.7287691903114318,0.6495499014854431,0.7287691903114318,0.16,160.0,0.45022092034868877,0.4363901938062631,0.4574867270996117,0.35190138072791316,0.33011738732037327,0.37003469006439466,0.4342138705714349,0.43112208721894485,0.4338924020045822,0.005563588245868429,0.0037808576460618614,0.006884206710424599,0.025047970291640426,0.023084561935174164,0.027791610079522605,0.009271709621761614,0.0065359158287936125,0.006191622713390822,0.6294355,0.6531532,0.7222628,0.69541985,0.5934959,0.63201755,0.61504066,0.64416057,0.5000499784946442,0.7378864920139312,0.6453249752521515,0.7378864920139312,0.154,154.0,0.4167869356320685,0.40089516071566683,0.41991154731324404,0.3292314236272601,0.3155686598338655,0.34401325041393127,0.3849622926323134,0.38253448323166395,0.3852776408066058,0.035853947166970594,0.026335963743126717,0.03273373579598595,0.05057847260702801,0.03341115874667479,0.051761152946429426,0.04708666789349122,0.04312586868538195,0.04289284412744557,0.61746776,0.6322584,0.6936896,0.675506,0.64878047,0.6230954,0.6108668,0.64859545,2026-10-05T01:24:17.127310
63,0.6656277179718018,0.4982949197292328,0.6941724646568298,0.6658373475074768,0.6941724646568298,0.8041091353416443,0.8855180605888366,1.86401921710968,0.1310019756793976,3.125071541976929,2.0,1.0,10.0,,,,,0.4850774043083191,0.4850774043083191,,,,16.946200830078126,0.8743655324741534,0.07707027745711956,,0.07797267259496032,1.0992092232035984,0.13812582721565939,0.001185811396501365,0.035342857360270374,1.2641194018588704,,0.002477337492709226,,75.02313387925457,18.181178196220642,,103.93684950907519,74.9774093141981,24.258821098667802,95.12568023098503,40.38941260659771,16.946190633591574,,0.6931471824645996,,0.07726369413790429,0.22623913550073174,,0.13853127751380775,0.09687999716609906,0.23526922864898756,0.006833446594726318,0.5022188453537644,0.23000318818031604,,,,0.22905,4581.0,0.62133116,0.63038665,0.6969295,0.7598144,0.63897973,0.6505253,0.6798299,0.6474746,0.4978500008583069,0.745612913608551,0.6399500370025635,0.745612913608551,0.142,142.0,0.42312195711079326,0.4120382561374279,0.4249818353463867,0.330882852458495,0.2749794847503075,0.3272399364832654,0.3869237018891589,0.3821725920802446,0.3978462920142514,0.004091432277178692,-0.0015242821131688808,1.551442917607476e-05,0.01700253790653582,0.007942445728781783,0.015002914995644363,0.00951009885401599,0.008819643056772075,0.0102781015221373,0.62950003,0.6131819,0.6767442,0.63980263,0.68617886,0.61417323,0.5866142,0.6674242,0.5022000670433044,0.7240518398284912,0.6465998888015747,0.7240518398284912,0.152,152.0,0.430773370701191,0.41887258215328976,0.4369766599074181,0.3618546010745227,0.32556838730020293,0.36320944584127585,0.41571326001391257,0.4139659174343736,0.41198618857068264,0.010687872107965896,0.01093597030643855,0.011055722334448393,0.024471967575729555,0.03764892458860625,0.02523272992216609,0.011416303154645646,0.01034855084734702,0.008901061549037829,0.6342742,0.6333334,0.739781,0.6980916,0.59186995,0.625,0.60121953,0.6339416,0.5000250339508057,0.7348323767185211,0.6432749629020691,0.7348323767185211,0.147,147.0,0.42694766390599215,0.41545541914535883,0.43097924762690243,0.34636872676650887,0.3002739360252552,0.3452246911622706,0.40131848095153577,0.39806925475730914,0.40491624029246703,0.007389652192572294,0.0047058440966348345,0.005535618381812234,0.020737252741132688,0.022795685158694016,0.020117822458905227,0.010463201004330819,0.009584096952059548,0.009589581535587564,0.6318871,0.62325764,0.7082626,0.6689471,0.6390244,0.6195866,0.5939169,0.6506829,2026-10-05T01:28:28.539655
64,0.665559709072113,0.4989054203033447,0.6915589454650879,0.6661648750305176,0.6915589454650879,0.804254166507721,0.8856792030334473,1.8886989171981812,0.1202413426041603,3.1558372913360597,1.998109679412842,1.0,10.0,,,,,0.5024293046474457,0.5024293046474457,,,,16.929611233520507,1.125440246550141,0.0951506393564165,,0.09095943144931914,1.071933624471069,0.14087536314110846,0.0012213090391292765,0.03572544567049689,1.2971887692904016,,0.002612993281542629,,74.98868001950015,18.160031409779933,,103.93915344043901,74.94289864704108,24.22989185600524,95.12306004420967,40.46753748511053,16.92960589706518,,0.6922032586328543,,0.07810818664966875,0.22792036499187446,,0.13973904443774254,0.09787835356346361,0.2371557294183476,0.006922150137507991,0.5089815031191346,0.2333724872701487,,,,0.2275,4550.0,0.6234964,0.63366896,0.69580036,0.7564179,0.6441394,0.6499192,0.68217903,0.64213854,0.5008500218391418,0.752603515625,0.6378000378608704,0.752603515625,0.133,133.0,0.3526982788999784,0.35125182485951933,0.3584190626249753,0.2963594202799956,0.2914086503543141,0.31513196761041273,0.31106586375344936,0.3082185525008515,0.3124544705446987,-0.0282745536232604,-0.02988058119627344,-0.02903617417434652,-0.014925667098698565,-0.009939887319765996,-0.013934888189973326,-0.013756436859744033,-0.015371146399575824,-0.016004382291442906,0.601,0.59227276,0.6736434,0.6476974,0.69430894,0.6043307,0.6062992,0.6670455,0.49564993381500244,0.7291090903282166,0.6477999091148376,0.7291090903282166,0.134,134.0,0.44579273841048567,0.45052679324162154,0.46557554758828873,0.3419919666681113,0.33306117583882683,0.352498631367888,0.4076583219190076,0.41326316647839445,0.41593517696973303,0.003169325426819954,0.006838642471608156,0.004328304430657496,0.01376254525520367,0.039614304874541574,0.015581144520799645,0.0010359429485448457,0.0008319693185125689,-9.440560954046063e-05,0.6528226,0.64774776,0.72627735,0.68740463,0.5849594,0.6307018,0.60406506,0.6368613,0.49824997782707214,0.7408563029766083,0.642799973487854,0.7408563029766083,0.1335,133.5,0.399245508655232,0.4008893090505704,0.411997305106632,0.3191756934740535,0.3122349130965705,0.33381529948915034,0.35936209283622844,0.360740859489623,0.3641948237572159,-0.012552614098220222,-0.011520969362332642,-0.012353934871844514,-0.0005815609217474475,0.014837208777387789,0.0008231281654131591,-0.006360246955599594,-0.007269588540531628,-0.008049393950491684,0.6269113,0.62001026,0.69996035,0.66755104,0.63963413,0.6175163,0.6051822,0.6519534,2026-10-05T01:32:39.901642
65,0.6664400100708008,0.5014073848724365,0.6896321140289307,0.6674200892448425,0.6896321140289307,0.7972774025917053,0.8779272473335266,1.8205945814132691,0.11594437026977539,3.2576219276428224,1.9999997299194336,1.0,10.0,,,,,0.5020114563941955,0.5020114563941955,,,,16.917843188476564,0.8971408954851187,0.08673412480931374,,0.0811524766550702,1.0896142172585628,0.14319384688879275,0.0012008399205062847,0.035434249195323626,1.1717977637697936,,0.002452221750685868,,74.9552993774414,18.13964113612084,,103.93988139158601,74.90847292371616,24.20308128891477,95.12120022135935,40.54752155474037,16.917832016185592,,0.6931470480694133,,0.07891624159873671,0.23011988183115697,,0.14080563832999796,0.09891561247930405,0.23941424318179963,0.006993295156224898,0.5156856224795056,0.23733867021502963,,,,0.23765,4753.0,0.6225341,0.6289166,0.6881339,0.7642575,0.65077883,0.6568081,0.68422437,0.6419959,0.5029500722885132,0.7536076884269715,0.6358500123023987,0.7536076884269715,0.162,162.0,0.36399146937075166,0.35582086827050474,0.3691228116897501,0.28041762586999863,0.2641117962143455,0.2865185346980743,0.34101353366768855,0.3421047706367013,0.3405637150993304,-0.029549530617110912,-0.030156146596862828,-0.027052307211163466,-0.015981964598145517,-0.013766899511949001,-0.014426953558949497,-0.025755567698034852,-0.026032834144371214,-0.02255516714864738,0.59,0.5963636,0.6717054,0.6480263,0.6955285,0.6019685,0.6027559,0.6632576,0.5017499923706055,0.7257922325134277,0.6488999724388123,0.7257922325134277,0.176,176.0,0.4291838632040107,0.41901902668597213,0.44129412351966374,0.34058744362203525,0.2929143452758281,0.33828502934454807,0.4032607042406987,0.40310821212235814,0.4031742689949384,0.014550838662126357,0.012990756329347226,0.01303469512745745,0.03383899383512792,0.04198463531062558,0.03228246889624213,0.008865694755372532,0.004948009760176638,0.004038146386130437,0.6443549,0.6463964,0.73759127,0.7003817,0.5841463,0.63026315,0.6069106,0.62846714,0.5023500323295593,0.7396999604701996,0.6423749923706055,0.7396999604701996,0.16899999999999998,169.0,0.3965876662873812,0.38741994747823844,0.4052084676047069,0.31050253474601697,0.2785130707450868,0.3124017820213112,0.37213711895419366,0.3726064913795297,0.3718689920471344,-0.007499345977492277,-0.008582695133757801,-0.007008806041853008,0.008928514618491203,0.014108867899338288,0.008927757668646317,-0.00844493647133116,-0.010542412192097287,-0.009258510381258472,0.6171774,0.62138,0.7046484,0.674204,0.6398374,0.6161158,0.60483325,0.64586234,2026-10-05T01:36:50.957355
66,0.6693751215934753,0.4976577162742615,0.6846010063648224,0.6692923307418823,0.6846010063648224,0.7946532419204712,0.8750115139007568,1.796709142303467,0.123275747692585,2.9625116436004637,2.0,1.0,10.0,,,,,0.5036779679298401,0.5036779679298401,,,,16.900893127441407,0.9437455434328431,0.08648496394039719,,0.08444084511820678,1.0929864897469805,0.14897959622418044,0.0012104772446546585,0.03601480528095346,1.4979812212430748,,0.0023240829413092344,,74.919922992682,18.116885628669884,,103.94214474623371,74.87385252934352,24.178953304412257,95.12451269064739,40.600013125474284,16.90086537257881,,0.6931471824645996,,0.0795024085766191,0.23095638195800175,,0.1418796842265281,0.09991666309203312,0.24184154268282992,0.007230866688546861,0.5209504035627766,0.24008539205144167,,,,0.2487,4974.0,0.61680037,0.628534,0.6870642,0.7779818,0.6538162,0.65624243,0.6869785,0.64503056,0.49889999628067017,0.7609223704338074,0.632099986076355,0.7609223704338074,0.178,178.0,0.3950811051165361,0.3949689863501119,0.40791993505354346,0.31983227308174933,0.27217764103377684,0.3286964717952014,0.38327094600374423,0.3813759297765377,0.3840020424135304,0.0046377708705639805,-0.0040087953584586125,0.0003510322893735406,-0.0003130579362598382,-0.012504725123078445,-0.01550095574595813,0.007642754325511155,0.005258871145057429,0.0071935982947155365,0.60550004,0.61636364,0.6643411,0.62730265,0.66097564,0.6271654,0.60551184,0.642803,0.5085501074790955,0.7363757758140564,0.6436499357223511,0.7363757758140564,0.188,188.0,0.4483396720031294,0.44759985714838857,0.4566514430881217,0.3765886177797619,0.36736637937661626,0.3804325173772895,0.44143120630188565,0.4432224662048338,0.4385604686513183,0.0055128988172642775,0.004213131615888249,0.005414259959424629,0.020214899469576345,0.030666776743549486,0.01726879528459212,0.001038902265222185,-0.0002661374075845719,-0.0015094232977628257,0.63508064,0.64774776,0.7357665,0.68053436,0.58089435,0.63903505,0.60040647,0.61970806,0.5037250518798828,0.7486490731239319,0.637874960899353,0.7486490731239319,0.183,183.0,0.4217103885598328,0.42128442174925024,0.4322856890708326,0.34821044543075563,0.3197720102051965,0.35456449458624545,0.41235107615281497,0.41229919799068576,0.41128125553242434,0.005075334843914129,0.00010216812871481845,0.0028826461243990848,0.009950920766658253,0.00908102581023552,0.000883919769316995,0.00434082829536667,0.0024963668687364286,0.0028420874984763553,0.62029034,0.6320557,0.7000538,0.6539185,0.62093496,0.6331002,0.60295916,0.6312555,2026-10-05T01:41:02.143846
67,0.6705973744392395,0.499524861574173,0.6819025333404541,0.6709949970245361,0.6819025333404541,0.7924936623573303,0.8726119765281677,1.7723042573928833,0.1070214826822281,2.95751495552063,1.9999982360839843,1.0,10.0,,,,,0.5089061586856842,0.5089061586856842,,,,16.878430807495118,1.1003641077097814,0.0998689137802572,,0.09523740075054063,1.0634349706066641,0.14353959535242647,0.0011789155443670573,0.03444859438878336,1.4635987198276885,,0.002523515895947037,,74.88463310679053,18.09656800434088,,103.94535949123893,74.83936319533427,24.154302244733092,95.1241141641216,40.65716023050296,16.878412914883558,,0.6931463043401196,,0.0802373561035296,0.2324751624066359,,0.14307502766323696,0.10085745962562075,0.2441472448171324,0.007317155780519839,0.5263925365581634,0.2421771119924108,,,,0.25265,5053.0,0.6265437,0.62494963,0.69619656,0.76753557,0.65136296,0.663394,0.6947145,0.64158857,0.49719998240470886,0.7495091943740845,0.6331999897956848,0.7495091943740845,0.18,180.0,0.28694378580554164,0.27121633988978133,0.2921718127447257,0.2865061842710942,0.2308425820042028,0.28284787297555103,0.2862643310489588,0.28354678831234376,0.28932219599654596,0.011979146483232008,0.011450910063814249,0.010999914597840908,0.01816228367479024,0.016031336928384807,0.01269037525865156,0.001479922830697355,0.004634895304769251,-0.0017180094370691874,0.591,0.6168182,0.6112403,0.6467106,0.67317075,0.61732286,0.63464564,0.66136366,0.49810004234313965,0.7301408705711365,0.6437000632286072,0.7301408705711365,0.188,188.0,0.36632643426072353,0.3680673780342898,0.3754552166596382,0.34354360106430615,0.3181851450132051,0.338818616170659,0.3979620013713858,0.3953495270244164,0.3955079212527493,0.013657606533320443,0.011989765635443007,0.013022595847010859,0.03189548904520477,0.0391092542681584,0.028193150498428094,0.02125463065621422,0.020152086373935528,0.01685354608232955,0.64193547,0.6364865,0.73467153,0.6770993,0.58821136,0.622807,0.6073171,0.6281022,0.49765001237392426,0.7398250324726106,0.638450026512146,0.7398250324726106,0.184,184.0,0.3266351100331326,0.31964185896203556,0.33381351470218196,0.3150248926677002,0.27451386350870394,0.310833244573105,0.3421131662101723,0.3394481576683801,0.3424150586246476,0.012818376508276226,0.011720337849628629,0.012011255222425883,0.025028886359997504,0.027570295598271604,0.020441762878539826,0.011367276743455787,0.01239349083935239,0.007567768322630181,0.6164677,0.62665236,0.67295593,0.66190493,0.63069105,0.620065,0.62098134,0.64473295,2026-10-05T01:45:13.494239
68,0.6698098182678223,0.5013375282287598,0.6828444780349732,0.6700350046157837,0.6828444780349732,0.7970677318572998,0.8776942781448365,1.7975088081359862,0.1301377572417259,2.9780445442199706,1.9999979125976564,1.0,10.0,,,,,0.5196799343585968,0.5196799343585968,,,,16.861914108276366,0.9814411676993036,0.0824869421850534,,0.08063043241098428,1.0984130465680626,0.14148679945119627,0.0011414077987888483,0.034421184331558316,1.3534561762004902,,0.0024726608957002343,,74.84934642816046,18.072641324085794,,103.95333862304688,74.80506785204456,24.130188243404316,95.12493736121306,40.71471244666227,16.861879166524123,,0.6931461437492613,,0.08099058493497266,0.23354439475354116,,0.14454180524227725,0.10183893191586633,0.2465203552489068,0.007344354694460038,0.53181087477192,0.24518228279557197,,,,0.24535,4907.0,0.6128709,0.6252115,0.6954834,0.7802133,0.65134346,0.66098994,0.68669504,0.6455601,0.5004499554634094,0.7452402844429016,0.6402000188827515,0.7452402844429016,0.167,167.0,0.30554697910153666,0.2755054832582202,0.2987156111297305,0.25974892712171294,0.18757393192056293,0.23243196405271663,0.28724607704201455,0.2724163240938077,0.2823221386940425,0.03789828931543576,0.030498521462956285,0.03249336771394292,0.05043710112984558,0.04993205986158575,0.044835699170330943,0.03649583214954632,0.03875545162507787,0.03911625683822856,0.6095,0.6086364,0.64883727,0.6519737,0.693496,0.6251969,0.61338586,0.65833336,0.5099999904632568,0.7171232886314393,0.6510000824928284,0.7171232886314393,0.178,178.0,0.382106245865359,0.36664050321787234,0.3887589513994023,0.3123004746766548,0.3106488806366677,0.3391611468591598,0.399098458483899,0.39317617067932487,0.3914749387912627,0.011812767700216038,0.015430567698924147,0.016949719160561805,0.02088423206352217,0.03851577426638487,0.02704825350980264,0.011594441202028878,0.010513071473956014,0.009995843087533143,0.64193547,0.64774776,0.74197084,0.68969464,0.6044715,0.6175439,0.6182927,0.6328468,0.5052249729633331,0.7311817865371704,0.6456000506877899,0.7311817865371704,0.1725,172.5,0.3438266124834478,0.3210729932380463,0.3437372812645664,0.28602470089918386,0.2491114062786153,0.28579655545593824,0.3431722677629568,0.3327962473865663,0.33689853874265263,0.0248555285078259,0.022964544580940216,0.024721543437252365,0.035660666596683877,0.044223917063985305,0.035941976340066795,0.024045136675787598,0.02463426154951694,0.02455604996288085,0.62571776,0.62819207,0.69540405,0.6708342,0.6489837,0.6213704,0.61583924,0.64559007,2026-10-05T01:49:24.779757
69,0.6734423637390137,0.49867984652519226,0.6752267736434937,0.673399806022644,0.6752267736434937,0.8060959710121155,0.8877256509780884,1.913844374847412,0.12698275216817856,2.9450046379089354,1.9999998184204102,1.0,10.0,,,,,0.5197467410564423,0.5197467410564423,,,,16.83564789123535,1.2182683987412484,0.0977108195946095,,0.0891839041831387,1.102328235176718,0.1475429560063751,0.0011378643829612785,0.03422039259628505,1.533657224504811,,0.0020709738882768686,,74.81445234748209,18.0541269824763,,103.95397210576732,74.77043657242113,24.104754211037022,95.12404029991976,40.79117302378272,16.835646404582224,,0.6931470921085139,,0.08162808005407357,0.2352256549961248,,0.1454306430877394,0.10277463827922845,0.24888493101687947,0.007438875553880338,0.538120998698435,0.24646072848966927,,,,0.2328,4656.0,0.62052923,0.62217075,0.69482964,0.7800553,0.6611371,0.66028285,0.6947752,0.65144604,0.5047500133514404,0.734269684791565,0.6438499689102173,0.734269684791565,0.16,160.0,0.3066376637582034,0.2864822465936935,0.30382364621204816,0.2922006653112611,0.21011029675727316,0.2638885957950573,0.32190640893447797,0.317443242401724,0.32200169149328806,0.01013623195516075,0.013335890135882652,0.013138559397710711,0.004222091006765941,0.0011371957463117025,0.009278966250685115,-0.00515036731384254,-0.005089019953432864,-0.0024293292111993393,0.6,0.61454546,0.62325585,0.67763156,0.7056911,0.630315,0.6066929,0.67386365,0.49939996004104614,0.713022901058197,0.6528500318527222,0.713022901058197,0.154,154.0,0.36691017036151435,0.3468047660480894,0.3690432922095573,0.3506298470258656,0.311340714894191,0.34658080612438447,0.39128418909184953,0.38680837397100515,0.3836460328176669,0.008295937172895165,0.010414334056587845,0.010639477306248691,0.0123363768162302,0.034189752617845834,0.010954464996073348,0.004238885790469649,0.004185827749273583,0.002958340143141445,0.63185483,0.63918924,0.73503655,0.7068702,0.606504,0.6315789,0.6272358,0.6313869,0.5020749866962433,0.723646292924881,0.6483500003814697,0.723646292924881,0.157,157.0,0.3367739170598589,0.31664350632089144,0.33643346921080275,0.32141525616856337,0.26072550582573206,0.3052347009597209,0.3565952990131638,0.3521258081863646,0.35282386215547745,0.009216084564027957,0.011875112096235249,0.0118890183519797,0.00827923391149807,0.017663474182078767,0.010116715623379232,-0.0004557407616864453,-0.0004515961020796406,0.0002645054659710529,0.61592746,0.62686735,0.6791462,0.69225085,0.65609753,0.630947,0.61696434,0.65262526,2026-10-05T01:53:36.109699
70,0.6721602082252502,0.5032773613929749,0.6771059267044067,0.6722222566604614,0.6771059267044067,0.8026900077819824,0.8839412459373475,1.8244070167541504,0.14118771641254424,2.890724565887451,1.9999976623535156,1.0,10.0,,,,,0.5234705865859985,0.5234705865859985,,,,16.820440075683592,1.132002714902732,0.08342408978492971,,0.08270200120083465,1.0934614438539858,0.14491610656118697,0.0010923059226405232,0.03313555106947756,1.4371799595037085,,0.0021418430278920065,,74.78050975435099,18.02932338350138,,103.95486916706061,74.73628278598665,24.079561719469204,95.12423832401349,40.85900125685771,16.820424839189858,,0.6931460192249079,,0.08249811277647687,0.2352022059783814,,0.146444803495316,0.10370615964672368,0.25103111422745283,0.007546530327623247,0.5439714538823267,0.24954851636081743,,,,0.23445,4689.0,0.6072775,0.611176,0.68975836,0.78860587,0.6658489,0.6618788,0.7032604,0.6477597,0.49445003271102905,0.7529235081672668,0.6326000094413757,0.7529235081672668,0.18,180.0,0.3421156310183109,0.3241290681536895,0.340941397884423,0.28595010124417897,0.25247844137406616,0.2748536004567177,0.31398033668623904,0.3067249626288226,0.31961507568048414,0.011826835557835945,0.003117083084428681,0.008985111634564514,0.017920043548071946,-0.0033965457962920305,0.010423217883672339,0.005709538417158832,-0.0010112629414207699,-0.00017225581666305945,0.611,0.59000003,0.6445736,0.64342105,0.69796747,0.61535436,0.5850394,0.6617424,0.49849995970726013,0.7336732611656189,0.6432999968528748,0.7336732611656189,0.173,173.0,0.389715322927731,0.37858847205116936,0.4026882840327883,0.3494913498878134,0.3022410958476957,0.35914752237475617,0.39735618071274875,0.3915684106793356,0.3906050139750969,0.011025176620625776,0.011493956063923389,0.013303588997213182,0.017435889528245374,0.03588909136686628,0.022791645115504945,0.0073816844844187286,0.006153130973063404,0.005960463328928142,0.6342742,0.63828826,0.7295621,0.6919848,0.5947155,0.61359656,0.60406506,0.6262774,0.4964749962091446,0.7432983846664429,0.6379500031471252,0.7432983846664429,0.1765,176.5,0.36591547697302096,0.35135877010242944,0.3718148409586056,0.3177207255659962,0.27735976861088096,0.31700056141573696,0.3556682586994939,0.3491466866540791,0.3551100448277905,0.011426006089230861,0.007305519574176035,0.011144350315888847,0.01767796653815866,0.016246272785287123,0.01660743149958864,0.00654561145078878,0.002570934015821317,0.002894103756132541,0.6226371,0.61414415,0.68706787,0.6677029,0.64634144,0.6144755,0.5945522,0.6440099,2026-10-05T01:57:46.965066
71,0.6735724806785583,0.4986174404621124,0.6730052245140076,0.6741346120834351,0.6730052245140076,0.7962739716529846,0.8768123245239258,1.7741094999313354,0.12582341641187667,2.84417816696167,2.0,1.0,10.0,,,,,0.5201847683429718,0.5201847683429718,,,,16.801570233154298,0.9483510813420746,0.07531420192473633,,0.08677363978805626,1.0984546940797453,0.13794843451517402,0.0011993665333427962,0.03410114162856606,1.246284944995953,,0.0026986681631726217,,74.74569935403812,18.006188702431455,,103.95325469970703,74.70165549114252,24.053393382175713,95.12233539751381,40.91880667133696,16.801553410329635,,0.6931471824645996,,0.08315853755565206,0.23663936821138784,,0.14725720569206652,0.10458036398242233,0.25321538850760006,0.007677199066895398,0.5493656765123841,0.25188601092927776,,,,0.253,5060.0,0.62169206,0.62138546,0.69364107,0.78809243,0.6621106,0.6635152,0.6957878,0.6446844,0.4954499900341034,0.75691353225708,0.630850076675415,0.75691353225708,0.206,206.0,0.36905026117735645,0.37640615008679457,0.38469189145306365,0.2787450624203616,0.2826744240595943,0.30660532430998955,0.34889273816559624,0.35250836755870724,0.35820458766711283,-0.01758067505524059,-0.027935675009307805,-0.01597804609599194,0.00752431221430774,-0.012513796904556342,0.01366566395828348,-0.005860304280026964,-0.006344763583153207,-0.006825744787787328,0.6065,0.5872727,0.64767444,0.64342105,0.70609754,0.5893701,0.5862205,0.6674242,0.4952999949455261,0.7148688268661499,0.6542499661445618,0.7148688268661499,0.193,193.0,0.4079779306684755,0.42405014094027776,0.4381461365888401,0.29116805031175436,0.29926247308599657,0.3404614154699607,0.36399041612050564,0.3682131674876468,0.37825264279306164,0.009845637976720766,0.00979019487150883,0.009250427004430822,0.01667857931863921,0.03509677721532135,0.025082855770961046,0.007423553207958798,0.005847984335282834,0.0026140364213400246,0.6415323,0.65675676,0.7635036,0.6931298,0.59837395,0.6399123,0.6073171,0.62153286,0.49537499248981476,0.735891179561615,0.6425500214099884,0.735891179561615,0.1995,199.5,0.38851409592291597,0.40022814551353614,0.4114190140209519,0.284956556366058,0.29096844857279547,0.32353336988997516,0.3564415771430509,0.36036076752317703,0.3682286152300872,-0.0038675185392599122,-0.009072740068899486,-0.0033638095457805585,0.012101445766473476,0.011291490155382503,0.019374259864622264,0.0007816244639659172,-0.0002483896239351864,-0.002105854183223652,0.62401617,0.62201476,0.70558906,0.6682754,0.65223575,0.6146412,0.5967688,0.64447856,2026-10-05T02:01:58.115818
72,0.6723375916481018,0.4997049868106842,0.676246003818512,0.6724675297737122,0.676246003818512,0.8042367098808288,0.8856598084449768,1.8484216125488282,0.1237471671462059,2.8961853099823,2.0,1.0,10.0,,,,,0.5123370212078094,0.5123370212078094,,,,16.787283474731446,1.0627040525150906,0.10004502069798245,,0.09472103106083384,1.0845200294142316,0.14307821973873552,0.0011485242414596686,0.03357918355258027,1.3594390435773096,,0.002406028870007121,,74.71030921693061,17.987664581104447,,103.95643610863169,74.66731874502389,24.02749864614693,95.1239210481097,40.97155518744402,16.787270175423593,,0.6931471824645996,,0.08380575610953532,0.23886135391368987,,0.14856286204544603,0.10548420829378116,0.255307650869819,0.007793147896956297,0.5543238281444379,0.254950934914267,,,,0.23805,4761.0,0.61794305,0.61397505,0.69001585,0.79160744,0.6562695,0.6608283,0.69266915,0.6544603,0.4980499744415283,0.7347972745895386,0.6438500285148621,0.7347972745895386,0.164,164.0,0.3809895196899426,0.3669292982531941,0.3828665755161185,0.3617112173355822,0.3137330785870732,0.34725804382362585,0.3536438812564227,0.35245836239531275,0.3464784335962957,0.005381253530461919,0.0014889556426522258,0.003564772548991123,0.02957023324685922,-0.0006427720128948516,0.02677096903987403,-0.00042756981174245996,-0.0034071808500659184,-0.004360148897315811,0.6125,0.585,0.67480624,0.66809213,0.7260163,0.5929134,0.61535436,0.65833336,0.5063499808311462,0.7161258316040039,0.6569499969482422,0.7161258316040039,0.161,161.0,0.426015145831392,0.4157970375558755,0.44002560958168546,0.3631298183522101,0.31362609023128063,0.3765221398091473,0.413142688224277,0.413854043647067,0.4211519407535521,0.00996902578078619,0.011234939262275022,0.012745599591662046,0.019562975519092723,0.028717514451660497,0.02224507516137012,0.0001731491477722103,-0.0005296627828916662,0.0007233066947099757,0.6439516,0.6554054,0.7288321,0.72480917,0.6097561,0.62631583,0.6321138,0.62335765,0.5021999776363373,0.7254615530967712,0.6504000127315521,0.7254615530967712,0.1625,162.5,0.40350233276066727,0.3913631679045348,0.41144609254890196,0.3624205178438962,0.3136795844091769,0.36189009181638654,0.38339328474034984,0.3831562030211899,0.3838151871749239,0.007675139655624054,0.006361947452463624,0.008155186070326585,0.02456660438297597,0.014037371219382823,0.024508022100622077,-0.00012721033198512483,-0.0019684218164787923,-0.0018184211013029178,0.6282258,0.62020266,0.7018192,0.69645065,0.6678862,0.6096146,0.6237341,0.64084554,2026-10-05T02:06:10.135589
73,0.677232563495636,0.49914517998695374,0.6684653525829315,0.677315354347229,0.6684653525829315,0.8028306829452515,0.8840975581169128,1.8409213228225707,0.10784269971251488,2.812553197479248,2.0,1.0,10.0,,,,,0.521466768026352,0.521466768026352,,,,16.77954825744629,1.2736712977479978,0.09714236804788375,,0.08499513189219365,1.0973465698919478,0.14120733410499658,0.0011593447303010899,0.033648243980707634,1.2901179061573782,,0.002348592875098623,,74.67656124625236,17.97573958232904,,103.9639476606041,74.63338839779993,24.005144544467804,95.12551204414125,41.005809176499675,16.77952354576937,,0.6931471824645996,,0.08459104459946322,0.24213709971707337,,0.14995717224042127,0.10639480885806357,0.25771234882105687,0.007914795522477217,0.5583894366671325,0.2587976305727746,,,,0.2415,4830.0,0.6143745,0.62100285,0.68775755,0.8061414,0.6636293,0.6666465,0.7096193,0.6471894,0.49685001373291016,0.7328162832260132,0.6504499912261963,0.7328162832260132,0.163,163.0,0.3586044727838072,0.34502503649315347,0.3608171667754529,0.3246514156676895,0.26541511207353613,0.31110541173679773,0.36311903306515214,0.3688086632589364,0.3674042473756576,-0.0031511971787137314,-0.0028725109068057264,-0.006117733853899945,-0.008981998005643858,0.008319918885273635,-0.009321116468472963,0.0050043394276201,0.002090738280721256,-0.0011563127930293076,0.605,0.59818184,0.6565892,0.6759868,0.73373985,0.6066929,0.6125985,0.6939394,0.5095999836921692,0.7093675718307495,0.6599500775337219,0.7093675718307495,0.173,173.0,0.4397786307808652,0.4307729451099178,0.450405013315988,0.33441351363640637,0.3121322297110045,0.34119770442319114,0.41634196063322504,0.4149646120837185,0.4146640296535193,0.010390883790704755,0.01434251075678115,0.012432495174644462,0.0204380187932413,0.033862392433523056,0.024100995719021037,0.005885340523899105,0.0039140657872861655,0.004388446408676699,0.6495968,0.6445946,0.7430657,0.7366412,0.5947155,0.6324561,0.62682927,0.63649637,0.5032249987125397,0.7210919275283814,0.6552000343799591,0.7210919275283814,0.16799999999999998,168.0,0.39919155178233623,0.38789899080153567,0.40561109004572043,0.32953246465204794,0.28877367089227035,0.3261515580799944,0.3897304968491886,0.3918866376713275,0.39103413851458846,0.003619843305995512,0.005734999924987712,0.0031573806603722586,0.0057280103937987215,0.021091155659398345,0.007389939625274037,0.005444839975759602,0.003002402034003711,0.0016160668078236957,0.6272984,0.6213882,0.69982743,0.706314,0.66422766,0.61957455,0.6197139,0.6652179,2026-10-05T02:10:21.150404
74,0.674805223941803,0.49995508790016174,0.672782923412323,0.6747477650642395,0.672782923412323,0.792688798713684,0.8728287948608399,1.7700428646087647,0.11671193604469299,2.673338289642334,2.0,1.0,10.0,,,,,0.5220067733287811,0.5220067733287811,,,,16.765772930908202,1.1812958255125459,0.1097325566728973,,0.10434074287012124,1.0717659725505075,0.14178261946246123,0.0011637056732823135,0.03448460076692378,1.2981071538606268,,0.002641574330783633,,74.64236178064043,17.95442388012151,,103.9740318249745,74.5992831576402,23.982423174912764,95.12728308416476,41.06365779706627,16.765745235856173,,0.6931471824645996,,0.08523872679775688,0.24196968175423372,,0.15141617558943998,0.10727589164569878,0.2600355852561392,0.008037483794199433,0.5635544558998885,0.2618821111454326,,,,0.2521,5042.0,0.6082598,0.6148208,0.6932449,0.8041074,0.6655179,0.6598586,0.7023289,0.64739305,0.4956500232219696,0.7383293452262878,0.6413001418113708,0.7383293452262878,0.205,205.0,0.38707219124270625,0.38014807869961575,0.41559624312589605,0.2983714431200408,0.23846219058120385,0.31866621496045155,0.34631204037336843,0.34748609078647047,0.3588986910603989,0.008010344911838073,-0.001855060177702572,0.003304579890109061,0.03018624646612877,0.02204042295550392,0.026680512229044922,0.005437768288753426,-0.0007275681574256578,-0.0005396556390429597,0.5925,0.5868182,0.65271324,0.67664474,0.73170733,0.6204725,0.57165354,0.6746212,0.502250075340271,0.6936186375617981,0.6640000343322754,0.6936186375617981,0.19,190.0,0.4178181630811454,0.4389860666060228,0.46426857769936203,0.29393525662451625,0.27333045867483396,0.3244341341865074,0.3801827972920761,0.3891097178261324,0.40202542492075255,0.006970462305247897,0.01004318705832866,0.009132520337821215,0.008377382853985905,0.03220518649744664,0.016804684991144656,0.007064809300908433,0.005568762315051515,0.004333295672156127,0.6459677,0.65450454,0.76204383,0.7385496,0.59308946,0.6342105,0.63821137,0.63029194,0.4989500492811203,0.7159739913940429,0.6526500880718231,0.7159739913940429,0.1975,197.5,0.40244517716192585,0.4095670726528193,0.43993241041262904,0.29615334987227854,0.2558963246280189,0.32155017457347945,0.36324741883272227,0.36829790430630144,0.38046205799057575,0.007490403608542985,0.004094063440313044,0.006218550113965138,0.019281814660057336,0.027122804726475283,0.02174259861009479,0.006251288794830929,0.0024205970788129284,0.0018968200165565836,0.61923385,0.6206614,0.7073785,0.70759714,0.6623984,0.6273415,0.6049324,0.6524566,2026-10-05T02:14:32.592433
75,0.6791675090789795,0.5002375841140747,0.6645778325557709,0.6792824864387512,0.6645778325557709,0.7875696979522705,0.8671409128189087,1.7290977460861205,0.11403741456270218,2.735083723449707,2.0,1.0,10.0,,,,,0.5266361456871033,0.5266361456871033,,,,16.746575424194337,1.0046517419966923,0.1019605388093716,,0.09863798450797227,1.0371403033566322,0.14301465912039873,0.0012453604451748454,0.03536134976656384,1.3431587559022722,,0.0025699916197458625,,74.60748048041278,17.93756956355587,,103.98339085670034,74.56552828649048,23.957795270688973,95.12615058072814,41.122830967994254,16.746568278901897,,0.6931471824645996,,0.08588350578478188,0.24361618717384945,,0.1528184269643893,0.10818684941074651,0.26203815629527827,0.008178025205281509,0.5688077078503408,0.2641994960748466,,,,0.2665,5330.0,0.617923,0.6171164,0.70009905,0.801481,0.6598326,0.66680807,0.7173349,0.6517108,0.49494999647140503,0.7253453078269958,0.6512500643730164,0.7253453078269958,0.209,209.0,0.3519597887712941,0.33699285411033747,0.3669345260176588,0.31244574736451525,0.2774364825896353,0.32600757062661595,0.3707869092234764,0.3704896259494505,0.37397912886243573,-0.011858156093100506,-0.013828923375831375,-0.010545365203700571,0.004708547822980373,0.022951762153988694,0.008238433953207629,-0.005186348729900903,-0.007627080803331768,-0.009915722998661822,0.59650004,0.5927273,0.64263564,0.6884869,0.7735773,0.61771655,0.5929134,0.6814394,0.48520004749298096,0.6863021140098572,0.6696500778198242,0.6863021140098572,0.196,196.0,0.39732213554222817,0.3784264038924476,0.4134573189937026,0.35758997358928724,0.3001116044449426,0.3571053081316835,0.402154871077291,0.3961053105062312,0.3954658253413521,0.010327143460368709,0.0166246270837864,0.01277545021222344,0.010207817577894001,0.03276647408297548,0.01655690060287862,-0.00017190102896360218,-0.0013566443330534207,-0.0031895752553022737,0.65685487,0.65720725,0.760219,0.7465649,0.60162604,0.6421053,0.6487805,0.62992704,0.490075021982193,0.7058237109184264,0.6604500710964203,0.7058237109184264,0.2025,202.5,0.3746409621567611,0.3577096290013925,0.3901959225056807,0.33501786047690124,0.28877404351728897,0.3415564393791497,0.3864708901503837,0.38329746822784083,0.3847224771018939,-0.0007655063163658988,0.0013978518539775131,0.001115042504261434,0.007458182700437186,0.027859118118482087,0.012397667278043124,-0.0026791248794322525,-0.004491862568192595,-0.006552649126982048,0.62667745,0.6249673,0.70142734,0.7175259,0.6876017,0.62991095,0.620847,0.6556832,2026-10-05T02:18:43.861678
76,0.6803050637245178,0.5011799931526184,0.663551656293869,0.6802297830581665,0.663551656293869,0.7839958765029907,0.8631699934959411,1.6852677402496339,0.1149623432278633,2.7375426433563232,2.0,1.0,10.0,,,,,0.5526906518936158,0.5526906518936158,,,,16.73159229736328,0.9718497237012644,0.09986994417894418,,0.09693195215266222,1.0561723120652946,0.1498943638459892,0.0012228221248443813,0.03562461464980226,1.6489799294122465,,0.0028449096409218374,,74.57373693186766,17.917183432609413,,103.99121069452565,74.53229367201496,23.938973542231665,95.12803854000796,41.21331658332971,16.7315903438884,,0.6931471824645996,,0.08673494968824326,0.24461807044828013,,0.1542301724670799,0.10914858720105165,0.26475659050759237,0.008234511443953605,0.575338007538182,0.26692999358389785,,,,0.26885,5377.0,0.6155373,0.6196738,0.6975238,0.8051738,0.6717874,0.66022223,0.7196233,0.6499389,0.49559998512268066,0.7524209609031677,0.6358498334884644,0.7524209609031677,0.199,199.0,0.3048865923523479,0.3003387608730874,0.3239595599259182,0.23848614713711136,0.22967166421507054,0.2631326150798963,0.24899009040881334,0.24222666209350963,0.2580050166942067,-0.007250792079276812,-0.012512786844868182,-0.008010021658061257,0.000927443170596811,0.003487984258879644,0.003582225488485735,0.002308891810360899,0.0019307509020643988,-0.001251296390774377,0.5835,0.60136366,0.65387595,0.65164477,0.72154474,0.6062992,0.5877953,0.6632576,0.4900999665260315,0.6940827107429505,0.6675499677658081,0.6940827107429505,0.186,186.0,0.396048682655047,0.4005310313383714,0.4110622332671536,0.3315380761294522,0.3013533448967679,0.33382544436568956,0.3794654771998771,0.3819541769408112,0.3831543948555978,0.011703865020423516,0.01111745947154002,0.01151373826205136,0.014850468451560624,0.026877681733865042,0.013701430145442589,0.004588065316237879,0.0027593799358649677,0.001441359595803299,0.66129035,0.6599099,0.76277375,0.72977096,0.596748,0.6469298,0.6333333,0.6361314,0.4928499758243561,0.7232518358230591,0.6516999006271362,0.7232518358230591,0.1925,192.5,0.35046763750369747,0.3504348961057294,0.3675108965965359,0.2850121116332818,0.26551250455591924,0.29847902972279294,0.31422778380434524,0.31209041951716043,0.32057970577490225,0.002226536470573352,-0.0006976636866640809,0.0017518583019950516,0.007888955811078718,0.015182832996372343,0.008641827816964162,0.0034484785632993894,0.002345065418964683,9.503160251446094e-05,0.62239516,0.6306368,0.70832485,0.69070786,0.65914637,0.6266145,0.61056435,0.6496945,2026-10-05T02:22:55.372360
77,0.6819044947624207,0.49740034341812134,0.6590970906257629,0.6822976469993591,0.6590970906257629,0.78698736743927,0.8664938712120056,1.6887638555526734,0.11040153583288193,2.9216172637939453,1.9999735710144042,1.0,10.0,,,,,0.5648687172889709,0.5648687172889709,,,,16.71993646850586,0.995320845181775,0.09589297211711194,,0.09277026912873718,1.0439993274060024,0.13726811974671235,0.0011553509812653776,0.03406536576759284,1.3330933157425777,,0.0025627518570084705,,74.53990032414721,17.894530666861563,,103.99573832712356,74.49839865326122,23.92005766121445,95.13215870462406,41.26287231931261,16.71992644534749,,0.6931340273018856,,0.08748289226156891,0.24522976188143347,,0.15537881689846136,0.11004846737642957,0.26744326265754215,0.008318191625557508,0.5799401368305181,0.27025451420978375,,,,0.26005,5201.0,0.6213112,0.61848575,0.698435,0.8072473,0.6691978,0.66608083,0.72140545,0.654053,0.4903000593185425,0.7439057927131653,0.6362000703811646,0.7439057927131653,0.208,208.0,0.34761508567981836,0.31498157982561104,0.3567623673900619,0.303520524453319,0.22207343940555005,0.30805077269586306,0.35083132803004874,0.34352980027712887,0.3449481804454817,0.013885244893582354,0.0031089840909139235,0.004099240809064119,0.035722484673174654,0.01618179314969731,0.01728878871277595,0.0025609485211411345,-0.0039308138220285165,-0.005569425109790754,0.5705,0.5813636,0.64224803,0.67006576,0.752439,0.6007874,0.57362205,0.6727273,0.4986000061035156,0.6949339647293091,0.6627500653266907,0.6949339647293091,0.207,207.0,0.38925361041362666,0.3668195956731544,0.4030807400133105,0.3535855320008332,0.2830788963640398,0.3534098698215243,0.4053980747746344,0.4007429180680643,0.39902760532539416,0.006949742907090982,0.017430969566645572,0.010890390463454974,0.01264751563457641,0.03587556338296992,0.013372288682781662,0.003649107950285482,0.003065210190266995,0.001982356680867895,0.6491935,0.66126126,0.760219,0.7145038,0.5890244,0.64605266,0.6337399,0.6354015,0.49445003271102905,0.7194198787212371,0.6494750678539276,0.7194198787212371,0.2075,207.5,0.3684343480467225,0.3409005877493827,0.37992155370168623,0.3285530282270761,0.2525761678847949,0.33073032125869367,0.3781147014023416,0.3721363591725966,0.37198789288543793,0.010417493900336668,0.010269976828779748,0.007494815636259547,0.024185000153875532,0.026028678266333614,0.015330538697778805,0.0031050282357133084,-0.00043280181588076076,-0.0017935342144614296,0.6098468,0.62131244,0.7012335,0.6922848,0.6707317,0.62342,0.60368097,0.6540644,2026-10-05T02:27:06.353382
78,0.6823126673698425,0.5006000399589539,0.6564256098270417,0.6829500198364258,0.6564256098270417,0.786223876953125,0.8656455513000488,1.6875378213882446,0.11330225880742073,2.786574324798584,1.9999757507324218,1.0,10.0,,,,,0.547361088180542,0.547361088180542,,,,16.70656242980957,1.0887736192174777,0.09871492951301633,,0.09361452472864822,1.0616989876054654,0.1391741097875082,0.001167326919796764,0.034931782858481836,1.3072601142962268,,0.0028305096230336175,,74.50519241041438,17.87294340437385,,104.00082645294772,74.46489632964894,23.901744660298537,95.13401289046949,41.31761526605886,16.706552128882926,,0.6931351127138563,,0.0880984135304287,0.2464007750438277,,0.1564293015914358,0.11094890250142213,0.27018933785948784,0.008474003363424425,0.5847290537919209,0.273362692184509,,,,0.2662,5324.0,0.6202486,0.6197141,0.6926902,0.81666666,0.6679128,0.6678182,0.7206966,0.65570265,0.5068499445915222,0.7042585425376892,0.6613499522209167,0.7042585425376892,0.176,176.0,0.3656216159651636,0.35154302249201147,0.37581110740502155,0.35569844270033396,0.3285108108474091,0.372588512567677,0.3450881861383972,0.3413712378013699,0.33676816981849966,-0.0008733742924452872,-0.00515591377371313,-0.006102185177647191,0.01318204693443459,0.005272697348048472,0.0027584880719893137,-0.01673105347128419,-0.01771171593579542,-0.021480575171602328,0.602,0.5863636,0.65581393,0.71546054,0.80406505,0.62874013,0.5984252,0.67083335,0.5015499591827393,0.6681912608146667,0.6780000329017639,0.6681912608146667,0.194,194.0,0.3729714233255678,0.3698414236415302,0.3955724220494254,0.31455388612048796,0.263946173934277,0.32497320021538917,0.3454931774030139,0.3490742291743069,0.35508640258187285,0.003315839154478529,0.00981817682955872,0.006624316110588351,0.0077111649778513576,0.020914048615576143,0.011069498962264826,0.0015222575794273893,0.00020150827750291305,-0.0020160362429394556,0.65483874,0.65630627,0.7609489,0.77328247,0.6162602,0.6381579,0.66747963,0.640511,0.5041999518871307,0.6862249016761779,0.6696749925613403,0.6862249016761779,0.185,185.0,0.3692965196453657,0.36069222306677085,0.38569176472722344,0.335126164410411,0.29622849239084303,0.3487808563915331,0.34529068177070554,0.3452227334878384,0.34592728620018626,0.0012212324310166209,0.002331131527922795,0.00026106546647058004,0.010446605956142973,0.013093372981812307,0.00691399351712707,-0.007604397945928401,-0.008755103829146254,-0.011748305707270892,0.6284194,0.6213349,0.7083814,0.74437153,0.71016264,0.633449,0.63295245,0.6556722,2026-10-05T02:31:17.298756
79,0.6835801005363464,0.49722763895988464,0.6550476972579956,0.6837795376777649,0.6550476972579956,0.7931835907936097,0.873378565120697,1.743047392654419,0.13179401372671126,2.781191187286377,2.0,1.0,10.0,,,,,0.5528347774505615,0.5528347774505615,,,,16.698078872680664,1.0157726342511024,0.10065300927562698,,0.09482093077081784,1.0563021793866614,0.14771965924341968,0.0011788707861979343,0.036222471677621076,1.2196852232620214,,0.0025189433323410727,,74.4713200368699,17.85622514129444,,104.00799944446345,74.43120900536799,23.88632962658147,95.13263750987447,41.40923904613325,16.698031941796565,,0.6931471824645996,,0.08887706621057669,0.24870411045612043,,0.15764099644247892,0.11185504268309113,0.27325778706058573,0.008563333279957437,0.5911722376847722,0.27731050883129144,,,,0.25825,5165.0,0.6149759,0.61546516,0.69690967,0.81925356,0.671067,0.66373736,0.7299109,0.65665984,0.5006500482559204,0.7294929819107056,0.6499999761581421,0.7294929819107056,0.197,197.0,0.3776368937385334,0.39616958513513073,0.41103317069211326,0.2532307964308454,0.2469998261079516,0.2721076895323007,0.3361601209698392,0.340350535941531,0.3581812135864644,0.005268446566321943,-0.004441702366894372,0.0003597465050928161,0.012310749678025331,-0.012952181975724607,0.008455555307447305,0.009226906133599085,-0.0012878664605292856,9.950314414132308e-05,0.5845,0.595,0.60968995,0.7174342,0.7882114,0.6149606,0.58385825,0.6757576,0.5072000026702881,0.6919853434562683,0.669499933719635,0.6919853434562683,0.181,181.0,0.41110914474393223,0.42542610013772825,0.4333418216211812,0.2898328193178807,0.2921473079395004,0.308231337222436,0.3469662576992783,0.3476499236808011,0.34985190082183554,0.006974716765471963,0.013319815630134171,0.010259719804941819,0.021120894484783232,0.038450799328942124,0.022541372228561375,0.007087823251367578,0.00786517356233797,0.004965637598861565,0.6508065,0.64099103,0.73868614,0.76755726,0.59308946,0.64736843,0.65365857,0.6478102,0.5039250254631042,0.7107391626834869,0.6597499549388885,0.7107391626834869,0.189,189.0,0.3943730192412328,0.4107978426364295,0.4221874961566472,0.27153180787436304,0.269573567023726,0.29016951337736835,0.34156318933455876,0.34400022981116607,0.35401655720414993,0.006121581665896953,0.004439056631619899,0.005309733155017317,0.01671582208140428,0.01274930867660876,0.015498463768004341,0.008157364692483331,0.003288653550904342,0.002532570371501444,0.61765325,0.6179955,0.674188,0.7424958,0.69065046,0.63116455,0.61875844,0.66178393,2026-10-05T02:35:29.351359
80,0.6825400590896606,0.49770745635032654,0.6583969096183777,0.6825851202011108,0.6583969096183777,0.7907743978500367,0.8707016837120056,1.7271705020904542,0.11823573484420777,2.691644955444336,2.0,1.0,10.0,,,,,0.5602820056915283,0.5602820056915283,,,,16.673727590942384,1.1348345587208013,0.10801545165146992,,0.10053693439075902,1.02165464534881,0.1433100439608097,0.0011658426396441973,0.036810981768189345,1.2469552884435957,,0.002680764281284361,,74.43766721494639,17.836599532206346,,104.01659602268487,74.39775022275889,23.865083439334942,95.13580720743556,41.43960459520862,16.673697866451967,,0.6931471824645996,,0.08968407086506011,0.25038099032678424,,0.1589091751416018,0.1127427826356736,0.27561941211390645,0.008775437333781248,0.5948743805004533,0.27900789232011053,,,,0.2695,5390.0,0.60667604,0.6122433,0.6836965,0.8288902,0.6762461,0.66472733,0.7288376,0.65692466,0.505899965763092,0.7143758306503296,0.6572499871253967,0.7143758306503296,0.211,211.0,0.30181785973541286,0.27786075174561575,0.3152654476989158,0.2966258713206684,0.25689119969528645,0.300788141409043,0.3407165557331403,0.34797827947803706,0.3406054969169776,-0.007777036570717842,-0.004200500897870126,-0.008972062940445414,-0.015405423336113817,0.0057350482410904,-0.00896162197174959,-0.009559057009114781,-0.005890125637858358,-0.007029438813204613,0.58,0.56,0.62868214,0.73125,0.8199187,0.6330709,0.5862205,0.67954546,0.49834996461868286,0.665263530254364,0.6812500357627869,0.665263530254364,0.215,215.0,0.40366052109108114,0.41411647121442013,0.43586071329308923,0.3185318382224374,0.2797795389345284,0.33114449832202464,0.3664178631293421,0.36234757994868516,0.3688307696880269,0.009216120139739522,0.011794291102017742,0.012499898017423709,0.01790339400697876,0.02125590041428162,0.021405555659314093,0.00020103253246424806,-0.001071593114912698,-0.0018427505573994603,0.6330645,0.6396396,0.76605844,0.8030535,0.6101626,0.66403514,0.68414634,0.6328468,0.5021249651908875,0.6898196804523469,0.6692500114440918,0.6898196804523469,0.213,213.0,0.352739190413247,0.3459886114800179,0.3755630804960025,0.3075788547715529,0.2683353693149074,0.3159663198655338,0.3535672094312412,0.3551629297133611,0.35471813330250224,0.0007195417845108397,0.003796895102073808,0.0017639175384891476,0.001248985335432472,0.01349547432768601,0.006221966843782251,-0.004679012238325266,-0.003480859376385528,-0.004436094685302036,0.6065322,0.5998198,0.6973703,0.7671517,0.7150407,0.648553,0.63518345,0.6561961,2026-10-05T02:39:41.454707
81,0.6869873404502869,0.5013203024864197,0.6476196569919587,0.6872949004173279,0.6476196569919587,0.7901799922943116,0.8700412362098694,1.7394252824783325,0.10441344747543335,2.6486127269744872,2.0,1.0,10.0,,,,,0.568232064151764,0.568232064151764,,,,16.654607122802734,1.0777032772067245,0.10814843865431797,,0.1053192021123543,1.0504554124774448,0.137481168054851,0.0011968940417104324,0.036361068297343646,1.0997449976813263,,0.003032230546847757,,74.40316330247624,17.812373932759474,,104.02837571065137,74.36359449252961,23.847693279290656,95.13295988823957,41.50445058543211,16.654584714561512,,0.6931471824645996,,0.09031888980204893,0.2509005678117655,,0.16043970007805308,0.1135321101470358,0.2781809851242478,0.00891720044432552,0.6001298199793336,0.28112287240423217,,,,0.2669,5338.0,0.60946274,0.61153847,0.70023775,0.8352883,0.68343073,0.6700202,0.72586066,0.6597149,0.5042999982833862,0.7095456423759461,0.6593500375747681,0.7095456423759461,0.198,198.0,0.35491777922117834,0.34564333288454024,0.374731307513997,0.3208385222168492,0.32202641648854524,0.34894371732149854,0.2883461736631221,0.284394135725106,0.2849500595970122,-0.012397656461993495,-0.009545253564682808,-0.01119844628593159,-0.0050830617017952676,0.009758541056345972,-0.007119183338746392,-0.013729051217928013,-0.01516466989312733,-0.013509437750984692,0.57850003,0.595,0.6306201,0.7407895,0.801626,0.61377954,0.6003937,0.67651516,0.5042499899864197,0.666335406780243,0.6827499866485596,0.666335406780243,0.201,201.0,0.404509235657587,0.40906627170351456,0.4301997482294504,0.34917273009913524,0.29484645200760823,0.3494072077404022,0.35789078919192513,0.35750319198124586,0.3579386318019577,0.01821069123376722,0.020242414759817536,0.02050683803571685,0.029208227359213145,0.03978267529652378,0.03416911048076848,0.008730959895381071,0.007160189607727081,0.004008188884423699,0.6572581,0.65630627,0.76386863,0.79236645,0.6109756,0.6513158,0.67154473,0.6419708,0.504274994134903,0.6879405245780945,0.6710500121116638,0.6879405245780945,0.1995,199.5,0.3797135074393827,0.3773548022940274,0.40246552787172374,0.33500562615799223,0.30843643424807676,0.34917546253095033,0.32311848142752364,0.32094866385317594,0.32144434569948493,0.0029065173858868615,0.005348580597567364,0.0046541958748926296,0.012062582828708939,0.024770608176434877,0.013524963571011045,-0.002499045661273471,-0.004002240142700124,-0.004750624433280497,0.61787903,0.62565315,0.6972444,0.76657796,0.70630085,0.6325477,0.6359692,0.659243,2026-10-05T02:43:53.087019
82,0.6881499290466309,0.5004576444625854,0.6467255876064301,0.68845534324646,0.6467255876064301,0.7914552056312562,0.8714581341743469,1.7437740570068359,0.1003204501748085,2.652634956741333,2.0,1.0,10.0,,,,,0.5706271113395691,0.5706271113395691,,,,16.646443853759767,1.116395498726778,0.10929280322543375,,0.10759452236875607,1.0211567066277667,0.14347105570564603,0.001244934570121395,0.036761128183478,1.218642763461277,,0.003030122801751213,,74.36942101739774,17.794905838693023,,104.03477949397579,74.32949221665692,23.82947671489351,95.13717228591821,41.566369026329866,16.64643318030485,,0.6931471824645996,,0.09110268694200334,0.2527089206276426,,0.16168221081518064,0.11440116038937477,0.28080510371809553,0.009073250553315612,0.6051115010194718,0.2848608199578182,,,,0.27485,5497.0,0.60601443,0.60877967,0.6887282,0.8421604,0.6897002,0.66561615,0.73770756,0.66617113,0.5001499652862549,0.7084397711753845,0.6585999727249146,0.7084397711753845,0.196,196.0,0.34917890219345277,0.36095271897314357,0.37323083997975437,0.26150096096409714,0.2699601163470915,0.2733949243377154,0.2621248084562453,0.2577090693570393,0.27065228980006345,0.006210031132020162,0.0022382346122169173,0.003843036195137268,0.009431279995994156,0.0020736241055625774,0.0010957190243090333,-0.004351379010314657,-0.00798003880229808,-0.007762077250596211,0.583,0.57863635,0.62868214,0.73914474,0.8211382,0.61732286,0.5909449,0.6723485,0.5003499388694763,0.6666052050590515,0.6817499995231628,0.6666052050590515,0.198,198.0,0.42292950707050875,0.4359266732897776,0.4479468545872987,0.34025008606081664,0.2876588924583228,0.333628875667471,0.34905286928820545,0.3467690723674465,0.3476529934798645,0.011637028518746139,0.013798321135492007,0.014880093938172165,0.024361218275563676,0.037254020860242515,0.03159548852657252,0.000777508051735388,-0.0027391803753633297,-0.000443009447562159,0.6508065,0.64954954,0.74635035,0.80190843,0.6097561,0.64912283,0.68414634,0.6459854,0.5002499520778656,0.687522488117218,0.6701749861240387,0.687522488117218,0.197,197.0,0.38605420463198076,0.3984396961314606,0.4105888472835265,0.3008755235124569,0.27880950440270713,0.3035119000025932,0.3055888388722254,0.3022390708622429,0.309152641639964,0.00892352982538315,0.008018277873854462,0.009361565066654717,0.016896249135778918,0.019663822482902545,0.016345603775440778,-0.0017869354792896344,-0.005359609588830705,-0.004102543349079185,0.61690325,0.61409295,0.6875162,0.7705266,0.7154472,0.6332228,0.6375456,0.65916693,2026-10-05T02:48:05.278033
83,0.6883848905563354,0.5020400881767273,0.6460419803142547,0.6889525651931763,0.6460419803142547,0.7929744948387146,0.8731462355613708,1.7369285362243652,0.1131993770301342,2.6901826320648192,2.0,1.0,10.0,,,,,0.5690108226776123,0.5690108226776123,,,,16.630631951904295,1.029309536810893,0.10305900333128917,,0.09942321756937701,1.0295223669641336,0.14204510939633772,0.0012350770630755099,0.037143298584944126,1.345829599032736,,0.002751814997241503,,74.33545820880089,17.773703131706093,,104.04062054870994,74.29558626405752,23.808831585440664,95.13743576730133,41.649763726884395,16.630622195590075,,0.6931471824645996,,0.09174449333719387,0.25381739674859743,,0.16283768386977493,0.11525591519797683,0.28306367955390055,0.009247847310724151,0.6111139476678933,0.28744998574256897,,,,0.2675,5350.0,0.6097233,0.613089,0.6892037,0.83937603,0.6891939,0.6706667,0.7312475,0.6664155,0.4995500147342682,0.6932697825431824,0.6682999134063721,0.6932697825431824,0.184,184.0,0.3759031405231917,0.351316225394471,0.37669509690612596,0.36703516831408695,0.35279118913173074,0.3720451715140964,0.32181498614480536,0.3129835927039616,0.3086885071222525,0.0013633132184565381,-0.0011947803361444143,-0.00011323182091052909,-0.00021732521011126374,-0.00943761578471889,-0.006689910684150844,-0.0169884260801415,-0.01870252921094099,-0.021051246032880014,0.583,0.57954544,0.6550388,0.75625,0.83617884,0.61141735,0.6188976,0.66439396,0.49024999141693115,0.6631039533615112,0.6853998899459839,0.6631039533615112,0.218,218.0,0.427707285042704,0.4320990739624373,0.44864737851406167,0.3517035257793616,0.318257154042866,0.361869524258499,0.3929714662021105,0.39771963980420927,0.39525012885130756,0.013674890724413306,0.017184948822328936,0.014869390177829083,0.026278734599837338,0.046247071353187785,0.02531944075811982,0.007246519854781248,0.005651341588618597,0.0030991212957885987,0.6576613,0.64144146,0.74635035,0.8125954,0.6219512,0.6526316,0.69634145,0.6379562,0.49490000307559967,0.6781868679523468,0.676849901676178,0.6781868679523468,0.201,201.0,0.40180521278294784,0.3917076496784542,0.41267123771009384,0.3593693470467243,0.33552417158729836,0.3669573478862977,0.3573932261734579,0.3553516162540854,0.35196931798678,0.007519101971434922,0.007995084243092261,0.007378079178459277,0.013030704694863037,0.018404727784234447,0.009314765036984488,-0.004870953112680125,-0.006525593811161196,-0.008976062368545708,0.6203307,0.6104934,0.70069456,0.78442276,0.72906506,0.63202447,0.65761954,0.6511751,2026-10-05T02:52:16.664197
84,0.6922448873519897,0.5017723441123962,0.639758073759079,0.6927775144577026,0.639758073759079,0.7904968440055847,0.870393293762207,1.7504255502700805,0.11302368104457855,2.560333002090454,1.9999969299316407,1.0,10.0,,,,,0.5668143033027649,0.5668143033027649,,,,16.619943255615233,1.0573471572938238,0.11159307799141878,,0.11487568082038764,1.0062533336080564,0.13884123863213382,0.0013036878792877505,0.038295714172777856,1.1142727053089507,,0.0030930859576554816,,74.3009794684732,17.75430829965385,,104.04828609782419,74.26199020094172,23.789138769647877,95.14115847447876,41.714214154869126,16.619931348569832,,0.6931456543837383,,0.09241750162498207,0.25574287183725153,,0.16390026650231354,0.11609762014856764,0.28538315121535285,0.009426443018968318,0.6161371382178774,0.2907001482453316,,,,0.27065,5413.0,0.61305135,0.6160693,0.6993661,0.85017776,0.68952495,0.67121214,0.7368975,0.6630143,0.5098000168800354,0.7170543818473816,0.6583499908447266,0.7170543818473816,0.222,222.0,0.31573394282212736,0.3181045733997662,0.3279632516631024,0.35137088364286906,0.34049177426072985,0.3512085373909874,0.23956295823008597,0.23528079899249593,0.2349593012020173,0.02048322353481586,0.021815932337822443,0.019286026409853173,0.06963020988263202,0.07836788467168432,0.07071905856588029,0.010698747878095062,0.008704362435914033,-0.00033728965336627986,0.5795,0.5609091,0.63914734,0.7463816,0.8239837,0.60787404,0.6110236,0.6564394,0.4929000437259674,0.6735704011917114,0.6797500252723694,0.6735704011917114,0.199,199.0,0.4098532547872708,0.4174521314639248,0.4300878422093319,0.34618431283885803,0.31298653748982636,0.34437052488523884,0.3511928610602726,0.34822326954883687,0.35160433172674216,0.009643742902004333,0.011309653466623703,0.009875704643701586,0.02428469916704367,0.03638609802373059,0.02660369554753314,-5.0524799485042946e-05,-0.0013676461629187433,-0.0030122596968676723,0.63991934,0.6445946,0.7635036,0.7935115,0.60081303,0.6504386,0.68373984,0.64343065,0.5013500303030014,0.6953123915195465,0.669050008058548,0.6953123915195465,0.21050000000000002,210.5,0.3627935988046991,0.36777835243184553,0.37902554693621715,0.3487775982408635,0.32673915587527813,0.3477895311381131,0.2953779096451793,0.2917520342706664,0.29328181646437973,0.015063483218410096,0.016562792902223074,0.01458086552677738,0.04695745452483785,0.057376991347707455,0.048661377056706714,0.00532411153930501,0.003668358136497645,-0.0016747746751169762,0.6097097,0.60275185,0.7013255,0.7699466,0.7123984,0.62915635,0.6473817,0.649935,2026-10-05T02:56:28.258605
85,0.6941102743148804,0.5005726218223572,0.6374336105823517,0.6944073438644409,0.6374336105823517,0.7789344084739686,0.8575461405754089,1.65917891330719,0.1054297067463398,2.5187593654632567,2.0,1.0,10.0,,,,,0.5812790411949158,0.5812790411949158,,,,16.615790036010743,1.050380224824711,0.1169225949865238,,0.11417895909042874,1.0214613721628858,0.13979925198634718,0.0013005169769185507,0.039127658643303025,1.0489448208338137,,0.0029167130728145457,,74.26776608995571,17.739753528765053,,104.05980322771012,74.22914371368991,23.77340118748367,95.14116114719658,41.80357924540331,16.615797018549245,,0.6931471824645996,,0.09329579960388742,0.2576461219863527,,0.1653647912535698,0.11704168938527441,0.2881209518119788,0.009563413561339591,0.6221196579325731,0.2948659299665196,,,,0.2948,5896.0,0.6106456,0.61004835,0.6968899,0.85894555,0.693127,0.671798,0.7429121,0.6679226,0.5006500482559204,0.7001111521720886,0.6648499965667725,0.7001111521720886,0.238,238.0,0.33032942613988114,0.34587375410447174,0.3569761733764533,0.22642058242547902,0.2657294372338067,0.2516982278820221,0.2764122564734317,0.28717396127852596,0.2930601995735532,0.00030454896922650485,0.0007871596533729699,-0.0001389046733007196,0.01014389943963885,0.006034592833921458,0.011503400434806361,0.00635423469454175,-0.00045271717313604163,-0.0033595607297126776,0.5795,0.58818185,0.6430233,0.7611842,0.7902439,0.62362206,0.6066929,0.68257576,0.5028001070022583,0.6532554159164429,0.6865498423576355,0.6532554159164429,0.255,255.0,0.41474692625311355,0.4206864624358344,0.4383759906369955,0.32274416480223,0.28143532572377333,0.32417439269071907,0.3574377206721827,0.3576993392008949,0.3523846556489103,0.010280595797365772,0.01261616614690426,0.012622037794578276,0.024415504855093688,0.038554212738080684,0.02759842951465086,0.0023230213829147587,0.0009375861452097792,0.00048266848935501973,0.65846777,0.6513514,0.7682482,0.8133588,0.61544716,0.6513158,0.67357725,0.6423358,0.5017250776290894,0.6766832840442658,0.675699919462204,0.6766832840442658,0.2465,246.5,0.3725381761964973,0.3832801082701531,0.39767608200672444,0.2745823736138545,0.27358238147879,0.28793631028637057,0.3169249885728072,0.32243665023971047,0.32272242761123177,0.0052925723832961385,0.006701662900138614,0.006241566560638778,0.01727970214736627,0.02229440278600107,0.019550914974728613,0.004338628038728254,0.0002424344860368688,-0.001438446120178829,0.61898386,0.6197666,0.7056358,0.7872715,0.7028456,0.63746893,0.64013505,0.6624558,2026-10-05T03:00:40.079825
86,0.6954601407051086,0.5002024173736572,0.6350263622760772,0.6957448720932007,0.6350263622760772,0.7811440917015076,0.8600013409614563,1.6726248178482055,0.12490878957509995,2.6027544597625734,2.0,1.0,10.0,,,,,0.5814413718223572,0.5814413718223572,,,,16.61360372619629,1.080533004775169,0.11279783260290789,,0.11632603077087433,1.025694210438212,0.1385589179339682,0.0013411346419601683,0.04005565815812843,0.9684932708360587,,0.003524951839591169,,74.23555332839868,17.719429866523498,,104.06918816050147,74.19579179119911,23.757330536083053,95.14061119905702,41.87473717464763,16.61362797439478,,0.6931471824645996,,0.09413139384453463,0.2581993265516439,,0.16671036212307633,0.11796740153033262,0.29077638979930026,0.009659605931229652,0.6273208002375948,0.2990983138038854,,,,0.2909,5818.0,0.61072576,0.615445,0.6960182,0.8638626,0.6883762,0.6771111,0.741292,0.67034626,0.4883999526500702,0.6923881278038025,0.671549916267395,0.6923881278038025,0.233,233.0,0.3476688113754648,0.3312999506510611,0.35459598848349666,0.3220032032154946,0.2858240712015665,0.32777569046065635,0.27062205121438004,0.26674512050524096,0.26259951310894714,0.006142910527852818,0.004473684204737767,0.0055846397662471245,0.019946050956114948,0.02256040584552323,0.012309711827640662,9.21500044838234e-06,-0.0023652167729832016,-0.004111222183551296,0.59550005,0.57454544,0.6639535,0.77236843,0.800813,0.62874013,0.6330709,0.65909094,0.5017499923706055,0.6422034077644349,0.6977499723434448,0.6422034077644349,0.239,239.0,0.3856551877524873,0.39984340925949496,0.415695675968486,0.2926093562211137,0.2588615073830437,0.29812868997136804,0.3350353679924571,0.3374707522064369,0.3350963765251993,0.011866479877961586,0.015505072484802889,0.013831763593358111,0.027824218251721954,0.04041861909229631,0.027791912885038607,0.0019417087000334172,0.001076848430276451,-0.00039881025432933465,0.67217743,0.6554054,0.7908759,0.81984735,0.6317074,0.66184217,0.6808943,0.649635,0.49507497251033783,0.6672957677841187,0.6846499443054199,0.6672957677841187,0.236,236.0,0.36666199956397605,0.36557167995527806,0.3851458322259913,0.30730627971830415,0.2723427892923051,0.31295219021601217,0.30282870960341857,0.30210793635583894,0.2988479448170732,0.009004695202907202,0.009989378344770327,0.009708201679802618,0.023885134603918452,0.03148951246890977,0.020050812356339633,0.0009754618502408998,-0.0006441841713533753,-0.0022550162189403154,0.6338388,0.61497545,0.7274147,0.7961079,0.7162602,0.64529115,0.6569826,0.654363,2026-10-05T03:04:51.238985
87,0.69870525598526,0.4987374544143677,0.63072672123909,0.6993125677108765,0.63072672123909,0.7727774836540222,0.8507051136016845,1.6255003952026368,0.12349705880880356,2.4928616752624513,2.0,1.0,10.0,,,,,0.5795111906051635,0.5795111906051635,,,,16.605212307739258,1.086761218442279,0.1085787359031902,,0.12479133575347959,1.0563368081666862,0.14439438131584484,0.0014103219765060505,0.042254860518844264,1.0688225695282032,,0.0038273478287218768,,74.20277545710279,17.69972919051055,,104.07790909299425,74.16304045270203,23.743046608700116,95.14144037331745,41.963694748605135,16.605226383087743,,0.6931471824645996,,0.09496213937071478,0.2595209754576349,,0.16791177877954616,0.11888661994865746,0.29354745548242217,0.009796319517550195,0.6331610000057585,0.30268006377918705,,,,0.30845,6169.0,0.6106255,0.61840516,0.701981,0.86429703,0.6941394,0.67896974,0.74945325,0.6738289,0.5027000308036804,0.6887815132141113,0.6716500520706177,0.6887815132141113,0.254,254.0,0.3340668310203469,0.3169519945729512,0.3472248122738855,0.313017365072046,0.2627029199410058,0.32499780410908274,0.2782713466580206,0.2749192386692206,0.2770330277380508,0.005107528566085059,-0.007531227288917816,-0.00021791552752626077,0.03730140364028714,0.019515853618872023,0.03343747662278913,0.005345012396245713,-0.0005071349861170073,-4.6479310577884936e-05,0.6205,0.57454544,0.6713178,0.76085526,0.80650413,0.62992126,0.6019685,0.67045456,0.4985499978065491,0.6346004137992859,0.7002999186515808,0.6346004137992859,0.25,250.0,0.3814185563860572,0.4017257183728119,0.411014310959304,0.2839159171478164,0.25825550828030114,0.2872887021291287,0.3181320057795434,0.3177078464642627,0.3198711889154181,0.010973257942731907,0.014560962102144906,0.013015489165758582,0.013738505525576058,0.03556478402853139,0.02108682906185382,0.006426936332324652,0.004199804070321536,0.0009995635121671294,0.675,0.66801804,0.8076642,0.8122138,0.6219512,0.65789473,0.68617886,0.65328467,0.5006250143051147,0.6616909635066985,0.6859749853610992,0.6616909635066985,0.252,252.0,0.35774269370320205,0.35933885647288155,0.37911956161659477,0.2984666411099312,0.26047921411065345,0.30614325311910573,0.298201676218782,0.29631354256674164,0.2984521083267344,0.008040393254408484,0.003514867406613545,0.00639878681911616,0.0255199545829316,0.027540318823701705,0.027262152842321474,0.005885974364285182,0.0018463345421022642,0.00047654210079462226,0.64775,0.62128174,0.739491,0.78653455,0.7142277,0.643908,0.6440737,0.66186965,2026-10-05T03:09:02.645220
88,0.702357292175293,0.5016874670982361,0.6256277813911438,0.7024850845336914,0.6256277813911438,0.7755863954544068,0.8538261278152466,1.6311755617141723,0.114462645727396,2.4774497688293455,2.0,1.0,10.0,,,,,0.5884083393096924,0.5884083393096924,,,,16.603509729003907,0.9483676104788568,0.10943705493667323,,0.12247492930596801,1.0468326710212004,0.13987397385915373,0.001479841728700669,0.04364923552675232,0.9795530797189967,,0.0035034970839724396,,74.16873144647877,17.680452358950475,,104.08920229772095,74.13049671148798,23.730338491451967,95.14095461900067,42.06601977500186,16.603501605380114,,0.6931471824645996,,0.09565590663700346,0.2605985158188328,,0.16918382893322378,0.11981196886604759,0.29644539705507317,0.009868016430906429,0.6395352452423921,0.3070514800062605,,,,0.31345,6269.0,0.6156977,0.61763996,0.7038431,0.8734794,0.70029205,0.677899,0.7522276,0.6757637,0.49590006470680237,0.6591531081199646,0.6859999895095825,0.6591531081199646,0.292,292.0,0.34372816236575604,0.35421835648347755,0.3639349643565581,0.25540837010112727,0.23225739858830194,0.27509807806636305,0.24203176343918537,0.23895345783696995,0.2465053833920938,-0.0008408385212755757,0.0049970702008614015,0.0008898156343477519,0.01184455377832874,0.0176934058700512,0.003786084380165371,0.0035766731013569773,6.067712738079935e-05,-0.004590697799526209,0.623,0.5777273,0.6992248,0.79375,0.82682925,0.62362206,0.6330709,0.6666667,0.5000500082969666,0.6216288189888001,0.7073498964309692,0.6216288189888001,0.28,280.0,0.4242488629038176,0.4453761493421349,0.456326997221289,0.30071008253996534,0.24836565703468788,0.32063499373912,0.35497088461894255,0.35639444775482537,0.35031904572777983,0.008136793249324866,0.014374306215437796,0.011406749947107383,0.028188856979373417,0.04375102462251319,0.028591582629908005,0.0015404712970452947,0.0003988630114123526,-0.0044504702258881205,0.67903227,0.6693694,0.78868616,0.8328244,0.63861793,0.6644737,0.71097565,0.65656936,0.49797503650188446,0.6403909635543823,0.6966749429702759,0.6403909635543823,0.28600000000000003,286.0,0.38398851263478684,0.3997972529128062,0.4101309807889235,0.2780592263205463,0.2403115278114949,0.29786653590274154,0.29850132402906393,0.29767395279589765,0.29841221455993683,0.0036479773640246452,0.0096856882081496,0.006148282790727567,0.020016705378851078,0.030722215246282197,0.01618883350503669,0.002558572199201136,0.000229770069396576,-0.0045205840127071645,0.6510161,0.6235484,0.7439555,0.8132872,0.7327236,0.64404786,0.6720233,0.661618,2026-10-05T03:13:13.660797
89,0.7059975862503052,0.499512642621994,0.619556801366806,0.7061123251914978,0.619556801366806,0.7697454257965088,0.8473361580848694,1.6080546588897706,0.10849894693493843,2.30667503490448,2.0,1.0,10.0,,,,,0.5819580863952637,0.5819580863952637,,,,16.606640188598632,0.8748266560256861,0.10387090327823238,,0.1266487590778785,1.0350440527982772,0.1432014954317907,0.0014755685434077576,0.044824839219640776,1.0687886372113684,,0.004506022221046191,,74.1354438150005,17.661419133471835,,104.10446264181927,74.0973268253788,23.715646974600045,95.1425797286307,42.18269882688097,16.606627786235446,,0.6931471824645996,,0.09640844204243582,0.26199555074333386,,0.17063071820766304,0.12068200400870317,0.2991208124692273,0.009964570681902634,0.6465245170198428,0.31175055720244244,,,,0.32555,6511.0,0.6152165,0.61469996,0.7074287,0.8774092,0.7123442,0.6832526,0.7538275,0.6814257,0.506600022315979,0.6526395392417907,0.6920000314712524,0.6526395392417907,0.295,295.0,0.32229170854549843,0.3214791080315775,0.35268479570558225,0.22287112450227772,0.16577525529923057,0.25381613203547165,0.20644165737233108,0.19484281972705086,0.2024768138666408,-0.010676564780481563,-0.0020747620520565014,-0.007833495718996983,-0.007107157316582276,0.003450523005191017,-0.003569902569513328,-0.016107662703096583,-0.017362861839443102,-0.0199486808894962,0.635,0.58818185,0.6992248,0.7917763,0.83739835,0.634252,0.63188976,0.6776515,0.49434998631477356,0.6192466292381287,0.7090000510215759,0.6192466292381287,0.268,268.0,0.4101533727679424,0.43601874058877643,0.4449168160124622,0.28103989854601746,0.25613219236555335,0.304910330779447,0.3363249389977937,0.33508790489532936,0.33487306009672574,0.0013726940273656866,0.009538060363716589,0.0045665510027854865,0.01887020518063253,0.049923985238198174,0.02216547291252032,-0.0008018322175666006,-0.0017484678289186942,-0.00453652284851778,0.67419356,0.6693694,0.80656934,0.83473283,0.6414634,0.6609649,0.7101626,0.65437955,0.5004750043153763,0.6359430842399597,0.7005000412464142,0.6359430842399597,0.2815,281.5,0.36622254065672044,0.3787489243101769,0.3988008058590222,0.2519555115241476,0.21095372383239197,0.27936323140745933,0.2713832981850624,0.2649653623111901,0.26867493698168327,-0.004651935376557938,0.003731649155830044,-0.0016334723581057481,0.005881523932025127,0.026687254121694596,0.009297785171503495,-0.00845474746033159,-0.009555664834180898,-0.01224260186900699,0.6545968,0.6287756,0.7528971,0.8132546,0.7394309,0.64760846,0.6710262,0.6660155,2026-10-05T03:17:25.236870
90,0.7074799537658691,0.49948281049728394,0.615902657699585,0.7075873017311096,0.615902657699585,0.7694103708267211,0.8469638778686523,1.6097371517181396,0.12255297214984893,2.337992650604248,2.0,1.0,10.0,,,,,0.5967171414375305,0.5967171414375305,,,,16.604243218994142,0.8559122053301258,0.10349605282305911,,0.12550564653649451,1.028606498317354,0.13785878528550172,0.001438648242334343,0.04458680708601976,0.9238361405908682,,0.00421749994327065,,74.10321093516744,17.640351228653245,,104.11530925969409,74.0643968035461,23.700539157648755,95.14423486989016,42.273268389853705,16.604262443105128,,0.6931471824645996,,0.09723703188311522,0.262657391417558,,0.1718682434148849,0.12154051191677713,0.3016930135192385,0.010028438814648778,0.6523201196057022,0.31580213129900064,,,,0.32895,6579.0,0.61393344,0.61393476,0.70861727,0.88161534,0.7175428,0.68589896,0.7563791,0.6792872,0.49674999713897705,0.6627295460700989,0.6859501004219055,0.6627295460700989,0.315,315.0,0.425382150760476,0.43403499193984213,0.45439602150000497,0.25905732695015843,0.1957310214241472,0.25959682088821934,0.3433186260608701,0.34029684417761763,0.3483425136850842,0.03356254520015077,0.03316024650150467,0.02882397239465129,0.01677978385025257,0.0254947843304182,0.007684257203525452,0.013143763658535167,0.011823088338473082,0.002089669767726476,0.635,0.5954546,0.6534884,0.8,0.8313008,0.6251969,0.6507874,0.657197,0.500950038433075,0.6238026556968689,0.7100000381469727,0.6238026556968689,0.303,303.0,0.3999757937985065,0.41070358739609547,0.42484776277998054,0.29859612383574496,0.20567166440665693,0.28572975104500586,0.3481453933384494,0.34195137699031203,0.34083128533075585,0.014197452912320078,0.006087906552575591,0.009446349550188887,0.029241811845110526,0.04005671711845529,0.03053061660798665,0.0071822258782492324,0.0020024306098124635,-0.004112967276783203,0.6669355,0.6486486,0.7967153,0.8442748,0.653252,0.6649123,0.7142276,0.6682482,0.498850017786026,0.6432661008834839,0.6979750692844391,0.6432661008834839,0.309,309.0,0.41267897227949124,0.42236928966796883,0.43962189213999275,0.2788267253929517,0.20070134291540206,0.2726632859666126,0.3457320096996598,0.34112411058396486,0.34458689950792,0.023879999056235425,0.01962407652704013,0.019135160972420087,0.02301079784768155,0.032775750724436746,0.019107436905756052,0.010162994768392199,0.006912759474142773,-0.0010116487545283634,0.6509677,0.6220516,0.7251018,0.8221374,0.74227643,0.6450546,0.6825075,0.6627226,2026-10-05T03:21:37.183060
91,0.7104822397232056,0.49933984875679016,0.611164327287674,0.7107046842575073,0.611164327287674,0.763725263595581,0.8406470918655395,1.5655729906082154,0.1035671765446663,2.33760547542572,2.0,1.0,10.0,,,,,0.6133374649047851,0.6133374649047851,,,,16.604090533447266,0.8620196127208175,0.11033965102663845,,0.13232361817151117,0.9922859904113089,0.14641732791331924,0.001535713095381073,0.046753603146429276,1.0521505831912825,,0.0043142236534514985,,74.07014018259231,17.618646147904123,,104.12305226903052,74.03139520147045,23.684676553033718,95.14432107718886,42.34090066411692,16.604111325209306,,0.6931471824645996,,0.09805488458294777,0.2635588454213112,,0.1729710655417412,0.1223992079876031,0.3041083970267302,0.010120694383172093,0.6571720474085231,0.31991334287983597,,,,0.34195,6839.0,0.6172414,0.6175393,0.70942944,0.8892772,0.7182827,0.687899,0.76079386,0.6817108,0.503600001335144,0.6475926690101623,0.6977999210357666,0.6475926690101623,0.316,316.0,0.3801823873143515,0.3782712469677875,0.4057954175572066,0.26507297662627394,0.1861703157086048,0.28955951649573974,0.25287560982510077,0.2320375985292051,0.23753961224682665,0.008949509956919179,0.015518003303853218,0.010550464103647262,0.01225930275216693,0.02515530811504337,0.008205302547895893,0.0032123426285473526,-0.00259097096327642,-0.008235157170225708,0.66150004,0.6209091,0.6914729,0.7898027,0.8341463,0.6409449,0.64921266,0.6640152,0.4924500286579132,0.6180183234214782,0.7149000763893127,0.6180183234214782,0.295,295.0,0.42579338460173627,0.45027852173292693,0.45636913143572533,0.3011612033417971,0.21236653709083567,0.30694061866084316,0.3446268387130278,0.33955474575911987,0.3326189917062979,0.014085168338164046,0.01807621326658728,0.014789388968413177,0.028723085972790136,0.04419253444962548,0.026345934179090542,0.008412380751293407,0.0069004083774385164,0.001363695739420473,0.6766129,0.66531533,0.8094891,0.84351146,0.67195123,0.65087724,0.7113821,0.6671533,0.4980250149965286,0.6328054962158203,0.7063499987125397,0.6328054962158203,0.3055,305.5,0.4029878859580439,0.4142748843503572,0.43108227449646597,0.2831170899840355,0.19926842639972023,0.2982500675782914,0.2987512242690643,0.2857961721441625,0.2850793019765623,0.011517339147541612,0.01679710828522025,0.012669926536030218,0.02049119436247853,0.03467392128233442,0.017275618363493218,0.00581236168992038,0.002154718707081048,-0.003435730715402618,0.6690565,0.6431122,0.750481,0.81665707,0.7530488,0.6459111,0.6802974,0.6655842,2026-10-05T03:25:48.774319
92,0.7123802304267883,0.502052903175354,0.6075220047950745,0.7121850848197937,0.6075220047950745,0.7583426707267761,0.8346664323806763,1.5323470657348632,0.10341971822977065,2.3071865182876587,2.0,1.0,10.0,,,,,0.6222278190612793,0.6222278190612793,,,,16.601436376953124,0.8275097625650418,0.10619759386417213,,0.13424708535242233,0.9951961321435916,0.14064165344758398,0.0015347305278198876,0.04719976510164464,1.0067293569920168,,0.0041066097539766535,,74.03733811105133,17.599177658178245,,104.1321648761725,73.99896959438445,23.67289516424677,95.14666616840726,42.447548228464306,16.60143390582625,,0.6931471824645996,,0.0989643638585783,0.26502929067915415,,0.1741396578823685,0.12327097940027334,0.3069309385339166,0.010269676163128226,0.6635054304341602,0.32374476057708645,,,,0.3577,7154.0,0.61984766,0.61453885,0.7017829,0.89148897,0.7288746,0.688202,0.7613406,0.6878004,0.5032000541687012,0.6650143294334412,0.6886999607086182,0.6650143294334412,0.342,342.0,0.3324203478657163,0.4230997411937149,0.3989870668280968,0.1549873413818717,0.19049062813528697,0.1886474266934055,0.22626545266028633,0.23170645669365514,0.253584386810384,0.0005371491184586653,0.01801649234357162,0.005233829343533545,-0.008033337129788605,0.011914077510455378,-0.012158902236006554,-0.011846089118828795,-0.00663314547082248,-0.011786681561461178,0.6475,0.62954545,0.68217057,0.7707237,0.797561,0.6397638,0.6448819,0.6689394,0.49750006198883057,0.6152504796981811,0.7117499709129333,0.6152504796981811,0.32,320.0,0.41684767793606436,0.45538837415936423,0.45274550995805013,0.25887945523640876,0.20258356355178475,0.2624038355231583,0.3186622158742499,0.3197193800787207,0.30732531575720934,0.015713329079079384,0.0202993123319268,0.01817516200455061,0.02865262983604356,0.04850475143124227,0.02852121023369513,0.008829207484845749,0.006300295543407594,0.0018106162551394182,0.68709683,0.67072076,0.8010949,0.8206107,0.6512195,0.67456144,0.7093496,0.66131383,0.5003500580787659,0.6401324045658112,0.7002249658107758,0.6401324045658112,0.331,331.0,0.3746340129008903,0.43924405767653957,0.4258662883930735,0.20693339830914023,0.19653709584353585,0.22552563110828192,0.2724638342672681,0.27571291838618794,0.28045485128379666,0.008125239098769024,0.019157902337749208,0.011704495674042078,0.010309646353127477,0.030209414470848822,0.008181153998844289,-0.0015084408169915228,-0.00016642496370744293,-0.00498803265316088,0.66729844,0.65013313,0.7416327,0.7956672,0.72439027,0.6571626,0.67711574,0.6651266,2026-10-05T03:30:00.336264
93,0.7137102484703064,0.5031775832176208,0.6059293448925018,0.7136550545692444,0.6059293448925018,0.7526560940742493,0.8283480154037476,1.5082895277023316,0.09949537256956101,2.2277132135391233,2.0,1.0,10.0,,,,,0.6254012137413025,0.6254012137413025,,,,16.59624375,0.8775742524748396,0.10299765878612069,,0.1441072720536001,0.9697529707744623,0.13459716424061235,0.0016463994538666574,0.04860251242662691,0.9286949550080451,,0.00527252939178988,,74.00430613718216,17.57777040323634,,104.14270427728155,73.96633279399508,23.661881137046084,95.14376102131644,42.56175562378707,16.596227232817633,,0.6931471824645996,,0.09978749935224557,0.26574826316469036,,0.175422419028677,0.1241228846702606,0.3097314758665243,0.010282798231264968,0.6701718227119203,0.3273489668870428,,,,0.3695,7390.0,0.6181235,0.6111358,0.7020206,0.8989337,0.7317368,0.6863435,0.76690966,0.69032586,0.49295008182525635,0.6752552337646485,0.6813499927520752,0.6752552337646485,0.293,293.0,0.38857053836546784,0.4583031726355156,0.43776875713356866,0.18589887358133866,0.1921735346914208,0.18819692969744845,0.2182278657895353,0.22143370607613766,0.22649458109922743,-0.000978742566726916,0.007067841712909308,0.0011633963900996179,0.005056226383812312,0.02156061093967381,-0.0002582236305152072,-0.005735839781362321,-0.008044567663342385,-0.009964618557764489,0.648,0.6068182,0.6937984,0.75986844,0.7581301,0.63779527,0.64921266,0.6674242,0.49755001068115234,0.6212426905632019,0.7090499997138977,0.6212426905632019,0.307,307.0,0.4317276742205797,0.4786867191992699,0.48096001990174575,0.24200826567377218,0.20688167954551678,0.26673107955625386,0.28783716134056764,0.2892101166851839,0.2940357811985489,0.011828851753104722,0.013101044137758904,0.00965413648900029,0.029714212285072334,0.046531422666646303,0.02427841871760779,0.012652426564165601,0.011556878306657725,0.004279358276707634,0.70000005,0.67882884,0.80474454,0.81564885,0.64918697,0.6609649,0.69634145,0.6492701,0.49525004625320435,0.6482489621639251,0.6951999962329865,0.6482489621639251,0.3,300.0,0.4101491062930238,0.46849494591739277,0.4593643885176572,0.2139535696275554,0.19952760711846879,0.22746400462685115,0.25303251356505146,0.2553219113806608,0.2602651811488882,0.005425054593188903,0.010084442925334107,0.005408766439549954,0.01738521933444232,0.03404601680316006,0.01201009754354629,0.00345829339140164,0.0017561553216576698,-0.0028426301405284275,0.674,0.6428235,0.7492715,0.78775865,0.7036585,0.6493801,0.67277706,0.65834713,2026-10-05T03:34:11.641151
94,0.7163650989532471,0.49964746832847595,0.5998007713317871,0.7165405750274658,0.5998007713317871,0.7498253084182739,0.8252026956558227,1.4784001819610595,0.1022059669137001,2.3055020444869996,2.0,1.0,10.0,,,,,0.627757620716095,0.627757620716095,,,,16.593568206787108,0.7926856512856332,0.09998807230382968,,0.13592294800528296,0.9534218675771337,0.1335416550326879,0.0015563203747069854,0.047834041949575114,0.8277937625623812,,0.004699921283639588,,73.97111409181242,17.556093714039797,,104.15026860328237,73.93348470311255,23.649107939118792,95.14444139808606,42.65867308598415,16.593581922494682,,0.6931471824645996,,0.10048345414696226,0.2663749541826309,,0.1765872840858569,0.124951162203482,0.3124465334946942,0.010351994199452886,0.6761360935344818,0.3311225993997732,,,,0.36415,7283.0,0.61906576,0.617056,0.702813,0.9020537,0.73847353,0.6931111,0.77306604,0.6827902,0.4927000403404236,0.6357319459915162,0.7062499523162842,0.6357319459915162,0.312,312.0,0.4067381385053865,0.4628072055421426,0.45004860207180525,0.23041867669443652,0.23082977787487288,0.24452458569971677,0.34030481313810695,0.3572584286911615,0.36040633849994685,0.02248892573818651,0.02272531806842849,0.01728642874164728,0.03885320926796898,0.058432912929838876,0.028291780808984326,0.012965645931549056,0.006511170278879445,-0.0006868100302978889,0.66200006,0.63772726,0.69069767,0.81019735,0.8227642,0.6330709,0.68031496,0.6791667,0.49810001254081726,0.6154530005455017,0.7156499624252319,0.6154530005455017,0.302,302.0,0.4403077263834443,0.4412455894788046,0.46108984919012486,0.29062983515613555,0.21651401989968072,0.29590208824334224,0.3690506685110507,0.3616599267787143,0.34568550620715327,0.02536982512786399,0.02607652137498353,0.027156366404277973,0.03922638270874128,0.05138339074739716,0.042510259139640794,0.00789256597552226,0.0037150631056667395,0.0031153604736866773,0.68830645,0.66126126,0.81058395,0.83511454,0.6601626,0.65745616,0.7280488,0.66240877,0.4954000264406204,0.625592473268509,0.7109499573707581,0.625592473268509,0.307,307.0,0.4235229324444154,0.4520263975104736,0.455569225630965,0.26052425592528605,0.2236718988872768,0.2702133369715295,0.3546777408245788,0.35945917773493785,0.35304592235355003,0.02392937543302525,0.024400919721706008,0.022221397572962626,0.03903979598835513,0.05490815183861802,0.03540101997431256,0.010429105953535658,0.005113116692273092,0.001214275221694394,0.67515326,0.6494943,0.7506408,0.8226559,0.7414634,0.64526355,0.7041819,0.6707877,2026-10-05T03:38:23.200842
95,0.7199999094009399,0.49938759207725525,0.5940433611869812,0.72013258934021,0.5940433611869812,0.7471864912033082,0.8222706749916077,1.4804661720275878,0.10585591356158257,2.230446117401123,2.0,1.0,10.0,,,,,0.6289129325866699,0.6289129325866699,,,,16.59291505432129,0.7496937504334814,0.09586909486894395,,0.13635588204784757,0.9589647804475894,0.13511829365305839,0.0015394339088801365,0.04772925506209492,0.8349882524674106,,0.005175760997311734,,73.93773403289212,17.536667465404342,,104.16092249390427,73.90051264671763,23.636952831486987,95.14909503718091,42.74547499152506,16.592938793692618,,0.6931471824645996,,0.10121131797505033,0.26745109326520544,,0.17787771885562095,0.1257918123986311,0.31526409934280786,0.010545543590738515,0.6815331149253117,0.33503181292752554,,,,0.3617,7234.0,0.626263,0.61709625,0.70962757,0.90456164,0.7431269,0.69478786,0.7746051,0.6870061,0.5090999603271484,0.6155477538108826,0.7130999565124512,0.6155477538108826,0.316,316.0,0.43669678738010015,0.46043754966470074,0.46449070279516336,0.28653283393290396,0.2233427656714821,0.294487078039689,0.30402686017982933,0.29762589650564136,0.30362977635100113,0.008186115533273239,0.0021740989867866847,0.005020692626727733,0.061382448807352656,0.09683440056719081,0.058187034821155004,0.007547264940799117,0.00439747537465377,-0.006213927064121458,0.6575,0.61727273,0.69806206,0.82894737,0.83983743,0.64921266,0.69645673,0.6757576,0.5029499530792236,0.5932677855491638,0.7230000495910645,0.5932677855491638,0.294,294.0,0.4671331599872216,0.48315976850720893,0.4938191785937022,0.3294322336191497,0.24447153142873793,0.3138997797938166,0.3549670831504922,0.343785984443311,0.32773842831702565,0.016427438440669365,0.015276175469860058,0.01467321843602115,0.03322904553933554,0.05520461308636761,0.035755287864962626,0.005484949255925595,0.0014788562493603017,-0.0004714540824550518,0.6879032,0.69909906,0.81131387,0.84198475,0.6711382,0.67105263,0.73130083,0.65437955,0.506024956703186,0.6044077696800232,0.7180500030517578,0.6044077696800232,0.305,305.0,0.45191497368366085,0.47179865908595486,0.47915494069443276,0.3079825337760268,0.23390714855011002,0.30419342891675283,0.3294969716651608,0.3207059404744762,0.3156841023340134,0.012306776986971302,0.008725137228323371,0.009846955531374442,0.0473057471733441,0.07601950682677922,0.046971161343058815,0.006516107098362357,0.002938165812007036,-0.003342690573288255,0.6727016,0.6581859,0.75468796,0.835466,0.7554878,0.66013265,0.71387875,0.66506857,2026-10-05T03:42:34.502720
96,0.7230750918388367,0.5014898777008057,0.5883813489437103,0.7233771681785583,0.5883813489437103,0.7434801900863648,0.8181525664329529,1.438945736694336,0.09154932396411895,2.165698463821411,2.0,1.0,10.0,,,,,0.6286472401618958,0.6286472401618958,,,,16.600936413574217,0.7596762846609589,0.10237980834475369,,0.14533392814504112,0.9289632266873766,0.13573888701143538,0.0016246040134429694,0.05032890335105027,0.86647584398461,,0.00532169164726392,,73.9043872614575,17.51903614117082,,104.17104344459096,73.86761824492436,23.62438248069423,95.1468533072502,42.84455563004609,16.600937120474068,,0.6931471824645996,,0.10195739311017808,0.26875585355576437,,0.17907286667899722,0.12661030679751353,0.3178798176680401,0.010664450586031956,0.6874668078058085,0.34012379445088137,,,,0.381,7620.0,0.6290297,0.6181837,0.7128764,0.910861,0.74735206,0.6946465,0.78219926,0.68778,0.5077999830245972,0.6078965911865234,0.7189000248908997,0.6078965911865234,0.314,314.0,0.37532531929419755,0.40147962261805414,0.4166589186003953,0.25708142104698795,0.22227924162919688,0.2739624288928164,0.27985280111404964,0.26567924159403694,0.28163091562000936,0.024918950349102152,0.018721223005771965,0.016166737096689074,0.038052866507757056,0.04194775082775895,0.033327747333477445,0.024170334245807192,0.014780866869213557,0.01257867402443353,0.66700006,0.65090907,0.7135659,0.83125,0.83943087,0.6448819,0.6937008,0.67386365,0.49390003085136414,0.5827223927974701,0.7276999354362488,0.5827223927974701,0.3,300.0,0.43349530086661475,0.4603338063608991,0.4686250389895332,0.3072685283665705,0.2550280997170919,0.3064448011350352,0.3259443584897956,0.32785142843548903,0.3159356505425156,0.018569340033705233,0.018262578848134235,0.01754620032200148,0.03951835163240782,0.04629075831001725,0.041518606664112265,0.011416786057370603,0.007992494609838117,0.0038632789971429944,0.68911296,0.6918919,0.82883215,0.85419846,0.6764228,0.6671053,0.73373985,0.6605839,0.5008500069379807,0.5953094919919968,0.7232999801635742,0.5953094919919968,0.307,307.0,0.4044103100804062,0.4309067144894766,0.44264197879496425,0.2821749747067792,0.23865367067314439,0.2902036150139258,0.3028985798019226,0.296765335014763,0.29878328308126245,0.02174414519140369,0.0184919009269531,0.016856468709345276,0.03878560907008244,0.0441192545688881,0.037423176998794855,0.017793560151588898,0.011386680739525836,0.008220976510788262,0.6780565,0.6714005,0.771199,0.8427242,0.7579268,0.6559936,0.7137203,0.6672238,2026-10-05T03:46:45.492761
97,0.727867841720581,0.5023778080940247,0.5796076688289642,0.728035032749176,0.5796076688289642,0.7460757122039795,0.8210364795684815,1.4496601848602295,0.08539025719165802,2.1011348009109496,2.0,1.0,10.0,,,,,0.6237666681289673,0.6237666681289673,,,,16.606331051635742,0.8578203104104206,0.10641442417244243,,0.15228693619085726,0.911261618517007,0.1358015478416613,0.0016330203596075438,0.051508847825751186,0.9520946118482359,,0.005780900854863535,,73.87141758621118,17.50164340559844,,104.18044752376095,73.83495850775653,23.615759734135523,95.14492574315162,42.94567071708145,16.606314458664816,,0.6931471824645996,,0.10273300120784978,0.27023994827726083,,0.18025266659107936,0.12743472426560273,0.3209055675442811,0.010672955957662527,0.6934732821336977,0.34489351643878186,,,,0.3755,7510.0,0.62971133,0.61755943,0.7181458,0.91443527,0.7568731,0.6951111,0.79305387,0.69521385,0.5067000389099121,0.6155431098937988,0.7127500176429749,0.6155431098937988,0.324,324.0,0.46208350719157837,0.48729213025607754,0.4885580825684059,0.2600033125125752,0.24393831697421456,0.2792435655024992,0.31894347006486506,0.3146709789184044,0.30560859643570926,0.038068417487317596,0.04386736163347969,0.036099191925277246,0.05905429924030598,0.07630299435147309,0.057486095496394635,0.04128435032062542,0.04021814604456762,0.03222771173510331,0.66400003,0.6409091,0.70969,0.81842107,0.82845527,0.646063,0.70236224,0.657197,0.510450005531311,0.5873844552040101,0.7260000109672546,0.5873844552040101,0.33,330.0,0.45450319287122476,0.4901182663795725,0.492237914989563,0.2717595405898037,0.2355334941593046,0.2848207206909621,0.3407076339693857,0.34491645570936436,0.3387773430660569,0.017715317317642868,0.017966557714557303,0.016188647470499827,0.04188857371330706,0.05466264429887296,0.042496733062444475,0.00663215562080911,0.002824031106886193,0.001743255029734646,0.6991936,0.7009009,0.8160584,0.8438932,0.6821138,0.65833336,0.73292685,0.6572993,0.5085750222206116,0.6014637825489044,0.7193750143051147,0.6014637825489044,0.327,327.0,0.4582933500314016,0.488705198317825,0.49039799877898443,0.26588142655118946,0.23973590556675958,0.28203214309673064,0.3298255520171254,0.3297937173138844,0.3221929697508831,0.02789186740248023,0.030916959674018498,0.026143919697888537,0.05047143647680652,0.06548281932517303,0.049991414279419555,0.023958252970717263,0.021521088575726904,0.016985483382418978,0.6815968,0.670905,0.7628742,0.8311571,0.75528455,0.6521982,0.7176446,0.65724814,2026-10-05T03:50:57.021077
98,0.7314097881317139,0.49953964352607727,0.5749482181549073,0.7316325902938843,0.5749482181549073,0.7451757533073425,0.8200365260124206,1.4388350049972534,0.09626932888031006,2.0885196922302245,2.0,1.0,10.0,,,,,0.6325660539627075,0.6325660539627075,,,,16.615764889526368,0.724561108905039,0.09961734270783747,,0.15451413986219723,0.9372899538012827,0.13053699502140093,0.001631935799989707,0.05227142644773243,0.7402186655694512,,0.005940193992049157,,73.83900092058121,17.486943080926398,,104.19242504144171,73.8020976364233,23.605095310575642,95.14420532420942,43.02921802982403,16.615743260474723,,0.6931471824645996,,0.10354027783225296,0.2715068913189469,,0.1816181972338136,0.1282641147352328,0.32361668291365264,0.010707456084668257,0.6987042108159156,0.34990615260069535,,,,0.38645,7729.0,0.6440257,0.6304068,0.7218106,0.91560036,0.7628894,0.69301015,0.7852167,0.695723,0.5089499950408936,0.5879007167816163,0.7339999675750732,0.5879007167816163,0.375,375.0,0.4056586309182433,0.4761981989025884,0.4756915001643748,0.2085250304192775,0.1905484441124907,0.2237470381588035,0.2989175296736748,0.31239752927587666,0.31170467832438425,0.03547542380572839,0.0279969553812771,0.0286000961118452,0.07006430799522115,0.08322779117894152,0.06950772083065196,0.037467249173208095,0.03962648305765477,0.029834835305692725,0.675,0.6527273,0.76472867,0.8473684,0.83739835,0.6468504,0.73858273,0.6689394,0.499099999666214,0.5739247140884399,0.7355499267578125,0.5739247140884399,0.35,350.0,0.4224706290854186,0.45613004958416703,0.4623531538529305,0.2556795879732737,0.19669981963222075,0.26391534015964485,0.3355838075115221,0.34002077983243834,0.3318027079170004,0.022397503699065433,0.020207902616850966,0.020010906354976078,0.04502494671442187,0.0571669196424672,0.04677644037111362,0.009350438965416737,0.0024149057436986462,0.0008073670840713996,0.7064516,0.71306306,0.83978105,0.86030537,0.6910569,0.65657896,0.7402439,0.6580292,0.5040249973535538,0.5809127154350281,0.7347749471664429,0.5809127154350281,0.3625,362.5,0.4140646300018309,0.4661641242433777,0.46902232700865265,0.2321023091962756,0.19362413187235572,0.2438311891592242,0.31725066859259843,0.3262091545541575,0.32175369312069235,0.02893646375239691,0.024102428999064035,0.024305501233410638,0.057544627354821506,0.07019735541070436,0.05814208060088279,0.023408844069312415,0.021020694400676707,0.015321101194882062,0.6907258,0.6828952,0.80225486,0.8538369,0.7642276,0.6517147,0.7394133,0.66348433,2026-10-05T03:55:08.478027
99,0.7359974980354309,0.50003981590271,0.5685444843769073,0.7361921072006226,0.5685444843769073,0.743338168144226,0.8179947615623474,1.4282380481719972,0.0885944048166275,2.1586978504180907,2.0,1.0,10.0,,,,,0.6423285241127015,0.6423285241127015,,,,16.61079821777344,0.7759285238897724,0.09954562753581317,,0.1561525560393455,0.9123398505958022,0.1429394904974919,0.0017051368426816288,0.05493242640024538,0.9650745830338472,,0.00620842742630589,,73.80695318720143,17.471021433544767,,104.19948043337294,73.76963655508249,23.593229852664244,95.14520458051354,43.121085100113206,16.610808998156504,,0.6931471824645996,,0.10438140182738091,0.27305195229068685,,0.1827477527082346,0.12907340714506282,0.3263319654829183,0.010833633873777785,0.7041889785960981,0.35335017123799417,,,,0.39655,7931.0,0.64426625,0.6336891,0.7349445,0.9191746,0.76619935,0.6977374,0.7885784,0.7005092,0.49729999899864197,0.5825910058021545,0.7403000593185425,0.5825910058021545,0.352,352.0,0.38141387248520076,0.41635754484790477,0.4212844271499397,0.23850439170835808,0.18397380512234496,0.23965356350749656,0.272847316404436,0.276419217558881,0.26729339398528346,0.0349556395955518,0.039088986434600174,0.03800781320198217,0.046266670553184015,0.06576416451530788,0.05875703766460158,0.01843351045377267,0.016173843007508116,0.01190299179912175,0.6975,0.65500003,0.77364343,0.8611843,0.8390244,0.64133865,0.73307085,0.682197,0.5067499279975891,0.5756420307159423,0.7380000352859497,0.5756420307159423,0.342,342.0,0.44570052044329256,0.45785229590560556,0.4651054848769045,0.3110665159887855,0.22940450633337003,0.29461521856905015,0.36288759448400126,0.3571484810258859,0.3425294268168733,0.023349205874131897,0.016280233998001502,0.0171956138997668,0.048432263315993374,0.059439358473040334,0.04845300902198601,0.01049382825958241,0.006444101477088177,0.00046143311054697503,0.7064516,0.69504505,0.8368613,0.8633588,0.69430894,0.6657895,0.7565041,0.6653285,0.5020249634981155,0.5791165182590484,0.7391500473022461,0.5791165182590484,0.347,347.0,0.41355719646424666,0.4371049203767552,0.44319495601342207,0.2747854538485718,0.2066891557278575,0.26713439103827336,0.3178674554442186,0.31678384929238346,0.3049114104010784,0.029152422734841848,0.027684610216300837,0.027601713550874485,0.04734946693458869,0.06260176149417411,0.0536050233432938,0.01446366935667754,0.011308972242298147,0.006182212454834362,0.7019758,0.67502254,0.8052524,0.86227155,0.76666665,0.6535641,0.74478745,0.67376274,2026-10-05T03:59:19.751469
