epoch,train_eval_mode_acc,train_shuffled_message_acc,train_loss,train_acc,train_combined_loss,train_realised_survival,train_unmixed_survival,train_logit_margin,train_logit_prior_share,train_logit_spread,train_logit_scale,train_sampling_tau,train_pool_effective_examples,train_pool_score_norm,train_pool_score_sd,train_prototyper_mix_share,train_prototyper_within_share,train_referent_spread,train_referent_spread_backbone,train_polarity_separation,train_score_scale,train_score_bias,train_bilinear_weight_norm,train_clip_sender_vision,train_clip_sender_adapter,train_clip_sender_prototyper,train_clip_sender_language_model,train_clip_receiver_vision,train_clip_receiver_adapter,train_clip_receiver_token_embedding,train_clip_receiver_language_model,train_clip_receiver_discriminator,train_clip_log_score_scale,train_clip_log_logit_scale,train_clip_other,train_weight_sender_vision,train_weight_sender_adapter,train_weight_sender_prototyper,train_weight_sender_language_model,train_weight_receiver_vision,train_weight_receiver_adapter,train_weight_receiver_token_embedding,train_weight_receiver_language_model,train_weight_receiver_discriminator,train_weight_log_score_scale,train_weight_log_logit_scale,train_weight_other,train_drift_sender_vision,train_drift_sender_adapter,train_drift_sender_prototyper,train_drift_sender_language_model,train_drift_receiver_vision,train_drift_receiver_adapter,train_drift_receiver_token_embedding,train_drift_receiver_language_model,train_drift_receiver_discriminator,train_drift_log_score_scale,train_drift_log_logit_scale,train_drift_other,train_unique_message_fraction,train_unique_message_count,train_acc_md_and_color_color,train_acc_md_or_color_color,train_acc_md_color,train_acc_md_shape,train_acc_md_and_shape_shape,train_acc_md_and_color_shape,train_acc_md_or_shape_shape,train_acc_md_or_color_shape,test_shuffled_message_acc,test_loss,test_acc,test_combined_loss,test_unique_message_fraction,test_unique_message_count,test_topsim_s1,test_topsim_s2,test_topsim_s3,test_topsim_s4,test_topsim_s5,test_topsim_s6,test_topsim_s1_static,test_topsim_s2_static,test_topsim_s3_static,test_topsim_gt_s1,test_topsim_gt_s2,test_topsim_gt_s3,test_topsim_gt_s4,test_topsim_gt_s5,test_topsim_gt_s6,test_topsim_gt_s1_static,test_topsim_gt_s2_static,test_topsim_gt_s3_static,test_acc_md_and_color_color,test_acc_md_or_color_color,test_acc_md_color,test_acc_md_shape,test_acc_md_and_shape_shape,test_acc_md_and_color_shape,test_acc_md_or_shape_shape,test_acc_md_or_color_shape,test_same_shuffled_message_acc,test_same_loss,test_same_acc,test_same_combined_loss,test_same_unique_message_fraction,test_same_unique_message_count,test_same_topsim_s1,test_same_topsim_s2,test_same_topsim_s3,test_same_topsim_s4,test_same_topsim_s5,test_same_topsim_s6,test_same_topsim_s1_static,test_same_topsim_s2_static,test_same_topsim_s3_static,test_same_topsim_gt_s1,test_same_topsim_gt_s2,test_same_topsim_gt_s3,test_same_topsim_gt_s4,test_same_topsim_gt_s5,test_same_topsim_gt_s6,test_same_topsim_gt_s1_static,test_same_topsim_gt_s2_static,test_same_topsim_gt_s3_static,test_same_acc_md_and_color_color,test_same_acc_md_or_color_color,test_same_acc_md_color,test_same_acc_md_shape,test_same_acc_md_and_shape_shape,test_same_acc_md_and_color_shape,test_same_acc_md_or_shape_shape,test_same_acc_md_or_color_shape,test_avg_shuffled_message_acc,test_avg_loss,test_avg_acc,test_avg_combined_loss,test_avg_unique_message_fraction,test_avg_unique_message_count,test_avg_topsim_s1,test_avg_topsim_s2,test_avg_topsim_s3,test_avg_topsim_s4,test_avg_topsim_s5,test_avg_topsim_s6,test_avg_topsim_s1_static,test_avg_topsim_s2_static,test_avg_topsim_s3_static,test_avg_topsim_gt_s1,test_avg_topsim_gt_s2,test_avg_topsim_gt_s3,test_avg_topsim_gt_s4,test_avg_topsim_gt_s5,test_avg_topsim_gt_s6,test_avg_topsim_gt_s1_static,test_avg_topsim_gt_s2_static,test_avg_topsim_gt_s3_static,test_avg_acc_md_and_color_color,test_avg_acc_md_or_color_color,test_avg_acc_md_color,test_avg_acc_md_shape,test_avg_acc_md_and_shape_shape,test_avg_acc_md_and_color_shape,test_avg_acc_md_or_shape_shape,test_avg_acc_md_or_color_shape,timestamp
0,0.5457172989845276,0.5002226829528809,0.953341250705719,0.5427423715591431,0.953341250705719,0.4926991625070572,0.5395069905519485,1.5893640686035155,0.6196457621574402,0.7747156444787979,1.0500161666870118,1.0,10.0,,,,,0.4438497228384018,0.4438497228384018,,,,18.460768759155272,0.10403717924458135,0.02528036979863503,,0.11964782831632788,0.422719598670674,0.7090195563568431,0.008739852407282799,0.48663629757560745,1.1069246667205908,,0.008599546962272329,,77.28244242091088,19.598442709370023,,102.50243324231191,77.29721015881582,26.12376791352679,95.10315748081086,39.05984110741099,18.460741261767733,,0.0525238963921412,,0.010087677397005924,0.024983099620985046,,0.012663886396682993,0.004874372599382475,0.022901938486678205,0.0003675666501839011,0.04107527664393946,0.028528396461372542,,,,0.56815,11363.0,0.5453288,0.54105926,0.5943146,0.5457939,0.5256425,0.5320606,0.5261644,0.5309776,0.5029000043869019,0.8873737459182739,0.577950119972229,0.8873737459182739,0.012,12.0,0.46487772884183687,0.464779030121823,0.4646629744338314,0.41581090602280657,0.3585834920432841,0.4140738602681937,0.4165950595740584,0.4159578101740075,0.4140738602681937,-0.02885563143307631,-0.028824255335948297,-0.027606357147249322,-0.02843571160846087,-0.025742790153151462,-0.02712375316765947,-0.028347619408590232,-0.028972604353908648,-0.02712375316765947,0.61,0.6190909,0.5391473,0.55526316,0.548374,0.5968504,0.58346456,0.58750004,0.5064499974250793,0.8760778398513794,0.5921999216079712,0.8760778398513794,0.012,12.0,0.4327651757342731,0.4381045206705265,0.4358405953783825,0.38563416886826823,0.3785345762950736,0.38739913567954265,0.38450888690929963,0.3869464619615285,0.3865459979688386,-0.0029630578858568686,-0.004245014879998709,-0.006299455816488318,-0.005117358230199509,-0.012340944573261157,-0.006977519426647593,-0.004340697668928622,-0.00434891052378557,-0.007496289848542346,0.6157258,0.62297297,0.719708,0.55992365,0.53739834,0.5530702,0.54390246,0.5744526,0.5046750009059906,0.8817257928848267,0.5850750207901001,0.8817257928848267,0.012,12.0,0.448821452288055,0.45144177539617475,0.45025178490610696,0.40072253744553743,0.36855903416917885,0.4007364979738682,0.400551973241679,0.401452136067768,0.40030992911851615,-0.01590934465946659,-0.016534635107973504,-0.01695290648186882,-0.01677653491933019,-0.01904186736320631,-0.017050636297153532,-0.016344158538759427,-0.01666075743884711,-0.017310021508100907,0.61286294,0.62103194,0.6294277,0.5575934,0.54288614,0.5749603,0.5636835,0.5809763,2026-10-05T11:22:02.924900
1,0.5861822962760925,0.4981901943683624,0.8756804470062256,0.5853050351142883,0.8756804470062256,0.7237685799598694,0.7962507791519166,2.5642620403289795,0.39745481593608856,1.2163765875816346,1.2421506393432618,1.0,10.0,,,,,0.4665541085243225,0.4665541085243225,,,,18.425457089233397,0.3422604602328531,0.04226969551461138,,0.11914248970948207,0.5444348158350416,0.4462010595164481,0.0026140912105240355,0.1329356421995315,1.1849792679403996,,0.005558860932023021,,77.24913787841797,19.586842652339087,,102.50487698111564,77.25972125788404,26.100104082921508,95.1018619901815,39.09333959202858,18.425429568928518,,0.21625904254852588,,0.018362785547164976,0.049805732360880844,,0.02319087746559055,0.011171876055419824,0.037404296077360774,0.0005269213090205838,0.08042892808936963,0.04010576375161007,,,,0.27765,5553.0,0.5968725,0.5988723,0.6822702,0.5736375,0.54096574,0.56947476,0.5535237,0.5664766,0.49639999866485596,0.8816099095344544,0.5669000148773193,0.8816099095344544,0.017,17.0,0.43658917488392435,0.437456080128072,0.4323000153026878,0.38713161767390425,0.3550435762316287,0.38450905667881763,0.37593336104746783,0.37747054689281356,0.3731563007479864,-0.01700468961501003,-0.016626822007822513,-0.0196921132473231,-0.011246395871077418,-0.024411614994268967,-0.021264334174398682,-0.0242270139064254,-0.02578000193184613,-0.027876272864181453,0.59550005,0.61727273,0.59534883,0.5299342,0.5113821,0.57992125,0.5405512,0.5825758,0.5024000406265259,0.8313734960556031,0.603950023651123,0.8313734960556031,0.017,17.0,0.4644893678577838,0.46426887011085133,0.46730011110805514,0.40628039984330716,0.3795420963961933,0.4118117695722725,0.43232245606803016,0.430681648887975,0.43060886089869793,0.0019514059771010897,-0.0002612382228970801,6.0660748892128065e-05,-0.0007419757087200266,-0.0014005128287321298,-0.0026042163961051304,-0.0018937739235062232,-0.0035976534677693932,-0.004623913335181058,0.6459677,0.65180176,0.78722626,0.53435117,0.51585364,0.56008774,0.5378049,0.5854015,0.4994000196456909,0.8564917027950287,0.5854250192642212,0.8564917027950287,0.017,17.0,0.45053927137085403,0.45086247511946165,0.44980006320537147,0.39670600875860573,0.36729283631391096,0.39816041312554507,0.404127908557749,0.4040760978903943,0.40188258082334216,-0.00752664181895447,-0.008444030115359796,-0.009815726249215485,-0.005994185789898722,-0.01290606391150055,-0.011934275285251907,-0.013060393914965811,-0.01468882769980776,-0.016250093099681256,0.62073386,0.6345372,0.6912875,0.5321427,0.5136179,0.57000446,0.539178,0.58398867,2026-10-05T11:26:22.858265
2,0.5923050045967102,0.5008623003959656,0.8510698101997376,0.5921177268028259,0.8510698101997376,0.7653523072242737,0.842454919719696,2.6103334983825683,0.3610627917766571,1.3778637053489684,1.3826066688537597,1.0,10.0,,,,,0.4045028012275696,0.4045028012275696,,,,18.39043878479004,0.4902474339220934,0.04930036930978346,,0.12344101267410026,0.5136939923095095,0.41742894774789263,0.0020065340732526816,0.09910045337572598,1.459759700070521,,0.004219324552957532,,77.21689819530317,19.56947744576035,,102.50416914824467,77.22177916119813,26.07235016792443,95.10064901364078,39.10734149908564,18.390411036789036,,0.3236444651321241,,0.022793177977963618,0.06384899021144126,,0.02873600027553595,0.015436773046044407,0.04618145693924017,0.0005954798595730666,0.10113454600618144,0.043620032086304036,,,,0.22675,4535.0,0.6134924,0.61649215,0.6999208,0.5650671,0.5443147,0.58084846,0.54592955,0.5706314,0.5047499537467957,0.8829158973693848,0.5776000618934631,0.8829158973693848,0.013,13.0,0.4222947687368036,0.4227750122318384,0.42396684023075876,0.3621335249506709,0.365950828631602,0.3596622151434249,0.38989134127747593,0.3927937483416355,0.3916726197085938,-0.023749848976502896,-0.02291982434459874,-0.02365731527132318,-0.027235991855830376,-0.02594595384923326,-0.027309805475955146,-0.015892633790465637,-0.015633721852178418,-0.015239777330411632,0.62049997,0.6336364,0.5879845,0.5282895,0.52642274,0.5850394,0.55472445,0.6075758,0.506600022315979,0.8301472969055176,0.6052498817443848,0.8301472969055176,0.015,15.0,0.4615197206159883,0.4680526879009843,0.462165262787148,0.4001924685103285,0.3942040682883523,0.3912496343289671,0.419088034571898,0.422373056810105,0.41775156060471574,0.0003311778166785459,-5.220290405098317e-05,-0.0004991453749726227,-0.001762982304908918,0.00011313483301504256,-0.0024667334599647933,-0.0017406218191076655,-0.001896897305748178,-0.002544274468096874,0.6459677,0.65180176,0.780657,0.5465649,0.5170732,0.56184214,0.5280488,0.5959854,0.5056749880313873,0.8565315971374512,0.591424971818924,0.8565315971374512,0.013999999999999999,14.0,0.44190724467639597,0.4454138500664113,0.4430660515089534,0.3811629967304997,0.38007744845997715,0.375455924736196,0.404489687924687,0.4075834025758702,0.40471209015665477,-0.011709335579912175,-0.011486013624324862,-0.012078230323147901,-0.014499487080369647,-0.012916409508109109,-0.01488826946795997,-0.008816627804786651,-0.008765309578963298,-0.008892025899254252,0.63323385,0.6427191,0.68432075,0.5374272,0.52174795,0.5734408,0.5413866,0.6017806,2026-10-05T11:30:51.509243
3,0.5938599705696106,0.5028047561645508,0.8413536848068237,0.5938577651977539,0.8413536848068237,0.7566028827667236,0.8327333327293396,2.4416092128753664,0.24030492327213288,1.84580004901886,1.4697845045089721,1.0,10.0,,,,,0.44573887124061584,0.44573887124061584,,,,18.357129531860352,0.5272432114857777,0.04924999997850246,,0.0997752427793802,0.5042408176098659,0.3669337991411519,0.0017927290299302263,0.08227647691490544,1.5731448192315496,,0.003179993540991971,,77.18135449840764,19.55105260375199,,102.50173731518399,77.18338119604026,26.042729347374788,95.09906647311654,39.12343587693135,18.357106749419195,,0.38505015327672293,,0.025375409111095842,0.07506810076487293,,0.03292454423228647,0.01865723697100855,0.0528866695892659,0.0006912395396643573,0.11868025927217143,0.04656865967402033,,,,0.238,4760.0,0.61698073,0.61294806,0.7073494,0.5713073,0.54180294,0.5817778,0.54609156,0.57230145,0.5047999620437622,0.8701710429191589,0.5800000429153442,0.8701710429191589,0.019,19.0,0.4802483237051706,0.47621158748428555,0.4837292861984942,0.4244618158369797,0.40907361880941917,0.4276144539209905,0.45902638315752925,0.45998255635803365,0.4666965880885912,-0.0005205658211857425,-0.0017183844332756214,-0.0012840873104036337,-0.0008229492761763411,-0.005065702338524198,-0.0019586117063918906,-0.0005980188021700425,-0.001416504430742334,-0.001181539853606046,0.6345,0.6618182,0.5872093,0.5197368,0.5333333,0.58543307,0.53897643,0.6106061,0.5029000043869019,0.8212384600639343,0.6061000823974609,0.8212384600639343,0.02,20.0,0.46144966806134086,0.4627554396159021,0.4602596076191136,0.4062420087152874,0.3971063458561435,0.4041127959196576,0.43923974623745127,0.44136256163170756,0.4347288829272325,0.005551857010252893,0.004364947303589815,0.005140181834124815,0.004037475708564449,0.0007612682488364649,0.0014762688970618243,0.0049578071872313145,0.0036258621923688904,0.0038512794245850893,0.65887094,0.65900904,0.77956206,0.54465646,0.5134146,0.5675439,0.5349594,0.579927,0.503849983215332,0.8457047514915466,0.5930500626564026,0.8457047514915466,0.0195,19.5,0.47084899588325574,0.4694835135500938,0.4719944469088039,0.41535191227613355,0.40308998233278137,0.415863624920324,0.44913306469749026,0.4506725589948706,0.45071273550791185,0.002515645594533575,0.0013232814351570967,0.0019280472618605905,0.0016072632161940538,-0.0021522170448438666,-0.00024117140466503313,0.002179894192530636,0.0011046788808132782,0.0013348697854895218,0.6466855,0.6604136,0.68338567,0.53219664,0.52337396,0.5764885,0.5369679,0.5952666,2026-10-05T11:35:01.945612
4,0.5981225371360779,0.5012676119804382,0.8324080073356629,0.59836745262146,0.8324080073356629,0.7787433011054993,0.8573338013648987,2.4563343189239504,0.2652290584087372,1.9687593521118163,1.5846949794769287,1.0,10.0,,,,,0.3818611597061157,0.3818611597061157,,,,18.325982586669923,0.6595049324403902,0.06168835864633702,,0.11298441858428299,0.5288336434561736,0.3398959552691241,0.0016634623011408053,0.07163524271766092,1.724845022912238,,0.002641502382685312,,77.14611500539597,19.53132664625812,,102.49933692300395,77.14544177207218,26.013528240714102,95.09724032651087,39.12281940241528,18.325958543522344,,0.46019104635639557,,0.027113279244702332,0.08364720376813488,,0.036850091805503624,0.021233612042703447,0.059551034217617316,0.0007749067424428738,0.13089867648045728,0.05007244720105912,,,,0.21565,4313.0,0.6177225,0.61419654,0.7040412,0.5809044,0.54883176,0.58416164,0.5620899,0.5746843,0.5092000365257263,0.8805418772697449,0.5791000127792358,0.8805418772697449,0.023,23.0,0.4337249320671614,0.43202644041472293,0.4350640348163858,0.374735323523322,0.3542473865172611,0.3760118889084191,0.4025795769601267,0.4000938660370115,0.4024445079925264,-0.008261814463815933,-0.008527215307568498,-0.00950506905544517,-0.007536756166382051,-0.0027291706848344955,-0.00678335648005129,-0.0004005214368651402,0.00014004100268960945,-0.0005562730505554677,0.6055,0.65,0.5527132,0.5493421,0.55,0.5767717,0.56889766,0.5992424,0.5073000192642212,0.8514066300392151,0.5995500087738037,0.8514066300392151,0.024,24.0,0.44917631784660006,0.44759702860215933,0.4501699713039569,0.41839859249843775,0.4083141783508858,0.42184035212031684,0.4256555828804142,0.42418372551758743,0.4238266927871597,0.00015574017466040132,-0.0004258629646516493,0.0004597001659077994,-0.0022999466713977787,0.0012733622195851512,-0.0030144018750464844,-0.0006238040980187739,-0.0009536082979873625,-0.0012466789515185458,0.63709676,0.61666673,0.7540146,0.55763364,0.5276423,0.5530702,0.55365855,0.5817519,0.5082500278949738,0.86597425365448,0.5893250107765198,0.86597425365448,0.0235,23.5,0.4414506249568807,0.43981173450844113,0.4426170030601714,0.3965669580108799,0.3812807824340735,0.39892612051436793,0.41411757992027043,0.4121387957772995,0.41313560038984304,-0.004053037144577765,-0.004476539136110074,-0.004522684444768685,-0.004918351418889915,-0.0007279042326246722,-0.004898879177548887,-0.000512162767441957,-0.00040678364764887656,-0.0009014760010370068,0.6212984,0.6333333,0.65336394,0.5534879,0.53882116,0.5649209,0.5612781,0.59049714,2026-10-05T11:39:33.399812
5,0.5978401899337769,0.5009574890136719,0.8296365983963012,0.5977754592895508,0.8296365983963012,0.7942020586967469,0.8745101972579956,2.4522106433868407,0.2521958359003067,2.2990616413116456,1.6569094486236573,1.0,10.0,,,,,0.40548934078216553,0.40548934078216553,,,,18.295554873657228,0.6694879319257797,0.06074597412471179,,0.09898048144569442,0.567963646855324,0.31172396617520387,0.0015569623115926294,0.06524908951940431,1.7514742500842757,,0.0021636719523653223,,77.11006460979486,19.516961346765992,,102.49427586452217,77.10755147751729,25.981974024681527,95.09538103820412,39.104362925146795,18.295531837803544,,0.5049192239144805,,0.02907600665500589,0.09400478736230522,,0.03965392734879141,0.023851746788165373,0.06512355794952174,0.0008625356031130928,0.13891520298969973,0.05367068284351355,,,,0.17955,3591.0,0.6172815,0.6113572,0.69877183,0.57898897,0.54986376,0.5877374,0.56198865,0.5759878,0.4968000054359436,0.8742524285316468,0.5682500004768372,0.8742524285316468,0.015,15.0,0.3548926455820266,0.3526502681093751,0.3543936822839324,0.3091620252187499,0.28735686616134287,0.29892391616203856,0.3290864195066916,0.32199814399367044,0.32885299167576426,-0.031203235439788143,-0.03190506179216174,-0.03357528701331981,-0.0461482319324445,-0.03921296391436638,-0.04627179681033025,-0.0327213188060699,-0.03146375669828232,-0.03166076200469928,0.5985,0.6809091,0.55736434,0.5302631,0.5304878,0.57165354,0.5283464,0.5761364,0.5097000598907471,0.8203895978927612,0.5976499915122986,0.8203895978927612,0.015,15.0,0.46885692052873906,0.4670352452884035,0.4714455855032865,0.412067314539742,0.39694842033351463,0.4106871534473986,0.4451618547036166,0.44452631920524216,0.4449988172971324,-0.00522019860915577,-0.007212460330769703,-0.0064330982847143284,-0.006316421557281962,-0.004255671666252454,-0.009881169566720608,-0.005891705005382007,-0.007434574521734144,-0.0077592857073532475,0.66088706,0.6193694,0.7810219,0.5354962,0.5113821,0.55921054,0.53373986,0.56569344,0.5032500326633453,0.847321013212204,0.5829499959945679,0.847321013212204,0.015,15.0,0.41187478305538283,0.4098427566988893,0.4129196338936095,0.36061466987924595,0.3421526432474288,0.35480553480471855,0.3871241371051541,0.38326223159945627,0.38692590448644837,-0.018211717024471955,-0.01955876106146572,-0.02000419264901707,-0.02623232674486323,-0.021734317790309415,-0.02807648318852543,-0.01930651190572595,-0.019449165610008232,-0.019710023856026264,0.6296935,0.6501392,0.66919315,0.53287965,0.52093494,0.5654321,0.5310432,0.5709149,2026-10-05T11:44:06.017942
6,0.6017125248908997,0.4992976486682892,0.8199059963226318,0.6015802025794983,0.8199059963226318,0.798342785358429,0.879111002445221,2.30282837638855,0.26830017914772036,2.3337806871414184,1.725256432914734,1.0,10.0,,,,,0.38912769742012027,0.38912769742012027,,,,18.265693072509766,0.6945057539328648,0.06192852914997726,,0.09820029652042753,0.5847294211007987,0.27775465336385047,0.001441287904515103,0.057945692888016154,1.7351272221963117,,0.002353021461730912,,77.07408176106253,19.493434991046882,,102.48694668909546,77.06917732384554,25.950263600440543,95.09357053914647,39.095275490147294,18.265670557690274,,0.5453203943125002,,0.030885900685172173,0.09821391395133013,,0.04156209203373095,0.02650677562234508,0.06983085593600181,0.0009250520416357477,0.14796536657840584,0.05674736446161179,,,,0.1676,3352.0,0.6280674,0.61633104,0.7102219,0.5864139,0.54890966,0.5870707,0.5600243,0.57521385,0.5064500570297241,0.8504554100036621,0.5818500518798828,0.8504554100036621,0.021,21.0,0.47028083443413227,0.4732001998692863,0.4714930889489982,0.43775644993376545,0.4189866207284947,0.4115594091272088,0.45009942063333436,0.45949199509056854,0.4545532647259181,0.009507623692145405,0.011456675430567225,0.010250106599709097,-0.006411298413455114,0.005591163611137589,-0.000379833775417473,0.019056113159536193,0.017955625386150795,0.013537498851354373,0.65,0.68,0.5852713,0.51381576,0.5345529,0.5822835,0.5397638,0.6075758,0.5045999884605408,0.7977106747627258,0.6098000407218933,0.7977106747627258,0.021,21.0,0.45828382315487814,0.4614640221202319,0.46097614105337953,0.40154562799966126,0.4055331027798765,0.4085469677218385,0.45755525593864466,0.45713122959613384,0.45939906302606565,-0.001741602212036311,-0.004153309163967015,-0.0045869349063961005,-0.002851340795661976,-0.0027169053036673035,-0.004130769594389927,-0.0022963752486217107,-0.004080821696129159,-0.005715240000484682,0.6669355,0.6576577,0.7832117,0.53625953,0.5134146,0.5824562,0.5365854,0.5912409,0.5055250227451324,0.824083042383194,0.5958250463008881,0.824083042383194,0.021,21.0,0.4642823287945052,0.46733211099475913,0.4662346150011889,0.41965103896671335,0.4122598617541856,0.41005318842452365,0.45382733828598953,0.45831161234335116,0.4569761638759919,0.0038830107400545473,0.003651683133300105,0.002831585846656498,-0.004631319604558545,0.0014371291537351428,-0.0022553016849037,0.008379868955457241,0.0069374018450108176,0.0039111294254348455,0.65846777,0.66882885,0.68424153,0.52503765,0.5239837,0.5823698,0.5381746,0.5994083,2026-10-05T11:48:39.326418
7,0.603562593460083,0.4995952248573303,0.8140390574455261,0.6034852266311646,0.8140390574455261,0.7640558108329772,0.8410143704414368,2.0397249574661256,0.24029795353412628,2.1850540311813353,1.7764599779129029,1.0,10.0,,,,,0.3806966669559479,0.3806966669559479,,,,18.23577736816406,0.8170658162065373,0.08068047110347232,,0.129925415708808,0.620681822489781,0.2768676420021209,0.0016302369786337445,0.05864909380247259,1.8829992286338928,,0.0025670326304300184,,77.03795210722905,19.47108129027543,,102.4822713280939,77.03096260994103,25.91872487402266,95.09150584032581,39.083133333048245,18.235754620497392,,0.5746101513030423,,0.03178766111184837,0.10317513930379965,,0.043909121826765644,0.029247723401162277,0.07411948320971933,0.0010218397465054016,0.1560878305678155,0.05905007929274231,,,,0.21295,4259.0,0.6273456,0.6139549,0.71646196,0.5867694,0.54620326,0.5915151,0.5631835,0.5822607,0.4869000315666199,0.8687565841674805,0.5755499601364136,0.8687565841674805,0.024,24.0,0.43163707798455625,0.42762799919629374,0.43427670717239775,0.41211697212180365,0.40947372912155083,0.4209357977027083,0.41662426195300173,0.4164769647214931,0.4250118503090724,-0.04153110535648593,-0.041635797264891514,-0.03973275992781529,-0.03633241747323307,-0.034102472040536375,-0.034768234013251506,-0.04199691718494829,-0.04111751503628948,-0.03817155055671891,0.6155,0.6504546,0.5728682,0.5309211,0.5365854,0.57322836,0.5444882,0.60530305,0.509149968624115,0.8122807598114014,0.6067000031471252,0.8122807598114014,0.025,25.0,0.4450220653864703,0.4485351622614428,0.44734035131724714,0.4072020453007286,0.39413839711715376,0.40554549969872034,0.4374351455921031,0.44168741044093657,0.4425041014173674,0.0016085771645824017,-0.0008435979210813522,-4.216609813879337e-05,-0.007949357424713567,-0.005648442082858556,-0.0063058450115114715,-0.0003278838434219526,-0.0008516017987803571,-0.000771836593046504,0.65685487,0.6463964,0.7835766,0.5400763,0.51951224,0.57236844,0.5434959,0.57956207,0.49802500009536743,0.8405186719894409,0.5911249816417694,0.8405186719894409,0.0245,24.5,0.4383295716855133,0.43808158072886827,0.44080852924482244,0.4096595087112661,0.4018060631193523,0.4132406487007143,0.42702970377255245,0.42908218758121486,0.4337579758632199,-0.019961264095951763,-0.021239697592986433,-0.01988746301297704,-0.02214088744897332,-0.019875457061697466,-0.020537039512381488,-0.02116240051418512,-0.020984558417534917,-0.01947169357488271,0.6361774,0.64842546,0.6782224,0.53549874,0.5280488,0.5727984,0.54399204,0.59243256,2026-10-05T11:53:12.358343
8,0.6029025316238403,0.5022875666618347,0.8188612459182739,0.6030477285385132,0.8188612459182739,0.7964667466163635,0.8770265195846557,2.188771844291687,0.2592093218564987,2.637112852859497,1.8336429119110107,1.0,10.0,,,,,0.36571747856140135,0.36571747856140135,,,,18.206135327148438,0.7638535674447846,0.07222478644281721,,0.10581992277104384,0.6440924933761548,0.293643870171468,0.0014205446298483308,0.05337767801277197,2.2541822243458145,,0.0020449378858687457,,77.00098618428419,19.45034488750871,,102.48296851868842,76.99257139947004,25.887944312611964,95.08947379725754,39.08488525099056,18.206112223825638,,0.6062804771836396,,0.032704143529864636,0.10779558387911244,,0.047537627374860135,0.03163005876692997,0.07885003815980474,0.0011889287915709578,0.165838997834807,0.06127381151553932,,,,0.1672,3344.0,0.615417,0.61180025,0.7110737,0.5943128,0.5585865,0.5894343,0.5665249,0.57653767,0.4957999885082245,0.8520897722244263,0.578450083732605,0.8520897722244263,0.018,18.0,0.388111692197798,0.3838208355885889,0.39131943301161776,0.31647611312747365,0.2992885027967913,0.31736378561739226,0.3776161575904067,0.38392315514682884,0.38311885072060503,-0.03418510116510576,-0.03592626199667372,-0.035743923790863566,-0.042004264555678544,-0.039085432728682055,-0.03691512155562742,-0.03869290527888969,-0.03743348751407133,-0.037394452520892504,0.6415,0.67,0.58914727,0.51611847,0.53008133,0.5728347,0.5370079,0.6060606,0.49935001134872437,0.7988082785606384,0.6101500988006592,0.7988082785606384,0.016,16.0,0.43542325888407984,0.4309183023395567,0.43379935423340393,0.4006691057945918,0.3993276891697463,0.3986529016115784,0.4370435699196084,0.43614553176802096,0.43502703840866597,-0.0019032879568478059,-0.0034501804685480777,-0.004416701262347918,-0.002418906165151269,0.0015396674943502374,-0.0051345054490455865,-0.0024189803669882395,-0.0029483886218635447,-0.00587619196006125,0.66411287,0.65720725,0.79781026,0.53435117,0.51585364,0.57543856,0.5268293,0.5963504,0.4975749999284744,0.8254490253925324,0.5943000912666321,0.8254490253925324,0.017,17.0,0.41176747554093895,0.40736956896407284,0.4125593936225108,0.35857260946103275,0.34930809598326884,0.3580083436144853,0.40732986375500757,0.4100343434574249,0.4090729445646355,-0.018044194560976782,-0.019688221232610898,-0.02008031252660574,-0.022211585360414905,-0.01877288261716591,-0.021024813502336502,-0.020555942822938964,-0.020190938067967436,-0.021635322240476876,0.6528064,0.66360366,0.69347876,0.5252348,0.52296746,0.5741366,0.53191864,0.60120547,2026-10-05T11:57:44.709955
9,0.6048274636268616,0.4994722604751587,0.8108587662696838,0.604900062084198,0.8108587662696838,0.809239738368988,0.8912187273025513,2.306584991645813,0.23961302478313445,2.923410681152344,1.8695510334014893,1.0,10.0,,,,,0.37538811597824095,0.37538811597824095,,,,18.17587099914551,0.8018616335881743,0.06229065564775448,,0.0882397589843222,0.6351654987046673,0.25300328692148444,0.00128931991676622,0.0495481124669788,1.9009081303693687,,0.0016333522037995955,,76.96457074402244,19.43194365045827,,102.4766828208972,76.95400072814553,25.85513050540997,95.08801493067651,39.061035034762824,18.175847363320127,,0.6256872605366312,,0.03399005207191607,0.11384014998841438,,0.04938340690105584,0.0337710899484765,0.0825573592713684,0.0012275021779795837,0.17128975765340648,0.06377100517415697,,,,0.15225,3045.0,0.62103045,0.6206404,0.71135104,0.59739333,0.5499805,0.59008086,0.5708992,0.5774746,0.4941999912261963,0.8746851630210877,0.5731000900268555,0.8746851630210877,0.025,25.0,0.4040744739427092,0.4041945449643558,0.4138148498893174,0.37630194221158414,0.347499522314563,0.36815895272755905,0.3913139828249755,0.4030322759903979,0.4048317951729728,-0.03505887637142158,-0.03683507377854898,-0.03625223513031696,-0.040287293083116925,-0.03698698620015349,-0.04458574170157985,-0.034901886376748396,-0.03728765176147244,-0.0395873193147557,0.605,0.66318184,0.581783,0.5230263,0.53211385,0.576378,0.5342519,0.5954545,0.4961000084877014,0.8147488574981689,0.6084499955177307,0.8147488574981689,0.027,27.0,0.4474185146262556,0.450368655774208,0.45540891492168156,0.42705831431260277,0.4476082487081967,0.43287025757903486,0.4445548822312221,0.4513657587060839,0.44861827431688955,-0.005255127102588479,-0.007051450140686308,-0.0071613235690091,-0.002706453652979259,-0.006673038178547438,-0.006230478931860273,-0.006068899493360717,-0.007421617494429618,-0.009224627749227773,0.66935486,0.6463964,0.79379565,0.5377863,0.5126017,0.5640351,0.5349594,0.5937956,0.49514999985694885,0.8447170102596283,0.5907750427722931,0.8447170102596283,0.026000000000000002,26.0,0.4257464942844824,0.42728160036928187,0.4346118824054995,0.4016801282620934,0.3975538855113798,0.40051460515329695,0.4179344325280988,0.42719901734824095,0.4267250347449312,-0.020157001737005027,-0.021943261959617644,-0.02170677934966303,-0.02149687336804809,-0.021830012189350465,-0.02540811031672006,-0.020485392935054556,-0.02235463462795103,-0.02440597353199174,0.63717747,0.6547891,0.6877893,0.5304063,0.52235776,0.5702065,0.5346056,0.59462506,2026-10-05T12:01:55.806045
10,0.6034250259399414,0.5016152262687683,0.8152975111961365,0.6031151413917542,0.8152975111961365,0.7996004802703858,0.8805084418296814,2.2614084688186646,0.2731833203792572,3.0234038410186765,1.8922432302474976,1.0,10.0,,,,,0.3836051701545715,0.3836051701545715,,,,18.145998779296875,0.9806080715386731,0.07914697948641553,,0.11127799366464376,0.6623263271750918,0.24911868358683434,0.0013096431136030444,0.046364206654630646,1.9426836246138166,,0.0022191312360101984,,76.92736140937562,19.410720752303007,,102.46935048680396,76.91579986377886,25.82222182887375,95.08737221493084,39.03845304744259,18.1459755745663,,0.6377488659445647,,0.034934605121802374,0.11760900349943501,,0.05102703679993654,0.03596536191121028,0.0862101419905948,0.0012635238347041189,0.17666412016768365,0.06570971116518519,,,,0.1572,3144.0,0.61156774,0.6108538,0.70023775,0.6040482,0.5590343,0.58836365,0.577258,0.5728717,0.4846000373363495,0.8578707790374756,0.5778499841690063,0.8578707790374756,0.03,30.0,0.41990067809138093,0.4144022563006589,0.4131253965643251,0.3724283988509583,0.3457357621260289,0.3496929014854309,0.401656739329806,0.3777156373225012,0.37267672883767833,-0.016971518188359205,-0.018905617050908124,-0.01730992626236054,-0.020850469018659935,-0.017898063491756884,-0.017059631744582898,-0.010488089473671833,-0.008294096762588793,-0.008921385394676537,0.644,0.6813637,0.5744186,0.52500004,0.5463415,0.5582677,0.5322834,0.5977273,0.5000999569892883,0.8171078186035157,0.6040999889373779,0.8171078186035157,0.033,33.0,0.43083082864602185,0.4268214337134826,0.42465697478533304,0.41100225106379207,0.41206200543429244,0.39966347292630566,0.42480540342850615,0.4224169779638644,0.4131998194172967,0.0020675654738336155,0.0007464062462400029,-0.0007124940644892116,-0.003012863923372196,-0.0011850367616905077,-0.0065739491444458875,0.0030700626537874484,0.002714189206244892,-0.001012372095813437,0.67096776,0.63243246,0.7715329,0.53816795,0.5113821,0.55438596,0.548374,0.5908759,0.4923499971628189,0.8374892988204956,0.5909749865531921,0.8374892988204956,0.0315,31.5,0.4253657533687014,0.4206118450070707,0.4188911856748291,0.39171532495737516,0.3788988837801607,0.3746781872058683,0.41323107137915605,0.4000663076431828,0.3929382741274875,-0.007451976357262795,-0.009079605402334061,-0.009011210163424875,-0.011931666471016065,-0.009541550126723695,-0.011816790444514393,-0.0037090134099421928,-0.002789953778171951,-0.0049668787452449865,0.6574839,0.6568981,0.6729758,0.531584,0.52886176,0.55632687,0.54032874,0.5943016,2026-10-05T12:06:28.700029
11,0.6066300868988037,0.5001851320266724,0.8076587351799012,0.6064570546150208,0.8076587351799012,0.8090164710998535,0.890970655632019,2.3571763483047485,0.24393152136802673,3.236805854034424,1.903131516265869,1.0,10.0,,,,,0.4002942841529846,0.4002942841529846,,,,18.11642205505371,1.0758176186258437,0.10502216857146163,,0.10904082648788288,0.7132653656658853,0.20331455335305754,0.0013557159307392042,0.047591352265826455,1.7685557345675815,,0.0018909625770415885,,76.89110453417346,19.393896989761643,,102.46566893948112,76.8776500240253,25.78764184113521,95.08453466330364,39.02128673966523,18.11639872022495,,0.6434983914824808,,0.03595508281497439,0.12403433656047104,,0.0533126370779648,0.038150687102869056,0.08939406688615775,0.001294450269371366,0.18280502859574216,0.06808009819619974,,,,0.15435,3087.0,0.6151163,0.61081356,0.68589544,0.62983805,0.5686916,0.58311117,0.59224385,0.5648065,0.5148999094963074,0.845169581413269,0.5783501267433167,0.845169581413269,0.029,29.0,0.432107536788534,0.4305238546748648,0.43228553251256,0.463477849140625,0.4576817141578845,0.4562926217102068,0.43429767071811665,0.4319669286331669,0.42975272118007884,0.007275693570749172,0.00710677636070126,0.0067293628221575036,0.0018931109204756089,0.00043654730005625417,0.0031125621886306707,0.005511500790466527,0.00372523112501804,0.007259475126854453,0.6145,0.6331818,0.577907,0.5322369,0.545935,0.56929135,0.56496066,0.6106061,0.49164995551109314,0.8013529086112976,0.6038499474525452,0.8013529086112976,0.03,30.0,0.43711048108205536,0.44197527380401475,0.4410495467008941,0.3962545851951696,0.4087616597868705,0.40182219330201807,0.4281426701050595,0.43508331170482545,0.4274622073730889,0.019015957466387033,0.01859409225535406,0.017596290528418018,0.014608347129909851,0.012138322475885106,0.011941024965215947,0.014963014678847428,0.015926691301204537,0.013458394859242209,0.6604839,0.6621622,0.7726277,0.5526718,0.5186992,0.54692984,0.54390246,0.5631387,0.5032749325037003,0.8232612450122834,0.5911000370979309,0.8232612450122834,0.0295,29.5,0.43460900893529464,0.4362495642394398,0.43666753960672705,0.4298662171678973,0.4332216869723775,0.42905740750611243,0.4312201704115881,0.43352512016899614,0.42860746427658386,0.013145825518568102,0.01285043430802766,0.012162826675287761,0.00825072902519273,0.00628743488797068,0.007526793576923309,0.010237257734656977,0.009825961213111288,0.010358934993048331,0.63749194,0.647672,0.67526734,0.54245436,0.5323171,0.5581106,0.55443156,0.5868724,2026-10-05T12:10:54.679765
12,0.6084673404693604,0.4997376501560211,0.8039599379539489,0.6085521578788757,0.8039599379539489,0.816426997089386,0.8992045704841614,2.28261718711853,0.19616173524856567,3.4943760585784913,1.9206793331146241,1.0,10.0,,,,,0.4300068967819214,0.4300068967819214,,,,18.086653408813476,0.7413238784547445,0.06381157845270577,,0.08591340538292269,0.723110915369289,0.2121785002861433,0.0013546006445206442,0.04700045364724982,1.8432077008068182,,0.0017867120619878844,,76.85464992644681,19.373143202180316,,102.46520694805558,76.84034918523898,25.753619054320513,95.08345600298256,38.99558328519202,18.086629709620386,,0.6526911011926687,,0.0371276281157117,0.12828648726271977,,0.0559215645549024,0.04032604878020894,0.09255446341766674,0.0013928115538434144,0.18754948761053147,0.07030841437684503,,,,0.1585,3170.0,0.6199278,0.6077728,0.69219494,0.6215837,0.566803,0.5877576,0.59576756,0.57584524,0.49915003776550293,0.8467788925170898,0.5801500082015991,0.8467788925170898,0.021,21.0,0.46719991188955284,0.4515255501300126,0.4656407609498614,0.4483185638877893,0.4431873227052645,0.4535242873173363,0.46558432141512784,0.4650171644559782,0.465596193134631,-0.0029334258813880905,-0.0023838756181100073,-0.0037895681408261703,0.008716650866249601,0.005297000276243263,0.010154685179533596,0.006043048865448174,0.005355724161319535,0.007145987533483244,0.65,0.67954546,0.5852713,0.5256579,0.55609757,0.5787402,0.51889765,0.5848485,0.4914499819278717,0.8051193685531616,0.6057000160217285,0.8051193685531616,0.02,20.0,0.43464747013926064,0.43064126450489837,0.43368162781540603,0.44208463849367513,0.444831682025203,0.4436627931814656,0.4557042074419164,0.45577138211756646,0.4537445007159647,0.005213459781275232,0.003986208068572294,0.004656197344947972,0.0016849918239590226,0.0032044316046417813,0.001178971412974058,0.007488673629459813,0.007542597822931624,0.006141224989097322,0.67258066,0.63918924,0.7875913,0.5377863,0.5130082,0.56798244,0.54268295,0.57226276,0.4953000098466873,0.8259491305351256,0.5929250121116638,0.8259491305351256,0.0205,20.5,0.45092369101440677,0.4410834073174555,0.44966119438263374,0.4452016011907322,0.44400950236523373,0.44859354024940096,0.46064426442852213,0.4603942732867723,0.45967034692529785,0.0011400169499435708,0.0008011662252311435,0.0004333146020609009,0.005200821345104312,0.004250715940442522,0.0056668282962538275,0.006765861247453993,0.006449160992125579,0.006643606261290283,0.6612903,0.6593673,0.6864313,0.53172207,0.5345529,0.5733613,0.5307903,0.57855564,2026-10-05T12:15:27.448906
13,0.6069675087928772,0.5007200837135315,0.8041453198432922,0.6071024537086487,0.8041453198432922,0.8251388166427612,0.9088843673706055,2.3127331897735597,0.21061018068790435,3.6233435905456544,1.9631409055709839,1.0,10.0,,,,,0.4136169288635254,0.4136169288635254,,,,18.057251995849608,0.7653392768660738,0.07112792441043053,,0.08541269809197469,0.7635306454957671,0.2174121862526532,0.0010438849332936667,0.03876130367113147,2.066530428684441,,0.0016462684757156656,,76.81762938286847,19.34872883596238,,102.46085620078311,76.80270696749353,25.71999688361101,95.08180222237945,38.96146995398649,18.057229728455756,,0.6745650005188717,,0.03771886182059148,0.12985638676175645,,0.057811120441954605,0.042215806805783775,0.09568987919646464,0.001449140672613481,0.19106170345263876,0.07239078825256627,,,,0.13675,2735.0,0.6202486,0.61431736,0.69522583,0.6130529,0.5650312,0.5868687,0.5904212,0.57089615,0.5005499720573425,0.857585458278656,0.5791000127792358,0.857585458278656,0.023,23.0,0.4363502336135765,0.43606348443531456,0.43682011207007315,0.45762828935966054,0.48698809370445434,0.4663151195805621,0.45598142237135103,0.4577907124917031,0.4519596184372063,0.009347986861222977,0.011397892248238922,0.009084486844575156,0.012661391303741604,0.0034452304982620155,0.012979561271230098,0.008430072574913334,0.008844576464564685,0.007754253249814869,0.63850003,0.67318183,0.5899225,0.51842105,0.54227644,0.57165354,0.5224409,0.61098486,0.5041500329971313,0.804269483089447,0.6112000942230225,0.804269483089447,0.024,24.0,0.40361322458685484,0.40051983848687034,0.4093328481672343,0.3923951192970353,0.41700508614059634,0.4136951593602058,0.42642133715282293,0.43171636088136534,0.4071928342222307,-0.0013593161931773669,-0.001816276475377295,-0.0020109454221849043,0.003298797799519162,0.005195558647447454,0.0016503188642294797,0.0018283907382698448,0.0024658312091265563,-0.003299262059008991,0.67862904,0.65450454,0.79890513,0.5339695,0.50853664,0.5785088,0.54308945,0.5817519,0.5023500025272369,0.8309274706840515,0.5951500535011292,0.8309274706840515,0.0235,23.5,0.4199817291002157,0.4182916614610924,0.42307648011865373,0.4250117043283479,0.45199658992252534,0.44000513947038394,0.44120137976208695,0.4447535366865342,0.4295762263297185,0.003994335334022805,0.0047908078864308135,0.0035367707111951256,0.007980094551630384,0.004320394572854734,0.007314940067729789,0.00512923165659159,0.005655203836845621,0.002227495595402939,0.65856457,0.66384315,0.6944138,0.5261953,0.52540654,0.57508117,0.53276515,0.5963684,2026-10-05T12:19:59.997876
14,0.6063650250434875,0.49851518869400024,0.8052832498550415,0.6065924763679504,0.8052832498550415,0.8226818496704101,0.9061544107437134,2.2846754682540893,0.23735708429813385,3.705021977996826,1.994515658378601,1.0,10.0,,,,,0.40083378868103026,0.40083378868103026,,,,18.028472009277344,0.7575429282299463,0.0667905935626121,,0.08153778685933086,0.791163672497318,0.2199769666430297,0.0011657407386065312,0.04045581378659625,2.029307310368605,,0.0013419310448770589,,76.78012663239886,19.326468680314957,,102.45365147681753,76.76539976277928,25.68596456005315,95.0811788473919,38.943725926101585,18.028448700145553,,0.6903938168932677,,0.03835650353105205,0.1329970104489357,,0.05939498754918195,0.043911959311574884,0.0990656676945413,0.0015327618702071582,0.19650548089082073,0.07425396300994666,,,,0.1332,2664.0,0.61501604,0.60886025,0.7056458,0.6163902,0.5609813,0.5901212,0.5829891,0.5718534,0.5028000473976135,0.8453445143699646,0.5777999758720398,0.8453445143699646,0.019,19.0,0.3943947812229745,0.39189261595828945,0.3958983270861064,0.41661238841185294,0.39443693056176093,0.41096157375550685,0.40714295071046824,0.4131841959402104,0.38710522621347965,-0.006654938031303048,-0.0037592567826867226,-0.0069304649916087525,-0.008412475862097734,0.004004891579888389,-0.0029620482242428904,-0.0040918152896786365,-0.0018666539601119283,-0.0020300978886509864,0.622,0.6454545,0.58449614,0.52894735,0.550813,0.58149606,0.5346457,0.6007576,0.49684998393058777,0.7924323906898498,0.6104000210762024,0.7924323906898498,0.022,22.0,0.41144609226667206,0.41188554405158206,0.4182403792791588,0.4152549451972684,0.40762265582898716,0.4236511604741406,0.43539197531808604,0.441686738929387,0.4205903621746143,0.0054986632648855276,0.0022449342432409544,0.0027063352728000003,0.007196664512816232,0.004410120976341814,0.004559547840502944,0.005717840854755398,0.0035915334321239174,0.0009441351286448477,0.66895163,0.6441441,0.7952555,0.5427481,0.5130082,0.5728071,0.548374,0.5843066,0.49982501566410065,0.8188884525299072,0.5940999984741211,0.8188884525299072,0.020499999999999997,20.5,0.40292043674482325,0.40188908000493573,0.4070693531826326,0.4159336668045607,0.401029793195374,0.4173063671148237,0.42126746301427714,0.42743546743479865,0.403847794194047,-0.0005781373832087601,-0.0007571612697228841,-0.002112064859404376,-0.000607905674640751,0.004207506278115102,0.0007987498081300267,0.0008130127825383806,0.0008624397360059945,-0.0005429813800030693,0.6454758,0.64479935,0.68987584,0.5358477,0.5319106,0.57715154,0.54150987,0.5925321,2026-10-05T12:24:21.433824
15,0.6085652112960815,0.4992675185203552,0.7997945789337159,0.6088426113128662,0.7997945789337159,0.8019955305099488,0.8831696108818055,2.0637683139801024,0.18970732362270354,3.321488188171387,1.9990088638305663,1.0,10.0,,,,,0.35403290057182313,0.35403290057182313,,,,17.99951821899414,0.5989740837045061,0.04206190238244072,,0.05239138480981776,0.8068483090324766,0.19075672805404206,0.0009864958998254815,0.035652132390458495,2.1407721686135432,,0.0011631578452081367,,76.74293070993606,19.297874875888702,,102.44697633974111,76.7279540626866,25.651947264458723,95.07866712436555,38.93498040460477,17.99949428534052,,0.6926536814422365,,0.039319647962500336,0.1342438598916789,,0.06045089161415009,0.04556337622984959,0.10231802693218182,0.0015681897183275147,0.20285898560930968,0.07617556142389395,,,,0.14625,2925.0,0.6100441,0.60702777,0.69443345,0.628752,0.56524533,0.58969694,0.6005266,0.5741955,0.5029000043869019,0.8474837198257447,0.5807499289512634,0.8474837198257447,0.019,19.0,0.34339058436022807,0.33967796537949807,0.34617320725807693,0.3419225563403912,0.36141799617872056,0.3623549315319379,0.3083147871932771,0.3091278870783051,0.3039274541673686,-0.01965178861118455,-0.017745562800492144,-0.022607807185212044,-0.018057668162559288,-0.00971984420923168,-0.01739750384840537,-0.012655455195560708,-0.0076652023892637335,-0.014860988947556508,0.6085,0.635,0.5918605,0.5427632,0.5626017,0.5807087,0.5562992,0.58787876,0.5059999823570251,0.7968903303146362,0.6106500625610352,0.7968903303146362,0.018,18.0,0.4183894607513212,0.41412917638322844,0.41941821422726716,0.4186049074412982,0.43824720168598885,0.43145793092111573,0.4376000804982391,0.4362527312670435,0.4243743499465329,-0.0006677799623191034,-0.0011815510111138797,-0.0029724681775358487,-0.00015308957285894748,0.005418715083848117,-0.004309777932162271,0.0031059054287278865,0.0024182036041311807,0.0003584239083520956,0.6580645,0.65450454,0.7828467,0.55458015,0.52154475,0.5719299,0.5471545,0.5828467,0.5044499933719635,0.8221870250701904,0.5956999957561493,0.8221870250701904,0.0185,18.5,0.38089002255577464,0.3769035708813633,0.38279571074267205,0.3802637318908447,0.3998325989323547,0.3969064312265268,0.3729574338457581,0.3726903091726743,0.3641509020569508,-0.010159784286751827,-0.009463556905803012,-0.012790137681373947,-0.009105378867709117,-0.002150564562691782,-0.01085364089028382,-0.00477477488341641,-0.0026234993925662764,-0.007251282519602206,0.63328224,0.64475226,0.6873536,0.54867166,0.54207325,0.5763193,0.5517268,0.58536273,2026-10-05T12:28:53.694814
16,0.6112302541732788,0.5015653967857361,0.7933039381980896,0.6115047931671143,0.7933039381980896,0.795269545841217,0.8756962947845459,1.9857573389053345,0.17036546341180803,3.4093628883361817,1.999627646636963,1.0,10.0,,,,,0.3759138756752014,0.3759138756752014,,,,17.969428253173827,0.4875563860746326,0.04630066952252891,,0.05188588787961727,0.8510392173460335,0.18282127413590243,0.00108929512415016,0.03903709453453494,1.8280318003551217,,0.0010210026151876582,,76.70381290897443,19.27300612334233,,102.43901475068111,76.69109674927536,25.616167724512184,95.07617070872313,38.88596939281294,17.96940493735538,,0.6929617767121382,,0.03959794890633814,0.13648241008542905,,0.06160088825472601,0.04739507157236907,0.10486530465115408,0.0016185407842669612,0.2043579773158784,0.07820246525251182,,,,0.16265,3253.0,0.6093625,0.6129279,0.7000396,0.63736176,0.57402647,0.59256566,0.5933779,0.57107943,0.5137500166893005,0.8251076450347901,0.598300039768219,0.8251076450347901,0.028,28.0,0.3805182690394012,0.3779504838752665,0.3858583625783722,0.4229110312710378,0.41003972864257693,0.4304544296868259,0.3929537907746201,0.38060119575497037,0.39081418320907085,-0.032483958183723086,-0.03296413640717964,-0.03174499939279623,-0.02723505117339217,-0.019451358834237358,-0.024930832644295284,-0.025343259993185634,-0.02645150228286199,-0.02462120620980623,0.592,0.6090909,0.5662791,0.59407896,0.6548781,0.5850394,0.5885827,0.59962124,0.5006500482559204,0.8104452404975891,0.6048001050949097,0.8104452404975891,0.029,29.0,0.39053637979754885,0.3886162394585969,0.3943604566074803,0.38924074068097403,0.39508769362379986,0.4085408058733679,0.41076347320313855,0.4036053117914617,0.40390004258879575,0.005464928941607333,0.0044210613523647125,0.004047939421982739,0.006303537473065852,0.0008490650915754258,0.002867927414758802,0.006130096933855436,0.00443260182945212,0.0032405000489695015,0.6076613,0.6148649,0.7332117,0.6064886,0.53170735,0.5745614,0.58983743,0.56824815,0.5072000324726105,0.8177764427661895,0.6015500724315643,0.8177764427661895,0.0285,28.5,0.38552732441847504,0.38328336166693167,0.3901094095929263,0.4060758859760059,0.4025637111331884,0.41949761778009687,0.40185863198887933,0.39210325377321603,0.3973571128989333,-0.013509514621057876,-0.014271537527407466,-0.013848529985406744,-0.010465756850163158,-0.009301146871330965,-0.01103145261476824,-0.0096065815296651,-0.011009450226704935,-0.010690353080418364,0.5998306,0.61197793,0.6497454,0.60028374,0.5932927,0.57980037,0.58921003,0.58393466,2026-10-05T12:33:26.970216
17,0.6101526618003845,0.5008049607276917,0.797248133277893,0.6102298498153687,0.797248133277893,0.8004749348640442,0.8814800566673279,2.03244691696167,0.17803235051631927,3.5948128086090088,1.9931858394622803,1.0,10.0,,,,,0.39115566449165345,0.39115566449165345,,,,17.939336706542967,0.7791729081825466,0.05419852282365511,,0.0638613392640451,0.8720620396030936,0.17916990977943323,0.0011663505546882108,0.0400545755223294,1.7921812572297018,,0.0013220828440799275,,76.66629028320312,19.248443263351536,,102.43250386426404,76.65438731005237,25.583099085813874,95.07393621942799,38.873621266358974,17.93931363342674,,0.6897309422492981,,0.040656904197612385,0.13864568208053613,,0.06297284362327521,0.048931143489802716,0.10826955545859732,0.0017348311657596166,0.21016463751246214,0.07990629463248951,,,,0.1576,3152.0,0.6087811,0.60660493,0.69403726,0.63821095,0.56752336,0.5906869,0.5977116,0.57731164,0.49664998054504395,0.8550083689689636,0.577549934387207,0.8550083689689636,0.025,25.0,0.363472883151322,0.3519085367768482,0.3650167388897019,0.3831714756356674,0.3588780385886386,0.38580536883037453,0.34737050482396703,0.3376479546494582,0.3316186206774537,-0.037097466166888735,-0.035661498350552816,-0.04024350156145197,-0.03429012427756447,-0.030049307881912665,-0.03774357961839534,-0.03206641152314857,-0.030835692536915472,-0.03647949928566853,0.62350005,0.6409091,0.5786822,0.53157896,0.5731707,0.568504,0.5370079,0.5935606,0.49505001306533813,0.8027908439636231,0.6104000210762024,0.8027908439636231,0.026,26.0,0.42136552887709494,0.41913255862890686,0.42092879431594743,0.3975152197230038,0.3941319834911658,0.3965398742059533,0.4618412775138469,0.46019179807095373,0.4274309150181111,-0.0052101798571108394,-0.005708447422631188,-0.00624262400690444,-0.003493433785330581,-0.0010908063332512033,-0.005043175690948714,-0.009212119449778256,-0.008987762484640265,-0.011177273044437129,0.6616936,0.6400901,0.78868616,0.55763364,0.5138211,0.5728071,0.55569106,0.57919705,0.49584999680519104,0.8288996064662933,0.5939749777317047,0.8288996064662933,0.025500000000000002,25.5,0.39241920601420843,0.3855205477028775,0.39297276660282465,0.3903433476793356,0.3765050110399022,0.3911726215181639,0.404605891168907,0.398919876360206,0.3795247678477824,-0.021153823011999785,-0.020684972886592,-0.023243062784178203,-0.018891779031447526,-0.015570057107581935,-0.021393377654672027,-0.02063926548646341,-0.01991172751077787,-0.02382838616505283,0.64259684,0.6404996,0.6836842,0.5446063,0.5434959,0.5706555,0.5463495,0.5863788,2026-10-05T12:37:58.872300
18,0.6133147478103638,0.49975985288619995,0.787822597694397,0.6140297651290894,0.787822597694397,0.8100577834129333,0.892127670764923,2.0812854042053224,0.17929330141544342,3.7566624362945555,1.9967157527923585,1.0,10.0,,,,,0.38301511454582216,0.38301511454582216,,,,17.909581524658204,0.820036755245962,0.05722884984559433,,0.07302145541876934,0.9638908188434163,0.19107708970832218,0.001070186593936857,0.03493769858388385,1.979033739703476,,0.0015044749104458643,,76.62927333564515,19.22952314243195,,102.43020970046899,76.61773900317539,25.549033729893388,95.07195592989588,38.8383186729091,17.9095579013703,,0.6915024222841688,,0.04128006003369951,0.14269025547868885,,0.06518628196731495,0.050544887876055045,0.1111501486627919,0.0018756270659256986,0.21297194063663483,0.08168381794243101,,,,0.14885,2977.0,0.6095429,0.6144986,0.70390254,0.642575,0.5756036,0.5927475,0.5962536,0.5758045,0.4945000112056732,0.8525097670555115,0.5727499723434448,0.8525097670555115,0.025,25.0,0.33881196225308147,0.3393920330794166,0.3438327870512321,0.37488404655665036,0.32909118587840813,0.3580258267383558,0.34502585910468847,0.34247099396782943,0.33585453889095807,-0.004902905904563885,-0.008148067577427778,-0.006609091294981553,-0.017900162474075786,-0.018228189231479577,-0.02142039745466012,-0.014632814467706328,-0.017425940494353562,-0.019426045870760997,0.6065,0.6109091,0.5976744,0.5256579,0.5626017,0.5641732,0.5330709,0.6011363,0.4971500635147095,0.8010976619720459,0.6062000393867493,0.8010976619720459,0.028,28.0,0.4408756049634897,0.44741623227053195,0.4464261454831697,0.4345097802491862,0.44272448764536365,0.4371529763128673,0.4499171241311444,0.4575273580298248,0.42177156375310354,0.007153673390647646,0.007368141364431082,0.004524900740475186,0.0033058838998409395,0.011065584637422958,0.0018735486024462238,0.005572736920745148,0.006810264974725853,0.0014078835327413996,0.6580645,0.66126126,0.7642336,0.55763364,0.5256098,0.5504386,0.55203253,0.57043797,0.49582503736019135,0.8268037145137788,0.589475005865097,0.8268037145137788,0.026500000000000003,26.5,0.3898437836082856,0.3934041326749743,0.3951294662672009,0.40469691340291825,0.3859078367618859,0.39758940152561156,0.3974714916179164,0.3999991759988271,0.3788130513220308,0.0011253837430418808,-0.000389963106498348,-0.0010420952772531838,-0.007297139287117423,-0.0035813022970283097,-0.009773424426106948,-0.0045300387734805905,-0.005307837759813855,-0.0090090811690098,0.63228226,0.63608515,0.680954,0.54164577,0.54410577,0.55730593,0.54255176,0.5857872,2026-10-05T12:42:30.910717
19,0.6113302111625671,0.5012001991271973,0.7928258622169495,0.6113923788070679,0.7928258622169495,0.801793192577362,0.8829447912216186,1.984998038482666,0.18016163272857666,3.732517944717407,1.9908203298568725,1.0,10.0,,,,,0.37112360215187074,0.37112360215187074,,,,17.880284143066405,1.2425957154008045,0.0769451210589688,,0.08962372472141958,0.9310700857335594,0.18270164346144457,0.0012167625332764307,0.03782931658302902,2.0385027148161723,,0.002056952462237622,,76.5926596769102,19.205963608565604,,102.42887042586212,76.58127253830054,25.516030949392135,95.07149680556765,38.80850382519376,17.880259313401144,,0.6885205951465923,,0.04228179536427662,0.14494430069710798,,0.06708859277378981,0.052114194864110584,0.11414839474448732,0.001957634970350013,0.2164269076411132,0.0834742057949874,,,,0.15495,3099.0,0.60665596,0.60271853,0.6817551,0.65199447,0.5768692,0.58769697,0.6049008,0.57729125,0.5094000101089478,0.8512789373397827,0.5797998905181885,0.8512789373397827,0.027,27.0,0.3883392243005898,0.3864398775461974,0.3967167327619854,0.4171523642129356,0.42103323722030656,0.42082035922467237,0.37737846265204833,0.3773627853486594,0.3850461646157607,-0.03399853622471738,-0.035591464677144385,-0.03563245659764153,-0.029029491124574855,-0.027886069997369523,-0.03499674351580751,-0.03683555079164912,-0.039479059255420654,-0.036040252074525596,0.6125,0.6181818,0.5643411,0.5490132,0.5849594,0.5661417,0.57086617,0.59053034,0.5050999522209167,0.8075017442703247,0.6043999195098877,0.8075017442703247,0.027,27.0,0.40490203804426395,0.40229129485836207,0.4061490018243066,0.4599600606621067,0.4619938388618412,0.4615794697580522,0.44951850565364826,0.4455988265695058,0.43449221965798823,0.007425097732425298,0.005419160984025674,0.005942703009022421,0.0034558574711747747,0.00293481565448766,0.0004721599763563884,0.004144436767514882,0.0037075080586562326,0.0005986218200600299,0.6435484,0.6445946,0.740146,0.5790076,0.51626015,0.55921054,0.5593496,0.5821168,0.5072499811649323,0.8293903408050537,0.5920999050140381,0.8293903408050537,0.027,27.0,0.39662063117242685,0.39436558620227974,0.401432867293146,0.4385562124375212,0.44151353804107385,0.4411999144913623,0.4134484841528483,0.4114808059590826,0.40976919213687446,-0.01328671924614604,-0.015086151846559356,-0.014844876794309556,-0.01278681682670004,-0.012475627171440932,-0.01726229176972556,-0.016345557012067122,-0.01788577559838221,-0.017720815127232784,0.6280242,0.6313882,0.65224355,0.5640104,0.55060977,0.56267613,0.5651079,0.58632356,2026-10-05T12:47:03.051603
20,0.6103225946426392,0.4973202049732208,0.7942136751174926,0.6109748482704163,0.7942136751174926,0.8009040190696717,0.8819568172454834,2.035240093421936,0.17497364766597748,3.882840684890747,1.9967069768905639,1.0,10.0,,,,,0.3816231210708618,0.3816231210708618,,,,17.850238302612304,0.657903983228051,0.05675434986289567,,0.06705065774820318,0.9533472704659601,0.18232166838304253,0.0013528594122102164,0.03932992660790492,1.8832156422791209,,0.002086576080293792,,76.55557741784746,19.183537938792234,,102.42968579917957,76.54453525421725,25.481820877949904,95.0680956992374,38.81233781462262,17.850215025008865,,0.6914902857154798,,0.04289296706011341,0.1471001595068889,,0.06920224698675666,0.053577449291375034,0.1170187685045467,0.002051310935561919,0.2236953842791782,0.08534158377131079,,,,0.1642,3284.0,0.6103448,0.60791385,0.6969295,0.6451422,0.5685748,0.5863839,0.594188,0.5771283,0.5073000192642212,0.8247051448822021,0.5883999466896057,0.8247051448822021,0.032,32.0,0.39235352650178434,0.3900397034499738,0.3943815158425918,0.4195354484146801,0.4100943634418745,0.41257616138665265,0.38726217626602694,0.38841956263410293,0.3854509945683393,-0.000804971574509936,-0.0027042453189233926,-0.0017420853354561422,-0.0058368530162105385,-0.006543425949655308,-0.0018975443201454162,-0.0004805196342432162,-0.0014916572060866826,-0.0007845187597427349,0.62,0.64727277,0.5608527,0.5542763,0.6162602,0.5598425,0.5492126,0.6208334,0.5017499923706055,0.800941077709198,0.6051999926567078,0.800941077709198,0.032,32.0,0.35199263536176223,0.34841579375514825,0.35487181023843417,0.3761041515991355,0.36306307151377176,0.37062171071122346,0.3765564998825445,0.37883952386054737,0.3741873669007199,0.00766126708161125,0.005692213223429233,0.0065795628891613615,0.0014080758558631693,-0.006416533548720453,-0.0030658517407398116,0.0044479685134425915,0.0039175269562962385,0.002175186741520911,0.6524194,0.6351351,0.7434307,0.5942748,0.51829267,0.5605263,0.5699187,0.55729926,0.5045250058174133,0.8128231112957001,0.5967999696731567,0.8128231112957001,0.032,32.0,0.37217308093177326,0.369227748602561,0.37462666304051295,0.3978198000069078,0.38657871747782313,0.39159893604893803,0.38190933807428573,0.3836295432473251,0.3798191807345296,0.003428147753550657,0.0014939839522529203,0.0024187387768526097,-0.0022143885801736846,-0.00647997974918788,-0.0024816980304426138,0.0019837244395996875,0.0012129348751047779,0.000695333990889088,0.6362097,0.64120394,0.6521417,0.57427555,0.5672764,0.5601844,0.55956566,0.5890663,2026-10-05T12:51:37.016803
21,0.6141600608825684,0.4996749460697174,0.7882952422142029,0.6145323514938354,0.7882952422142029,0.8260519517898559,0.9098989661216735,2.3066970720291136,0.17371670491695404,3.957577060317993,1.9989693672180175,1.0,10.0,,,,,0.3778464304447174,0.3778464304447174,,,,17.820585681152345,0.6770536354772604,0.04034587942585824,,0.04955953996996306,0.9411898627402676,0.17016278957105746,0.0010602505222129025,0.034883392844230504,1.9483390268246839,,0.0012764110001017989,,76.5193555795463,19.160837027677307,,102.42907437852993,76.5078782488586,25.448682007516265,95.06558543405716,38.80472010715752,17.820563881260576,,0.6926338403088272,,0.04424898248094662,0.14916640311289744,,0.07129504588569045,0.054919750257662145,0.12017062866384057,0.0022730424475209537,0.22944981343806928,0.08724705148844203,,,,0.1428,2856.0,0.607097,0.5925292,0.6861926,0.66996443,0.57848525,0.58698994,0.6171122,0.57637477,0.49239999055862427,0.8435903730392456,0.5799500942230225,0.8435903730392456,0.035,35.0,0.32032195640650407,0.3174317422839711,0.32066364656321955,0.2859023977383154,0.2702506563777069,0.27271295936192114,0.32433594579604214,0.32354008779399157,0.32193247313013335,-0.005828738647425839,-0.009439013702159924,-0.013605102701221118,-0.0013275855086141615,0.006515579878455224,-0.009562496079392302,-0.012691316544678222,-0.013659100903963968,-0.022217061218233435,0.5725,0.65,0.5410853,0.5588816,0.6227642,0.58149606,0.5397638,0.58674246,0.5023500323295593,0.8099771270751953,0.599649965763092,0.8099771270751953,0.037,37.0,0.3917822152146751,0.39065931320946257,0.39447018221865876,0.39017735227987815,0.38708934248664817,0.3977309814929652,0.4153183262033417,0.4165636162920905,0.4150336788530913,-0.0075846834193541495,-0.00993034617839905,-0.00949724215320956,-0.004100709338645978,-0.007171154534497961,-0.00802735992238993,0.0005522921597680773,-0.00038436295090171557,-0.0010014803741027185,0.63508064,0.59144145,0.73503655,0.59351146,0.53292686,0.5350877,0.57967484,0.57627743,0.4973750114440918,0.8267837500572204,0.5898000299930573,0.8267837500572204,0.036000000000000004,36.0,0.35605208581058956,0.3540455277467168,0.35756691439093913,0.33803987500909677,0.32866999943217756,0.33522197042744317,0.3698271359996919,0.37005185204304103,0.36848307599161234,-0.0067067110333899945,-0.009684679940279488,-0.01155117242721534,-0.0027141474236300695,-0.0003277873280213687,-0.008794928000891116,-0.006069512192455073,-0.007021731927432842,-0.011609270796168077,0.6037903,0.62072074,0.6380609,0.57619655,0.5778456,0.5582919,0.5597193,0.58150995,2026-10-05T12:56:09.685830
22,0.614669919013977,0.5009675025939941,0.784804910850525,0.6150349974632263,0.784804910850525,0.8255388089179992,0.90932880859375,2.337910715293884,0.17600224635601044,3.859873435592651,1.9889043109893798,1.0,10.0,,,,,0.38897618985176086,0.38897618985176086,,,,17.791836505126952,0.7658535002428255,0.05153485605860971,,0.05522520681487242,0.9494421857937126,0.16876953121298438,0.0009280552735009414,0.03139335418914913,2.1594957606807634,,0.0013777094459589193,,76.48223531929551,19.136477500769743,,102.42538073108454,76.4714843361241,25.416758628407862,95.06405382095629,38.813941032263884,17.791812884579798,,0.6875399844661639,,0.04502397578707926,0.15121535036214598,,0.07244468565769256,0.05622079743036799,0.12326059651792429,0.002322962802722101,0.23679502593104246,0.08909414627939273,,,,0.1446,2892.0,0.61379313,0.60590017,0.6940967,0.6546208,0.57344234,0.59240407,0.61109763,0.57370675,0.4880499839782715,0.8442988572120667,0.5785500407218933,0.8442988572120667,0.026,26.0,0.4116543436333205,0.40597203767593126,0.41287014406773176,0.47511692717224013,0.4585894912937011,0.474610938886072,0.41207998888877745,0.4045192820951426,0.41288273386573815,-0.005283694919196618,-0.007279813244462974,-0.009274276123431248,-0.00484842671323995,-0.004722647440649125,-0.0099091699040318,-0.0016315411498107639,-0.0026418739845471264,-0.00829396630154453,0.6375,0.675,0.56666666,0.53125,0.5869919,0.5551181,0.5145669,0.59583336,0.49799999594688416,0.7942268319129944,0.6088500022888184,0.7942268319129944,0.024,24.0,0.3705715476442491,0.37101210152010766,0.37321946162353814,0.40922241682897453,0.3917994198671083,0.3961689892540098,0.4436648250284503,0.4441764813627308,0.4334985769515839,-0.0006364472870036878,-0.002816197810186827,-0.00275874324868841,-0.00200026217187942,-0.006225566074949999,-0.005993616797378436,3.1721459053287065e-05,-0.00016551041800316895,-0.004755847219625111,0.6572581,0.64099103,0.78795624,0.5687023,0.51544714,0.5671053,0.55325204,0.5667883,0.4930249899625778,0.8192628445625305,0.5937000215053558,0.8192628445625305,0.025,25.0,0.3911129456387848,0.38849206959801946,0.3930448028456349,0.4421696720006073,0.4251944555804047,0.4353899640700409,0.42787240695861384,0.42434788172893667,0.423190655408661,-0.0029600711031001533,-0.0050480055273249,-0.0060165096860598285,-0.0034243444425596853,-0.005474106757799562,-0.007951393350705119,-0.0007999098453787384,-0.0014036922012751476,-0.006524906760584821,0.64737904,0.6579955,0.6773114,0.5499761,0.5512195,0.5611117,0.53390944,0.58131087,2026-10-05T13:00:43.050386
23,0.6142327785491943,0.49787020683288574,0.7865383426666259,0.6145274043083191,0.7865383426666259,0.8167671690940856,0.8995825419425965,2.1777116485595704,0.1609500990152359,3.7460093063354494,1.9958243236541748,1.0,10.0,,,,,0.3787718351840973,0.3787718351840973,,,,17.762352560424805,1.4580411774693591,0.08507528513296252,,0.09698190760448765,0.9994296985826675,0.1714220651585585,0.0011424835128813484,0.033630448862150976,1.979044650011002,,0.0019897309142208634,,76.44588276079506,19.118336064041042,,102.42193180740259,76.43436227786313,25.38328795220442,95.06238079678481,38.76372136887471,17.762329648254784,,0.6910433123825462,,0.0458646280465612,0.15457501058365888,,0.07412432357194318,0.05733782295019004,0.1263114931477103,0.00240588700250503,0.23792012576844282,0.09080308068330122,,,,0.14935,2987.0,0.6102847,0.60171163,0.69459194,0.6603673,0.5694899,0.5903636,0.6082827,0.5799593,0.5021999478340149,0.8190475897789001,0.5992499589920044,0.8190475897789001,0.023,23.0,0.3580415533323719,0.3541075634179384,0.35896213579793473,0.40418833982264424,0.3835474450778598,0.40063134133850015,0.43252721398607324,0.43415721312375816,0.43475463840887596,-0.0125423346599236,-0.00830721099141482,-0.011151492346877864,-0.018059779304686212,-0.020385998364517797,-0.017089186049852885,-0.004120234288078196,-0.0017219041901283321,-0.0034798230424476564,0.616,0.6595455,0.5616279,0.59046054,0.67357725,0.5783465,0.5464567,0.5848485,0.5006999969482422,0.809037166595459,0.6004500389099121,0.809037166595459,0.022,22.0,0.3677511229557225,0.3556349070851522,0.3636516932092612,0.38085507479940134,0.35041497299969465,0.37249154055274264,0.42434226256894875,0.42541027960632205,0.41924125651712674,0.009851033263038692,0.007064815160333931,0.006255172769163139,0.009027226980592518,0.013788761994072179,0.007571249866535749,0.01348361040414821,0.012696223645437226,0.00860216843873157,0.62661296,0.59774774,0.7171533,0.63206106,0.5186992,0.54649127,0.5890244,0.56058395,0.5014499723911285,0.8140423781871795,0.5998499989509583,0.8140423781871795,0.0225,22.5,0.3628963381440472,0.3548712352515453,0.361306914503598,0.39252170731102276,0.36698120903877723,0.3865614409456214,0.428434738277511,0.42978374636504013,0.42699794746300135,-0.0013456506984424544,-0.0006211979155404447,-0.0024481597888573623,-0.004516276162046847,-0.003298618185222809,-0.0047589680916585685,0.004681688058035007,0.005487159727654447,0.002561172698141957,0.6213065,0.6286466,0.6393906,0.6112608,0.59613824,0.5624189,0.56774056,0.57271624,2026-10-05T13:05:16.092128
24,0.6173524856567383,0.5006820559501648,0.7793119859695434,0.6179199814796448,0.7793119859695434,0.8212032107353211,0.9045114718437195,2.230233892440796,0.1694628530740738,3.9313355800628664,1.991078358078003,1.0,10.0,,,,,0.41040824666023257,0.41040824666023257,,,,17.732828143310545,1.1294884472183742,0.06772335438401836,,0.06914269650402437,1.0120706431045654,0.17669434116999055,0.001016393077714001,0.029907593236654807,2.186362020339176,,0.001622695546120088,,76.40898953577515,19.10387996503502,,102.42152924750262,76.3975500604909,25.349408398767945,95.05972090800097,38.73620724526181,17.7328040007573,,0.6886766830067725,,0.046559355203892774,0.15890548667710297,,0.07591344397159139,0.05857869574598446,0.12913032872661664,0.0024726154092865383,0.2413132938609761,0.09256941445504024,,,,0.1456,2912.0,0.5993184,0.60122836,0.68514264,0.67918646,0.5778427,0.59531313,0.6191373,0.584888,0.4972999393939972,0.8279594578742981,0.5890500545501709,0.8279594578742981,0.022,22.0,0.41107252913084513,0.41313192512008506,0.4260654451323585,0.4429833769213749,0.45029690673057504,0.4610537943698421,0.441030524411181,0.4434895548874387,0.4505295436441425,0.017417544942739296,0.01518056011115289,0.013097639443435047,0.023577753679140445,0.022068744044193796,0.013154732165866453,0.03050870941461838,0.023471896351384806,0.021964419080012273,0.628,0.6559091,0.53488374,0.57039475,0.66260165,0.56692916,0.5244094,0.59318185,0.49660003185272217,0.788428129196167,0.6114999651908875,0.788428129196167,0.022,22.0,0.36714864935277736,0.36043135527645687,0.36900257365008365,0.4127070551063915,0.3828491503321979,0.40225616003184655,0.4509350540527959,0.4485931818260969,0.4493786941040651,-0.0003593405667096927,-0.002772519484156137,-0.002290395967571377,-0.0023013045768690487,-0.01065004856915699,-0.0108482505290366,0.0020333067395024193,0.0017050493265537902,-0.001011167095209779,0.6306452,0.6220721,0.74781024,0.6278626,0.5304878,0.5425439,0.5878049,0.5850365,0.4969499856233597,0.8081937935352326,0.6002750098705292,0.8081937935352326,0.022,22.0,0.38911058924181124,0.386781640198271,0.3975340093912211,0.4278452160138832,0.41657302853138645,0.43165497720084434,0.4459827892319884,0.4460413683567678,0.4499541188741038,0.008529102188014802,0.006204020313498377,0.0054036217379318345,0.010638224551135698,0.005709347737518403,0.0011532408184149268,0.0162710080770604,0.012588472838969298,0.010476625992401248,0.62932265,0.63899064,0.641347,0.59912866,0.59654474,0.5547365,0.55610716,0.5891092,2026-10-05T13:09:27.898684
25,0.6181321740150452,0.5023998022079468,0.7758689185142517,0.6185675859451294,0.7758689185142517,0.8190373246192932,0.9021049348831177,2.235136978340149,0.1573279784798622,3.9056618244171144,1.9993803873062135,1.0,10.0,,,,,0.4043988339900971,0.4043988339900971,,,,17.702847409057618,1.244502145915654,0.059809292537593255,,0.0704871975968052,1.0150537627517797,0.16994456113998296,0.0009163110846932384,0.02875355442475741,2.1410317398180627,,0.001415212316587597,,76.37218883538702,19.085882150443496,,102.41786422243544,76.36058520663316,25.31346437733644,95.05781263606563,38.68542184040045,17.70282413701343,,0.6928333347770059,,0.047550275874365666,0.16230914993270948,,0.07755311213101551,0.059876631352172534,0.13170982650510824,0.002590308833428344,0.24238394855693646,0.09447946954684652,,,,0.14255,2851.0,0.6013833,0.604269,0.68326074,0.6817931,0.58035433,0.59236366,0.62063587,0.5830754,0.49365001916885376,0.8305486974716186,0.5915000438690186,0.8305486974716186,0.022,22.0,0.4246904961057192,0.4253842225698493,0.4322938554207862,0.467519500104141,0.4537402543240707,0.4737037421479366,0.4466293069913169,0.44611817577988433,0.4536203178673041,0.003348707654178653,0.0034408716463811668,0.0021584791520651435,0.0004482166670565166,0.006285019289064493,0.0037427105301193167,0.013786770448107813,0.01229183365866033,0.009236196220398585,0.603,0.65999997,0.54341084,0.575329,0.6654471,0.5622047,0.5417323,0.5984849,0.500249981880188,0.7922948832511902,0.6076500415802002,0.7922948832511902,0.023,23.0,0.38341588265788445,0.38456684690644455,0.3897866567606672,0.4274328973476485,0.42701092539628405,0.42597131218574946,0.4413946213113548,0.44298272809535644,0.43982159159701484,0.0014829026348537934,-0.0009010868151062155,-0.0014179495596429515,0.00803477845448704,0.003953655630023918,0.0016376981855909594,0.011163223376036103,0.01221908369253283,0.006419300860268879,0.63467747,0.6148649,0.7251825,0.6358779,0.5247968,0.5421053,0.59186995,0.5759124,0.4969500005245209,0.8114217903614045,0.5995750427246094,0.8114217903614045,0.0225,22.5,0.4040531893818018,0.40497553473814696,0.4110402560907267,0.4474761987258947,0.4403755898601774,0.449837527166843,0.44401196415133587,0.4445504519376204,0.44672095473215945,0.0024158051445162232,0.0012698924156374757,0.000370264796211096,0.004241497560771778,0.0051193374595442055,0.002690204357855138,0.012474996912071958,0.012255458675596579,0.007827748540333732,0.6188387,0.63743246,0.63429666,0.60560346,0.595122,0.552155,0.56680113,0.5871986,2026-10-05T13:13:52.739001
26,0.6163873076438904,0.5031453371047974,0.7809125555992127,0.6172247529029846,0.7809125555992127,0.8282741555213928,0.912368080329895,2.3476221586227415,0.17800028636455537,4.0506071308135985,1.9921311393737793,1.0,10.0,,,,,0.44941783547401426,0.44941783547401426,,,,17.672927639770506,1.2279349871596712,0.06133735641558317,,0.06599657715944822,1.0138392249110397,0.16441268060997033,0.0009836282508424038,0.030622145220352587,2.171879440356212,,0.0014261458701723638,,76.33432609412321,19.06209856993074,,102.41108246821507,76.32394875690436,25.27820316241805,95.0566198263958,38.65257647083064,17.672903838431,,0.689217301311007,,0.04805978940455777,0.1638422885518165,,0.07818905340068659,0.06107843221183036,0.1345573487175498,0.0027064539664158017,0.2451883850583605,0.09634747702604646,,,,0.1425,2850.0,0.5948477,0.58097064,0.67349446,0.6971169,0.5811916,0.59563637,0.6282098,0.5847862,0.49594995379447937,0.8308905906677246,0.5916000008583069,0.8308905906677246,0.025,25.0,0.35245508865519565,0.3461099620787408,0.34453567253409434,0.37798515475524314,0.3449821713809321,0.3813559320761851,0.4295522969050969,0.4327360692648355,0.4268556674522085,-0.015130140420205608,-0.019759899705167117,-0.02451919092783156,-0.015020344027545375,-0.0250374040492671,-0.023699714773973462,-0.016268642578180358,-0.019605542063107495,-0.023913398790384892,0.5675,0.6404546,0.522093,0.5924342,0.697561,0.56574804,0.5311024,0.62045455,0.5003000497817993,0.8111041021347046,0.6044999957084656,0.8111041021347046,0.024,24.0,0.38413612034525374,0.37269710177290377,0.37602936828295747,0.42491413165791625,0.4009994490080725,0.4070193901687609,0.44341408321113607,0.45187304718024895,0.44062284857447587,-0.0099322800736954,-0.015438733359812655,-0.015834308715011694,-0.008115373234771675,-0.00590075821402444,-0.013219910662080723,-0.003398550081088906,-0.00435568783646406,-0.010840199471856039,0.6233871,0.5725225,0.7051095,0.6438931,0.54430896,0.5403509,0.6073171,0.579927,0.49812500178813934,0.8209973464012146,0.5980499982833862,0.8209973464012146,0.0245,24.5,0.3682956045002247,0.3594035319258223,0.36028252040852593,0.4014496432065797,0.3729908101945023,0.394187661122473,0.4364831900581165,0.4423045582225422,0.4337392580133422,-0.012531210246950504,-0.017599316532489886,-0.020176749821421626,-0.011567858631158525,-0.01546908113164577,-0.01845981271802709,-0.009833596329634632,-0.011980614949785778,-0.017376799131120467,0.59544355,0.6064886,0.6136012,0.6181637,0.62093496,0.55304945,0.56920975,0.60019076,2026-10-05T13:18:25.286705
27,0.6185323596000671,0.5002046227455139,0.7781440120697022,0.6187923550605774,0.7781440120697022,0.8297923399925232,0.914054949760437,2.3569435792922975,0.18170814383029937,3.998197373962402,1.996312912940979,1.0,10.0,,,,,0.43705146746635437,0.43705146746635437,,,,17.64283565673828,1.0227413324840888,0.05207717255392604,,0.054561173525538034,1.0231916688050433,0.17928853386621565,0.0008414740856606394,0.026304985948239164,2.5356303369923,,0.0012137900207591745,,76.29754419994961,19.038450666293976,,102.40511482384554,76.28745663393835,25.24304869827951,95.05505303060933,38.632465994282136,17.64281275317927,,0.6912903163083799,,0.048991844580052006,0.1653325373579742,,0.07914640920557034,0.062397113603771114,0.13768544565340515,0.00279725554612744,0.24920749740236126,0.09801333017979458,,,,0.1398,2796.0,0.59480757,0.5954088,0.66848254,0.69926935,0.5842484,0.5899798,0.6302754,0.5863544,0.503250002861023,0.8357134623527527,0.5846999883651733,0.8357134623527527,0.032,32.0,0.38835116657729846,0.3818867928938738,0.3911701073119599,0.4213092032352367,0.3970987384958774,0.42919613582417304,0.425847340008958,0.4274910696003293,0.406688475187533,-0.02679684304526181,-0.027371176472258014,-0.032397469264780154,-0.024687032075728664,-0.015805186499229174,-0.027521052649116008,-0.01661575861132125,-0.019733617679435937,-0.02574745853084602,0.564,0.6154546,0.50775194,0.57631576,0.67560977,0.58346456,0.5417323,0.61742425,0.505050003528595,0.7977613863945008,0.6062000393867493,0.7977613863945008,0.031,31.0,0.33594888971636216,0.3389345737778154,0.34480444028166035,0.37484143871404696,0.38691120786141003,0.3767879356127195,0.39333668746946293,0.40007174033947573,0.3932987108420553,0.0077879498467746805,0.006980037300448182,0.00501401587292365,0.012856556333641722,0.007529580525124688,0.00791944407743351,0.014530913589038947,0.014035918032326306,0.008742350412996773,0.63024193,0.5990991,0.70401466,0.6316794,0.5365854,0.5535088,0.60203254,0.57810223,0.504150003194809,0.8167374243736267,0.5954500138759613,0.8167374243736267,0.0315,31.5,0.3621500281468303,0.3604106833358446,0.3679872737968101,0.3980753209746418,0.3920049731786437,0.4029920357184463,0.4095920137392105,0.4137814049699025,0.39999359301479415,-0.009504446599243564,-0.010195569585904916,-0.013691726695928252,-0.005915237871043471,-0.004137802987052243,-0.00980080428584125,-0.0010424225111411506,-0.002848849823554815,-0.008502554058924625,0.597121,0.60727686,0.6058833,0.6039976,0.6060976,0.5684867,0.5718824,0.59776324,2026-10-05T13:22:58.619698
28,0.6190474629402161,0.4997502565383911,0.7774087711334229,0.6189327239990234,0.7774087711334229,0.8284084787368774,0.9125173310279846,2.318951696205139,0.18480021982192993,4.011312750244141,1.999050866317749,1.0,10.0,,,,,0.442652018737793,0.442652018737793,,,,17.6139670501709,0.9585248744174554,0.049707521390834244,,0.05530725396386567,1.0759921240958439,0.17978368832427224,0.000766263352291789,0.02654591924065997,2.707662335246991,,0.0010171448440907543,,76.26078956749788,19.013769672175123,,102.39971826638386,76.25044474024682,25.208332073916296,95.05348341632042,38.621603704561856,17.61394396253452,,0.6926666942371684,,0.04977902053457916,0.16671817479239906,,0.08020112013361257,0.06354714583629256,0.14065804517572852,0.00290361525502744,0.2540267717306781,0.09982109857592614,,,,0.1386,2772.0,0.5909182,0.5885824,0.66099447,0.7033768,0.58835673,0.59533334,0.63495344,0.58741343,0.4963500201702118,0.813977813243866,0.5996500849723816,0.813977813243866,0.024,24.0,0.3226910886721243,0.3158078185656341,0.3142676943177219,0.34413361359118677,0.3013376828720615,0.30970003632490606,0.3854403559143035,0.38327801129142997,0.38089661953924875,-0.03330909042768106,-0.034967305886262595,-0.03458707588271539,-0.037348186444268905,-0.033674878316985936,-0.03900614037244659,-0.02942279550925497,-0.027411095580249473,-0.028900406303008875,0.589,0.6413637,0.52596897,0.5907895,0.69715446,0.60354334,0.5338583,0.62386364,0.5117999911308289,0.7884424662590027,0.6116499900817871,0.7884424662590027,0.024,24.0,0.3408929571604794,0.3374873505643141,0.33290192405006314,0.36708070334820947,0.35694294261319537,0.3616068577431612,0.40079472981293446,0.40494558463329655,0.3925723643151004,0.005191171029833738,0.004177384054125915,0.0020145126462400346,0.005073225567674493,0.007439889850959245,0.00023134471827685588,0.009740117980023773,0.011515593880293835,0.007136460687856545,0.6358871,0.60450447,0.70255476,0.64732826,0.52845526,0.5671053,0.6077236,0.58576643,0.5040750056505203,0.8012101397514344,0.6056500375270844,0.8012101397514344,0.024,24.0,0.33179202291630183,0.3266475845649741,0.32358480918389254,0.35560715846969815,0.32914031274262845,0.33565344703403366,0.393117542863619,0.3941117979623633,0.3867344919271746,-0.01405895969892366,-0.01539496091606834,-0.016286281618237676,-0.016137480438297207,-0.013117494233013345,-0.019387397827084867,-0.009841338764615598,-0.007947750849977819,-0.010881972807576166,0.61244357,0.6229341,0.61426187,0.61905885,0.6128049,0.5853243,0.57079095,0.604815,2026-10-05T13:27:31.396532
29,0.6209849119186401,0.5003602504730225,0.7730018341064453,0.6210726499557495,0.7730018341064453,0.8275600914955139,0.911574677848816,2.373314419174194,0.17576284044981003,4.0610310768127444,1.9708434143066407,1.0,10.0,,,,,0.5010830856800079,0.5010830856800079,,,,17.584686126708984,1.6110737479416428,0.08610234494101565,,0.07705348165954944,1.0381544619608836,0.16315927145302675,0.0008246192991678681,0.02480038805348668,2.5472984932790137,,0.001493597049566407,,76.22522482902382,18.99658232281922,,102.39606475830078,76.21320075745795,25.17385725762434,95.05038457007925,38.61806932680167,17.584663330369693,,0.6784461186190319,,0.051136179382254364,0.1700176538745309,,0.08128772419729051,0.064599942202401,0.14356889646903725,0.002935408817746552,0.25944812776176795,0.10130833805936157,,,,0.14665,2933.0,0.592923,0.5897906,0.66596675,0.7131319,0.5837422,0.59973735,0.6380518,0.5836864,0.49244996905326843,0.8198421359062195,0.592799961566925,0.8198421359062195,0.022,22.0,0.41949642810208393,0.4245350247105296,0.42614765375792113,0.4528985431138038,0.44557633933529917,0.4664023434051996,0.4545441498697944,0.4684698006775091,0.4641871168991116,0.005110050096826156,0.006472728463166821,0.006069540617673965,-0.0032067194837835595,-5.6666123572080536e-05,-0.0005306128808744214,0.00684555543920138,0.009511520039647323,0.010020941424088914,0.575,0.5936364,0.5317829,0.60822374,0.7044715,0.5610236,0.5370079,0.6276515,0.5014000535011292,0.7954194240570068,0.6068500280380249,0.7954194240570068,0.023,23.0,0.3354996724454381,0.33339268591908494,0.34103374712526685,0.3793684898151527,0.3686079159554694,0.37846231749495324,0.4125303518678982,0.4115920059277568,0.40925364591072116,0.0043480855000624504,0.0026294343203471958,0.0028260391202684634,0.0029479982132152812,0.0027356339707121135,-0.001071811318766499,0.006182569141806997,0.006571498343320446,0.004149831860247458,0.61975807,0.6013514,0.6850365,0.6477099,0.54512197,0.5644737,0.6073171,0.5726278,0.4969250112771988,0.8076307799816131,0.599824994802475,0.8076307799816131,0.0225,22.5,0.37749805027376104,0.37896385531480725,0.383590700441594,0.41613351646447827,0.40709212764538427,0.42243233045007644,0.4335372508688463,0.44003090330263295,0.43672038140491637,0.004729067798444304,0.004551081391757009,0.004447789868971214,-0.00012936063528413912,0.0013394839235700165,-0.0008012120998204602,0.0065140622905041886,0.008041509191483885,0.007085386642168186,0.597379,0.5974939,0.6084097,0.6279668,0.62479675,0.5627487,0.5721625,0.6001396,2026-10-05T13:31:52.531657
30,0.620749831199646,0.49969008564949036,0.7740750938415527,0.6212628483772278,0.7740750938415527,0.8285653560638427,0.9126916343688964,2.414024238204956,0.17458922510147096,4.118721007156372,1.9756042184829712,1.0,10.0,,,,,0.4965899339675903,0.4965899339675903,,,,17.55558609313965,0.9300436589653325,0.05027878401611166,,0.049847037436523634,0.9965181183663143,0.18171396628496753,0.0008000055765310469,0.024263805801725123,2.977867686065139,,0.0013246834333487385,,76.18848798229436,18.974876537444484,,102.39262122864936,76.17604929930086,25.13910857279589,95.0507187084028,38.592133297282416,17.55556316740194,,0.6808692626892381,,0.051717291592033046,0.17235985132539347,,0.0825099056693399,0.06570244442885088,0.14684538581189077,0.0030516277624970407,0.2627375205610968,0.10288761636823605,,,,0.14455,2891.0,0.5813352,0.5788764,0.66800714,0.72150475,0.5903037,0.59438384,0.6440462,0.5898167,0.5070000290870667,0.824435537815094,0.5932499170303345,0.824435537815094,0.027,27.0,0.3644715119019582,0.35607440564537035,0.36678184291691807,0.3694477950209876,0.3657610604669161,0.3640429570270805,0.3903772240644803,0.3850205449222269,0.3930152777288822,0.010058286860584154,0.008625024194372534,0.009857565151398375,0.021740497935133087,0.01564477974815072,0.017048689218811214,0.009250903822249421,0.008265419881987696,0.00877138249350528,0.5695,0.6231818,0.5031008,0.61019737,0.696748,0.5929134,0.51968503,0.62954545,0.4876999855041504,0.7935601739883423,0.6104999780654907,0.7935601739883423,0.028,28.0,0.3840361157467803,0.3828698927184585,0.3853247509426988,0.41205713738886834,0.4009663918738251,0.40979080713181776,0.408543133495847,0.4103063893742915,0.40751149964439193,-0.009759056973708942,-0.010742455526176175,-0.01040677250925778,-0.009192815933170407,-0.015291596695991934,-0.013324216979457725,-0.007466921916015598,-0.00822364032223143,-0.008542939561051453,0.62419355,0.5788288,0.71277374,0.65648854,0.5390244,0.5622807,0.60365856,0.58795625,0.4973500072956085,0.8089978559017181,0.6018749475479126,0.8089978559017181,0.0275,27.5,0.3742538138243693,0.3694721491819144,0.37605329692980843,0.390752466204928,0.3833637261703706,0.38691688207944913,0.3994601787801636,0.3976634671482592,0.400263388686637,0.00014961494343760599,-0.0010587156659018207,-0.0002746036789297024,0.00627384100098134,0.00017659152607939297,0.0018622361196767448,0.0008919909531169114,2.0889779878133057e-05,0.00011422146622691327,0.5968468,0.6010053,0.6079373,0.633343,0.6178862,0.577597,0.5616718,0.6087508,2026-10-05T13:36:12.955690
31,0.6153275966644287,0.5018602609634399,0.7849366262435913,0.6154125928878784,0.7849366262435913,0.8343853284835815,0.9191582709312439,2.5588618824005125,0.22976923573017122,4.465747635269165,1.9798551530838013,1.0,10.0,,,,,0.48872711963653565,0.48872711963653565,,,,17.527638250732423,1.6229254817412158,0.11018782754571052,,0.08732196514399805,0.9930156298503754,0.17258141640644925,0.001058335543649455,0.03160081708293622,2.693350881717767,,0.0018729938435698948,,76.15191888505487,18.956383856998126,,102.39646717241615,76.13921084069902,25.10633045852564,95.04720573668267,38.6369366493954,17.52762677866942,,0.6829910771861957,,0.05250165435918577,0.175092380707431,,0.08480027132922677,0.06684088075806381,0.15022889311146584,0.0032573963892141913,0.27245038102386865,0.10504728270943757,,,,0.1411,2822.0,0.5818364,0.5818566,0.65620047,0.71121645,0.578641,0.59278786,0.6377683,0.58150715,0.5058500170707703,0.8201163229942322,0.5976998805999756,0.8201163229942322,0.017,17.0,0.38909395545995185,0.3950340693982,0.3997600491767531,0.39970167650512517,0.3905008864197595,0.394413315998954,0.4118420353752406,0.4119132150573424,0.4199509603627339,0.008382155440968458,0.0069241648073251425,0.00828554488579764,0.008719073064401454,0.0035318029820899347,0.006187746608498588,0.014544591327733773,0.014635664384754297,0.015621955417523542,0.579,0.64818186,0.522093,0.61480266,0.699187,0.5744095,0.52086616,0.6257576,0.5008999705314636,0.796013867855072,0.6089500784873962,0.796013867855072,0.017,17.0,0.3696311634580597,0.372920481367281,0.3729888181759943,0.36080946632504257,0.3663921071803727,0.35649423063226726,0.39393886972777975,0.3943772289183743,0.39753834155644324,0.023056437900381626,0.021585915605099086,0.021602912454074048,0.016084821944754586,0.011625596466485191,0.014274504375515983,0.01714134074614897,0.01625463066368471,0.014742999006859792,0.62580645,0.5878378,0.70583946,0.6656489,0.5313008,0.55964917,0.6069106,0.57226276,0.5033749938011169,0.8080650954246521,0.6033249795436859,0.8080650954246521,0.017,17.0,0.37936255945900577,0.3839772753827405,0.3863744336763737,0.38025557141508387,0.3784464968000661,0.37545377331561064,0.4028904525515102,0.40314522198785835,0.40874465095958856,0.015719296670675044,0.014255040206212113,0.014944228669935843,0.01240194750457802,0.007578699724287563,0.010231125492007286,0.015842966036941374,0.015445147524219504,0.015182477212191667,0.6024032,0.6180098,0.6139662,0.64022577,0.6152439,0.56702936,0.5638884,0.59901017,2026-10-05T13:40:32.320473
32,0.624057412147522,0.5007050037384033,0.7726032584190369,0.6238048076629639,0.7726032584190369,0.8468082765579223,0.9329615489959717,2.6066686283111573,0.23558003573417663,5.161352233123779,1.998665850830078,1.0,10.0,,,,,0.5442475947380065,0.5442475947380065,,,,17.49925888977051,0.8793213307193131,0.04643786369947491,,0.04857813667173788,0.9864726322851364,0.2516143010680083,0.0013510810576859791,0.04733282111727508,2.955505096608666,,0.00245588444144881,,76.11548881773736,18.935144946833326,,102.41068938431467,76.10268236877053,25.090179674185006,95.04570668214446,38.83832741998563,17.49923572418796,,0.6924812182499345,,0.05404092573151467,0.17708724908008697,,0.08791446956289801,0.06782999891004744,0.15630676212963784,0.0034870845799565694,0.2953924772086417,0.107625840386008,,,,0.12535,2507.0,0.5873697,0.58076924,0.65837955,0.7287322,0.58397585,0.601394,0.6553058,0.5931569,0.5087000131607056,0.8263883643150329,0.5956000089645386,0.8263883643150329,0.024,24.0,0.3810978251954227,0.3803006006766063,0.38280943915819937,0.4082924833559409,0.41240252730539795,0.40759161454633985,0.39593067315990127,0.39604368310877486,0.39778558360794647,0.025887016665012395,0.02541861363233111,0.02501376006182812,0.01878980088201259,0.02301489946632866,0.018176376854526975,0.02164196391292794,0.021607849678934792,0.022180021675783063,0.5665,0.62545455,0.51744187,0.6164474,0.70609754,0.5830709,0.5204724,0.6265152,0.5014500021934509,0.8073021965026855,0.6056999564170837,0.8073021965026855,0.023,23.0,0.3957144502418414,0.3968244509396432,0.39749347378286864,0.4150931255541515,0.4064354366144529,0.4075868250068817,0.4314734958406042,0.43152033984794375,0.4305936822599124,0.005373494790025094,0.005168890149134066,0.005305484160828223,0.00469543017604312,-0.0018121696186335977,0.002053786196792166,0.007773510936644099,0.007309119237045944,0.007133847449024356,0.62096775,0.572973,0.6941606,0.6637405,0.5333333,0.5574562,0.6073171,0.57810223,0.5050750076770782,0.8168452804088593,0.6006499826908112,0.8168452804088593,0.0235,23.5,0.388406137718632,0.3885625258081248,0.390151456470534,0.4116928044550462,0.40941898195992543,0.4075892197766108,0.4137020845002527,0.4137820114783593,0.4141896329339294,0.015630255727518746,0.015293751890732588,0.01515962211132817,0.011742615529027854,0.010601364923847532,0.01011508152565957,0.014707737424786019,0.014458484457990368,0.01465693456240371,0.5937339,0.5992138,0.6058012,0.6400939,0.61971545,0.5702635,0.56389475,0.60230875,2026-10-05T13:44:52.363480
33,0.6249226927757263,0.504050076007843,0.7656836296081543,0.6252822279930115,0.7656836296081543,0.8358177788734436,0.9207498824119568,2.4153931377410887,0.21355088067054748,4.967068783569336,1.9714084577560425,1.0,10.0,,,,,0.5592207874298095,0.5592207874298095,,,,17.468622760009765,0.9802333018772161,0.05291766355371779,,0.05304812948118634,1.008035861003171,0.2166271659836268,0.0010849355411705424,0.02795419363886308,3.1779131507797604,,0.0024081287532229166,,76.08020277084059,18.910576887191482,,102.4074690994943,76.0659985876387,25.061864743566815,95.04688554508671,38.91264724731445,17.468601433334836,,0.6786972417193613,,0.05525720992665382,0.17814848833023364,,0.08888915964182775,0.0690581706963527,0.16173548797133622,0.0036528572383793486,0.30664998444781943,0.10877862468266943,,,,0.1423,2846.0,0.58442265,0.5816955,0.6625991,0.7307859,0.59390575,0.59973735,0.65172136,0.59568226,0.4952499568462372,0.8246063742637634,0.5938500165939331,0.8246063742637634,0.035,35.0,0.41423602491664085,0.4144965840980705,0.41691259761651583,0.4133311968300912,0.38344898351932616,0.4063407447189805,0.4029972121330773,0.403191476491045,0.40344430214586735,0.005475435618939672,0.0050972552296169775,0.006008210236617012,-0.0008967308521223497,-0.008369311410741969,-0.0006505480976946479,-8.941145440209218e-05,0.0006339196045631392,0.00042278817628067935,0.5855,0.6554545,0.5228683,0.59309214,0.6865854,0.5870079,0.50275594,0.62689394,0.5060499906539917,0.7923072490692139,0.6106999516487122,0.7923072490692139,0.037,37.0,0.38423535239881534,0.3876644695146529,0.3902634352810984,0.4090608257096041,0.4034948945162016,0.3993516310816218,0.4054300662704929,0.40618837696513554,0.4059996185713452,0.010806820306720212,0.00873892612642349,0.01061607241976297,0.0031448492883032583,-0.004269135974480728,0.00027739748447620137,0.01154080512970761,0.010992356275203204,0.010729006843749656,0.63830644,0.58963966,0.71934307,0.6519084,0.52642274,0.5548246,0.599187,0.58722633,0.5006499737501144,0.8084568116664886,0.6022749841213226,0.8084568116664886,0.036000000000000004,36.0,0.39923568865772807,0.4010805268063617,0.40358801644880715,0.4111960112698476,0.3934719390177639,0.40284618790030113,0.4042136392017851,0.40468992672809023,0.4047219603586063,0.008141127962829942,0.006918090678020234,0.008312141328189991,0.0011240592180904543,-0.006319223692611349,-0.00018657530660922325,0.005725696837652759,0.005813137939883172,0.005575897510015168,0.6119032,0.6225471,0.6211057,0.6225003,0.6065041,0.57091624,0.5509715,0.60706013,2026-10-05T13:49:25.651385
34,0.6250120401382446,0.5018923878669739,0.763659596824646,0.625232458114624,0.763659596824646,0.8399235610961914,0.9253118656158448,2.489160031890869,0.2137958729982376,5.197956618881226,1.971257225418091,1.0,10.0,,,,,0.6241289354324341,0.6241289354324341,,,,17.441024462890624,1.0583544725397969,0.05889611828858685,,0.05470256997379148,0.977401459293001,0.20133926938910773,0.000984657359506733,0.025577610340799875,3.6333999677448516,,0.002252278818803021,,76.04351009684763,18.891114811988395,,102.39952689978728,76.02937156531462,25.029475631227918,95.04846390645216,38.92732749015662,17.441003507869258,,0.6786305498165689,,0.0560562303349091,0.18038307244230986,,0.08967607188376651,0.07014822803295342,0.16420677010041135,0.004168704297441017,0.31282104599248073,0.11032212995419836,,,,0.14005,2801.0,0.5871091,0.5726339,0.6541403,0.7348144,0.5973131,0.6007677,0.65056705,0.6028106,0.5042499899864197,0.8087598571777344,0.6008000373840332,0.8087598571777344,0.031,31.0,0.3590771514867263,0.3597462047022298,0.3643257409292513,0.3766379229175629,0.36778099231894856,0.375420483599966,0.37497027999720406,0.37570247230093795,0.3792333459681907,-0.0006039813059787891,0.00027786679182079235,0.00011124390269199584,-7.009243032656841e-05,0.01011368742801503,0.00021166889864260923,-0.0003420448304451922,0.0007597195291686606,0.00038432055352859834,0.5725,0.665,0.5228683,0.6092105,0.70081306,0.6043307,0.5125984,0.62348485,0.4906499981880188,0.7855413484573365,0.6127499938011169,0.7855413484573365,0.032,32.0,0.3736330492145308,0.37274179305017474,0.37898546638954217,0.41192265865520467,0.40518316647891583,0.41815702203485455,0.4213821424829831,0.41997888629078456,0.4203730102024636,0.013992322967312688,0.013629151882710272,0.014271736189691025,0.01490302091028097,0.01045242679277925,0.013414457434096303,0.02213477091416905,0.02234716799190829,0.021312992118081776,0.63225806,0.58918923,0.71277374,0.66412216,0.53252035,0.5719299,0.60121953,0.58138686,0.49744999408721924,0.7971506028175355,0.6067750155925751,0.7971506028175355,0.0315,31.5,0.36635510035062857,0.3662439988762023,0.37165560365939676,0.39428029078638377,0.3864820793989322,0.3967887528174103,0.3981762112400936,0.39784067929586125,0.39980317808532717,0.0066941708306669494,0.006953509337265532,0.007191490046191511,0.007416464239977201,0.01028305711039714,0.006813063166369457,0.01089636304186193,0.011553443760538474,0.010848656335805187,0.602379,0.6270946,0.617821,0.6366663,0.6166667,0.5881303,0.55690897,0.6024358,2026-10-05T13:53:57.360624
35,0.6279526352882385,0.49812769889831543,0.759084212589264,0.628070056438446,0.759084212589264,0.8250089677810669,0.9087400958061218,2.2715733688354494,0.20548112423419954,5.416740255737305,1.9491875303268433,1.0,10.0,,,,,0.6172999849319458,0.6172999849319458,,,,17.41375845031738,0.9645179038879218,0.050879438800713536,,0.05179866833558935,1.0071376989221876,0.21015025556656966,0.0008791486213983268,0.02220003642319779,3.7990877491653343,,0.0017278337200316097,,76.00694547033613,18.86510851428767,,102.3957578816991,75.99285514491379,24.994729534076278,95.04619583810211,38.963066222561395,17.413737072306834,,0.6674340169900542,,0.056745866871183846,0.18178451431405013,,0.09086440361229478,0.07128407179739825,0.16672374516915364,0.0044873414240824945,0.32021814603714427,0.11189936348207437,,,,0.1561,3122.0,0.59689254,0.5796416,0.6673336,0.73412323,0.59051794,0.60959595,0.64775217,0.59708756,0.5061500072479248,0.8192829842567444,0.5988499522209167,0.8192829842567444,0.04,40.0,0.4350251743892557,0.43235057906583335,0.43628636010627203,0.40763738531586086,0.39044979251691747,0.40469229881876034,0.3847222508608056,0.3833790502456423,0.3831469500177656,0.01722671424966644,0.016079657862835127,0.016840657111882717,-0.008684475924785232,-0.004685179700758102,-0.008264795504989824,0.006345197472237549,0.005271498464791759,0.004918695286708553,0.58,0.6531818,0.5360465,0.60723686,0.7012195,0.5783465,0.51220477,0.6272727,0.49870002269744873,0.7946865215301514,0.6117499470710754,0.7946865215301514,0.043,43.0,0.4004793395571643,0.39979283784563246,0.4053587517487561,0.4017133789210427,0.3843109738298882,0.3904078172320343,0.4290692641147507,0.4297993324277729,0.42759960922175244,0.01204090518659202,0.010298627477495258,0.012090913418200339,0.005276179745666371,0.003532358337276865,0.0015003388760428365,0.013002023057399172,0.013142970713118322,0.012843992071794454,0.63225806,0.56891894,0.7208029,0.6645038,0.5313008,0.5745614,0.60406506,0.57846713,0.5024250149726868,0.806984752893448,0.6052999496459961,0.806984752893448,0.041499999999999995,41.5,0.41775225697321,0.41607170845573294,0.42082255592751405,0.4046753821184518,0.38738038317340284,0.39755005802539733,0.4068957574877782,0.40658919133670757,0.405373279619759,0.01463380971812923,0.013189142670165192,0.014465785265041529,-0.0017041480895594301,-0.0005764106817406185,-0.003382228314473494,0.00967361026481836,0.009207234588955041,0.008881343679251504,0.60612905,0.61105037,0.6284247,0.63587034,0.6162602,0.5764539,0.5581349,0.6028699,2026-10-05T13:58:30.770189
36,0.6272098422050476,0.49975258111953735,0.7583276489257812,0.627265453338623,0.7583276489257812,0.8363523900985718,0.9213438979148865,2.389245178413391,0.18512325100898744,5.2876606330871585,1.998266628074646,1.0,10.0,,,,,0.5545220010280609,0.5545220010280609,,,,17.38634400024414,0.9817267563312676,0.05894805000988162,,0.05038790800905294,1.0476323753405528,0.18925789997551093,0.0006798762906154404,0.018386525689226805,3.492041159777125,,0.0013020316077782595,,75.96997745781188,18.836711907842357,,102.39038654497475,75.95609793693397,24.961812827237853,95.04408589745783,38.938715746448295,17.386322361648464,,0.6922591643728269,,0.057138419122832594,0.1824694221756261,,0.09191959721457427,0.07223992476797407,0.16973050308834975,0.004540037814598934,0.32294840455814533,0.1136114485324568,,,,0.14535,2907.0,0.5853448,0.58817965,0.664481,0.7385466,0.5952882,0.60123235,0.64983803,0.59334016,0.5050500631332397,0.8107826418876648,0.5972999930381775,0.8107826418876648,0.025,25.0,0.37102646622797886,0.37323046766951673,0.3769647601314353,0.2958780356366716,0.27260774597845455,0.29946361911418146,0.341848234957597,0.34203298128599824,0.34304345544388454,-0.010544345674480421,-0.011481673698884235,-0.009298227873985362,-0.025925488391382267,-0.02371840567051011,-0.02448289244570164,-0.011001833546933923,-0.010437590776276847,-0.009987236846259913,0.5715,0.65636367,0.5209303,0.6223684,0.70813006,0.5862205,0.5059055,0.60871214,0.5025500059127808,0.7941801114082336,0.6053500771522522,0.7941801114082336,0.026,26.0,0.3707918059957673,0.3650138453230613,0.3736125433058369,0.35178474393247533,0.3156389324377856,0.34586318979936626,0.3936839213995384,0.3906423465005442,0.39073340744619917,0.02027096253702635,0.018186529660111198,0.01984775812174212,0.020768983835575235,0.015412714297779167,0.019075021592492195,0.019210403031536646,0.01828322220402923,0.017584718494541227,0.61653227,0.56621623,0.69489056,0.67061067,0.53414637,0.5697369,0.6060976,0.56788325,0.5038000345230103,0.8024813766479493,0.6013250350952148,0.8024813766479493,0.025500000000000002,25.5,0.37090913611187304,0.369122156496289,0.3752886517186361,0.3238313897845735,0.29412333920812006,0.3226634044567739,0.36776607817856766,0.3663376638932712,0.36688843144504185,0.004863308431272965,0.0033524279806134817,0.005274765123878379,-0.002578252277903516,-0.004152845686365472,-0.002703935426604723,0.004104284742301362,0.003922815713876191,0.003798740824140657,0.59401613,0.61129,0.6079104,0.6464895,0.6211382,0.57797873,0.55600154,0.5882977,2026-10-05T14:03:04.170046
37,0.6269873380661011,0.4978272318840027,0.7563254609107971,0.627392590045929,0.7563254609107971,0.8447316720962524,0.9306542085647583,2.562764532470703,0.1836559358239174,5.47912834854126,1.9745317361831665,1.0,10.0,,,,,0.585338484954834,0.585338484954834,,,,17.35878842468262,1.0694796423291324,0.05557225330637851,,0.05159036907038183,1.049082998827005,0.17820389001707362,0.0005820189420264333,0.01790234943033214,3.60470851477544,,0.0011213997256459007,,75.93431868826508,18.81502309422584,,102.38659862348229,75.91981311968178,24.927383750866934,95.04268466439217,38.88834594920942,17.358766458596392,,0.6802856663989413,,0.05814240590497187,0.1845311181750267,,0.09304985029112761,0.07313340442005996,0.1721309766078451,0.004454780527194784,0.3235020650799867,0.11515264345961772,,,,0.13785,2757.0,0.5856255,0.5843737,0.6643819,0.7364534,0.58456,0.6109899,0.6538275,0.5975764,0.4990500211715698,0.8172008924484253,0.5968000292778015,0.8172008924484253,0.024,24.0,0.3871793314388929,0.3823674910347929,0.39379926773744645,0.42240573749652843,0.4242689472772136,0.42454940775925726,0.4094904170555349,0.41335115955385965,0.4138059860069181,0.014134649820228823,0.015213505139440624,0.014885923039946606,-0.0008691363077646523,0.004089547788336286,0.004069310874435904,0.010348393894892675,0.011456339402819956,0.011853080446456958,0.5695,0.6331818,0.5209303,0.6108553,0.70162606,0.588189,0.51299214,0.6363636,0.4891500174999237,0.7903488965034485,0.6123999357223511,0.7903488965034485,0.026,26.0,0.2841302528315339,0.27814589067833057,0.2871475780048787,0.34422183980419696,0.3483570942341134,0.3426461880023022,0.37094217535891433,0.3704989188890986,0.3712788076979748,-0.0029614899756322537,-0.003871134950660991,-0.0032480226313809685,-0.003689852047441644,-0.006407764866319102,-0.004716743544093123,0.0031529742684701166,0.0027113009767436216,0.0024346946292520843,0.63467747,0.58423424,0.71459854,0.6549619,0.5247968,0.57061404,0.6073171,0.59014595,0.49410001933574677,0.8037748944759369,0.6045999825000763,0.8037748944759369,0.025,25.0,0.33565479213521343,0.33025669085656173,0.34047342287116256,0.3833137886503627,0.3863130207556635,0.38359779788077975,0.39021629620722464,0.39192503922147914,0.3925423968524464,0.005586579922298285,0.005671185094389817,0.005818950204282819,-0.0022794941776031483,-0.0011591085389914082,-0.0003237163348286092,0.006750684081681396,0.007083820189781789,0.007143887537854521,0.60208875,0.608708,0.6177644,0.6329086,0.6132114,0.5794015,0.5601546,0.6132548,2026-10-05T14:07:36.657377
38,0.6265175342559814,0.5010121464729309,0.7592249465942382,0.6268102526664734,0.7592249465942382,0.8536372570991516,0.9405493019104004,2.655407727050781,0.20655839607715606,5.927910374450684,1.980659087753296,1.0,10.0,,,,,0.6255300271034241,0.6255300271034241,,,,17.331457312011718,1.8870877414218086,0.08864094557242089,,0.07326920476303121,1.0245270140611442,0.1766051233858819,0.0005454961497820083,0.015762277807637004,3.874317742457056,,0.0011519417299021104,,75.89712504976114,18.79990857118254,,102.38471217064341,75.88325111729324,24.892357710820093,95.04073081046913,38.84098130730307,17.331435391857365,,0.6833486112819356,,0.058640613274019995,0.18768168340443045,,0.09452715985904074,0.0739250606412341,0.1737848330455221,0.004500629543475095,0.32448410835995034,0.11644725919149485,,,,0.1231,2462.0,0.590818,0.5848369,0.6633915,0.7337678,0.5904011,0.607899,0.6524301,0.5892872,0.5062500238418579,0.8107803931236267,0.5981500148773193,0.8107803931236267,0.026,26.0,0.3570668632961809,0.3542680957510874,0.3587872234677313,0.3527329098113209,0.3513885284187867,0.3528562219069943,0.36138990746356975,0.3618225125564357,0.36174137124746825,-0.012570241265203456,-0.012710731826103862,-0.013220926754956059,-0.019114855400278404,-0.017976146272739472,-0.02035136674360918,-0.016937388179355684,-0.017069434261908,-0.016720269541894334,0.56450003,0.6513637,0.524031,0.61875004,0.72113824,0.5744095,0.5145669,0.6166667,0.5001000761985779,0.788686402797699,0.6091500520706177,0.788686402797699,0.022,22.0,0.3262358325838149,0.32320426999949015,0.3269373977620439,0.3613904729632399,0.36997598933475356,0.36658668344261275,0.3884553638980548,0.3889627042186449,0.38758488184305656,0.0023177113494432895,0.00134535691222076,0.002223253411275173,-0.0029303507816065425,-0.002486379067103222,-0.002007401390764113,0.004863549896065282,0.00400382518096027,0.004687072886842197,0.61290324,0.5617117,0.69671535,0.6740458,0.53089434,0.5767544,0.6203252,0.5817519,0.5031750500202179,0.7997333979606629,0.6036500334739685,0.7997333979606629,0.024,24.0,0.3416513479399979,0.3387361828752888,0.3428623106148876,0.3570616913872804,0.36068225887677013,0.3597214526748035,0.3749226356808123,0.3753926083875403,0.3746631265452624,-0.005126264957880083,-0.005682687456941551,-0.005498836671840443,-0.011022603090942473,-0.010231262669921347,-0.011179384067186647,-0.006036919141645201,-0.006532804540473865,-0.0060165983275260685,0.5887016,0.6065377,0.61037314,0.64639795,0.62601626,0.5755819,0.56744605,0.5992093,2026-10-05T14:12:10.363504
39,0.6279473900794983,0.49813467264175415,0.7570754876136779,0.6279401779174805,0.7570754876136779,0.8457477624893188,0.9317831936836243,2.5603192527770995,0.20294814188480378,5.67531480102539,1.974227062034607,1.0,10.0,,,,,0.57098537774086,0.57098537774086,,,,17.30407795715332,1.167437453333075,0.05998895009668176,,0.050604234223408255,1.08141847951397,0.17484963834760295,0.000516897617480762,0.016241751353191152,3.910423557090152,,0.001024521158443772,,75.86081092980257,18.79085292937649,,102.37976268598229,75.84662618454854,24.85815818446457,95.03942078997375,38.79863639394189,17.30405626479228,,0.6801748256774465,,0.05924117043139828,0.1915812585384223,,0.09562489627652866,0.07477691314023012,0.17590570753547036,0.004486299229631568,0.32573304548385035,0.1178996485604602,,,,0.1268,2536.0,0.5922013,0.5852598,0.6672742,0.73276067,0.5915498,0.6015758,0.6574524,0.5938289,0.5100499391555786,0.8198848776817321,0.5952499508857727,0.8198848776817321,0.026,26.0,0.3152094254904135,0.31123014032172985,0.3165406655348207,0.40094334037862617,0.3610155897254328,0.36892869108780735,0.3690458439789323,0.3678723590255427,0.36806175352065107,0.0007381707832161034,0.0034230526701561396,0.00018258922414456807,0.0012852956077525266,-0.0025236960477317905,-0.00398657605690575,0.006147575662430039,0.005897041567558208,0.005962772028489962,0.5995,0.6554545,0.524031,0.5881579,0.6865854,0.580315,0.5,0.64053035,0.4927000105381012,0.77677073097229,0.6151999831199646,0.77677073097229,0.022,22.0,0.2849408675817254,0.28137760632508546,0.28607490457610224,0.3585573476964951,0.3397931155291923,0.3399256899355979,0.38305478885375976,0.381092013294047,0.380371050723553,-0.007813358650576285,-0.008996397395521464,-0.008830956985676479,0.0009846542241792613,-0.007154281528557678,-0.0030812717619005197,0.00888577665379002,0.007293626244578341,0.007574378922675092,0.64677423,0.59099096,0.7222628,0.64007634,0.5365854,0.5732456,0.595122,0.59890515,0.5013749748468399,0.798327804327011,0.6052249670028687,0.798327804327011,0.024,24.0,0.3000751465360694,0.2963038733234077,0.30130778505546146,0.37975034403756064,0.3504043526273125,0.35442719051170263,0.376050316416346,0.3744821861597949,0.37421640212210205,-0.0035375939336800906,-0.002786672362682662,-0.0043241838807659555,0.0011349749159658938,-0.004838988788144734,-0.003533923909403135,0.00751667615811003,0.006595333906068274,0.006768575475582527,0.6231371,0.6232227,0.6231469,0.61411715,0.6115854,0.5767803,0.547561,0.6197177,2026-10-05T14:16:30.991602
40,0.6276246905326843,0.49995771050453186,0.757546194267273,0.6275518536567688,0.757546194267273,0.8497094506263733,0.9361850689888,2.5971463479995727,0.20018158416748047,5.7178738334655765,1.998093033027649,1.0,10.0,,,,,0.592998897266388,0.592998897266388,,,,17.276369119262696,0.8050263336960487,0.043625297957651646,,0.038623190380389666,0.997834401905157,0.17831677034687085,0.00044101074406177187,0.01579213116590859,4.042157657586845,,0.0009087347962296083,,75.82321429404483,18.772099440264853,,102.37099758075301,75.81039331521198,24.82271923381052,95.0388270092618,38.74847579761675,17.276347300049604,,0.6921913942713647,,0.05992110828115682,0.1941207667255098,,0.09630813112684117,0.07562472979733899,0.17799679346524985,0.00449931034581012,0.3263836635905466,0.1193972218568158,,,,0.1246,2492.0,0.5890337,0.5779098,0.65917194,0.7383294,0.59065425,0.60747474,0.6568044,0.5995519,0.5004499554634094,0.8106621289253235,0.597050130367279,0.8106621289253235,0.023,23.0,0.3212085121640239,0.3163585908607921,0.32636898778534634,0.3993554301833674,0.3898096744084476,0.39083428144013854,0.3380996172342532,0.3400175513401326,0.34283799142028465,0.020659813351891234,0.020439798087633774,0.018615920184070878,0.008895453858229341,0.013186344178816369,0.011974927429675859,-0.0030158655470682947,-0.004372706315641857,-0.004471915298873721,0.5905,0.64818186,0.5054264,0.61776316,0.71829265,0.576378,0.511811,0.61401516,0.4975000023841858,0.7845807938575745,0.6117500066757202,0.7845807938575745,0.023,23.0,0.33183015412916234,0.3318848638244677,0.3340669033971577,0.4034075818234032,0.3942496388611149,0.4045909596294071,0.42643714830081547,0.4275502681126699,0.4277811722297601,-0.003907867523174125,-0.003667998574228208,-0.005229379503757798,0.003695092100118418,0.0030803773509862358,0.002682181904499506,0.011768021693845315,0.011423690656013912,0.01061073384157976,0.625,0.57162166,0.7105839,0.66946566,0.5256098,0.5697369,0.61382115,0.58868617,0.4989749789237976,0.797621461391449,0.6044000685214996,0.797621461391449,0.023,23.0,0.3265193331465931,0.3241217273426299,0.33021794559125206,0.4013815060033853,0.3920296566347813,0.39771262053477285,0.38226838276753433,0.38378390972640125,0.3853095818250224,0.008375972914358555,0.008385899756702783,0.0066932703401565395,0.006295272979173879,0.008133360764901303,0.007328554667087683,0.00437607807338851,0.0035254921701860275,0.0030694092713530194,0.60775,0.6099018,0.60800517,0.6436144,0.6219512,0.5730574,0.5628161,0.60135067,2026-10-05T14:21:00.566679
41,0.6300123929977417,0.4999499022960663,0.751219522857666,0.6296749711036682,0.751219522857666,0.8582329523086548,0.9456556307792664,2.7166720504760744,0.21617888855934142,6.0564123588562015,1.9988957759857178,1.0,10.0,,,,,0.6397038754463196,0.6397038754463196,,,,17.248810760498046,0.7247908899536842,0.0447297099144287,,0.030606840694157086,1.0184490460499076,0.16204401807990043,0.0003635492863557687,0.013188120369224033,3.8349819016304747,,0.0006534679238191843,,75.78642948417907,18.75342518508814,,102.36335613469409,75.77428708410567,24.788666354622812,95.03739856306915,38.715581079956834,17.248788882213034,,0.6925896303668903,,0.06061176338772865,0.19648310731930338,,0.09713761024414354,0.07649317307836691,0.18004237172330262,0.004483405376078596,0.32838450077992337,0.12090265921726348,,,,0.1174,2348.0,0.5840417,0.578091,0.67288035,0.7435427,0.5906737,0.61224246,0.6581815,0.5960489,0.49584993720054626,0.8154188413619995,0.5948000550270081,0.8154188413619995,0.025,25.0,0.30107524134819075,0.29728918861801207,0.2993442197524095,0.3122936625102405,0.3128681385825614,0.3125805377078377,0.3050745713004107,0.3043391448753561,0.30516714165345354,-0.007375836546171802,-0.005576343593372152,-0.0066356616840943525,-0.021400828787764045,-0.020432483389989847,-0.020159028377605824,-0.007737334269661038,-0.0069716401192994526,-0.0066388447767388396,0.57850003,0.62863636,0.49457365,0.6108553,0.69959354,0.58740157,0.5173229,0.6424243,0.4920000433921814,0.7831517667770386,0.6123000383377075,0.7831517667770386,0.029,29.0,0.3051551868977462,0.3065282037929142,0.3077603390379138,0.3291590521665852,0.3301820314426475,0.33153727469620503,0.3437635371832937,0.34420454107105336,0.3443927292074441,0.0007565177324639577,0.001132359542393598,0.001066725377112936,0.004189607706370305,0.0010868458253957475,0.002261649914248089,0.007562767384791448,0.007206995324390251,0.007352727152130751,0.6157258,0.58243245,0.7131387,0.6687023,0.53373986,0.56008774,0.6101626,0.5945256,0.49392499029636383,0.799285304069519,0.6035500466823578,0.799285304069519,0.027000000000000003,27.0,0.3031152141229685,0.3019086962054631,0.3035522793951616,0.3207263573384128,0.32152508501260446,0.3220589062020214,0.32441905424185224,0.32427184297320477,0.3247799354304488,-0.0033096594068539225,-0.002221992025489277,-0.002784468153490708,-0.00860561054069687,-0.00967281878229705,-0.008948689231678868,-8.728344243479503e-05,0.00011767760254539905,0.0003569411876959555,0.5971129,0.60553443,0.6038562,0.6397788,0.6166667,0.57374465,0.56374276,0.61847496,2026-10-05T14:25:33.748924
42,0.6288600564002991,0.5006675720214844,0.7545014809608459,0.6285422444343567,0.7545014809608459,0.8475412645339966,0.9337759780883789,2.5757033924102783,0.21318223791122437,5.408266068267822,1.9980519710540772,1.0,10.0,,,,,0.6019101093292236,0.6019101093292236,,,,17.22129102783203,1.1523225932933723,0.06443286976097805,,0.050852671068363414,1.0130646183232592,0.16790335653883637,0.0005539310232226019,0.016191565232932758,3.913289491917677,,0.001006034954765142,,75.75181205409348,18.72337668109092,,102.35736803188445,75.7384481247823,24.754378579984046,95.03781565283514,38.6950262033256,17.22127000845162,,0.6921626974822609,,0.061432170663859434,0.1963803906729267,,0.0977393650704888,0.07739315106041113,0.18216490470300054,0.004525840054058535,0.331212022881599,0.1223437380354116,,,,0.1241,2482.0,0.59356457,0.577205,0.6640452,0.737263,0.59663165,0.6067879,0.6535034,0.5975764,0.5107500553131104,0.8225566668510437,0.590999960899353,0.8225566668510437,0.021,21.0,0.3448049294388845,0.339882529057332,0.3496793006439903,0.380372218863721,0.38256978436147043,0.36953950602925806,0.37909683709327563,0.38682013019320616,0.37755265122020887,-0.004057545551708863,-0.004721211859883445,-0.005002426199771641,-0.0025631149180817946,-0.002762548533034205,0.002470345316577954,0.004729342006182711,0.0035369011417193466,0.0034828320304526946,0.5715,0.6622727,0.5139535,0.58782893,0.70162606,0.576378,0.49921262,0.6246213,0.5146499872207642,0.7817729868888855,0.6130000948905945,0.7817729868888855,0.023,23.0,0.3210541767480773,0.31637544983204613,0.3213599484804678,0.39043589901653625,0.37965669534627433,0.3844625621481044,0.427414266461278,0.4261197848223067,0.42611658209825704,-0.005445038455480226,-0.006390591687483977,-0.006904235808357439,-0.008560509042871464,-0.008222282493037128,-0.00896266966799241,0.00015830271178591743,0.0002848456811715257,-0.001510088036087255,0.6391129,0.5806306,0.719708,0.6450382,0.5369919,0.5802632,0.6,0.5854015,0.5127000212669373,0.8021648268699646,0.6020000278949738,0.8021648268699646,0.022,22.0,0.33292955309348093,0.32812898944468905,0.33551962456222906,0.38540405894012864,0.38111323985387235,0.37700103408868124,0.4032555517772768,0.40646995750775644,0.4018346166592329,-0.004751292003594544,-0.005555901773683711,-0.00595333100406454,-0.005561811980476629,-0.0054924155130356665,-0.0032461621757072278,0.002443822358984314,0.001910873411445436,0.0009863719971827199,0.60530645,0.6214516,0.61683077,0.61643356,0.61930895,0.5783206,0.5496063,0.60501134,2026-10-05T14:29:43.592941
43,0.6293254494667053,0.49944496154785156,0.7522297958374023,0.6292776465415955,0.7522297958374023,0.8331046082496643,0.9177352469444275,2.476890895652771,0.2088904126882553,5.292413282012939,1.992720306968689,1.0,10.0,,,,,0.5375140651226044,0.5375140651226044,,,,17.193938781738282,0.8812119688150609,0.048245708358764745,,0.04363836756400218,1.0436120090211274,0.15279820497343494,0.0005600272799166554,0.015667940721295442,3.674269946137811,,0.0010133850102566455,,75.71633060722594,18.692036379674438,,102.35153319729362,75.70305162174687,24.722247688633622,95.0375872569479,38.66494214003253,17.19391679460076,,0.6894908687870973,,0.061973811406049,0.1966250712514683,,0.09840998309812728,0.07836897908502323,0.18419905652286142,0.004607184935408603,0.3333159028344853,0.12388810752683384,,,,0.1394,2788.0,0.58983564,0.5835481,0.6651545,0.7427133,0.5939447,0.6086667,0.6560146,0.5925662,0.49664995074272156,0.7758802828788758,0.6152999997138977,0.7758802828788758,0.023,23.0,0.3661864848827754,0.3630286125774334,0.36834566785389733,0.4384422248582136,0.4352996812489688,0.4386355176697781,0.4270185717569205,0.4302299947530977,0.43067609178891414,0.013249667017546747,0.011553050478169234,0.013443889071746555,0.016273528161848558,0.015416846170134635,0.015906887648418883,0.01375836475139343,0.012206093670926932,0.011949251893109235,0.596,0.6181818,0.55077523,0.64605266,0.7577236,0.5929134,0.5322834,0.62386364,0.5007500052452087,0.7768218960762024,0.6138501167297363,0.7768218960762024,0.024,24.0,0.2119911044154763,0.2042563253190324,0.21362885321715736,0.3097836867872161,0.3018240964348586,0.3087781082297579,0.3364820610001117,0.333410293596509,0.33623284093421646,-0.0033433898170805035,-0.003800921521259253,-0.00411477470217418,-0.0034858526301009703,-0.001395263626858843,-0.004392624561202189,0.0016784231436704977,0.0017906732706697256,0.00040214081858056173,0.61612904,0.57567567,0.6806569,0.69694656,0.52276427,0.59078944,0.62601626,0.58649635,0.49869997799396515,0.7763510894775392,0.614575058221817,0.7763510894775392,0.0235,23.5,0.28908879464912585,0.2836424689482329,0.29098726053552737,0.37411295582271487,0.36856188884191365,0.373706812949768,0.3817503163785161,0.38182014417480337,0.3834544663615653,0.004953138600233121,0.0038760644784549903,0.004664557184786188,0.0063938377658737935,0.007010791271637896,0.005757131543608346,0.007718393947531964,0.006998383470798329,0.006175696355844898,0.60606456,0.5969287,0.6157161,0.6714996,0.64024395,0.5918514,0.57914984,0.60518,2026-10-05T14:33:54.474590
44,0.6260697841644287,0.5034852027893066,0.7588900091171265,0.6260422468185425,0.7588900091171265,0.8477309698104858,0.9339867635726928,2.5253488859176634,0.20261173593997955,5.546733583831787,1.9958189220428466,1.0,10.0,,,,,0.5233917122840881,0.5233917122840881,,,,17.166199307250977,1.2396138714994216,0.0599365481338612,,0.04931371052568529,1.081491448697011,0.16079939640821164,0.0005002848898630832,0.01566401869651808,4.04893470076239,,0.0007947688553170216,,75.68209464686691,18.66733858387941,,102.35082390657655,75.66705711024582,24.68856208947054,95.03414635141944,38.662552754590465,17.16617750665944,,0.6910529823819543,,0.06292369088549522,0.19811417190891922,,0.10004054579385527,0.07920534400993091,0.18616287514662286,0.004605663210675595,0.3374293619280408,0.12532967087000038,,,,0.1257,2514.0,0.5836207,0.5796013,0.6669176,0.7398302,0.58964175,0.6094748,0.6575537,0.57981676,0.5030999779701233,0.8225049366950988,0.5900499224662781,0.8225049366950988,0.024,24.0,0.3179522876105829,0.3176398326631974,0.31912825939390155,0.3941144250482944,0.42541253271215945,0.4093914301577262,0.3891374145484404,0.38715358390647586,0.3880861263671555,-0.00847853654281818,-0.00913380506173039,-0.009559370714911176,-0.010272431588284494,-0.0025832311548806526,-0.011729526162616459,-0.015114064139661171,-0.014522081738355685,-0.016300460562472727,0.545,0.6431818,0.4988372,0.60361844,0.7085366,0.5917323,0.51417327,0.61439395,0.5003499984741211,0.7847442488670349,0.6092000603675842,0.7847442488670349,0.023,23.0,0.2740789615254894,0.2699885956342431,0.2761682634617555,0.3684590852195478,0.34923666611099563,0.3628788736312068,0.3939854802381804,0.3949814379427378,0.394797101455248,-0.009224155781670273,-0.010273362026180418,-0.010022915950577086,-0.003750199671486272,-0.002412654644500725,-0.004259067226755708,-0.0015853937292201904,-0.0017255520777263134,-0.002433623132895691,0.6201613,0.57072073,0.70766425,0.6633588,0.5313008,0.5767544,0.60203254,0.5835767,0.5017249882221222,0.8036245927810668,0.5996249914169312,0.8036245927810668,0.0235,23.5,0.29601562456803615,0.2938142141487202,0.2976482614278285,0.3812867551339211,0.38732459941157754,0.3861351518944665,0.39156144739331045,0.39106751092460684,0.39144161391120175,-0.008851346162244226,-0.009703583543955403,-0.009791143332744131,-0.007011315629885383,-0.0024979428996906887,-0.007994296694686084,-0.008349728934440682,-0.008123816908040999,-0.009367041847684209,0.5825807,0.60695124,0.60325074,0.63348866,0.6199187,0.58424336,0.5581029,0.5989853,2026-10-05T14:38:21.842687
45,0.6279025077819824,0.49813228845596313,0.7577609199523926,0.6281174421310425,0.7577609199523926,0.8399983850479126,0.92539500207901,2.4164928859710693,0.18331246635913848,5.273377079391479,1.9932319185256957,1.0,10.0,,,,,0.46564859733581543,0.46564859733581543,,,,17.13879486694336,1.634466475457143,0.08130969318478208,,0.06465452603082274,1.0569834933159457,0.1775325071659817,0.0005602781499764188,0.016707131737000815,4.6690209557296365,,0.0009379670494468697,,75.64509412437488,18.64402897342755,,102.34183915253658,75.63119098639032,24.65407797940977,95.03184319757352,38.65606670015177,17.13877329249291,,0.6897659567511005,,0.06336598050822119,0.20023863786345075,,0.1003217278107716,0.08007219870379016,0.18860896292385781,0.004604428695147014,0.34125447159360167,0.12669331053639674,,,,0.13585,2717.0,0.59318364,0.580588,0.66519415,0.7371446,0.5917251,0.6046061,0.6600041,0.5908147,0.5074000358581543,0.8248444123268127,0.5904499888420105,0.8248444123268127,0.024,24.0,0.4048565802276064,0.4066849212209813,0.405238502471981,0.4497019366013249,0.4624540834192626,0.4505287669002799,0.4552044469838751,0.4557136772238807,0.4560718053877438,-0.008095603928825164,-0.012780534375215567,-0.008052490856768065,-0.013436358901641389,-0.013237338795707107,-0.014239509433314807,-0.01700940183348308,-0.016354842482982516,-0.016526258715807568,0.579,0.53318185,0.522093,0.6315789,0.74268293,0.5531496,0.53740156,0.61136365,0.5045499801635742,0.8115996174812317,0.5976500511169434,0.8115996174812317,0.025,25.0,0.2554038711259886,0.243821060046523,0.25674629855421677,0.2905322757532969,0.2810106498267504,0.2851963311109864,0.3177385506066621,0.3171121639973275,0.3208448759679025,0.0033112324960901155,0.0002469691388204083,0.0032177779241352004,0.0014337386057766176,-0.0020173344345849067,0.0002612020223069896,0.0026973523549341837,0.002398768425495622,0.002153122949117437,0.5673387,0.57117116,0.6310219,0.68740463,0.52723575,0.5925439,0.63414633,0.5620438,0.5059750080108643,0.8182220149040222,0.5940500199794769,0.8182220149040222,0.0245,24.5,0.3301302256767975,0.3252529906337522,0.33099240051309886,0.37011710617731086,0.37173236662300646,0.36786254900563314,0.3864714987952686,0.38641292061060406,0.38845834067782314,-0.002392185716367524,-0.006266782618197579,-0.0024173564663164324,-0.006001310147932386,-0.007627336615146007,-0.0069891537055039085,-0.007156024739274449,-0.006978037028743447,-0.007186567883345065,0.57316935,0.5521765,0.57655746,0.6594918,0.63495934,0.5728468,0.58577394,0.5867037,2026-10-05T14:42:54.642826
46,0.626147449016571,0.5001776218414307,0.7591282382965088,0.6266197562217712,0.7591282382965088,0.8298617269515991,0.9141320476531982,2.3358168420791627,0.21896426253318788,5.767366025924683,1.958573805999756,1.0,10.0,,,,,0.5152784035205841,0.5152784035205841,,,,17.11154493713379,2.025248789744582,0.08874271211368595,,0.09099567839935137,1.007218752886839,0.168368841479918,0.000994059666609362,0.02399670370338354,4.078904515618731,,0.0032475433936791204,,75.60841165530454,18.625499445921296,,102.36112154820923,75.59540212837754,24.62422579868584,95.03525305098029,38.68991817790232,17.11152261381696,,0.6721326173490779,,0.06407977204034283,0.20369993738687722,,0.10344221846313234,0.08076152385799748,0.1909990015493077,0.004769218029679766,0.3475720273081664,0.1281776717703813,,,,0.16215,3243.0,0.5753809,0.5808699,0.6641244,0.7366706,0.59400314,0.60517174,0.6651681,0.5898574,0.5072999596595764,0.8237717437744141,0.5916498899459839,0.8237717437744141,0.027,27.0,0.26453068006872954,0.2646461330165295,0.26965785604712933,0.3413980522399372,0.3477745588777028,0.3590445552077563,0.3425408202293552,0.3440668466600577,0.344200868166379,-0.025683021739761728,-0.026870003420337612,-0.02760528214565261,-0.02863539447483548,-0.03937352802740909,-0.030926712702269814,-0.014815765302746291,-0.01604030320057296,-0.016467545488709667,0.5575,0.5940909,0.48410854,0.6421053,0.752439,0.5661417,0.5,0.6253788,0.4953499734401703,0.7903874092102051,0.6081499457359314,0.7903874092102051,0.029,29.0,0.2998432157728928,0.2959097002283705,0.30266300682065767,0.3733975877564893,0.3671765997199373,0.3781747629540213,0.3807025355435052,0.3812514299524919,0.37944461151878495,-0.0020696630576542327,-0.002658966075374592,-0.002527412465976577,-0.006250594625124763,-0.007962553588749694,-0.0077655169067813385,0.0007029030018821016,0.0015089077138710967,-0.00010524436354663085,0.5967742,0.55090094,0.6740876,0.7015267,0.545935,0.5675439,0.62479675,0.5843066,0.5013249665498734,0.8070795764923095,0.5998999178409576,0.8070795764923095,0.028,28.0,0.28218694792081117,0.28027791662245,0.28616043143389347,0.35739781999821324,0.35747557929882007,0.36860965908088883,0.3616216778864302,0.36265913830627483,0.36182273984258195,-0.01387634239870798,-0.014764484747856101,-0.015066347305814593,-0.01744299454998012,-0.02366804080807939,-0.019346114804525576,-0.007056431150432095,-0.007265697743350932,-0.008286394926128149,0.5771371,0.57249594,0.57909805,0.671816,0.64918697,0.5668428,0.5623984,0.60484266,2026-10-05T14:47:26.781052
47,0.6281026601791382,0.5011252164840698,0.7539389616966248,0.6281799674034119,0.7539389616966248,0.8547452189445496,0.9417803712844849,2.6232285709381102,0.2510150035381317,6.544630989074707,1.9129594150543212,1.0,10.0,,,,,0.561689475440979,0.561689475440979,,,,17.083753842163087,1.026756132341874,0.0478694531191615,,0.04926225260214489,1.1191078168191728,0.15406749321586766,0.00044672156116483245,0.013818764608282193,4.1199095275751345,,0.0009312230018610773,,75.57251652031188,18.595436241976014,,102.37831562795456,75.56018095563172,24.590218379998664,95.03238988985682,38.7412317361042,17.0837319975446,,0.6486527737538526,,0.06484795508870653,0.20419921768698723,,0.10672578685412741,0.08168013441334863,0.1931717248669096,0.0049644605209161145,0.35527798362598295,0.129605589114177,,,,0.11955,2391.0,0.58763033,0.5858236,0.6662837,0.7403831,0.59137464,0.60220206,0.65830296,0.5917108,0.49915003776550293,0.8275615172386169,0.5895000100135803,0.8275615172386169,0.019,19.0,0.2337494675939288,0.2220582173153867,0.2355214194222389,0.2869631573568145,0.29094941266944824,0.28363648936476193,0.32003895268133414,0.3178917060007965,0.3166066965820999,-0.030990344976265075,-0.03205145354098823,-0.03157790371211894,-0.03276583873023731,-0.03149302148482606,-0.034172701269424136,-0.028111199006303336,-0.02883069720081499,-0.0288531550345312,0.57,0.64,0.5046511,0.59144735,0.692683,0.5925197,0.50511813,0.625,0.5097000002861023,0.7992395453453064,0.6034500598907471,0.7992395453453064,0.02,20.0,0.28325238349142634,0.27049751095140234,0.28372533311040093,0.3129705627732406,0.313273575478592,0.30771727258413895,0.3517609604617594,0.3508743074763179,0.331713982306642,-0.000950416317606565,-0.003727759308392957,-0.0019194952783025605,-0.0022558687702389046,-0.006154185763244237,-0.004575854543455749,0.004012981502353777,0.0023887719240037004,0.000786633410546319,0.60967743,0.568018,0.7072993,0.6576336,0.5313008,0.5421053,0.59105694,0.5978102,0.5044250190258026,0.8134005312919617,0.5964750349521637,0.8134005312919617,0.0195,19.5,0.25850092554267756,0.24627786413339453,0.2596233762663199,0.29996686006502754,0.30211149407402016,0.29567688097445044,0.3358999565715468,0.33438300673855725,0.32416033944437095,-0.01597038064693582,-0.01788960642469059,-0.01674869949521075,-0.017510853750238104,-0.018823603624035148,-0.019374277906439943,-0.01204910875197478,-0.013220962638405644,-0.01403326081199244,0.58983874,0.60400903,0.6059752,0.62454045,0.6119919,0.5673125,0.54808754,0.61140513,2026-10-05T14:51:59.562512
48,0.6330603361129761,0.49858754873275757,0.7460330283164978,0.6330847144126892,0.7460330283164978,0.8468436818122864,0.9330008846282959,2.486448776817322,0.23167150950431822,6.31792444229126,1.9269594379425048,1.0,10.0,,,,,0.5803894643783569,0.5803894643783569,,,,17.056201943969725,0.8553986957023858,0.04014372631127406,,0.03541491448265281,1.073049909180137,0.15681869664769263,0.0005184610500419364,0.01410982201830929,4.320246420848142,,0.0009417097408757423,,75.53611658181354,18.565352834713686,,102.36891004234363,75.52474888115172,24.556749793374614,95.03287073609177,38.707465955406235,17.056180565220536,,0.6559343102631295,,0.06554151701319749,0.20416482115627094,,0.10707662482360367,0.08252918810411623,0.19488093959298103,0.004968022924675873,0.3569728902950408,0.13098696624017825,,,,0.12425,2485.0,0.58889335,0.57521147,0.6696117,0.7516588,0.59877336,0.6113535,0.66776025,0.5995927,0.4981500804424286,0.7776977472305298,0.6163000464439392,0.7776977472305298,0.019,19.0,0.38040468779584885,0.37913673618574195,0.3868216137456301,0.4121333907158865,0.3957908011604738,0.41890431056502925,0.40518094635185337,0.40417097700920274,0.40913649255748596,-0.004590785897663571,-0.0036258116877864724,-0.0033167918046442136,-0.0005970720798416198,-0.02000461806164642,0.0020809430020991056,-0.003886250854633206,-0.006089944824954345,-0.005673840959680996,0.5835,0.62909096,0.56395346,0.64638156,0.7520325,0.5897638,0.52480316,0.63409096,0.49250003695487976,0.7819355268478394,0.6117500066757202,0.7819355268478394,0.02,20.0,0.3131934177351919,0.30750579443765497,0.314778322742387,0.3941356995991852,0.38365168305633285,0.38949474129740996,0.3546055096182612,0.3557401409009743,0.3530286008159063,-0.008554874086433963,-0.009663335773464858,-0.00889821010914191,-0.007670572682246532,-0.006289601381623425,-0.008058302198248797,-0.014008524619186087,-0.013884807553409,-0.014676396832260007,0.61491936,0.563964,0.67335767,0.7015267,0.54308945,0.5732456,0.62967485,0.5777372,0.4953250586986542,0.7798166370391846,0.6140250265598297,0.7798166370391846,0.0195,19.5,0.34679905276552037,0.3433212653116985,0.35079996824400855,0.4031345451575359,0.3897212421084033,0.4041995259312196,0.3798932279850573,0.3799555589550885,0.38108254668669617,-0.006572829992048767,-0.006644573730625665,-0.006107500956893061,-0.004133822381044076,-0.013147109721634923,-0.002988679598074846,-0.008947387736909647,-0.009987376189181673,-0.010175118895970501,0.59920967,0.59652746,0.61865556,0.6739541,0.64756095,0.5815047,0.57723904,0.6059141,2026-10-05T14:56:20.608984
49,0.6296722888946533,0.49879002571105957,0.7531075101852417,0.62967449426651,0.7531075101852417,0.8367478467941284,0.9217832912445069,2.305212013244629,0.20984556756019593,5.954531778717041,1.9551707126617432,1.0,10.0,,,,,0.5535112008571624,0.5535112008571624,,,,17.029143228149415,0.6287181642333604,0.028899847051561782,,0.030301681000466464,1.106145794983882,0.15682963839477035,0.0005138942010286947,0.014796206810671812,4.283833157105051,,0.0010647487781321257,,75.50044979411325,18.5382972036957,,102.3559295265538,75.48874513662545,24.524245790615204,95.03270079983268,38.66915261821382,17.02912145966937,,0.670421049473392,,0.06625196366173447,0.20461428279330016,,0.10711033675511172,0.08334829297604834,0.19758757407877856,0.0049882948392658095,0.3583003324308213,0.13268588027756684,,,,0.1303,2606.0,0.59027666,0.57825214,0.6624604,0.7465837,0.59180295,0.6102424,0.6622114,0.5939104,0.49425002932548523,0.7949080939292907,0.6034500002861023,0.7949080939292907,0.022,22.0,0.31471183397123853,0.3078215463504486,0.3183697532907154,0.36815238417835905,0.36201436425645717,0.3701974030201629,0.34788375474167105,0.3483202663213801,0.3441938952526362,-0.021399614878245467,-0.019902166256246592,-0.019527792275789595,-0.011852859896741253,-0.009962722675814484,-0.008379971091275543,-0.023027955623023406,-0.019845036120526908,-0.020740406413509545,0.5805,0.65818185,0.54689926,0.6108553,0.7065041,0.5948819,0.5015748,0.632197,0.49125000834465027,0.7778597593307495,0.6131000518798828,0.7778597593307495,0.022,22.0,0.32122538137292256,0.31621767300143944,0.32199648065834713,0.3666111814245951,0.3623762351412161,0.3693049926777499,0.33790450253857973,0.3380098055708868,0.33565592235313213,-0.0039652679069337535,-0.005015611724565834,-0.003868060667127986,-0.005171075257188906,-0.006730050075805871,-0.006388114847944803,-0.012085678680864551,-0.012117255670068614,-0.012571433775677227,0.6334678,0.58063066,0.71350366,0.6580153,0.5369919,0.5662281,0.61300814,0.5850365,0.49275001883506775,0.7863839266300201,0.6082750260829926,0.7863839266300201,0.022,22.0,0.31796860767208057,0.312019609675944,0.3201831169745313,0.36738178280147704,0.3621952996988366,0.3697511978489564,0.34289412864012536,0.34316503594613346,0.3399249088028842,-0.01268244139258961,-0.012458888990406213,-0.01169792647145879,-0.008511967576965079,-0.008346386375810177,-0.007384042969610173,-0.01755681715194398,-0.01598114589529776,-0.016655920094593386,0.6069839,0.6194062,0.63020146,0.6344353,0.621748,0.58055496,0.5572915,0.60861677,2026-10-05T15:00:53.667295
50,0.6320552229881287,0.5011023283004761,0.7440653082847595,0.6321998834609985,0.7440653082847595,0.8279419797897339,0.9119989995002746,2.238928963470459,0.20970782482624054,5.820069599914551,1.936849486541748,1.0,10.0,,,,,0.5350516525268555,0.5350516525268555,,,,17.001727743530274,0.7308410950432158,0.03689804513772629,,0.035715713004053684,1.0727535900037,0.12524537241477876,0.0005748762242506394,0.01363112727346219,3.941164633271041,,0.0013132814366278124,,75.46364476878172,18.515877255968228,,102.34454729602595,75.45347449430236,24.491013411503687,95.02818065084469,38.64164325689814,17.00170583785719,,0.6610794276188893,,0.06676965643456027,0.2061155605468021,,0.1073504991971763,0.08409987878837404,0.19935563510390603,0.005125723186002415,0.360478324115656,0.134062074836652,,,,0.1367,2734.0,0.5897153,0.5815143,0.6731181,0.74480647,0.5982477,0.61266667,0.66077363,0.59488803,0.4999000132083893,0.8247489466667175,0.5897499918937683,0.8247489466667175,0.025,25.0,0.30630800940201347,0.30426457864839446,0.30571901928733586,0.35788731902493554,0.3392906489548334,0.35686204036565206,0.3413384683324186,0.34077990795980595,0.33884297807481933,-0.01517997033037084,-0.013891624171028075,-0.015710283261702568,-0.012376744134984108,-0.01393785582431431,-0.015583544100110076,-0.018454435034815725,-0.018763459631656144,-0.019488448743719432,0.5815,0.6454545,0.51511633,0.59144735,0.6902439,0.58582675,0.49724412,0.619697,0.49494990706443787,0.7830115394592285,0.610550045967102,0.7830115394592285,0.026,26.0,0.31684138558020425,0.3134018209769856,0.3205743857514872,0.41274349342832395,0.39458022940325727,0.41437149143320845,0.35894936436477914,0.3574801430916452,0.3592213555388405,-0.012347169349041308,-0.011824840513202876,-0.012460827510104036,-0.007958115767188061,-0.008196752020652195,-0.008322267372265392,-0.008571292480641403,-0.008359509538345774,-0.00876140824587898,0.64314514,0.5968468,0.7215328,0.6339695,0.5288618,0.5605263,0.595122,0.58759123,0.4974249601364136,0.803880243062973,0.6001500189304352,0.803880243062973,0.025500000000000002,25.5,0.3115746974911089,0.30883319981269003,0.31314670251941157,0.38531540622662974,0.36693543917904536,0.3856167658994303,0.35014391634859887,0.3491300255257256,0.3490321668068299,-0.013763569839706074,-0.012858232342115476,-0.014085555385903302,-0.010167429951086084,-0.011067303922483254,-0.011952905736187734,-0.013512863757728564,-0.01356148458500096,-0.014124928494799207,0.61232257,0.6211507,0.6183246,0.61270845,0.60955286,0.5731765,0.54618305,0.60364413,2026-10-05T15:05:26.798878
51,0.6308904886245728,0.5023297071456909,0.7461674962997437,0.6309600472450256,0.7461674962997437,0.8325476386070252,0.9171163942337036,2.3107052036285403,0.21371808483600616,6.178714545440674,1.9626270711898803,1.0,10.0,,,,,0.5783298918247223,0.5783298918247223,,,,16.974234982299805,0.8116000966839255,0.04950099305885956,,0.0467805601619362,1.1085684720877629,0.13316033147038167,0.0007181857268316345,0.016370653682002786,4.056476737283598,,0.0012341052437431284,,75.42785688266633,18.50030359644799,,102.33811848634367,75.41783253858044,24.45623067382035,95.02679341310149,38.630831505842266,16.974212476402332,,0.6742907420844789,,0.0674792030814347,0.2089119671256679,,0.10816274967732703,0.08496895769409313,0.2010991099723585,0.005355047646340481,0.36381488981520294,0.1353373509493603,,,,0.1369,2738.0,0.58859265,0.5784736,0.67721874,0.7420814,0.593419,0.6095758,0.6597003,0.5968432,0.49765002727508545,0.8149331521987915,0.5945501327514648,0.8149331521987915,0.023,23.0,0.17938931256302726,0.16371214144021762,0.18080766655952643,0.26312725289617217,0.24390183772487473,0.25363661033993967,0.27381862660741624,0.27273394901374604,0.26193164348248765,-0.023553843381485053,-0.0266621186560026,-0.02577255248009102,-0.020486111762515212,-0.020599319726671818,-0.02514360713104617,-0.021494461818759254,-0.023495449659932232,-0.02559894777275839,0.577,0.65999997,0.49341086,0.60164475,0.693496,0.6106299,0.5047244,0.62272733,0.5075500011444092,0.7933677253723145,0.6059000492095947,0.7933677253723145,0.026,26.0,0.2814164295168064,0.2795478222329769,0.28289356043246333,0.3496718495738312,0.33963218206647766,0.3399345633081599,0.32517752003792155,0.32426195206742914,0.31830285974385897,-0.009715346775075686,-0.010565140027630704,-0.010033738378816198,-0.00924093401842693,-0.00651740129513071,-0.00985139838466318,-0.010819645290873673,-0.0112173100658041,-0.011745207077769425,0.61935484,0.57342345,0.7171533,0.6435115,0.5406504,0.55657893,0.5943089,0.5828467,0.5026000142097473,0.8041504387855529,0.6002250909805298,0.8041504387855529,0.0245,24.5,0.23040287103991683,0.22162998183659727,0.2318506134959949,0.3063995512350017,0.29176700989567617,0.29678558682404976,0.29949807332266887,0.2984979505405876,0.2901172516131733,-0.01663459507828037,-0.01861362934181665,-0.017903145429453607,-0.01486352289047107,-0.013558360510901264,-0.017497502757854673,-0.016157053554816465,-0.017356379862868164,-0.018672077425263906,0.59817743,0.61671174,0.60528207,0.62257814,0.6170732,0.58360445,0.5495167,0.602787,2026-10-05T15:09:47.469376
52,0.6241322159767151,0.4991024434566498,0.7620122779846191,0.6239475607872009,0.7620122779846191,0.8554803552627563,0.9425971881866455,2.554648136138916,0.26222325263023377,6.725826641845703,1.9980546455383301,1.0,10.0,,,,,0.5412651053905487,0.5412651053905487,,,,16.94777550048828,1.973578651595837,0.14134346742248222,,0.08957959775468868,0.9766212455026663,0.21105809391114363,0.0011481683913345455,0.037371170766366896,3.931022858164113,,0.0023944080730986922,,75.39206413706397,18.49119332185976,,102.33735846258273,75.38243695884753,24.43046690096521,95.02962075980605,38.74157989404763,16.9477479047836,,0.6921767174817954,,0.06810182394685259,0.21331619533004276,,0.10978336969188823,0.08568913565509638,0.20402097312887763,0.005432871959296761,0.3748720284480198,0.13705137761155511,,,,0.12035,2407.0,0.58440256,0.57563436,0.66590726,0.7355845,0.59230924,0.6031313,0.65421224,0.5783503,0.5074499845504761,0.7873094725608826,0.6114499568939209,0.7873094725608826,0.018,18.0,0.2780746337069538,0.2786142133193101,0.2808700242345025,0.37741789260250713,0.38735314031079626,0.38040882249337116,0.35152492429423904,0.3554758792198039,0.35331790713695377,-0.027145533186890964,-0.02582717068690805,-0.027037368667007112,-0.01589499566249147,-0.010824404650760545,-0.014922890073496495,-0.014119773339956893,-0.01338322557354598,-0.013704796180025416,0.606,0.6431818,0.5403101,0.6335527,0.74308944,0.58149606,0.5106299,0.6363636,0.5063499808311462,0.7712127895355224,0.6191499829292297,0.7712127895355224,0.019,19.0,0.3465865601765123,0.34342063918113264,0.3492923567553342,0.41507845515312525,0.4048290173900112,0.4143153246798234,0.3835125875828952,0.3828638863229985,0.3832776328389851,-0.010356376094376698,-0.010275705371718423,-0.010385084150076947,-0.002986747016245482,-0.008697274021348102,-0.0037866803142921675,-0.007503262313886187,-0.0070677726427246105,-0.008113147655593678,0.6229839,0.58288294,0.69927007,0.6980916,0.53373986,0.59517545,0.6170732,0.58795625,0.5068999826908112,0.7792611310482025,0.6152999699115753,0.7792611310482025,0.0185,18.5,0.31233059694173304,0.31101742625022133,0.31508119049491834,0.3962481738778162,0.39609107885040373,0.39736207358659725,0.3675187559385671,0.36916988277140117,0.3682977699879694,-0.01875095464063383,-0.018051438029313235,-0.01871122640854203,-0.009440871339368476,-0.009760839336054324,-0.009354785193894332,-0.01081151782692154,-0.010225499108135295,-0.010908971917809547,0.61449194,0.61303234,0.6197901,0.66582215,0.6384146,0.58833575,0.56385154,0.61215997,2026-10-05T15:14:13.640891
53,0.6332374215126038,0.5008849501609802,0.7429574447631836,0.6333420872688293,0.7429574447631836,0.8660735745429993,0.9543674334526062,2.606989125823975,0.24468856711387635,7.279857642364502,1.9925316303253173,1.0,10.0,,,,,0.5200966508865357,0.5200966508865357,,,,16.91954345703125,1.1191916666023292,0.06135387311075595,,0.05108575631084312,1.1536279237194427,0.17250404896060373,0.0006393098597159716,0.0187229303269392,4.539283930496046,,0.0016704355067611305,,75.35831339647815,18.47520393322987,,102.34018925952304,75.3471198112342,24.40597658096605,95.0247754625454,38.90123722052119,16.91952249806398,,0.6893761252901357,,0.06909348108586233,0.2158801415164,,0.11176659527477945,0.0864618169084476,0.20726016989559126,0.005494014419330533,0.3893158500361594,0.1385589131883755,,,,0.10905,2181.0,0.5942261,0.5845348,0.6754754,0.7434439,0.5942562,0.60791916,0.66589713,0.5993483,0.5026000142097473,0.8204981679916382,0.589199960231781,0.8204981679916382,0.018,18.0,0.221807720053619,0.21641134537797374,0.22174356411752402,0.28436646864855586,0.26399755989778617,0.2840240292791394,0.2761226429275003,0.2753756969544033,0.2736662867668451,-0.031278847172751985,-0.032715952196464566,-0.03127768244365351,-0.020355582040653207,-0.026864895966041785,-0.01948467424257179,-0.018482522615600003,-0.017719486082213284,-0.0174380268464065,0.56450003,0.66727275,0.5124031,0.5868421,0.6813008,0.5984252,0.4937008,0.61780304,0.48889997601509094,0.7810450859069824,0.6106499433517456,0.7810450859069824,0.021,21.0,0.30419398924949076,0.3012031603926566,0.30372102826625474,0.39209637295249544,0.3890405293061718,0.3885558999478617,0.3686922498905289,0.36590823627116187,0.3670677286846504,-0.00730429337778165,-0.007622450156274484,-0.007565273212028151,-0.002507232059056965,-0.0049097908395803035,-0.002721686869093257,-0.004333615273866026,-0.004150419548593661,-0.00449817175019842,0.6395162,0.5927928,0.72554743,0.6496183,0.5349594,0.5504386,0.5922764,0.58138686,0.49574999511241913,0.8007716269493104,0.5999249517917633,0.8007716269493104,0.0195,19.5,0.26300085465155487,0.25880725288531514,0.26273229619188937,0.33823142080052565,0.326519044601979,0.3362899646135006,0.3224074464090146,0.32064196661278255,0.3203670077257478,-0.019291570275266817,-0.020169201176369524,-0.01942147782784083,-0.011431407049855086,-0.015887343402811043,-0.011103180555832523,-0.011408068944733014,-0.010934952815403472,-0.01096809929830246,0.6020081,0.6300328,0.6189753,0.6182302,0.6081301,0.5744319,0.5429886,0.59959495,2026-10-05T15:18:47.276027
54,0.6322625279426575,0.5033422112464905,0.7433888671875,0.6323999166488647,0.7433888671875,0.8521257076263428,0.9388698040962219,2.4698343414306643,0.22791774730682374,7.024240951538086,1.957003468132019,1.0,10.0,,,,,0.5514523819446564,0.5514523819446564,,,,16.8930850189209,0.9547995767514607,0.052061294180275816,,0.048947191382699,1.14947037901848,0.15370507438661188,0.0008137542805389744,0.016844778422527254,4.610796999020182,,0.0016522555268783186,,75.3221240195499,18.444197466419002,,102.33191807254865,75.3117515904129,24.373029599523846,95.01737665067053,38.920711711713466,16.89306251866043,,0.6713563473361313,,0.06975076618088279,0.21603233761088864,,0.11216859377113877,0.08719691211820409,0.20879743642108456,0.005532659403386579,0.3944033315986585,0.13992422306613558,,,,0.12885,2577.0,0.58909386,0.5752316,0.6674723,0.74990124,0.5985592,0.61539394,0.66713244,0.5945825,0.49500006437301636,0.8093178596496582,0.5967999696731567,0.8093178596496582,0.031,31.0,0.23465453192461197,0.23209769513964176,0.23354416371808848,0.3666693724658904,0.3548203974494373,0.3591312146267325,0.33643317859858257,0.33446468112679656,0.33472026384945835,-0.04755564309585818,-0.04728913886477048,-0.04771698878117726,-0.03129282336674843,-0.031133189202454732,-0.029915233332168625,-0.032342605787839644,-0.032393852513340274,-0.032290739058748456,0.60150003,0.66136366,0.5534884,0.58782893,0.68292683,0.56929135,0.5011811,0.6303031,0.5055999755859375,0.7737145681381226,0.6162499785423279,0.7737145681381226,0.027,27.0,0.3058183931077097,0.30186386531712395,0.3068457914869778,0.37856721821570427,0.3755091513796938,0.38159257786747974,0.39682799039563055,0.3957916128530019,0.39544155189557534,-0.006356398880201454,-0.00689604042102327,-0.006452432849496818,-0.0021294987256570623,-0.008800667804187336,-0.003995051411447333,0.0021052593877460605,0.0019988027136375566,0.002308455012498569,0.6491935,0.6126126,0.73613137,0.6396947,0.5353658,0.5697369,0.5955285,0.5770073,0.5003000199794769,0.7915162138938904,0.6065249741077423,0.7915162138938904,0.028999999999999998,29.0,0.27023646251616085,0.26698078022838284,0.27019497760253314,0.3726182953407973,0.3651647744145655,0.37036189624710614,0.36663058449710656,0.36512814698989926,0.36508090787251685,-0.026956020988029815,-0.027092589642896875,-0.02708471081533704,-0.016711161046202745,-0.019966928503321033,-0.01695514237180798,-0.015118673200046793,-0.015197524899851359,-0.014991142023124944,0.6253468,0.63698816,0.64480984,0.6137618,0.60914636,0.56951416,0.5483548,0.6036552,2026-10-05T15:23:08.394579
55,0.630770206451416,0.5021000504493713,0.7483746795654297,0.6309148669242859,0.7483746795654297,0.8620576300621032,0.9499052742004395,2.7459328619003296,0.23730012662410735,7.452858227539062,1.9742545610427857,1.0,10.0,,,,,0.5582637979507447,0.5582637979507447,,,,16.866067443847655,1.5152228871022297,0.06845156346760307,,0.06242719209296214,1.100638404773299,0.16559000363110737,0.0010628690744770963,0.021412812766565637,4.855523785777912,,0.002908395113747687,,75.28653318563084,18.41804556634016,,102.32944022014642,75.2763260762403,24.341381546798026,95.01153185413142,38.976007716670914,16.866045508415077,,0.6800836119682167,,0.07050788687292937,0.21723393478970618,,0.11337740842703802,0.0879075929142867,0.2103598879021444,0.005801966194371889,0.4014908067739693,0.1411493768927398,,,,0.1247,2494.0,0.5875902,0.57891667,0.66434234,0.7472749,0.5957944,0.6091919,0.66166466,0.6008554,0.49340003728866577,0.79945494556427,0.6063000559806824,0.79945494556427,0.019,19.0,0.26134193134542316,0.25941640525920867,0.2622008799883431,0.35198106346790664,0.3675385910365199,0.371463411345223,0.350548558151877,0.350488941583158,0.3505631600417051,-0.003331390653360245,-0.004144066176570658,-0.003536332936206777,0.002824739234745143,0.01146673427092371,0.004692928474716537,0.00293139925673382,0.00292217493228486,0.0029180553439343763,0.573,0.6218182,0.5360465,0.6345395,0.74430895,0.5862205,0.51220477,0.6359849,0.4933500289916992,0.7719538464546204,0.6185500621795654,0.7719538464546204,0.018,18.0,0.3230296095331654,0.3206428865355561,0.3242028586012952,0.3987413317088248,0.38938141543846544,0.3938058878427296,0.39900996972733405,0.3990356243322663,0.3992800123035733,-0.00625453303427592,-0.006267812778978224,-0.006285766341500931,-0.0010190340164653545,-0.00459035752555504,-0.0038918530573157097,-0.002362734829042315,-0.002498292945424318,-0.002380736353296144,0.61854845,0.58963966,0.69854015,0.6870229,0.5402439,0.59078944,0.6256098,0.5835767,0.4933750331401825,0.7857043960094452,0.6124250590801239,0.7857043960094452,0.0185,18.5,0.2921857704392943,0.2900296458973824,0.2932018692948192,0.3753611975883657,0.3784600032374927,0.3826346495939763,0.37477926393960553,0.3747622829577122,0.3749215861726392,-0.004792961843818082,-0.005205939477774441,-0.004911049638853854,0.0009028526091398943,0.003438188372684335,0.00040053770870041353,0.0002843322138457525,0.00021194099343027108,0.0002686594953191161,0.59577423,0.6057289,0.61729336,0.6607812,0.6422764,0.58850497,0.56890726,0.6097808,2026-10-05T15:27:41.231709
56,0.6280999779701233,0.4988223612308502,0.755156365776062,0.6278722286224365,0.755156365776062,0.8723955938339233,0.9613918974876404,2.953767420196533,0.26360653071403506,7.811653139495849,1.9898383378982545,1.0,10.0,,,,,0.584610791015625,0.584610791015625,,,,16.839205523681642,1.5424056844311251,0.08950876788754138,,0.06063088033645663,1.061655201350048,0.16605612291557015,0.0005803833887367331,0.015334570096734508,5.301184186889867,,0.0011794608455579258,,75.24899243397319,18.392209690847213,,102.32647860581707,75.24079132080078,24.309354830699363,95.00813939768797,38.97275266222134,16.83918487646018,,0.6880657817148099,,0.07081588091933803,0.21834616923028496,,0.11446301805175793,0.0885544758598516,0.21192380672047853,0.005938699317704531,0.40477245495577524,0.14228076919628557,,,,0.11155,2231.0,0.5842021,0.58054775,0.6522781,0.74178517,0.59787774,0.60515153,0.66601866,0.59344196,0.4950999617576599,0.776946225643158,0.6159999966621399,0.776946225643158,0.02,20.0,0.33953916488033553,0.3374357143962635,0.34016015834059093,0.37910347143075857,0.38161050510670513,0.37756899390004317,0.3908212263634425,0.3908212263634425,0.39072965297240125,0.007539091317297114,0.007837911058592481,0.0074517764582697835,-0.010547906827625983,-0.008441311667195759,-0.011106729234307295,-0.003214720448191723,-0.003214720448191723,-0.0032738689860163993,0.60300004,0.59909093,0.5662791,0.6427632,0.7646342,0.5984252,0.5366142,0.6125,0.5031500458717346,0.7767034673690796,0.6144500374794006,0.7767034673690796,0.021,21.0,0.2797917307577371,0.27719990365871283,0.2819902115970946,0.37098716099111856,0.37192776373410236,0.37143073218768996,0.3804502947131596,0.3811714539810395,0.3808483449077082,0.006201840940518379,0.005370928956575138,0.005940651734078573,-0.0006090305093188158,-0.0004410509289347995,-0.00044720340036500734,0.006560920129221414,0.0063917593703633774,0.00592657226907898,0.6092742,0.58468467,0.67445254,0.69923663,0.5398374,0.5894737,0.63861793,0.56824815,0.49912500381469727,0.7768248465061187,0.6152250170707703,0.7768248465061187,0.0205,20.5,0.3096654478190363,0.3073178090274882,0.3110751849688428,0.37504531621093856,0.3767691344204037,0.37449986304386657,0.38563576053830106,0.38599634017224105,0.3857889989400547,0.006870466128907746,0.00660442000758381,0.006696214096174179,-0.0055784686684723995,-0.004441181298065279,-0.005776966317336151,0.0016730998405148458,0.0015885194610858273,0.0013263516415312905,0.60613716,0.59188783,0.62036586,0.6709999,0.6522358,0.59394944,0.5876161,0.5903741,2026-10-05T15:32:14.631952
57,0.6318648457527161,0.5007951855659485,0.7439757710456848,0.6320568919181824,0.7439757710456848,0.8774266547203063,0.9669819661140442,2.949941749572754,0.24188183000087737,8.114757986450195,1.9997601818084716,1.0,10.0,,,,,0.6584959383964538,0.6584959383964538,,,,16.812255114746094,1.0558765545271627,0.05466204672963967,,0.04636606680839004,1.095631449465539,0.14148382401200615,0.00039786233532963214,0.012543213208188202,4.31710382327912,,0.0012329660467640348,,75.21221544788142,18.367349029346634,,102.32022468907059,75.20529728786201,24.27774785278709,95.01129164969086,38.936764127889255,16.812233979534952,,0.6930215225857534,,0.07138515339725336,0.21942273237902649,,0.11510487792977861,0.08913860194812155,0.2133599939240012,0.005967414481150117,0.4059010829515518,0.1436713787780446,,,,0.1038,2076.0,0.59001607,0.5817761,0.66000396,0.7471761,0.5975078,0.6113737,0.66988665,0.59710795,0.4939999580383301,0.7853303599357605,0.6137001514434814,0.7853303599357605,0.022,22.0,0.16683975874975399,0.16510085369207333,0.16775855328937617,0.30469537452867407,0.30469537452867407,0.3047173009701091,0.28508119551906064,0.2850950751112329,0.28508119551906064,-0.01103144706644962,-0.010837840558385868,-0.011182217344701609,-0.006539771427496613,-0.006539771427496613,-0.0065391322818132164,-0.009892656685839003,-0.009871776864240477,-0.009892656685839003,0.607,0.6513637,0.5790698,0.6154606,0.74430895,0.57913387,0.5161418,0.6246213,0.5022000670433044,0.7764568352699279,0.6161500811576843,0.7764568352699279,0.023,23.0,0.23766328935914274,0.23327460825899718,0.2376852404946781,0.35388994949258884,0.35073694405993777,0.34844159103973005,0.320268881951316,0.32098349439964813,0.31922799830971454,-0.017658932281664867,-0.01843419239440739,-0.018044497140859563,-0.013657235873516351,-0.012577559153575127,-0.01351873200474686,-0.019305555352492072,-0.01952497021892509,-0.01956264093694808,0.6254032,0.5815316,0.69270074,0.67862594,0.5378049,0.5828948,0.62479675,0.58978105,0.49810001254081726,0.7808935976028442,0.6149251163005829,0.7808935976028442,0.0225,22.5,0.20225152405444835,0.19918773097553527,0.20272189689202713,0.32929266201063145,0.3277161592943059,0.32657944600491956,0.3026750387351883,0.3030392847554405,0.3021545969143876,-0.014345189674057244,-0.014636016476396629,-0.014613357242780586,-0.010098503650506482,-0.00955866529053587,-0.010028932143280038,-0.014599106019165538,-0.014698373541582783,-0.014727648811393542,0.61620164,0.6164476,0.63588524,0.6470432,0.6410569,0.58101434,0.57046926,0.60720116,2026-10-05T15:36:47.363156
58,0.6336503028869629,0.5002599358558655,0.741581509399414,0.6338298916816711,0.741581509399414,0.8752701687812805,0.9645858675956726,2.89726357383728,0.22645976753234864,7.81764845123291,1.9977670309066773,1.0,10.0,,,,,0.6508869639396667,0.6508869639396667,,,,16.78535660095215,0.7357299911825188,0.037625758072092924,,0.0365257568492044,1.0932684954564282,0.1352498657811599,0.000324338107484031,0.010695309603622385,4.561030702226481,,0.0006528138181145631,,75.17574388054526,18.34169246892261,,102.31198674098701,75.17014458528749,24.245768978337573,95.01401237925147,38.869201951725465,16.785335200607395,,0.6920309575500002,,0.07190609908407661,0.22068039579376295,,0.11557880831751854,0.089803952415278,0.21492086569215083,0.006014629311646056,0.40509103191126683,0.14479725613335895,,,,0.10475,2095.0,0.5969126,0.5857632,0.67589146,0.7444313,0.59476244,0.6057576,0.6635277,0.60193485,0.5108500123023987,0.8043613953590393,0.5995500087738037,0.8043613953590393,0.018,18.0,0.19303159554315227,0.18860557483807672,0.1939923401015021,0.2975824048882944,0.28986543703579654,0.295424398061619,0.3255512493052117,0.32589622635799215,0.3246331817805251,-0.0391056208954823,-0.03980513942498966,-0.039265516500198244,-0.0314928365089366,-0.029308774302214853,-0.030850304541324633,-0.01784214004219722,-0.018411137809849418,-0.01834226117591334,0.5795,0.6740909,0.5364342,0.606579,0.7,0.584252,0.50039375,0.62272733,0.5057499408721924,0.7817414736747742,0.6113499999046326,0.7817414736747742,0.019,19.0,0.2831567226309302,0.28039982973000277,0.28352587473598395,0.3774348068907073,0.3585981192002851,0.3635283576518766,0.3526903107745041,0.3529746059397217,0.35141069968653993,-0.00014700670323111893,-0.0011333451023160335,-0.0005286040447204314,0.004804835952444126,0.004632010744213374,0.007230383427619995,0.001992162346189298,0.0020358182426552214,0.0016791206968416693,0.6395162,0.5720721,0.7222628,0.6484733,0.5390244,0.5587719,0.60040647,0.58978105,0.5082999765872955,0.7930514345169067,0.6054500043392181,0.7930514345169067,0.0185,18.5,0.23809415908704123,0.23450270228403974,0.238759107418743,0.3375086058895008,0.3242317781180408,0.32947637785674777,0.3391207800398579,0.3394354161488569,0.33802194073353253,-0.01962631379935671,-0.020469242263652845,-0.019897060272459337,-0.013344000278246237,-0.01233838177900074,-0.011809960556852319,-0.007924988848003961,-0.008187659783597099,-0.008331570239535836,0.6095081,0.6230815,0.6293485,0.62752616,0.6195122,0.571512,0.55040014,0.6062542,2026-10-05T15:41:20.219430
59,0.63153475522995,0.4997575581073761,0.7437507794380188,0.632002592086792,0.7437507794380188,0.8734463705062866,0.962559423160553,2.88354927444458,0.22156875379085542,7.841288500213623,1.997240040588379,1.0,10.0,,,,,0.6796115013122559,0.6796115013122559,,,,16.758508572387694,0.5804650831232026,0.0362547542929507,,0.024600770507433457,1.1471382931918854,0.13799898297923385,0.00040484814721850716,0.013723156496490927,4.348618872226424,,0.0007443397859620097,,75.13864840367798,18.32069992259809,,102.30293191314503,75.13494105247935,24.212879338841528,95.01387252321669,38.85430009198037,16.75848623142121,,0.6917638125692963,,0.07232771244398348,0.22237736679566134,,0.11592682631342274,0.09069815278053284,0.21650636224610031,0.005997853810382876,0.4075370586601792,0.14597289558428866,,,,0.10465,2093.0,0.58714914,0.5820177,0.66753167,0.7487362,0.59912384,0.60381824,0.6629607,0.6028717,0.49980002641677856,0.7893330473899841,0.6078499555587769,0.7893330473899841,0.021,21.0,0.27153872468327095,0.2713190302483621,0.2727670057940107,0.36825103115815533,0.3621449085677387,0.3682412270676783,0.350286144951005,0.35027311471322525,0.350286144951005,-0.018500252330995576,-0.01841674108279302,-0.01850033191951119,-0.015619675971782364,-0.015166983502078566,-0.015627172048181214,-0.01737153142580917,-0.017315580650852678,-0.01737153142580917,0.5955,0.65409094,0.52364343,0.6246711,0.7260163,0.5897638,0.5094488,0.64356065,0.4951000511646271,0.7756433715820312,0.6147000193595886,0.7756433715820312,0.02,20.0,0.31859969020889084,0.31855013024337836,0.31920616588214806,0.396945500500604,0.3851073923221411,0.3956701644028839,0.40254636988343545,0.40289370973908956,0.40184630457773696,-0.014782387512394036,-0.01475946860252397,-0.014741102767096535,-0.00821568575265063,-0.008825481038688587,-0.008174356006836853,-0.0003811024884614941,-0.00032487750393485657,-0.0004053953409478202,0.6306452,0.572973,0.7029197,0.6767176,0.53008133,0.5868421,0.61382115,0.58649635,0.4974500387907028,0.7824882094860077,0.6112749874591827,0.7824882094860077,0.0205,20.5,0.2950692074460809,0.29493458024587027,0.29598658583807935,0.38259826582937967,0.37362615044493985,0.3819556957352811,0.37641625741722023,0.37658341222615743,0.376066224764371,-0.016641319921694805,-0.016588104842658494,-0.016620717343303865,-0.011917680862216496,-0.011996232270383576,-0.011900764027509034,-0.008876316957135333,-0.008820229077393767,-0.008888463383378497,0.61307263,0.61353195,0.6132816,0.6506944,0.6280488,0.58830297,0.561635,0.6150285,2026-10-05T15:45:52.798937
60,0.6311823725700378,0.49922505021095276,0.7456610672950744,0.6311025023460388,0.7456610672950744,0.8703016095161438,0.9590652523040771,2.8489859901428223,0.21058717429637908,7.740111704254151,1.990436766433716,1.0,10.0,,,,,0.6731474465370179,0.6731474465370179,,,,16.731030072021483,0.41779580735453187,0.022354372838959927,,0.022898868975751576,1.170457384768565,0.14411125740238057,0.0003719029965123479,0.01246388672234099,4.761817863033076,,0.0004525392401241345,,75.10135602039897,18.292799081012703,,102.29450935315175,75.09975423630635,24.181566311295626,95.00992360692115,38.88902202533309,16.731008420324628,,0.6883626887752752,,0.07256248768917314,0.22271319407566337,,0.11636571348852413,0.09153957498870838,0.21864206642861578,0.005971291529572314,0.4129802083513539,0.14736025244187398,,,,0.1122,2244.0,0.58518445,0.5851188,0.669374,0.7501185,0.59515184,0.6047475,0.6605913,0.5966802,0.5066999793052673,0.7917215666770935,0.6062999367713928,0.7917215666770935,0.025,25.0,0.2277023931137683,0.2239743116468951,0.2274735115843142,0.3307716262940267,0.32093038178680977,0.32545684373468825,0.3553513589847158,0.35552295656248656,0.3553513589847158,-0.015254795461064325,-0.01420734409947707,-0.015513122351619299,-0.01683006440373202,-0.01773800418119043,-0.014630598778141534,-0.006154853807672469,-0.0061683251717449036,-0.006154853807672469,0.59400004,0.6586364,0.5360465,0.6144737,0.7101626,0.6003937,0.51102364,0.6318182,0.49744999408721924,0.7740664854049683,0.6154000163078308,0.7740664854049683,0.026,26.0,0.2599741236564447,0.2600181563293603,0.26125998913994725,0.32083352799960485,0.3140848242346393,0.31286077457327965,0.34417410575201307,0.3444013004457141,0.3437112143079567,0.0008659170400693416,0.001053521102708315,0.0007142012800012499,0.007528238722416117,0.0018691401138249625,0.003159416713112817,0.014236700422475308,0.014634709569266102,0.014113712324434624,0.6395162,0.5905406,0.70583946,0.6725191,0.5313008,0.5640351,0.6073171,0.5941606,0.5020749866962433,0.7828940260410309,0.6108499765396118,0.7828940260410309,0.025500000000000002,25.5,0.24383825838510648,0.2419962339881277,0.24436675036213074,0.32580257714681576,0.31750760301072456,0.319158809153984,0.3497627323683644,0.34996212850410036,0.34953128664633626,-0.007194439210497492,-0.006576911498384377,-0.007399460535809024,-0.004650912840657951,-0.007934432033682734,-0.005735591032514358,0.0040409233074014195,0.004233192198760599,0.003979429258381077,0.6167581,0.6245885,0.62094295,0.6434964,0.6207317,0.5822144,0.55917037,0.6129894,2026-10-05T15:50:25.099973
61,0.6332777142524719,0.49753257632255554,0.7411804181098938,0.6337325572967529,0.7411804181098938,0.8667967503547669,0.9551709589004517,2.837985704421997,0.21312903809547423,8.114863416290284,1.972909405708313,1.0,10.0,,,,,0.730104075717926,0.730104075717926,,,,16.70381456298828,0.577287723778919,0.032113477560079054,,0.02911622315970736,1.0643165352617858,0.14196392947179118,0.0004008688681160551,0.01109760609799462,4.622201291239186,,0.0006319732000386924,,75.06496356551055,18.275513424235545,,102.28902440162221,75.06484261288006,24.150078536598546,95.00371867380325,38.867119175613304,16.703793082267616,,0.6795095748202816,,0.07323971276829956,0.22511729455677568,,0.11711844327343497,0.09231444467215022,0.22052920149390104,0.0059614581423722635,0.41508700741324456,0.14880339279296292,,,,0.11525,2305.0,0.590818,0.5810109,0.66170764,0.75416666,0.6007009,0.6085252,0.672742,0.5984114,0.4981499910354614,0.7975403599739075,0.6054998636245728,0.7975403599739075,0.029,29.0,0.270715068116126,0.2673063979758113,0.27037803689694756,0.3594316484990769,0.3490407148015469,0.3587143249195792,0.35664269741931204,0.3566344184063004,0.3559885298321965,-0.026445889778813392,-0.027182557614626755,-0.027244239068657874,-0.018779699761499256,-0.01652390979187965,-0.019419411204967152,-0.0077298595275358374,-0.007723520340800837,-0.008330535245792576,0.5945,0.6504546,0.524031,0.6154606,0.7089431,0.5937008,0.5173229,0.6443182,0.49550002813339233,0.7868037905693054,0.6111500263214111,0.7868037905693054,0.032,32.0,0.2566810953355452,0.2571191508768267,0.25785559357708276,0.33026411381191134,0.32956686321339407,0.33053763645877093,0.31374026740263633,0.31343992868052056,0.313588753939043,0.008818904791816188,0.008254305833796497,0.008660714417516382,0.014078847719999028,0.015941017013383466,0.014739691267754953,0.012019122673445296,0.012182345397284055,0.011456258263049818,0.62661296,0.58513516,0.7029197,0.6698473,0.5378049,0.56184214,0.6056911,0.5821168,0.4968250095844269,0.7921720752716064,0.6083249449729919,0.7921720752716064,0.0305,30.5,0.2636980817258356,0.26221277442631896,0.26411681523701513,0.34484788115549414,0.3393037890074705,0.34462598068917505,0.3351914824109742,0.33503717354341045,0.33478864188561974,-0.008813492493498602,-0.009464125890415129,-0.009291762325570746,-0.0023504260207501144,-0.0002914463892480911,-0.0023398599686060995,0.0021446315729547294,0.002229412528241609,0.0015628615086286215,0.6105565,0.6177949,0.6134753,0.64265394,0.623374,0.5777715,0.561507,0.6132175,2026-10-05T15:54:59.340435
62,0.6340075731277466,0.4996473491191864,0.7399832406997681,0.6340303421020508,0.7399832406997681,0.8655192412376403,0.9537515067100525,2.8184046031951904,0.21291431412696837,8.100836168670654,1.9687297061920166,1.0,10.0,,,,,0.7462493566513062,0.7462493566513062,,,,16.676801736450194,0.3915543031054223,0.02086517162480878,,0.014180026753808543,1.142000889512384,0.13897405205306354,0.0003142050115404959,0.010594768369582239,4.560865502068951,,0.00036794631156388593,,75.02846468785766,18.255607580683034,,102.27918894579456,75.03025910201346,24.11870212919393,95.00386295197116,38.811593511302,16.67677960729903,,0.6773938464510972,,0.0738360469413411,0.22706238773598034,,0.11746875794640013,0.09309022166546743,0.22242419583022974,0.0060049572508710965,0.4151271894858901,0.15008664605723823,,,,0.118,2360.0,0.5794908,0.58638746,0.6671949,0.75499606,0.59795564,0.6104243,0.6731268,0.6009776,0.4867999851703644,0.8039872870445252,0.5990500450134277,0.8039872870445252,0.028,28.0,0.2150530170325053,0.21586184606515924,0.21558628984063427,0.3195413306854903,0.30735870557859096,0.3139537681964994,0.31306596649139234,0.31338702456743006,0.313079205717745,-0.041616109755055836,-0.040834093065809686,-0.041845796674288165,-0.03065366801546422,-0.031932159683030585,-0.030231581469420284,-0.028216659681517604,-0.028121618511332012,-0.028206229073044663,0.5675,0.63045454,0.5127907,0.6315789,0.7243902,0.5862205,0.5,0.6344697,0.4917999804019928,0.7903516488075256,0.6077499985694885,0.7903516488075256,0.025,25.0,0.27120297235872987,0.2709024056679662,0.27370632074790774,0.3671556361433299,0.3659315524969468,0.3683963724258985,0.3849419611263826,0.3851146253111274,0.3855929599513409,-0.00565142205965441,-0.0051257830623276015,-0.005557867144122297,3.1283698652740565e-05,-0.0027774518632731997,0.000571133533742357,0.011318332575755501,0.012046220679105336,0.01097545169927834,0.6217742,0.5558559,0.6868613,0.6755725,0.54105693,0.55921054,0.6191057,0.58321166,0.4892999827861786,0.7971694679260254,0.6034000217914581,0.7971694679260254,0.026500000000000003,26.5,0.24312799469561758,0.24338212586656272,0.244646305294271,0.3433484834144101,0.3366451290377689,0.341175070311199,0.3490039638088875,0.3492508249392787,0.349336082834543,-0.023633765907355123,-0.022979938064068645,-0.02370183190920523,-0.01531119215840574,-0.01735480577315189,-0.014830223967838964,-0.008449163552881053,-0.008037698916113337,-0.008615388686883161,0.5946371,0.5931552,0.599826,0.6535757,0.63272357,0.5727155,0.55955285,0.6088407,2026-10-05T15:59:32.440946
63,0.6338971853256226,0.5008047819137573,0.7389528573036194,0.6344619393348694,0.7389528573036194,0.866034852218628,0.9543244104385376,2.783104414367676,0.21530673339366913,8.199434995269776,1.9793322259902955,1.0,10.0,,,,,0.7309917569160461,0.7309917569160461,,,,16.649578741455077,0.23803277877248397,0.014038884544012488,,0.011297511709498087,1.2199614951565008,0.14057255384458858,0.00045453971887680634,0.01279405452856782,4.913150258125014,,0.000449509709646136,,74.99192892669872,18.229658029641314,,102.26658440851102,74.9957900806597,24.087264176386938,95.00367275165145,38.79229937996834,16.649558121991006,,0.6827499669068938,,0.07430811980917196,0.22767383828284635,,0.11759542512476065,0.09390179044122149,0.2245735286907026,0.006024243953714895,0.4172674609217674,0.1514230381910968,,,,0.1161,2322.0,0.58761024,0.5839509,0.67194927,0.7554108,0.59359425,0.60618186,0.6708789,0.604501,0.484250009059906,0.787474470615387,0.609749972820282,0.787474470615387,0.024,24.0,0.21437522734736664,0.21287757893317905,0.21481016806411235,0.32159435333432923,0.350661252732677,0.3343380524333692,0.28701101399242335,0.28705204392932104,0.28701101399242335,-0.03566206351729088,-0.03453152695840248,-0.03604235557373669,-0.024753174885253644,-0.019936240032263467,-0.02161644031411602,-0.030126509988752343,-0.0301131808173165,-0.030126509988752343,0.59550005,0.65090907,0.54147285,0.6276316,0.7264227,0.58385825,0.5125984,0.64204544,0.5005000233650208,0.7725765409469605,0.6176499724388123,0.7725765409469605,0.023,23.0,0.28320447226535506,0.2808263110161468,0.28576339667126327,0.3671538985026116,0.3390893993766806,0.35258358002692036,0.38031192365408334,0.3814812283564553,0.3812976163102597,-0.0104315777025361,-0.01059551152333256,-0.010748645805029171,-0.002758293884155849,-0.007060362437795789,-0.005408714781277575,0.0029990131592758135,0.0029509870998725676,0.002533197410484565,0.6286291,0.5743243,0.7091241,0.67519087,0.53943086,0.59429824,0.61951226,0.5843066,0.4923750162124634,0.7800255057811738,0.6136999726295471,0.7800255057811738,0.0235,23.5,0.24878984980636085,0.24685194497466292,0.2502867823676878,0.3443741259184704,0.3448753260546788,0.3434608162301448,0.3336614688232533,0.3342666361428882,0.33415431515134153,-0.02304682060991349,-0.02256351924086752,-0.02339550068938293,-0.013755734384704746,-0.013498301235029628,-0.013512577547696797,-0.013563748414738265,-0.013581096858721966,-0.01379665628913389,0.6120646,0.61261666,0.6252985,0.65141124,0.6329268,0.58907825,0.5660553,0.613176,2026-10-05T16:04:05.811137
64,0.6311098337173462,0.5013898611068726,0.7445585499763488,0.6314852237701416,0.7445585499763488,0.8530837427139282,0.9399342866897583,2.5443184715270997,0.21889897949695586,7.935825201416016,1.9850935899734496,1.0,10.0,,,,,0.7092358145713806,0.7092358145713806,,,,16.623010372924806,0.3953905394182179,0.023581229280428308,,0.018097001282871956,1.2391204518877017,0.15193551675576694,0.0005413223915621431,0.016456101530166283,4.791078401978608,,0.0005270014707192131,,74.95494065011383,18.20665388653992,,102.26037602515737,74.96054708881742,24.05746411366068,95.005615234375,38.79350045076601,16.62299051709995,,0.6856772990743066,,0.07465520491645594,0.22898316744026864,,0.11810915665641712,0.09455888305500054,0.2267038615266229,0.006173563762241678,0.42053237177763775,0.15274339439762627,,,,0.12645,2529.0,0.5894948,0.57772857,0.66479796,0.74958533,0.5992212,0.61428285,0.6654314,0.58940935,0.5031500458717346,0.818222915172577,0.5926999449729919,0.818222915172577,0.025,25.0,0.2554563610334126,0.26145573878532025,0.2562467598885327,0.3224385593311317,0.3248138824836697,0.31261386278131764,0.330683542958915,0.3340541640071744,0.3312378412010572,-0.030742765026159,-0.031000598389817773,-0.030072868369748536,-0.02750661681747777,-0.02772724156711686,-0.02795808950592407,-0.02940755067197365,-0.028602592066801498,-0.028847010232029527,0.57350004,0.6736364,0.49186048,0.6042763,0.698374,0.596063,0.4996063,0.6128788,0.5099999904632568,0.7863719992637634,0.6112000346183777,0.7863719992637634,0.024,24.0,0.3224341438355253,0.3201863059295514,0.3253507794162428,0.3985436323624901,0.39295355899521806,0.3940876556882627,0.40200730743320934,0.4036389518074493,0.40242695412737867,-0.008815731743968545,-0.009316918386629808,-0.009309095007188985,0.003016634427942737,-0.0035081393627105304,0.0020099848379364106,0.005539359617411277,0.005499420149866476,0.005240138832955145,0.6294355,0.5603604,0.7222628,0.65648854,0.5365854,0.57543856,0.602439,0.5861314,0.5065750181674957,0.8022974572181703,0.6019499897956848,0.8022974572181703,0.0245,24.5,0.288945252434469,0.2908210223574358,0.2907987696523877,0.3604910958468109,0.35888372073944386,0.3533507592347902,0.36634542519606217,0.36884655790731186,0.36683239766421794,-0.019779248385063772,-0.020158758388223792,-0.01969098168846876,-0.012244991194767517,-0.015617690464913694,-0.012974052333993829,-0.011934095527281186,-0.011551585958467512,-0.011803435699537191,0.6014677,0.6169984,0.6070616,0.6303824,0.6174797,0.5857508,0.55102265,0.59950507,2026-10-05T16:08:38.891319
65,0.633722186088562,0.5000476837158203,0.7403085124015808,0.6337478160858154,0.7403085124015808,0.8514056580543518,0.9380697463989258,2.533009803390503,0.2196483994483948,7.622457762908936,1.9901898628234864,1.0,10.0,,,,,0.6923035765647888,0.6923035765647888,,,,16.598033349609373,0.41754745721674646,0.025178847611276728,,0.02239690737644578,1.1245655825563297,0.22440900788850085,0.0009491543933804069,0.031083566670537376,4.8438210846132534,,0.001272120439659902,,74.91879219006582,18.178844172483796,,102.24903354523288,74.9254961438999,24.036477787479473,95.00557072147443,38.85663038606097,16.598008040409937,,0.6882381712555126,,0.07513098826833592,0.2295122948611618,,0.1183777089426472,0.09518713295269923,0.23021563052371807,0.006265886261418557,0.42755716374725294,0.1547268542704309,,,,0.12915,2583.0,0.58486366,0.5696939,0.6712758,0.7592417,0.6054323,0.61056566,0.6706967,0.5960082,0.4978000223636627,0.8151023721694947,0.5981499552726746,0.8151023721694947,0.019,19.0,0.2654297479612029,0.26790715164819584,0.2657301877077881,0.2902145915745312,0.2863114854928964,0.2902497801052501,0.3215183538616205,0.3214586587367085,0.32153082014662854,-0.030903185492327255,-0.029863153538896747,-0.031092815634281526,-0.03347521032793039,-0.03158278522578889,-0.03341180679327778,-0.023511196510540358,-0.02357565363091493,-0.02341032459203367,0.5925,0.6495455,0.5139535,0.60098684,0.6947155,0.6011811,0.5055118,0.63484854,0.49375006556510925,0.7841649050712586,0.6120998859405518,0.7841649050712586,0.019,19.0,0.3067951694383402,0.30872859065554903,0.31036727601658903,0.3736943674940943,0.3693860762681052,0.3762416632712347,0.3852229302567307,0.38621599845828974,0.38755944023047145,0.0004490384760158873,0.0007569150731126685,0.0003770112355375372,0.008519224049451915,0.008428791352619914,0.008668709059181946,0.014207654829235208,0.014485160283331645,0.013915022581501145,0.6254032,0.5882883,0.72262776,0.6549619,0.5268293,0.5719299,0.5995935,0.5890511,0.495775043964386,0.7996336386203766,0.6051249206066132,0.7996336386203766,0.019,19.0,0.28611245869977153,0.28831787115187246,0.2880487318621886,0.3319544795343128,0.32784878088050085,0.3332457216882424,0.35337064205917557,0.3538373285974991,0.35454513018855,-0.015227073508155683,-0.014553119232892039,-0.015357902199371994,-0.012477993139239238,-0.011576996936584488,-0.012371548867047916,-0.004651770840652575,-0.0045452466737916425,-0.004747651005266262,0.60895157,0.61891687,0.61829066,0.6279744,0.6107724,0.5865555,0.5525527,0.6119498,2026-10-05T16:13:11.837945
66,0.6334752440452576,0.5022473931312561,0.7419513293266297,0.6337877511978149,0.7419513293266297,0.8538521816253662,0.9407881087303162,2.6292077896118164,0.23580765178203583,7.554904724121093,1.9660306678771973,1.0,10.0,,,,,0.6997127882957459,0.6997127882957459,,,,16.571391177368163,0.5568939363405963,0.041939178320051285,,0.03566323096602918,1.146291249876569,0.20992408479285088,0.001140628477364221,0.033323031606947544,4.9574965200606425,,0.0017419031401410265,,74.8842861394214,18.161624799108807,,102.24407307813122,74.8903643857142,24.01399471501636,95.00402603635362,38.96057367021111,16.57137095700404,,0.6760457590886741,,0.07600949567024874,0.2317161985263703,,0.11916638104019651,0.09583584484970493,0.23349030344349564,0.006363582910056327,0.4367494586926357,0.1561374682339893,,,,0.12825,2565.0,0.5907578,0.57738626,0.6675515,0.7552923,0.6047313,0.6025455,0.66686916,0.6031365,0.5048999786376953,0.8171238522529602,0.59579998254776,0.8171238522529602,0.019,19.0,0.2727885906477234,0.27709048418974547,0.2732576838037608,0.2996989686144514,0.2995922731896402,0.2996664465646758,0.3105920033950192,0.3104498895528822,0.3104187150815476,-0.024350899599099182,-0.024383531960076865,-0.0244609406860531,-0.029735515755987117,-0.029447690104724974,-0.02975742075188806,-0.017614585818471907,-0.017384108592026264,-0.01740646340142993,0.5555,0.6336364,0.5031008,0.6259869,0.72398376,0.58543307,0.5066929,0.62689394,0.49410003423690796,0.7990437507629394,0.6055500507354736,0.7990437507629394,0.021,21.0,0.2954775801487751,0.2953640381468212,0.29651473638465875,0.36588904875745887,0.367263464695142,0.3657723869023543,0.3551406257461013,0.3552277054087853,0.3548909321462957,-0.012194468570040152,-0.012408452413838426,-0.012247738160741501,-0.01040827749626101,-0.013451056925964157,-0.01040960487819405,-0.006005213353533701,-0.006077829566778051,-0.006072400364896988,0.6157258,0.56216216,0.67956203,0.6675573,0.5390244,0.5640351,0.6109756,0.58759123,0.49950000643730164,0.8080838015079499,0.6006750166416168,0.8080838015079499,0.02,20.0,0.2841330853982492,0.28622726116828334,0.2848862100942098,0.3327940086859551,0.33342786894239107,0.332719416733515,0.33286631457056026,0.3328387974808338,0.3326548236139216,-0.018272684084569668,-0.018395992186957644,-0.0183543394233973,-0.020071896626124065,-0.021449373515344566,-0.020083512815041053,-0.011809899586002804,-0.011730969079402158,-0.01173943188316346,0.5856129,0.5978993,0.5913314,0.6467721,0.63150406,0.5747341,0.55883425,0.6072426,2026-10-05T16:17:45.292783
67,0.636374831199646,0.49770253896713257,0.7384044474601745,0.6365145444869995,0.7384044474601745,0.8696514888763428,0.9583428935050964,2.861599702835083,0.23147008078098297,7.787310485076905,1.9961228160858153,1.0,10.0,,,,,0.7003058836936951,0.7003058836936951,,,,16.545614947509765,0.6237033754349894,0.0468231086800124,,0.03130390614739791,1.1498244446554002,0.21156921299399845,0.0008749042858798235,0.02903751634464712,4.7575166291871644,,0.0011808632277690986,,74.84953405295208,18.13756654824421,,102.2376057813122,74.85579453000597,23.989300515241684,95.0034273961547,39.040222143671315,16.545596942780126,,0.6911981827134539,,0.07661761253312895,0.23300513871915782,,0.12006675214714306,0.09649590535718165,0.23648610065697104,0.006433995075784861,0.44439028099084354,0.15772072885446486,,,,0.1145,2290.0,0.58700883,0.5748087,0.6667789,0.7607622,0.6087617,0.6139798,0.668793,0.6092465,0.5015499591827393,0.8205563864707947,0.5937500596046448,0.8205563864707947,0.018,18.0,0.2749617243400825,0.2767213815399131,0.276185537178415,0.32090921226478186,0.32264046794977136,0.3178066739586619,0.3040981691835084,0.303420139102101,0.3034125580337371,-0.019641472294382366,-0.017464499052126103,-0.019360493881716345,-0.02015745415564296,-0.013680432732723444,-0.019510889000885934,-0.021821375865621974,-0.0213282548480553,-0.021329917144246185,0.56100005,0.6431818,0.503876,0.6157895,0.7028456,0.5850394,0.5185039,0.6189394,0.5039998888969421,0.7955883708000183,0.6064999103546143,0.7955883708000183,0.019,19.0,0.3263403367771935,0.326532051653661,0.3272996463977046,0.4023227208522978,0.40720315293649323,0.4007016154888838,0.37129999688849846,0.3714363122431418,0.3707662685129835,0.005655826868120382,0.005430322499608946,0.005467676559319816,0.0076661279484035024,0.0002953212514534289,0.005549846739811072,0.008166466830627318,0.008259565049446766,0.007975196497799444,0.62459683,0.5738739,0.7080292,0.6557252,0.52723575,0.5587719,0.595122,0.5890511,0.5027749240398407,0.8080723786354065,0.6001249849796295,0.8080723786354065,0.0185,18.5,0.30065103055863796,0.3016267165967871,0.3017425917880598,0.36161596655853984,0.3649218104431323,0.3592541447237728,0.33769908303600343,0.33742822567262143,0.3370894132733603,-0.006992822713130992,-0.006017088276258579,-0.006946408661198265,-0.006245663103619728,-0.0066925557406350075,-0.006980521130537431,-0.006827454517497328,-0.006534344899304267,-0.00667736032322337,0.5927985,0.60852784,0.6059526,0.6357573,0.61504066,0.5719056,0.55681294,0.60399526,2026-10-05T16:21:54.971810
68,0.635462760925293,0.5002651214599609,0.7423025485038758,0.6356450915336609,0.7423025485038758,0.8672078339576721,0.9556277186393738,2.7931317989349367,0.22650160608291625,7.389148217010498,1.9840511222839357,1.0,10.0,,,,,0.6921913102149964,0.6921913102149964,,,,16.52055856323242,0.6222367635957754,0.06583452651538192,,0.03840452509155129,1.1355307758993405,0.2617187584471551,0.0010927950525522873,0.03716368744873507,5.745859394407576,,0.0011783040347019696,,74.8150668296085,18.108478035896447,,102.23471409500024,74.82084315597632,23.97112610689394,95.00335183113243,39.08533353866286,16.520537491816626,,0.6851580518825798,,0.07738122249105174,0.23331328486181369,,0.12077230466589046,0.09713848039602778,0.24012420473584703,0.006518051221041353,0.4499978013099379,0.15918187749613621,,,,0.11985,2397.0,0.59025663,0.57587594,0.67202854,0.75653636,0.6001558,0.6195152,0.67492914,0.5939919,0.5067000389099121,0.7960552916526794,0.6043500304222107,0.7960552916526794,0.02,20.0,0.3041240254968587,0.30815073278863836,0.304280322084359,0.3472933632146086,0.35223976090530074,0.3472874994413863,0.35375099405661614,0.3534761269464386,0.35339778057119986,-0.030630916326988833,-0.02937975122166615,-0.03071012480744328,-0.018051408047730703,-0.01503032046506807,-0.01800863784833125,-0.01841487501139183,-0.018013886905480822,-0.01794924699201714,0.5935,0.67,0.5232558,0.6171053,0.7056911,0.5783465,0.51417327,0.6397728,0.4875999391078949,0.7807944359779357,0.6137499809265137,0.7807944359779357,0.021,21.0,0.34911045010292907,0.3489206711139087,0.34945418934825717,0.3988623626068702,0.40477414554156416,0.40165561013830176,0.39870296664624305,0.39901973263414836,0.3981310432561435,-0.005524548537892496,-0.005877960663943675,-0.005928270637761879,-0.0036133066911348886,-0.008175405707149745,-0.004215169960083769,0.0009803939388978373,0.0009352731693519437,0.0009985021102497337,0.63991934,0.57747746,0.7171533,0.6610687,0.53008133,0.57061404,0.6044715,0.59014595,0.4971499890089035,0.7884248638153075,0.6090500056743622,0.7884248638153075,0.0205,20.5,0.3266172377998939,0.3285357019512735,0.3268672557163081,0.3730778629107394,0.3785069532234324,0.37447155478984406,0.3762269803514296,0.3762479297902935,0.3757644119136717,-0.018077732432440666,-0.017628855942804913,-0.01831919772260258,-0.010832357369432796,-0.011602863086108908,-0.01111190390420751,-0.008717240536246996,-0.00853930686806444,-0.008475372440883703,0.6167097,0.62373877,0.62020457,0.63908696,0.6178862,0.5744803,0.55932236,0.61495936,2026-10-05T16:26:28.135591
69,0.6343752145767212,0.49742236733436584,0.7435584836959839,0.6346873044967651,0.7435584836959839,0.8620787499427796,0.9499287391662598,2.6740761951446532,0.21200504262447356,7.261101866149902,1.9943208755493165,1.0,10.0,,,,,0.6581644003868103,0.6581644003868103,,,,16.49450623779297,0.3707519083574509,0.028333323822315237,,0.024166065030197383,1.1255296351044042,0.23230386164727485,0.0008297363742162728,0.027963785683012502,5.581543241336846,,0.0009406871342353796,,74.78004212592059,18.082622892537692,,102.2277675069821,74.78601531010524,23.947564471299483,95.0018726518959,39.165273994397204,16.494486243861495,,0.690293906600612,,0.07796899414366218,0.23408226630869944,,0.1213212238660284,0.09776023927198094,0.2431623386159824,0.006560484033410147,0.4576084659357739,0.1604903845270728,,,,0.11985,2397.0,0.5857859,0.5845348,0.6759707,0.75,0.5994548,0.6107273,0.6698663,0.5993483,0.5076999664306641,0.8192002635002136,0.5931499004364014,0.8192002635002136,0.021,21.0,0.2634133069329516,0.2640433693484902,0.2631697452824343,0.297054143972002,0.28995337007352767,0.2929257347303404,0.32881166530237016,0.32838012697038776,0.32893020699783443,-0.011820689372858278,-0.011026153512857127,-0.011868979423167194,-0.01576061322097731,-0.016015503138480727,-0.016293502273366976,-0.017475547009665658,-0.01666137457984422,-0.017604410334591817,0.5865,0.6677273,0.50813955,0.60559213,0.7,0.568504,0.4976378,0.6208334,0.4944499731063843,0.7950186953544617,0.6089500188827515,0.7950186953544617,0.027,27.0,0.2695929807859965,0.2693406448098833,0.27064626525435687,0.33709214677375116,0.33517046080338536,0.3344875415862243,0.3455723037436076,0.34556653560296585,0.34530373421041954,-0.0015336191844300315,-0.0027057436000819256,-0.0017364553767901167,-0.002479000107576506,-0.005128995200854671,-0.0020196043661488304,0.008761385042595705,0.008499820302426473,0.00835822032613003,0.63185483,0.5720721,0.71678835,0.6591603,0.53414637,0.54122806,0.60325205,0.5908759,0.5010749697685242,0.8071094794273377,0.6010499596595764,0.8071094794273377,0.024,24.0,0.26650314385947405,0.2666920070791867,0.2669080052683956,0.31707314537287656,0.3125619154384565,0.31370663815828237,0.3371919845229889,0.33697333128667684,0.337116970604127,-0.006677154278644155,-0.006865948556469526,-0.006802717399978655,-0.009119806664276907,-0.010572249169667699,-0.009156553319757904,-0.004357080983534977,-0.004080777138708874,-0.004623095004230893,0.6091774,0.6198997,0.61246395,0.6323762,0.6170732,0.554866,0.55044496,0.60585463,2026-10-05T16:31:01.333475
70,0.6348026990890503,0.49883535504341125,0.7432523567199707,0.6346272230148315,0.7432523567199707,0.8584891115188599,0.9459402505874633,2.617445657348633,0.21905723927021026,7.365294548034668,1.9636542961120604,1.0,10.0,,,,,0.6862946539878845,0.6862946539878845,,,,16.469420874023438,0.35845094850393616,0.02487864117004618,,0.019394361937513493,1.155287983121386,0.20384906982160678,0.00070460258084379,0.02310765500233811,5.583652795500057,,0.0008913101678242192,,74.74486332790107,18.057656367113637,,102.21612927868108,74.75136600178519,23.92300173279586,95.00155800011507,39.15856352885058,16.46940284777599,,0.6747728050894038,,0.07867007930377487,0.2349430945268862,,0.12157675258483097,0.09840432544992228,0.24581637152820635,0.0066372116992048395,0.46037487903977653,0.16192380467038245,,,,0.1244,2488.0,0.577486,0.57591623,0.6696712,0.7577212,0.60451716,0.61359596,0.67138517,0.60480654,0.49795001745224,0.7780646867752076,0.6141500473022461,0.7780646867752076,0.024,24.0,0.2705907700692537,0.2723786731175289,0.27087017618204345,0.2921309300078029,0.29265036421154944,0.29265036421154944,0.3204790775165976,0.3203961333665684,0.32044169465964817,-0.03349369301538524,-0.03320708269891299,-0.033556073194621894,-0.04143916478344022,-0.04175912500733943,-0.04175912500733943,-0.029764928073436815,-0.029728503449146956,-0.029747095369694287,0.589,0.64818186,0.5403101,0.6401316,0.74308944,0.5850394,0.5181103,0.6473485,0.5050000548362732,0.7673840346336365,0.6203999519348145,0.7673840346336365,0.025,25.0,0.3188565701094321,0.31740686541138535,0.3192648079954934,0.3892741582497129,0.385130818475192,0.387991604754917,0.39377846203115097,0.39307122543845746,0.3930071974111749,-0.0019627957835246022,-0.0037121410712910342,-0.0022915869720618125,-0.0029437238558019563,-0.005622984160931919,-0.0033220711330304523,0.006919126935933717,0.006670459055479045,0.006786993949477425,0.6229839,0.57612616,0.6974453,0.7030534,0.54308945,0.5991228,0.62520325,0.58065695,0.5014750361442566,0.7727243607044221,0.6172749996185303,0.7727243607044221,0.0245,24.5,0.29472367008934286,0.2948927692644571,0.2950674920887684,0.3407025441287579,0.33889059134337074,0.3403209844832332,0.3571287697738743,0.35673367940251294,0.35672444603541154,-0.01772824439945492,-0.018459611885102013,-0.017923830083341852,-0.02219144431962109,-0.023691054584135673,-0.02254059807018494,-0.011422900568751549,-0.011529022196833955,-0.01148005071010843,0.60599196,0.612154,0.61887765,0.6715925,0.6430894,0.59208107,0.57165676,0.6140027,2026-10-05T16:35:34.459465
71,0.6361097693443298,0.5000000596046448,0.7367997273445129,0.6363600492477417,0.7367997273445129,0.8552051152229309,0.9422913679122925,2.5117183055877685,0.22343723170757293,7.516023699951172,1.9594850130081176,1.0,10.0,,,,,0.6945068512916565,0.6945068512916565,,,,16.444904861450194,0.5324691354421673,0.04038018251140454,,0.03159319841641055,1.121348241522054,0.1714312870791004,0.0007951611195650889,0.023303733619558772,4.366421496982028,,0.0012062731542187791,,74.71048756010214,18.03138851967587,,102.20682865798852,74.71680256059975,23.89392562428857,94.99860484129304,39.23180887501711,16.444886116465185,,0.6726867537589589,,0.07933615409075075,0.23573558677913278,,0.12195095861223852,0.09908058907196021,0.2479751940555633,0.006684967340415071,0.4674275675017363,0.16380377180257422,,,,0.12685,2537.0,0.5873296,0.5829843,0.67389065,0.7537717,0.6007009,0.61715156,0.6684285,0.60488796,0.5101999640464783,0.7919711437225342,0.606999933719635,0.7919711437225342,0.026,26.0,0.2883001022501989,0.290981790340416,0.28823533097944903,0.30911275393165866,0.30312667289829687,0.3111327645589114,0.3326294708351925,0.3325881536057387,0.33260043483475377,-0.037260242601654656,-0.036835934953817616,-0.03736660896863931,-0.0392428112146208,-0.034296401057608776,-0.03857352660361775,-0.03652467212388639,-0.03649048287551682,-0.03647001733638949,0.5845,0.64727277,0.51434106,0.6375,0.73333335,0.58582675,0.5098425,0.64204544,0.5060999393463135,0.7815587620735168,0.6126000285148621,0.7815587620735168,0.023,23.0,0.3148930352384718,0.3148119267379636,0.3148705492014887,0.36062858915115925,0.36474693207735065,0.3598979133394703,0.37788106664572757,0.3785043226877336,0.3771071261808759,0.0015654248930978437,6.614606993170468e-07,0.0011970060997242304,-0.004764036416457846,-0.007592602223105496,-0.005221594605849871,0.00611495195989878,0.005918849135675494,0.005622665401710941,0.61330646,0.5693694,0.6905109,0.69923663,0.5434959,0.5605263,0.62317073,0.5821168,0.5081499516963959,0.7867649528980255,0.6097999811172485,0.7867649528980255,0.0245,24.5,0.3015965687443354,0.3028968585391898,0.30155294009046885,0.3348706715414089,0.33393680248782376,0.33551533894919083,0.35525526874046004,0.35554623814673614,0.3548537805078148,-0.017847408854278407,-0.01841763674655915,-0.01808480143445754,-0.022003423815539325,-0.020944501640357136,-0.02189756060473381,-0.015204860081993805,-0.015285816869920664,-0.015423675967339276,0.59890324,0.6083211,0.602426,0.66836834,0.6384146,0.5731765,0.5665066,0.6120811,2026-10-05T16:40:07.071712
72,0.634720504283905,0.5008099675178528,0.7402875392913818,0.634909987449646,0.7402875392913818,0.8645334229469299,0.9526561534881591,2.5860967834472657,0.22916044635772706,7.603320380401612,1.9987302078247071,1.0,10.0,,,,,0.6904683311462403,0.6904683311462403,,,,16.420045626831055,0.7009215775912829,0.04255662102046108,,0.02808818035291146,1.1743145896371003,0.18659192731805668,0.0006974342204615545,0.021850008932743102,5.538370046645972,,0.0008183858722048311,,74.67680358886719,18.00868287056115,,102.19810383790617,74.68244224596934,23.86421476959423,94.99973399168367,39.242972623011106,16.4200261474415,,0.692505868756847,,0.08032164793864936,0.23731839362603085,,0.12246426318291646,0.09979366420940229,0.2499913115789936,0.006871523522433772,0.4709588431628646,0.16544290418457833,,,,0.1179,2358.0,0.5808942,0.5786951,0.67046356,0.7547788,0.60447824,0.6126869,0.672985,0.6024033,0.5048999786376953,0.8070896434783935,0.6006999015808105,0.8070896434783935,0.026,26.0,0.28561001424645655,0.2889467812509678,0.2873199676394786,0.3242993563894273,0.3232145583568394,0.32439430012937653,0.33552704244867704,0.33625979703814846,0.3363157139906766,-0.04520117486220045,-0.04290942828940864,-0.04412415320058169,-0.0421980624496545,-0.04169975155891013,-0.04155674644412706,-0.041471153148741065,-0.04058754724008013,-0.04040610277171556,0.60150003,0.6618182,0.55077523,0.60756576,0.69593495,0.56299216,0.5086614,0.62613636,0.4988500773906708,0.7803491244316101,0.6131500005722046,0.7803491244316101,0.027,27.0,0.31856603965978436,0.31600666379223885,0.31978480015787875,0.37938867365787454,0.3743557974826064,0.3803341992118919,0.37538704829818964,0.3761297267024204,0.3740104447635542,0.005646929587781024,0.003985624212609913,0.005379487149677706,0.0010069846382560904,-0.0015984382037474265,0.0005230081225371222,0.00901170433787037,0.009144634279767595,0.008819899594576686,0.641129,0.59324324,0.72773725,0.65076333,0.5382114,0.54649127,0.602439,0.58576643,0.501875028014183,0.7937193839550019,0.6069249510765076,0.7937193839550019,0.0265,26.5,0.3020880269531204,0.3024767225216033,0.30355238389867867,0.3518440150236509,0.34878517791972286,0.3523642496706342,0.35545704537343337,0.3561947618702844,0.35516307937711544,-0.01977712263720971,-0.019461902038399363,-0.019372333025451993,-0.020595538905699207,-0.021649094881328778,-0.020516869160794968,-0.016229724405435346,-0.015721456480156267,-0.015793101588569437,0.6213145,0.6275307,0.63925624,0.6291646,0.6170732,0.55474174,0.5555502,0.6059514,2026-10-05T16:44:40.632818
73,0.6356824040412903,0.5007152557373047,0.7394874648094177,0.6356378197669983,0.7394874648094177,0.8586723802566528,0.9461438828468323,2.468619660949707,0.22841272194385528,7.6618331359863285,1.9991741548538209,1.0,10.0,,,,,0.6996782786369323,0.6996782786369323,,,,16.395469183349608,0.5727588829886952,0.040574719152816685,,0.023509302485740156,1.1657869601325623,0.1833868559426183,0.0006978174782848241,0.020766283830354927,5.664806875453633,,0.0008828354658727471,,74.64253414664299,17.9851183800181,,102.18723496358106,74.64820890973328,23.835351482318465,95.00003843854188,39.23271295826906,16.395448806179555,,0.6927314450027077,,0.08109683875635171,0.23851013620188283,,0.12260934928799891,0.10049382302981273,0.2517620864187836,0.006966921026302371,0.4733624048293776,0.16680344474163783,,,,0.1174,2348.0,0.5851644,0.5781917,0.67389065,0.7591627,0.6003505,0.6097576,0.6719117,0.60480654,0.5048499703407288,0.8099718451499939,0.5986999869346619,0.8099718451499939,0.027,27.0,0.2675559886604524,0.2674275455420711,0.2677606174342143,0.30400400795638416,0.2961616402182204,0.2990670611548634,0.3111445447831183,0.3114696191279277,0.31141238497587204,-0.01398867820450194,-0.013750414110245333,-0.013970346557787948,-0.014524299304063633,-0.010260088341379491,-0.010658808947944349,-0.010231224295753608,-0.010638194308246538,-0.010435442555826577,0.585,0.64181817,0.5,0.63223684,0.72398376,0.56771654,0.503937,0.63522726,0.49775007367134094,0.7869257068634034,0.6110498905181885,0.7869257068634034,0.026,26.0,0.308849665102663,0.3059042018781574,0.3099998326864595,0.36355245938700453,0.35754851525392695,0.3607105615185833,0.3478940256454622,0.347966136427612,0.3477559771204003,-0.0062915870111908525,-0.006417003652449528,-0.0063758269079343035,-0.00488913980136217,-0.004832059975505768,-0.004078487271104787,-0.0018349614075620282,-0.0020897680502669214,-0.0021074565404425646,0.61451614,0.57117116,0.7032847,0.68473285,0.5414634,0.5557018,0.6093496,0.58759123,0.5013000220060349,0.7984487760066986,0.6048749387264252,0.7984487760066986,0.0265,26.5,0.2882028268815577,0.28666587371011426,0.2888802250603369,0.33377823367169435,0.3268550777360737,0.3298888113367233,0.32951928521429025,0.32971787777776984,0.32958418104813614,-0.010140132607846396,-0.01008370888134743,-0.010173086732861126,-0.009706719552712902,-0.0075460741584426295,-0.007368648109524568,-0.006033092851657818,-0.00636398117925673,-0.006271449548134571,0.599758,0.60649467,0.6016424,0.6584848,0.63272357,0.56170917,0.5566433,0.61140925,2026-10-05T16:48:50.140070
74,0.6359696984291077,0.501852810382843,0.7389382326126098,0.6357849836349487,0.7389382326126098,0.8507849687576294,0.9373800895690918,2.324236945724487,0.22304085502624513,7.252865145111084,1.9977896724700928,1.0,10.0,,,,,0.6869790084838867,0.6869790084838867,,,,16.370550396728515,0.5119279435373083,0.031845049082841366,,0.023555082912633942,1.123995671986015,0.17152729881986692,0.000643187753400531,0.018938681947150426,5.353506837680841,,0.0008953838770620371,,74.6077935285629,17.955645129938794,,102.17921787917993,74.61376345689129,23.80659377954568,94.99961085228404,39.248970323307496,16.370529308440577,,0.692039270689533,,0.08171485881706711,0.2386538201266793,,0.12306219353607506,0.10125983501695524,0.25365405534483065,0.006980616198911978,0.47710078176419446,0.1682534934418976,,,,0.12045,2409.0,0.5840016,0.58775675,0.6680468,0.76062405,0.5994548,0.6106464,0.67343056,0.60052955,0.5015000104904175,0.8528962988853455,0.579800009727478,0.8528962988853455,0.026,26.0,0.2519602120564585,0.2531119700679063,0.25335111458551185,0.30245640609834407,0.2978494657179644,0.3019694362958819,0.28092498831512935,0.2802072581625048,0.27199238256489533,-0.02853197342643683,-0.026294902005271816,-0.027586745873049524,-0.023344861867221865,-0.018345209725695717,-0.02310638693902744,-0.019059051009251107,-0.017815676915600688,-0.0193874927991142,0.56850004,0.60136366,0.498062,0.5973684,0.6898374,0.5598425,0.49921262,0.6242424,0.5008500218391418,0.802516704082489,0.6060000061988831,0.802516704082489,0.025,25.0,0.31359542646879013,0.31149011996397785,0.3144051211574617,0.3661203938879336,0.3682712965390467,0.3653118251715105,0.3596980268162802,0.3592950717143773,0.3586276735389972,-0.013638279297272734,-0.015032766849033392,-0.014121857795485608,-0.01589411274440784,-0.01753728392839399,-0.017038735573026334,-0.010028609064815659,-0.00977038684421696,-0.010495873880642138,0.61653227,0.5770271,0.72846717,0.648855,0.5276423,0.54605263,0.5955285,0.5861314,0.5011750161647797,0.8277065014839172,0.5929000079631805,0.8277065014839172,0.025500000000000002,25.5,0.28277781926262435,0.2823010450159421,0.28387811787148676,0.33428839999313886,0.33306038112850556,0.3336406307336962,0.3203115075657048,0.319751164938441,0.3153100280519463,-0.02108512636185478,-0.020663834427152604,-0.020854301834267567,-0.01961948730581485,-0.017941246827044854,-0.020072561256026886,-0.014543830037033384,-0.013793031879908824,-0.01494168333987817,0.5925162,0.5891954,0.61326456,0.6231117,0.60873985,0.5529476,0.54737055,0.60518694,2026-10-05T16:53:23.807912
75,0.634982705116272,0.5012798309326172,0.7399814949035645,0.6351003646850586,0.7399814949035645,0.8459743597984314,0.9320349718093872,2.2000087757110594,0.2358714148759842,7.216283936309814,1.9967967903137207,1.0,10.0,,,,,0.6601339371681213,0.6601339371681213,,,,16.344069342041017,0.49070106841220407,0.03619004881334236,,0.025607592928235175,1.1176041991088042,0.16024662345457988,0.00047607828360970376,0.016009136983994275,5.287817912496579,,0.0005259259536626576,,74.57221707872525,17.92703974778485,,102.17359525838475,74.57916211170756,23.77958743587421,95.00110932368382,39.21015786820916,16.34405058356607,,0.6915477719276574,,0.08208706661774094,0.2390529466852261,,0.12377588778354559,0.1018406416580176,0.25565258389825274,0.0070090761651421425,0.47782662605783743,0.16962168104709333,,,,0.1239,2478.0,0.58085406,0.5802256,0.6760896,0.7567733,0.60404986,0.61236364,0.67343056,0.59492874,0.48844999074935913,0.8070471301078797,0.6004000306129456,0.8070471301078797,0.026,26.0,0.27183583930919636,0.2721302455431188,0.27619114684961504,0.28189845702615546,0.29514285642574417,0.29394005079823526,0.29749311542458784,0.29783234531500513,0.3037463793621776,-0.04256632454069744,-0.04193936731959578,-0.04248056385680033,-0.03513807982781347,-0.03494494836608082,-0.03605899265951973,-0.03224613659998781,-0.0334938259986364,-0.03152582190508294,0.587,0.6568182,0.5046511,0.6246711,0.72195125,0.5917323,0.4968504,0.62386364,0.5066999793052673,0.78858038854599,0.6103499531745911,0.78858038854599,0.029,29.0,0.35287231807643127,0.3537727969709422,0.3551051902823349,0.40218711480862224,0.40721117674564705,0.40142967419153963,0.3969903714982677,0.3959313466579447,0.39738899238353104,-0.01504022954418865,-0.01627633235091501,-0.01590735358087341,-0.009073186960333948,-0.007310052443300696,-0.010897663601552922,-0.010096118032522782,-0.010183811247527262,-0.011254136870628262,0.61290324,0.5545045,0.70182484,0.6832061,0.5398374,0.5574562,0.6223577,0.58868617,0.49757498502731323,0.7978137593269348,0.6053749918937683,0.7978137593269348,0.0275,27.5,0.31235407869281384,0.3129515212570305,0.315648168565975,0.34204278591738885,0.3511770165856956,0.34768486249488745,0.3472417434614278,0.3468818459864749,0.3505676858728543,-0.028803277042443044,-0.029107849835255394,-0.02919395871883687,-0.02210563339407371,-0.02112750040469076,-0.023478328130536325,-0.021171127316255298,-0.021838818623081832,-0.021389979387855602,0.5999516,0.6056614,0.603238,0.6539386,0.6308943,0.57459426,0.55960405,0.6062749,2026-10-05T16:57:55.567244
76,0.6326050162315369,0.49821987748146057,0.7438242031097412,0.6324427723884583,0.7438242031097412,0.8451578411102295,0.931127728176117,2.257448752784729,0.2293626946926117,7.01573639755249,1.9987906623840332,1.0,10.0,,,,,0.6451666277885437,0.6451666277885437,,,,16.318884701538085,0.6430189570732368,0.047275019691705375,,0.03280830946543319,1.1150346914674067,0.1516839858547897,0.0005481032694776685,0.016830575946054072,4.597766937723585,,0.0008425870602101437,,74.53819819164883,17.906259949799555,,102.16896518780167,74.5451111520172,23.748247851232055,95.0017867361664,39.176255074276284,16.318863899085173,,0.6925446170910149,,0.08283391566413223,0.24082777150876963,,0.12438303512182965,0.10249197696614418,0.25721437251491913,0.007062321202532881,0.47888674098215284,0.17106738582158545,,,,0.12705,2541.0,0.5801323,0.5761378,0.6697306,0.7587678,0.6053738,0.60961616,0.66597813,0.59150714,0.50204998254776,0.7965758752822876,0.6100499629974365,0.7965758752822876,0.024,24.0,0.24389155132440088,0.2321182715918638,0.2453591466390711,0.2999722618248021,0.28069642092307723,0.2999716586352282,0.31490311408033905,0.3087382989545915,0.3095528845056265,-0.012747620169449587,-0.012482484015849261,-0.015205882303989133,-0.018361078563036714,-0.018893351022191394,-0.023042412629077923,-0.011317870570525173,-0.012513514414312848,-0.014507297785790296,0.591,0.6618182,0.5608527,0.62796056,0.72845525,0.5897638,0.50275594,0.6212121,0.5010000467300415,0.7880726337432862,0.6132499575614929,0.7880726337432862,0.026,26.0,0.28527325198123077,0.28325811416081,0.28655647065176104,0.3539465512363366,0.34989770055313957,0.34719056852404107,0.3384604868458744,0.33766092594020636,0.33778445400819906,-0.014355932340112978,-0.0151279014513362,-0.014832347955557754,-0.010251775915234228,-0.013762508114165706,-0.011741866515390212,-0.008473849381551964,-0.00874826854710417,-0.008848796260743507,0.63024193,0.5518018,0.7047446,0.6782443,0.5463415,0.57500005,0.6182927,0.58138686,0.5015250146389008,0.7923242545127869,0.6116499602794647,0.7923242545127869,0.025,25.0,0.2645824016528158,0.2576881928763369,0.26595780864541607,0.3269594065305693,0.31529706073810837,0.3235811135796346,0.3266818004631067,0.3231996124473989,0.3236686692569128,-0.013551776254781283,-0.01380519273359273,-0.015019115129773443,-0.014306427239135472,-0.01632792956817855,-0.017392139572234067,-0.00989585997603857,-0.010630891480708508,-0.011678047023266903,0.610621,0.60681,0.6327987,0.6531024,0.63739836,0.58238196,0.56052434,0.6012995,2026-10-05T17:02:27.648072
77,0.6345001459121704,0.4986199140548706,0.7397570104598999,0.6347054243087769,0.7397570104598999,0.8529625893592835,0.9397996734619141,2.4431774173736573,0.21428197855949402,7.121040453338623,1.9942575378417968,1.0,10.0,,,,,0.6420245795249939,0.6420245795249939,,,,16.29342004394531,0.30397399046879475,0.01941444201188779,,0.014702158257480901,1.260505219174039,0.1480215189586969,0.0003062895845635171,0.01203935413627298,4.23105012914937,,0.000347643106944155,,74.50407050065934,17.892932879696986,,102.16171750597134,74.51070117343004,23.719415373103633,95.00137606092319,39.14667899745285,16.293401317231975,,0.6902834833807246,,0.08357747914684806,0.2436505118562917,,0.12488597583998541,0.10315340429924097,0.2598576374873994,0.0071463236365775775,0.48018532915479817,0.17292721692923527,,,,0.1218,2436.0,0.5866479,0.5816352,0.6688986,0.75416666,0.607574,0.607798,0.6704536,0.59839106,0.494299978017807,0.7976583580970764,0.601099967956543,0.7976583580970764,0.027,27.0,0.2645615022210573,0.25678980631244963,0.2649036995477918,0.3276416188150817,0.3179368081122615,0.32477872972189925,0.3236939482959176,0.32162114128997676,0.3273467227187052,-0.018822011575096102,-0.01757288343976511,-0.019037363406896077,-0.011421291106883839,-0.011979045242735489,-0.013314131643149249,-0.017690218188107478,-0.01819204228997477,-0.01686019051799295,0.6,0.6636364,0.53953487,0.61973685,0.70609754,0.56496066,0.5031496,0.619697,0.4985000193119049,0.7762500061988831,0.6136499643325806,0.7762500061988831,0.03,30.0,0.3480190070897847,0.34883999292936535,0.3505639509488551,0.4044156919774259,0.4126649063714641,0.40927902190255067,0.401716589656938,0.40185396513295557,0.401115491622094,-0.0026018258808184814,-0.003079185688223187,-0.002525723314497668,-0.001637238027025943,-0.00037846661919642703,-0.0014352258805609803,-0.0006423461330881231,5.2930662747799135e-05,-0.00045227625501140803,0.64072585,0.57972974,0.7233577,0.66259545,0.5313008,0.55263156,0.61341465,0.5850365,0.49639999866485596,0.7869541821479797,0.6073749661445618,0.7869541821479797,0.028499999999999998,28.5,0.30629025465542103,0.30281489962090746,0.3077338252483235,0.3660286553962538,0.3653008572418628,0.367028875812225,0.3627052689764278,0.36173755321146617,0.3642311071703996,-0.010711918727957292,-0.01032603456399415,-0.010781543360696873,-0.006529264566954891,-0.006178755930965958,-0.0073746787618551145,-0.0091662821605978,-0.009069555813613484,-0.00865623338650218,0.62036294,0.62168306,0.63144624,0.64116615,0.6186992,0.5587961,0.55828214,0.60236675,2026-10-05T17:06:49.812855
78,0.6349749565124512,0.49990981817245483,0.7363520153045654,0.6350830793380737,0.7363520153045654,0.8540191201210022,0.9409735944747925,2.4686533082962034,0.21986063818931578,7.10055311050415,1.9994583400726318,1.0,10.0,,,,,0.6371625784873962,0.6371625784873962,,,,16.268570819091796,0.3316811426026616,0.02526058007222986,,0.014547713439033669,1.1874454970572406,0.12873514696576033,0.0002813697761075963,0.010975896121317129,4.5756293990809445,,0.00031419746990615555,,74.46791907632426,17.868144733890606,,102.15135396969546,74.47660720728005,23.69023783495472,95.0014314104797,39.08644509771067,16.268550253218148,,0.6928747246979149,,0.08392654999995687,0.24461821927006838,,0.12520145392341978,0.10383162305803056,0.2621815620334285,0.00715321090345265,0.4798617516733279,0.17470944525709578,,,,0.1213,2426.0,0.5838412,0.5779098,0.67014664,0.7588073,0.60167444,0.6151515,0.6711624,0.6000611,0.4982999861240387,0.8015669703483581,0.6007001399993896,0.8015669703483581,0.027,27.0,0.27745794116793693,0.2758510965094768,0.28028509744951907,0.361780953024074,0.3652606649578345,0.3695239488382798,0.3575091011355631,0.35955004866913876,0.359890859798388,-0.04068137545467514,-0.039626069044409205,-0.04092541761218722,-0.03383268094831087,-0.02909327165757544,-0.03531666196401702,-0.03083536687744885,-0.02942164902448928,-0.027898853722610063,0.5885,0.65909094,0.5178295,0.6223684,0.7077236,0.5641732,0.51220477,0.63787884,0.5131500363349915,0.7815114393234253,0.6112499237060547,0.7815114393234253,0.026,26.0,0.3220072662212803,0.3245047313786575,0.3273358692683128,0.3941142244135818,0.39577849987997654,0.3983052032707099,0.3733320056305095,0.371980892047248,0.37653769715198565,-0.008826113346711765,-0.009127514884941509,-0.008294519100787708,-0.002620847683012747,-0.004964678115699877,-0.004389774387626787,-0.0009214604192082919,-0.0006967688613010118,-0.0009626440968696521,0.6229839,0.57522523,0.7208029,0.6618321,0.53252035,0.55701756,0.6178862,0.5817519,0.5057250112295151,0.7915392048358917,0.6059750318527222,0.7915392048358917,0.0265,26.5,0.29973260369460863,0.3001779139440671,0.3038104833589159,0.3779475887188279,0.3805195824189055,0.38391457605449486,0.3654205533830363,0.3657654703581934,0.36821427847518684,-0.024753744400693452,-0.024376791964675355,-0.024609968356487467,-0.01822676431566181,-0.017028974886637658,-0.019853218175821905,-0.01587841364832857,-0.015059208942895145,-0.014430748909739858,0.605742,0.61715806,0.6193162,0.6421002,0.62012196,0.5605954,0.5650455,0.60981536,2026-10-05T17:11:22.971343
79,0.6341651082038879,0.4984651505947113,0.7377846004486084,0.6343849897384644,0.7377846004486084,0.8572389210700989,0.944551149559021,2.524258438873291,0.23408414576053618,7.264499813842773,1.9976449113845824,1.0,10.0,,,,,0.6199242861747741,0.6199242861747741,,,,16.24335895690918,0.91469385521783,0.08384183424771141,,0.03564802078370029,1.1397408679792076,0.13630747852052094,0.0004639849849479053,0.014523207691978592,4.842785318945624,,0.0007915382873900732,,74.43384610315796,17.850860316282624,,102.14271448220417,74.44196917296975,23.656827999528048,95.00215625155504,39.04698948951284,16.243337412548673,,0.6919484248586522,,0.08460545639513405,0.2466609144856216,,0.12562085080678295,0.10439612194421186,0.2636155360823224,0.007140855536244477,0.48061636242137595,0.17610295126392583,,,,0.1201,2402.0,0.5871291,0.5827628,0.671672,0.7518957,0.60095406,0.61359596,0.6687728,0.5964155,0.5036500096321106,0.8260051608085632,0.5876500010490417,0.8260051608085632,0.023,23.0,0.19331972486698062,0.17696989809517885,0.19539508755422455,0.21733977487053965,0.20702845699894673,0.21641721439230932,0.2041388246486904,0.1927565615627505,0.18246971228308384,-0.022058136702557355,-0.02430851581169377,-0.022364614013495914,-0.022877084199637368,-0.024023746400778374,-0.02291017468166411,-0.02664698985943759,-0.028967302863736423,-0.03093996221912642,0.559,0.63272727,0.49379846,0.61513156,0.7004065,0.58543307,0.4980315,0.6151515,0.5002999901771545,0.7874549970626831,0.607200026512146,0.7874549970626831,0.028,28.0,0.28464561326961413,0.28285925797805717,0.28644242099722383,0.34240502163628506,0.33332457349385136,0.33562680148315016,0.3191801312673709,0.31829512387200576,0.3225647093546487,-0.007077653642185311,-0.007850975405785374,-0.007580104835273887,-0.010169303101364753,-0.009721397669046063,-0.011658640126647605,-0.008495930987529475,-0.008829470242698837,-0.009515492115996164,0.6076613,0.572973,0.7240876,0.6549619,0.54471546,0.54561406,0.59390247,0.5912409,0.5019749999046326,0.8067300789356231,0.5974250137805939,0.8067300789356231,0.025500000000000002,25.5,0.23898266906829738,0.22991457803661802,0.24091875427572418,0.27987239825341237,0.2701765152463991,0.27602200793772974,0.26165947795803063,0.2555258427173781,0.25251721081886624,-0.014567895172371333,-0.016079745608739572,-0.0149723594243849,-0.01652319365050106,-0.016872572034912218,-0.017284407404155856,-0.017571460423483534,-0.01889838655321763,-0.020227727167561292,0.58333063,0.60285014,0.60894305,0.6350467,0.622561,0.56552356,0.545967,0.6031962,2026-10-05T17:15:56.296680
80,0.6354199051856995,0.5005725622177124,0.7352165119171142,0.635672390460968,0.7352165119171142,0.8572663223266601,0.9445815979003906,2.5559903511047364,0.242781281375885,7.74233717956543,1.9911202894210815,1.0,10.0,,,,,0.6677643743515015,0.6677643743515015,,,,16.217685818481446,0.3526713736473944,0.027693209705494676,,0.01721867873699695,1.191833728627794,0.1340199669431539,0.0003683781374817207,0.012103865227134079,4.945714092938004,,0.00048483106590080583,,74.39996240700886,17.83134225978973,,102.14764083570735,74.40804830174537,23.625750985115197,95.00478606011457,39.04112071140557,16.217665216725344,,0.6886953035737299,,0.0853278147661762,0.24860149830769582,,0.12715075663320577,0.10511287505839281,0.2652859118334047,0.007400414479338819,0.48311123460721056,0.17742924439679286,,,,0.1148,2296.0,0.5914595,0.5709827,0.67410856,0.759222,0.60227805,0.61056566,0.67138517,0.6034012,0.5016500353813171,0.8037349505424499,0.5964999198913574,0.8037349505424499,0.028,28.0,0.25918697885485975,0.2598892189594034,0.2591267717426918,0.30684654349300877,0.29046705214275187,0.30684654349300877,0.3022150014694147,0.3022150014694147,0.3019373153905218,-0.032472835519596344,-0.03229182800227247,-0.032671300299607374,-0.029818794371966478,-0.02862609163969605,-0.029818794371966478,-0.030010475492493822,-0.030010475492493822,-0.028408813397413836,0.5755,0.65500003,0.5096899,0.6171053,0.7056911,0.56968504,0.5114173,0.6306818,0.4963499903678894,0.7740045275688171,0.6129500269889832,0.7740045275688171,0.026,26.0,0.3272321587145195,0.32535879024291997,0.3307694704243403,0.38323616587838694,0.37930531345401913,0.38099597989673967,0.3799270845511374,0.3800396059665743,0.36930590013891207,-0.00968919313507932,-0.009289538170930953,-0.009614374828132785,-1.1618593231778855e-05,0.0029903651811351824,-0.0014882189791361237,0.0008627383247186961,0.0020939154904691354,0.0002463180572425741,0.63024193,0.5770271,0.7251825,0.6599237,0.5357724,0.5605263,0.60365856,0.59051096,0.49900001287460327,0.7888697390556335,0.6047249734401703,0.7888697390556335,0.027,27.0,0.2932095687846896,0.29262400460116167,0.29494812108351603,0.34504135468569785,0.3348861827983855,0.34392126169487425,0.341071043010276,0.3411273037179945,0.33562160776471694,-0.021081014327337833,-0.02079068308660171,-0.02114283756387008,-0.014915206482599128,-0.012817863229280434,-0.0156535066755513,-0.014573868583887564,-0.013958280001012343,-0.014081247670085631,0.60287094,0.6160135,0.6174362,0.6385145,0.6207317,0.5651057,0.5575379,0.6105964,2026-10-05T17:20:29.335439
81,0.6358576416969299,0.5006598830223083,0.7352305328369141,0.6357274651527405,0.7352305328369141,0.8591059719085693,0.9466256527900696,2.6294689178466797,0.23607418808937072,7.930901442718506,1.9995238471984864,1.0,10.0,,,,,0.7128787961006164,0.7128787961006164,,,,16.19246318359375,0.35836647759387447,0.025555486768405515,,0.016517973324220187,1.2778935041397241,0.13926305961172292,0.0003804252412508295,0.012263465315328946,5.242809066347256,,0.0004537534305489745,,74.36416514208362,17.806437267619334,,102.1382653303207,74.37375407613766,23.595879888838265,95.00472016547137,39.0238299521671,16.19244286361014,,0.6929019465567959,,0.0858727176288131,0.2492628373727677,,0.12748892994443323,0.10581532087485501,0.26685693841071645,0.007447700069588461,0.4849771107458005,0.17877087775309375,,,,0.1166,2332.0,0.58843225,0.57962143,0.67050314,0.7570695,0.5967095,0.6131313,0.67731875,0.60138494,0.4999999701976776,0.7935074663162232,0.6025500297546387,0.7935074663162232,0.026,26.0,0.293496455917113,0.2896002984199718,0.2951836888351946,0.36632925576637265,0.3953935555364339,0.3846749016263502,0.337012260575189,0.33759889615450017,0.3399059736047655,0.0015904940863633677,-0.0008015614053181984,-0.001082365839369123,0.00246146153199986,0.008391531892372708,0.0012472483775017214,0.012371614632063805,0.01063751610204809,0.008167891014224512,0.5895,0.6718182,0.5325582,0.6157895,0.7028456,0.57401574,0.5019685,0.6386364,0.4891499876976013,0.7740236039161682,0.6141501665115356,0.7740236039161682,0.026,26.0,0.31858030497158185,0.31877049698163423,0.3205129698080264,0.39883274928975754,0.41040252011175676,0.4003441604647368,0.3828610556267037,0.3840321908744129,0.38445086057538314,-0.002136039540089026,-0.003333219453463939,-0.003074485560816449,0.004808446068140568,0.007877151715022651,0.002023065145972727,0.0036291903554590732,0.0036701953662340242,0.002457346476099986,0.63387096,0.58198196,0.720438,0.6614504,0.52723575,0.5710526,0.61544716,0.5835767,0.49457497894763947,0.7837655351161956,0.6083500981330872,0.7837655351161956,0.026,26.0,0.3060383804443474,0.304185397700803,0.3078483293216105,0.3825810025280651,0.40289803782409533,0.39250953104554354,0.3599366581009463,0.36081554351445655,0.3621784170900743,-0.00027277272686282927,-0.0020673904293910684,-0.002078425700092786,0.003634953800070214,0.00813434180369768,0.001635156761737224,0.00800040249376144,0.007153855734141058,0.0053126187451622495,0.6116855,0.6269001,0.6264981,0.6386199,0.61504066,0.5725342,0.55870783,0.6111065,2026-10-05T17:25:02.536792
82,0.6363173127174377,0.49850282073020935,0.7342825358390808,0.6359881162643433,0.7342825358390808,0.8624222153663635,0.9503103660583496,2.6384240997314454,0.24626552810668945,7.837707830810547,1.9993331224441528,1.0,10.0,,,,,0.713895926952362,0.713895926952362,,,,16.166855743408203,0.2710557008476536,0.017561587664279434,,0.012232449720613658,1.167032717519505,0.13245227460743517,0.00027295701666571985,0.010500089596114625,5.210407957909213,,0.00019403373449781292,,74.32818248773077,17.78069666236829,,102.12748212875074,74.33929997340888,23.564986720965926,95.00458487735432,39.004857178706274,16.16683348880452,,0.6928067298451807,,0.0863563816069038,0.24993897556878958,,0.12780249156769674,0.10635480612136755,0.26834065614232594,0.007423642257548821,0.4867527408964315,0.18001024700274135,,,,0.11065,2213.0,0.59009624,0.5753524,0.6694335,0.76074255,0.598053,0.617394,0.6720332,0.603055,0.5011999607086182,0.814239520072937,0.5949999094009399,0.814239520072937,0.025,25.0,0.20682473806994828,0.2050627224407004,0.2094481196082031,0.2773164222320653,0.2659514558800155,0.27971608805124315,0.2504318999343244,0.23528976136605884,0.2313533400183001,-0.0479835801999758,-0.05146671452324689,-0.04902215632627133,-0.04272369418244461,-0.04046447248515131,-0.04335675884316775,-0.0584038153994662,-0.05940765109931708,-0.06051481112138566,0.5805,0.6468182,0.5275194,0.60625,0.7044715,0.56692916,0.50078744,0.6314394,0.5076000094413757,0.7711674265861511,0.6164500117301941,0.7711674265861511,0.026,26.0,0.30961531468045483,0.30594983098131723,0.3109557684398561,0.3868761040982078,0.3693024512238945,0.3764568853541894,0.3623125799022209,0.357646372763293,0.36236558335877356,-0.0018898653210772404,-0.00352909966589442,-0.002622646848603825,0.0012475637717907543,-0.005032023568586095,-0.003226611462788586,0.0016976562244367032,0.00037049087361038543,-0.0008451772122722724,0.63709676,0.58648646,0.7317518,0.6610687,0.5361789,0.55964917,0.6069106,0.5919708,0.504399985074997,0.792703473329544,0.605724960565567,0.792703473329544,0.025500000000000002,25.5,0.2582200263752016,0.2555062767110088,0.26020194402402963,0.3320962631651365,0.317626953551955,0.3280864867027163,0.30637223991827267,0.2964680670646759,0.29685946168853683,-0.024936722760526518,-0.027497907094570652,-0.025822401587437576,-0.020738065205326926,-0.0227482480268687,-0.02329168515297817,-0.02835307958751475,-0.029518580112853347,-0.030679994166828966,0.6087984,0.61665237,0.6296356,0.63365936,0.6203252,0.56328917,0.553849,0.61170506,2026-10-05T17:29:35.606495
83,0.6369225382804871,0.49809229373931885,0.7318902895927429,0.6371451616287231,0.7318902895927429,0.8615829148292542,0.9493778111457825,2.6279347122192385,0.2523033469438553,7.604236521911621,1.9982656427383423,1.0,10.0,,,,,0.6992017260551453,0.6992017260551453,,,,16.140708935546876,0.24312414577124036,0.016325350621326642,,0.01153020852410003,1.2625192671444765,0.1277077448595861,0.0002506249836367217,0.009255885726410397,5.1397971135036205,,0.00025414982037603925,,74.29242186333722,17.753878028529464,,102.11634884973999,74.30474275236676,23.53340360313464,95.00415073078909,38.95701759484164,16.14068908448432,,0.6922793650323418,,0.0868536434165991,0.2504097572557486,,0.1279325380826452,0.10692898241008163,0.26988336880495595,0.0074539636647340595,0.48707763575444557,0.18118959722245576,,,,0.11255,2251.0,0.5931235,0.5793395,0.6688193,0.7585506,0.60264796,0.6158384,0.6777035,0.5993279,0.49480006098747253,0.8030779867172241,0.6013998985290527,0.8030779867172241,0.025,25.0,0.22814776820305338,0.2287383717680923,0.22701698646797383,0.2876772496140608,0.26473268970459995,0.27875941588993663,0.2668997701210042,0.2640813992743517,0.26913893984357623,-0.04254785592356019,-0.043135988481722315,-0.04366290223886257,-0.02804302084368771,-0.02754435840152259,-0.024983054260106333,-0.03206521569753658,-0.033264722600270115,-0.03207492960341784,0.56850004,0.635,0.5069768,0.6447368,0.7386179,0.58188975,0.5066929,0.62272733,0.4963500201702118,0.7716172761917114,0.6173500418663025,0.7716172761917114,0.024,24.0,0.34512414306870226,0.34395457565309057,0.3462805733260393,0.4187011052086492,0.43969567865604603,0.42332049282746803,0.39190372888353037,0.3937104964654561,0.3899478007765632,-0.008200117019827128,-0.008763423652552057,-0.009048288495329754,-0.007204707539204939,-0.0070505204002618855,-0.009470424604226362,-0.00778176172229167,-0.007818399915030633,-0.008631539819786694,0.6125,0.5725225,0.6963504,0.69160306,0.545935,0.5916667,0.62601626,0.58576643,0.49557504057884216,0.7873476314544677,0.6093749701976776,0.7873476314544677,0.0245,24.5,0.28663595563587785,0.2863464737105914,0.28664877989700654,0.353189177411355,0.352214184180323,0.35103995435870233,0.3294017495022673,0.3288959478699039,0.32954337031006975,-0.025373986471693658,-0.025949706067137188,-0.02635559536709616,-0.017623864191446324,-0.017297439400892237,-0.01722673943216635,-0.019923488709914124,-0.020541561257650373,-0.020353234711602268,0.5905,0.60376126,0.6016636,0.66817,0.6422764,0.5867782,0.5663546,0.60424685,2026-10-05T17:33:46.824056
84,0.6368977427482605,0.5014472603797913,0.7324004149436951,0.6368948817253113,0.7324004149436951,0.8618993107795715,0.9497293571472168,2.6890007736206054,0.25529237351417544,7.3463294868469236,1.9994004987716676,1.0,10.0,,,,,0.7016543691635132,0.7016543691635132,,,,16.11509321899414,0.23814603756330197,0.01637496019674281,,0.011693777203942489,1.2189248033389923,0.13308313320491724,0.0002471778777136562,0.009579950233233298,5.341100577336208,,0.0002550355373468094,,74.25625250749528,17.725711530940547,,102.10474201372475,74.27028986450973,23.503134502726756,95.0028250627457,38.92460180391931,16.115072930694385,,0.6928472731523453,,0.08725517480426533,0.2507121646480196,,0.1279527431081055,0.10757662764020787,0.27143305274331647,0.007446888172821064,0.48818334196783175,0.18244066758520283,,,,0.11075,2215.0,0.59137934,0.5780508,0.66761094,0.759143,0.6042056,0.61771715,0.67401785,0.60118127,0.4977000057697296,0.7901115832328797,0.6082499623298645,0.7901115832328797,0.024,24.0,0.27503311041669626,0.27666623808257035,0.2754105486101089,0.3680391245964114,0.34451554454946043,0.36796173743868876,0.3272609456814803,0.32452042726088054,0.3257033331705451,-0.048430159176642444,-0.04715248558740523,-0.0484258591968626,-0.035500522861823806,-0.0385377693982482,-0.03797543678005023,-0.034846001605536095,-0.034873370339436244,-0.03463656593951841,0.5765,0.5954546,0.520155,0.66315794,0.7565041,0.58582675,0.51299214,0.6409091,0.4988499879837036,0.7730243782997132,0.6166499853134155,0.7730243782997132,0.019,19.0,0.3146745963208019,0.31272015706316914,0.3147371542269476,0.3922067952978224,0.3919574703584695,0.3911915249087551,0.3556052039588287,0.35389178135520355,0.35010526133067577,-0.0026184574197291284,-0.003908669532483013,-0.004502894786165221,-0.00269609350451806,-0.004770192534635151,-0.006907060255898558,-0.00039749919291245077,-0.0015982618980466218,-0.005375060141835033,0.60524195,0.5702703,0.68576646,0.71488553,0.5434959,0.5824562,0.63617885,0.57810223,0.4982749968767166,0.7815679807662964,0.61244997382164,0.7815679807662964,0.0215,21.5,0.2948538533687491,0.2946931975728697,0.29507385141852827,0.38012295994711687,0.36823650745396497,0.3795766311737219,0.3414330748201545,0.33920610430804204,0.33790429725061044,-0.025524308298185788,-0.02553057755994412,-0.02646437699151391,-0.019098308183170935,-0.021653980966441673,-0.022441248517974393,-0.017621750399224274,-0.018235816118741432,-0.02000581304067672,0.590871,0.58286244,0.6029607,0.6890217,0.65,0.5841415,0.5745855,0.60950565,2026-10-05T17:38:20.045583
85,0.6300899982452393,0.5006375312805176,0.7461341413497925,0.6300921440124512,0.7461341413497925,0.8633197495460511,0.9513076204299927,2.773085809326172,0.2788715043067932,7.515323260498047,1.9879900817871095,1.0,10.0,,,,,0.6928473471641541,0.6928473471641541,,,,16.089910736083983,1.2016186392302537,0.10317270826417835,,0.05334689316879602,1.2016554436865885,0.15176645901267696,0.001006269658747749,0.020404575101936318,5.001231277824208,,0.001509722463521655,,74.22115073234413,17.700613872260803,,102.12546106812302,74.23541823466113,23.4737538380228,95.00731347928381,38.947077101203284,16.089892162638865,,0.6871044950880063,,0.0878386669762575,0.2515939889819759,,0.1305787373500265,0.10808323067464647,0.27284709207571234,0.0075320397551129955,0.4920681618201505,0.18383113195182413,,,,0.12425,2485.0,0.58486366,0.58115184,0.6701862,0.7407583,0.5890771,0.60638386,0.6739976,0.59283096,0.4875999391078949,0.7916994066238403,0.607699990272522,0.7916994066238403,0.038,38.0,0.2597034208125219,0.2562705956442349,0.2610398292259748,0.3655534624387246,0.3655534624387246,0.3655534624387246,0.35192113767512645,0.35202978410515,0.35202978410515,-0.03574433586128043,-0.03477429881617646,-0.03609966013405295,-0.020496423238469327,-0.020496423238469327,-0.020496423238469327,-0.02112677678273027,-0.021161179936190468,-0.021161179936190468,0.589,0.6181818,0.53720933,0.63486844,0.74430895,0.584252,0.51968503,0.6306818,0.5029499530792236,0.7751322894096374,0.6152499914169312,0.7751322894096374,0.036,36.0,0.34835015915422757,0.34101935649224463,0.3491287594275464,0.44682663196402234,0.4492704587792558,0.44273536347396847,0.45385159589015633,0.45301409606248333,0.45369463237398233,0.00605096983675171,0.00394603812565902,0.006084861263408341,-0.003267450434548686,-0.0074103164757058325,-0.0038941333293504737,0.004248905502986817,0.004483222534850121,0.004364938490670915,0.6125,0.58288294,0.68576646,0.7019084,0.5369919,0.5767544,0.6345529,0.57554746,0.49527494609355927,0.7834158480167388,0.6114749908447266,0.7834158480167388,0.037,37.0,0.30402678998337473,0.29864497606823975,0.3050842943267606,0.40619004720137347,0.4074119606089902,0.4041444129563465,0.4028863667826414,0.4025219400838167,0.4028622082395662,-0.01484668301226436,-0.01541413034525872,-0.015007399435322304,-0.011881936836509007,-0.01395336985708758,-0.012195278283909901,-0.008438935639871727,-0.008338978700670173,-0.008398120722759776,0.60074997,0.6005324,0.61148787,0.6683884,0.6406504,0.5805032,0.577119,0.6031146,2026-10-05T17:42:52.250140
86,0.6309876441955566,0.4997296929359436,0.7485822712898255,0.6311478614807129,0.7485822712898255,0.8748961709022522,0.9641703145980834,3.021038805770874,0.2868397078514099,7.191731233978271,1.9988369821548462,1.0,10.0,,,,,0.5458648911952972,0.5458648911952972,,,,16.065051483154296,0.6885286886541612,0.04929295280699138,,0.03824635522953935,1.1644171586461887,0.18229271855893409,0.0007069925331556206,0.01978602167663823,5.2086999814981105,,0.0008951352946653037,,74.1893419399383,17.68245225651249,,102.18482140219136,74.20156024519805,23.457873180413703,95.0154833945499,39.13671415778482,16.065030905851135,,0.6925613192995642,,0.08862969749102927,0.2535675111090302,,0.1361021739282426,0.10865090687753289,0.2763346989822995,0.007804937482734395,0.504292481264491,0.18573937845078242,,,,0.11415,2283.0,0.58909386,0.5767419,0.6594889,0.75485784,0.5926597,0.6055758,0.6732281,0.59588593,0.5080000162124634,0.8033323645591736,0.5997000336647034,0.8033323645591736,0.03,30.0,0.2734828835765467,0.2704794337494278,0.274280922415205,0.3570198696595958,0.35574209027120285,0.35601681289013126,0.34955520750635194,0.3495727877523613,0.34976754173356966,-0.026418914631477747,-0.02835134674032177,-0.027592787948981245,-0.01880867801146062,-0.018838174855684387,-0.018975249112156135,-0.016242243598316716,-0.016264369338125955,-0.016781263725163306,0.575,0.6181818,0.53527135,0.6213816,0.71178865,0.5862205,0.5177165,0.62840915,0.48934996128082275,0.7784337997436523,0.6134499907493591,0.7784337997436523,0.03,30.0,0.30998340949683567,0.3030549451892741,0.30972798011214625,0.39132153721873564,0.37375798432052454,0.3832042349391447,0.3750253834983609,0.37463012011586655,0.374144148568444,-0.0018306204073961431,-0.0011185795976321605,-0.001806034770674193,-0.006335978572946207,-0.008258213883520268,-0.0063295194061016025,-0.0046759647226062165,-0.004936190612344695,-0.004897786398119405,0.6298387,0.58738744,0.7138686,0.6732825,0.53252035,0.5574562,0.6170732,0.57810223,0.49867498874664307,0.790883082151413,0.6065750122070312,0.790883082151413,0.03,30.0,0.2917331465366912,0.286767189469351,0.29200445126367564,0.3741707034391657,0.3647500372958637,0.369610523914638,0.3622902955023564,0.3621014539341139,0.36195584515100687,-0.014124767519436945,-0.014734963168976965,-0.014699411359827719,-0.012572328292203413,-0.013548194369602327,-0.012652384259128869,-0.010459104160461466,-0.010600279975235325,-0.010839525061641354,0.6024194,0.60278463,0.62457,0.6473321,0.6221545,0.5718384,0.56739485,0.6032557,2026-10-05T17:47:01.907809
87,0.6364372372627258,0.49770504236221313,0.7348395163536072,0.6364151835441589,0.7348395163536072,0.8703407732963562,0.9591087643623352,2.9426196029663085,0.2625799485683441,7.437206828308105,1.983170305633545,1.0,10.0,,,,,0.5658254596710205,0.5658254596710205,,,,16.040408792114256,0.39849664462481144,0.026348803108958468,,0.023598182613510568,1.2313678200077858,0.14513918666085998,0.0005773915999137447,0.014092999024043797,4.886856216533928,,0.0009044644069609216,,74.1570454494209,17.648981920473137,,102.1825226218837,74.16728098681018,23.437673167817913,95.01019952859089,39.19131722419885,16.040388508207478,,0.6846584237305222,,0.08929233044196086,0.25365144716706245,,0.13696757509450244,0.10921906940876298,0.2794325357409799,0.007891863990859812,0.5097183687671735,0.1873948834124644,,,,0.11425,2285.0,0.5843625,0.58840114,0.66497624,0.75815564,0.6006036,0.6069091,0.6820373,0.60425663,0.49980008602142334,0.8155802607536315,0.59375,0.8155802607536315,0.023,23.0,0.2690498114069962,0.2668309822509149,0.2687102626006844,0.34391272663472994,0.32953656851066127,0.3439051710803965,0.34176959851503774,0.333125239969415,0.3330704370112732,-0.027068278450383405,-0.025518835963817786,-0.026870817278799294,-0.021238851801912966,-0.024103601267725164,-0.021214388475659953,-0.02411513168056714,-0.0228103660515563,-0.022716594818426118,0.5575,0.6381818,0.5158915,0.62269735,0.7134146,0.5748032,0.4980315,0.6257576,0.49960002303123474,0.7917446689605713,0.6066499352455139,0.7917446689605713,0.026,26.0,0.30965877359941585,0.3091900768624327,0.3113293851089992,0.3915095979693183,0.3907863160408807,0.4003113054739025,0.35877285390371405,0.3587361575787483,0.3583514378203869,-0.004935410434901774,-0.006135186305773514,-0.004936509671972886,-0.006813660738461385,-0.011100622531585811,-0.009147205863467196,-0.009442130448266257,-0.009782293829714225,-0.01005597774536434,0.6254032,0.5725225,0.70364964,0.66641223,0.5361789,0.53640354,0.6097561,0.5821168,0.49970005452632904,0.8036624648571014,0.600199967622757,0.8036624648571014,0.0245,24.5,0.289354292503206,0.28801052955667383,0.2900198238548418,0.3677111623020241,0.36016144227577096,0.37210823827714945,0.3502712262093759,0.34593069877408167,0.34571093741583003,-0.01600184444264259,-0.01582701113479565,-0.01590366347538609,-0.014026256270187176,-0.017602111899655486,-0.015180797169563574,-0.016778631064416696,-0.016296329940635262,-0.01638628628189523,0.59145164,0.60535216,0.60977054,0.6445548,0.62479675,0.5556034,0.5538938,0.60393715,2026-10-05T17:51:22.491994
88,0.6329925060272217,0.49791982769966125,0.7400298307418823,0.6328979730606079,0.7400298307418823,0.8645995487213135,0.952729626083374,2.8014770263671873,0.24779120388031006,7.153250843811035,1.9885564001083373,1.0,10.0,,,,,0.5529297699928284,0.5529297699928284,,,,16.014672174072267,0.7435411755114224,0.03853486969516091,,0.03389712058973149,1.213450956116816,0.12901950444860064,0.0004355161885321615,0.011406787834278528,5.023067665707534,,0.0005426736345140569,,74.12277173084819,17.619823407215677,,102.18117124715428,74.13242694830438,23.40929562271021,95.00105684122462,39.31682953561187,16.014651972776765,,0.6873779718283635,,0.08981943998936635,0.25426396385879274,,0.13767309173656878,0.10979131144133343,0.28136927003313783,0.007911982738478169,0.5186108783551842,0.18864902948877613,,,,0.11815,2363.0,0.58067364,0.5667137,0.6608162,0.7640403,0.6021612,0.60650504,0.6788984,0.60142565,0.5029500722885132,0.8219770150184631,0.5937500596046448,0.8219770150184631,0.028,28.0,0.2582496865309385,0.2509229061709959,0.2557460234314068,0.3320824991670097,0.32721446242127683,0.33385309733944546,0.2968712108418804,0.29239811738381477,0.29243618746093525,-0.015234222256973162,-0.014379476294188141,-0.01492896423171593,-0.013880609153982934,-0.012657116110854117,-0.013665185055604944,-0.01422620640004625,-0.013704470553907134,-0.014684758191060989,0.535,0.60090905,0.5073644,0.6526316,0.748374,0.5665355,0.51417327,0.6075758,0.4932999908924103,0.8117474308013916,0.5986500382423401,0.8117474308013916,0.031,31.0,0.34083044018068154,0.3404437118712162,0.3416309340888803,0.40655881511355285,0.40207435487997906,0.40627915774586404,0.403606308665001,0.4043715498369603,0.4037714701794525,0.0018333342528008003,0.0005071300719148502,0.0018042503330740424,-0.005003644602612507,-0.0070027989276712065,-0.00774991430861953,-0.0032245374648622025,-0.0032519952942468493,-0.003410893588388632,0.5826613,0.5545045,0.64270073,0.68854964,0.5479675,0.54385966,0.63536584,0.5770073,0.49812503159046173,0.8168622229099274,0.5962000489234924,0.8168622229099274,0.0295,29.5,0.29954006335581,0.29568330902110607,0.29868847876014354,0.3693206571402813,0.36464440865062797,0.3700661275426548,0.3502387597534407,0.3483848336103875,0.34810382882019386,-0.006700444002086181,-0.006936173111136645,-0.006562356949320944,-0.009442126878297721,-0.009829957519262661,-0.010707549682112237,-0.008725371932454226,-0.00847823292407699,-0.00904782588972481,0.5588306,0.5777068,0.5750326,0.67059064,0.6481707,0.5551976,0.57476956,0.59229153,2026-10-05T17:55:46.899507
89,0.6321423053741455,0.5005201697349548,0.7426985148429871,0.6322453022003174,0.7426985148429871,0.8519701319694519,0.9386969410896301,2.6800388525009153,0.28339902102947234,7.537893570709229,1.9489509906768798,1.0,10.0,,,,,0.6640116405487061,0.6640116405487061,,,,15.989798666381835,0.8854110281036538,0.04707388903435533,,0.04283852381691052,1.0994242987814982,0.15466576563135073,0.0007398725213122608,0.020089480708572704,4.979884382266148,,0.0013097768355083835,,74.08799053605195,17.59752379253412,,102.19179155872126,74.09811829002041,23.380176289066387,95.00480637277008,39.345494895983656,15.98977785657166,,0.6673182548990675,,0.0904408111503929,0.2558380082534377,,0.13892455674280788,0.11034533557049028,0.2830238042363695,0.007917552646605453,0.5225732170852126,0.19011007268337687,,,,0.1365,2730.0,0.58331996,0.5725534,0.66636294,0.7497828,0.6070483,0.6074141,0.6678817,0.6015682,0.49034997820854187,0.797440767288208,0.6036499738693237,0.797440767288208,0.031,31.0,0.24273359236655473,0.24489146053130129,0.24098735153671733,0.2854308680921531,0.2939255608069801,0.2906462240563006,0.3062058492965782,0.3063201791123857,0.30589290608535435,-0.026660464902473306,-0.026048878564943406,-0.026177736612433486,-0.018148293352367378,-0.018841476881165848,-0.020237141033623427,-0.01959853452010872,-0.01957952963502717,-0.01966511999599987,0.5795,0.6454545,0.51976746,0.6332237,0.72113824,0.5937008,0.50826776,0.62689394,0.5051999688148499,0.7818389930725098,0.6111500859260559,0.7818389930725098,0.039,39.0,0.3289368382446513,0.32837096922326003,0.3280640735483597,0.40078249454148546,0.3891775649697842,0.39115377109320293,0.3785571652177004,0.3780986123563758,0.3774601575527081,-0.011526002257672424,-0.01108030468717628,-0.01170157274377457,-0.012922420772117782,-0.012604325748104087,-0.011723460360527857,-0.01361410845034603,-0.013569578609889497,-0.01377229826351893,0.6306452,0.5698198,0.6959854,0.6759542,0.5390244,0.55526316,0.62479675,0.57919705,0.49777497351169586,0.7896398801803589,0.6074000298976898,0.7896398801803589,0.035,35.0,0.285835215305603,0.28663121487728066,0.2845257125425385,0.3431066813168193,0.3415515628883822,0.34089999757475176,0.3423815072571393,0.34220939573438075,0.34167653181903124,-0.019093233580072866,-0.01856459162605984,-0.018939654678104028,-0.015535357062242579,-0.01572290131463497,-0.015980300697075643,-0.016606321485227376,-0.016574554122458333,-0.0167187091297594,0.6050726,0.60763717,0.6078764,0.65458894,0.6300813,0.57448196,0.56653225,0.60304546,2026-10-05T18:00:20.095977
90,0.6319977641105652,0.5006299018859863,0.7420880548477173,0.6325774788856506,0.7420880548477173,0.8621276964187622,0.9499831254959107,2.81533825340271,0.2652245904684067,7.966246832275391,1.9984699708938598,1.0,10.0,,,,,0.7169457369804383,0.7169457369804383,,,,15.964021626281738,0.4253600742905193,0.029487856930332366,,0.028323233213607864,1.166402383594756,0.15438698203700363,0.0006439091342428675,0.01756621882094035,5.164454923313894,,0.0008780179791437769,,74.0525305681168,17.581947521039634,,102.18790270568459,74.06507586825425,23.352615125619682,95.00953402185137,39.368343620543264,15.964003095201626,,0.6923517725270265,,0.09104627461000613,0.2575725823830647,,0.1395857583755141,0.11104081580593328,0.2852699604763347,0.007947856364593765,0.5262136542873018,0.19164071587999915,,,,0.1261,2522.0,0.5815758,0.5780306,0.67466325,0.7547986,0.5985397,0.60555553,0.66729444,0.598167,0.5077000260353088,0.8016124906539916,0.6023500561714172,0.8016124906539916,0.027,27.0,0.23613811783677957,0.23070407404226084,0.23301990469383763,0.3192514458127182,0.2813616615749257,0.3037900714179722,0.3123965251536715,0.3113230773794297,0.31202843932801605,-0.029182660036822333,-0.025700978744284408,-0.02812103246460151,-0.018026525888336208,-0.019984038992178665,-0.01903302527318944,-0.02201714430067362,-0.021834351448989195,-0.02156141412621769,0.59,0.6545454,0.5054264,0.6223684,0.72113824,0.57992125,0.51692915,0.6329546,0.49855002760887146,0.7846243171691895,0.6103000044822693,0.7846243171691895,0.027,27.0,0.3302482610491274,0.3333064345561627,0.3312409498326459,0.40204238070342396,0.40895574198007273,0.40362409602638105,0.3923845852219814,0.3919766553441162,0.392390756264897,0.004578754516771931,0.00502947478631808,0.004576891049007103,-0.0018582837943448536,-0.0032237679888682067,-0.002778006162661854,-0.0014644774191982476,-0.001773593090249412,-0.0018560615079371353,0.62459683,0.5720721,0.71861315,0.67175573,0.5345529,0.55921054,0.61422765,0.56824815,0.5031250268220901,0.7931184039115906,0.6063250303268433,0.7931184039115906,0.027,27.0,0.28319318944295346,0.28200525429921175,0.2821304272632418,0.3606469132580711,0.3451587017774992,0.35370708372217663,0.35239055518782647,0.351649866361773,0.35220959779645655,-0.0123019527600252,-0.010335751978983164,-0.011772070707797204,-0.00994240484134053,-0.011603903490523437,-0.010905515717925647,-0.011740810859935934,-0.011803972269619304,-0.011708737817077413,0.6072984,0.6133088,0.6120198,0.64706206,0.6278455,0.5695659,0.5655784,0.6006014,2026-10-05T18:04:53.460772
91,0.6363601088523865,0.5010427236557007,0.7338582756996155,0.6365999579429626,0.7338582756996155,0.8593799180030822,0.9469300379753113,2.7614953952789305,0.24831216807365417,7.346334590148926,1.9844150894165038,1.0,10.0,,,,,0.6934989148139954,0.6934989148139954,,,,15.938505456542968,0.40420473226980796,0.031077468448176174,,0.03097363338868021,1.1881903539038008,0.1454534408915195,0.0005844598784330924,0.016218485773369005,5.1888698263532795,,0.0011442163329566666,,74.01791547058494,17.562621244199715,,102.19181794573547,74.03141945031038,23.324174552966074,95.01030716622711,39.36864281915555,15.938488170599483,,0.6853382982266177,,0.09166785448220126,0.2588656537092415,,0.14064215892439436,0.11168039101324263,0.2871750259095696,0.00795791657036467,0.5287923000420734,0.1930202302659393,,,,0.1264,2528.0,0.59621096,0.5784736,0.67141443,0.75764215,0.6024727,0.6129697,0.67525315,0.59643584,0.48864996433258057,0.8062304148674011,0.6004500985145569,0.8062304148674011,0.028,28.0,0.2702165595177511,0.2673927665523113,0.27021807137490994,0.3318209772721006,0.34064884597932144,0.3317321271505265,0.35138992213977444,0.3511267452598166,0.35122940125283375,-0.042792669204568194,-0.042434032805292586,-0.04271174541203129,-0.024451297352471344,-0.024125666019453595,-0.024559356455125667,-0.035030550144753474,-0.03556295927287607,-0.03516869608877164,0.5895,0.6495455,0.5205426,0.61907893,0.7085366,0.572441,0.50708663,0.64053035,0.5087999701499939,0.7874714770317077,0.6113499999046326,0.7874714770317077,0.022,22.0,0.35778293686457624,0.35504808824321793,0.3578214208562158,0.4390686388375924,0.42775592087988273,0.43517985176271623,0.4242541444455632,0.4243562761442269,0.42345831156342983,0.0005589526453257743,0.00021202747644487197,0.0003801553860291516,-0.002671393352283176,-0.009980626542051027,-0.004199287489616847,-0.0027132622387077278,-0.0031259040663571395,-0.003146599763404513,0.6362903,0.58243245,0.72591245,0.65076333,0.5296748,0.5605263,0.6081301,0.57846713,0.49872496724128723,0.7968509459495544,0.6059000492095947,0.7968509459495544,0.025,25.0,0.31399974819116366,0.3112204273977646,0.3140197461155629,0.3854448080548465,0.3842023834296021,0.3834559894566214,0.38782203329266884,0.38774151070202173,0.3873438564081318,-0.02111685827962121,-0.021111002664423856,-0.02116579501300107,-0.01356134535237726,-0.017053146280752312,-0.014379321972371257,-0.0188719061917306,-0.019344431669616604,-0.019157647926088078,0.61289513,0.61598897,0.62322754,0.63492113,0.6191057,0.5664836,0.55760837,0.60949874,2026-10-05T18:09:25.444155
92,0.6334695816040039,0.501022219657898,0.7395232849121094,0.6335172653198242,0.7395232849121094,0.8636789427757263,0.9517067268371582,2.7261185832977297,0.2560061155796051,7.825276718139649,1.9946536294937134,1.0,10.0,,,,,0.7265600631713868,0.7265600631713868,,,,15.913687881469727,0.6483896445649066,0.030837746859164048,,0.03174147480293504,1.210213798246566,0.16114963213824163,0.000559353610726109,0.017332605489642376,5.532601790822995,,0.0006236454468609017,,73.98263093012913,17.533610155627986,,102.18733322240745,73.9974960521528,23.29732575386193,95.01079875192825,39.40209929350835,15.913667205033029,,0.6904787075747351,,0.09228385410680892,0.25930260833661267,,0.14138228517429086,0.11227080420513821,0.2890691804658076,0.008063913085705535,0.5329343779071881,0.19441685137475373,,,,0.12105,2421.0,0.5803128,0.57676196,0.6727813,0.75236964,0.6051207,0.6117576,0.6686108,0.5983707,0.5056000351905823,0.8061803741455078,0.5988499522209167,0.8061803741455078,0.034,34.0,0.2882282529148234,0.2860396239116569,0.2882771489865699,0.39348174772191247,0.39602761856673874,0.39348174772191247,0.3773441475064553,0.37729032906114124,0.37729032906114124,-0.024914369794398778,-0.024932799025539885,-0.024913628568370212,-0.017975632243377542,-0.017715474475864343,-0.017975632243377542,-0.02378426147072635,-0.02379664683016665,-0.02379664683016665,0.583,0.66681814,0.51627904,0.6108553,0.7065041,0.5901575,0.4948819,0.62916666,0.4859999716281891,0.7813427515029907,0.6114500761032104,0.7813427515029907,0.037,37.0,0.3584746930471459,0.35632183245375804,0.3594389544453622,0.4269363386828135,0.4169580034727174,0.4268069270735772,0.4093427806764543,0.40912611095881524,0.4091560764018687,-0.0007460798602696571,-0.0009855448331418607,-0.0006367357411154334,0.0001993944093917586,-0.0038033692124848566,-2.608066126913517e-05,0.0026365563914026915,0.002481893270255095,0.0026557222069949317,0.6282258,0.572973,0.710219,0.66488546,0.5353658,0.577193,0.6093496,0.57627743,0.4958000034093857,0.7937615628242493,0.6051500141620636,0.7937615628242493,0.035500000000000004,35.5,0.32335147298098466,0.3211807281827075,0.32385805171596604,0.41020904320236296,0.40649281101972806,0.4101443373977448,0.3933434640914548,0.39320822000997824,0.39322320273150496,-0.012830224827334218,-0.012959171929340874,-0.012775182154742822,-0.008888118916992892,-0.0107594218441746,-0.009000856452323338,-0.01057385253966183,-0.010657376779955777,-0.010570462311585859,0.6056129,0.6198956,0.61324906,0.6378704,0.62093496,0.58367527,0.55211574,0.60272205,2026-10-05T18:13:57.483817
93,0.6328703165054321,0.5007275938987732,0.7397634387016296,0.6332170963287354,0.7397634387016296,0.8657006506919861,0.9539530701637268,2.7428254064559936,0.272809716629982,8.300607751464844,1.997175186920166,1.0,10.0,,,,,0.7438795296669006,0.7438795296669006,,,,15.888318476867676,0.43261151033554485,0.026990041211262274,,0.023491316597321468,1.2028724547404392,0.14500023633431477,0.0003955016480547459,0.013857293874025345,5.104787607861173,,0.0005433790560241823,,73.94726533343078,17.507361260189374,,102.1769029167807,73.96350019904459,23.26892970625762,95.01005515323322,39.38260016471717,15.88829807718848,,0.6917365648943907,,0.09275428091834305,0.2600212319261709,,0.14174613774202433,0.1128517296758427,0.290792360617097,0.008119101268328299,0.5345525236646081,0.1957179595520542,,,,0.12105,2421.0,0.5815557,0.57027787,0.6636094,0.75754344,0.6063668,0.61337376,0.6742203,0.5967413,0.4926999509334564,0.8114297590255737,0.5954500436782837,0.8114297590255737,0.028,28.0,0.2642516844214062,0.2610378717153828,0.26417744183645664,0.3277003779418851,0.32835868831507803,0.3277003779418851,0.3384001518960909,0.3384001518960909,0.3384001518960909,-0.039255544151629754,-0.03943292397976096,-0.039220453679043706,-0.03230982760196164,-0.032047826107368255,-0.03230982760196164,-0.030634756394421283,-0.030634756394421283,-0.030634756394421283,0.5655,0.6468182,0.5158915,0.62532896,0.72113824,0.5866142,0.496063,0.60568184,0.503849983215332,0.7953402190208435,0.6041499376296997,0.7953402190208435,0.038,38.0,0.3392613001662437,0.3363007932100519,0.3394891210977983,0.3953843403488908,0.4039076923331492,0.3994249906963893,0.3992572573062566,0.39899790773498844,0.399186983768973,-0.012207656453682778,-0.012373157906267864,-0.01211821026271037,-0.009297149567542306,-0.010756484117178982,-0.010186167953254466,-0.008210677412533339,-0.008260851475461376,-0.008294799727928992,0.62096775,0.5540541,0.6832117,0.6675573,0.5333333,0.5587719,0.61422765,0.5821168,0.4982749670743942,0.8033849890232085,0.5997999906539917,0.8033849890232085,0.033,33.0,0.30175649229382495,0.2986693324627173,0.30183328146712746,0.36154235914538796,0.3661331903241136,0.3635626843191372,0.3688287046011738,0.3686990298155397,0.3687935678325319,-0.025731600302656265,-0.025903040943014412,-0.02566933197087704,-0.02080348858475197,-0.02140215511227362,-0.021247997777608052,-0.01942271690347731,-0.01944780393494133,-0.019464778061175136,0.5932339,0.60043615,0.59955156,0.6464431,0.6272358,0.57269305,0.5551453,0.5938993,2026-10-05T18:18:11.299698
94,0.6362050771713257,0.4987069368362427,0.7338234755516052,0.6364750266075134,0.7338234755516052,0.867221492099762,0.9556428980827332,2.7580726261138917,0.2559366159439087,8.487285875701904,1.9878037281036376,1.0,10.0,,,,,0.7429881754875183,0.7429881754875183,,,,15.8630115234375,0.47897852351444115,0.027465177812353282,,0.02555514497802575,1.2211787962609795,0.1450157094106173,0.00046694183031246837,0.014814729603588771,5.4683166765103675,,0.0007212848381612415,,73.91350088909174,17.486263639608005,,102.16712110968912,73.92970198127115,23.23924587031079,95.00740051269531,39.37012642052523,15.862992523582118,,0.6870344026832823,,0.09341095663180017,0.26113700411122315,,0.1419292568780814,0.11340139815761785,0.29246647456649005,0.008137627208166442,0.5365498798668005,0.19708527529695233,,,,0.11845,2369.0,0.5849639,0.57913816,0.6615095,0.7631517,0.6051012,0.6171111,0.67565817,0.60334015,0.4944000244140625,0.8004499111175537,0.6009501218795776,0.8004499111175537,0.029,29.0,0.2532522965746673,0.2535457786607539,0.25328943726120057,0.34881262106433053,0.34799353570122005,0.3477652921510305,0.3614640001845055,0.36176356677301486,0.36136254189828343,-0.05726197517465965,-0.055633463410949574,-0.057159612059138616,-0.04297174261543184,-0.04246370892870774,-0.042561977678766155,-0.04548084397609255,-0.04534139580716586,-0.04552265088777231,0.5975,0.65,0.5325582,0.6200658,0.71178865,0.5728347,0.50433075,0.6242424,0.4950500428676605,0.7801166338920593,0.6116499900817871,0.7801166338920593,0.033,33.0,0.34240561310986367,0.33837183378469937,0.3421263289385895,0.42723408766570825,0.4279600203641396,0.4295126157215298,0.4214521689339232,0.4201757180787866,0.4207061498110033,-0.0025870232894474555,-0.002751611158025907,-0.0025966550254878026,-0.0006243078897899861,-0.002158542036523208,-0.0007556383607974665,0.0026797767052126375,0.0025020953549244147,0.0022873263932743702,0.6282258,0.5698198,0.7087591,0.66526717,0.5357724,0.5671053,0.61341465,0.58576643,0.4947250336408615,0.7902832725048066,0.6063000559806824,0.7902832725048066,0.031,31.0,0.29782895484226546,0.29595880622272663,0.29770788309989504,0.3880233543650194,0.3879767780326798,0.3886389539362802,0.3914580845592143,0.3909696424259007,0.39103434585464336,-0.02992449923205355,-0.02919253728448774,-0.02987813354231321,-0.021798025252610913,-0.022311125482615473,-0.02165880801978181,-0.021400533635439953,-0.021419650226120725,-0.02161766224724897,0.61286294,0.6099099,0.62065864,0.64266646,0.6237805,0.56997,0.5588727,0.60500443,2026-10-05T18:22:23.811313
95,0.6348524689674377,0.504024863243103,0.7364946296691894,0.6347302198410034,0.7364946296691894,0.8692339665412903,0.9578789804458618,2.8356456745147707,0.25342673654556275,8.673048834228515,1.9975744161605835,1.0,10.0,,,,,0.7876092104911804,0.7876092104911804,,,,15.83865379486084,0.37851321229201024,0.022758422114487416,,0.019623760113961237,1.1974461583574867,0.13703842903635685,0.00032796024977545414,0.010765320410845197,5.283741294578382,,0.0005050126716813775,,73.8789976083549,17.470547074724916,,102.15671417819466,73.89601188708262,23.208728450119114,95.0042353344571,39.34501740279471,15.838634764312939,,0.6919268445604166,,0.09403607334680618,0.26311914214662685,,0.14201701911771372,0.11395938267373736,0.2938798039582125,0.00812887240818162,0.5379120415183389,0.19840155010390434,,,,0.11585,2317.0,0.58744985,0.5755336,0.6649168,0.7566548,0.5986176,0.61634344,0.6724585,0.60421586,0.48899996280670166,0.7874886903762818,0.608299970626831,0.7874886903762818,0.031,31.0,0.23825600912011513,0.2345630225487856,0.23775888774510182,0.33149499250180453,0.3250797680840301,0.3313144655553713,0.28788002738650365,0.2882532875685901,0.28746419067593,-0.035199848976607766,-0.033908332846768634,-0.03518797929520616,-0.023757877359821954,-0.01966271281992975,-0.02370689955378902,-0.02016429739349183,-0.02043071604545711,-0.020066447111373297,0.592,0.6709091,0.53023255,0.6134868,0.7004065,0.6110236,0.50905514,0.6458333,0.5021999478340149,0.7772162623405456,0.6144499182701111,0.7772162623405456,0.031,31.0,0.30510454627284245,0.3050671466119522,0.3055920476616523,0.393125990631732,0.4011188011101436,0.39204265264614857,0.3767462777366635,0.3775706209264449,0.3767719652076176,-0.009297051301816765,-0.009377858162697976,-0.009197096006724585,-0.006408199745191728,-0.003809188148253427,-0.007107680274014767,-0.00442793121587328,-0.00437532534073408,-0.004441301532463976,0.6391129,0.5837838,0.71496356,0.6541985,0.5369919,0.57500005,0.60325205,0.5908759,0.4955999553203583,0.7823524763584138,0.6113749444484711,0.7823524763584138,0.031,31.0,0.2716802776964788,0.2698150845803689,0.2716754677033771,0.36231049156676826,0.36309928459708685,0.36167855910075997,0.33231315256158356,0.3329119542475175,0.3321180779417738,-0.022248450139212266,-0.021643095504733305,-0.02219253765096537,-0.01508303855250684,-0.01173595048409159,-0.015407289913901894,-0.012296114304682556,-0.012403020693095594,-0.012253874321918636,0.6155565,0.62734646,0.62259805,0.6338427,0.6186992,0.59301186,0.5561536,0.6183546,2026-10-05T18:26:58.583607
96,0.6342276930809021,0.501107394695282,0.7377160072326661,0.6345096826553345,0.7377160072326661,0.8732869723320007,0.9623823164939881,2.895986967086792,0.24763185362815857,8.606650535583496,1.999719539642334,1.0,10.0,,,,,0.7985821978569031,0.7985821978569031,,,,15.81453913269043,0.4604123462952531,0.0231523730765782,,0.018598680727400337,1.1958821955000518,0.13457771900827717,0.00024364698696051053,0.009176473271184761,5.157497970921219,,0.0005106912368973777,,73.84342213041464,17.44642297781197,,102.14666417601761,73.86186291154023,23.18103714961155,95.00430983039224,39.30504911872232,15.81451969389703,,0.6930054114882354,,0.09459782216199644,0.26398691041454386,,0.14252360241048656,0.11448017417625257,0.29543534224959694,0.008154246208679144,0.538521245027044,0.1997940145480405,,,,0.1117,2234.0,0.5959503,0.57710433,0.6745642,0.7503752,0.5976441,0.609697,0.6697651,0.59918535,0.497450053691864,0.7961360893249512,0.604400098323822,0.7961360893249512,0.027,27.0,0.24189388879573318,0.24159609323953046,0.24163336808575098,0.34059418303936345,0.33873016287883684,0.3385628336853618,0.30441009190060303,0.30561129544399374,0.3042570123846944,-0.038918118448828434,-0.03842853797930979,-0.03851530748123991,-0.032949770957384765,-0.02996716443886175,-0.03236906254539538,-0.02861432451498098,-0.02768748663532068,-0.027132535466970795,0.59650004,0.66409093,0.56782943,0.60723686,0.69065046,0.5822835,0.50511813,0.62954545,0.5023999810218811,0.7787113628387451,0.6137499809265137,0.7787113628387451,0.025,25.0,0.30472743052840473,0.3021793715840654,0.3058762275497388,0.39797723782524874,0.3979521445284707,0.3965236473227303,0.38175869628539577,0.3822637533278696,0.3814159954236944,-0.005259977282267019,-0.006351171375872432,-0.0051650386116302086,0.007482908267752216,0.004915926787111461,0.00519174555102286,0.004869157310392799,0.0046115078719525,0.0045232433711688905,0.6387097,0.59864867,0.7215328,0.65114504,0.5256098,0.5719299,0.599187,0.5868613,0.49992501735687256,0.7874237260818482,0.6090750396251678,0.7874237260818482,0.026000000000000002,26.0,0.27331065966206897,0.2718877324117979,0.2737547978177449,0.36928571043230607,0.3683411537036538,0.3675432405040461,0.3430843940929994,0.34393752438593167,0.3428365039041944,-0.022089047865547728,-0.022389854677591112,-0.021840173046435058,-0.012733431344816274,-0.012525618825875145,-0.01358865849718626,-0.011872583602294092,-0.011537989381684089,-0.011304646047900952,0.61760485,0.6313698,0.6446811,0.6291909,0.6081301,0.5771067,0.5521526,0.6082034,2026-10-05T18:31:33.877373
97,0.6347324848175049,0.4989175796508789,0.7383295969963074,0.6352875232696533,0.7383295969963074,0.8679111547470093,0.956409187412262,2.8181399154663085,0.23320684254169463,8.13821995010376,1.999837110900879,1.0,10.0,,,,,0.783407527065277,0.783407527065277,,,,15.790348979187012,0.4590534732149095,0.023918024570329686,,0.019506385224755663,1.186004842542539,0.15274979614290843,0.0003183354022260162,0.011463900270225232,6.434741405924415,,0.0004292295293655961,,73.80829562047485,17.433691753703318,,102.14117562846774,73.82749326669486,23.155072121103856,95.00777095138648,39.25767162347295,15.790328718294763,,0.6930647294992095,,0.09511906449582166,0.26611069850860886,,0.14289694018424695,0.11504710731422825,0.2971419874270251,0.008174935320190563,0.5387034628801285,0.20109863892482344,,,,0.11355,2271.0,0.5850642,0.5810512,0.6689184,0.7595972,0.5969237,0.61830306,0.67470634,0.5959878,0.5022000670433044,0.8062717924118042,0.6006999611854553,0.8062717924118042,0.031,31.0,0.274065389400587,0.2782729519604385,0.2744049203382475,0.3356340504482877,0.34804525620045407,0.35178754502913084,0.34144429781964736,0.3426705451615736,0.3417738080240313,-0.024515216628812262,-0.021277945863277234,-0.023949131836591524,-0.014029248281322309,-0.02282620534511172,-0.008788892542276347,-0.020959207334485898,-0.021166924221286132,-0.021065401347914983,0.589,0.6440909,0.5294574,0.6246711,0.7142276,0.57007873,0.50905514,0.6272727,0.4866499602794647,0.7860902590751648,0.6117000579833984,0.7860902590751648,0.028,28.0,0.34657963092019933,0.34426338040742077,0.3477841695613002,0.4087940002201738,0.4114547339216068,0.412959818911609,0.3978163378798344,0.39723388102291785,0.3977904888046948,-0.007535186756969684,-0.008638999334436114,-0.007642776162984164,-0.00403650518959027,-0.006458426221029866,-0.006053874530137484,-0.0053118883846370235,-0.00561157286811481,-0.005934364653347895,0.6262097,0.57747746,0.7094891,0.6656489,0.52276427,0.57894737,0.61422765,0.5817519,0.4944250136613846,0.7961810257434845,0.6062000095844269,0.7961810257434845,0.0295,29.5,0.31032251016039314,0.3112681661839296,0.31109454494977384,0.37221402533423076,0.37974999506103047,0.3823736819703699,0.3696303178497409,0.3699522130922457,0.3697821484143631,-0.016025201692890973,-0.014958472598856673,-0.015795953999787844,-0.009032876735456288,-0.014642315783070792,-0.007421383536206916,-0.013135547859561461,-0.013389248544700472,-0.013499883000631438,0.60760486,0.6107842,0.6194732,0.64515996,0.61849594,0.5745131,0.5616414,0.60451233,2026-10-05T18:36:07.426744
98,0.6338851451873779,0.4985128343105316,0.7409576703071594,0.6339174509048462,0.7409576703071594,0.8611247957229614,0.9488687870979309,2.7039986763000488,0.2175598963499069,7.686186264801026,1.9971941980361938,1.0,10.0,,,,,0.7320883031845092,0.7320883031845092,,,,15.765852366638184,0.4569065806657598,0.03264720121396344,,0.0218025967399041,1.1597155609707923,0.14924814154625318,0.0003278006731486541,0.012182906906233188,6.086567256860672,,0.00035882959160795264,,73.77308669363617,17.41414020319653,,102.13076276839918,73.7935320617287,23.12835134518374,95.00958295688508,39.21462772150708,15.765832585134325,,0.6917482944810467,,0.09556484815611202,0.26765823819834716,,0.14288848277869498,0.11562466692582817,0.29874957443042927,0.008204808049378502,0.5390829986827389,0.2022151427853639,,,,0.11935,2387.0,0.5768645,0.57829237,0.6634707,0.7587678,0.5997274,0.61426264,0.67646825,0.6017719,0.4939500689506531,0.8050695133209228,0.6045000553131104,0.8050695133209228,0.027,27.0,0.24648831881608196,0.24791813496944082,0.24814276723026144,0.3184761430804806,0.31625843512580665,0.31973452182469336,0.32948187555287084,0.32906141402755856,0.3277164051247738,-0.042281393135696635,-0.041552805590524475,-0.04164316122636817,-0.040119959982924086,-0.03680369843928267,-0.04109168068530745,-0.033723276676175126,-0.033720616022919994,-0.033698327050956996,0.591,0.62454545,0.54883724,0.62269735,0.72154474,0.57716537,0.5153544,0.6344697,0.4936999976634979,0.7957886123657226,0.609250009059906,0.7957886123657226,0.027,27.0,0.3298115914174604,0.3283703796800287,0.332630617686875,0.38399303393387435,0.37660581377268604,0.3776804388626652,0.3781496204480079,0.3778998709427386,0.3782672407039893,0.008751350318011107,0.008038085630646036,0.008463976042865248,0.004643575604179786,0.0005249169477884051,0.004319402401853803,0.00325000449160532,0.002986115954424384,0.0019418897162832621,0.625,0.58018017,0.6989051,0.6816794,0.53211385,0.552193,0.61382115,0.57226276,0.4938250333070755,0.8004290628433227,0.6068750321865082,0.8004290628433227,0.027,27.0,0.2881499551167712,0.28814425732473475,0.29038669245856824,0.3512345885071775,0.3464321244492463,0.34870748034367927,0.35381574800043936,0.35348064248514854,0.3529918229143816,-0.016765021408842763,-0.01675735997993922,-0.01658959259175146,-0.01773819218937215,-0.018139390745747132,-0.018386139141726824,-0.015236636092284903,-0.015367250034247805,-0.015878218667336866,0.60800004,0.6023628,0.6238712,0.6521884,0.62682927,0.56467915,0.5645878,0.60336626,2026-10-05T18:40:42.396465
99,0.632820188999176,0.4981498122215271,0.7434905933380127,0.6326174736022949,0.7434905933380127,0.8604737138748169,0.9481453691482544,2.7111616455078127,0.21913355693817138,7.510742413330078,1.9967917449951171,1.0,10.0,,,,,0.6907968894004822,0.6907968894004822,,,,15.742161247253417,0.8068980807764752,0.057277095783279414,,0.03793321110480198,1.1348155767295012,0.1434138442395599,0.00036306237774288617,0.01169581479944621,5.839857503107399,,0.0006437193673391564,,73.73851042340516,17.393214171099814,,102.12699263262901,73.7595697876754,23.106750561173556,95.01138028673306,39.20296485560715,15.742142355366118,,0.6915359614761012,,0.09602536479378962,0.26951229610260885,,0.14335974661787604,0.11615488483647632,0.3009615948625431,0.008208291189875573,0.5409455667635438,0.20353892787246947,,,,0.12035,2407.0,0.5790898,0.57859445,0.66117275,0.7586888,0.60617214,0.6074141,0.67075735,0.5969654,0.49340003728866577,0.8238393077850342,0.5916000008583069,0.8238393077850342,0.025,25.0,0.14783744827932785,0.14177169703822837,0.14552514518393952,0.2088419571437862,0.17138981810989637,0.1955585506094384,0.2096110149992591,0.2049683396427148,0.2031632026858127,0.0003625307410819218,0.001295971243381459,0.0006528747722844751,0.0032682037351582692,0.0005558189835534049,-0.005096084907830474,0.0034646466067608916,0.004745453250761844,0.0032978956174156177,0.535,0.64727277,0.5034884,0.6236842,0.7121951,0.5822835,0.5031496,0.6189394,0.4997999966144562,0.8044662747383118,0.6007000207901001,0.8044662747383118,0.026,26.0,0.31796880183253123,0.3163836409625536,0.3184394365517306,0.3774387575741612,0.36253673602442077,0.37484695568368187,0.3944351023772587,0.39472399085011595,0.39475915401192674,-0.009497848607920599,-0.010002026576003298,-0.009521093872859253,-0.013163477534776511,-0.016799687208454775,-0.013891623336677641,-0.009125173360777523,-0.009544192988079203,-0.009112683278419161,0.61290324,0.5702703,0.6963504,0.6603053,0.54471546,0.5390351,0.599187,0.5645985,0.496600016951561,0.8141527912616731,0.5961500108242035,0.8141527912616731,0.025500000000000002,25.5,0.23290312505592953,0.229077669000391,0.23198229086783506,0.2931403573589737,0.26696327706715856,0.28520275314656013,0.3020230586882589,0.2998461652464154,0.2989611783488697,-0.004567658933419339,-0.004353027666310919,-0.004434109550287389,-0.004947636899809121,-0.008121934112450685,-0.009493854122254057,-0.0028302633770083156,-0.00239936986865868,-0.002907393830501772,0.5739516,0.60877156,0.59991944,0.6419948,0.6284553,0.5606593,0.5511683,0.591769,2026-10-05T18:45:16.777227
