epoch,train_eval_mode_acc,train_shuffled_message_acc,train_loss,train_acc,train_combined_loss,train_realised_survival,train_unmixed_survival,train_logit_margin,train_logit_prior_share,train_logit_spread,train_logit_scale,train_sampling_tau,train_pool_effective_examples,train_pool_score_norm,train_pool_score_sd,train_prototyper_mix_share,train_prototyper_within_share,train_referent_spread,train_referent_spread_backbone,train_polarity_separation,train_score_scale,train_score_bias,train_bilinear_weight_norm,train_clip_sender_vision,train_clip_sender_adapter,train_clip_sender_prototyper,train_clip_sender_language_model,train_clip_receiver_vision,train_clip_receiver_adapter,train_clip_receiver_token_embedding,train_clip_receiver_language_model,train_clip_receiver_discriminator,train_clip_log_score_scale,train_clip_log_logit_scale,train_clip_other,train_weight_sender_vision,train_weight_sender_adapter,train_weight_sender_prototyper,train_weight_sender_language_model,train_weight_receiver_vision,train_weight_receiver_adapter,train_weight_receiver_token_embedding,train_weight_receiver_language_model,train_weight_receiver_discriminator,train_weight_log_score_scale,train_weight_log_logit_scale,train_weight_other,train_drift_sender_vision,train_drift_sender_adapter,train_drift_sender_prototyper,train_drift_sender_language_model,train_drift_receiver_vision,train_drift_receiver_adapter,train_drift_receiver_token_embedding,train_drift_receiver_language_model,train_drift_receiver_discriminator,train_drift_log_score_scale,train_drift_log_logit_scale,train_drift_other,train_unique_message_fraction,train_unique_message_count,train_acc_md_and_color_color,train_acc_md_or_color_color,train_acc_md_color,train_acc_md_shape,train_acc_md_and_shape_shape,train_acc_md_and_color_shape,train_acc_md_or_shape_shape,train_acc_md_or_color_shape,test_shuffled_message_acc,test_loss,test_acc,test_combined_loss,test_unique_message_fraction,test_unique_message_count,test_topsim_s1,test_topsim_s2,test_topsim_s3,test_topsim_s4,test_topsim_s5,test_topsim_s6,test_topsim_s1_static,test_topsim_s2_static,test_topsim_s3_static,test_topsim_gt_s1,test_topsim_gt_s2,test_topsim_gt_s3,test_topsim_gt_s4,test_topsim_gt_s5,test_topsim_gt_s6,test_topsim_gt_s1_static,test_topsim_gt_s2_static,test_topsim_gt_s3_static,test_acc_md_and_color_color,test_acc_md_or_color_color,test_acc_md_color,test_acc_md_shape,test_acc_md_and_shape_shape,test_acc_md_and_color_shape,test_acc_md_or_shape_shape,test_acc_md_or_color_shape,test_same_shuffled_message_acc,test_same_loss,test_same_acc,test_same_combined_loss,test_same_unique_message_fraction,test_same_unique_message_count,test_same_topsim_s1,test_same_topsim_s2,test_same_topsim_s3,test_same_topsim_s4,test_same_topsim_s5,test_same_topsim_s6,test_same_topsim_s1_static,test_same_topsim_s2_static,test_same_topsim_s3_static,test_same_topsim_gt_s1,test_same_topsim_gt_s2,test_same_topsim_gt_s3,test_same_topsim_gt_s4,test_same_topsim_gt_s5,test_same_topsim_gt_s6,test_same_topsim_gt_s1_static,test_same_topsim_gt_s2_static,test_same_topsim_gt_s3_static,test_same_acc_md_and_color_color,test_same_acc_md_or_color_color,test_same_acc_md_color,test_same_acc_md_shape,test_same_acc_md_and_shape_shape,test_same_acc_md_and_color_shape,test_same_acc_md_or_shape_shape,test_same_acc_md_or_color_shape,test_avg_shuffled_message_acc,test_avg_loss,test_avg_acc,test_avg_combined_loss,test_avg_unique_message_fraction,test_avg_unique_message_count,test_avg_topsim_s1,test_avg_topsim_s2,test_avg_topsim_s3,test_avg_topsim_s4,test_avg_topsim_s5,test_avg_topsim_s6,test_avg_topsim_s1_static,test_avg_topsim_s2_static,test_avg_topsim_s3_static,test_avg_topsim_gt_s1,test_avg_topsim_gt_s2,test_avg_topsim_gt_s3,test_avg_topsim_gt_s4,test_avg_topsim_gt_s5,test_avg_topsim_gt_s6,test_avg_topsim_gt_s1_static,test_avg_topsim_gt_s2_static,test_avg_topsim_gt_s3_static,test_avg_acc_md_and_color_color,test_avg_acc_md_or_color_color,test_avg_acc_md_color,test_avg_acc_md_shape,test_avg_acc_md_and_shape_shape,test_avg_acc_md_and_color_shape,test_avg_acc_md_or_shape_shape,test_avg_acc_md_or_color_shape,timestamp
0,0.5301876664161682,0.49977031350135803,0.9737620342254638,0.5287020802497864,0.9737620342254638,0.38028524515628814,0.4146026422262192,1.1522995086669923,0.7096892925262451,0.809355250453949,1.0199006809234619,1.0,10.0,,,,,0.33239143929481507,0.33239143929481507,,,,18.457437091064453,0.05568163936837594,0.01725252076855914,,0.09509922119130375,0.37393048880206553,0.7354819070381723,0.009854341484161366,0.5516929228784172,1.064717157251516,,0.007242689329069916,,77.2811071310833,19.603745053528222,,104.56292122032991,77.27591578975604,26.12315071008767,94.44720269464383,39.07076627889256,18.45741296270091,,0.038036684129701535,,0.010285070070709178,0.022680322472065403,,0.011182033757169012,0.004237261012413058,0.022620897357512243,0.0004141387710596915,0.03722314648092932,0.027701312521840358,,,,0.74225,14845.0,0.53303933,0.5288965,0.559271,0.53216827,0.51577103,0.52484846,0.5138315,0.52146643,0.49720001220703125,0.9720811758041382,0.5498500466346741,0.9720811758041382,0.014,14.0,0.4385568804795867,0.44269141106731114,0.4378260495888875,0.36963501727013837,0.37300248220230675,0.36931720421471775,0.37302465459170625,0.3733426795243156,0.37270918688733545,0.012393212060244711,0.012493379437628079,0.011684997407530538,0.021909628628538264,0.02413044128665251,0.02104406653358615,0.021962980604843172,0.02177083843681197,0.02117960165018031,0.51100004,0.5490909,0.57093024,0.54210526,0.52723575,0.55551183,0.5515748,0.58219695,0.49830007553100586,0.9577269344329834,0.5571999549865723,0.9577269344329834,0.013,13.0,0.47101103284656615,0.47393922179854775,0.47107436734729385,0.3872781289157464,0.359619658041091,0.38671131140464476,0.3880316709869335,0.3869346811061147,0.38730779509138846,-0.0025849714391392017,-0.002709371387771002,-0.002833007841139206,-0.007049076778625466,-0.012908207624259146,-0.007481842160227318,-0.007202633068356973,-0.007530960340306279,-0.007645558981995167,0.5907258,0.5765766,0.6244526,0.52442753,0.5223577,0.54385966,0.5117886,0.55839413,0.49775004386901855,0.9649040551185608,0.5535250008106232,0.9649040551185608,0.0135,13.5,0.4547839566630764,0.45831531643292944,0.4544502084680907,0.3784565730929424,0.36631107012169883,0.37801425780968123,0.3805281627893199,0.38013868031521514,0.38000849098936196,0.004904120310552755,0.0048920040249285385,0.004425994783195666,0.007430275924956399,0.005611116831196682,0.0067811121866794164,0.0073801737682431,0.007119939048252845,0.006767021334092573,0.5508629,0.5628338,0.5976914,0.5332664,0.5247967,0.5496857,0.5316817,0.5702956,2026-10-06T10:20:00.864172
1,0.5802170634269714,0.5018726587295532,0.8914906917572022,0.5797576904296875,0.8914906917572022,0.7119492018699646,0.7831181366920471,2.5115848796844484,0.46130179238319396,1.3847639115333557,1.2132622867584228,1.0,10.0,,,,,0.48083839445114135,0.48083839445114135,,,,18.423356198120118,0.22342729732204394,0.034620025915918264,,0.10307995959594371,0.5136473474988512,0.4275174047441999,0.002209161944349243,0.11893928300138491,1.105458371578508,,0.004921873881224659,,77.24631315583636,19.594701329613947,,104.5659763797833,77.23974458730905,26.101782574015818,94.44740839672696,39.106583151847694,18.423331655514467,,0.1928539047385477,,0.020667007015009595,0.05279249854528221,,0.022502602036496636,0.010355955553330054,0.03904984143983786,0.000618334704636341,0.0789862385695907,0.04220759885231401,,,,0.28705,5741.0,0.60064155,0.5917439,0.647504,0.5742891,0.54655373,0.56107074,0.55433375,0.5615479,0.4936000108718872,0.9270798063278198,0.5612000226974487,0.9270798063278198,0.015,15.0,0.3598606343616025,0.35803684210368614,0.361008705296425,0.32594110067376314,0.2996043946132618,0.3265747227498328,0.31338989615233565,0.31385735946449,0.312723797176049,-0.01070065469393474,-0.011029498946711017,-0.01117757383649127,-0.010762800130161648,-0.022030347559000525,-0.010853240031156812,-0.010503353166891077,-0.010781199127986231,-0.010902402762471121,0.51600003,0.57272726,0.5651163,0.53651315,0.52195126,0.57598424,0.5893701,0.60568184,0.5087499618530273,0.8846144099235534,0.5879000425338745,0.8846144099235534,0.015,15.0,0.4881280346563137,0.4881821665079023,0.49031848583308424,0.44400212895183216,0.4156486813184647,0.4403208296339908,0.4450679445577972,0.4427064929606872,0.4430437954732905,0.0006858005760416459,-0.00014881057792780387,-0.0003242170859335715,-0.0057254583700398175,-0.008507537236549883,-0.008105194276814241,-0.004270330183332727,-0.004669456902090341,-0.006264789044430562,0.63709676,0.60945946,0.69270074,0.5679389,0.5280488,0.58070177,0.5256098,0.5558394,0.5011749863624573,0.9058471081256867,0.5745500326156616,0.9058471081256867,0.015,15.0,0.42399433450895807,0.4231095043057942,0.42566359556475464,0.3849716148127976,0.3576265379658633,0.3834477761919118,0.3792289203550664,0.3782819262125886,0.37788379632466973,-0.005007427058946547,-0.0055891547623194105,-0.0057508954612124205,-0.008244129250100733,-0.015268942397775204,-0.009479217153985527,-0.007386841675111902,-0.007725328015038286,-0.008583595903450841,0.5765484,0.59109336,0.6289085,0.55222607,0.52500004,0.57834303,0.55748993,0.5807606,2026-10-06T10:23:56.974099
2,0.5904828906059265,0.5012475848197937,0.868553147983551,0.5897874236106873,0.868553147983551,0.7256035537719726,0.7982896389007569,2.3453767669677736,0.34677781960964205,1.5500470344543458,1.3326373222351073,1.0,10.0,,,,,0.4333997576236725,0.4333997576236725,,,,18.389327679443358,0.29834732384818374,0.043098833761919454,,0.11379220157529518,0.6151373537292906,0.31644440401986146,0.0015639002159813264,0.07572236861203127,1.0031579942650097,,0.003987711362479919,,77.21318263157158,19.574942388352316,,104.56309635624005,77.20382690429688,26.07844667373949,94.44686082973601,39.093561621987895,18.3893027457462,,0.2868755236742603,,0.02399340871080851,0.06523635629920443,,0.027288811483011124,0.015037154749178203,0.04955875275620989,0.0007087567752185664,0.09323803240516383,0.04722994112759639,,,,0.28435,5687.0,0.6164194,0.60775274,0.6706815,0.5813389,0.543088,0.5696768,0.5619684,0.5672098,0.49915000796318054,0.9177191157341004,0.5667000412940979,0.9177191157341004,0.021,21.0,0.33276364054559043,0.3329536460277435,0.33285689399078805,0.30342012148360753,0.29836611223457876,0.30402995427117496,0.3040686865680746,0.3048328512527557,0.3048079229048055,-0.0041963255261950674,-0.004451387708227819,-0.004009261328441842,-0.009176008851807312,-0.0133599224956137,-0.011255501740387967,-0.003630425804203991,-0.0034259453180785528,-0.0033601259501684472,0.5375,0.57272726,0.5158915,0.5532895,0.5471545,0.57992125,0.6027559,0.619697,0.49640002846717834,0.8690994129180908,0.5952000617980957,0.8690994129180908,0.023,23.0,0.48274401961602503,0.48539178397089705,0.4839387606460467,0.42822227019209186,0.4089853048594616,0.4289275551850622,0.4480963568001372,0.4484552878495865,0.4490183840960411,-0.004407518930806542,-0.004531770408732622,-0.0048247069351706135,-0.01328949979185823,-0.010626591350959806,-0.014600923603940703,-0.006201591420532756,-0.006821442520611508,-0.006163543877294001,0.6237903,0.6063063,0.72700727,0.5633588,0.5296748,0.5916667,0.5357724,0.5740876,0.49777501821517944,0.8934092643260956,0.5809500515460968,0.8934092643260956,0.022,22.0,0.40775383008080773,0.4091727149993203,0.40839782731841734,0.36582119583784967,0.3536757085470202,0.3664787547281186,0.37608252168410594,0.37664406955117113,0.3769131535004233,-0.004301922228500805,-0.00449157905848022,-0.004416984131806228,-0.01123275432183277,-0.011993256923286753,-0.012928212672164336,-0.004916008612368373,-0.005123693919345031,-0.004761834913731224,0.5806452,0.58951676,0.62144935,0.5583241,0.53841466,0.585794,0.5692642,0.5968923,2026-10-06T10:27:53.145357
3,0.5949950814247131,0.4999948740005493,0.8520624324798584,0.5951296091079712,0.8520624324798584,0.7432375304222107,0.8178829430580139,2.179404384994507,0.2183918317079544,1.7657876455307007,1.4699110137939453,1.0,10.0,,,,,0.4077380841732025,0.4077380841732025,,,,18.356148806762697,0.3832963579779218,0.05114919753377415,,0.11600766793652705,0.658379652887393,0.3781459879153853,0.0015187602780112747,0.06687201756485708,1.477854336902594,,0.003226797242321157,,77.17892047857782,19.554804990246037,,104.56208966492088,77.16804689055036,26.049845993139183,94.44600745523051,39.076700805858444,18.35612660304756,,0.3849143025222098,,0.026652893146416945,0.0754639768296746,,0.032256695222418016,0.019299756771155224,0.05671330800007103,0.0007874525506583274,0.10438403098066901,0.05032436241200016,,,,0.2649,5298.0,0.62217325,0.6124245,0.6789818,0.589218,0.5504478,0.5739596,0.56328475,0.57016295,0.5122500061988831,0.9028944334983826,0.5567499995231628,0.9028944334983826,0.023,23.0,0.32479002110937627,0.33180254975267187,0.33212809557028183,0.3180190084165175,0.2886594324686872,0.32354199712734755,0.30373561368813773,0.2988166317822651,0.3051641018065811,-0.016530368375947197,-0.018369572153323705,-0.018140228751295336,-0.018400485485602313,-0.01961444154398594,-0.01680502711595133,-0.01927826743713626,-0.020856098516177066,-0.02175895717261018,0.537,0.56,0.5585272,0.52401316,0.5166667,0.5641732,0.56771654,0.6246213,0.499549925327301,0.8288375654220581,0.6007500886917114,0.8288375654220581,0.021,21.0,0.4364778498392497,0.44267005833199996,0.4370487171811582,0.40333638152528667,0.386376901103421,0.3981401347718351,0.41115281464924314,0.4130084136778849,0.4057624366316915,0.002728739145752021,0.0009521499416502319,0.0009505269461552521,0.00031154190446295427,-0.004792470972888397,-0.0028329982623476473,0.0013877396687977462,0.00047379086972446994,-0.0018606440840266544,0.6447581,0.6310811,0.75948906,0.55496186,0.5243902,0.59342104,0.52073175,0.56788325,0.505899965763092,0.8658659994602204,0.5787500441074371,0.8658659994602204,0.022,22.0,0.380633935474313,0.3872363040423359,0.38458840637572,0.3606776949709021,0.33751816678605406,0.3608410659495913,0.35744421416869043,0.355912522730075,0.3554632692191363,-0.006900814615097588,-0.008708711105836736,-0.008594850902570042,-0.00904447179056968,-0.012203456258437169,-0.009819012689149488,-0.008945263884169257,-0.010191153823226298,-0.011809800628318417,0.5908791,0.5955405,0.65900815,0.5394875,0.52052844,0.5787971,0.54422414,0.59625226,2026-10-06T10:31:49.792648
4,0.5993022918701172,0.5010247826576233,0.8346175048828125,0.5998923778533936,0.8346175048828125,0.7843008086204529,0.8635088112831115,2.3005297983169557,0.2577306498289108,2.166076811218262,1.5675126195907594,1.0,10.0,,,,,0.3998851697921753,0.3998851697921753,,,,18.32417768859863,0.6217141346946643,0.06773933139481363,,0.12974949292601293,0.7458134154984906,0.4157209173319446,0.0013981205924743323,0.058238884873071294,1.9466770908255486,,0.003348751331454849,,77.15004326887191,19.54015634621784,,104.56350445595517,77.13208561794013,26.02341459966769,94.44521467852745,39.0518711600334,18.324152673126026,,0.4494391459568291,,0.03097533587674806,0.08674866255301579,,0.03714017833399165,0.023103065907385697,0.06458276429563571,0.0008880286551656047,0.11299661138824596,0.05321815220793341,,,,0.202,4040.0,0.6186648,0.6155659,0.6943344,0.5904621,0.5555296,0.5830909,0.567416,0.57360494,0.49504992365837097,0.8935625529289246,0.5614001750946045,0.8935625529289246,0.033,33.0,0.4002030690021405,0.405153770758223,0.40472041266239955,0.4199937066612193,0.42698065222420656,0.41885801975163167,0.39801120660880945,0.40301253472518017,0.40565313094264344,0.004340257367030131,0.0027838158431509664,0.0025613298512162674,-0.004285954376523384,-0.004867246238942569,-0.006241345407354433,0.005009765070470152,0.003816925504924512,0.004055576188585138,0.533,0.56,0.5271318,0.55263156,0.5569106,0.56771654,0.56259847,0.6246213,0.49254998564720154,0.827027069568634,0.5990999937057495,0.827027069568634,0.033,33.0,0.47633001903807703,0.47622182942821245,0.47831928617018754,0.43637553749012603,0.4529858661634064,0.43947282954422134,0.45755708990234323,0.46055546721508905,0.45810690884587113,0.0011210378099084065,-0.0003649308130897547,-0.0013581738814887054,-0.0038160235828471516,-0.003475136770732981,-0.006870776640019171,-0.003472933917264714,-0.004404045633660501,-0.006868997334809902,0.62459683,0.62297297,0.76532847,0.5339695,0.5288618,0.5842105,0.52926826,0.5908759,0.49379995465278625,0.8602948112487794,0.580250084400177,0.8602948112487794,0.033,33.0,0.4382665440201088,0.44068780009321773,0.4415198494162935,0.42818462207567265,0.4399832591938065,0.4291654246479265,0.4277841482555763,0.4317840009701346,0.4318800198942573,0.002730647588469269,0.0012094425150306059,0.000601577984863781,-0.004050988979685268,-0.004171191504837775,-0.006556061023686802,0.0007684155766027189,-0.00029356006436799466,-0.001406710573112382,0.5787984,0.59148645,0.6462301,0.5433005,0.5428862,0.5759635,0.54593337,0.6077486,2026-10-06T10:35:46.130487
5,0.5997650027275085,0.5013976693153381,0.8288418209075927,0.5997652411460876,0.8288418209075927,0.7856696219444275,0.8650297128677368,2.217722273826599,0.19884352589845658,2.4504068843841553,1.6366570764541626,1.0,10.0,,,,,0.3931828109741211,0.3931828109741211,,,,18.292777655029298,0.7148566951465075,0.06608285229641256,,0.11476031501605442,0.7840012304342476,0.44090416291906576,0.001117513169145959,0.04901862185994151,2.5454099808528925,,0.002940230889788645,,77.11623100718116,19.51891518854032,,104.56076564910306,77.09457970880399,25.994577407836914,94.44431309791128,39.02606412559558,18.292754021419842,,0.4926150940406095,,0.032929764099561484,0.09318113051781989,,0.040616426071163954,0.02600607348333119,0.07082111132182893,0.000968384737768774,0.12076760795275876,0.05543177781306255,,,,0.19645,3929.0,0.6236367,0.6151027,0.68763864,0.5927923,0.55710673,0.5800606,0.57004863,0.571222,0.5053500533103943,0.8747699213027954,0.5728499293327332,0.8747699213027954,0.03,30.0,0.39163037415978985,0.3975024931567592,0.3923443013379327,0.3928586534586395,0.37310638641961846,0.39236036563037596,0.3673379147055656,0.3712073526449654,0.35705861867139316,0.008722949970349416,0.007188295842855022,0.002635168470070466,0.007173696890227975,0.004722639937571402,0.0015237236058331133,0.012506090310214516,0.012558939498424609,0.006885841848742577,0.5575,0.58227277,0.52364343,0.5529606,0.5621951,0.57952756,0.5925197,0.632197,0.4996500015258789,0.8206723914146423,0.6014499664306641,0.8206723914146423,0.033,33.0,0.4754984959390098,0.47003285934906935,0.47381292337573744,0.40825841294854526,0.4061026853555376,0.415161544856126,0.47330495767564434,0.4747388615161688,0.46726287246386317,0.006846668018582476,0.005519597615313358,0.002361597461969488,0.009037171320015774,0.011863445417276006,0.00034610113103919547,0.008772537191220389,0.007783577806190462,0.0018165636875795985,0.63709676,0.61171174,0.74452555,0.56564885,0.53373986,0.6,0.5288618,0.57919705,0.5025000274181366,0.8477211563587188,0.5871499478816986,0.8477211563587188,0.0315,31.5,0.4335644350493998,0.43376767625291424,0.4330786123568351,0.40055853320359236,0.38960453588757804,0.40376095524325095,0.42032143619060497,0.4229731070805671,0.41216074556762816,0.007784808994465946,0.00635394672908419,0.002498382966019977,0.008105434105121875,0.008293042677423704,0.0009349123684361544,0.010639313750717453,0.010171258652307535,0.004351202768161088,0.5972984,0.59699225,0.63408446,0.5593047,0.5479675,0.58976376,0.56069076,0.60569704,2026-10-06T10:39:42.845275
6,0.6011651158332825,0.5006325244903564,0.8261985195159912,0.6018726229667664,0.8261985195159912,0.7970866341590881,0.8777152817726135,2.205121272468567,0.18100569056272506,2.474153197860718,1.7159136013031007,1.0,10.0,,,,,0.3762287199497223,0.3762287199497223,,,,18.262494494628907,0.5833690802857374,0.06219383046790293,,0.10830283723771572,0.7810977325317966,0.45134443058899254,0.0011119966913877755,0.0477834942566741,3.031917752733656,,0.002381682145586504,,77.08037688625846,19.496676815543204,,104.55496517108504,77.05720903919001,25.96681529245559,94.4434508791395,39.00767065157556,18.26246940709983,,0.5398683510008891,,0.0341491959277232,0.09801791940525079,,0.04305984673036891,0.02827035002173132,0.07748169304838606,0.0010305651097267771,0.12896813347840766,0.057893838899530425,,,,0.1743,3486.0,0.6265838,0.6136931,0.70124805,0.59370065,0.5548092,0.58951515,0.56956255,0.5652546,0.4925999641418457,0.8808868112564087,0.5721001029014587,0.8808868112564087,0.022,22.0,0.34605753696264047,0.3403278476930753,0.34773309940346914,0.33349846401762256,0.3145160286262811,0.33471344632637756,0.31403551275902203,0.31356753032681184,0.31643660350519115,-0.007974164652727914,-0.007782991753750099,-0.00866722248601451,-0.023176062659411998,-0.031081622038468124,-0.02225010360838802,-0.015688555167215033,-0.01668783331338384,-0.016112380144499616,0.5745,0.59090906,0.5476744,0.5453947,0.55406505,0.5748032,0.56259847,0.63257575,0.5036000609397888,0.8291598887443542,0.5965999364852905,0.8291598887443542,0.022,22.0,0.46509974251717506,0.45988226941097865,0.46685934360828896,0.4212164457998534,0.4082292712917241,0.4271729767558099,0.44902289213646784,0.4505454195342491,0.4472505558310288,-0.0005219783904003926,-0.002702801556289815,-0.0030653437841944367,-0.006806886503168597,-0.006913960327844537,-0.008638851029858355,-0.0017336883543139726,-0.0027632202285816977,-0.004875981625332709,0.62580645,0.61396396,0.7609489,0.5465649,0.5256098,0.59780705,0.5231707,0.56824815,0.49810001254081726,0.8550233500003814,0.5843500196933746,0.8550233500003814,0.022,22.0,0.40557863973990776,0.40010505855202694,0.4072962215058791,0.37735745490873795,0.3613726499590026,0.38094321154109373,0.3815292024477449,0.38205647493053047,0.38184357966811,-0.004248071521564153,-0.005242896655019957,-0.0058662831351044735,-0.014991474581290298,-0.01899779118315633,-0.015444477319123188,-0.008711121760764502,-0.009725526770982769,-0.010494180884916163,0.6001532,0.60243654,0.65431166,0.5459798,0.5398374,0.58630514,0.5428846,0.60041195,2026-10-06T10:43:39.203895
7,0.6029723286628723,0.5015352368354797,0.8176380876541137,0.6028746366500854,0.8176380876541137,0.8138623411178589,0.8963549587249756,2.323718546104431,0.19796316726207733,2.9153636688232423,1.7501051614761352,1.0,10.0,,,,,0.38698534207344054,0.38698534207344054,,,,18.231843008422853,0.9111755350070774,0.08544352755342034,,0.13112638742146884,0.7918282585918524,0.3139475270346471,0.0009272738656838822,0.03671472813269705,2.4534846530978087,,0.002022664321925355,,77.04448889471163,19.481807830227407,,104.55183755668105,77.01967902699853,25.938615628868153,94.44200868059875,38.97663621841722,18.23181991820123,,0.5596563573096208,,0.03546792026727822,0.1065666320122731,,0.04575420859133362,0.030467096028054596,0.08315219877252153,0.0011357254887023455,0.13458638253864968,0.06087488035677345,,,,0.15305,3061.0,0.62050927,0.617358,0.6947702,0.5918641,0.55529594,0.58442426,0.5762454,0.58234215,0.4986000061035156,0.8985903949737549,0.5679500102996826,0.8985903949737549,0.018,18.0,0.33738259213420485,0.34131077358964723,0.33878492972968327,0.34479700981605244,0.3543904288210829,0.35072407309185394,0.3460728010535656,0.3481245523219598,0.34860437475650463,-0.007896841336516565,-0.011098766986567577,-0.009360660814229392,-0.025210291546854637,-0.030012862175274605,-0.026526729440174916,-0.0030055693855052107,-0.0042513203624384,-0.003134515951613475,0.574,0.58000004,0.5565892,0.5463816,0.549187,0.5582677,0.55944884,0.6242424,0.5036500692367554,0.8538393812179566,0.5876001119613647,0.8538393812179566,0.017,17.0,0.45794491777911356,0.45732173550078153,0.46045711680912615,0.4240018568343644,0.4253057689723098,0.42704424604435304,0.4690987677195375,0.47018887579202334,0.4675927381902916,-0.004256179602258454,-0.004792032816819553,-0.004812976041050047,-0.012568932519523257,-0.01451367031508509,-0.01302508105689789,-0.004174112094495866,-0.004314863912449559,-0.005013309439626897,0.61975807,0.61621624,0.7251825,0.54809165,0.51544714,0.57982457,0.5130082,0.5737226,0.5011250376701355,0.8762148880958558,0.5777750611305237,0.8762148880958558,0.0175,17.5,0.3976637549566592,0.39931625454521436,0.39962102326940474,0.38439943332520843,0.38984809889669636,0.3888841595681035,0.4075857843865516,0.4091567140569916,0.4080985564733981,-0.006076510469387509,-0.007945399901693566,-0.00708681842763972,-0.018889612033188948,-0.022263266245179845,-0.019775905248536403,-0.0035898407400005382,-0.0042830921374439794,-0.004073912695620186,0.596879,0.5981082,0.64088583,0.5472366,0.53231704,0.56904614,0.53622854,0.5989825,2026-10-06T10:47:34.888324
8,0.6039999723434448,0.49759262800216675,0.8136329664230346,0.6042798161506653,0.8136329664230346,0.8115690751075745,0.8938068744659424,2.183111004638672,0.18425032678842546,3.014424828338623,1.7922482389450074,1.0,10.0,,,,,0.37001940217018126,0.37001940217018126,,,,18.202020556640626,0.8732593158129484,0.08119469701466714,,0.09691027523415863,0.840947604672924,0.3065441626652031,0.0007979629174242639,0.03263389785435929,2.685224024543337,,0.0020714548181380577,,77.00924026586448,19.469935872752195,,104.55076200643163,76.98229547974411,25.90648295165627,94.44176696971724,38.937759593793544,18.201997258860594,,0.5834175625424476,,0.03700115730997863,0.11471838712882085,,0.048741751012338956,0.03270260835434221,0.0873101947318976,0.001258476659548795,0.1386937886286693,0.06351689555367847,,,,0.15535,3107.0,0.6217723,0.6163915,0.68969893,0.6028634,0.5591122,0.5885657,0.57782507,0.5775967,0.5011000633239746,0.8901635770797729,0.5755000114440918,0.8901635770797729,0.021,21.0,0.3333849535457616,0.33177489957996753,0.32926183399363906,0.3270104417413017,0.33337038483779946,0.32746462589972497,0.3166708892158771,0.321907556327972,0.31536692404114663,-0.02480460940530668,-0.026070832776258594,-0.02670109095141768,-0.026259864283013867,-0.030344624845439677,-0.02878405911778727,-0.02596735780008942,-0.025435738175273254,-0.026625896822635855,0.55550003,0.5777273,0.524031,0.57039475,0.57723576,0.58149606,0.60551184,0.60871214,0.4928000271320343,0.8508352947235107,0.5913498997688293,0.8508352947235107,0.02,20.0,0.42693394256681655,0.4229468691588076,0.42627750192671365,0.43472075583252606,0.42776644744740927,0.42789885053049403,0.4607360556306598,0.4611831887888833,0.45753415024844846,-0.003644348387431706,-0.005295260322115733,-0.005661560659785715,0.0015821386532328624,0.002455547126944931,-0.0012584434151744564,0.00035825777327336923,-1.9449216119750042e-05,-0.002902147629809567,0.61854845,0.5972973,0.7051095,0.5687023,0.5296748,0.59517545,0.5357724,0.5718978,0.49695004522800446,0.8704994359016418,0.5834249556064606,0.8704994359016418,0.0205,20.5,0.3801594480562891,0.37736088436938753,0.37776966796017636,0.3808655987869139,0.3805684161426044,0.37768173821510953,0.3887034724232684,0.3915453725584277,0.38645053714479755,-0.014224478896369193,-0.015683046549187164,-0.0161813258056017,-0.012338862814890501,-0.013944538859247374,-0.015021251266480863,-0.012804550013408024,-0.012727593695696501,-0.01476402222622271,0.5870242,0.5875123,0.61457026,0.5695485,0.5534553,0.58833575,0.5706421,0.590305,2026-10-06T10:51:30.953986
9,0.6042749285697937,0.5011952519416809,0.8163981080055237,0.6043698787689209,0.8163981080055237,0.8181359644889832,0.9011034275054932,2.272219224357605,0.16427031948566437,3.1484950973510744,1.89285378074646,1.0,10.0,,,,,0.4016499351978302,0.4016499351978302,,,,18.172975509643553,0.5999208783885096,0.06412901749514091,,0.0842179776003264,0.831138555790968,0.3608703311461552,0.0008740998783436526,0.03419697733750199,3.552435132728261,,0.0020348138816513425,,76.97119096889617,19.44989415794421,,104.54824746490284,76.94503346825861,25.87508114128356,94.44292736660903,38.90783071821662,18.172952251069866,,0.6379382238266574,,0.03760248719222227,0.12096902357924516,,0.05133770572341931,0.03468720171197205,0.09174926128167256,0.0013926692461227155,0.14412076923118275,0.06547171480146943,,,,0.1571,3142.0,0.613753,0.6129682,0.691046,0.609064,0.56779593,0.5840606,0.57780474,0.5776375,0.5035499334335327,0.8668401217460633,0.5763500332832336,0.8668401217460633,0.028,28.0,0.3655421121040538,0.36832212635679934,0.37039908465341026,0.38661168493315223,0.3867809563021406,0.39013758932396037,0.3368557819038652,0.33892756599170243,0.3394202014348835,-0.010843522985626571,-0.013578439101785189,-0.01263941143100504,-0.020454951592497068,-0.03171277031024115,-0.021323474335998866,-0.017790443275669508,-0.018795646738392218,-0.01895983743080718,0.559,0.5840909,0.56937987,0.54605263,0.54308945,0.5972441,0.57125986,0.64053035,0.5011000037193298,0.8236540536880493,0.5969500541687012,0.8236540536880493,0.031,31.0,0.40755033044027733,0.4056107179411687,0.4107498022128414,0.44697560503330613,0.4391690396394015,0.45207619140909283,0.42552015228045675,0.426224432847215,0.4160426426370831,-0.0013495889731721406,-0.0019024269835863858,-0.0023231722743197163,0.00703153278141256,0.0030220203204964786,0.0032055467782322296,0.0035432950201996927,0.0036326352487308935,-0.0024585316383009827,0.63387096,0.61576575,0.7525547,0.54198474,0.52154475,0.59780705,0.5203252,0.5810219,0.5023249685764313,0.8452470877170564,0.5866500437259674,0.8452470877170564,0.0295,29.5,0.38654622127216554,0.386966422148984,0.39057444343312586,0.4167936449832292,0.4129749979707711,0.4211068903665266,0.38118796709216096,0.38257599941945875,0.3777314220359833,-0.006096555979399356,-0.007740433042685788,-0.007481291852662378,-0.006711709405542254,-0.014345374994872338,-0.009058963778883319,-0.007123574127734907,-0.007581505744830662,-0.01070918453455408,0.5964355,0.5999283,0.6609673,0.5440187,0.5323171,0.5975256,0.5457925,0.6107761,2026-10-06T10:55:27.525044
10,0.6053500175476074,0.4995352029800415,0.8116212538719177,0.6056697964668274,0.8116212538719177,0.8302360569953918,0.9145479701042175,2.358995080757141,0.15196276643276216,3.6507045902252195,1.970475097846985,1.0,10.0,,,,,0.4503910304069519,0.4503910304069519,,,,18.144295361328126,0.6360166161469404,0.08287218211894962,,0.09554319779216579,0.8474598988226265,0.30422697641002905,0.0008353143887798996,0.030787081997485678,3.0141472808874337,,0.002011570312272962,,76.9330453083014,19.43149026032466,,104.55493149484039,76.90813781349522,25.845343316436573,94.44038974251717,38.90851396208356,18.144272324385916,,0.6781258233793223,,0.038375395023898716,0.12546714898317482,,0.055428264603303495,0.036705268724898626,0.09638430818820455,0.0014979247742326585,0.1541710845224417,0.06800349369929855,,,,0.1471,2942.0,0.62742585,0.6129682,0.6948692,0.60703003,0.56010514,0.59155554,0.5788781,0.5719145,0.5011499524116516,0.8738585186004638,0.5677499771118164,0.8738585186004638,0.022,22.0,0.39414856966776773,0.4020036313926883,0.39575466236277684,0.4448437433542515,0.501034570727957,0.4707390871173648,0.3920055427503084,0.39475407165691545,0.39442241758376734,0.008623837766054772,0.007458459754376081,0.006206350552299548,0.007716275998181795,0.013606249560905845,0.008318271960997022,0.006508800614243773,0.004874346283551442,0.003546604502874824,0.5535,0.58272725,0.5135659,0.5529606,0.5581301,0.5952756,0.55,0.63560605,0.4914499819278717,0.8167076601982116,0.5979999899864197,0.8167076601982116,0.024,24.0,0.409155682796793,0.4078798629480522,0.4119655638171636,0.4515984684477076,0.45203044243754525,0.45775187586632127,0.45389555349968164,0.45663244034166733,0.44651783443206605,-0.007675858376731756,-0.00950149721777702,-0.009039475216798539,-0.005934741220184962,-0.0018925321113185867,-0.006615219017069139,-0.00933999280500038,-0.01028125022887684,-0.010866874389489587,0.6254032,0.61396396,0.760219,0.53969467,0.5239838,0.60043865,0.52195126,0.58649635,0.49629996716976166,0.8452830893993377,0.582874983549118,0.8452830893993377,0.023,23.0,0.40165212623228036,0.40494174717037024,0.4038601130899702,0.4482211059009795,0.47653250658275115,0.464245481491843,0.422950548124995,0.4256932559992914,0.42047012600791667,0.0004739896946615082,-0.0010215187317004692,-0.0014165623322494954,0.0008907673889984166,0.005856858724793629,0.0008515264719639415,-0.0014155960953783036,-0.002703451972662699,-0.0036601349433073816,0.5894516,0.59834564,0.63689244,0.5463276,0.54105693,0.5978571,0.53597564,0.6110512,2026-10-06T10:59:23.681974
11,0.6078376173973083,0.49886250495910645,0.8058969967842102,0.607642412185669,0.8058969967842102,0.8098424530029297,0.8918884083747863,2.06123853931427,0.16290802223682405,3.3260541885375976,1.9973480638504029,1.0,10.0,,,,,0.4290012366294861,0.4290012366294861,,,,18.115766278076173,0.3779063533018729,0.04466131740623409,,0.07282843113918404,0.8869097196752098,0.25333275138192873,0.0008580778955495293,0.030480333099699324,2.525529153597583,,0.001758545402353659,,76.895296473412,19.405355866547602,,104.55051776861688,76.87090461876741,25.81392071960838,94.43944748799512,38.86891242349224,18.115743381961895,,0.6918217114582184,,0.03888724409755628,0.12688878956873706,,0.05729337288126065,0.03897100423646581,0.09986033385536473,0.001579445871305029,0.1575566404944013,0.0709626758649091,,,,0.15745,3149.0,0.6138934,0.6179219,0.69809824,0.6119866,0.5722547,0.58672726,0.5797286,0.5795927,0.5020500421524048,0.8984599466323853,0.5700000524520874,0.8984599466323853,0.025,25.0,0.3788947457719333,0.3829016687854751,0.3792796131715118,0.35077529582194483,0.3710194344901624,0.3508704029457527,0.3435881495741143,0.3440954371810935,0.34470850456563146,-0.01911424145954253,-0.017978877559892116,-0.01863159575053754,-0.019576413028368753,-0.021885989741984396,-0.019661059013995178,-0.013525583838613249,-0.014052891022566584,-0.015184286673293553,0.5525,0.5840909,0.5426357,0.54506576,0.5504065,0.5897638,0.568504,0.6276515,0.5050000548362732,0.8304928703308105,0.6054999232292175,0.8304928703308105,0.025,25.0,0.4197719309906503,0.41692697224249536,0.42344464547846455,0.442847696452404,0.45820141926515623,0.45947965262579116,0.4611452128845864,0.46012483311984226,0.454633807319126,-0.005799979931837447,-0.00734447072694797,-0.006493957206768932,-0.007488420821943353,-0.004860333687997928,-0.008510272620843699,-0.00412657962403555,-0.0050167945580556995,-0.00711231817573099,0.6391129,0.6355856,0.7784672,0.5431298,0.5260163,0.6087719,0.5256098,0.5777372,0.503525048494339,0.8644764084815979,0.5877499878406525,0.8644764084815979,0.025,25.0,0.3993333383812918,0.39991432051398523,0.40136212932498816,0.3968114961371744,0.4146104268776593,0.40517502778577197,0.4023666812293504,0.4021101351504679,0.39967115594237873,-0.012457110695689989,-0.012661674143420043,-0.012562776478653236,-0.013532416925156053,-0.013373161714991161,-0.014085665817419438,-0.0088260817313244,-0.009534842790311141,-0.011148302424512271,0.5958065,0.60983825,0.6605514,0.5440978,0.5382114,0.59926784,0.5470569,0.6026944,2026-10-06T11:03:20.567209
12,0.6045100688934326,0.5007553696632385,0.8096780375480652,0.6051572561264038,0.8096780375480652,0.8007394485473632,0.8817739643096923,2.0733245683670045,0.14533541748523712,3.5218119106292725,1.9981427396774292,1.0,10.0,,,,,0.4424853164196014,0.4424853164196014,,,,18.08689358215332,0.6545521622274522,0.06948656844906509,,0.09752591459412768,0.859562353153897,0.2466889820091284,0.0010215636864779102,0.03216404001566635,2.734300635043223,,0.0029074475050542004,,76.85757640668541,19.37693798769811,,104.54672197475554,76.83370689829444,25.782160874384985,94.43869208074679,38.850662887476055,18.086870424307076,,0.6922177706554438,,0.03996230215783332,0.1287366374852551,,0.059130332628442986,0.04128724801692234,0.10366363144794087,0.0017691341141286264,0.16427800382018848,0.0729967793746359,,,,0.1776,3552.0,0.6192663,0.6069271,0.6971672,0.6046011,0.5663357,0.58838385,0.5858647,0.5719348,0.49875009059906006,0.8987700171470642,0.5690500736236572,0.8987700171470642,0.025,25.0,0.3826233220108284,0.3825804913599557,0.3860921454447271,0.3509990603478255,0.32485563115971167,0.34628156258130405,0.39239679369455427,0.39145418666216597,0.39387627373714706,-0.008289330711553427,-0.009235355883618098,-0.009477487062121233,-0.01573612582353977,-0.013025439971806354,-0.016315148704189122,-0.01379023401238017,-0.01439675523488346,-0.013388240535245018,0.5525,0.5868182,0.53294575,0.5569079,0.5569106,0.5968504,0.54685044,0.6219697,0.5029999613761902,0.85039528465271,0.5956500768661499,0.85039528465271,0.025,25.0,0.40606098838752863,0.40280264283840894,0.40745450283680623,0.43099327506280855,0.4351127594664583,0.43916068368496364,0.46446118749166226,0.4657842035408846,0.4646578570745947,-0.001818162696995969,-0.002441759583573828,-0.0020913221566577454,0.0009656725722601124,-0.002446788047791661,0.00044325606687513564,-0.0043506014935783864,-0.00416280681256128,-0.005431503623003148,0.62459683,0.6108108,0.75620437,0.5435115,0.51544714,0.60043865,0.5268293,0.57627743,0.5008750259876251,0.8745826508998871,0.5823500752449036,0.8745826508998871,0.025,25.0,0.3943421551991785,0.3926915670991823,0.39677332414076666,0.39099616770531703,0.37998419531308497,0.39272112313313384,0.42842899059310824,0.4286191951015253,0.4292670654058709,-0.005053746704274698,-0.005838557733595963,-0.005784404609389489,-0.00738522662563983,-0.007736114009799008,-0.007935946318656992,-0.009070417752979279,-0.00927978102372237,-0.009409872079124082,0.5885484,0.5988145,0.64457506,0.5502097,0.5361788,0.5986445,0.53683984,0.5991236,2026-10-06T11:07:16.808206
13,0.6081700921058655,0.4982648491859436,0.8059710646629333,0.6086805462837219,0.8059710646629333,0.8217880452156067,0.9051612921714782,2.2974760078430174,0.17330621057748793,3.9247656673431397,1.9979709531784058,1.0,10.0,,,,,0.4453293675422668,0.4453293675422668,,,,18.058016094970704,0.9631157262594836,0.08334079182819482,,0.11237891252407697,0.8957235201908524,0.29848683857993713,0.0010187708903222708,0.032056611903296534,3.5738165784793297,,0.0025379120390865936,,76.82044351176852,19.352877416428488,,104.55313810117686,76.79658469424885,25.750671350272597,94.43829695586186,38.84902684400036,18.057993336088337,,0.6921341965912254,,0.04103590441262646,0.131262913725938,,0.06279621375309434,0.043174051531371035,0.10757061587587284,0.0019823727338829904,0.17294837971022176,0.07430503640774709,,,,0.16315,3263.0,0.61872494,0.6234595,0.6843107,0.61735785,0.56933415,0.59046465,0.5916161,0.5735031,0.5119499564170837,0.8550857172012329,0.5790999531745911,0.8550857172012329,0.029,29.0,0.3801543382114844,0.38042717586236807,0.38547087684429915,0.3918739758027553,0.3996073689774162,0.38613740168823607,0.411613742027264,0.4148184959200457,0.41419091617416254,0.011252326665861737,0.009865720579765086,0.011237730476225815,0.0021330790903366053,-0.0012824719966087169,0.005123864831446694,0.008816395757953337,0.009375393944574845,0.00973731613764443,0.57350004,0.5963636,0.5585272,0.5569079,0.5747968,0.57322836,0.58346456,0.62007576,0.49795001745224,0.8200888113975525,0.5994000434875488,0.8200888113975525,0.032,32.0,0.33382300077057836,0.3292711878353714,0.33460087608704103,0.33843050427899835,0.3348562678939412,0.33887538008637247,0.3827685880393544,0.3817833012813431,0.37988922341779113,0.004135161159951651,0.0031347957982661573,0.002969529548427012,-0.003936016273729031,-0.007430041826511775,-0.005477300757173163,0.002295899377738367,0.0010980284915334476,0.0008809877098031431,0.6173387,0.62792796,0.7317518,0.57404584,0.5361789,0.59517545,0.54186994,0.56386864,0.5049499869346619,0.8375872642993927,0.58924999833107,0.8375872642993927,0.0305,30.5,0.35698866949103136,0.3548491818488697,0.3600358764656701,0.3651522400408768,0.3672318184356787,0.3625063908873043,0.3971911650333092,0.3983008986006944,0.39704006979597684,0.007693743912906694,0.006500258189015622,0.007103630012326414,-0.000901468591696213,-0.004356256911560246,-0.0001767179628632343,0.005556147567845852,0.005236711218054146,0.0053091519237237865,0.5954194,0.6121458,0.64513946,0.5654769,0.5554879,0.58420193,0.56266725,0.59197223,2026-10-06T11:11:13.229754
14,0.6073952913284302,0.5034000873565674,0.8036841046333313,0.608037531375885,0.8036841046333313,0.8207057055473328,0.9039586919784546,2.251431384086609,0.1996523093700409,3.966444215774536,1.994076545715332,1.0,10.0,,,,,0.43208296031951904,0.43208296031951904,,,,18.0291903717041,0.8504584480527859,0.08045405621646316,,0.09607222580772107,1.0293876703377742,0.25034951295252816,0.0007851978819179616,0.026221933104335123,3.1004869345646755,,0.001705475964546011,,76.78655549067601,19.33139163217727,,104.55043277618991,76.75964331171315,25.718195471793983,94.43906767049413,38.81855628141172,18.029166956616056,,0.6901886755493796,,0.042741119695507035,0.1341226153123151,,0.06486300958000171,0.0451952826919829,0.11099978237395074,0.0021034348207365746,0.1771481621796918,0.0759299718270636,,,,0.1545,3090.0,0.6138934,0.60906166,0.6849247,0.62458533,0.5772781,0.5801414,0.60220736,0.5710998,0.49379995465278625,0.8800038700103759,0.5638999342918396,0.8800038700103759,0.037,37.0,0.3883422579016088,0.3943414216726112,0.3915253359099991,0.3885218979452871,0.40387913350899113,0.3851222412600477,0.37836436008602387,0.38187001816577437,0.3714843743211651,-0.008380648754358384,-0.00821280083558074,-0.009616587642256444,-0.0063096988910248016,0.007142026974977168,-0.0063234780112131446,-0.00847936137431367,-0.007411857750874755,-0.010149876774998899,0.55850005,0.5845455,0.52364343,0.5453947,0.5589431,0.572441,0.5440945,0.62689394,0.49879997968673706,0.8170475702285767,0.5999500155448914,0.8170475702285767,0.033,33.0,0.41505529877255765,0.4123775913178209,0.41644866487383064,0.471061232598496,0.46818402691687033,0.4680533841826102,0.45537984184303465,0.45595454919014206,0.45343237814609716,0.005309715843155876,0.005320928417693621,0.0036078640531426905,0.0023825027801627797,0.007957418666956205,0.001249065756918801,0.001685009638415467,0.0017584033260759698,-0.00033361870551484293,0.6306452,0.6153153,0.7609489,0.53816795,0.51056916,0.6030702,0.5304878,0.5978102,0.49629996716976166,0.8485257201194762,0.5819249749183655,0.8485257201194762,0.035,35.0,0.40169877833708323,0.40335950649521607,0.4039870003919149,0.42979156527189155,0.43603158021293076,0.42658781272132895,0.41687210096452926,0.4189122836779582,0.41245837623363113,-0.0015354664556012539,-0.0014459362089435592,-0.0030043617945568766,-0.001963598055431011,0.007549722820966686,-0.002537206127147172,-0.003397175867949101,-0.0028267272123993926,-0.005241747740256871,0.59457266,0.5999304,0.6422962,0.5417813,0.5347561,0.58775556,0.53729117,0.6123521,2026-10-06T11:15:09.570763
15,0.6103026866912842,0.499297559261322,0.7983668982505798,0.610140323638916,0.7983668982505798,0.8174089847564697,0.9002956692695617,2.234123519897461,0.17643319635391236,3.9884286823272705,1.9998783109664917,1.0,10.0,,,,,0.4488758192539215,0.4488758192539215,,,,18.000256707763672,0.5314829711725187,0.05932659198601202,,0.06682221742738394,0.9752391893772563,0.22695667336985564,0.0006734884058935034,0.02368833620552045,2.900717512627316,,0.001779472908947934,,76.75144171259205,19.30376964010251,,104.54774858997126,76.72274901760612,25.684461472140757,94.43705064324057,38.80346689406474,18.00023388710751,,0.6930836761832997,,0.04411450704666459,0.13514371956609617,,0.06647235729322312,0.04717310802761916,0.11459041894621151,0.002135004545710269,0.1833204180951331,0.07776191920801333,,,,0.15705,3141.0,0.6221933,0.6171164,0.7010697,0.61980647,0.5661215,0.5899798,0.59177804,0.57221997,0.505500078201294,0.8593379898071289,0.5747999548912048,0.8593379898071289,0.023,23.0,0.38316489208485,0.3847029197044201,0.3871177251235653,0.38972013915411785,0.37668976777575713,0.38644097332908944,0.3570177023742028,0.3578103971911928,0.3559544752224809,-0.005492436949493963,-0.007662492875506378,-0.007387167731121244,-0.016163718650573592,-0.02001831366531668,-0.019423610394244804,-0.019674836916380212,-0.021978528586451312,-0.023113907298532473,0.5375,0.5904546,0.57403105,0.55361843,0.55528456,0.6007874,0.56181103,0.6208334,0.4991500675678253,0.8018194637298584,0.6056499481201172,0.8018194637298584,0.024,24.0,0.3970826073150371,0.39787689385369757,0.40527596302898716,0.46681901072959603,0.4610382832325445,0.46907113814135354,0.40772838775905096,0.412071261062126,0.4114758493034716,-0.010924029405700225,-0.012691135600505754,-0.012825130752996895,-0.008400419903575788,-0.007098271366360275,-0.011225327227820516,-0.013742540618791786,-0.014941541783478254,-0.017809710446368036,0.6459677,0.62972975,0.7748175,0.5515267,0.5223577,0.6122807,0.5252032,0.5737226,0.5023250728845596,0.8305787267684936,0.590224951505661,0.8305787267684936,0.0235,23.5,0.39012374969994357,0.39128990677905884,0.3961968440762762,0.4282695749418569,0.4188640255041508,0.42775605573522146,0.3823730450666269,0.3849408291266594,0.38371516226297625,-0.008208233177597094,-0.010176814238006066,-0.010106149242059069,-0.01228206927707469,-0.013558292515838477,-0.01532446881103266,-0.016708688767586,-0.018460035184964783,-0.020461808872450256,0.5917339,0.61009216,0.6744243,0.5525726,0.5388211,0.60653406,0.5435071,0.597278,2026-10-06T11:19:06.262666
16,0.6081175804138184,0.5003596544265747,0.7985935173988342,0.6083623170852661,0.7985935173988342,0.818664412021637,0.901690590763092,2.2137666677474974,0.1920095718383789,3.973327410888672,1.999328921508789,1.0,10.0,,,,,0.44835515766143796,0.44835515766143796,,,,17.971742578125,0.8340582499743268,0.08566607053207743,,0.08810271820124642,1.0124048360973408,0.20224086342343858,0.0006508605841474583,0.022786648208453397,2.7948691765214226,,0.0014114395787036284,,76.71366658787818,19.2781341698519,,104.54013421125472,76.68572653023301,25.651796158711623,94.4362448917073,38.786667501850495,17.971721697764792,,0.6928061869493716,,0.04486359779242497,0.13686460930450706,,0.06744635850191116,0.0487464890595834,0.11756496164639285,0.0022236926401045863,0.18914332008285886,0.0792099128767943,,,,0.1458,2916.0,0.6148356,0.6158276,0.69001585,0.6223539,0.5664525,0.5907677,0.5895707,0.576334,0.5089000463485718,0.8579647598266602,0.5774999856948853,0.8579647598266602,0.031,31.0,0.3150244683435791,0.3136353083851838,0.31882942976105044,0.33842143633003763,0.36215556163628376,0.3632001926408444,0.3500655007026532,0.35420286732403267,0.35191338252143994,-0.01838614798710546,-0.019391809435596676,-0.01850782649006652,-0.018846956935512638,-0.01556175871920122,-0.017717153237044786,-0.02078567755654343,-0.018204270616281024,-0.020927719145348547,0.5815,0.6,0.54186046,0.5509868,0.56504065,0.5909449,0.56732285,0.62954545,0.5029499530792236,0.81973401927948,0.5958501100540161,0.81973401927948,0.034,34.0,0.3575696136614823,0.35689263478181177,0.36050394379764145,0.4013332862900197,0.40416284972120226,0.3997917827098301,0.35266289095679304,0.35251987868995155,0.3525726173360496,-0.0020058366955701987,-0.002969223135389913,-0.002930772327138317,-0.0054321213560422875,-0.005719339412112476,-0.008890157104625993,-0.006756979202838883,-0.007579285905688947,-0.008494690611112096,0.62580645,0.60990995,0.739781,0.55839694,0.51585364,0.5991228,0.5280488,0.57919705,0.5059249997138977,0.8388493895530701,0.5866750478744507,0.8388493895530701,0.0325,32.5,0.3362970410025307,0.33526397158349774,0.33966668677934597,0.3698773613100287,0.383159205678743,0.38149598767533727,0.3513641958297231,0.3533613730069921,0.35224299992874475,-0.010195992341337829,-0.011180516285493294,-0.010719299408602419,-0.012139539145777463,-0.010640549065656847,-0.013303655170835389,-0.013771328379691156,-0.012891778260984987,-0.01471120487823032,0.6036532,0.60495496,0.64082074,0.5546919,0.5404471,0.5950339,0.54768586,0.60437125,2026-10-06T11:23:02.289886
17,0.6093875169754028,0.5002023577690125,0.7958713008880616,0.6093571186065674,0.7958713008880616,0.8441411997795105,0.9299981302261352,2.566299417686462,0.2075711796760559,4.555403118896485,1.9899156551361084,1.0,10.0,,,,,0.4864114453792572,0.4864114453792572,,,,17.94311593322754,0.9418974214464806,0.07445447985379464,,0.09261746441049704,1.0602730231679929,0.19917313797268899,0.0009083860919174625,0.025388440277403706,2.921508471677258,,0.0015630094951966326,,76.67627118347556,19.25672769242791,,104.53470344300483,76.64864796438034,25.618896180657064,94.43661008215254,38.81654498835278,17.943092577017037,,0.6880926243059194,,0.04597513816633802,0.13999830869732388,,0.06896928849683445,0.050300948772650615,0.12057939086370408,0.002492311050237459,0.20047194733741178,0.08076304434591038,,,,0.13025,2605.0,0.614174,0.60652435,0.68193346,0.6322472,0.569081,0.58917177,0.599109,0.5818941,0.4958500266075134,0.8415151448249817,0.5838500261306763,0.8415151448249817,0.029,29.0,0.3164116961885077,0.3194962513398103,0.31977905384855304,0.37208450182625563,0.3734353118216511,0.37383714383557576,0.32938651045921696,0.33491578716983256,0.33195362089692065,0.009194756939743169,0.0070436556288701446,0.007310795698788343,0.008304950626280656,0.0012002989603662288,0.0069872170072617255,0.005250179636093864,0.004591833476991182,0.00452835281772209,0.548,0.5863636,0.54147285,0.5720395,0.58821136,0.58385825,0.6110236,0.6337121,0.49949994683265686,0.8011867108345032,0.6033499836921692,0.8011867108345032,0.031,31.0,0.3321466695208308,0.3312888284015007,0.33656315968108114,0.39284589972504436,0.38252396958932167,0.3866934697769518,0.34757230090888186,0.3502184427614257,0.34999596093876484,-0.0070681095947889416,-0.0074047197992629255,-0.006977376056927321,-0.004877860087049067,-0.006387910030463492,-0.007220491522157082,-0.008550383652265776,-0.008462213752058564,-0.009435066916186492,0.6286291,0.6148649,0.7321168,0.57824427,0.5398374,0.6048246,0.545935,0.5737226,0.49767498672008514,0.8213509278297424,0.5936000049114227,0.8213509278297424,0.03,30.0,0.3242791828546692,0.32539253987065553,0.3281711067648171,0.38246520077565,0.3779796407054864,0.3802653068062638,0.33847940568404944,0.34256711496562914,0.3409747909178428,0.0010633236724771136,-0.00018053208519639048,0.0001667098209305112,0.0017135452696157944,-0.0025938055350486315,-0.00011663725744767836,-0.001650102008085956,-0.0019351901375336913,-0.002453357049232201,0.58831453,0.60061425,0.6367948,0.5751419,0.5640244,0.5943414,0.5784793,0.6037173,2026-10-06T11:26:58.528250
18,0.6123450994491577,0.4999425411224365,0.7907386071205139,0.6127227544784546,0.7907386071205139,0.8342956206321717,0.9190585988044738,2.3498598770141603,0.19365478823184967,4.290548455429077,1.992592436027527,1.0,10.0,,,,,0.4264446911811829,0.4264446911811829,,,,17.9140021484375,1.3145037515053324,0.09945954583810677,,0.10987182396499642,1.0542426272562355,0.19833070075341092,0.001177327825771615,0.02801859654652275,3.023975370416216,,0.002482681462361085,,76.64189201403575,19.23271018836149,,104.53300830816767,76.61130601433432,25.584232743378656,94.436143619999,38.77741226876617,17.913979342029354,,0.6894219946709408,,0.04725289086152794,0.14209126306187575,,0.07067787386239714,0.05183940278781447,0.12329031636191022,0.002787835501537771,0.2031056786039073,0.08249049799837124,,,,0.1484,2968.0,0.6155373,0.61304873,0.6937797,0.63307667,0.5751752,0.59458584,0.5973471,0.5782281,0.4945000410079956,0.8408582391738891,0.5856000185012817,0.8408582391738891,0.032,32.0,0.3275980097392458,0.32830242407784455,0.3299778346979246,0.321173717058439,0.3170757714898108,0.32377238969283084,0.3407181514250616,0.33838017833584716,0.34208004056179186,-0.0003079202053817994,-0.0006996234962547443,-0.0005005902804543387,0.00731155361086802,0.003651453375802618,0.0020649880326708663,0.0006951321016204691,0.00038561548093695954,-0.0007968015450616098,0.547,0.57,0.5565892,0.5858553,0.6109756,0.584252,0.6169291,0.6034091,0.49910005927085876,0.8156156930923462,0.5995499491691589,0.8156156930923462,0.035,35.0,0.38836715047007636,0.38754953407731507,0.3904020723416644,0.45770580851699794,0.4646827039947925,0.4577995109194427,0.43974543846607955,0.44271016664001134,0.4394067231126488,-0.005393518491734152,-0.005938013406207769,-0.006014626564278056,-0.009441879322172208,-0.008934110522892395,-0.010620797731937777,-0.009771972785897424,-0.009907578661857304,-0.01127854119693913,0.6044355,0.60990995,0.72189784,0.58625954,0.5398374,0.5916667,0.5577236,0.57481754,0.4968000501394272,0.8282369661331177,0.5925749838352203,0.8282369661331177,0.0335,33.5,0.3579825801046611,0.35792597907757984,0.3601899535197945,0.38943976278771847,0.39087923774230166,0.3907859503061368,0.3902317949455706,0.39054517248792925,0.39074338183722035,-0.0028507193485579757,-0.0033188184512312566,-0.0032576084223661975,-0.0010651628556520936,-0.0026413285735448883,-0.0042779048496334555,-0.004538420342138478,-0.004760981590460172,-0.00603767137100037,0.57571775,0.589955,0.6392435,0.5860574,0.57540655,0.58795935,0.58732635,0.58911335,2026-10-06T11:30:54.641118
19,0.6106098294258118,0.49979493021965027,0.7918656692504883,0.6117520928382874,0.7918656692504883,0.8280444582939148,0.9121128643989563,2.2779460851669313,0.20233942484855652,4.064676206970215,1.9859621040344237,1.0,10.0,,,,,0.3890172255039215,0.3890172255039215,,,,17.88548302001953,1.3347665929965153,0.13235729977719865,,0.13697167324009024,1.0796723361987217,0.20260506678538717,0.0010572315577809124,0.024933425911292908,3.358286664364444,,0.0024082564416446775,,76.60716339888846,19.217148398138157,,104.53239873412308,76.57442493803183,25.548891237586925,94.43410929297185,38.74014768175259,17.88545912238443,,0.6860103273088005,,0.04833222341955088,0.14711922587482792,,0.07287656117206925,0.05328426308407905,0.12591166893957526,0.002948848441670275,0.20603134003794119,0.08377661964126454,,,,0.1398,2796.0,0.6155974,0.6023963,0.6840333,0.64002764,0.5792835,0.58945453,0.6078777,0.5741751,0.5036001205444336,0.8734986338615417,0.5776500701904297,0.8734986338615417,0.022,22.0,0.32563411199369957,0.3293473447129916,0.3286697420487765,0.3576670614767267,0.3552070643418968,0.3624858584061448,0.3204353674032513,0.32041885236359563,0.3253663140029213,-0.011857168097685044,-0.0137725458670181,-0.012899902812513455,-0.02253760547507109,-0.012668630526644235,-0.020359969430859447,-0.013129854459544985,-0.015626180379776138,-0.014133594084220203,0.542,0.56954545,0.58488375,0.56381583,0.5841463,0.5783465,0.56771654,0.62310606,0.5135501027107239,0.8342960577011108,0.5969499945640564,0.8342960577011108,0.021,21.0,0.3744492345577201,0.37064693973860474,0.3762532579612651,0.42298453817191506,0.41561619528846794,0.42268011533405436,0.3792182385005959,0.3802661561615735,0.3795653768662169,0.0029744228969513817,0.0014172242710197042,0.001995237161258794,0.000951353403195933,0.0017841497404436609,0.0022984268080233137,0.0031668054819308233,0.0017133907642847867,0.0018114312817267136,0.61129034,0.60495496,0.74671537,0.56374043,0.5304878,0.5938597,0.5333333,0.57883215,0.5085751116275787,0.8538973457813263,0.587300032377243,0.8538973457813263,0.0215,21.5,0.35004167327570984,0.34999714222579814,0.3524615000050208,0.3903257998243209,0.3854116298151824,0.39258298687009957,0.3498268029519236,0.35034250426258456,0.3524658454345691,-0.004441372600366831,-0.006177660797999198,-0.005452332825627331,-0.010793126035937578,-0.005442240393100288,-0.009030771311418067,-0.004981524488807081,-0.006956394807745675,-0.006161081401246745,0.57664514,0.58725023,0.66579956,0.56377816,0.557317,0.5861031,0.55052495,0.6009691,2026-10-06T11:34:51.079710
20,0.6125848889350891,0.4997476041316986,0.7902568027496338,0.6123071908950806,0.7902568027496338,0.8519290301322937,0.9386512742996216,2.6580688484191897,0.2211187323331833,5.065250750350952,1.923960693359375,1.0,10.0,,,,,0.4198538895130157,0.4198538895130157,,,,17.856524044799805,1.2327544241194512,0.11549847134445337,,0.10342973097120738,1.1456590803565494,0.1977054327726364,0.0010620432856357745,0.026346047913098032,3.2946574126079584,,0.0022789277450304263,,76.57109278782158,19.212456041080937,,104.53713124269133,76.53740434585863,25.513843512079518,94.42507438902642,38.786501185909195,17.856500236851396,,0.6544174779752258,,0.04895553244337155,0.15552269368414667,,0.07592511575692779,0.05462541144080223,0.12866991995626195,0.0030384116337462594,0.21840920114213494,0.0853158443881448,,,,0.1264,2528.0,0.6260626,0.61411595,0.7016046,0.63280016,0.5657321,0.588303,0.59127176,0.5776375,0.49925005435943604,0.8760100150108338,0.5708000659942627,0.8760100150108338,0.024,24.0,0.2262541763379614,0.22478954734406134,0.2266387157408261,0.2616531123152337,0.27366022454898187,0.2610619005076098,0.22375655097469413,0.2197636752965849,0.2233305528984725,-0.022599019295322657,-0.023295099275113397,-0.022702005232554667,-0.012500531464118314,-0.015205388874154275,-0.012952327356491215,-0.019996089646338446,-0.019305273803991507,-0.02016576681991008,0.556,0.5836364,0.5612403,0.5513158,0.56341463,0.57519686,0.5397638,0.63560605,0.4934999644756317,0.8165896902084351,0.6018499732017517,0.8165896902084351,0.027,27.0,0.36468977840075634,0.3644784300614113,0.3658680198954666,0.46056944615622986,0.45843593254108284,0.4605218885766703,0.43520766162253016,0.4359120768756289,0.43506817983431095,-0.008109976924220965,-0.008269090563064485,-0.008256782534552629,-0.008159099330000464,-0.008663069900409114,-0.007908808441803384,-0.006279676723419177,-0.006480807334942552,-0.006611101138579523,0.6298387,0.6283784,0.7693431,0.55076337,0.51626015,0.604386,0.5256098,0.57956207,0.4963750094175339,0.8462998526096344,0.5863250195980072,0.8462998526096344,0.025500000000000002,25.5,0.2954719773693589,0.2946339887027363,0.2962533678181464,0.3611112792357318,0.36604807854503235,0.36079189454214006,0.32948210629861213,0.32783787608610687,0.32919936636639174,-0.01535449810977181,-0.01578209491908894,-0.015479393883553648,-0.010329815397059388,-0.011934229387281694,-0.0104305678991473,-0.013137883184878811,-0.012893040569467029,-0.013388433979244801,0.59291935,0.6060074,0.66529167,0.5510396,0.53983736,0.5897914,0.5326868,0.60758406,2026-10-06T11:38:47.037629
21,0.6159701943397522,0.5020049214363098,0.7805245469093323,0.6166077852249146,0.7805245469093323,0.8500616753578186,0.9365764364242554,2.585038745880127,0.21598562302589416,5.179851990509033,1.9789793251037597,1.0,10.0,,,,,0.4360209761142731,0.4360209761142731,,,,17.82753530883789,0.6285878630936336,0.051798542823559446,,0.05432970566559393,1.1835863723117075,0.1751433730979634,0.00040484412477253845,0.015069349873573726,3.130660795007542,,0.0009469844026055045,,76.53252153335863,19.193168992449525,,104.53368168727607,76.50010982440536,25.47748777061511,94.42237076485992,38.73655518452833,17.827512522411954,,0.6825585088152795,,0.04935150911473924,0.15908935058648419,,0.07737778184140563,0.055980955173445354,0.13083792273785658,0.0031350963499847872,0.2194784553187668,0.08665921667199226,,,,0.1239,2478.0,0.62912995,0.6172372,0.70515054,0.6321288,0.5760125,0.58834344,0.5970636,0.5868228,0.5041500329971313,0.8609260287284851,0.571150004863739,0.8609260287284851,0.023,23.0,0.2786442264966652,0.2735295072771088,0.27798209291465364,0.3053869959354088,0.30393466649804185,0.30581066277775937,0.2925193042635273,0.2924182201157252,0.2924508402969757,-0.0017134289588426317,-0.003459399783845176,-0.002123037913068801,0.00010038928365020756,6.22916876184055e-05,-0.0005428402786833923,-0.0061430179714273515,-0.006153165556484634,-0.006192533682923078,0.554,0.5790909,0.5406977,0.5549342,0.5833333,0.5877953,0.54685044,0.6219697,0.5053000450134277,0.8016014704704285,0.6034500002861023,0.8016014704704285,0.022,22.0,0.34720767849044337,0.34788894023610595,0.34902702799254365,0.45097090522068417,0.45548924716244127,0.45217907194496,0.4044797251579164,0.403642165379233,0.40574710145473325,-0.013485148600944111,-0.014534448511976626,-0.013863128238299358,-0.009855697536681696,-0.009957078754275398,-0.010389517443211984,-0.016690828445039014,-0.018747344044795434,-0.018213873983676975,0.6201613,0.62747747,0.7609489,0.5706107,0.5239838,0.6030702,0.54227644,0.5693431,0.5047250390052795,0.8312637495994568,0.5873000025749207,0.8312637495994568,0.0225,22.5,0.31292595249355426,0.31070922375660737,0.31350456045359865,0.3781789505780465,0.37971195683024156,0.3789948673613597,0.3484995147107218,0.3480301927474791,0.3490989708758545,-0.007599288779893371,-0.0089969241479109,-0.00799308307568408,-0.004877654126515744,-0.004947393533328496,-0.005466178860947688,-0.011416923208233183,-0.012450254800640034,-0.012203203833300027,0.58708066,0.6032842,0.6508233,0.56277245,0.55365855,0.59543276,0.5445634,0.5956564,2026-10-06T11:42:43.159776
22,0.6135475635528564,0.4974151849746704,0.7856968385696411,0.6141974329948425,0.7856968385696411,0.849879955482483,0.9363745180130005,2.5600184072494505,0.22015870473384858,5.086390548324585,1.9944390300750732,1.0,10.0,,,,,0.4382738401412964,0.4382738401412964,,,,17.79846292114258,0.6966180856737076,0.07525502562309337,,0.06455816313324816,1.1601809001272652,0.17370464652776718,0.0004466242516271705,0.016069301009581538,3.14062371812049,,0.0005407364945191368,,76.49411861152406,19.168074407395284,,104.52534936795568,76.46291443648612,25.44156668596207,94.42042259653662,38.69357042251878,17.798440289345518,,0.6903694412510866,,0.0497219140172764,0.16064317609853807,,0.07816628632461949,0.05713442055757638,0.13289550402361877,0.003149543804336031,0.22145420550161107,0.08805153082320645,,,,0.12005,2401.0,0.62289494,0.6148812,0.7009707,0.63329387,0.5643692,0.58739394,0.6006075,0.58857435,0.5042500495910645,0.8476363859176635,0.5785499215126038,0.8476363859176635,0.021,21.0,0.33509686898491203,0.3317186884390978,0.33489301530701954,0.36363042698161896,0.3630048873501887,0.34730588197389134,0.3420960266464116,0.32095152878076005,0.3418835064705212,-0.014246818597804098,-0.015072674473209265,-0.014222617199159501,-0.006691582627369091,-0.002307021555386777,-0.005552541509856044,-0.016669137328099024,-0.018416967143455233,-0.01637302155396515,0.5775,0.5927273,0.5682171,0.5546053,0.5800813,0.5830709,0.5476378,0.62916666,0.4952000379562378,0.8076942524909974,0.6002500057220459,0.8076942524909974,0.021,21.0,0.35761267994655227,0.3577718102422915,0.3591334663883296,0.4657335187151633,0.48538085873294556,0.4653204116011107,0.40506484998512926,0.39860737226052256,0.40550166253823106,-0.011222781558442382,-0.012155976202992524,-0.011651344620791941,-0.006308779126377373,-0.00667134045778305,-0.008851850494639843,-0.01063934356704669,-0.012911014971551409,-0.01089675315145051,0.6262097,0.6283784,0.75291973,0.5557252,0.5134146,0.5991228,0.5252032,0.59014595,0.4997250437736511,0.8276653192043304,0.5893999636173248,0.8276653192043304,0.021,21.0,0.34635477446573215,0.3447452493406946,0.3470132408476746,0.41468197284839114,0.42419287304156716,0.406313146787501,0.3735804383157704,0.3597794505206413,0.37369258450437615,-0.01273480007812324,-0.013614325338100895,-0.01293698090997572,-0.0065001808768732315,-0.004489181006584913,-0.007202196002247943,-0.013654240447572857,-0.01566399105750332,-0.01363488735270783,0.6018548,0.61055285,0.6605684,0.5551653,0.5467479,0.5910969,0.5364205,0.60965633,2026-10-06T11:46:39.706804
23,0.6126598715782166,0.5000376105308533,0.7866150734901428,0.61287522315979,0.7866150734901428,0.8342873941421509,0.9190494561195374,2.343913401222229,0.2042606481075287,4.596754652404785,1.9939028427124024,1.0,10.0,,,,,0.4232216878414154,0.4232216878414154,,,,17.769485400390625,0.9229390530247882,0.08389406857840052,,0.07834361323116905,1.1917416548273365,0.1630116273548193,0.0005981034111616403,0.01713141790668296,2.9831911355826506,,0.0012919986961576935,,76.45715973483529,19.13980428124689,,104.52162121815287,76.42568401166588,25.40608970982254,94.4184949352483,38.66305289298865,17.76946346015687,,0.6901012548975124,,0.050600177210986995,0.1614109933566136,,0.0794621473474867,0.05822706099148769,0.13515107362133683,0.0031247419812330964,0.22471511999892582,0.08937738100244741,,,,0.1356,2712.0,0.6157578,0.61210227,0.6894414,0.64486575,0.575662,0.58551514,0.6033009,0.57515275,0.4970000088214874,0.8519817562103271,0.578000009059906,0.8519817562103271,0.026,26.0,0.265166591478043,0.2615902454208858,0.26373352980850634,0.3125727194365219,0.29718541005538923,0.30986014185538224,0.29621602788447315,0.28921194549495016,0.29574263821237473,0.0020595290591622476,0.0017209964771383343,0.0020592416225032207,0.011550325994043069,0.010016745864877075,0.009970618256492345,0.0017520472713221432,-0.00031605370791306785,0.0015938397574738463,0.5615,0.5859091,0.55968994,0.56480265,0.58983743,0.5807087,0.56692916,0.61401516,0.49594998359680176,0.8126161475181579,0.6000999808311462,0.8126161475181579,0.025,25.0,0.3169718293888047,0.3123685933678466,0.31688749059462684,0.417791124853263,0.39368546797312765,0.4018657510744379,0.3539005769437726,0.3281705607228551,0.3422015643928346,-0.0025121046622919767,-0.0032143657974573214,-0.003075407318005641,0.005361226864524,0.002684096848529066,0.0013281099284864228,-0.002569716112005797,-0.0056097829965669165,-0.005000041555518064,0.625,0.61666673,0.7507299,0.56412214,0.5296748,0.60394734,0.5365854,0.5649635,0.4964749962091446,0.8322989518642425,0.5890499949455261,0.8322989518642425,0.025500000000000002,25.5,0.2910692104334238,0.2869794193943662,0.2903105102015666,0.3651819221448924,0.34543543901425844,0.35586294646491007,0.32505830241412287,0.30869125310890266,0.31897210130260467,-0.00022628780156486454,-0.0007466846601594935,-0.0005080828477512101,0.008455776429283534,0.00635042135670307,0.005649364092489384,-0.00040883442034182695,-0.002962918352239992,-0.0017031008990221089,0.59325004,0.60128796,0.6552099,0.5644624,0.55975616,0.592328,0.5517573,0.58948934,2026-10-06T11:50:36.098394
24,0.6146576404571533,0.49874749779701233,0.7827024814605713,0.6146625876426697,0.7827024814605713,0.8455369327545166,0.9315489442825318,2.4900647378921508,0.19265358033180235,4.734962480926514,1.9999998817443847,1.0,10.0,,,,,0.4117762751579285,0.4117762751579285,,,,17.741194955444335,0.25027089191683727,0.023834212453276583,,0.02375946678725445,1.2130665236217961,0.16471324671225943,0.0004107255973759742,0.014500002462749078,3.188886825825758,,0.0006633198354856681,,76.42038916326632,19.114374136469166,,104.51329439005275,76.38892942780902,25.37066988124969,94.41588981288254,38.664813290735715,17.74117186722482,,0.6931471236192497,,0.05125732551429682,0.16324069336721092,,0.08031677070316995,0.059399375110674814,0.1372849828308555,0.0031940372850579823,0.23127806034817058,0.09099138010838989,,,,0.12485,2497.0,0.62052923,0.6084978,0.69786054,0.6452804,0.5755452,0.5846263,0.6047793,0.5789613,0.49880003929138184,0.874734691619873,0.5751999616622925,0.874734691619873,0.027,27.0,0.25817063076526336,0.2570924824743483,0.25906256878315526,0.3035128218742481,0.2904911902649877,0.3039775645481643,0.28203933331237485,0.2820843577237031,0.28258303243398486,-0.014596609808703604,-0.01500004184458142,-0.014275146438789552,-0.01121994738577863,-0.012522127590562392,-0.010808199484632398,-0.012914178389408287,-0.012121781178856327,-0.012427478990756214,0.54050004,0.57454544,0.59651166,0.5559211,0.5621951,0.6003937,0.5622047,0.6037879,0.5087500214576721,0.817392701625824,0.603350043296814,0.817392701625824,0.027,27.0,0.35726063707069267,0.35352849257110464,0.3583318838618185,0.45638244422269947,0.45759927165752556,0.4577135148740274,0.404824721082418,0.397249084219634,0.404564915882306,-0.0063305271995999545,-0.006436906034566919,-0.006676248926954199,-0.005610503936877654,-0.003892448301482857,-0.005363703360536047,-0.005325121028470132,-0.008985875892434174,-0.008674564843249641,0.6298387,0.63243246,0.76459855,0.5721374,0.5231707,0.5956141,0.5235773,0.5744526,0.503775030374527,0.8460636966228485,0.5892750024795532,0.8460636966228485,0.027,27.0,0.307715633917978,0.3053104875227265,0.30869722632248686,0.3799476330484738,0.37404523096125664,0.38084553971109586,0.3434320271973964,0.33966672097166856,0.3435739741581454,-0.010463568504151779,-0.01071847393957417,-0.010475697682871876,-0.008415225661328142,-0.008207287946022624,-0.008085951422584222,-0.00911964970893921,-0.010553828535645252,-0.010551021917002927,0.5851694,0.6034889,0.6805551,0.5640292,0.5426829,0.59800386,0.542891,0.58912027,2026-10-06T11:54:32.798363
25,0.6150473356246948,0.500349760055542,0.7829005997657776,0.6153406500816345,0.7829005997657776,0.8534464789390563,0.9403373250961303,2.5740730937957763,0.221043563246727,5.140910556411743,1.9985883644104003,1.0,10.0,,,,,0.4552246130943298,0.4552246130943298,,,,17.712712026977538,0.5309679588943625,0.04219849994495084,,0.046993391726249056,1.156948353074918,0.17812911710541718,0.00034974550473901213,0.0136916492561436,3.458168652027276,,0.0005667716412954989,,76.38144499177386,19.086588063817114,,104.50251045955974,76.35220929771472,25.337426458954052,94.4150766749291,38.61848913788036,17.71268887125003,,0.6924198455871291,,0.051536689352267864,0.16339174226211134,,0.08082285760694248,0.06023779658565096,0.13976321962608654,0.003195689841333753,0.23272266310111733,0.09229828972535528,,,,0.11525,2305.0,0.622494,0.61196136,0.7000396,0.64097553,0.56791276,0.593798,0.60453624,0.58016294,0.4957500100135803,0.8516838121414184,0.5784001350402832,0.8516838121414184,0.022,22.0,0.32650108408302847,0.32738478026422213,0.32726510444302165,0.34986562363480544,0.36183280001225093,0.3481418712834959,0.3352061400622962,0.3358351254207163,0.3345902835060044,-0.027479021088412756,-0.027197708231927974,-0.027409108225785222,-0.01616857985549827,-0.016958399276942145,-0.015781208266222996,-0.02493363606298875,-0.02393370076896469,-0.025015877566659683,0.559,0.5940909,0.52829456,0.5611842,0.6089431,0.5917323,0.5562992,0.6287879,0.5047000050544739,0.8092710762023926,0.598849892616272,0.8092710762023926,0.022,22.0,0.33127914880000325,0.3290931280487191,0.3320624359865369,0.4312412025567014,0.43488939441017227,0.42771560175427037,0.36515999695206464,0.36673064008862644,0.3659670711280493,-0.01012181476072313,-0.01175895187782151,-0.011075144376136154,-0.004098824680849437,-0.0049169065300808034,-0.006775945583349777,-0.0098813426204669,-0.010516964476624467,-0.011391184494585043,0.6189516,0.60450447,0.7313869,0.57595426,0.5235773,0.5995614,0.53943086,0.58576643,0.5002250075340271,0.8304774441719055,0.5886250138282776,0.8304774441719055,0.022,22.0,0.3288901164415159,0.32823895415647064,0.3296637702147793,0.3905534130957534,0.3983610972112116,0.38792873651888315,0.3501830685071804,0.35128288275467134,0.3502786773170269,-0.018800417924567943,-0.019478330054874742,-0.01924212630096069,-0.010133702268173853,-0.010937652903511475,-0.011278576924786387,-0.017407489341727825,-0.01722533262279458,-0.018203531030622364,0.5889758,0.59929764,0.62984073,0.56856924,0.5662602,0.59564686,0.54786503,0.60727715,2026-10-06T11:58:28.570243
26,0.613142728805542,0.5023047924041748,0.7861114192962646,0.6133648157119751,0.7861114192962646,0.8512728202819824,0.9379221529006958,2.5621582405090333,0.22758868708610536,5.112615808105469,1.9852838554382324,1.0,10.0,,,,,0.4630982306480408,0.4630982306480408,,,,17.683946881103516,0.7295451360653825,0.09331221100251386,,0.09113060764799333,1.1612016133442047,0.16399180680323558,0.0005559437717481629,0.016707564211764912,3.125705442990467,,0.0015562455629863907,,76.34354371477843,19.06277590952102,,104.49298139438508,76.31533458734015,25.302981807927416,94.41299151766832,38.61315128302119,17.68392369701604,,0.6857195762312336,,0.05198882112077847,0.16551415271060482,,0.08136401728839632,0.06130608152242223,0.14200481136513363,0.0031763404136179547,0.23838689154500414,0.09364755423205673,,,,0.11705,2341.0,0.6232759,0.60471207,0.6895999,0.64449054,0.5752337,0.5884848,0.6055488,0.5743992,0.4932999610900879,0.8442440218925477,0.5805999636650085,0.8442440218925477,0.022,22.0,0.3345090386240845,0.33064548413793077,0.3337801508072085,0.3447965221140389,0.3494920729609038,0.34477555797481624,0.3326879860457397,0.3325300773223427,0.3326958568601814,-0.002537153432258951,-0.002406462976763033,-0.002557134995487993,-0.009885448752837098,-0.019124657453973612,-0.009878476742577897,-0.01319864621266951,-0.01317349368625432,-0.01319006085159381,0.5385,0.5777273,0.60038763,0.5427632,0.56585366,0.6047244,0.5704725,0.6393939,0.49414998292922974,0.79815944814682,0.6038999557495117,0.79815944814682,0.021,21.0,0.337061500427571,0.3372138460183211,0.33856021648916673,0.4292858579761955,0.4304584021007555,0.4276578541762893,0.38337527708334107,0.38405955028742417,0.3841938803429992,-0.010370682541008794,-0.010935546867581086,-0.010867506309562411,-0.009421015870058159,-0.009872661963149587,-0.010515943390750659,-0.013638406559914135,-0.014475946045751156,-0.014496734972950452,0.6294355,0.63153154,0.75802916,0.5534351,0.52926826,0.6105263,0.5276423,0.5824818,0.4937249720096588,0.8212017350196839,0.5922499597072601,0.8212017350196839,0.0215,21.5,0.33578526952582777,0.33392966507812594,0.3361701836481876,0.38704119004511717,0.38997523753082963,0.3862167060755528,0.3580316315645404,0.3582948138048834,0.3584448686015903,-0.006453917986633873,-0.0066710049221720595,-0.006712320652525202,-0.00965323231144763,-0.014498659708561599,-0.010197210066664278,-0.013418526386291822,-0.013824719866002737,-0.01384339791227213,0.58396775,0.6046294,0.6792084,0.54809916,0.54756093,0.60762537,0.54905736,0.61093783,2026-10-06T12:02:24.821082
27,0.6136978268623352,0.5009098052978516,0.7825708149909973,0.6142277121543884,0.7825708149909973,0.8578048478126525,0.94517995595932,2.7259749248504637,0.19977038792371749,5.263528871917725,1.9996235496520995,1.0,10.0,,,,,0.46205647501945496,0.46205647501945496,,,,17.65472094116211,0.4022039170169337,0.02865533499309651,,0.03056073779682184,1.1287693013051512,0.15911452965751574,0.0003036633823482189,0.012095217865885823,3.0737208021674185,,0.00044559674725935843,,76.3053524236011,19.03532872534102,,104.48845254691543,76.27856357841735,25.267202097898835,94.41040184847108,38.616916364924926,17.654697867715434,,0.6929514218287863,,0.05236760636044156,0.16653144881603824,,0.0826460002049519,0.06228377102951335,0.14407254537199712,0.00328095989141637,0.24484452519826827,0.09484085511819572,,,,0.11575,2315.0,0.6160786,0.61629075,0.6909073,0.642891,0.573014,0.59278786,0.59469426,0.5862322,0.5028999447822571,0.8479734344482421,0.579200029373169,0.8479734344482421,0.023,23.0,0.29879946870328317,0.2967692402451302,0.29875870273827376,0.317092551880974,0.3155244896159548,0.30765114020523904,0.319178649299828,0.31890681954377265,0.3186058356003325,-0.01562058291734493,-0.016000403928512312,-0.016112793352822008,-0.020880607467775317,-0.031715447163849685,-0.028088039591107943,-0.02471422821850214,-0.02469011892447958,-0.024739534283633107,0.572,0.6018182,0.54379845,0.5546053,0.59105694,0.5807087,0.5535433,0.6409091,0.504349946975708,0.806939003944397,0.5984500646591187,0.806939003944397,0.023,23.0,0.2786568159719768,0.2748357633510679,0.27761045810904283,0.3617725608439009,0.3414890483055316,0.3554466315236137,0.30852535667988995,0.30541728367048304,0.3070468944203404,-0.010037859666983995,-0.01051441680111971,-0.010943750335312585,-0.0037143350468835214,-0.00514533352209099,-0.004484669839861957,-0.009286817990093328,-0.009750621811159753,-0.010475652344029513,0.6189516,0.62117124,0.72591245,0.5729008,0.5288618,0.6061403,0.5361789,0.57043797,0.5036249458789825,0.8274562191963195,0.5888250470161438,0.8274562191963195,0.023,23.0,0.28872814233763,0.2858025017980991,0.2881845804236583,0.33943255636243747,0.3285067689607432,0.3315488858644264,0.31385200298985894,0.31216205160712784,0.31282636501033645,-0.012829221292164463,-0.013257410364816011,-0.013528271844067297,-0.012297471257329419,-0.018430390342970338,-0.01628635471548495,-0.017000523104297734,-0.017220370367819666,-0.01760759331383131,0.5954758,0.6114947,0.63485545,0.563753,0.5599594,0.5934245,0.5448611,0.60567355,2026-10-06T12:06:21.188019
28,0.6175300478935242,0.5014573335647583,0.7764935132980346,0.6179627180099487,0.7764935132980346,0.8520337651252746,0.938767650604248,2.6424501163482668,0.19142198565006255,5.096187668609619,1.9987447296142578,1.0,10.0,,,,,0.45009878168106077,0.45009878168106077,,,,17.625449557495116,0.580182444841073,0.04809629619766655,,0.055265840576000654,1.1542254113087989,0.16347376762586793,0.0002713445650512252,0.011351131647232043,3.179988705048895,,0.00042609377272180907,,76.26622888844484,19.012448195439234,,104.47890127388536,76.24185365324567,25.23320596537013,94.40968662917993,38.584068808585975,17.62542678444249,,0.6925212949704213,,0.05254274030115194,0.16827635267737565,,0.08303854462637264,0.06314030574385528,0.14625484994642293,0.0033062704568906764,0.24752642413613143,0.09615834622056621,,,,0.11905,2381.0,0.6236568,0.6159082,0.6988709,0.63945496,0.5759735,0.5905859,0.6114824,0.58694506,0.5008999705314636,0.8403634839057922,0.5832499861717224,0.8403634839057922,0.023,23.0,0.36083311904469917,0.36299862880348027,0.363042821934186,0.4000696289510316,0.42480442763771387,0.40961553712988613,0.37713936807100445,0.3807433278258546,0.38020928637662604,-0.02251567411155893,-0.021772108752512724,-0.022099331988212224,-0.02448350926952836,-0.031742832645593036,-0.025980394609261947,-0.029257484596147913,-0.0280453256823433,-0.028162273253008158,0.5375,0.575,0.5786822,0.56578946,0.5902439,0.5830709,0.5830709,0.6431818,0.49775001406669617,0.7957145895957947,0.6050499677658081,0.7957145895957947,0.021,21.0,0.3296926035792355,0.32998225151384913,0.3314496248443628,0.4385049251442707,0.44084374949843036,0.4373014116061335,0.37702730308026056,0.3756237163200113,0.3783319433418863,-0.009892863706063766,-0.011294838829298055,-0.010893716342459676,-0.0039950999572941044,-0.002791507657117788,-0.00622917606476947,-0.009609929270981449,-0.01020188632851835,-0.01101421139140322,0.625,0.62252253,0.76204383,0.56374043,0.5369919,0.60921055,0.53252035,0.57810223,0.4993249922990799,0.8180390367507935,0.5941499769687653,0.8180390367507935,0.022,22.0,0.3452628613119674,0.3464904401586647,0.3472462233892744,0.4192872770476511,0.4328240885680721,0.4234584743680098,0.3770833355756325,0.37818352207293293,0.37927061485925617,-0.01620426890881135,-0.01653347379090539,-0.016496524165335952,-0.014239304613411231,-0.017267170151355413,-0.016104785337015707,-0.01943370693356468,-0.019123606005430824,-0.019588242322205688,0.58125,0.59876126,0.670363,0.564765,0.5636179,0.59614074,0.55779564,0.610642,2026-10-06T12:10:17.560893
29,0.6155975461006165,0.4986504316329956,0.779298586845398,0.6158651113510132,0.779298586845398,0.847770878124237,0.9340311015129089,2.5658336124420167,0.17818434312343598,4.982647677993774,1.999904295539856,1.0,10.0,,,,,0.4511594227790833,0.4511594227790833,,,,17.596702896118163,0.09433291689937662,0.009134836057438308,,0.011296768886315974,1.1669702226189291,0.1623111833717413,0.00026037279120868866,0.010995102914311229,3.288185618105967,,0.00039223969555110484,,76.22826570158551,18.986142006649334,,104.46709097115098,76.2047960803767,25.197406137065524,94.40934456989264,38.5343450315439,17.596679383782064,,0.6930885759128886,,0.053044046874448754,0.16938421623722003,,0.08317092858302365,0.06414122983908198,0.14814156967743186,0.0033230249900489477,0.248521704392828,0.09744467923215999,,,,0.1201,2402.0,0.61830395,0.61159885,0.6959588,0.6477291,0.57449377,0.587596,0.6083232,0.5818534,0.5014500617980957,0.8525862112045288,0.5808500051498413,0.8525862112045288,0.029,29.0,0.29380546215805653,0.29262799593586786,0.2950620849531227,0.32224527195597213,0.3245037822235333,0.32620040655627935,0.31246720533661004,0.31439450860391543,0.31471674974902486,-0.02189697500516754,-0.02189102034548182,-0.02204288490014598,-0.028528514461228956,-0.022930627180789327,-0.02851993116679636,-0.031125013286510468,-0.03157712966553104,-0.030672688826721275,0.5345,0.57454544,0.54147285,0.56546056,0.6069106,0.5905512,0.57913387,0.6454546,0.5020000338554382,0.7961337442398071,0.6111999750137329,0.7961337442398071,0.028,28.0,0.3608622141102753,0.36136692889826694,0.36334722615955645,0.45167131544602973,0.45768052146642824,0.45481876612339617,0.38970274251428416,0.3854447362357462,0.39043222053396975,-0.011806711503454321,-0.012606278422495043,-0.012380998958074296,-0.006629250418928938,-0.002933151973613376,-0.007637039272228334,-0.01205692173048872,-0.014012915875494174,-0.013135882503377973,0.6294355,0.63198197,0.7532847,0.5843512,0.5349594,0.6131579,0.5390244,0.5930657,0.501725047826767,0.824359977722168,0.5960249900817871,0.824359977722168,0.0285,28.5,0.32733383813416594,0.3269974624170674,0.3292046555563396,0.38695829370100093,0.3910921518449808,0.3905095863398378,0.35108497392544713,0.3499196224198308,0.3525744851414973,-0.01685184325431093,-0.017248649383988433,-0.017211941929110137,-0.017578882440078946,-0.012931889577201351,-0.018078485219512348,-0.021590967508499592,-0.02279502277051261,-0.021904285665049622,0.5819677,0.60326374,0.6473788,0.5749059,0.570935,0.60185456,0.5590792,0.61926013,2026-10-06T12:14:14.776700
30,0.6182420253753662,0.5028672814369202,0.7725941494941712,0.6194074749946594,0.7725941494941712,0.8396379127502441,0.9249944777488709,2.479518511581421,0.16738994604349136,4.937342719268798,1.9846242067337037,1.0,10.0,,,,,0.45774359245300295,0.45774359245300295,,,,17.567546102905272,0.1433210449210208,0.01087311413109445,,0.013131419706876112,1.1943037069527207,0.15379455780527393,0.0002242290546207772,0.010663875153252653,3.0867778749982264,,0.00025125832094872633,,76.18987798994513,18.956689324348595,,104.4540967516079,76.16826187425359,25.15976520708412,94.40857774284994,38.50434788017516,17.567522425560433,,0.685440080181049,,0.05336963883630789,0.1696970018611592,,0.08317974869422852,0.06517555645317029,0.1502674309311399,0.0033280616359203864,0.2514276970533808,0.09905326646414532,,,,0.13235,2647.0,0.6253408,0.6187475,0.69582015,0.65290284,0.57885516,0.5898788,0.60789794,0.5847047,0.4932999610900879,0.8413671488761902,0.5834500193595886,0.8413671488761902,0.029,29.0,0.27551225539441915,0.2728968086731887,0.2771171314568199,0.3253719220486121,0.3282677516888309,0.330887098189394,0.29758458411355887,0.29644816084922665,0.2986901953349647,-0.017993973326411433,-0.018646785879457454,-0.019453443038386933,-0.009192928382592357,-0.011807909866228596,-0.012987428407871619,-0.017318797997516924,-0.018987348421895582,-0.01927831489794696,0.532,0.5618182,0.5406977,0.57598686,0.6284553,0.584252,0.5925197,0.6393939,0.5028499960899353,0.7939207077026367,0.609499990940094,0.7939207077026367,0.028,28.0,0.358949333536936,0.36018905175233756,0.3614687519528452,0.45526588925719313,0.4601355544457656,0.45475821371689007,0.3969168188328008,0.3960798961433463,0.3982836654814096,-0.012426051244876248,-0.013625039317988046,-0.013564717217080061,-0.012036437830505212,-0.009409987535286617,-0.01310691266616547,-0.011978075717194095,-0.012806417426512695,-0.014860927339961139,0.6201613,0.6261261,0.73795617,0.5927481,0.545935,0.6026316,0.54471546,0.59489053,0.4980749785900116,0.8176439282894135,0.5964750051498413,0.8176439282894135,0.0285,28.5,0.3172307944656776,0.31654293021276314,0.3192929417048326,0.3903189056529026,0.39420165306729826,0.39282265595314203,0.3472507014731798,0.34626402849628646,0.3484869304081871,-0.01521001228564384,-0.01613591259872275,-0.016509080127733496,-0.010614683106548783,-0.010608948700757606,-0.013047170537018545,-0.01464843685735551,-0.015896882924204138,-0.017069621118954048,0.5760807,0.59397215,0.63932693,0.5843675,0.58719516,0.59344184,0.5686176,0.6171422,2026-10-06T12:18:10.586430
31,0.6171073913574219,0.501865029335022,0.7766935325622558,0.6176427006721497,0.7766935325622558,0.8226808167457581,0.9061532585144043,2.357961958885193,0.1541779232263565,4.804362861633301,1.9633857034683229,1.0,10.0,,,,,0.47070263419151304,0.47070263419151304,,,,17.538037451171874,0.34116001366074106,0.02951732262966051,,0.03271973701001139,1.1936998686213403,0.16412226421533116,0.00047265358578234284,0.0138746671064217,3.280247612743621,,0.001039937675889221,,76.15299880884255,18.928575260624005,,104.44307990590478,76.13167013180484,25.12540677550492,94.4086600625591,38.46923801397822,17.538015001139065,,0.6746518554960846,,0.05409473038403092,0.17017384281583653,,0.08337490322293749,0.06613199531462542,0.15308030917765988,0.00342542308999617,0.25380958721136593,0.10062618188227818,,,,0.1558,3116.0,0.6227947,0.6207209,0.6821316,0.6484202,0.5784073,0.5931515,0.61018634,0.58448064,0.508650004863739,0.8532273283004761,0.5784499645233154,0.8532273283004761,0.036,36.0,0.31785371096123133,0.3180723772406555,0.31993175651562816,0.35715707304678324,0.3443465254286115,0.3662736214295277,0.3360646190728012,0.3364997968053152,0.3355360212982444,-0.02804797778363634,-0.029555722147638713,-0.028461296811090483,-0.030699539527195653,-0.03896063223170411,-0.031176696840312917,-0.03764895742309695,-0.03818247824794211,-0.03878043070352891,0.52800006,0.5668182,0.5337209,0.57138157,0.61422765,0.58740157,0.5948819,0.62045455,0.5040000081062317,0.7952148871421814,0.6085500717163086,0.7952148871421814,0.032,32.0,0.3792363844313543,0.37663327838182786,0.38297512965221864,0.48110375528397764,0.4610454172389187,0.471858625206795,0.41355994497295495,0.40882733986955805,0.4122424517882662,-0.011993812922073872,-0.01196015410320487,-0.012588593119650706,-0.010660558000127827,-0.008741556176231555,-0.01086517964964357,-0.00916458433105546,-0.008848838301822714,-0.010910367986433009,0.6229839,0.6283784,0.73540145,0.5778626,0.5304878,0.5986842,0.56056917,0.60328466,0.5063250064849854,0.8242211077213287,0.593500018119812,0.8242211077213287,0.034,34.0,0.3485450476962928,0.34735282781124166,0.3514534430839234,0.41913041416538044,0.4026959713337651,0.41906612331816134,0.3748122820228781,0.37266356833743663,0.3738892365432553,-0.020020895352855107,-0.02075793812542179,-0.020524944965370596,-0.02068004876366174,-0.023851094203967832,-0.021020938244978242,-0.023406770877076204,-0.02351565827488241,-0.02484539934498096,0.57549196,0.5975983,0.6345612,0.5746221,0.5723577,0.59304285,0.5777255,0.6118696,2026-10-06T12:22:06.678716
32,0.6132200956344604,0.5004124641418457,0.7841737730026245,0.6133677959442139,0.7841737730026245,0.8267206174850464,0.9106419268608094,2.344457368659973,0.17528104536533357,4.618764479064941,1.9927587642669677,1.0,10.0,,,,,0.45490477204322816,0.45490477204322816,,,,17.509343896484374,0.6161973769924823,0.05273028807254852,,0.05208458315142116,1.1931875799871554,0.1439260423278353,0.0006348150840680156,0.016542551751325654,3.0375590757199915,,0.0012857847878720372,,76.11519049383273,18.900917806443136,,104.44026888707641,76.09494290685957,25.092783970437992,94.40706610224049,38.471921568463564,17.509320495994228,,0.6895006078823357,,0.05466619292926637,0.17124196099247901,,0.08463930751487708,0.06697679704921261,0.15580923608533895,0.003650541027272298,0.25978325506684125,0.10265734298214031,,,,0.14985,2997.0,0.6069567,0.6105518,0.6760499,0.6561611,0.585884,0.5847475,0.6118874,0.5732383,0.4999500513076782,0.9105801997184754,0.5495500564575195,0.9105801997184754,0.027,27.0,0.22070154616192755,0.21669636925797098,0.2177324349116992,0.26403303501017883,0.248644099005539,0.25630153708129333,0.23107825957369676,0.22607139657259023,0.22445733203922344,0.008892633229096732,0.008678325133208546,0.008563967720790183,0.011779135521474174,-0.00044262544532319047,0.010203260249162849,0.005901361600639855,0.005338689647048308,0.0047840838534715545,0.5225,0.5527273,0.4992248,0.5467105,0.6101626,0.55669296,0.5358268,0.569697,0.4938499927520752,0.8575419754981994,0.5771500468254089,0.8575419754981994,0.024,24.0,0.3657853734243457,0.3623604530333773,0.3676145628364649,0.4079430521438094,0.39623088012550145,0.40026975590398767,0.3640874472293113,0.3638127793167124,0.35817007064222467,0.006291481382925149,0.005535651981279579,0.004264054849476804,0.00625996503913094,0.0019071542528443048,0.0023329040746551196,0.0059705586195733205,0.00577991138555216,0.0019328203209178687,0.57459676,0.5833333,0.6627737,0.57251906,0.5296748,0.579386,0.5601626,0.5492701,0.4969000220298767,0.8840610876083375,0.5633500516414642,0.8840610876083375,0.025500000000000002,25.5,0.2932434597931366,0.2895284111456742,0.292673498874082,0.3359880435769941,0.3224374895655202,0.32828564649264047,0.29758285340150403,0.2949420879446513,0.29131370134072404,0.00759205730601094,0.007106988557244062,0.006414011285133494,0.009019550280302557,0.0007322644037605572,0.006268082161908984,0.005935960110106588,0.005559300516300234,0.0033584520871947116,0.54854834,0.5680303,0.58099926,0.5596148,0.56991875,0.5680395,0.54799473,0.5594835,2026-10-06T12:26:02.995011
33,0.6137251257896423,0.4978473484516144,0.7831764707565307,0.6142573952674866,0.7831764707565307,0.8544640249252319,0.9414679314613342,2.638046473312378,0.2091862371444702,5.066265975570679,1.9758178409576417,1.0,10.0,,,,,0.45614985117912293,0.45614985117912293,,,,17.480169384765624,0.35061384825285075,0.040510773612779515,,0.04097874733993107,1.1796014977108902,0.1532716714438929,0.0005632232530112972,0.01779245634142096,3.2040770732483286,,0.000997215294368416,,76.07797770895016,18.87677391926954,,104.44530613407208,76.05850856319354,25.06188183681221,94.40460161342742,38.52182286256438,17.48014586138877,,0.6809690340309386,,0.0552521714359332,0.17293325284863734,,0.08715655649923215,0.06786147044722442,0.1591937118654798,0.0037865842170538796,0.2698323599472167,0.10445357080857465,,,,0.1229,2458.0,0.6072975,0.607048,0.6779715,0.65653634,0.5823014,0.58969694,0.6135278,0.5784318,0.5056500434875488,0.8330395002365112,0.5848999619483948,0.8330395002365112,0.024,24.0,0.2772328302954626,0.283401224872799,0.2793979800914388,0.3433815883718456,0.3648758787573458,0.36406286370184393,0.35428300582408057,0.35201943497445876,0.3533262706457359,0.0009555222003900642,0.0004837456490056584,0.000716828869187379,-0.00709104611734222,-0.004696092918770835,-0.008077819145087718,-0.00037012241001174604,-0.002327827732864289,-0.0005799467988304104,0.55850005,0.5968182,0.53953487,0.5726974,0.6170732,0.58385825,0.56968504,0.63901514,0.5005499720573425,0.7986808161735535,0.6037000417709351,0.7986808161735535,0.026,26.0,0.3041278188766254,0.30128119627191974,0.30578595605201686,0.40046062820469064,0.3897640967554737,0.39741089239241834,0.3740817402430603,0.37103472478422855,0.37498230692413215,-0.009185479666994066,-0.009708026878238699,-0.00934887358174912,-0.0064935674029472324,-0.008177327434771044,-0.009436150056973154,-0.009153752109656101,-0.010178742748084677,-0.00961845907099148,0.61491936,0.60450447,0.7105839,0.60343516,0.53373986,0.6127193,0.5504065,0.5894161,0.5031000077724457,0.8158601582050323,0.5943000018596649,0.8158601582050323,0.025,25.0,0.290680324586044,0.2923412105723594,0.2925919680717278,0.37192110828826813,0.37731998775640974,0.38073687804713113,0.36418237303357043,0.3615270798793436,0.36415428878493405,-0.004114978733302001,-0.00461214061461652,-0.00431602235628087,-0.006792306760144726,-0.00643671017677094,-0.008756984601030436,-0.004761937259833923,-0.006253285240474483,-0.005099202934910945,0.58670974,0.60066134,0.62505937,0.5880663,0.57540655,0.5982888,0.5600458,0.6142156,2026-10-06T12:29:59.055018
34,0.6149425506591797,0.5029452443122864,0.7800380756378174,0.6160498857498169,0.7800380756378174,0.8415442381858825,0.9271126150131226,2.6083578395843507,0.22372747564315795,5.289104362869263,1.9122552360534668,1.0,10.0,,,,,0.49986925315856934,0.49986925315856934,,,,17.451018444824218,1.3013937425663231,0.07484522095813184,,0.0893593785326311,1.2184526571042977,0.142914855935771,0.0007524939998576512,0.018524985551347684,3.1368227656100207,,0.0022798290469923394,,76.04265784002413,18.851517088094333,,104.43901164060945,76.0220126498277,25.027845807895538,94.39896801019171,38.51186438882427,17.4509956457053,,0.6480719401578235,,0.05637532937678562,0.17366858225339538,,0.08797734781245517,0.06879422006903181,0.16151080664935386,0.003814490469006501,0.27427207056883796,0.10605618281728903,,,,0.1434,2868.0,0.6068965,0.60511476,0.6833003,0.6593405,0.5873637,0.5907677,0.6149048,0.5792668,0.4970499873161316,0.8527300930023194,0.5741000771522522,0.8527300930023194,0.024,24.0,0.2402388133953919,0.23524484506034737,0.23907374087818942,0.3226951470934719,0.3209416737251941,0.3152958739939047,0.3155538924299825,0.3155315029242934,0.31554588795549304,-0.00905706319071804,-0.01141881872097438,-0.009938168530037162,-0.008743547587716541,-0.029674575103753504,-0.012681171824993882,-0.006871626930929602,-0.00744622486751937,-0.006969217600566868,0.5655,0.585,0.51124036,0.55657893,0.62479675,0.5811024,0.5503937,0.6219697,0.5021000504493713,0.793059720993042,0.6079999804496765,0.793059720993042,0.024,24.0,0.3648986697165953,0.3604006582717663,0.36594844309675895,0.4355843072791394,0.4149346878898024,0.43332795466668556,0.44044142109777207,0.44099396249422423,0.44037572048151646,-0.0075046574675589235,-0.008273421975069003,-0.00800955761508864,-0.00934724185255374,-0.010724836589664928,-0.010511613164894526,-0.006817377045407634,-0.007073935721478963,-0.007490211486755518,0.6217742,0.62747747,0.73759127,0.5874046,0.53089434,0.6070176,0.55,0.5919708,0.49957501888275146,0.8228949069976808,0.5910500288009644,0.8228949069976808,0.024,24.0,0.3025687415559936,0.2978227516660569,0.30251109198747417,0.3791397271863056,0.3679381808074983,0.3743119143302951,0.3779976567638773,0.3782627327092588,0.37796080421850475,-0.008280860329138481,-0.009846120348021691,-0.008973863072562902,-0.00904539472013514,-0.020199705846709215,-0.011596392494944204,-0.0068445019881686175,-0.007260080294499167,-0.007229714543661192,0.5936371,0.6062387,0.6244158,0.5719918,0.5778456,0.59405994,0.5501969,0.60697025,2026-10-06T12:33:55.979484
35,0.6171525716781616,0.4985722601413727,0.7755501312255859,0.6176649332046509,0.7755501312255859,0.844847991847992,0.9307834542274475,2.5998547393798828,0.23339567551612855,5.327872532653808,1.9026272424697876,1.0,10.0,,,,,0.4920018368244171,0.4920018368244171,,,,17.422148696899413,0.3433296108962434,0.027914077366826832,,0.032198406305092915,1.2312072048521345,0.14367117240408045,0.0005072015815912775,0.01380312681838775,3.235628569012235,,0.0010805361324374952,,76.00683083503868,18.83204511168656,,104.44160169856563,75.98522157122375,24.99381689812727,94.39303000869265,38.53738432477234,17.42212494771192,,0.6432249462528593,,0.05716124997966608,0.1764799158094795,,0.0893003052207315,0.06975503764144934,0.1640989455827482,0.003842662385172525,0.28178628178159143,0.10790627644320203,,,,0.13485,2697.0,0.61629915,0.6122433,0.68724245,0.65604264,0.57963395,0.59090906,0.61838806,0.57945013,0.501300036907196,0.8428573431968689,0.5789998769760132,0.8428573431968689,0.025,25.0,0.27787774451516856,0.27599801760071113,0.2785880887778801,0.35096624057093284,0.3471411904704745,0.3511442049131006,0.33124953961433207,0.31406854761552927,0.32986203795094254,-0.020432652438306397,-0.021247863947210805,-0.020562977546815957,-0.019939089588409654,-0.026801777107701114,-0.019829889556362806,-0.02024786851533294,-0.02957401286481407,-0.019236452251041484,0.537,0.57681817,0.5306202,0.5674342,0.63048786,0.57007873,0.57716537,0.63560605,0.5093500018119812,0.7958285994529725,0.6061500310897827,0.7958285994529725,0.024,24.0,0.3667458700583427,0.3655883023695294,0.3682343642722799,0.4509456633972738,0.4432795544668633,0.4478792195430559,0.4472529546417606,0.4301618346418878,0.44782630544485164,-0.004750946509738793,-0.005092974526503311,-0.004650784689016448,-0.007898395961315285,-0.01189058549170549,-0.009077976392214178,-0.0029789561511550685,-0.005308756808669242,-0.00296900883191054,0.6254032,0.62072074,0.72262776,0.5885496,0.53292686,0.6144737,0.5487805,0.58759123,0.5053250193595886,0.8193429713249207,0.592574954032898,0.8193429713249207,0.0245,24.5,0.3223118072867556,0.32079315998512026,0.32341122652508003,0.40095595198410333,0.39521037246866886,0.39951171222807824,0.3892512471280464,0.3721151911287085,0.3888441716978971,-0.012591799474022594,-0.013170419236857057,-0.012606881117916201,-0.01391874277486247,-0.0193461812997033,-0.014453932974288493,-0.011613412333244005,-0.017441384836741656,-0.011102730541476011,0.5812016,0.5987694,0.626624,0.5779919,0.58170736,0.5922762,0.5629729,0.6115986,2026-10-06T12:37:51.902006
36,0.6167170405387878,0.5005824565887451,0.7771102179527283,0.6168203353881836,0.7771102179527283,0.8490901840209961,0.9354969979286194,2.643394965362549,0.20875616817474366,5.487868656921386,1.9342976175308229,1.0,10.0,,,,,0.513044234752655,0.513044234752655,,,,17.393088214111327,0.5276362822586849,0.05281727701784438,,0.05039220328656304,1.1916717913500063,0.15527862042283555,0.0006391666101990268,0.016056943512788625,3.5032071418063655,,0.0009946026372055748,,75.96989683892316,18.806250311007165,,104.43103095376567,75.9489251883926,24.96135485703778,94.3925672397492,38.53711416159466,17.393065215675694,,0.6596889078237449,,0.05773255660845216,0.1776507526256476,,0.08982982353609838,0.07059728567767296,0.16650164772750467,0.003993917996609571,0.28673260094253883,0.10939408829257746,,,,0.1324,2648.0,0.6163793,0.61359245,0.68876785,0.6528831,0.5845405,0.5887071,0.6138315,0.57448065,0.5075499415397644,0.8455693864822388,0.5781000852584839,0.8455693864822388,0.028,28.0,0.3001710701933035,0.3001571217161111,0.30074458005095395,0.35413935261348234,0.37016095881482186,0.35401172851870044,0.35278347171673313,0.3531946057437362,0.35255475145222814,-0.02267804386828027,-0.02313119095179211,-0.022824246035017915,-0.015673539527816555,-0.014722183561355148,-0.015734250759280848,-0.02215479363776751,-0.021613851602739605,-0.022228473565466127,0.5535,0.57681817,0.548062,0.56677634,0.602439,0.5822835,0.56259847,0.62840915,0.5013500452041626,0.7985614142417907,0.6047499775886536,0.7985614142417907,0.026,26.0,0.37206428527668356,0.37217068123691827,0.3738018877985817,0.4630107200390833,0.4477984988949955,0.4617255636945682,0.45239090835838025,0.4432990453307567,0.45369034506704214,-0.014973880439204333,-0.015115880082173978,-0.015013241799250038,-0.012785247786700102,-0.013828954991449165,-0.01271494976298644,-0.011797089991491372,-0.010110217480448545,-0.011640319988945625,0.61814517,0.62747747,0.75036496,0.5843512,0.5280488,0.60921055,0.5386179,0.5726278,0.5044499933719635,0.8220654003620147,0.5914250314235687,0.8220654003620147,0.027,27.0,0.33611767773499357,0.33616390147651465,0.3372732339247678,0.4085750363262828,0.4089797288549087,0.4078686461066343,0.4025871900375567,0.39824682553724644,0.4031225482596351,-0.018825962153742302,-0.019123535516983044,-0.018918743917133975,-0.014229393657258328,-0.014275569276402156,-0.014224600261133643,-0.01697594181462944,-0.015862034541594076,-0.016934396777205877,0.5858226,0.6021478,0.6492135,0.5755638,0.5652439,0.595747,0.55060816,0.60051847,2026-10-06T12:41:48.757361
37,0.6154100894927979,0.498722642660141,0.7791915367126465,0.6156550049781799,0.7791915367126465,0.8455842530250549,0.9316015173912048,2.5699528785705565,0.22940871767997742,5.4230487884521485,1.9912694766998291,1.0,10.0,,,,,0.48090832834243774,0.48090832834243774,,,,17.364496444702148,0.6117994720294218,0.03724954918080312,,0.037202772073400246,1.2637446237977144,0.1518336284170105,0.0006346741052059706,0.017085865457322758,3.393508469223217,,0.0016152639285803834,,75.933797265314,18.789136449242854,,104.42740635963003,75.91308831864862,24.927061749112074,94.39164486052884,38.54395148404844,17.364474667105704,,0.6887256681539451,,0.05856610454951122,0.18012459547656356,,0.09118455344704306,0.07158173601718465,0.16878004486014128,0.004137369572736655,0.29221574326229705,0.1109786827568036,,,,0.1333,2666.0,0.61210907,0.6141563,0.6837757,0.6614929,0.58097744,0.5898788,0.60929525,0.57211816,0.505649983882904,0.85885333776474,0.5701499581336975,0.85885333776474,0.025,25.0,0.33119689835807586,0.330107860713982,0.33168972767176064,0.38845005988348064,0.3901493692067191,0.38350507372829074,0.36638502359128056,0.3641620668103365,0.3651767806300017,-0.014652516096832095,-0.015279891001957688,-0.015341487240829208,-0.012529113400052387,-0.010495434615269196,-0.01554674800075913,-0.014667608322528038,-0.015486399365871092,-0.016105023023758592,0.5545,0.5772727,0.54341084,0.55230266,0.59390247,0.56771654,0.57519686,0.5981061,0.5067000389099121,0.7962830710411072,0.6041999459266663,0.7962830710411072,0.024,24.0,0.3500013863070419,0.34864541432357204,0.35241379945414075,0.4125480193949231,0.3995172451260339,0.4094516309618416,0.3810016683823088,0.3773921694091634,0.38427113581561106,-0.011269072540264656,-0.011943060652212631,-0.011728736122192388,-0.004906947805665419,-0.004244093732660427,-0.005968911570121014,-0.01632146211355035,-0.015891567564946342,-0.01675048979197982,0.6157258,0.61846846,0.76277375,0.5908397,0.5280488,0.60394734,0.54227644,0.56058395,0.5061750113964081,0.8275682044029236,0.5871749520301819,0.8275682044029236,0.0245,24.5,0.3405991423325589,0.339376637518777,0.3420517635629507,0.40049903963920186,0.39483330716637655,0.3964783523450662,0.3736933459867947,0.37077711810975,0.37472395822280635,-0.012960794318548376,-0.013611475827085159,-0.013535111681510798,-0.008718030602858903,-0.007369764173964812,-0.010757829785440072,-0.015494535218039195,-0.015688983465408715,-0.016427756407869205,0.5851129,0.5978706,0.65309227,0.5715712,0.5609757,0.58583194,0.5587367,0.579345,2026-10-06T12:45:45.446969
38,0.6132495403289795,0.5022880434989929,0.7834456583976745,0.613232433795929,0.7834456583976745,0.8533835171699524,0.9402673697471619,2.6354099449157715,0.24764103271961213,5.962253824615479,1.9973205936431884,1.0,10.0,,,,,0.5359928332328796,0.5359928332328796,,,,17.336885299682617,0.510436171446304,0.04478894311127959,,0.034217707888418984,1.2256121844243093,0.1532635826166648,0.0006630426272471839,0.022236792228309214,3.199891408157956,,0.0011584123824420903,,75.89698135473166,18.76798841148425,,104.42633173268312,75.87662379756854,24.897888584501423,94.3919392968439,38.57500406739059,17.33686601432266,,0.6917959721225082,,0.05928519282751023,0.18199191864129086,,0.09229417216436119,0.07247462579209334,0.17152803149192955,0.004245678084505022,0.29947472548788523,0.11271937898579676,,,,0.1252,2504.0,0.608741,0.6191301,0.6881141,0.65102684,0.5741823,0.5945253,0.6041515,0.56470466,0.504550039768219,0.8466453037261963,0.5788500308990479,0.8466453037261963,0.03,30.0,0.28670582617588014,0.28596018099458287,0.28851293070414835,0.31447002575064253,0.3130341774863061,0.31776472147813545,0.31312045806658556,0.31247705122397923,0.3158100073168342,0.00418351754018531,0.0035547397823044507,0.004895553590997691,-0.004688564375336646,-0.005427558001314088,-0.0030382987046809447,-0.002992527298608156,-0.0032476132811647992,-0.002438607279883773,0.549,0.5840909,0.5383721,0.56940794,0.6077236,0.57795274,0.57716537,0.62310606,0.5071000456809998,0.7896370878219604,0.608250081539154,0.7896370878219604,0.031,31.0,0.3439785336311284,0.3420171831569375,0.3453630871467815,0.42095557728825483,0.405575456020531,0.414559882795687,0.3949982179187557,0.3972602642255927,0.3988713824158881,-0.005574828628050265,-0.006057407497154016,-0.00540144873337444,-0.002553669403541839,-0.0045724753378739965,-0.0037902134241895643,-0.00946178854294435,-0.010161433161879592,-0.00951005751798593,0.62459683,0.63378376,0.75693434,0.58549625,0.53170735,0.6127193,0.549187,0.56386864,0.5058250427246094,0.8181411957740783,0.593550056219101,0.8181411957740783,0.0305,30.5,0.31534217990350427,0.3139886820757602,0.3169380089254649,0.3677128015194487,0.3593048167534185,0.36616230213691126,0.35405933799267064,0.35486865772478593,0.3573406948663611,-0.0006956555439324775,-0.0012513338574247825,-0.00025294757118837427,-0.0036211168894392425,-0.005000016669594042,-0.0034142560644352545,-0.006227157920776253,-0.006704523221522196,-0.005974332398934852,0.5867984,0.6089373,0.6476532,0.57745206,0.5697155,0.595336,0.56317616,0.5934874,2026-10-06T20:52:40.979510
39,0.6176197528839111,0.4992998540401459,0.7756771489143371,0.6180626749992371,0.7756771489143371,0.8456704884529114,0.9316973361015319,2.5696266609191896,0.19908951797485352,5.86593914642334,1.970886101913452,1.0,10.0,,,,,0.5403652827739716,0.5403652827739716,,,,17.309459841918944,0.41635640597884443,0.036890722473098596,,0.034619910804151444,1.2550332466508174,0.16505968513762115,0.0007233892808999024,0.022148526285531794,3.570479497028764,,0.0018462810703278162,,75.86238967992698,18.741015671165126,,104.42134531592107,75.8401373116074,24.87011113743873,94.3934966166308,38.75408546787918,17.309437211152094,,0.6784989590857439,,0.06040663027744384,0.18298158429230854,,0.0929472343462288,0.07331545489608862,0.17478129998513847,0.0043817932753094065,0.31823971374019694,0.1145427218952756,,,,0.13745,2749.0,0.61766243,0.6081756,0.6895008,0.66358614,0.57978976,0.5937778,0.6134467,0.57723016,0.49664998054504395,0.8576876883506774,0.5765999555587769,0.8576876883506774,0.03,30.0,0.3005348792227063,0.3001547665428691,0.30066116039341906,0.3467390049294953,0.3638213000186546,0.34720457791388504,0.34378732011154567,0.34392562527675136,0.3442626708524306,-0.01025806573611228,-0.010770119724116047,-0.009950940230043231,-0.012326244561096602,-0.016643132509929437,-0.011920576368542761,-0.016877457962744334,-0.01701820517913035,-0.016602667305120666,0.5545,0.59181815,0.56860465,0.55,0.58292687,0.5807087,0.5484252,0.6363636,0.5022000074386597,0.7964380807876587,0.6081000566482544,0.7964380807876587,0.027,27.0,0.3702998975919336,0.36692919445523825,0.3718476473967977,0.4485129057171358,0.4408613475003004,0.4500943637466658,0.44073767133093583,0.4196795663862851,0.42568358782128807,-0.011870333043269347,-0.012513835246872976,-0.011919180793244187,-0.010095749571984612,-0.013006146513181507,-0.011240885085413557,-0.00892090164205309,-0.01121218385688571,-0.011913753198590721,0.6354839,0.64099103,0.76678836,0.5706107,0.5252032,0.6219298,0.53008133,0.5667883,0.4994249939918518,0.8270628845691681,0.5923500061035156,0.8270628845691681,0.028499999999999998,28.5,0.33541738840731994,0.3335419804990537,0.3362544038951084,0.39762595532331557,0.4023413237594775,0.3986494708302754,0.3922624957212407,0.3818025958315182,0.38497312933685934,-0.011064199389690815,-0.01164197748549451,-0.01093506051164371,-0.011210997066540607,-0.014824639511555472,-0.011580730726978159,-0.012899179802398712,-0.01411519451800803,-0.014258210251855693,0.5949919,0.6164046,0.6676965,0.56030536,0.55406505,0.60131925,0.53925323,0.601576,2026-10-06T20:58:03.901714
40,0.6172649264335632,0.5011851787567139,0.7758407951354981,0.6174076795578003,0.7758407951354981,0.8427865446090699,0.9284929588317871,2.4994366386413573,0.189814007127285,5.706487705230713,1.983654286956787,1.0,10.0,,,,,0.5107638772964478,0.5107638772964478,,,,17.281570199584962,0.9072218107973125,0.09435284318948153,,0.06596691502706047,1.3000370059043738,0.16632149425471665,0.001103968770366687,0.024122316292398104,3.6465515241881086,,0.0015152093734854318,,75.8266667165574,18.716168664822913,,104.41285530624876,75.80367220738891,24.837555575522646,94.38876026906784,38.82044783671191,17.28154917431485,,0.6849198739999419,,0.06110645882832776,0.18459232550138122,,0.09345298787211156,0.07415263017841206,0.17754790927194486,0.00442209464622436,0.3277913417406143,0.11623595797332228,,,,0.1466,2932.0,0.62060946,0.6180427,0.6857964,0.6604661,0.57827103,0.59628284,0.6139328,0.5645214,0.49459999799728394,0.8421463046073914,0.583050012588501,0.8421463046073914,0.028,28.0,0.4008461666937729,0.4006676131340836,0.40191487568028333,0.4223720033503102,0.4552386489816102,0.42218217720683987,0.43317149668259886,0.43302433075577096,0.43288143200888646,0.010090233489187013,0.010052841441533778,0.010883180460275718,-0.001031464875670036,0.0016564843425432242,-0.0009323663207459243,0.004048285789272212,0.00390901394121942,0.003948129944834302,0.5855,0.59727275,0.55503875,0.5671053,0.6313008,0.5523622,0.56456697,0.61742425,0.49890005588531494,0.8171298847198486,0.5972000360488892,0.8171298847198486,0.032,32.0,0.40834559286527344,0.4075275612038203,0.4107705980178275,0.4311547062500281,0.44113130259617095,0.43595680025484607,0.44878986546595445,0.4474311271427824,0.44833967897782817,-0.0012492341398258567,-0.0020837803237005567,-0.0013857988078805673,0.0011302001164306622,0.004410760178004735,0.002148620849901221,0.0001045624962274037,-0.00040733624071378067,-0.0006139502374454446,0.6040323,0.63423425,0.700365,0.5954198,0.5296748,0.6149123,0.5581301,0.54051095,0.49675002694129944,0.8296380946636199,0.5901250243186951,0.8296380946636199,0.03,30.0,0.40459587977952316,0.40409758716895194,0.4063427368490554,0.42676335480016914,0.4481849757888906,0.42906948873084294,0.4409806810742767,0.44022772894927664,0.4406105554933573,0.004420499674680578,0.003984530558916611,0.0047486908261975755,4.9367620380313124e-05,0.0030336222602739796,0.0006081272645776484,0.002076424142749808,0.0017508388502528198,0.0016670898536944286,0.59476614,0.61575353,0.6277019,0.5812626,0.58048785,0.58363724,0.56134856,0.5789676,2026-10-06T21:03:25.053317
41,0.6169479489326477,0.500480592250824,0.7801393162727356,0.6175450086593628,0.7801393162727356,0.8285282705307007,0.9126504270553589,2.214102737045288,0.19980783191919327,5.8041270645141605,1.9774437131881715,1.0,10.0,,,,,0.49719794907569886,0.49719794907569886,,,,17.25678178100586,0.88779236738137,0.09759949190856497,,0.08527531811469205,1.2924720155205696,0.24833092558535802,0.00250563064254939,0.07405824546411538,3.176390633841229,,0.005103810783123426,,75.79112705303605,18.69343241308905,,104.42662830717245,75.76751456291053,24.822179490593587,94.3905011802722,39.10644273697191,17.256768086913286,,0.6816546385455283,,0.06168631084595516,0.18714887615601727,,0.09583269576927658,0.07491388067508199,0.18208591279330527,0.004778338388605103,0.3528159144957354,0.11929719496494645,,,,0.16735,3347.0,0.61319166,0.6160492,0.680626,0.6682859,0.57780373,0.5987677,0.6212434,0.56307536,0.5023999810218811,0.8637871923446655,0.5776500701904297,0.8637871923446655,0.029,29.0,0.5188948518279092,0.5197179390940391,0.5211810799348496,0.42490277479239136,0.4249729571593914,0.4250147998367587,0.4766936037051762,0.47661195221138214,0.47666636047177796,0.029016060326778916,0.029416244548568376,0.029350474811194245,0.029072345997673363,0.027507891153166535,0.027320422709388656,0.029619203088773298,0.0294094086661755,0.029587271978689326,0.5725,0.6040909,0.5612403,0.5542763,0.59837395,0.56929135,0.5377953,0.62954545,0.4966000020503998,0.8238924045562744,0.6011000275611877,0.8238924045562744,0.027,27.0,0.5160492876320972,0.5195791644917398,0.5219240665930577,0.39709966509856287,0.413935103859682,0.40585251430885294,0.48596102920326667,0.49125982768250365,0.48705938493196915,-0.0021172676417235553,-0.0020862646242900498,-0.002180539052194422,-0.005416357171923035,-0.006137255498348654,-0.005827965426605569,-0.004193500998134027,-0.004696234477711763,-0.0048726678750885015,0.621371,0.62117124,0.7543796,0.578626,0.5170732,0.6105263,0.5349594,0.5616789,0.49949999153614044,0.84383979845047,0.5893750488758087,0.84383979845047,0.028,28.0,0.5174720697300033,0.5196485517928895,0.5215525732639537,0.4110012199454771,0.41945403050953667,0.41543365707280583,0.48132731645422144,0.4839358899469429,0.48186287270187356,0.01344939634252768,0.013664989962139162,0.013584967879499912,0.011827994412875164,0.01068531782740894,0.010746228641391544,0.012712851045319636,0.01235658709423187,0.012357302051800412,0.5969355,0.6126311,0.65781,0.56645113,0.5577236,0.58990884,0.5363773,0.59561217,2026-10-06T21:08:46.868811
42,0.6206899881362915,0.5009027719497681,0.7740853998184204,0.6207250952720642,0.7740853998184204,0.8192543342590332,0.9023460659027099,2.1211210523605346,0.2178018763065338,6.140528379058838,1.9258315265655517,1.0,10.0,,,,,0.4890504976272583,0.4890504976272583,,,,17.230670166015624,0.6104686283951353,0.05242137398547048,,0.058101973597221315,1.2662394904786614,0.3126575018569922,0.002047773241510342,0.06990943204872548,3.5681087499970845,,0.002966084869472446,,75.75621810232758,18.670141633149164,,104.42957558601525,75.7312389300887,24.805482815785012,94.3890025630878,39.35425941807449,17.230648101515072,,0.6553523149459984,,0.062468052384959664,0.18825118860621362,,0.09777397467831897,0.0756421648677747,0.1871834296709413,0.004875803971366518,0.3737408847186216,0.12186851993108251,,,,0.16365,3273.0,0.6146151,0.6111156,0.6879358,0.6637836,0.5846378,0.6011111,0.6245443,0.5768228,0.503350019454956,0.8417148752212524,0.5834500193595886,0.8417148752212524,0.028,28.0,0.3853375086018109,0.3857993472213852,0.3840585419257778,0.378351174718678,0.37514787168520647,0.374900655029048,0.3936374546084672,0.39296462913798497,0.38916516805163903,0.0036234340458904,0.0030077087303368366,0.0028239598460873074,-0.013093304239780898,-0.012840863557612651,-0.013020317988989583,-0.0009392976205241808,-0.002179192691338128,-0.0005163709081651933,0.5525,0.5790909,0.53333336,0.56677634,0.63739836,0.5850394,0.5641732,0.6454546,0.5033000707626343,0.7873151979446411,0.6143000721931458,0.7873151979446411,0.026,26.0,0.46091789756602475,0.46246361229356625,0.46488126391607854,0.49899920203753406,0.4975345125073643,0.5005579152428004,0.47283401061771213,0.4734316144153677,0.4734575859297812,-0.0014761402759135088,-0.0014712482670434029,-0.0015292710511777346,0.0022282986024152957,0.002388125460191594,0.0016435404327178852,-0.00036326030702893723,-0.00031798479234557185,-0.00132386516112996,0.62580645,0.6283784,0.739781,0.6007634,0.5361789,0.6118421,0.550813,0.6091241,0.5033250451087952,0.8145150365829468,0.5988750457763672,0.8145150365829468,0.027,27.0,0.4231277030839178,0.4241314797574757,0.4244699029209282,0.43867518837810604,0.4363411920962854,0.4377292851359242,0.4332357326130897,0.4331981217766763,0.4313113769907101,0.0010736468849884455,0.0007682302316467168,0.0006473443974547864,-0.005432502818682801,-0.0052263690487105285,-0.005688388778135849,-0.000651278963776559,-0.00124858874184185,-0.0009201180346475766,0.58915323,0.6037346,0.6365572,0.58376986,0.58678865,0.59844077,0.5574931,0.62728935,2026-10-06T21:14:07.492596
43,0.6200076937675476,0.5024927854537964,0.7705724474906921,0.6208378076553345,0.7705724474906921,0.8234119564056397,0.9069656403541565,2.113416958618164,0.20352934482097626,6.294071910095215,1.9355658887863159,1.0,10.0,,,,,0.5059875446796417,0.5059875446796417,,,,17.203183575439454,0.3573328281046858,0.025433482888457218,,0.028229609102153094,1.3619866598943235,0.22623318018522232,0.0011821821164028352,0.043156217030326655,3.381256122308172,,0.001135876550848294,,75.71966159115931,18.6464057849471,,104.42053300408041,75.69520904152256,24.778145456010368,94.38752352963587,39.39222858210278,17.2031610816907,,0.6604070800125219,,0.06304795029246883,0.18908921510550628,,0.09827706839438456,0.07647514912732847,0.18990170727869507,0.004926274305173926,0.38010450912888644,0.12324648326749255,,,,0.15255,3051.0,0.60314757,0.61316955,0.68116087,0.6829779,0.585553,0.5978586,0.62426084,0.5770876,0.5020501017570496,0.8617843952178955,0.5767000913619995,0.8617843952178955,0.028,28.0,0.3421677237104406,0.3436403092859164,0.3424337294957771,0.3564253151005839,0.3620881460354873,0.356569139491953,0.36913506667951024,0.3736646230829232,0.368961145494416,0.0009998100789800047,0.002283857703469068,0.0016101282234680114,-0.013858624423876267,-0.013206546815660357,-0.013678459534017494,0.0026665698966657375,-0.002872434394437761,0.0029791913828870775,0.5505,0.585,0.5375969,0.5519737,0.6101626,0.5767717,0.5610236,0.6401515,0.49629998207092285,0.7894822788238526,0.6150501370429993,0.7894822788238526,0.025,25.0,0.461927830780363,0.462800981858228,0.46438368345229825,0.4868144899330206,0.49249667066939967,0.48766614755626847,0.46972193703193305,0.46840320466370455,0.4689173088887886,-0.003182450248928991,-0.002740263725852077,-0.003032665564719281,0.000885255696827506,0.0032320197081957707,0.0005864080922581228,-0.004442388327399033,-0.004919340861721169,-0.005334845948426088,0.63508064,0.63243246,0.7565693,0.59999996,0.5333333,0.61710525,0.54308945,0.5919708,0.4991750419139862,0.825633337020874,0.5958751142024994,0.825633337020874,0.026500000000000003,26.5,0.40204777724540175,0.40322064557207216,0.4034087064740377,0.42161990251680226,0.4272924083524435,0.42211764352411074,0.41942850185572167,0.4210339138733139,0.41893922719160226,-0.0010913200849744932,-0.0002282030111915045,-0.0007112686706256347,-0.00648668436352438,-0.004987263553732293,-0.006546025720879685,-0.0008879092153666476,-0.003895887628079465,-0.0011778272827695053,0.5927903,0.60871625,0.6470831,0.57598686,0.57174796,0.5969385,0.55205655,0.61606115,2026-10-06T21:19:28.151239
44,0.6202123761177063,0.4997275471687317,0.7685836024284363,0.6208152770996094,0.7685836024284363,0.824722568321228,0.908421876335144,2.1249546562194825,0.1885830493450165,6.241497412109375,1.9652799901962281,1.0,10.0,,,,,0.5002343932628631,0.5002343932628631,,,,17.177526443481444,0.4730230867032223,0.03300760625223896,,0.03416973917454386,1.2873386078199762,0.2034502797967689,0.001062142649542386,0.037769485834487686,3.2708975832173777,,0.0014952318313497099,,75.68358631498495,18.621455502358213,,104.41073559803569,75.65912069332828,24.744686576211528,94.387373274299,39.402419412212005,17.177503840938495,,0.6756349346440309,,0.06366626837640811,0.18998915488552895,,0.09862088416792025,0.07734972281250985,0.19173031485384437,0.004926536709758317,0.3845177716130664,0.12547321361341293,,,,0.15225,3045.0,0.61024463,0.6071285,0.6840333,0.6776856,0.5872469,0.59959596,0.61952204,0.57955194,0.4944499731063843,0.8442409400939941,0.5825999975204468,0.8442409400939941,0.027,27.0,0.2715787503644566,0.27420383922513875,0.2725555611803137,0.3202485791455179,0.31130739988303757,0.3160272402673414,0.3046609277970558,0.3027186879224276,0.30443668978716965,-0.023180846224358925,-0.020329486827120127,-0.021884621075059032,-0.02280491041075794,-0.017277731051327953,-0.019595826215626076,-0.023316241110301276,-0.02272358139979964,-0.02309106942467928,0.546,0.5686364,0.5170543,0.5802632,0.6589431,0.5559055,0.5905512,0.63560605,0.5050999522209167,0.804179356098175,0.6067000031471252,0.804179356098175,0.029,29.0,0.3312630708334971,0.3246222465418756,0.33132951001816285,0.41101354090189274,0.3859651207644335,0.3991128367304903,0.38460746917312855,0.3828676921716697,0.3740304130354508,-0.00028627963813537897,-0.0010507588509696521,-0.001461852276041691,-0.006324519572708205,-0.006149956616690698,-0.01036537514887495,-0.005290320841537136,-0.005108718008588373,-0.008675427865364085,0.61129034,0.6216216,0.7116788,0.62480915,0.5268293,0.6048246,0.55609757,0.5868613,0.4997749626636505,0.8242101480960846,0.594650000333786,0.8242101480960846,0.028,28.0,0.30142091059897685,0.2994130428835072,0.3019425355992383,0.3656310600237053,0.3486362603237355,0.3575700384989159,0.34463419848509214,0.34279319004704867,0.33923355141131023,-0.011733562931247152,-0.010690122839044889,-0.011673236675550362,-0.014564714991733072,-0.011713843834009325,-0.014980600682250513,-0.014303280975919206,-0.013916149704194008,-0.015883248645021684,0.57864517,0.595129,0.61436653,0.6025362,0.5928862,0.58036506,0.5733244,0.6112337,2026-10-06T21:24:47.267195
45,0.6204952597618103,0.49692490696907043,0.7682389719009399,0.620832622051239,0.7682389719009399,0.8250376261711121,0.9087719363212585,2.124529995918274,0.18666915810108184,6.037936569213867,1.9968567026138306,1.0,10.0,,,,,0.4638762272357941,0.4638762272357941,,,,17.150318557739258,0.451292547071056,0.039084658224675446,,0.035629866714440996,1.2707316985555515,0.21478697102350794,0.001061399288912627,0.03877334163826742,3.346282342816614,,0.0013037783463202286,,75.64868232095317,18.59345415443372,,104.40159942238193,75.62326992545158,24.711869816871207,94.39010892248457,39.41689621263249,17.150292779230007,,0.6915619593517036,,0.06421100946178862,0.19071033672921978,,0.09930096419563719,0.07821395494945489,0.1938099000294497,0.005000217577478119,0.389191517974161,0.12700528010820886,,,,0.15205,3041.0,0.6175822,0.60932344,0.68413234,0.66966826,0.5826324,0.5952121,0.6245443,0.5823829,0.5035500526428223,0.8609499354362488,0.574600100517273,0.8609499354362488,0.035,35.0,0.33972296511003064,0.3475251229110153,0.34039218623872414,0.33637648950261173,0.3516572072878316,0.32870831685067325,0.34962066472786557,0.34973511787841305,0.3438807168414469,-0.0042797396316961245,-0.004938793770525907,-0.004182052482065905,-0.009732168391919153,-0.0067925916642332775,-0.007671465564319949,-0.008528931590135768,-0.00874841338266419,-0.009607825836717038,0.523,0.5631818,0.53527135,0.5730263,0.6235773,0.57204723,0.5519685,0.64204544,0.5072999596595764,0.7967718458175659,0.6075499653816223,0.7967718458175659,0.03,30.0,0.3982850884374789,0.4012179086110657,0.4021807614691052,0.42124693286622317,0.4394236250757502,0.4321154884608829,0.42998796936413525,0.4320952562890694,0.4310677753374952,-0.006523071860920637,-0.007185131626046629,-0.006701894906460926,-0.008162570054852445,-0.00714421079519225,-0.008191404801158006,-0.0059271293622740915,-0.0061007561925196935,-0.0067304029381245615,0.61935484,0.6261261,0.7474453,0.5870229,0.5276423,0.5929825,0.5626017,0.58576643,0.5054250061511993,0.8288608906269073,0.5910750329494476,0.8288608906269073,0.0325,32.5,0.36900402677375477,0.3743715157610405,0.37128647385391467,0.3788117111844175,0.3955404161817909,0.38041190265577807,0.3898043170460004,0.39091518708374123,0.387474246089471,-0.005401405746308381,-0.006061962698286268,-0.005441973694263415,-0.0089473692233858,-0.0069684012297127635,-0.007931435182738977,-0.0072280304762049295,-0.007424584787591942,-0.0081691143874208,0.5711774,0.59465396,0.6413583,0.5800246,0.5756098,0.5825149,0.5572851,0.6139059,2026-10-06T21:30:07.892976
46,0.6193771362304688,0.4979448616504669,0.771042061328888,0.6195226311683655,0.771042061328888,0.8360693720817566,0.9210294275283814,2.2831978105545043,0.20581726949214935,6.1575832878112795,1.985461812210083,1.0,10.0,,,,,0.4596297070980072,0.4596297070980072,,,,17.12078614807129,0.4284905030682778,0.04513584996520239,,0.03658387258316681,1.2767398797782363,0.2041559707919124,0.000742400502363386,0.027150528683404253,3.6353762132726657,,0.0009532766951011512,,75.61306821009155,18.563910611875496,,104.39572823882862,75.58738052465354,24.67688663749938,94.38874471870957,39.38285659984419,17.12076483562494,,0.6858489703220926,,0.06488014007829557,0.19132029886837978,,0.1002048449056923,0.07896403925623863,0.19564600023114756,0.005042385360356539,0.3906721822015799,0.12816961280479552,,,,0.141,2820.0,0.61533684,0.602356,0.69164026,0.6666667,0.58753896,0.58460605,0.62087893,0.58566195,0.4993000328540802,0.8514623031616211,0.5734500288963318,0.8514623031616211,0.029,29.0,0.3037991582939975,0.3069343683272959,0.30500884071591283,0.37086793290942577,0.3785670762236786,0.3716475394790952,0.33266741764185853,0.33267078399622446,0.3347474004108888,-0.01982932298459286,-0.020035317958717457,-0.020132803603683403,-0.019215267577146183,-0.025028854389157362,-0.021704371530012125,-0.018399010314631016,-0.01843234960901531,-0.018262676562392766,0.519,0.5736364,0.54651165,0.5615131,0.61219513,0.580315,0.53740156,0.6465909,0.4931499660015106,0.7907962112426757,0.6073499917984009,0.7907962112426757,0.031,31.0,0.37461928052317317,0.3738938621144832,0.3775187704714841,0.4343114481829146,0.44127091752426945,0.44091759588451845,0.40610185043932884,0.4061954881978106,0.4063158161650483,-0.014923535085829496,-0.015881697442937808,-0.015162731702256188,-0.011217697346631587,-0.011502813786638803,-0.01283925709528781,-0.01445267386965738,-0.01476372913457128,-0.014332520760139413,0.61129034,0.62027025,0.7609489,0.58931303,0.5333333,0.6114035,0.53943086,0.5810219,0.4962249994277954,0.8211292572021485,0.5904000103473663,0.8211292572021485,0.03,30.0,0.33920921940858534,0.3404141152208896,0.34126380559369845,0.4025896905461702,0.40991899687397404,0.4062825676818068,0.3693846340405937,0.36943313609701756,0.37053160828796855,-0.017376429035211177,-0.01795850770082763,-0.017647767652969795,-0.015216482461888885,-0.018265834087898083,-0.01727181431264997,-0.016425842092144198,-0.016598039371793296,-0.01629759866126609,0.56514513,0.59695333,0.6537303,0.5754131,0.5727642,0.5958593,0.5384162,0.61380637,2026-10-06T21:35:29.688711
47,0.6182800531387329,0.5010347962379456,0.7723611903190613,0.6191397905349731,0.7723611903190613,0.8344752268791199,0.9192581554412842,2.2730979539871217,0.20045861508846283,5.933251120758056,1.9885833333969116,1.0,10.0,,,,,0.45224304666519166,0.45224304666519166,,,,17.094003735351563,0.40553803446518766,0.043567657341682324,,0.036731188416119165,1.2167530606506736,0.19009388157516527,0.0007947613605651055,0.027977479710747863,3.5534121409343307,,0.0013102629281481087,,75.57541374643897,18.53831190364376,,104.3887512304221,75.55155833056018,24.643269204789664,94.38802949941842,39.36554059557095,17.09398121438968,,0.6874058314949084,,0.06522473289518599,0.19226076686458224,,0.10082881655662683,0.07956608009945815,0.19748527599368126,0.005095122468058661,0.39315635858068043,0.12961247506415008,,,,0.1446,2892.0,0.62231356,0.61490136,0.6950872,0.6494273,0.5833528,0.5929899,0.6118469,0.5820163,0.5023499727249146,0.8593642463684082,0.5740500092506409,0.8593642463684082,0.03,30.0,0.33801446970948734,0.3405829426882696,0.3411506345165402,0.31812289961602325,0.3185787211438661,0.31921587889545455,0.338924866089725,0.34026856926886834,0.3399451694609239,-0.008408992791745312,-0.007465340286031338,-0.00767559814902206,-0.014838177888157918,-0.014179791057837328,-0.014349416172687824,-0.014090552646170363,-0.013198435624664407,-0.013710049388348858,0.5605,0.57454544,0.5744186,0.5483553,0.58739835,0.572441,0.5346457,0.6401515,0.49880000948905945,0.8072204422950745,0.5985499620437622,0.8072204422950745,0.025,25.0,0.3960870880949307,0.3980177591266806,0.40029629518868737,0.41488071894260253,0.4222359559952339,0.4195487474027755,0.41291512292806976,0.40312760548569593,0.41315943482517875,-0.007128097521049041,-0.007233810562197675,-0.007206559814798564,-0.013159448672216741,-0.012072434001027747,-0.013061019309150983,-0.006290390314784932,-0.006939211789418373,-0.006799421036771996,0.6169355,0.62027025,0.74963504,0.56564885,0.5146342,0.59780705,0.52926826,0.5828467,0.500574991106987,0.8332923443317414,0.5862999856472015,0.8332923443317414,0.0275,27.5,0.36705077890220905,0.3693003509074751,0.37072346485261376,0.36650180927931286,0.37040733856955,0.369382313149115,0.37591999450889735,0.37169808737728216,0.37655230214305135,-0.007768545156397176,-0.007349575424114506,-0.007441078981910312,-0.01399881328018733,-0.013126112529432538,-0.013705217740919404,-0.010190471480477647,-0.01006882370704139,-0.010254735212560427,0.58871776,0.5974078,0.6620268,0.55700207,0.5510163,0.585124,0.531957,0.6114991,2026-10-06T21:40:49.548922
48,0.6204773783683777,0.503057599067688,0.7686288109779358,0.6207927465438843,0.7686288109779358,0.8361637082099914,0.9211342501640319,2.2748270071029664,0.18007144634723662,6.04925744934082,1.995694835472107,1.0,10.0,,,,,0.44070867438316347,0.44070867438316347,,,,17.067193643188478,0.4170249336322022,0.030068388205780915,,0.029683419613013413,1.3464796114119755,0.21169614611537593,0.0009252297733524802,0.0328181392875067,3.800903958120164,,0.0011389641217328683,,75.53943478529621,18.51291765832597,,104.38489396405068,75.51491089839085,24.608342638440952,94.38857094345579,39.395050000233255,17.067172627540153,,0.6909881344266758,,0.06593329179438816,0.19330477667082646,,0.10171815795693429,0.0802144605642671,0.19962810463966077,0.0051433950288897485,0.3985703297101768,0.13132260160841,,,,0.1454,2908.0,0.6186247,0.6034233,0.6934628,0.67292655,0.5830997,0.5939798,0.6192588,0.58008146,0.4964500069618225,0.8428764696121216,0.5814000964164734,0.8428764696121216,0.027,27.0,0.2964825828985785,0.291658807953533,0.29661593116979096,0.33061670048164543,0.3032011857477894,0.31088448186991535,0.2903042192829516,0.2931034916894001,0.29022398451383513,-0.0036588113727946073,-0.006283795320451954,-0.0033515360249688404,-0.0007656283192018954,-0.013098298128930097,-0.009139203243380719,-0.02100779604588161,-0.019918036134480028,-0.021157415476514015,0.568,0.5790909,0.51085275,0.5736842,0.6540651,0.5783465,0.53622043,0.65000004,0.5008500218391418,0.7938551955223083,0.6075000166893005,0.7938551955223083,0.028,28.0,0.3540995169064176,0.35201651653431315,0.35732605252343963,0.4238359898344576,0.4210322770480514,0.41990976055735263,0.3895351074157636,0.38770411098873736,0.3897480751791171,-0.009628975478137888,-0.010150258480629443,-0.00971578167464893,-0.013608310259573061,-0.013455398679294451,-0.013722534315288713,-0.014134892574126492,-0.015450428985563612,-0.014357106708617449,0.61008066,0.6148649,0.71459854,0.6183206,0.5313008,0.6127193,0.5711382,0.57846713,0.4986500144004822,0.818365832567215,0.594450056552887,0.818365832567215,0.0275,27.5,0.325291049902498,0.3218376622439231,0.32697099184661527,0.37722634515805153,0.36211673139792044,0.365397121213634,0.3399196633493576,0.3404038013390687,0.3399860298464761,-0.006643893425466248,-0.008217026900540698,-0.006533658849808885,-0.007186969289387478,-0.013276848404112274,-0.011430868779334715,-0.017571344310004053,-0.01768423256002182,-0.017757261092565733,0.58904034,0.5969779,0.6127256,0.5960024,0.59268296,0.5955329,0.55367935,0.6142336,2026-10-06T21:46:10.120317
49,0.622607409954071,0.4998146891593933,0.7638992941856384,0.6230127215385437,0.7638992941856384,0.8483502876281739,0.9346748944282531,2.42326969165802,0.18834817786216737,6.336877841186523,1.9955730381011962,1.0,10.0,,,,,0.4619306035041809,0.4619306035041809,,,,17.041551583862304,0.6005175122220046,0.03830419612490827,,0.033847012502218415,1.31506777455093,0.18019732233777547,0.0007176269225814754,0.024342955101969516,3.618354760917129,,0.0010816888521024276,,75.50567301367498,18.49085534454151,,104.37813840246504,75.47891128442849,24.57637166065775,94.38590532047733,39.40360034043622,17.041531896894906,,0.690918654772886,,0.06727027057842085,0.19458700735477885,,0.10237100710914393,0.08092848600665475,0.20141441389253945,0.0051394524467978505,0.4027742595429633,0.1331401855512789,,,,0.13855,2771.0,0.61327183,0.61026984,0.68585575,0.6823657,0.58434576,0.60161614,0.6280883,0.5768839,0.4963499903678894,0.8650563740730286,0.572650134563446,0.8650563740730286,0.025,25.0,0.3614359716152072,0.36145871189299533,0.361866440125465,0.4066721644302326,0.4180090540205341,0.40694756163635204,0.4160785917671399,0.41716982097132704,0.41640387004355356,0.013549254848372744,0.01207903306674952,0.012389029329584503,0.00519756872400377,0.004737837354172556,0.0037362459545186395,0.008806886820382522,0.007684487570170486,0.007376182907902384,0.52900004,0.5377273,0.52674425,0.59375,0.68414634,0.5665355,0.5503937,0.57878786,0.503250002861023,0.8241766467094421,0.593299925327301,0.8241766467094421,0.029,29.0,0.35834850720436684,0.3590619504792443,0.3626635954127514,0.43030818299474194,0.4213944919995443,0.43261135315837995,0.40917618852086746,0.3755709790767648,0.4108260852869858,-0.0010485934078732012,-0.0016086737391464135,-0.0008331258646903688,-0.002615538225251631,-0.0067274751982087586,-0.0022622644148036874,-0.005396961816884023,-0.0070953123469418115,-0.005855856862518302,0.59153223,0.5927928,0.6569343,0.639313,0.5333333,0.5824562,0.5837399,0.55912405,0.4997999966144562,0.8446165103912353,0.5829750299453735,0.8446165103912353,0.027000000000000003,27.0,0.359892239409787,0.3602603311861198,0.3622650177691082,0.41849017371248726,0.4197017730100392,0.419779457397366,0.4126273901440037,0.3963704000240459,0.41361497766526967,0.006250330720249771,0.005235179663801553,0.005777951732447067,0.0012910152493760694,-0.0009948189220181014,0.000736990769857476,0.0017049625017492498,0.0002945876116143371,0.0007601630226920409,0.56026614,0.56526005,0.5918393,0.6165315,0.60873985,0.5744958,0.5670668,0.56895596,2026-10-06T21:51:32.950435
50,0.6216952800750732,0.5003700852394104,0.7639635754585266,0.6221949458122253,0.7639635754585266,0.847151717376709,0.9333431438446045,2.41586804523468,0.1942660094022751,6.365739255523682,1.9930109191894532,1.0,10.0,,,,,0.4917934986114502,0.4917934986114502,,,,17.01551107788086,0.5876945873402106,0.03407434384030094,,0.030298259552674973,1.359789451596084,0.19226506721394457,0.0007023309108784132,0.02736621621438557,3.9127634218923606,,0.0007426487972671062,,75.47181813428357,18.46818653033797,,104.36978635362759,75.4431667449368,24.54172373729147,94.38641201918293,39.36567768169816,17.015490137088072,,0.6896356329037125,,0.06848272500903743,0.19555913633222033,,0.10293538811480164,0.08174834158390192,0.2031505516000614,0.005165689954071477,0.4038916279555886,0.1347286851163123,,,,0.13375,2675.0,0.60994387,0.6016714,0.67878366,0.68985,0.5889603,0.5973536,0.6310652,0.57833,0.49215003848075867,0.8372072486877441,0.5815500020980835,0.8372072486877441,0.024,24.0,0.30162193977385965,0.3006828040397424,0.3016970057128918,0.37705228520881756,0.3621563659203921,0.3634352613764649,0.3737740122735375,0.373144376589648,0.37333228788900724,0.003018344468248937,0.0034486082790214237,0.003303930675779369,-0.001012316217353505,-0.0034404055381759904,-0.0007392823444051841,-0.003566000035360934,-0.00391004401564615,-0.00355065783904441,0.52800006,0.56363636,0.5127907,0.5911184,0.6918699,0.57519686,0.5456693,0.6310606,0.5029500722885132,0.7974124102592468,0.6021000146865845,0.7974124102592468,0.023,23.0,0.38835035240164023,0.38921773667436316,0.3906830599467732,0.463966418294346,0.4526254346641969,0.4645010045044382,0.4495758425401014,0.4271898320886876,0.4501778676067917,-0.009791264619738105,-0.009940449054343149,-0.009602958870949831,-0.008499446536144978,-0.009747808132579139,-0.008578048060480646,-0.01042273329367748,-0.011031581653475708,-0.010946238759496671,0.5975806,0.5927928,0.6883212,0.6427481,0.52845526,0.59605265,0.57520324,0.5839416,0.4975500553846359,0.8173098294734955,0.591825008392334,0.8173098294734955,0.0235,23.5,0.3449861460877499,0.3449502703570528,0.3461900328298325,0.4205093517515818,0.4073909002922945,0.41396813294045154,0.41167492740681944,0.4001671043391678,0.41175507774789943,-0.003386460075744584,-0.0032459203876608624,-0.003149514097585231,-0.004755881376749241,-0.006594106835377565,-0.004658665202442915,-0.006994366664519207,-0.007470812834560929,-0.00724844829927054,0.56279033,0.5782146,0.6005559,0.6169332,0.6101626,0.58562475,0.56043625,0.6075011,2026-10-06T21:56:55.501377
51,0.6234024167060852,0.49965015053749084,0.762080210018158,0.6237027049064636,0.762080210018158,0.8429736894607543,0.9287008946418762,2.351575671005249,0.19387993223667144,5.97380401763916,1.9962653957366943,1.0,10.0,,,,,0.4721749194145203,0.4721749194145203,,,,16.98798894958496,0.49579379203355617,0.027019956866931764,,0.02329532474733201,1.387395305618359,0.19014471313755982,0.0007043759968646381,0.026633254172292294,4.031001636177112,,0.00077979953746496,,75.43512769565461,18.44201449983439,,104.36249965011694,75.40757547366391,24.504865087521303,94.38528753389978,39.3261921147632,16.987967047721718,,0.6912750039890314,,0.06903893049735173,0.1963658385026227,,0.10354974633379346,0.08257653080164247,0.20453075030047424,0.005178431416772733,0.40506700326682654,0.13607548689766294,,,,0.13605,2721.0,0.60635525,0.6,0.6719097,0.6970774,0.58872664,0.6041616,0.63908464,0.58087575,0.5003500580787659,0.8673672232627868,0.56659996509552,0.8673672232627868,0.025,25.0,0.2838100250266706,0.2791673000712494,0.2852186973494241,0.3601909750386208,0.3645676273650455,0.35748434916277533,0.3503326524260522,0.3501863187907672,0.350569203218668,-0.024777820321508732,-0.024277176753435433,-0.02469671854834418,-0.027740219928349224,-0.02769465703765451,-0.02729874626379019,-0.02445999650760228,-0.024825594913517057,-0.02342864623902895,0.5195,0.5345454,0.50813955,0.57335526,0.6658537,0.5551181,0.5377953,0.6246213,0.5000500082969666,0.7885630178451538,0.6110999584197998,0.7885630178451538,0.021,21.0,0.3895670513818368,0.39045370186233547,0.39198202356375594,0.46661621272058595,0.46709412282119145,0.46808206592046125,0.4457930796587551,0.44859792226101275,0.44700487607603356,-0.008210601712401103,-0.008277993865517261,-0.00848508546844171,-0.008261057438679067,-0.009259159167908508,-0.008676534657041325,-0.005988272061573362,-0.006297996113673407,-0.006641411837373643,0.61814517,0.60540545,0.70620435,0.6358779,0.52276427,0.6087719,0.5800813,0.59963506,0.5002000331878662,0.8279651205539703,0.5888499617576599,0.8279651205539703,0.023,23.0,0.3366885382042537,0.33481050096679243,0.33860036045659003,0.41340359387960335,0.41583087509311845,0.4127832075416183,0.39806286604240365,0.39939212052589,0.3987870396473508,-0.01649421101695492,-0.016277585309476348,-0.016590902008392944,-0.018000638683514147,-0.01847690810278151,-0.017987640460415757,-0.015224134284587822,-0.015561795513595232,-0.015035029038201296,0.5688226,0.56997544,0.60717195,0.6046166,0.594309,0.581945,0.55893826,0.61212814,2026-10-06T22:02:15.501823
52,0.6226248145103455,0.5018424987792969,0.7624873064041138,0.6239103078842163,0.7624873064041138,0.844748142337799,0.9306725079536438,2.362153924179077,0.20722519142627716,6.165709494018555,1.9971627799987792,1.0,10.0,,,,,0.49133816804885866,0.49133816804885866,,,,16.961121435546875,0.563046566335259,0.029145677995150256,,0.029492566830650636,1.321825476588717,0.18087973490737047,0.0007901108880441303,0.024663557390427325,3.750392192678087,,0.0010569222720234603,,75.39839152925333,18.417240944637616,,104.35450992462741,75.37217736699779,24.470531244946134,94.3875874804843,39.29799217175526,16.961098178936417,,0.6917293580474367,,0.06961724228540044,0.19745972192591163,,0.10425035840576621,0.08335422809906066,0.20631713576757224,0.005164187529070932,0.40678914660101484,0.1374842693471605,,,,0.13565,2713.0,0.6115878,0.6038059,0.6813986,0.69144946,0.5807632,0.60167676,0.6321993,0.58720976,0.5000500082969666,0.8312558331489563,0.5886000394821167,0.8312558331489563,0.033,33.0,0.3341969639360568,0.330010004248085,0.3356128676696782,0.3574156856699355,0.34404350130324496,0.3581431334368643,0.3709800085615008,0.3701836374729413,0.37055958780778975,0.017621572248289953,0.019590298758010542,0.01915449144016376,0.0007276958270931186,0.004186666524850463,0.0016311556738071696,0.00566728925618843,0.006954051995826682,0.006634405971515099,0.564,0.5954546,0.5391473,0.57434213,0.66178864,0.5826772,0.53897643,0.6515151,0.4921500086784363,0.7841591773033142,0.6128499507904053,0.7841591773033142,0.027,27.0,0.3876853955350963,0.38804758074546214,0.3900276458626786,0.45341031752873545,0.4528950870322733,0.4533352555097363,0.4245810827507719,0.4238123663200495,0.42503838318274634,-0.004586449228468601,-0.005144249830114657,-0.004960504885392785,-0.006571755254843453,-0.008135171393022621,-0.007446356548152537,-0.006658727623889757,-0.00739091822397069,-0.007529100084442072,0.6169355,0.6130631,0.7240876,0.6366412,0.5345529,0.60833335,0.56544715,0.59160584,0.4961000084877014,0.8077075052261353,0.600724995136261,0.8077075052261353,0.03,30.0,0.36094117973557654,0.35902879249677355,0.36282025676617835,0.40541300159933547,0.3984692941677591,0.4057391944733003,0.39778054565613635,0.39699800189649537,0.39779898549526804,0.006517561509910676,0.007223024463947942,0.007096993277385487,-0.0029220297138751673,-0.0019742524340860793,-0.0029076004371726837,-0.0004957191838506638,-0.0002184331140720041,-0.0004473470564634865,0.59046775,0.60425884,0.6316174,0.60549164,0.59817076,0.59550524,0.55221176,0.62156045,2026-10-06T22:07:37.847085
53,0.6253100037574768,0.49983033537864685,0.757279287147522,0.6262102723121643,0.757279287147522,0.8394602383613586,0.9247970602035522,2.300974263191223,0.19220798268318176,6.198774445343018,1.9976110527038575,1.0,10.0,,,,,0.4758412636756897,0.4758412636756897,,,,16.933078860473632,0.4093965576593853,0.026443072130523954,,0.02490808148304843,1.3176095200951692,0.19459845220587055,0.0007930816941639515,0.0268853603221571,4.238757786857095,,0.000814990000203782,,75.36045050165455,18.396137893579567,,104.3472993206826,75.33645270280778,24.433371319133006,94.38594322447564,39.34822840599497,16.9330580766034,,0.6919505645515053,,0.07003770085277071,0.1991667084063694,,0.10482175420423981,0.08407459260931441,0.20805292970435635,0.005218531449983833,0.4132477183630512,0.13887217042932085,,,,0.14465,2893.0,0.6067963,0.6064438,0.68155706,0.70185626,0.5846573,0.60353535,0.6373633,0.58611,0.5037000179290771,0.8299958281517029,0.5882499814033508,0.8299958281517029,0.027,27.0,0.36415150282185377,0.3592624587210857,0.36497771049648786,0.41662864013646006,0.4049516037038856,0.41515978323237557,0.3851893153626755,0.3843166209392526,0.3845866262407716,0.012997125294315903,0.0115350702549171,0.01365982276439245,-0.001987034304248548,-0.010280026729125794,-0.004312210753317628,-0.010954202820522736,-0.011623614311432417,-0.011280307912879968,0.57100004,0.58909094,0.5515504,0.56282896,0.66178864,0.5877953,0.5244094,0.65909094,0.4971500039100647,0.7843736853599549,0.6116999387741089,0.7843736853599549,0.029,29.0,0.37633429094738474,0.3776546736631584,0.3812764856311791,0.4448513943454078,0.4313276973380262,0.4461384930028265,0.4188819912237922,0.400343462241793,0.4209227253556062,-0.010451048514461518,-0.01039191572218933,-0.009708893547056735,-0.013011999091760741,-0.01472938614047539,-0.012580816575147018,-0.009374906637632614,-0.01062054830729696,-0.008862499600783304,0.6173387,0.6081081,0.72445256,0.6328244,0.5252032,0.6096491,0.5691057,0.5941606,0.5004250109195709,0.8071847567558289,0.5999749600887299,0.8071847567558289,0.028,28.0,0.37024289688461925,0.36845856619212203,0.3731270980638335,0.4307400172409339,0.4181396505209559,0.430649138117601,0.4020356532932339,0.3923300415905228,0.4027546757981889,0.0012730383899271927,0.0005715772663638843,0.001975464608667858,-0.007499516698004645,-0.012504706434800592,-0.008446513664232323,-0.010164554729077676,-0.011122081309364689,-0.010071403756831635,0.5941694,0.59859955,0.63800144,0.5978267,0.59349597,0.5987222,0.5467576,0.6266258,2026-10-06T22:12:59.728127
54,0.6260928511619568,0.5000322461128235,0.7557894516944885,0.6265727281570435,0.7557894516944885,0.8318086145401001,0.9162952513694763,2.2054483812332153,0.1926014155626297,5.902975901031494,1.9972336820602417,1.0,10.0,,,,,0.4694175124168396,0.4694175124168396,,,,16.906756399536132,0.3325161840885308,0.020388129862043178,,0.018779008338601584,1.3349244469290327,0.18505083968874755,0.0006237292199196876,0.022506954563651115,4.213645095278503,,0.0005998633728760434,,75.3234786501356,18.371587571065138,,104.33766606810745,75.30112588481539,24.398820913521348,94.38464175667733,39.30786555587866,16.90673536555782,,0.6917581095057688,,0.07032304247663279,0.20033715617884496,,0.10505445524575605,0.08481294068561238,0.20965998130998795,0.005264847619447169,0.4142360355064368,0.1403603911589665,,,,0.14415,2883.0,0.61407375,0.6099476,0.68110144,0.6978476,0.5885903,0.60315156,0.62861484,0.58780044,0.5031499266624451,0.8433543171882629,0.5833999514579773,0.8433543171882629,0.028,28.0,0.3517214388717163,0.34282977935342324,0.35217582660066543,0.397304293110841,0.38032599609441087,0.40245051755493705,0.39008644310099394,0.38371446613327886,0.39179789956526734,0.017932329502286206,0.01689335727293982,0.01872472395766905,0.0038150638096143053,0.005113190305515192,0.0041053908226608244,0.0043202686670379175,0.0019079752805602113,0.004160829717465295,0.554,0.5845455,0.5426357,0.57236844,0.6682927,0.576378,0.5145669,0.6511364,0.5016500353813171,0.7840681586265564,0.6121500134468079,0.7840681586265564,0.03,30.0,0.3911102834657685,0.3911711633351542,0.3974019238505313,0.47001393501603894,0.4578250380893553,0.4678304725222189,0.4281109848653053,0.42667794284881017,0.4283611954161464,-0.009962343603147768,-0.011118929573362704,-0.010715990549774141,-0.012325776128331961,-0.013940643662132478,-0.014311995594093649,-0.009710219935282871,-0.010364228725818464,-0.011232973509908897,0.62661296,0.61126125,0.7251825,0.6339695,0.5231707,0.6,0.5678862,0.59562045,0.5023999810218811,0.8137112379074096,0.5977749824523926,0.8137112379074096,0.028999999999999998,29.0,0.37141586116874237,0.3670004713442887,0.37478887522559834,0.43365911406343993,0.41907551709188307,0.435140495038578,0.4090987139831496,0.40519620449104454,0.41007954749070685,0.003984992949569219,0.0028872138497885586,0.004004366703947455,-0.004255356159358828,-0.004413726678308643,-0.0051033023857164125,-0.002694975634122477,-0.004228126722629126,-0.0035360718962218008,0.5903065,0.5979034,0.6339091,0.60316896,0.59573174,0.588189,0.5412265,0.6233784,2026-10-06T22:18:19.419348
55,0.6251000165939331,0.5013876557350159,0.7578546808242798,0.6252575516700745,0.7578546808242798,0.8301690797805786,0.9144735537528992,2.1925011430740358,0.1936021409869194,6.0562217224121095,1.9972183706283568,1.0,10.0,,,,,0.4855392487049103,0.4855392487049103,,,,16.880624789428712,0.3499022609536435,0.02323744247465804,,0.022774925281940278,1.3591985759461762,0.17815888473752198,0.0007031025773004754,0.02391418242221995,4.213029682256614,,0.0006806330205392534,,75.28677057156897,18.35224381222087,,104.32974116817401,75.2656330181535,24.36358923213497,94.3825021245677,39.28681229026454,16.880602903426833,,0.6917560324547397,,0.0708057642172856,0.20200292936935546,,0.10551672528503807,0.08554808325638437,0.21086408938192258,0.005263392128358791,0.4163320611236961,0.14171664084598518,,,,0.1433,2866.0,0.60276663,0.6060209,0.67910063,0.6987757,0.5841901,0.6003637,0.6389429,0.5906721,0.4897499978542328,0.8308555903434753,0.5874500274658203,0.8308555903434753,0.036,36.0,0.37886843130700987,0.3795754421576809,0.3799453920771985,0.3988285479512115,0.38599701293569233,0.40016685299183774,0.4166355464087716,0.3990481868782007,0.4086242025217178,0.022048169033946255,0.022063773424083853,0.022570738329464622,0.010958338512991484,0.01417694958822721,0.011985836781716054,0.010741148765594344,0.01114848137081698,0.008418346864212329,0.5575,0.57863635,0.54147285,0.5766447,0.6821138,0.58740157,0.5192914,0.6522727,0.5015500783920288,0.7816566715240478,0.6124500632286072,0.7816566715240478,0.03,30.0,0.3659564039326479,0.36775516536437547,0.37227395475883396,0.4523019640242098,0.4188615865546876,0.44646868793506445,0.4211093165322169,0.4146062748818967,0.42267869526971263,0.003994762555109994,0.0029450610570813146,0.004100694217738686,-0.001755407232415297,-0.003009146018013356,-0.002365297136034915,0.0035523279404902804,0.0030512686856211833,0.0016804584744096447,0.6056451,0.60225224,0.71678835,0.6477099,0.52723575,0.6149123,0.57520324,0.59671533,0.4956500381231308,0.8062561309337616,0.5999500453472137,0.8062561309337616,0.033,33.0,0.3724124176198289,0.3736653037610282,0.37610967341801627,0.42556525598771067,0.40242929974518993,0.4233177704634511,0.41887243147049424,0.4068272308800487,0.41565144889571526,0.013021465794528125,0.012504417240582584,0.013335716273601654,0.004601465640288093,0.005583901785106927,0.00481026982284057,0.007146738353042312,0.007099875028219082,0.0050494026693109866,0.58157253,0.5904443,0.6291306,0.6121773,0.6046748,0.60115695,0.5472473,0.624494,2026-10-06T22:23:40.947927
56,0.6258524656295776,0.4999697208404541,0.7554282816886901,0.626372218132019,0.7554282816886901,0.8203780500411987,0.9035946249961853,2.0653399898529052,0.18370960478782652,5.7076937934875485,1.9997622940063478,1.0,10.0,,,,,0.46975044479370115,0.46975044479370115,,,,16.854217279052733,0.21294162319201954,0.014614464949436818,,0.01369714015311781,1.3861518285836383,0.1731926544456725,0.0005908759542003831,0.022424352343437398,4.266905537456464,,0.000406619561996936,,75.24911499023438,18.32767878975838,,104.32142493375548,75.23025629323,24.327339148065846,94.3784410027182,39.28186166362398,16.85419637837987,,0.6930283998987478,,0.07110610471409597,0.2029061621161783,,0.10594344575693652,0.08627374270919022,0.2121435241524581,0.00526551570992466,0.41950026894830594,0.14309097987831018,,,,0.1473,2946.0,0.607097,0.6021949,0.672603,0.7072867,0.5891355,0.6035152,0.6364925,0.5912424,0.4977000057697296,0.8273246564865112,0.5900999903678894,0.8273246564865112,0.029,29.0,0.408075114988944,0.4103551692382265,0.4201899809194887,0.43191698199549944,0.39659257904163603,0.4379994582775206,0.4325895399610894,0.43504604200286623,0.4403423089283425,0.00839534766132958,0.009560150175945676,0.008027154968391716,-0.003979634660375518,-0.01170288270435045,-0.0045893929980619416,-0.002475746584953595,-0.0010802901755576594,-0.003800668781851326,0.532,0.55863637,0.5496124,0.58848685,0.69634145,0.568504,0.5492126,0.6628788,0.49174994230270386,0.7989788718223572,0.6056000590324402,0.7989788718223572,0.03,30.0,0.39462353770199415,0.3954373507769536,0.39973421644378193,0.46093890412771366,0.4291067661273562,0.45016241914867594,0.42381397220767275,0.4010660195851459,0.424979527582405,-0.006601404936095868,-0.007102835641299937,-0.006941297429746859,-0.005323040166023569,-0.006767166543370751,-0.009264894037252296,-0.0060442191856448875,-0.008072766012571671,-0.007055941805697416,0.6024194,0.5878378,0.69525546,0.66259545,0.53373986,0.5881579,0.5800813,0.58065695,0.49472497403621674,0.8131517641544341,0.5978500247001648,0.8131517641544341,0.0295,29.5,0.40134932634546905,0.40289626000759005,0.40996209868163536,0.44642794306160655,0.4128496725844961,0.4440809387130983,0.42820175608438105,0.4180560307940061,0.4326609182553737,0.0008969713626168561,0.0012286572673228698,0.0005429287693224285,-0.004651337413199544,-0.0092350246238606,-0.006927143517657119,-0.004259982885299241,-0.004576528094064666,-0.005428305293774371,0.5672097,0.57323706,0.6224339,0.62554115,0.61504066,0.57833093,0.56464696,0.6217679,2026-10-06T22:29:00.076076
57,0.6252524852752686,0.4989676773548126,0.7593158895492553,0.6253455281257629,0.7593158895492553,0.8124136508941651,0.8947452960014344,2.018920217895508,0.17022118015289306,5.9591929176330565,1.9339602226257324,1.0,10.0,,,,,0.46198029499053955,0.46198029499053955,,,,16.82751367492676,0.47885534794301177,0.032315162388284566,,0.0320469864776097,1.376446226220222,0.17001449086578788,0.0009217410000592803,0.02461714624978934,3.721163566704768,,0.001598595203142198,,75.2136675111807,18.306821701632945,,104.32771908705402,75.19437116878048,24.2923001210401,94.3802616581036,39.4557536665801,16.82749296297693,,0.6596009750275096,,0.07180147243153517,0.20535032925712074,,0.10730698272870605,0.0869861955096008,0.21404327214903132,0.005463310870324161,0.43276354632559855,0.14469074927697514,,,,0.1661,3322.0,0.6095028,0.60471207,0.6719097,0.7072275,0.5861176,0.6023031,0.63685703,0.58266807,0.5041499733924866,0.8361789255142212,0.5842999815940857,0.8361789255142212,0.029,29.0,0.45648047056281593,0.45881819497649656,0.46283848777113107,0.3855917669757168,0.4214008541354134,0.4090128606965628,0.4387037666134809,0.4410546517383054,0.4415132607337239,0.012143968246083088,0.013630194453106922,0.012982175182369162,-0.011579986904522473,-0.005065150510394589,-0.008775921362168504,0.000607132626914956,0.002467947413705414,5.79522265194539e-05,0.568,0.5840909,0.54651165,0.56381583,0.6565041,0.58740157,0.52755904,0.6416667,0.5052000284194946,0.775532651424408,0.6172499656677246,0.775532651424408,0.03,30.0,0.45831570690086876,0.4601647091825566,0.46326520890846706,0.4112028429284052,0.4190945243262147,0.41863152699734246,0.4364597428569484,0.42900265834805995,0.4372060237845239,0.003581333826273485,0.003592915518853811,0.0035218738014068463,-0.007868735001807525,-0.007435023902644344,-0.00915237232577306,-0.0024818981309802837,-0.003217733536616212,-0.002712691671843192,0.6282258,0.60900897,0.73503655,0.6396947,0.5402439,0.60745615,0.5735773,0.5912409,0.5046750009059906,0.8058557884693146,0.6007749736309052,0.8058557884693146,0.0295,29.5,0.45739808873184234,0.4594914520795266,0.46305184833979907,0.398397304952061,0.420247689230814,0.4138221938469526,0.43758175473521466,0.43502865504318267,0.4393596422591239,0.007862651036178286,0.008611554985980367,0.008252024491888004,-0.009724360953165,-0.006250087206519466,-0.008964146843970781,-0.0009373827520326638,-0.000374893061455399,-0.001327369722661869,0.59811294,0.5965499,0.64077413,0.60175526,0.598374,0.59742886,0.55056816,0.61645377,2026-10-06T22:34:17.054751
58,0.6275498867034912,0.49879252910614014,0.753071772480011,0.627685546875,0.753071772480011,0.8392757838249206,0.9245921151161194,2.3537319791793823,0.21703760516643525,6.6380269340515135,1.9700859603881835,1.0,10.0,,,,,0.49223051867485046,0.49223051867485046,,,,16.80108949584961,0.47364680264382414,0.03240467200817979,,0.027382909790405138,1.3948599699955837,0.1813580208001243,0.0007568788103897207,0.023657942914469227,4.365205214091927,,0.001492332317576737,,75.17941308477123,18.289832777278438,,104.32627178605195,75.15854669072826,24.25670720969036,94.38122422528114,39.54277915711616,16.80106877369486,,0.6780005370735362,,0.07265535817973932,0.20766424003300393,,0.1086675757245653,0.08767512829820062,0.21642581311760434,0.005640712074318509,0.44095819732945435,0.1465582821969014,,,,0.14435,2887.0,0.61160785,0.610592,0.6840531,0.70159954,0.58487153,0.6038788,0.6346699,0.5888799,0.49310001730918884,0.8405684499740601,0.5803000330924988,0.8405684499740601,0.03,30.0,0.357655005021043,0.3598815756045251,0.36423543171626876,0.28501888775870593,0.2657233403565052,0.2850883299495051,0.2710652229977631,0.2711856440573798,0.2711351387768507,0.005012825813559466,0.004642966299306807,0.003857119754943878,-0.006289556435176837,-0.010953137725695263,-0.006227727519104411,-0.00356030865782584,-0.0034769055111614775,-0.003468347142463903,0.537,0.5618182,0.5271318,0.5736842,0.66747963,0.57913387,0.5405512,0.64621216,0.5041500329971313,0.7744059748649598,0.6156999468803406,0.7744059748649598,0.028,28.0,0.4333477658373261,0.4369740889831834,0.43967277934641136,0.383539972779427,0.3774062561392959,0.3862903527467797,0.4057097131062354,0.4059442395409155,0.4059930010979796,-0.0031494554571570676,-0.002510903187909964,-0.003082183813281642,-0.010882547669620053,-0.010941252998379652,-0.011276019340778676,-0.0047683737265283846,-0.0046752517953860375,-0.0048270531874789295,0.61612904,0.62297297,0.7229927,0.6335878,0.5402439,0.6175439,0.57439023,0.58832115,0.4986250251531601,0.8074872124195099,0.5979999899864197,0.8074872124195099,0.028999999999999998,29.0,0.39550138542918456,0.39842783229385426,0.40195410553134003,0.3342794302690665,0.3215647982479005,0.33568934134814243,0.33838746805199926,0.33856494179914765,0.33856406993741517,0.000931685178201199,0.0010660315556984214,0.0003874679708311178,-0.008586052052398445,-0.010947195362037457,-0.008751873429941544,-0.004164341192177112,-0.0040760786532737575,-0.0041477001649714166,0.57656455,0.59239554,0.6250622,0.603636,0.6038618,0.59833884,0.5574707,0.61726665,2026-10-06T22:39:36.393027
59,0.6243548393249512,0.49977484345436096,0.7583567394256592,0.6251951456069946,0.7583567394256592,0.8527344223976135,0.9395461530685425,2.5325353687286376,0.26291410975456236,6.962344607543946,1.9999426769256592,1.0,10.0,,,,,0.500195727968216,0.500195727968216,,,,16.775355932617188,0.2663528080436455,0.017405474734949362,,0.013679520945527419,1.4036809338885508,0.17554191070472358,0.0006086954429514326,0.02110076145191861,4.805268323345548,,0.0005047493333529546,,75.14272614497288,18.272530938409695,,104.32500248805732,75.12310445992051,24.22187118773248,94.37902521024084,39.55609449155771,16.775334668007627,,0.6931186018476061,,0.073013015233787,0.20954377588572776,,0.10997114097996122,0.08840179884699499,0.21786110387865903,0.005737999234656999,0.4449145378200871,0.14788702851647784,,,,0.12505,2501.0,0.6092622,0.60821587,0.675733,0.7008294,0.5834696,0.6069293,0.6356217,0.58016294,0.5065999627113342,0.8294980683326721,0.5870500206947327,0.8294980683326721,0.03,30.0,0.35788815603519347,0.3541245801669026,0.35818166540515434,0.41950935479574686,0.4145578997921772,0.40568073066632765,0.41903256633329,0.39778301934304156,0.4191074181661497,0.008727046715800248,0.007636890939638845,0.008129609266490473,-0.009199342929808282,-0.00416248510610662,-0.007718977569185588,-0.010932744290009925,-0.009589117562078916,-0.011752910068578993,0.52800006,0.56454545,0.5546512,0.58914477,0.69634145,0.5681102,0.5425197,0.63901514,0.5087499022483826,0.7913504810333252,0.607450008392334,0.7913504810333252,0.029,29.0,0.3703933534522612,0.36849826467501784,0.37355082667899814,0.43496994964241564,0.41956006281722286,0.4284715668715034,0.4057870232556751,0.40766496330892665,0.4060104107832587,-0.006377335433703476,-0.007396816060629442,-0.006504055468495011,-0.00766537614935357,-0.008174263272241614,-0.009118301221944795,-0.013459154997028508,-0.013726756576584072,-0.013830838818652439,0.5870968,0.60270274,0.70255476,0.6591603,0.53373986,0.6057018,0.57642275,0.58065695,0.5076749324798584,0.8104242746829986,0.5972500145435333,0.8104242746829986,0.0295,29.5,0.3641407547437273,0.36131142242096026,0.36586624604207624,0.4272396522190812,0.41705898130470004,0.4170761487689155,0.4124097947944826,0.40272399132598413,0.4125589144747042,0.0011748556410483856,0.00012003743950470165,0.0008127768989977312,-0.008432359539580925,-0.006168374189174116,-0.00841863939556519,-0.012195949643519216,-0.011657937069331494,-0.012791874443615715,0.5575484,0.5836241,0.628603,0.62415254,0.61504066,0.586906,0.55947125,0.60983604,2026-10-06T22:44:52.621706
60,0.6247224807739258,0.5006096959114075,0.7571065165519715,0.6253370642662048,0.7571065165519715,0.8506149115562439,0.9371911415100098,2.4757381172180177,0.24467547163963319,6.627694010162354,1.9999939615249633,1.0,10.0,,,,,0.4808343888282776,0.4808343888282776,,,,16.748948278808594,0.20379153948134868,0.014944394304458597,,0.011396494682931644,1.4170217597560517,0.16187768690525348,0.0005732240263041951,0.020193217461632124,4.656415371378516,,0.0005044516903673786,,75.10608969524408,18.24125291131864,,104.31592972870845,75.08787449150329,24.186288457007926,94.3781655184023,39.53295271563682,16.7489262842069,,0.6931441752773941,,0.07341455407203383,0.2095302625256739,,0.11023642901022723,0.08922772531866267,0.219042778489696,0.005898210656040224,0.4468299697159202,0.14914505212170304,,,,0.1256,2512.0,0.6023256,0.60340315,0.6624406,0.7111374,0.5902648,0.59882826,0.6418793,0.5910387,0.504550039768219,0.821811194896698,0.5921000242233276,0.821811194896698,0.031,31.0,0.40753300445071483,0.4052104828588022,0.40919117478486405,0.433863241731337,0.4382366504696637,0.4389959826531081,0.45221514234830784,0.4528052024892018,0.45192172774625095,0.009780175814509896,0.010750601459200478,0.009766470373042895,0.0010283743849913525,0.005477863091637074,0.0020959846976316902,0.0012963393375537775,0.001107032559102727,0.0015844024101392136,0.54150003,0.5845455,0.5647287,0.57730263,0.6873984,0.5901575,0.5263779,0.6568182,0.5010000467300415,0.7815892262458801,0.6140499711036682,0.7815892262458801,0.028,28.0,0.40883350033964533,0.4076398319542564,0.41152983675200366,0.45641048232115194,0.4350655958042878,0.44714536871178295,0.44088012945022304,0.4196399416507957,0.4409635927215015,-0.010007990632222468,-0.010581429905229093,-0.00981426089251473,-0.007386170795879951,-0.015627674868909404,-0.012676119398656533,-0.007847583957608172,-0.01328031905230907,-0.00781796644548024,0.60967743,0.6103604,0.71459854,0.6492367,0.5280488,0.6214912,0.57723576,0.5908759,0.5027750432491302,0.801700210571289,0.6030749976634979,0.801700210571289,0.0295,29.5,0.40818325239518005,0.4064251574065293,0.41036050576843386,0.4451368620262445,0.43665112313697574,0.4430706756824455,0.44654763589926544,0.43622257206999876,0.44644266023387624,-0.0001139074088562864,8.458577698569267e-05,-2.389525973591801e-05,-0.0031788982054442995,-0.005074905888636165,-0.005290067350512421,-0.0032756223100271972,-0.006086643246603172,-0.0031167820176705133,0.5755887,0.59745294,0.6396636,0.6132697,0.6077236,0.60582435,0.5518068,0.62384707,2026-10-06T22:50:07.811286
61,0.62774258852005,0.5010275840759277,0.7515706451416015,0.6279276609420776,0.7515706451416015,0.8335997143745423,0.9182853670120239,2.2855366268157957,0.19981595398187638,6.063860812377929,1.9998971839904784,1.0,10.0,,,,,0.47990763750076293,0.47990763750076293,,,,16.722268716430666,0.32494033772237363,0.02252581035555192,,0.018363560254798288,1.3799506991532198,0.1573403650408338,0.0005917288174824552,0.019413458236795703,4.603953183456591,,0.0007087558291355299,,75.06969665721724,18.21664890362199,,104.30863928339284,75.05259510210365,24.150256223739333,94.37634335657593,39.52456939600076,16.722249158628426,,0.6930959942234549,,0.07391157129387947,0.21091486608526508,,0.11070916075615367,0.08993513426583284,0.2203046202090136,0.006032979290837505,0.4496030547436635,0.15048778370307508,,,,0.1361,2722.0,0.6025662,0.60100687,0.6711569,0.7130332,0.58960277,0.6092728,0.64663833,0.588778,0.4991999566555023,0.8453878526687622,0.5822500586509705,0.8453878526687622,0.028,28.0,0.37440244052645666,0.37267403742460087,0.3754293890805645,0.43416162099648714,0.41596086820157296,0.43966612594097115,0.41185696459039456,0.41079004823380405,0.41444223002663416,-0.006170904871217439,-0.005754380108684627,-0.0067789031161626535,-0.007617248639258591,-0.0031243704717389994,-0.004422287881809242,-0.011022268151583511,-0.012218890097756408,-0.011100938563311003,0.519,0.5659091,0.53527135,0.58092105,0.6808943,0.5665355,0.5551181,0.64053035,0.49334999918937683,0.7859573774337768,0.6118999719619751,0.7859573774337768,0.023,23.0,0.37417419132664004,0.3666567462310698,0.37655320103910084,0.43316537394781246,0.4112510417749602,0.42729644380717663,0.4247136997337208,0.4232075931652778,0.42496368551643326,-0.010704712664077003,-0.011090575344065011,-0.011551215639842544,-0.01037128249344983,-0.011814525908950218,-0.011923488409874844,-0.012510203103380926,-0.013521338069882668,-0.013292113972714546,0.61008066,0.6153153,0.7113139,0.64122134,0.5231707,0.625,0.5804878,0.580292,0.4962749779224396,0.8156726150512694,0.5970750153064728,0.8156726150512694,0.025500000000000002,25.5,0.3742883159265483,0.3696653918278353,0.37599129505983264,0.43366349747214983,0.4136059549882666,0.4334812848740739,0.41828533216205765,0.4169988206995409,0.4197029577715337,-0.008437808767647222,-0.008422477726374819,-0.009165059378002598,-0.008994265566354211,-0.007469448190344609,-0.008172888145842043,-0.011766235627482219,-0.012870114083819538,-0.012196526268012774,0.5645403,0.5906122,0.6232926,0.6110712,0.60203254,0.59576774,0.5678029,0.61041117,2026-10-06T22:55:26.464051
62,0.6287172436714172,0.4979724586009979,0.750203771018982,0.6286176443099976,0.750203771018982,0.829239865398407,0.9134410863876343,2.212375675582886,0.18761255211830138,6.118899683380127,2.0,1.0,10.0,,,,,0.5242968510627747,0.5242968510627747,,,,16.696114987182618,0.27261742072144324,0.01543601021907666,,0.012726241146187612,1.4043355018469938,0.15744122627909016,0.0006087817557365189,0.020225518142840095,4.54648274524956,,0.0006846800774924797,,75.03429733567937,18.18881990955134,,104.30372906338637,75.01700971080999,24.115703291194453,94.37724104960253,39.458530353133085,16.696093711124103,,0.6931471824645996,,0.07472132355164571,0.21160234017356946,,0.11127987171813941,0.09060235017803824,0.22153724739505987,0.006096781720852207,0.4488181796423189,0.1517076163914553,,,,0.14705,2941.0,0.6066159,0.60877967,0.675,0.7140798,0.5887072,0.6057778,0.6436412,0.5848676,0.49939998984336853,0.8585248908996582,0.5734999775886536,0.8585248908996582,0.026,26.0,0.22486091394782537,0.2077256960561053,0.22971343670391642,0.2960919424486755,0.2860957017095392,0.2986476162021224,0.3427402143653023,0.2531817712040938,0.3407015412363914,-0.0037640586790151993,-0.006243392605375641,-0.004289674893375972,-0.01354741275320403,-0.01577905710589824,-0.013951125877666835,-0.012586914792626847,-0.017843442300280805,-0.012239909945638675,0.5505,0.5686364,0.54379845,0.5651316,0.6589431,0.57125986,0.5098425,0.61742425,0.507099986076355,0.7958570961952209,0.6051000952720642,0.7958570961952209,0.027,27.0,0.3967585000106533,0.3934955770696637,0.4012021879286283,0.3931284498840334,0.36868276166707153,0.3929849289970297,0.41808233608712186,0.4193215129370732,0.4159272948984925,0.003964582091368132,0.004166556604824168,0.003902633742089539,0.0007783798906870332,-0.00207443137362385,0.0007341007776980124,0.004038400081198318,0.004764120157935441,0.0038633631623412705,0.6270161,0.6130631,0.69927007,0.62366414,0.51829267,0.5890351,0.57439023,0.58576643,0.5032499879598618,0.8271909935474395,0.5893000364303589,0.8271909935474395,0.0265,26.5,0.3108097069792394,0.3006106365628845,0.31545781231627235,0.34461019616635447,0.32738923168830536,0.34581627259957604,0.3804112752262121,0.3362516420705835,0.3783144180674419,0.0001002617061764664,-0.0010384180002757362,-0.00019352057564321666,-0.006384516431258498,-0.008926744239761045,-0.006608512549984411,-0.0042742573557142645,-0.006539661071172682,-0.004188273391648702,0.58875805,0.59084976,0.6215342,0.5943979,0.5886179,0.5801475,0.5421164,0.60159534,2026-10-06T23:00:43.031579
63,0.6264498829841614,0.499587744474411,0.7544073843955994,0.6265572905540466,0.7544073843955994,0.8355267000198364,0.9204264644622803,2.3259132661819457,0.2108391010761261,6.233743014526367,1.9991957191467284,1.0,10.0,,,,,0.5056258250713348,0.5056258250713348,,,,16.66975076599121,0.45397504901507524,0.02991372170456934,,0.025681743455404166,1.397451023007654,0.16526760507351274,0.000757120009960316,0.021764889196344433,4.526421485433153,,0.0008909124044062286,,74.99923220105991,18.16537215603385,,104.29656486754205,74.98138811633845,24.080744470001026,94.37663900776273,39.466913818553756,16.669728892623997,,0.6927466096392103,,0.07541448945642278,0.21281428853417658,,0.11181726354132791,0.09119858089715811,0.22320935471802,0.006162235353165751,0.4522941980012663,0.15300837709645557,,,,0.1457,2914.0,0.60485166,0.6081957,0.67614895,0.7099921,0.58695483,0.60636365,0.634994,0.583442,0.49675002694129944,0.8288501601219177,0.5893499851226807,0.8288501601219177,0.036,36.0,0.35179340361411193,0.3492647898698277,0.35475511444467367,0.3681403467572577,0.40113594700975497,0.3978968426292286,0.37489597772392,0.41016227516052567,0.3765806312358324,0.021110835560805223,0.024105436253571127,0.020789999582249745,0.0045268853979356,0.00019371566530804275,0.006063255621952441,0.013017376729238911,0.01658594729836342,0.012454889496827246,0.532,0.5690909,0.5356589,0.5776316,0.6784553,0.5929134,0.5559055,0.66136366,0.5090000033378601,0.776092264175415,0.615649938583374,0.776092264175415,0.032,32.0,0.35276994308113246,0.3550339946478051,0.3567309557831109,0.44436158998204167,0.44621830724256495,0.4448578006851477,0.41416911274839435,0.39885751122266555,0.41466694559571216,-0.003240002179838169,-0.0024656519492001704,-0.0038138089256557132,-0.0017329196931407322,3.2205044295976156e-05,-0.002604237706163567,-0.003136802103399781,-0.002805006966596556,-0.003716334151779998,0.61451614,0.6103604,0.720073,0.6465649,0.53170735,0.6179825,0.5735773,0.5981752,0.5028750151395798,0.8024712121486663,0.6024999618530273,0.8024712121486663,0.034,34.0,0.35228167334762217,0.35214939225881636,0.35574303511389227,0.4062509683696497,0.42367712712615996,0.4213773216571881,0.3945325452361572,0.4045098931915956,0.3956237884157723,0.008935416690483526,0.010819892152185479,0.008488095328297016,0.0013969828523974338,0.00011296035480200944,0.001729508957894437,0.004940287312919565,0.006890470165883433,0.004369277672523624,0.57325804,0.5897256,0.6278659,0.6120982,0.6050813,0.60544795,0.5647414,0.62976944,2026-10-06T23:05:58.187951
64,0.6235900521278381,0.5024076104164124,0.7596328524589538,0.6238670945167542,0.7596328524589538,0.8340189190864563,0.9187511481285096,2.3493709363937376,0.2109161020755768,6.2823022300720215,1.9986432849884033,1.0,10.0,,,,,0.5108477645874023,0.5108477645874023,,,,16.643310635375975,0.3982620697682071,0.027843572088119804,,0.02373755374585225,1.417348333604776,0.15293382620735532,0.0006705060398990621,0.019442484378933336,4.4572514842270285,,0.0009869845019117058,,74.9656075155659,18.144175644892798,,104.2945250978895,74.94582230877724,24.04593505373426,94.37511716223067,39.488837442580305,16.64328933521441,,0.692470250236001,,0.07632184147265307,0.21455488415660373,,0.11258746232766255,0.0918150076251121,0.22446795168575967,0.006297090096743244,0.45666760585869953,0.1543584704209285,,,,0.1447,2894.0,0.6048917,0.60102695,0.6723059,0.70055294,0.5886682,0.5969697,0.63365734,0.59144604,0.5002500414848328,0.8369744372367859,0.583549976348877,0.8369744372367859,0.041,41.0,0.32072806119030906,0.3283038622185217,0.32233589740286295,0.33271801187164834,0.3079033384376811,0.29470457240843506,0.316728741716434,0.3140762765777862,0.31519211852515033,-0.0065976273062142,-0.005995771539117593,-0.007164503493704447,-0.015538487282147998,-0.019895886889483985,-0.021651017432034108,-0.007932053065620323,-0.008360153574595047,-0.00893121400408266,0.53800005,0.5531818,0.52364343,0.5825658,0.67398375,0.5889764,0.5464567,0.64924246,0.494049996137619,0.7896401753425598,0.6070500016212463,0.7896401753425598,0.034,34.0,0.37289176644845434,0.37416893066465484,0.3770943987706656,0.38558437002709445,0.36156121234859767,0.3722801848216222,0.40048907356327706,0.40113995948639947,0.3996891143104488,-0.007614472451524162,-0.008032102250627678,-0.0075922054625874955,-0.00563884913366829,-0.0128097479320982,-0.008670571392391939,-0.004982007390652045,-0.005420493045922351,-0.005412623679171901,0.5975806,0.60540545,0.7091241,0.65076333,0.5382114,0.59780705,0.57642275,0.570073,0.4971500188112259,0.8133073062896728,0.5952999889850616,0.8133073062896728,0.037500000000000006,37.5,0.3468099138193817,0.35123639644158827,0.3497151480867643,0.3591511909493714,0.3347322753931394,0.3334923786150286,0.35860890763985553,0.3576081180320928,0.35744061641779956,-0.007106049878869181,-0.007013936894872635,-0.007378354478145971,-0.010588668207908145,-0.016352817410791094,-0.015160794412213022,-0.006457030228136184,-0.006890323310258699,-0.00717191884162728,0.5677903,0.5792936,0.6163838,0.6166645,0.6060976,0.5933917,0.56143975,0.60965776,2026-10-06T23:11:14.750451
65,0.6247478723526001,0.500464916229248,0.758434372806549,0.6249598860740662,0.758434372806549,0.8239682103157043,0.9075836954116822,2.191876089668274,0.22683357808589935,6.047715949249268,1.9895258878707887,1.0,10.0,,,,,0.5103520164966583,0.5103520164966583,,,,16.617910668945314,0.5363312694095786,0.03582793234174205,,0.030459141459577024,1.38845631992741,0.16830832829141312,0.0006513158599553173,0.02092880603507351,4.332293051253458,,0.000851771853208708,,74.93137262429401,18.116843982866616,,104.29729573438122,74.91049821209755,24.015235244848167,94.37741477626145,39.51279116588034,16.617891457430115,,0.6878720134686512,,0.07706057830790805,0.21570486295375096,,0.11382694390549022,0.09247193670576545,0.22608928951867827,0.00650169764449642,0.4610365875966989,0.1560177746092438,,,,0.15805,3161.0,0.6018645,0.6049134,0.67458403,0.7075632,0.5828466,0.60012126,0.64432967,0.58209777,0.4918999969959259,0.8579814324378967,0.5736000537872314,0.8579814324378967,0.042,42.0,0.3028479225717991,0.30730301572369934,0.30473246074263693,0.32701740110954763,0.3104894460388792,0.31252778486119975,0.30443129907948613,0.3042927628678415,0.30141081731377695,-0.002137376922998353,-0.0013002835216530304,-0.0014724690446290397,-0.012758700569911983,-0.011617404744608484,-0.01486509531486835,-0.01573585004111861,-0.013910443116024426,-0.01746487942399981,0.5265,0.5477273,0.5046511,0.5805921,0.6825204,0.580315,0.5212599,0.63257575,0.5140500664710999,0.7914299883842468,0.6077500581741333,0.7914299883842468,0.036,36.0,0.3825035284816608,0.37892047334516393,0.3903941523013572,0.42642842347417764,0.39532940861540694,0.4237769793241948,0.41436316043083254,0.40329752588613654,0.40371362483353274,-0.0038462650810147316,-0.0037991985949926235,-0.0041971734211588806,-0.0018479684810843433,-0.0054878953888157864,-0.004939107176872235,-0.00364071466572552,-0.006523261474482882,-0.006042964779804341,0.6,0.59369373,0.7047446,0.64694655,0.5304878,0.60394734,0.5845529,0.5850365,0.5029750317335129,0.8247057104110718,0.5906750559806824,0.8247057104110718,0.039,39.0,0.34267572552673,0.3431117445344316,0.3475633065219971,0.3767229122918626,0.35290942732714303,0.3681523820926973,0.3593972297551593,0.353795144376989,0.35256222107365487,-0.002991821002006542,-0.002549741058322827,-0.00283482123289396,-0.007303334525498163,-0.008552650066712134,-0.009902101245870293,-0.009688282353422065,-0.010216852295253653,-0.011753922101902075,0.56325,0.57071054,0.6046978,0.6137693,0.6065041,0.59213114,0.5529064,0.60880613,2026-10-06T23:16:30.844860
66,0.6277824640274048,0.4984400272369385,0.751486237335205,0.6279001235961914,0.751486237335205,0.837815941619873,0.9229700643539429,2.3955112648010255,0.2322658545255661,6.548475249481201,1.9928444080352783,1.0,10.0,,,,,0.5430562962055206,0.5430562962055206,,,,16.592343646240234,0.7672136756621158,0.04882980069845535,,0.03614997525571899,1.4796788586173089,0.15346696704720994,0.0006348484289939189,0.02027571682705526,4.669247422248694,,0.0008588700667092247,,74.89817003383757,18.1056499359714,,104.2990351391446,74.87544974551838,23.982848380021988,94.3730950325158,39.553922738239265,16.592323971402113,,0.6895511666680597,,0.07811078419730921,0.21936842466995216,,0.11530209987596342,0.09309730133053604,0.2279600515297264,0.006535382570615809,0.4663042179338492,0.15759525082673237,,,,0.14065,2813.0,0.6074579,0.6009464,0.6715333,0.7200435,0.58524144,0.6090909,0.64443094,0.58299387,0.5070499777793884,0.8194114084243774,0.5966999530792236,0.8194114084243774,0.03,30.0,0.30274307513279897,0.2973367824584102,0.30422917052964416,0.3775315760828248,0.36888936580665793,0.37510897896419315,0.3498907305874139,0.3484715847485426,0.3493190589535659,0.000294719857971391,0.0004244596463941198,2.0943264957416515e-06,-0.0007074009976114112,0.003358644474295879,-0.0016397723713123325,-0.010326839318561576,-0.00972078460104198,-0.010101416257488718,0.5695,0.6040909,0.5662791,0.59407896,0.7150407,0.58582675,0.5137795,0.62386364,0.5017000436782837,0.7948693194389344,0.6070998907089233,0.7948693194389344,0.026,26.0,0.35565359561535026,0.34979800440631204,0.3569555515938416,0.4393832848884823,0.4191354768807306,0.4239765809112527,0.3995085082434598,0.3975463432479345,0.3967911413920022,-0.012766395874851465,-0.01369949485576049,-0.012498980322218902,-0.003768555439631818,-0.007847426701320043,-0.006339668080195426,-0.004881193745635809,-0.004876885454490127,-0.005848282668998449,0.6028226,0.59999996,0.6781022,0.6660305,0.5223577,0.6061403,0.597561,0.57481754,0.5043750107288361,0.8071403639316559,0.6018999218940735,0.8071403639316559,0.027999999999999997,28.0,0.3291983353740746,0.32356739343236113,0.3305923610617429,0.4084574304856535,0.3940124213436943,0.3995427799377229,0.37469961941543684,0.3730089639982386,0.3730551001727841,-0.006235838008440037,-0.006637517604683185,-0.006248442997861581,-0.0022379782186216146,-0.0022443911135120818,-0.0039897202257538796,-0.007604016532098692,-0.007298835027766053,-0.007974849463243583,0.5861613,0.6020454,0.62219065,0.6300547,0.6186992,0.5959835,0.55567026,0.59934056,2026-10-06T23:21:46.010897
67,0.625022828578949,0.5011148452758789,0.7582859705924988,0.6255674958229065,0.7582859705924988,0.829038894367218,0.9132177899360657,2.2468814474105834,0.24059941780567168,6.28797657699585,1.9849353736877442,1.0,10.0,,,,,0.5043474812984466,0.5043474812984466,,,,16.566945510864258,0.5265264655374418,0.0422100207529618,,0.03139992093127577,1.4351236015368418,0.1602636993073734,0.0005990927541223622,0.019485103239299386,4.402847917975893,,0.0012244597229098895,,74.86414128200263,18.087595459761893,,104.29528643371194,74.84052718824641,23.949416336739898,94.37529419334072,39.541787141447614,16.566928049561323,,0.6855881874728355,,0.07881276020009047,0.22176931769984543,,0.11619014492270294,0.09379510790299458,0.2299107464065977,0.006613323319655884,0.46848982382731835,0.1593360697767537,,,,0.14455,2891.0,0.60048115,0.59595245,0.6757726,0.7190166,0.58226246,0.60218185,0.6421223,0.5852342,0.5051999688148499,0.8406677598953247,0.5845499038696289,0.8406677598953247,0.042,42.0,0.28836729364442915,0.2809823139073604,0.29261317962575256,0.3178438866732074,0.34789469409021273,0.32335332993000565,0.30304086065259417,0.30497380873665964,0.30473673087528264,0.001406923934643381,0.0008497312649623464,0.0013327318373187232,0.001244304824448805,0.0033800696519018527,0.00208281804240562,-0.002178374047648538,-0.0019059079005417665,-0.0024305331571046872,0.547,0.5863636,0.5271318,0.5779605,0.6768293,0.5870079,0.511811,0.6568182,0.5047000050544739,0.7765164775848389,0.6178000569343567,0.7765164775848389,0.041,41.0,0.43517030353378633,0.43361527264832983,0.4389277067743541,0.4569141625448477,0.4454083211300893,0.45745300022769536,0.46525361828069134,0.4669752601531081,0.4633492029831445,0.0015991376179107268,0.0008581994863302524,0.0016045100475698714,0.007538168257542586,0.004389875429325386,0.006660605199852233,0.007457738509003252,0.0068618072658178765,0.0061845484344287775,0.6233871,0.5972973,0.72372264,0.65076333,0.5256098,0.6153509,0.58983743,0.6018249,0.5049499869346619,0.8085921187400817,0.6011749804019928,0.8085921187400817,0.0415,41.5,0.3617687985891077,0.3572987932778451,0.36577044320005336,0.3873790246090275,0.396651507610151,0.39040316507885053,0.38414723946664275,0.38597453444488383,0.3840429669292136,0.0015030307762770537,0.0008539653756462994,0.0014686209424442974,0.004391236540995695,0.0038849725406136194,0.004371711621128926,0.002639682230677357,0.002477949682638055,0.001877007638662045,0.5851935,0.5918305,0.62542725,0.6143619,0.60121953,0.60117936,0.5508242,0.6293216,2026-10-06T23:27:01.272897
68,0.6272573471069336,0.5026524066925049,0.7532480620384217,0.6275948286056519,0.7532480620384217,0.8408480781555175,0.9263391008377075,2.390484628677368,0.25650306074619295,7.036012931060791,1.9857436815261842,1.0,10.0,,,,,0.583011830997467,0.583011830997467,,,,16.541859414672853,0.5268021507164949,0.031496912590784146,,0.032250683686464644,1.433151934177253,0.1654113138414872,0.0007666975914060944,0.022696234155327653,4.483147303769543,,0.0013648606525366283,,74.82976536841909,18.06067184885596,,104.29560312647729,74.80549441781014,23.91629905457709,94.36990477932487,39.5857213500199,16.54183822680431,,0.6859997621007786,,0.07948020935817889,0.22255035475560814,,0.11758014697367979,0.09451323695433368,0.23238309202300514,0.006622059401243356,0.474052263103473,0.16130634705731822,,,,0.13865,2773.0,0.60479146,0.5989126,0.67280114,0.71518564,0.589155,0.60422224,0.64538276,0.5888391,0.47905004024505615,0.8336437697410584,0.5866499543190002,0.8336437697410584,0.039,39.0,0.3802946758761045,0.3752324902495096,0.38318247355702695,0.33507006416375745,0.3305002548088512,0.3359350460585916,0.3211346824997516,0.32098898000847703,0.3204862496465633,0.013573414439158427,0.014161776516143018,0.013249908925954262,-0.01015179643323077,-0.016167284338704603,-0.00951634348087979,0.00640263408553444,0.006379416015206305,0.006486051425407763,0.55,0.58272725,0.55077523,0.5792763,0.6800813,0.5787402,0.5161418,0.6496212,0.5003999471664429,0.76788138961792,0.6199000477790833,0.76788138961792,0.033,33.0,0.4314413238829231,0.4302452707118434,0.4332992165098465,0.4228746624086675,0.40713437803432917,0.4241829705700588,0.4394618021155723,0.43816508285436945,0.4364388666677239,0.0060792525064795495,0.004770693106882724,0.006247978668051022,0.0002733221017269509,-0.00424761988321379,-8.718538843150387e-05,0.0012505201648040367,0.0010536236672394042,0.0009214145406431586,0.6298387,0.6193694,0.7182482,0.65114504,0.5268293,0.61008775,0.5869919,0.6043796,0.4897249937057495,0.8007625796794892,0.6032750010490417,0.8007625796794892,0.036000000000000004,36.0,0.40586799987951383,0.4027388804806765,0.4082408450334367,0.3789723632862125,0.3688173164215902,0.3800590083143252,0.38029824230766196,0.37957703143142324,0.3784625581571436,0.009826333472818988,0.009466234811512871,0.009748943797002642,-0.0049392371657519096,-0.010207452110959195,-0.004801764434655647,0.003826577125169238,0.0037165198412228546,0.003703732983025461,0.5899193,0.60104835,0.6345117,0.61521065,0.6034553,0.594414,0.55156684,0.6270004,2026-10-06T23:32:20.156269
69,0.629952609539032,0.5013875961303711,0.7471309096336365,0.6306173205375671,0.7471309096336365,0.8323212633132935,0.9168648627281188,2.2789297729492186,0.24678895003795623,6.684490822601318,1.9839257490158082,1.0,10.0,,,,,0.555488375043869,0.555488375043869,,,,16.514604495239258,0.2046038648291568,0.012561158445785356,,0.013142045924683238,1.3721387898846038,0.16382196097142376,0.00048030129765274575,0.017362575257303798,4.8643421337103385,,0.0005660561509780767,,74.7937794096151,18.032461227125424,,104.28761072826993,74.77058026745061,23.881820970280156,94.3666672433258,39.587650104692784,16.514585652928442,,0.6850757667213488,,0.07985315433922846,0.22309040491748008,,0.11799850414513023,0.09520915900446048,0.23409174714878106,0.006651003308190851,0.47727631269746523,0.1626615168372537,,,,0.1428,2856.0,0.6093825,0.6055175,0.6752377,0.7198065,0.58695483,0.6089495,0.6490077,0.58873725,0.5083000063896179,0.8246176028251648,0.5880500674247742,0.8246176028251648,0.038,38.0,0.3595421376455818,0.35918355081826725,0.36234100851988493,0.3328470636799955,0.3451272691263643,0.33270368106724396,0.3979294408195384,0.39687950096147356,0.3973479018587677,0.006629748277089936,0.007318647859040839,0.006023175942710738,-0.022025471795262846,-0.02107142215594361,-0.021999409669295592,-0.003846937418112801,-0.004617423462940473,-0.004534500419440727,0.5525,0.59000003,0.548062,0.5832237,0.68292683,0.5744095,0.5181103,0.65000004,0.49689996242523193,0.7706529173851013,0.6162999272346497,0.7706529173851013,0.037,37.0,0.4339296506332893,0.4291963859722258,0.4363568613254876,0.45887666314364867,0.4374996840367538,0.45975998109693567,0.4542052505886064,0.45395181190433875,0.4532562380053666,-0.007091077214550416,-0.00806398436018911,-0.006756994598770256,-0.010479280085579886,-0.010827198615490153,-0.010478999964695146,-0.004678129102556373,-0.004438400976505718,-0.004865267802581373,0.61935484,0.6153153,0.719708,0.6484733,0.5166667,0.6210527,0.5890244,0.59014595,0.5025999844074249,0.7976352601051331,0.6021749973297119,0.7976352601051331,0.0375,37.5,0.39673589413943555,0.39418996839524656,0.3993489349226863,0.39586186341182206,0.39131347658155907,0.3962318310820898,0.4260673457040724,0.42541565643290613,0.42530206993206715,-0.00023066446873024017,-0.00037266825057413527,-0.00036690932802975907,-0.016252375940421365,-0.015949310385716883,-0.016239204816995367,-0.004262533260334587,-0.004527912219723096,-0.004699884111011051,0.5859274,0.6026577,0.633885,0.61584854,0.5997968,0.5977311,0.55356735,0.62007296,2026-10-06T23:37:36.965705
70,0.6295619010925293,0.49819496273994446,0.7472003361701965,0.6299648880958557,0.7472003361701965,0.8152965598106384,0.8979485276222229,2.085128044509888,0.2309659027338028,6.050485003662109,1.9897614971160889,1.0,10.0,,,,,0.5142858782291412,0.5142858782291412,,,,16.488522061157227,0.19248517401587623,0.01233199050362299,,0.013686277624812854,1.4021446401146567,0.14539930176962712,0.0004384803078615605,0.014982199272627283,4.7151393860009065,,0.0006084298008207934,,74.75748506776846,18.002809342305373,,104.27840136874254,74.73543917904993,23.84686625535321,94.36660149446718,39.53964984189173,16.48850230806193,,0.6879867592434974,,0.08019965981981557,0.22324814490831582,,0.11825777428924658,0.09590354490621834,0.23559259998190935,0.006657271512493396,0.4776435061624855,0.16403817940669455,,,,0.15585,3117.0,0.60669607,0.6021547,0.67519814,0.7196485,0.5922313,0.60367674,0.64750916,0.5910591,0.5051500797271729,0.8377229700088501,0.5844499468803406,0.8377229700088501,0.038,38.0,0.418567559082012,0.4184567683606581,0.41791088136666155,0.43480930409318347,0.44709130365696176,0.43324957699303057,0.46188917866363666,0.48168675041823644,0.4805554262498747,0.010888198121452614,0.010613148197609362,0.010946164048741658,-0.012767401766600248,-0.012571978075996042,-0.014742808833140797,-6.420952601254954e-05,-0.0012541445100643532,-0.0014422115159275699,0.5425,0.5859091,0.518217,0.575,0.6768293,0.58582675,0.5204724,0.66477275,0.5031000375747681,0.7776919364929199,0.6149500012397766,0.7776919364929199,0.037,37.0,0.43703355101509145,0.43371998077077584,0.43830666479810987,0.463537918422816,0.4492065077866703,0.46198012080846096,0.47358869488707744,0.4722634212291512,0.47286164712767154,-0.002667441777639578,-0.0037728922721879865,-0.0032647207182070447,-0.011593907476861391,-0.01236382129524018,-0.011140546805147079,-0.0031356113138506243,-0.0032590949918124786,-0.0035576755432416285,0.61935484,0.60720724,0.7164234,0.6465649,0.5199187,0.6175439,0.5723577,0.6069343,0.5041250586509705,0.807707453250885,0.5996999740600586,0.807707453250885,0.0375,37.5,0.42780055504855174,0.42608837456571697,0.4281087730823857,0.4491736112579997,0.44814890572181604,0.44761484890074577,0.46773893677535705,0.47697508582369386,0.4767085366887731,0.004110378171906518,0.003420127962710688,0.0038407216652673066,-0.012180654621730819,-0.012467899685618112,-0.012941677819143939,-0.0015999104199315869,-0.002256619750938416,-0.0024999435295845994,0.58092743,0.5965582,0.6173202,0.61078244,0.598374,0.6016853,0.5464151,0.6358535,2026-10-06T23:42:56.389045
71,0.6298576593399048,0.4982674717903137,0.7468987513542176,0.6301370859146118,0.7468987513542176,0.8234586010932923,0.9070174650192261,2.1776331871032717,0.23994776084423064,6.468493177032471,1.990861022758484,1.0,10.0,,,,,0.5319364410877228,0.5319364410877228,,,,16.462949313354493,0.22840055899255596,0.013729622417016868,,0.014392926409591441,1.3620532568852612,0.1459122550003468,0.0004991290615916038,0.017032072742938238,4.701783965347679,,0.0005667653897764965,,74.72138345317477,17.9772360856366,,104.27110747319118,74.70032078445337,23.81186360158738,94.36803698691593,39.51071252033209,16.462928662634198,,0.6885568100935334,,0.08071937307620504,0.2239939133832409,,0.11884918206246795,0.09656338507582428,0.2368102320440256,0.006641428905782426,0.4789576469712956,0.16533721632258908,,,,0.1478,2956.0,0.61056536,0.6033226,0.6743859,0.71846366,0.5846378,0.60593945,0.65026325,0.5923014,0.5080000758171082,0.8346149735450744,0.5874999761581421,0.8346149735450744,0.031,31.0,0.39595085692296456,0.39382551518158787,0.39554835339422667,0.28329903127114286,0.25119889242614524,0.28100906591714925,0.3420599973384427,0.3412034592268978,0.3405058404525056,0.004473284569406061,0.004841251458330775,0.0038983950157150276,-0.0013973471695730407,-0.003548101659295017,-0.0004145953001576801,0.006636641949949293,0.006030149422226143,0.006419095173808043,0.54050004,0.57818186,0.5430233,0.5917764,0.6796748,0.5893701,0.511811,0.6545455,0.497050017118454,0.7709623718261719,0.6209999918937683,0.7709623718261719,0.03,30.0,0.4757703938312526,0.4756252086121089,0.4781511509350133,0.40230232642493763,0.3841816455069326,0.4053521926351595,0.43614840108008085,0.4365774482962533,0.436097210119565,0.0006393050972443878,-0.00019999039456185952,0.0005289433522685899,-0.012151342629360911,-0.017215670052169063,-0.013061131897376684,-0.00460108250153176,-0.004864658402446162,-0.0050949595176434164,0.6225807,0.61666673,0.720438,0.6591603,0.52845526,0.6122807,0.59105694,0.6043796,0.5025250464677811,0.8027886726856232,0.6042499840259552,0.8027886726856232,0.0305,30.5,0.43586062537710857,0.4347253618968484,0.43684975216461996,0.3428006788480402,0.31769026896653896,0.34318062927615434,0.38910419920926176,0.38889045376157555,0.3883015252860353,0.002556294833325224,0.0023206305318844577,0.002213669183991809,-0.0067743448994669764,-0.01038188585573204,-0.006737863598767182,0.0010177797242087666,0.0005827455098899904,0.0006620678280823133,0.58154035,0.59742427,0.6317307,0.6254684,0.60406506,0.6008254,0.551434,0.62946254,2026-10-06T23:48:12.555133
72,0.6284900903701782,0.5028650760650635,0.753631799697876,0.6289404034614563,0.753631799697876,0.8213882234573364,0.904717045211792,2.146820451927185,0.25544808270931246,6.52450938949585,1.9968698484420777,1.0,10.0,,,,,0.5351120120048523,0.5351120120048523,,,,16.437123892211915,0.35549497562846183,0.02708384815297997,,0.02636855661981757,1.3551186752167477,0.1832761078550937,0.0006864322103807631,0.0234383485505393,5.314907093146804,,0.0008629098714675582,,74.68502248776187,17.951243430945524,,104.26498724093103,74.66494187276075,23.779760688733145,94.36794834987373,39.50586892389188,16.437103854622812,,0.6915819090642746,,0.08126165613437154,0.2248470430161543,,0.11939842567132537,0.09711255925665994,0.2387239165177011,0.0066295380045653905,0.4815956352242998,0.1669065472996159,,,,0.14525,2905.0,0.61118686,0.60207415,0.6717512,0.7186217,0.5847742,0.60636365,0.6450385,0.5904074,0.4860999882221222,0.8196244850158692,0.5995000004768372,0.8196244850158692,0.03,30.0,0.42106243638618734,0.4282361606374092,0.4258735184904126,0.3690226558292439,0.36632374510731325,0.3701821658419008,0.3845105099134876,0.3866985981315401,0.3884722441397854,0.012423674749870155,0.011223829142646857,0.013310766666128763,-0.006200189437331897,-0.017955519607407447,-0.0028286995992171556,0.003311297408536796,0.003926621059918741,0.003979860328872583,0.559,0.595,0.5682171,0.60263157,0.7195122,0.57755905,0.5185039,0.6481061,0.5016000866889954,0.7752296094894409,0.6205499768257141,0.7752296094894409,0.029,29.0,0.4642734589223505,0.4618678621920751,0.4689630074146599,0.4305974900463496,0.4446262815972073,0.4435246654616189,0.45368790602664066,0.45434497536132457,0.4542350844280926,-0.0014346546773025917,-0.001672919828802301,-0.0011907782558564861,-0.008623417351418422,-0.011300514222600599,-0.00901996810205727,-0.004540180387363356,-0.004468563611442308,-0.00447944239596906,0.6169355,0.60900897,0.6974453,0.67213744,0.51747966,0.62368417,0.61504066,0.6018249,0.4938500374555588,0.797427047252655,0.6100249886512756,0.797427047252655,0.0295,29.5,0.4426679476542689,0.44505201141474215,0.4474182629525363,0.39981007293779675,0.40547501335226027,0.4068534156517598,0.41909920797006417,0.42052178674643237,0.421353664283939,0.005494510036283782,0.004775454656922278,0.006059994205136138,-0.007411803394375159,-0.014628016915004023,-0.005924333850637213,-0.0006144414894132802,-0.0002709712757617837,-0.0002497910335482385,0.58796775,0.6020045,0.6328312,0.63738453,0.61849594,0.6006216,0.5667723,0.6249655,2026-10-06T23:53:30.660272
73,0.6319579482078552,0.49684491753578186,0.7452467725753784,0.6325525641441345,0.7452467725753784,0.8188047116279602,0.9018464765548706,2.1119268686294554,0.24805342032909394,6.253392463684082,1.9994488494873046,1.0,10.0,,,,,0.4942510287284851,0.4942510287284851,,,,16.41214514770508,0.27183627870503313,0.018210351149029556,,0.017861124481427466,1.4124084152993124,0.17029134159207723,0.0005626133244071648,0.019865283970928686,4.992517672336785,,0.0005821338204180734,,74.64897870106303,17.92849738734543,,104.25808608911599,74.63008914631644,23.74784605670127,94.36930754837717,39.484344944073136,16.41212599444541,,0.6928697053793889,,0.08172822563321727,0.22614494820309292,,0.11981928339050074,0.09773629918030113,0.24061385698758872,0.006641464106216552,0.48341931412174444,0.16862307764162685,,,,0.1445,2890.0,0.6111468,0.60398716,0.6822702,0.72257113,0.58668226,0.6101616,0.64916974,0.59307534,0.49640002846717834,0.8351553692817688,0.5837000012397766,0.8351553692817688,0.029,29.0,0.3860190622550844,0.3868190092206586,0.3929609026508388,0.3486862306044805,0.35433932821577196,0.35562271379221505,0.3325773941492875,0.3344942372236392,0.33717972204146673,0.02377830362481841,0.025210172369936647,0.022865645629070015,0.01373689838960254,0.01850581447363094,0.012681087783655058,0.01996622383199558,0.02223182636637811,0.018666168686912354,0.5455,0.5640909,0.55813956,0.5825658,0.68414634,0.56889766,0.51023626,0.6465909,0.5035000443458557,0.7710680031776428,0.6172500848770142,0.7710680031776428,0.024,24.0,0.4664271805757982,0.4678375008327194,0.4735913303677816,0.4650432629561881,0.48033544688376684,0.4803777306691381,0.4858637483624169,0.48573520546417076,0.48709654903603306,0.000386297221802952,-0.00046674096888004227,-0.0015720999006184838,-0.0060009594257183965,-0.009482479244035344,-0.011451062939227253,-0.0016840799891971448,-0.0015342825635991464,-0.004293864738249577,0.621371,0.6153153,0.71861315,0.6484733,0.5296748,0.6105263,0.5869919,0.5952555,0.49995003640651703,0.8031116862297059,0.6004750430583954,0.8031116862297059,0.026500000000000003,26.5,0.4262231214154413,0.42732825502668903,0.4332761165093102,0.4068647467803343,0.4173373875497694,0.41800022223067657,0.4092205712558522,0.410114721343905,0.4121381355387499,0.01208230042331068,0.012371715700528302,0.010646772864225766,0.003867969481942072,0.004511667614797797,0.0006150124222139026,0.009141071921399216,0.010348771901389482,0.007186151974331388,0.5834355,0.5897031,0.63837636,0.6155195,0.6069106,0.589712,0.5486141,0.62092316,2026-10-06T23:58:46.339579
74,0.6290225386619568,0.49841025471687317,0.7484744619369507,0.6291324496269226,0.7484744619369507,0.8267175878524781,0.9106385623931885,2.186621919822693,0.2186079315662384,6.311611770629883,1.998888493156433,1.0,10.0,,,,,0.5094139810562134,0.5094139810562134,,,,16.386699139404296,0.36264217792043263,0.027985656493459087,,0.02623524468289807,1.4523822224823533,0.14068989161473172,0.000462322642416456,0.01560167827684978,4.301767837469745,,0.0007093036831042375,,74.61365061960403,17.906042827922068,,104.25215941022157,74.5954276406841,23.713556605539505,94.36775970458984,39.45738006397417,16.38667887790947,,0.6925914602674497,,0.08227189407227145,0.22725348782007862,,0.12061340527929318,0.098371031178031,0.24199586613163068,0.006719474861647483,0.4848463658694249,0.1701889586676458,,,,0.14,2800.0,0.6111668,0.60495365,0.67676306,0.7138033,0.585553,0.6060404,0.63772786,0.59576374,0.505050003528595,0.8540069708824157,0.5732499957084656,0.8540069708824157,0.028,28.0,0.29014178664912466,0.28929944424767184,0.29349006972469693,0.3397455223771142,0.37035906562920984,0.3420754793387995,0.34947832507283183,0.35353939807763507,0.3515125675784884,0.015702738425826798,0.01505705919142722,0.014735798068048438,-0.0008035264895600556,0.0036584861631660036,-0.0015385215303476431,-0.0021630336126535117,-0.0024805105356568006,-0.0030332490071338604,0.54300004,0.5618182,0.52868223,0.5644737,0.6707317,0.572441,0.50039375,0.6393939,0.5011500120162964,0.7769289064407349,0.6130000948905945,0.7769289064407349,0.026,26.0,0.3988864036490207,0.3946728331025802,0.4025129949845916,0.4490560519362628,0.4411365463693352,0.44447315316671915,0.43167101331865676,0.4312816636757098,0.43126580056940805,-0.008706978854122893,-0.00944525903131169,-0.009491469595527227,-0.0081891569791912,-0.0119948275924295,-0.00964817838045037,-0.010357510415093356,-0.010227974654770046,-0.01152759713929568,0.61653227,0.61441445,0.71459854,0.6465649,0.51626015,0.604386,0.58739835,0.5919708,0.5031000077724457,0.8154679386615753,0.59312504529953,0.8154679386615753,0.027,27.0,0.3445140951490727,0.34198613867512606,0.34800153235464426,0.39440078715668847,0.4057478059992725,0.3932743162527593,0.3905746691957443,0.39241053087667244,0.39138918407394824,0.0034978797858519527,0.002805900080057765,0.0026221642362606054,-0.004496341734375628,-0.004168170714631748,-0.0055933499553990065,-0.0062602720138734335,-0.006354242595213423,-0.0072804230732147705,0.57976615,0.5881163,0.6216404,0.6055193,0.59349597,0.5884135,0.5438961,0.61568236,2026-10-07T00:04:03.192402
75,0.6293947696685791,0.5010423064231873,0.747621519947052,0.6297273635864258,0.747621519947052,0.8293030311584473,0.9135112726211548,2.231172965621948,0.2071491639137268,6.797558973693848,1.9987918090820314,1.0,10.0,,,,,0.5815070554733276,0.5815070554733276,,,,16.361124209594728,0.2496408711478209,0.017191138519656365,,0.01495366220682812,1.4787126149341558,0.13985170499914013,0.0004416951111808514,0.01536254834526094,4.6568738260086935,,0.00046720175096834864,,74.57829989293579,17.88212630399473,,104.24744220903725,74.5605563024047,23.678914950911405,94.36692037400167,39.430363891990325,16.36110427273307,,0.6925392196436596,,0.08278229581132816,0.22867323866315709,,0.12131088155849724,0.09893252349393383,0.24326826119498843,0.006812732204035589,0.4862808349785531,0.1715279814733821,,,,0.13945,2789.0,0.60278666,0.6039468,0.6780507,0.7173776,0.59271806,0.607697,0.64803565,0.58560085,0.5017500519752502,0.8240474009513855,0.589699923992157,0.8240474009513855,0.034,34.0,0.33746458374983257,0.33715862890196496,0.34127226516597386,0.39255176362949323,0.39129905428908995,0.3926710450932667,0.3590706456020133,0.3565888528200786,0.3589347563857954,0.018070453069071533,0.017589883752855258,0.01677172166447332,-0.003927353785137566,-0.003933192708220403,-0.0037324880580763215,0.010950381922545261,0.012372182099839153,0.011099780488303288,0.547,0.58090913,0.5492248,0.58388156,0.68333334,0.5866142,0.515748,0.6625,0.5030999779701233,0.7659771475791931,0.619149923324585,0.7659771475791931,0.035,35.0,0.4088609390312301,0.40832763584992743,0.41308191898939234,0.44928034885220247,0.4438438040003609,0.4530400537405928,0.4475207358390686,0.447527185176162,0.4477906841831255,-0.007696240546912644,-0.009288417882805475,-0.008035072351355772,-0.008206746832257179,-0.011683339197143651,-0.00943095827615798,-0.007693569212377293,-0.00792551371689192,-0.008594012813409444,0.6298387,0.6175676,0.71459854,0.6461832,0.5235773,0.6166667,0.5869919,0.6062044,0.5024250149726868,0.7950122742652893,0.604424923658371,0.7950122742652893,0.0345,34.5,0.37316276139053134,0.3727431323759462,0.37717709207768313,0.4209160562408478,0.41757142914472545,0.42285554941692977,0.40329569072054094,0.4020580189981203,0.40336272028446046,0.005187106261079445,0.004150732935024892,0.004368324656558774,-0.006067050308697372,-0.007808265952682027,-0.006581723167117151,0.0016284063550839841,0.002223334191473617,0.0012528838374469223,0.5884193,0.5992384,0.63191164,0.6150324,0.6034553,0.60164046,0.55136997,0.6343522,2026-10-07T00:09:19.402018
76,0.6284998059272766,0.4991624653339386,0.7501788208961487,0.629037618637085,0.7501788208961487,0.8210916010856628,0.9043874615669251,2.129967645263672,0.20121451663970946,6.1312442306518555,1.995412353515625,1.0,10.0,,,,,0.5687546255111694,0.5687546255111694,,,,16.335203131103516,0.3772907064883572,0.025512269029251425,,0.0272328958625662,1.3935043306867028,0.16530941706743968,0.0007101438826863553,0.02142225900237822,4.432456843222782,,0.0009824160968341306,,74.54353988550271,17.855262586265614,,104.23940097298592,74.52529479591709,23.645117741481513,94.36289482359673,39.44946325508652,16.335180877879928,,0.6908555323151266,,0.08340246467643482,0.22907318402627472,,0.12157445315532624,0.09947633197542968,0.24496352065141033,0.006900255814503143,0.4900922034956088,0.1730863901839894,,,,0.1476,2952.0,0.60330796,0.59798634,0.67854595,0.7207741,0.59065425,0.6024646,0.6416363,0.5953361,0.5091500282287598,0.8291814889907837,0.5889999866485596,0.8291814889907837,0.034,34.0,0.2895365591304408,0.28646106055036585,0.2928693659498483,0.23144834721121002,0.25062151645073544,0.230561177592645,0.2751785881019661,0.275217958682074,0.27363310001568414,-0.0039727941374148035,-0.0027032946101001928,-0.004004205044536756,-0.028826054658012603,-0.033205245847031835,-0.029136768959481776,-0.006460940387281811,-0.0073630825435015935,-0.007570122947024462,0.55300003,0.58090913,0.54573643,0.5934211,0.6792683,0.5901575,0.5153544,0.6458333,0.4918999969959259,0.7669089231491089,0.6196999549865723,0.7669089231491089,0.029,29.0,0.4135465535643258,0.4092780658462895,0.415511685295518,0.40350868599004946,0.3787771035772034,0.39807642448526687,0.4398896068319026,0.4388884837627852,0.4356122360620753,-0.004680822759632134,-0.0049670449827742295,-0.005196287443922275,-0.01281547139782139,-0.013956001824927075,-0.013447572591498766,-0.004091099569699705,-0.004376456698169583,-0.004764765200927475,0.6262097,0.61216223,0.71861315,0.6427481,0.53373986,0.61403507,0.5902439,0.6072993,0.5005250126123428,0.7980452060699463,0.6043499708175659,0.7980452060699463,0.0315,31.5,0.35154155634738327,0.3478695631983277,0.35419052562268316,0.31747851660062976,0.31469931001396945,0.31431880103895593,0.3575340974669343,0.3570532212224296,0.3546226680388797,-0.004326808448523469,-0.003835169796437211,-0.004600246244229516,-0.020820763027916998,-0.023580623835979454,-0.021292170775490272,-0.005276019978490758,-0.005869769620835588,-0.006167444073975969,0.58960485,0.5965357,0.6321748,0.6180846,0.6065041,0.6020963,0.5527991,0.6265663,2026-10-07T00:14:36.117511
77,0.6296980977058411,0.4991272985935211,0.7515677476882935,0.6297973990440369,0.7515677476882935,0.8335391235351562,0.9182180438995361,2.2891744449615476,0.2068832277536392,6.59619425125122,1.999971241760254,1.0,10.0,,,,,0.5952165106773376,0.5952165106773376,,,,16.309185989379884,0.3456905526672579,0.019573240208730195,,0.017855066958826722,1.412283823748303,0.18637783790991944,0.0007268050099740837,0.023852325462777713,5.4868442431377,,0.0007461505376839132,,74.50868963739674,17.83461407946933,,104.2334174866889,74.49039512682872,23.614251142854144,94.36259023095393,39.465691147336535,16.30916555368217,,0.6931328697569051,,0.08412924366202323,0.23057613118438963,,0.12229785138064889,0.10008391215922727,0.24725702423958262,0.006954366050565698,0.49376286461854435,0.17445945217730893,,,,0.13935,2787.0,0.6038292,0.60461134,0.68110144,0.72124803,0.58798677,0.59721214,0.6480761,0.59279025,0.5067999362945557,0.8263095779418945,0.5890000462532043,0.8263095779418945,0.035,35.0,0.28844772546460434,0.28433344744903105,0.29574482758219267,0.3168544700746851,0.32340138903608656,0.3224975774524896,0.3136649075054112,0.31264883369183805,0.31003754811596757,0.011055606175908112,0.009699225975148025,0.007975926238411226,0.0067921818411510754,0.005138121913983427,0.0006692661513361026,0.01133324252065761,0.009725852916688553,0.006630123539777993,0.5575,0.5931818,0.55813956,0.5871711,0.6813008,0.57165354,0.5137795,0.64469695,0.49160006642341614,0.7663501086235046,0.6194999814033508,0.7663501086235046,0.035,35.0,0.37195932991760083,0.36552988015837984,0.379842233055707,0.41398601446949723,0.390181786968607,0.40870807420846333,0.4231739481627207,0.4211071890175965,0.4232353742191345,0.001894405347716727,0.0007679050024974545,0.0014272743471360329,-0.0007434590038450601,-0.000785894765910024,-0.0018686172287705023,-0.0039560868461449225,-0.0036477371040623025,-0.005201417286561658,0.6262097,0.60720724,0.720438,0.65076333,0.5280488,0.6201755,0.58739835,0.6029197,0.4992000013589859,0.7963298432826995,0.6042500138282776,0.7963298432826995,0.035,35.0,0.3302035276911026,0.3249316638037054,0.3377935303189499,0.36542024227209113,0.3567915880023468,0.36560282583047643,0.36841942783406595,0.36687801135471726,0.366636461167551,0.006475005761812419,0.00523356548882274,0.004701600292773629,0.003024361418653008,0.0021761135740367013,-0.0005996755387171998,0.0036885778372563434,0.0030390579063131256,0.0007143531266081676,0.5918548,0.6001945,0.6392888,0.6189672,0.6046748,0.5959145,0.55058897,0.6238083,2026-10-07T00:19:50.912845
78,0.6318625807762146,0.49944233894348145,0.743867123889923,0.6318078637123108,0.743867123889923,0.8387868584632874,0.9240488609313965,2.3604038524627686,0.21206076471805574,7.004412952423095,1.9994959037780762,1.0,10.0,,,,,0.6007771881103515,0.6007771881103515,,,,16.28364928588867,0.3671723649759961,0.024196830380909667,,0.017761690323359693,1.5005027564467899,0.15216596412715638,0.0004804252046156692,0.01702723499375639,4.505446966666325,,0.0004937394325656462,,74.4740547131581,17.815768296551553,,104.22528853689789,74.45535944070026,23.58174350762823,94.3607227301142,39.44880797756705,16.283628694570748,,0.6928962229923078,,0.08477571340882854,0.23233502287014274,,0.12283712378732718,0.10059620411532699,0.24813438657742398,0.006907068833613851,0.49564382168138105,0.1759340253415381,,,,0.1344,2688.0,0.6063152,0.6013693,0.6713154,0.72946286,0.5911799,0.6060404,0.6490685,0.59826887,0.5038000345230103,0.8417265563011169,0.5813000202178955,0.8417265563011169,0.037,37.0,0.25091565209597383,0.2485584040676491,0.25327649858381596,0.2756890899467231,0.256455643932075,0.27657925446979204,0.308580470536511,0.31075043200613184,0.3083501402987597,0.01654596245095943,0.015798071612394347,0.016956767522977152,-0.011347830483640162,-0.0130876452928859,-0.010662039960242628,0.001672255861616997,0.0028124084993746442,0.001911392259838901,0.53050005,0.57863635,0.5271318,0.575,0.6821138,0.5929134,0.51496065,0.6409091,0.49699997901916504,0.7662106127738952,0.6199999451637268,0.7662106127738952,0.037,37.0,0.364863965968381,0.3655859229510361,0.3708015587302821,0.3937149446681735,0.38828593023965835,0.39254418575798034,0.40596056775457146,0.40607466070821857,0.40431709703092916,-0.012470127283691379,-0.012979268733809968,-0.01180460948841329,-0.010746985150638022,-0.011582494384011521,-0.012504118677127054,-0.006666790742210852,-0.006481202560123758,-0.00685807952467546,0.62459683,0.6135135,0.72189784,0.65038174,0.5361789,0.6052632,0.58739835,0.6069343,0.5004000067710876,0.8039685845375061,0.6006499826908112,0.8039685845375061,0.037,37.0,0.30788980903217744,0.3070721635093426,0.312039028657049,0.3347020173074483,0.32237078708586664,0.3345617201138862,0.3572705191455412,0.35841254635717523,0.3563336186648444,0.002037917583634026,0.0014094014392921897,0.0025760790172819313,-0.011047407817139091,-0.01233506983844871,-0.011583079318684842,-0.0024972674402969275,-0.001834397030374557,-0.0024733436324182794,0.57754844,0.59607494,0.6245148,0.61269087,0.60914636,0.5990883,0.5511795,0.6239217,2026-10-07T00:25:07.156348
79,0.629802405834198,0.5020449161529541,0.7480080695152282,0.6299348473548889,0.7480080695152282,0.8365417910575866,0.9215543429374695,2.3384880729675293,0.21502944264411927,6.693456023406982,1.9911487804412842,1.0,10.0,,,,,0.6100252047538758,0.6100252047538758,,,,16.25822405090332,0.25252381394243545,0.018151698510198124,,0.013893667396430852,1.4807294307241015,0.1398725373445043,0.00042399240015919917,0.014740481254923495,4.433574362924904,,0.0004631104688098948,,74.43999306259641,17.793989120774967,,104.2175129689988,74.42093726480083,23.54769491693776,94.35955820265849,39.41350237123526,16.258202874736423,,0.6886995901727373,,0.08552282512377782,0.2336827285919979,,0.12331682671407226,0.10123216911296176,0.2494567875649519,0.006920558768235574,0.4965983061653793,0.1775116910980006,,,,0.1359,2718.0,0.60326785,0.5974829,0.6749802,0.7302331,0.589486,0.5947677,0.65236944,0.59529537,0.5031499862670898,0.8167919759750366,0.5961999297142029,0.8167919759750366,0.04,40.0,0.24506690109360244,0.24303237448465592,0.25105676103065633,0.274973157057299,0.2485776157566457,0.27631056181351693,0.3320282545973598,0.3302257315975073,0.3279762250801858,0.003984449373388014,0.004301899486177552,0.0030777621049543416,-0.019695398740797704,-0.028191624884131128,-0.02007106377281923,5.493123535039211e-06,-0.0010791532027227605,-0.0066313469705058725,0.574,0.6018182,0.56860465,0.5825658,0.699187,0.58188975,0.507874,0.6537879,0.4984000325202942,0.7759934878349304,0.615850031375885,0.7759934878349304,0.042,42.0,0.336396689532292,0.336466656061155,0.3434472327105039,0.3245907342448688,0.3156552095248222,0.32717935031495454,0.33864585342478515,0.3379522469408214,0.33607963422656756,-0.0032488792239645414,-0.0028180686101327342,-0.0032589304990656423,-0.002800149573150479,0.002445608641858178,-0.0027175016532579492,-0.006978698917312948,-0.006432389441490092,-0.007912015349443875,0.61451614,0.6063063,0.6956205,0.6599237,0.5288618,0.60921055,0.6056911,0.59562045,0.500775009393692,0.7963927319049835,0.606024980545044,0.7963927319049835,0.041,41.0,0.29073179531294724,0.2897495152729055,0.2972519968705801,0.2997819456510839,0.28211641264073395,0.30174495606423574,0.3353370540110725,0.3340889892691643,0.3320279296533767,0.0003677850747117364,0.0007419154380224088,-9.058419705565033e-05,-0.011247774156974092,-0.012873008121136474,-0.011394282713038589,-0.0034866028968889543,-0.0037557713221064264,-0.007271681159974874,0.59425807,0.60406226,0.63211256,0.6212447,0.6140244,0.5955502,0.55678254,0.6247042,2026-10-07T00:30:22.141563
80,0.6314821839332581,0.49895742535591125,0.7482929594039917,0.6317377686500549,0.7482929594039917,0.8324269093513489,0.9169822543144226,2.3537009397506714,0.2047243634223938,6.926602689361572,1.9567338848114013,1.0,10.0,,,,,0.5811502607345581,0.5811502607345581,,,,16.233048016357422,0.5152964375936872,0.045682299686417835,,0.03886842144101526,1.5748534660050824,0.17722531139945527,0.0009125076988074264,0.024246819053367254,4.985834158150253,,0.0016691569080243553,,74.40570836158315,17.770038106638914,,104.21561801205775,74.38624047929315,23.516177718047125,94.35120119714433,39.56127742597252,16.233028181039604,,0.6710546684872573,,0.08623824463148785,0.23513399320802872,,0.1241409026418522,0.1018927234942746,0.25176692616408036,0.006999620067394653,0.506888546002139,0.1791074888151922,,,,0.15255,3051.0,0.6024058,0.5983689,0.6818938,0.72656006,0.58699375,0.60773736,0.65303767,0.59549904,0.5052000284194946,0.8539185123443603,0.5802000164985657,0.8539185123443603,0.04,40.0,0.3660255428024959,0.3668311516682225,0.37409865336598885,0.22465614645151274,0.21022547699302305,0.22964920535802275,0.31719953276773755,0.32016162152873445,0.3195562133955866,0.01374928536550581,0.01389426927509106,0.013333338004238285,-0.011006050048507703,-0.012791911780174178,-0.012823258065063034,0.010088076079235984,0.008693256264455005,0.00865247827317407,0.545,0.5777273,0.53023255,0.5861842,0.68292683,0.5748032,0.50236225,0.63522726,0.5142499804496765,0.7823026070594787,0.6159000396728516,0.7823026070594787,0.041,41.0,0.49820684405613647,0.5067620704404281,0.5074283482112235,0.3547859568144016,0.3425644609709179,0.36079165869578944,0.4660272482044549,0.46786446989721353,0.4669643219658359,0.002002675849095991,0.0007303438366605866,0.001775529005391065,7.402390917654416e-05,-0.0060744865503486335,-0.0005232079074189886,0.003142116902003604,0.0021475947927897,0.0020019044173871735,0.62580645,0.59819824,0.72262776,0.64465654,0.5231707,0.6052632,0.59390247,0.59890515,0.5097250044345856,0.8181105597019196,0.5980500280857086,0.8181105597019196,0.0405,40.5,0.4321161934293162,0.4367966110543253,0.44076350078860616,0.2897210516329572,0.27639496898197047,0.29522043202690607,0.3916133904860962,0.394013045712974,0.39326026768071126,0.0078759806073009,0.007312306555875823,0.0075544335048146755,-0.005466013069665579,-0.009433199165261405,-0.006673232986241011,0.006615096490619794,0.005420425528622352,0.005327191345280622,0.5854032,0.58796275,0.62643015,0.61542034,0.6030488,0.5900332,0.54813236,0.6170662,2026-10-07T00:35:37.569928
81,0.6316651701927185,0.5006571412086487,0.7479969638824463,0.6316324472427368,0.7479969638824463,0.8165345895767212,0.8993241223335267,2.109906464958191,0.18539732729196548,6.030586003875732,1.9652805908203126,1.0,10.0,,,,,0.6251672737121582,0.6251672737121582,,,,16.209723013305663,0.5868425716640083,0.04689297527905292,,0.03485295911331418,1.5378439278359626,0.18768624709859774,0.0010146262032605683,0.02795034403776287,5.049601485774775,,0.0014519520097860405,,74.3728689691823,17.747369984912265,,104.2239574262291,74.35142157487809,23.487820145430838,94.33978859482298,39.829235927314514,16.20970537708064,,0.6756049990653992,,0.08707707569857312,0.2368496835801252,,0.12571369899306328,0.10249788594094052,0.2541587722908919,0.007179748329221253,0.5230915238902827,0.18086577695646103,,,,0.16195,3239.0,0.600421,0.59359646,0.6792789,0.7320695,0.59308803,0.60755557,0.6535034,0.591833,0.5007500052452087,0.8550883207321167,0.5758000612258911,0.8550883207321167,0.038,38.0,0.3716276568030373,0.37715105368864654,0.3785702970934791,0.23984901352529606,0.2637709611900297,0.2486431576177152,0.3717285468876235,0.37144451983388754,0.3711859129426255,0.0282259417136907,0.027811611682442505,0.02906469778299319,0.013967849478166488,0.015723984671962118,0.01748113401145951,0.015461120357791526,0.017352383106601414,0.015361963739886767,0.51100004,0.54,0.4899225,0.5973684,0.7170732,0.5748032,0.50629926,0.65000004,0.49810001254081726,0.7788749179840088,0.6160500049591064,0.7788749179840088,0.036,36.0,0.474235090583061,0.4800149615123401,0.4851435556873638,0.4099837634649861,0.4018782350454085,0.4128613719251804,0.4772166495579261,0.477883074499129,0.4778931676354117,0.0013155230865834716,0.00016417145295771247,0.00039290230101277226,0.0028130070783975057,0.0032220103460820415,0.0009387329471531577,-0.0030591901406886684,-0.0036331470185512462,-0.005132629928588191,0.6024194,0.5923423,0.69489056,0.67480916,0.53943086,0.6,0.60325205,0.6062044,0.499425008893013,0.8169816193580628,0.5959250330924988,0.8169816193580628,0.037,37.0,0.4229313736930491,0.4285830076004933,0.43185692639042145,0.3249163884951411,0.3328245981177191,0.3307522647714478,0.42447259822277483,0.42466379716650826,0.4245395402890186,0.014770732400137087,0.01398789156770011,0.014728800042002981,0.008390428278281997,0.00947299750902208,0.009209933479306334,0.006200965108551428,0.0068596180440250835,0.0051146669056492886,0.5567097,0.56617117,0.5924065,0.6360888,0.628252,0.5874016,0.55477566,0.6281022,2026-10-07T00:40:55.725814
82,0.6301601529121399,0.5005348920822144,0.7492224420547485,0.6307975649833679,0.7492224420547485,0.8391854231834411,0.9244917106628417,2.421977543258667,0.22103208742141722,6.7554102165222165,1.9937777185440064,1.0,10.0,,,,,0.6104363286018372,0.6104363286018372,,,,16.18647961730957,0.8180739757171862,0.06139859137760036,,0.03486829581536993,1.4931050239095263,0.19338085051554782,0.0007083391633357817,0.023792527705003882,5.254373542062796,,0.0010669608760612982,,74.33984686007166,17.73335646368136,,104.23078558854996,74.31673620916476,23.457430189582194,94.3409407791818,39.95652586335589,16.186457421369614,,0.6900412390945824,,0.08788068103752318,0.239936962059349,,0.12728181149169898,0.10307696717939559,0.2559468089395268,0.007243672237512033,0.5321195600139108,0.18267449527789073,,,,0.14195,2839.0,0.6058741,0.5955296,0.6794968,0.7235782,0.59143305,0.6064445,0.64516,0.5973116,0.49719998240470886,0.8310616607666016,0.5867000222206116,0.8310616607666016,0.037,37.0,0.27518974714983707,0.2761627011836685,0.28131895737441814,0.344168008529866,0.33073847305072657,0.34648796812928595,0.3347057035288573,0.33630077320282276,0.3310190474078046,-0.003916999429068369,-0.0036125835725517932,-0.003919054171902301,-0.014663079358885408,-0.017717262673207744,-0.01393162351404085,-0.004450085884086475,-0.004431142421434274,-0.00631278319092792,0.54550004,0.5895454,0.54612404,0.58914477,0.68414634,0.56535435,0.5192914,0.64696974,0.5126000642776489,0.7785038619041443,0.6134499907493591,0.7785038619041443,0.038,38.0,0.4128162265874259,0.41761131598585804,0.41674912108244055,0.45076294266788436,0.44609140170703054,0.4460303315076525,0.46492540177351543,0.4677067549301199,0.4629626925155461,-0.014080319914837812,-0.015172748057887432,-0.0140067004753604,-0.003450713958739611,-0.005040290240670521,-0.0019103240753124368,-0.0024074731416835887,-0.002238669235123328,-0.004255254299698707,0.6072581,0.60315317,0.71751827,0.6553435,0.51626015,0.6131579,0.58089435,0.6,0.5049000233411789,0.804782761335373,0.6000750064849854,0.804782761335373,0.0375,37.5,0.3440029868686315,0.3468870085847633,0.34903403922842935,0.3974654755988752,0.38841493737887856,0.3962591498184692,0.3998155526511864,0.4020037640664713,0.3969908699616753,-0.008998659671953091,-0.009392665815219612,-0.008962877323631352,-0.00905689665881251,-0.011378776456939133,-0.007920973794676643,-0.003428779512885032,-0.0033349058282788006,-0.005284018745313313,0.57637906,0.5963493,0.63182116,0.6222441,0.6002033,0.58925617,0.5500929,0.62348485,2026-10-07T00:46:12.599112
83,0.6310800313949585,0.5011274218559265,0.7477313961982727,0.6315276622772217,0.7477313961982727,0.815757259941101,0.8984604168891906,2.151497247886658,0.21517247335910797,6.868330304718017,1.9997149330139161,1.0,10.0,,,,,0.5768681574821473,0.5768681574821473,,,,16.161154360961913,0.9202328054293706,0.07282522386889075,,0.05583279349420006,1.4611466724401827,0.1694849534019543,0.0008574715716494426,0.02319061800030766,4.167253020272892,,0.0016339828947427011,,74.30833610000124,17.707280007137616,,104.23787592019245,74.28209632824941,23.425795549040387,94.34437998388982,39.959280074781674,16.161134015223023,,0.6930052657036265,,0.08884358600636197,0.24167925157364767,,0.12858803370955643,0.10368720475275806,0.25776248126272944,0.007306724246947249,0.5347327221730712,0.18431914849266126,,,,0.16355,3271.0,0.5986568,0.59500605,0.6693344,0.7334716,0.596729,0.5951919,0.6620089,0.6002241,0.5013999342918396,0.8461654849052429,0.5798000693321228,0.8461654849052429,0.029,29.0,0.4246591107873866,0.42796338595461064,0.43021238944505663,0.23345670526047407,0.1891099231881558,0.23628841337072432,0.34059286348397155,0.33882216588304886,0.34037232892682356,0.007195154106002679,0.006457046909035574,0.007159374725684249,-0.004575605469793527,-0.017618494936687767,-0.004643526205417938,-0.0039841855444026015,-0.005083508398208607,-0.00462459572562135,0.527,0.56954545,0.5224806,0.58848685,0.68536586,0.5728347,0.5192914,0.6409091,0.4939000606536865,0.7788373436927796,0.6165500283241272,0.7788373436927796,0.034,34.0,0.5059212441162065,0.5139132602100094,0.512558961611636,0.3321744436276171,0.3322978936255147,0.33163785794311257,0.4463043708191716,0.45043764514849477,0.4500335248484633,-0.002056713286728046,-0.0022806688209636118,-0.0019973320952086054,-0.008056548933130991,-0.006557057374710099,-0.008107886501612196,-0.002445170913012119,-0.002775330027519667,-0.002612092985241402,0.6060484,0.6175676,0.7156935,0.65076333,0.5414634,0.5991228,0.5971545,0.5927008,0.49764999747276306,0.8125014142990112,0.598175048828125,0.8125014142990112,0.0315,31.5,0.46529017745179657,0.47093832308231,0.4713856755283463,0.2828155744440456,0.26070390840683527,0.28396313565691844,0.3934486171515716,0.3946299055157718,0.39520292688764347,0.002569220409637317,0.0020881890440359813,0.002581021315237822,-0.006316077201462259,-0.012087776155698933,-0.006375706353515067,-0.0032146782287073602,-0.003929419212864137,-0.003618344355431376,0.5665242,0.5935565,0.61908704,0.6196251,0.61341465,0.58597875,0.55822295,0.61680496,2026-10-07T00:51:27.527853
84,0.6319299340248108,0.4997274875640869,0.7467842028617859,0.6324254274368286,0.7467842028617859,0.8169498078346252,0.8997854712486267,2.1631134815216067,0.20262148129940033,7.019601615905762,1.9988187076568604,1.0,10.0,,,,,0.6224520451545715,0.6224520451545715,,,,16.136557473754884,0.6919196257071131,0.0616368618497186,,0.04811191323337851,1.4524606276469625,0.1705844481090072,0.0008842047499670725,0.024972611617083383,4.05658507043389,,0.0013453800771446604,,74.27427133936791,17.691153289406163,,104.24245768747512,74.24827254957454,23.394260236412098,94.3467886371977,40.00797524421838,16.136540224597713,,0.6925586921394251,,0.08952944180008712,0.24405713578697982,,0.12977505328169295,0.10437999414220737,0.26009574855209155,0.007341689145441648,0.5395839233307322,0.18671476850464086,,,,0.1589,3178.0,0.59572977,0.59913415,0.67511886,0.73744076,0.5908489,0.61171716,0.6509113,0.596945,0.4864500164985657,0.8446289367675781,0.5790000557899475,0.8446289367675781,0.035,35.0,0.35166068858413313,0.35914280920974684,0.3634083225558488,0.22345553410885624,0.19720484529583898,0.22712845050006542,0.2708151761933539,0.2742813499129544,0.27490391812120246,-0.004790080850639546,-0.005545931191421329,-0.004317905658289769,-0.004760519765097584,-0.0071431108965772485,-0.004965440007268937,-0.0011163992869515707,-0.00029652462374804046,-0.0013657072004489182,0.552,0.57454544,0.518217,0.58157897,0.6873984,0.56338584,0.51692915,0.6333333,0.4901500642299652,0.7766543397903443,0.6146000623703003,0.7766543397903443,0.044,44.0,0.5212037753210961,0.525522208670428,0.5281993109214647,0.39430964608647523,0.39732511438755747,0.40170012064878047,0.4562986976598733,0.45514871964330506,0.45550983836355463,0.011871893061638621,0.010706888099359093,0.010922507023570298,0.008108570926429534,0.00543240236962452,0.005322024147677824,0.00520576705724062,0.0047759152685866,0.0034125967678309247,0.6153226,0.6076577,0.7124087,0.64312977,0.5304878,0.6201755,0.58821136,0.5890511,0.48830004036426544,0.8106416382789612,0.5968000590801239,0.8106416382789612,0.0395,39.5,0.4364322319526146,0.4423325089400874,0.44580381673865677,0.3088825900976657,0.2972649798416982,0.31441428557442297,0.3635569369266136,0.3647150347781297,0.3652068782423785,0.0035409061054995374,0.002580478453968882,0.0033023006826402644,0.0016740255806659754,-0.0008553542634763644,0.00017829207020444342,0.0020446838851445248,0.00223969532241928,0.0010234447836910032,0.5836613,0.5911015,0.6153129,0.6123544,0.6089431,0.59178066,0.5525702,0.6111922,2026-10-07T00:56:46.096391
85,0.6318224668502808,0.4987025856971741,0.7465375552177429,0.6322349309921265,0.7465375552177429,0.8037603444099426,0.8851305106163024,2.1139599908828735,0.21881860222816468,7.325677844238281,1.9986971954345703,1.0,10.0,,,,,0.6320548179626465,0.6320548179626465,,,,16.113937258911132,0.6512319570953015,0.043619391480223486,,0.04298364245525567,1.5063199461645382,0.1832633772093779,0.0011015160742978074,0.030251388624903692,3.5459849549706575,,0.0019594043198803137,,74.24194666382614,17.666245794599984,,104.24690149392292,74.21448142665207,23.366755868219265,94.34209106834072,40.1935236013619,16.113922009802167,,0.6924828112505044,,0.09040400589917116,0.24484534941281483,,0.13093161298211214,0.10502972909409529,0.26257048253041165,0.007601059513510602,0.5510192164190256,0.1892702648783945,,,,0.1653,3306.0,0.59967923,0.60513496,0.6797346,0.72547394,0.5847352,0.6127475,0.65666264,0.5924848,0.4915500581264496,0.8462336502075195,0.5839000940322876,0.8462336502075195,0.04,40.0,0.3535190311831025,0.355050423704203,0.3602024240243723,0.1873255431566425,0.18673581209475926,0.18735417763734324,0.2928530567322562,0.29844998561963376,0.29853436769175445,-0.0018208423192031472,-0.0015260355405095735,-0.0012468639944610287,-0.01916620508313747,-0.019356735669979284,-0.01940768117875187,-0.008519941655566124,-0.00800305286467553,-0.00787571251603699,0.5425,0.5681818,0.53720933,0.5907895,0.68861794,0.5767717,0.5035433,0.65265155,0.5024499893188477,0.7721853375434875,0.6215999722480774,0.7721853375434875,0.037,37.0,0.5184693180162304,0.5223287483239233,0.5239135760493482,0.4141485012509843,0.41825130465158783,0.41514066027809154,0.4820206110322516,0.4813115227421859,0.4827455105638834,0.0063590194764156375,0.006049895282721422,0.005867953743400362,0.0025975350198143964,0.0014766296951736024,0.0015936308315478384,0.002575408928393833,0.0020244994313021376,0.00209732853600668,0.6282258,0.62117124,0.71934307,0.6538168,0.52154475,0.62543863,0.58252037,0.6091241,0.4970000237226486,0.8092094938755034,0.6027500331401825,0.8092094938755034,0.0385,38.5,0.4359941745996665,0.43868958601406316,0.44205800003686024,0.3007370222038134,0.30249355837317354,0.3012474189577174,0.3874368338822539,0.38988075418090984,0.3906399391278189,0.002269088578606245,0.0022619298711059246,0.0023105448744696663,-0.008284335031661538,-0.00894005298740284,-0.008907025173602015,-0.002972266363586145,-0.002989276716686696,-0.0028891919900151546,0.5853629,0.5946765,0.6282762,0.6223031,0.6050813,0.60110515,0.5430318,0.63088787,2026-10-07T01:02:02.190304
86,0.6330394744873047,0.5012649893760681,0.7441820391654969,0.6337379813194275,0.7441820391654969,0.836481798362732,0.9214876816749573,2.417457376289368,0.20566382693052293,7.7683868431091305,1.9944020483016969,1.0,10.0,,,,,0.6234739797592163,0.6234739797592163,,,,16.09352662963867,0.9986191418045646,0.07450840605873686,,0.042458145935562956,1.4696997920419002,0.211398212393378,0.0008448385754021798,0.027778523831752836,5.229846842729362,,0.001277872469849183,,74.20871452768897,17.65239982847955,,104.2483764454058,74.18000098550395,23.338904228939374,94.34122447603067,40.31402004752189,16.093506248133956,,0.6903131638362909,,0.09112677405214613,0.24748548979212523,,0.13207235476773255,0.1056663159542023,0.2656498323580262,0.007816285440686402,0.5592076668314113,0.1918246579018368,,,,0.14985,2997.0,0.6019046,0.5949255,0.67985344,0.7355845,0.59669006,0.6078384,0.65781695,0.5935234,0.4994000792503357,0.8528865199089051,0.5817500352859497,0.8528865199089051,0.04,40.0,0.2885112208619454,0.28477445654269046,0.29471113272873134,0.25924286393187224,0.24497694240232679,0.2555091074678214,0.28581479648710706,0.2855039827250726,0.28705254715636425,0.009888688175035874,0.007588965381228998,0.0108933576245131,0.0069191067341657165,-0.007790413798997776,0.005690007314446557,0.0015844777465450965,0.0006530635247071931,0.0017149083748566234,0.53150004,0.5672727,0.5341085,0.5924342,0.6894309,0.57362205,0.50511813,0.6473485,0.4978000819683075,0.7778857579231262,0.6211500763893127,0.7778857579231262,0.031,31.0,0.40967194283410346,0.4174191206754006,0.41530253339592543,0.4343803999878283,0.439649644801157,0.43631530885522635,0.42774320057997817,0.4273125112127663,0.4287474774041825,-0.004788920087006898,-0.004343839639985353,-0.004738621726124351,-0.008040856978611318,-0.009001299435232259,-0.008892184341473177,-0.004418824612217198,-0.00543868146734323,-0.0052326202770171006,0.61774194,0.61666673,0.7182482,0.6484733,0.52723575,0.61710525,0.597561,0.6135037,0.4986000806093216,0.8153861389160156,0.6014500558376312,0.8153861389160156,0.035500000000000004,35.5,0.34909158184802447,0.35109678860904553,0.3550068330623284,0.34681163195985026,0.3423132936017419,0.3459122081615239,0.3567789985335426,0.3564082469689195,0.35790001228027335,0.0025498840440144883,0.0016225628706218222,0.0030773679491943747,-0.0005608751222228006,-0.008395856617115017,-0.00160108851351331,-0.0014171734328360507,-0.0023928089713180184,-0.0017588559510802386,0.57462096,0.5919697,0.6261784,0.6204538,0.60833335,0.5953636,0.55133957,0.6304261,2026-10-07T01:07:17.714335
87,0.6319249272346497,0.49984976649284363,0.7459044109344483,0.6323325037956238,0.7459044109344483,0.838790567111969,0.924052988243103,2.3864826271057127,0.20459817637205124,8.00282760848999,1.9796469530105592,1.0,10.0,,,,,0.6287814578056335,0.6287814578056335,,,,16.07085461730957,1.2615772824212435,0.08841218897675396,,0.048067123881262386,1.5134491859727603,0.20637341579244395,0.0008252947826671064,0.026272805205955627,5.326007401107982,,0.001764748242951946,,74.17717086889182,17.64562335895125,,104.25405077114226,74.14522547630747,23.309076163419494,94.344967350079,40.31188228631475,16.070833704274172,,0.6829149020705253,,0.09194538035210531,0.2516416718435895,,0.13350043165835607,0.1062295709256154,0.26725606667767665,0.008019483114361384,0.5614613397106244,0.19350830071670994,,,,0.1476,2952.0,0.6001003,0.6013492,0.6658677,0.73647314,0.5921729,0.60305053,0.65972054,0.59851325,0.5051500201225281,0.8264935746192932,0.5904000401496887,0.8264935746192932,0.049,49.0,0.3779042936139626,0.3767324268497086,0.38050399661580064,0.2960427712566439,0.2909925196035089,0.2957324976302564,0.3428445108641997,0.3423460404604723,0.34199440556900007,0.04547144126868647,0.044963533129486005,0.04502933448598318,0.03522979553311017,0.03515744521817306,0.034981243917661255,0.03831179663555808,0.038333123030571174,0.03849513574147978,0.54150003,0.58090913,0.5406977,0.6023027,0.693496,0.57165354,0.52755904,0.65265155,0.49605002999305725,0.7670652289390564,0.6209999918937683,0.7670652289390564,0.039,39.0,0.4522196254558738,0.4508207895811448,0.45598622695884816,0.4103621046222298,0.4011635551863424,0.41059399379457545,0.4442031494950797,0.4437896513127008,0.44374968675988113,0.003587652674755022,0.0038643080037978625,0.003756522967454088,-0.0019498326110401112,-0.0003201350869333171,-0.0020885063734041066,0.006719036953021154,0.00667543090070763,0.006685853534900411,0.6294355,0.6198198,0.719708,0.65877867,0.53008133,0.6118421,0.59308946,0.5937956,0.5006000250577927,0.7967794017791747,0.6057000160217285,0.7967794017791747,0.044,44.0,0.4150619595349182,0.4137766082154267,0.4182451117873244,0.35320243793943684,0.34607803739492565,0.3531632457124159,0.3935238301796397,0.39306784588658655,0.3928720461644406,0.024529546971720745,0.024413920566641933,0.024392928726718634,0.016639981461035028,0.017418655065619872,0.016446368772128572,0.022515416794289617,0.022504276965639402,0.022590494638190094,0.58546776,0.60036445,0.6302029,0.63054067,0.61178863,0.5917478,0.56032425,0.62322354,2026-10-07T01:12:32.445800
88,0.6324053406715393,0.49894505739212036,0.7460245467185974,0.6327075362205505,0.7460245467185974,0.8386752617835999,0.9239248594284057,2.3465085794448854,0.19591455245018005,7.523083744812012,1.9961285934448243,1.0,10.0,,,,,0.662414053440094,0.662414053440094,,,,16.047634255981446,0.7112827660504041,0.04263389060736462,,0.031617918151140116,1.483400254492547,0.20826192705589494,0.0007535028587440978,0.02482841792071511,5.117025559874857,,0.0012272718491299287,,74.14306285882452,17.626685452309385,,104.25349095824417,74.11081549772032,23.279933771510034,94.35297418096263,40.280295110811856,16.04761084781331,,0.6912027692339223,,0.09251053161492014,0.2535977187050376,,0.13442273418994466,0.10683315337463549,0.2688421920226638,0.008304496396593987,0.5623002219351994,0.1953129898400823,,,,0.1469,2938.0,0.5866479,0.5931937,0.6608756,0.7469392,0.58971965,0.6122828,0.66719323,0.60356414,0.5009500980377197,0.814208438873291,0.5997000336647034,0.814208438873291,0.041,41.0,0.31098445303563804,0.3063654341663773,0.31506028602876324,0.3093824682484093,0.29028597660094574,0.2966532858505258,0.3560204100643028,0.355314503164958,0.35396872393334583,0.006720230460152679,0.0077693521768507955,0.007105048760276425,-0.019554149461322598,-0.02238850697872958,-0.017187063107387685,-0.011224232353003046,-0.011888500656827661,-0.011152622717509547,0.557,0.5668182,0.5341085,0.6407895,0.7479675,0.5807087,0.5114173,0.64128786,0.4941500127315521,0.7742801036834717,0.6184998750686646,0.7742801036834717,0.036,36.0,0.444603969945196,0.44409520205722725,0.44818391877331715,0.4492115082046849,0.44358158504327944,0.451312665061571,0.4968944710056025,0.49700112051952505,0.49624365679785853,0.0025339754020920423,0.002540129464166608,0.0019501090790329564,-0.0008244119292684639,-0.002314152675184787,-0.0013131623002232452,0.006906133050961443,0.006522769211592742,0.005493081771889336,0.60967743,0.59594595,0.6821168,0.69541985,0.5304878,0.6175439,0.61300814,0.59233576,0.4975500553846359,0.7942442712783813,0.609099954366684,0.7942442712783813,0.0385,38.5,0.37779421149041703,0.3752303181118023,0.3816221024010402,0.3792969882265471,0.3669337808221126,0.3739829754560484,0.42645744053495266,0.42615781184224155,0.42510619036560215,0.004627102931122361,0.0051547408205087015,0.004527578919654691,-0.010189280695295531,-0.012351329826957183,-0.009250112703805465,-0.0021590496510208016,-0.0026828657226174598,-0.002829770472810106,0.58333874,0.58138204,0.6081127,0.66810465,0.6392276,0.5991263,0.5622127,0.6168118,2026-10-07T01:17:49.495382
89,0.6323099732398987,0.5021426677703857,0.7453118040084838,0.6323623061180115,0.7453118040084838,0.8361927206993103,0.9211664844512939,2.3045068576812744,0.20934543447494508,7.870345039367676,1.9893265022277833,1.0,10.0,,,,,0.6791193650245666,0.6791193650245666,,,,16.02427752075195,0.9719580417368442,0.07124635321977933,,0.043622894758346735,1.4924377282713628,0.2034783113724107,0.0008139992944724194,0.024809085811446807,5.313461581612848,,0.0017804751937662686,,74.10828210138212,17.606650249213928,,104.24808079421899,74.07679204272617,23.25197677855279,94.35388635526037,40.27027820174102,16.02426309038879,,0.6876158171398624,,0.0929549680488884,0.25535974608864753,,0.13524675397736252,0.1074578157940488,0.27059755279759695,0.00843607763030157,0.5642367111649483,0.1970898032568063,,,,0.147,2940.0,0.5914194,0.5898309,0.66618466,0.7511256,0.5913941,0.60652524,0.66482383,0.5959674,0.5063499808311462,0.8245114393234253,0.5897499322891235,0.8245114393234253,0.037,37.0,0.2476173742570105,0.24575428731605978,0.24643443578420623,0.3426296173925438,0.3314413306732081,0.33773783831060633,0.33700113587645764,0.33691183588664064,0.33627081397279457,-0.016317501026833214,-0.015597031399688916,-0.01654237685409924,-0.002108743370850142,-0.006933428294457103,-0.004838185297410555,-0.015162163931102547,-0.01562091841331203,-0.015563853981347459,0.5575,0.58227277,0.5430233,0.6032895,0.72195125,0.57204723,0.5047244,0.62613636,0.5026000142097473,0.7754445767402649,0.6168500185012817,0.7754445767402649,0.034,34.0,0.31537017325381117,0.3172464420302892,0.31728330570845076,0.39946599543356,0.4039209519733167,0.4000788218643919,0.39172460961732375,0.39289779892328325,0.3889937015762406,-0.005791495535692897,-0.005525319313598003,-0.005705333790478375,0.0011884313613750894,0.0007111410897696305,0.0015035105351916237,0.0013053772042344429,0.0017189672436230654,0.0007386060291268003,0.61814517,0.5950451,0.6894161,0.6759542,0.5304878,0.6214912,0.6073171,0.58649635,0.5044749975204468,0.799978008031845,0.6032999753952026,0.799978008031845,0.035500000000000004,35.5,0.28149377375541085,0.28150036467317446,0.2818588707463285,0.3710478064130519,0.36768114132326235,0.3689083300874991,0.3643628727468907,0.36490481740496195,0.3626322577745176,-0.011054498281263056,-0.01056117535664346,-0.011123855322288809,-0.0004601560047375263,-0.0031111436023437363,-0.0016673373811094655,-0.006928393363434052,-0.006950975584844482,-0.007412623976110329,0.58782256,0.5886589,0.6162197,0.63962185,0.6262195,0.5967692,0.55602074,0.6063163,2026-10-07T01:23:07.472197
90,0.6318101286888123,0.5014795660972595,0.745717982006073,0.6318850517272949,0.745717982006073,0.8469831894874573,0.9331558992385864,2.4960225654602053,0.32071229605674745,8.435545665740968,1.939982516860962,1.0,10.0,,,,,0.6900869431495666,0.6900869431495666,,,,16.00209200439453,0.8045671902786774,0.06350146416963262,,0.03322999398995215,1.5033285135676147,0.2104157615381821,0.0006703956868402381,0.02287003426415146,5.463532232934503,,0.0010514325198308107,,74.07467034212343,17.596961890056633,,104.2562583874745,74.04278491560821,23.22206135160604,94.35000639508485,40.32489475323136,16.002075395766337,,0.6626605793928645,,0.09357498685835273,0.25961001682433354,,0.1369175579707334,0.1080874897966719,0.27213908001116127,0.008454255765648025,0.5693111021047944,0.19882768164774414,,,,0.13075,2615.0,0.58767045,0.5877165,0.6635103,0.7506912,0.6068731,0.6007273,0.6599838,0.5957434,0.4998999834060669,0.8263955569267273,0.5885001420974731,0.8263955569267273,0.028,28.0,0.15381367330817444,0.1527074318199903,0.15684438332849515,0.24657308829745175,0.2505210833412197,0.24635304705916442,0.18957187293301747,0.18983078951464394,0.1889211369103065,-0.018646839538300323,-0.01770462572424411,-0.018616166185790706,-0.01373995821699423,-0.011468959963023663,-0.013471499783115196,-0.02308981731362389,-0.022932177723224107,-0.02325706779565351,0.556,0.585,0.5135659,0.6078947,0.72276425,0.57204723,0.5212599,0.6223485,0.5028500556945801,0.7750824346542359,0.614250123500824,0.7750824346542359,0.03,30.0,0.2962654590283048,0.2956971654443476,0.29674650715766654,0.3798543563446268,0.3747269468849165,0.3769640371548097,0.3675681977974985,0.3664985436503858,0.36347845565780257,-0.004611451849057908,-0.006004813141375294,-0.005414583301127394,0.006125661732356167,0.002211788579844368,0.005013307373808775,0.002198685900209777,0.0006848328039579439,0.000607911670576081,0.6044355,0.57567567,0.69160587,0.670229,0.53414637,0.60657895,0.6113821,0.6043796,0.5013750195503235,0.8007389957904816,0.6013751327991486,0.8007389957904816,0.028999999999999998,29.0,0.2250395661682396,0.22420229863216895,0.22679544524308085,0.3132137223210393,0.3126240151130681,0.31165854210698707,0.278570035365258,0.2781646665825149,0.27619979628405456,-0.011629145693679115,-0.011854719432809703,-0.01201537474345905,-0.0038071482423190314,-0.004628585691589648,-0.00422909620465321,-0.010445565706707056,-0.011123672459633081,-0.011324578062538716,0.5802177,0.5803378,0.6025859,0.63906187,0.6284553,0.5893131,0.566321,0.61336404,2026-10-07T01:28:24.124270
91,0.6315326690673828,0.49772730469703674,0.7479075176239014,0.6317999958992004,0.7479075176239014,0.8489991265296936,0.9353958245277405,2.575599879837036,0.3211412430047989,9.660608540344239,1.9114481870651245,1.0,10.0,,,,,0.7170040230751038,0.7170040230751038,,,,15.978290634155274,1.6818196187448349,0.0982762259385952,,0.06651095189762177,1.4998344938466504,0.2336110341463499,0.0011684195435855086,0.03147420305521435,5.656733605512388,,0.0036288079575738006,,74.04136973581497,17.581965185274743,,104.29288069609623,74.0086685958182,23.19423012217139,94.34481933010612,40.40997372766969,15.97827317304672,,0.6475653781253061,,0.09426076762425671,0.2617926485599226,,0.14062405667107575,0.10868694044791968,0.27411434965528503,0.008548762655229705,0.5754733062853479,0.20055196467478564,,,,0.1392,2784.0,0.5949078,0.59516716,0.6692948,0.744372,0.58966124,0.6111717,0.6633657,0.58480656,0.5002499222755432,0.8334179234504699,0.5884999632835388,0.8334179234504699,0.034,34.0,0.21736033811753291,0.2229234128448168,0.21589890907437853,0.21379558338146581,0.20052614865683965,0.21379558338146581,0.24409646163276907,0.2434964500510853,0.24400758956971946,0.03296221268426302,0.030514051372546626,0.0334136745608343,0.002883051610455276,0.002695848398634995,0.002883051610455276,0.014626212368427389,0.014624611694756444,0.014687616842802542,0.5475,0.57818186,0.5368217,0.60098684,0.698374,0.5807087,0.515748,0.6393939,0.4947499930858612,0.7704969458580017,0.6186999678611755,0.7704969458580017,0.038,38.0,0.3018189836746121,0.3092319609529033,0.302157342955933,0.34307327177517805,0.3306985852648894,0.339207082214628,0.3873926259768946,0.38714330557354193,0.38756565836308615,0.003927234161635987,0.0030960052084150124,0.0036392496984313538,0.008968642526076815,0.009339404604094336,0.008443888720882751,0.009339405455221503,0.009318185657026041,0.009079648256172157,0.61975807,0.6036036,0.710219,0.6645038,0.5378049,0.60921055,0.5902439,0.60072994,0.4974999576807022,0.8019574346542357,0.6035999655723572,0.8019574346542357,0.036000000000000004,36.0,0.2595896608960725,0.26607768689886,0.2590281260151558,0.27843442757832193,0.26561236696086454,0.2765013327980469,0.31574454380483186,0.31531987781231363,0.3157866239664028,0.0184447234229495,0.01680502829048082,0.018526462129632826,0.005925847068266045,0.006017626501364666,0.0056634701656690135,0.011982808911824447,0.011971398675891243,0.01188363254948735,0.583629,0.59089273,0.6235204,0.6327453,0.61808944,0.5949596,0.5529959,0.62006193,2026-10-07T01:33:40.758812
92,0.6333152055740356,0.5038774609565735,0.7427777735710144,0.6338996291160583,0.7427777735710144,0.8435414402008057,0.9293317284584045,2.485745754814148,0.22506256046295167,10.677279222106934,1.9138225498199464,1.0,10.0,,,,,0.7803927330970765,0.7803927330970765,,,,15.954690902709961,0.5023718871366066,0.033387514749974916,,0.020753990645241586,1.4664863818770002,0.21905898777352775,0.0006769914894659891,0.02260022671228856,5.835412232739151,,0.0005827296026720989,,74.0083790189901,17.56430435180664,,104.31304902483703,73.97456597978143,23.165083223087773,94.3388124696768,40.49376761078075,15.954671464907895,,0.6490743794258992,,0.09510270710204058,0.2633584553648712,,0.14284203462539966,0.10924075809633656,0.27549034357070923,0.008741669416142876,0.5815123501856616,0.20195160008919466,,,,0.14005,2801.0,0.60114276,0.6009062,0.67670363,0.74210113,0.58529985,0.60353535,0.6624747,0.59765786,0.4973999559879303,0.8508711180686951,0.5808000564575195,0.8508711180686951,0.025,25.0,0.6337822652982886,0.6369965682014412,0.6383946726997006,0.5985429597519467,0.6075573562546269,0.5985429597519467,0.5126666472372388,0.5126625783867778,0.5126636872359589,0.044193892912262465,0.043613256927959095,0.04455776208938867,0.06156539601274667,0.056582371892075115,0.06156539601274667,0.047553953422889185,0.04755414804762697,0.047549709273288686,0.5225,0.5395455,0.551938,0.58914477,0.70975614,0.55078745,0.51102364,0.6537879,0.5088000297546387,0.7834751033782958,0.6163499355316162,0.7834751033782958,0.021,21.0,0.5096297820377967,0.5160892992303094,0.5161199396770684,0.4883571901957048,0.5017399000761843,0.4840944918465262,0.4950954980494275,0.49703026301121395,0.49637107044363277,0.016607190813695057,0.014598428171397367,0.015820372658202703,0.03142080757794575,0.024602771409494018,0.029677896968516075,0.02652897644273066,0.025738334415808382,0.0257731185293363,0.6104839,0.5927928,0.70839417,0.66946566,0.53943086,0.59517545,0.59837395,0.60072994,0.5030999928712845,0.8171731107234954,0.5985749959945679,0.8171731107234954,0.023,23.0,0.5717060236680427,0.5765429337158754,0.5772573061883846,0.5434500749738258,0.5546486281654056,0.5413187257992365,0.5038810726433331,0.5048464206989959,0.5045173788397959,0.03040054186297876,0.02910584254967823,0.03018906737379569,0.046493101795346214,0.040592571650784566,0.04562164649063137,0.03704146493280992,0.036646241231717676,0.036661413901312494,0.56649196,0.56616914,0.63016605,0.62930524,0.6245935,0.5729815,0.5546988,0.6272589,2026-10-07T01:38:57.155351
93,0.6358299255371094,0.5000174641609192,0.7379917930603027,0.6361347436904907,0.7379917930603027,0.8339037624359131,0.9186232025146485,2.362779482650757,0.21846154007911683,10.040712843322753,1.8917716911315918,1.0,10.0,,,,,0.7373401370048523,0.7373401370048523,,,,15.930368557739257,0.689014501519691,0.05151094420747031,,0.023330000060488867,1.4894760418090092,0.2063786843257725,0.0006396162979324069,0.02078140459681867,5.65447995541202,,0.0005809332782125129,,73.97357522757949,17.53997929081036,,104.30674675619527,73.94038915937873,23.133103255253687,94.33547254428743,40.51214028619657,15.930347144983376,,0.6375066899949577,,0.09551360719143205,0.26403100911978705,,0.14312177232116652,0.1099301379197722,0.27680784976406464,0.008787652246274386,0.584686412553119,0.20328939539991367,,,,0.15405,3081.0,0.5967522,0.592348,0.6670959,0.7504937,0.594412,0.60959595,0.6697246,0.60727084,0.5056000351905823,0.7952138085365296,0.6085500717163086,0.7952138085365296,0.03,30.0,0.34453416931822617,0.35228193475731046,0.3449437836206734,0.33295804047754074,0.34463218830839354,0.3329580891024063,0.35468889570118933,0.3547325892073773,0.35473741504252665,0.012457862577194573,0.01230312984610616,0.012278866544028398,0.00796856723998581,0.005334521711334434,0.007970636178238365,-0.0012001619325592479,-0.0010034005892146656,-0.0009914944684324047,0.5695,0.5977273,0.583721,0.62565786,0.73373985,0.57913387,0.52165353,0.64696974,0.5026499629020691,0.771230966091156,0.6189500689506531,0.771230966091156,0.027,27.0,0.34522212054350937,0.35511650853486404,0.3454064388093017,0.3948459459973921,0.3822231201611454,0.3950036037255453,0.4030879695357916,0.40344702860995835,0.4010570856172041,-0.008856054570454608,-0.008199638584177351,-0.008872960326853854,-0.0007296497221240828,-0.004496875179108602,-0.00037494238267782906,0.000835155783372722,0.0014190996118305288,0.0006022497230703634,0.61169356,0.6018018,0.68248177,0.68473285,0.5365854,0.6078948,0.61504066,0.59963506,0.5041249990463257,0.7832223873138429,0.6137500703334808,0.7832223873138429,0.028499999999999998,28.5,0.34487814493086777,0.35369922164608725,0.34517511121498756,0.3639019932374664,0.36342765423476947,0.3639808464139758,0.3788884326184905,0.37908980890866784,0.3778972503298654,0.001800904003369983,0.0020517456309644046,0.001702953108587272,0.0036194587589308638,0.000418823266112916,0.003797846897780268,-0.00018250307459326292,0.00020784951130793162,-0.00019462237268102068,0.5905968,0.5997646,0.63310134,0.65519536,0.6351626,0.5935143,0.5683471,0.6233024,2026-10-07T01:44:13.710070
94,0.6348227262496948,0.49840033054351807,0.738119632434845,0.6352174878120422,0.738119632434845,0.823627273273468,0.9072048825263977,2.2243434061050413,0.22979690623283386,9.226445504760742,1.897836099433899,1.0,10.0,,,,,0.7088431001663208,0.7088431001663208,,,,15.90572527770996,0.9925444045691354,0.0795487804363547,,0.046284537869920823,1.5767540779842693,0.19469254257477772,0.0008343685815810777,0.022826196302535236,4.810135905150395,,0.0013817052532216923,,73.9395696069025,17.513768299370057,,104.29915443954954,73.90591143954332,23.102922318088023,94.33778386207143,40.48316161040288,15.905705075355092,,0.6405774723192689,,0.0960708347380541,0.2648310376580354,,0.1435975914548157,0.11049202701468376,0.2783089137760697,0.008738326549435117,0.585658972430381,0.20455463534327828,,,,0.16295,3259.0,0.5950481,0.5986509,0.6639263,0.7534163,0.59318537,0.61012125,0.6664237,0.5994705,0.5038999915122986,0.7962404899597167,0.6098501682281494,0.7962404899597167,0.031,31.0,0.2895317804268706,0.2906389387155919,0.2904825704353177,0.3460039271282536,0.3286063710141857,0.34528362267944546,0.30713308491745395,0.30628644730766935,0.3059622303617225,-0.005027420031953973,-0.004968373167643264,-0.0059550789271249505,-0.014880883035885067,-0.02017422678115852,-0.015734343498888633,-0.012587001935439887,-0.013531659690912023,-0.014035562955208804,0.5825,0.60818183,0.6081396,0.60559213,0.73130083,0.5885827,0.5177165,0.6344697,0.49755004048347473,0.7739745497703552,0.6196999549865723,0.7739745497703552,0.032,32.0,0.3368395655052149,0.3444122633913035,0.338208928729284,0.4329007158194323,0.4121464273118956,0.427370284299325,0.4006884294426714,0.39803795878349046,0.3978035806486968,-0.006602062085660805,-0.007990155008349311,-0.00797285692075383,0.002986915946330137,0.00025120700965856814,0.0022796131962985106,0.000989103992722915,-0.000736355228949982,-0.0008607464978974632,0.60967743,0.6085586,0.690146,0.68396944,0.5353658,0.6175439,0.6166667,0.5861314,0.5007250159978867,0.7851075198650359,0.6147750616073608,0.7851075198650359,0.0315,31.5,0.3131856729660427,0.3175256010534477,0.3143457495823009,0.38945232147384296,0.37037639916304066,0.3863269534893852,0.3539107571800627,0.3521622030455799,0.3518829055052096,-0.0058147410588073895,-0.0064792640879962875,-0.00696396792393939,-0.005946983544777465,-0.009961509885749975,-0.0067273651512950615,-0.005798948971358487,-0.0071340074599310025,-0.007448154726553134,0.5960887,0.6083702,0.6491428,0.64478076,0.6333333,0.6030633,0.5671916,0.61030054,2026-10-07T01:49:30.556980
95,0.6297398805618286,0.4994727075099945,0.7486462860107422,0.6299450397491455,0.7486462860107422,0.8270761301994324,0.9110369387626648,2.3136585521698,0.2230645762205124,10.016557205200195,1.8657250076293945,1.0,10.0,,,,,0.8044220028877258,0.8044220028877258,,,,15.881115832519532,1.50932423964997,0.08803092589813943,,0.04440212310929516,1.522544571168863,0.20941018559940303,0.0006694161177150887,0.02097801573479631,4.979338073047104,,0.0013554931147212932,,73.90632605097096,17.499759406800482,,104.29812840747226,73.87149971154085,23.076343196212864,94.33747810315175,40.497110233185396,15.881093669089543,,0.6236351743625228,,0.09688399547034768,0.2667585996685514,,0.1447206429045671,0.11100194508292872,0.28022962353032105,0.008732626380719198,0.5884636830372415,0.20631381878807287,,,,0.162,3240.0,0.5923817,0.59518725,0.6622623,0.74687994,0.5816199,0.60921216,0.6667679,0.58384925,0.5083499550819397,0.8171473994255066,0.5932499170303345,0.8171473994255066,0.045,45.0,0.3023089421887835,0.30385756482620374,0.30509126972474726,0.32481039845017884,0.33096984568647525,0.32126174571631205,0.31333858613115995,0.3078898639563339,0.3123842635881589,0.02761903087393033,0.02860321189644957,0.027983494875723734,0.006260643056494082,0.012011817965530707,0.0054931864903161425,0.017109313741839435,0.019264189265389763,0.01695081457971656,0.56350005,0.59136367,0.53023255,0.6125,0.71747965,0.572441,0.5204724,0.6310606,0.4992000162601471,0.7678694128990173,0.6187499165534973,0.7678694128990173,0.041,41.0,0.39136832424806967,0.3972529810491455,0.3945234408907934,0.45216469028982337,0.44764417987239935,0.4493687001355029,0.4363403805854899,0.4374032440399614,0.43679117380651517,-0.0010279449038793581,-0.000985132219680739,-0.0009970393743440422,0.0009022106718213454,0.00018310306294278052,0.0002679723049322473,0.00867586612082452,0.008310874361000455,0.007798072388986371,0.61774194,0.6220721,0.6937956,0.67480916,0.5203252,0.6267544,0.60284555,0.5843066,0.5037749856710434,0.792508406162262,0.6059999167919159,0.792508406162262,0.043,43.0,0.34683863321842656,0.35055527293767463,0.3498073553077703,0.3884875443700011,0.3893070127794373,0.3853152229259075,0.37483948335832495,0.3726465539981476,0.37458771869733704,0.013295542985025485,0.013809039838384416,0.013493227750689845,0.0035814268641577137,0.006097460514236743,0.0028805793976241947,0.012892589931331976,0.013787531813195109,0.012374443484351466,0.590621,0.6067179,0.61201406,0.6436546,0.61890244,0.5995977,0.561659,0.6076836,2026-10-07T01:54:46.625891
96,0.6313496828079224,0.4957426190376282,0.7451346549034119,0.6315426230430603,0.7451346549034119,0.8215310610771179,0.9048757526397705,2.236597180366516,0.20455352277755737,10.095718072509765,1.8792187858581544,1.0,10.0,,,,,0.7750043175697326,0.7750043175697326,,,,15.855002516174316,0.20101435694274059,0.013367796087990496,,0.007887257197441735,1.524052081594042,0.16847644558852645,0.0002828604268013191,0.012965280707973014,4.724074661921543,,0.00046715992162705574,,73.87016121445188,17.47801535296592,,104.28843436271522,73.83726627811505,23.048966559634845,94.33882748549152,40.468012402771386,15.854993030523799,,0.6308607758989759,,0.09719586006964848,0.26768998526463844,,0.1450064402476997,0.11146089771560802,0.28224681384244543,0.008692108320107885,0.5894329802245851,0.20774004261964446,,,,0.1616,3232.0,0.593304,0.59313333,0.6646791,0.7459321,0.5879673,0.61567676,0.6631632,0.5869654,0.5103499889373779,0.8118291563987732,0.594700038433075,0.8118291563987732,0.041,41.0,0.296923483429594,0.29928175507834154,0.301183224000474,0.3094516880248649,0.3099264173436612,0.3091728445594482,0.31024250749831433,0.3043601838997796,0.31055139294656775,0.0058377226359141365,0.0062875642110661045,0.006516578283851434,-0.0055374199660186306,-0.017162155774232853,-0.006309780364847419,0.0011434428852137855,-0.00195318117467136,0.0003409247714570283,0.56200004,0.5931818,0.52674425,0.6213816,0.74227643,0.57007873,0.5204724,0.61401516,0.4884999990463257,0.7710545115470886,0.6159499287605286,0.7710545115470886,0.042,42.0,0.3837929925027695,0.3889476520918964,0.38756881405248,0.4380367806759631,0.4158495774970674,0.4393323511535398,0.42506346066091966,0.4179441941039775,0.42475671622140637,-0.0006163393579230904,-0.00010756944727444441,-0.0002103061622597005,0.005125569819004934,-0.0019366751695398608,0.003503430591879652,0.0043088329216972735,0.0034532919938307692,0.0042156227535217125,0.6048387,0.60225224,0.67080295,0.68396944,0.52845526,0.6333334,0.6223577,0.57554746,0.4994249939918518,0.7914418339729309,0.6053249835968018,0.7914418339729309,0.0415,41.5,0.34035823796618175,0.344114703585119,0.34437601902647696,0.373744234350414,0.3628879974203643,0.374252597856494,0.367652984079617,0.3611521890018785,0.36765405458398703,0.002610691638995523,0.00308999738189583,0.0031531360607958666,-0.0002059250735068482,-0.009549415471886357,-0.0014031748864838833,0.0027261379034555296,0.0007500554095797047,0.00227827376248937,0.5834194,0.59771705,0.5987736,0.6526755,0.63536584,0.601706,0.57141507,0.5947813,2026-10-07T02:00:03.356414
97,0.6349601745605469,0.49840247631073,0.7367501399993897,0.6348927617073059,0.7367501399993897,0.8218424365043641,0.9052217279434204,2.2155314512252806,0.19476382615566254,9.739124155426026,1.9110787088394166,1.0,10.0,,,,,0.721246863746643,0.721246863746643,,,,15.835084104919433,0.17766808536923995,0.014148254646359094,,0.009514434859275249,1.5641983458950262,0.14546244909429246,0.0003555555798533776,0.014033971992054374,4.22738003578915,,0.0006408075243517331,,73.83335570317165,17.44889526610162,,104.27549831123109,73.80294459640601,23.020360242029664,94.34186068006382,40.41291004836939,15.835074139248793,,0.6476445509369966,,0.09742497197192186,0.2679328145874534,,0.14504938596373151,0.11197571688966387,0.28427698600823714,0.008726120837459899,0.5892301661193751,0.21011823131020663,,,,0.1562,3124.0,0.5981957,0.6039468,0.6746236,0.74638623,0.5902648,0.61311114,0.6663427,0.5846436,0.4990500509738922,0.8282480349540711,0.5889000296592712,0.8282480349540711,0.044,44.0,0.24877754013333742,0.25614231615580385,0.2507813851814984,0.27249479361818696,0.2748786878705704,0.27233182654210636,0.2918783779309048,0.29285091710152944,0.2920686493052533,0.009546204453069605,0.010322235514781503,0.010556890354599089,-0.0054239848421800164,-0.019052006924211454,-0.008744324076035906,-0.0012868134764092063,-0.0012657423030803213,-0.0011049740407522717,0.5485,0.5854546,0.55077523,0.59703946,0.6902439,0.5748032,0.51889765,0.6367425,0.495650053024292,0.764399621963501,0.6213001608848572,0.764399621963501,0.04,40.0,0.33079214358107295,0.34017507059163105,0.3344089831120441,0.40679516328447674,0.3920060469971822,0.40536816017011373,0.40361922351488055,0.39468683504993546,0.3995294787185119,-0.007207714478612239,-0.00658951614868341,-0.006974360993125995,-0.004389016528501232,-0.010806525555249722,-0.005295670179133605,-0.0012632929681004386,-0.0022068033583692317,-0.0022907545241889512,0.6254032,0.61666673,0.7189781,0.65648854,0.5280488,0.61973685,0.60162604,0.5927008,0.4973500519990921,0.796323828458786,0.6051000952720642,0.796323828458786,0.041999999999999996,42.0,0.2897848418572052,0.2981586933737175,0.2925951841467712,0.33964497845133185,0.33344236743387634,0.33884999335611005,0.3477488007228927,0.3437688760757325,0.3457990640118826,0.0011692449872286832,0.0018663596830490463,0.0017912646807365469,-0.004906500685340624,-0.014929266239730588,-0.007019997127584755,-0.0012750532222548226,-0.0017362728307247764,-0.0016978642824706115,0.5869516,0.6010606,0.63487667,0.626764,0.60914636,0.59727,0.56026185,0.61472166,2026-10-07T02:05:19.869017
98,0.6341595649719238,0.49779242277145386,0.7412813925743102,0.6340849995613098,0.7412813925743102,0.824885050868988,0.9086024092674255,2.1808837274551394,0.20151788461208345,8.426200818634033,1.9266738069534302,1.0,10.0,,,,,0.6620110067367554,0.6620110067367554,,,,15.811013592529298,0.2986804164329152,0.016874075768245563,,0.010662057557866974,1.5527215953085833,0.18351983055946933,0.0003224541163435324,0.01464834298855465,5.629912597928078,,0.0003674735704338279,,73.79792066440461,17.41876857295917,,104.26292720721786,73.76872744226152,22.991148723918162,94.34090792904993,40.378699697506654,15.81099529023383,,0.655795180493859,,0.09782866564146273,0.2680009759155808,,0.1450314695478245,0.11253409585945166,0.2860911228474538,0.008724382847167884,0.5900819244658112,0.21193090944912782,,,,0.1556,3112.0,0.60932237,0.60149014,0.66931456,0.74247634,0.58035433,0.6123232,0.66399354,0.5922607,0.4963000416755676,0.811582763671875,0.5976500511169434,0.811582763671875,0.048,48.0,0.2614477706291803,0.2656190238916128,0.2723883978085463,0.32911579276844605,0.2901531626368135,0.3320117484349995,0.29892862711022805,0.2967166765516633,0.3006545346358783,0.003583622996208486,0.00687847270840132,0.007835786293638056,-0.00784834317071981,-0.019071813053997987,-0.005252546170390481,-0.008510667654234827,-0.005314162593988066,-0.00476878606653857,0.5775,0.61136365,0.5879845,0.58486843,0.7191057,0.57795274,0.5011811,0.6242424,0.5019000172615051,0.7588293576240539,0.6234999895095825,0.7588293576240539,0.044,44.0,0.3360286335337693,0.3402635122464226,0.3390053126215221,0.3792312450764215,0.3694245143270423,0.37680788487075345,0.40560078004898326,0.39760389598231155,0.40417789476045246,-0.004091990047235039,-0.0037176563123508216,-0.004445850043001529,-0.005718711619803094,-0.004480056523141013,-0.0067959739775520465,0.0009079696987327366,-0.000511019109648435,-5.333761746536454e-06,0.6229839,0.61126125,0.7014598,0.67519087,0.5361789,0.62368417,0.61178863,0.5952555,0.4991000294685364,0.7852060606479645,0.6105750203132629,0.7852060606479645,0.046,46.0,0.29873820208147484,0.30294126806901767,0.3056968552150342,0.35417351892243376,0.3297888384819279,0.35440981665287646,0.35226470357960565,0.3471602862669874,0.3524162146981654,-0.0002541835255132764,0.0015804081980252494,0.0016949681253182634,-0.006783527395261452,-0.0117759347885695,-0.006024260073971263,-0.0038013489777510455,-0.0029125908518182505,-0.0023870599141425533,0.6002419,0.61131245,0.64472216,0.6300297,0.6276423,0.60081846,0.5564849,0.60974896,2026-10-07T02:10:36.255691
99,0.6339948177337646,0.5034824013710022,0.7396429307937622,0.6345149874687195,0.7396429307937622,0.7946650815963745,0.8750246666908265,1.8748250802993773,0.19566193706989288,8.166874953460693,1.928133423614502,1.0,10.0,,,,,0.6802948395729065,0.6802948395729065,,,,15.786096266174317,0.053342046503831814,0.004483770511623258,,0.005746446396031411,1.6238803248496572,0.15326575117458582,0.0002384871622316901,0.011106117186581443,5.765485641303336,,0.0003366743890096094,,73.76155858130971,17.388240121732093,,104.25653217096998,73.73455761952006,22.963052166495352,94.34061261802722,40.33632795977744,15.7860766975743,,0.6565620010825479,,0.09817904333589943,0.2679558608941971,,0.14524721956936418,0.11308275334015014,0.28770987774915757,0.008763110371911602,0.5904684708376599,0.21301487372938993,,,,0.18255,3651.0,0.60635525,0.6019735,0.6763867,0.7449842,0.57827103,0.6018182,0.6687323,0.59643584,0.5011500120162964,0.8289461970329285,0.588900089263916,0.8289461970329285,0.046,46.0,0.28907499385978036,0.3025553304068426,0.306016704083759,0.2906062064357408,0.270486878934938,0.2975344231997714,0.29975253128075796,0.2998624643913817,0.30811898820184686,0.006615853121245716,0.009019874154573154,0.009002063200473353,0.0021040679844842422,-0.008821538021756583,0.0024753996894734116,-0.007070020584306039,-0.005595995807786379,-0.0065048481388514275,0.5525,0.5968182,0.5616279,0.58651316,0.69878054,0.5846457,0.4988189,0.6276515,0.49834999442100525,0.7723095254898071,0.6176000237464905,0.7723095254898071,0.048,48.0,0.3730489968777805,0.38185056479495755,0.3791363231411841,0.3804914127462576,0.3648422309105759,0.38257229442555823,0.4178630332827608,0.41384505114010556,0.4165139349402126,0.00196076082205577,0.001553898269323945,0.0017361510882229292,-0.002524460874525122,-0.0058206805413592395,-0.0037167059013544067,0.005177894232943095,0.0034968689050990562,0.004032089747413201,0.6225807,0.61666673,0.7105839,0.6633588,0.51747966,0.6087719,0.6056911,0.5850365,0.4997500032186508,0.8006278612613678,0.6032500565052032,0.8006278612613678,0.047,47.0,0.33106199536878045,0.3422029476009001,0.34257651361247154,0.3355488095909992,0.3176645549227569,0.34005335881266485,0.35880778228175936,0.35685375776574363,0.3623164615710297,0.004288306971650743,0.005286886211948549,0.005369107144348141,-0.00021019644502043994,-0.007321109281557912,-0.0006206531059404976,-0.000946063175681472,-0.0010495634513436613,-0.0012363791957191133,0.5875404,0.6067425,0.6361059,0.624936,0.6081301,0.5967088,0.552255,0.606344,2026-10-07T02:15:53.724166
