epoch,train_eval_mode_acc,train_shuffled_message_acc,train_loss,train_acc,train_combined_loss,train_realised_survival,train_unmixed_survival,train_logit_margin,train_logit_prior_share,train_logit_spread,train_logit_scale,train_sampling_tau,train_pool_effective_examples,train_pool_score_norm,train_pool_score_sd,train_prototyper_mix_share,train_prototyper_within_share,train_referent_spread,train_referent_spread_backbone,train_polarity_separation,train_score_scale,train_score_bias,train_bilinear_weight_norm,train_clip_sender_vision,train_clip_sender_adapter,train_clip_sender_prototyper,train_clip_sender_language_model,train_clip_receiver_vision,train_clip_receiver_adapter,train_clip_receiver_token_embedding,train_clip_receiver_language_model,train_clip_receiver_discriminator,train_clip_log_score_scale,train_clip_log_logit_scale,train_clip_other,train_weight_sender_vision,train_weight_sender_adapter,train_weight_sender_prototyper,train_weight_sender_language_model,train_weight_receiver_vision,train_weight_receiver_adapter,train_weight_receiver_token_embedding,train_weight_receiver_language_model,train_weight_receiver_discriminator,train_weight_log_score_scale,train_weight_log_logit_scale,train_weight_other,train_drift_sender_vision,train_drift_sender_adapter,train_drift_sender_prototyper,train_drift_sender_language_model,train_drift_receiver_vision,train_drift_receiver_adapter,train_drift_receiver_token_embedding,train_drift_receiver_language_model,train_drift_receiver_discriminator,train_drift_log_score_scale,train_drift_log_logit_scale,train_drift_other,train_unique_message_fraction,train_unique_message_count,train_acc_md_and_color_color,train_acc_md_or_color_color,train_acc_md_color,train_acc_md_shape,train_acc_md_and_shape_shape,train_acc_md_and_color_shape,train_acc_md_or_shape_shape,train_acc_md_or_color_shape,test_shuffled_message_acc,test_loss,test_acc,test_combined_loss,test_unique_message_fraction,test_unique_message_count,test_topsim_s1,test_topsim_s2,test_topsim_s3,test_topsim_s4,test_topsim_s5,test_topsim_s6,test_topsim_s1_static,test_topsim_s2_static,test_topsim_s3_static,test_topsim_gt_s1,test_topsim_gt_s2,test_topsim_gt_s3,test_topsim_gt_s4,test_topsim_gt_s5,test_topsim_gt_s6,test_topsim_gt_s1_static,test_topsim_gt_s2_static,test_topsim_gt_s3_static,test_acc_md_and_color_color,test_acc_md_or_color_color,test_acc_md_color,test_acc_md_shape,test_acc_md_and_shape_shape,test_acc_md_and_color_shape,test_acc_md_or_shape_shape,test_acc_md_or_color_shape,test_same_shuffled_message_acc,test_same_loss,test_same_acc,test_same_combined_loss,test_same_unique_message_fraction,test_same_unique_message_count,test_same_topsim_s1,test_same_topsim_s2,test_same_topsim_s3,test_same_topsim_s4,test_same_topsim_s5,test_same_topsim_s6,test_same_topsim_s1_static,test_same_topsim_s2_static,test_same_topsim_s3_static,test_same_topsim_gt_s1,test_same_topsim_gt_s2,test_same_topsim_gt_s3,test_same_topsim_gt_s4,test_same_topsim_gt_s5,test_same_topsim_gt_s6,test_same_topsim_gt_s1_static,test_same_topsim_gt_s2_static,test_same_topsim_gt_s3_static,test_same_acc_md_and_color_color,test_same_acc_md_or_color_color,test_same_acc_md_color,test_same_acc_md_shape,test_same_acc_md_and_shape_shape,test_same_acc_md_and_color_shape,test_same_acc_md_or_shape_shape,test_same_acc_md_or_color_shape,test_avg_shuffled_message_acc,test_avg_loss,test_avg_acc,test_avg_combined_loss,test_avg_unique_message_fraction,test_avg_unique_message_count,test_avg_topsim_s1,test_avg_topsim_s2,test_avg_topsim_s3,test_avg_topsim_s4,test_avg_topsim_s5,test_avg_topsim_s6,test_avg_topsim_s1_static,test_avg_topsim_s2_static,test_avg_topsim_s3_static,test_avg_topsim_gt_s1,test_avg_topsim_gt_s2,test_avg_topsim_gt_s3,test_avg_topsim_gt_s4,test_avg_topsim_gt_s5,test_avg_topsim_gt_s6,test_avg_topsim_gt_s1_static,test_avg_topsim_gt_s2_static,test_avg_topsim_gt_s3_static,test_avg_acc_md_and_color_color,test_avg_acc_md_or_color_color,test_avg_acc_md_color,test_avg_acc_md_shape,test_avg_acc_md_and_shape_shape,test_avg_acc_md_and_color_shape,test_avg_acc_md_or_shape_shape,test_avg_acc_md_or_color_shape,timestamp
0,0.5058398842811584,0.4999624490737915,1.0119428869247435,0.5063172578811646,1.0119428869247435,0.35605327582359314,0.38767823152542114,0.8733282712936401,0.9374755885124206,0.9915723298549652,1.003992858505249,1.0,10.0,,,,,0.201660746383667,0.201660746383667,,,,18.451478308105468,0.009334097940872933,0.008397441914239839,,0.06626478559485856,0.30752315585780293,0.4638209700774235,0.007057539458018816,0.37725208908509295,0.592251184924393,,0.00662321573999046,,77.30932301320847,19.55147559779465,,103.8877506620565,77.2292534895004,26.13717696317442,95.2161127564254,39.06457213383571,18.451465400161258,,0.004045168094331054,,0.006146511709195959,0.014628304259044824,,0.009132647823844889,0.0042783411302763944,0.022493146997609525,0.0005314812313685206,0.034096482948394145,0.028344255498355363,,,,0.68595,13719.0,0.49943864,0.50886023,0.5137282,0.51088077,0.51029986,0.50624245,0.4965371,0.5041548,0.5032500624656677,0.8775582180023194,0.5940501093864441,0.8775582180023194,0.002,2.0,0.48825439234987905,0.48673687180188874,0.48687707672296743,0.37906050988736795,0.37906050988736795,0.37906050988736795,0.37906050988736795,0.37906050988736795,0.37906050988736795,0.019354675496139954,0.019309173369484553,0.01928718018329757,0.019177558909307862,0.019177558909307862,0.019177558909307862,0.019177558909307862,0.019177558909307862,0.019177558909307862,0.65849996,0.6677273,0.62984496,0.54506576,0.56707317,0.5543307,0.60590553,0.557197,0.4989999532699585,0.92611314868927,0.5644999146461487,0.92611314868927,0.002,2.0,0.4195728013612979,0.41812602768968193,0.4182536509092807,0.30732778079575185,0.30732778079575185,0.30732778079575185,0.30732778079575185,0.30732778079575185,0.30732778079575185,0.0001347559250477258,6.47403709961176e-05,0.00010717018105473928,-0.001691917658388153,-0.001691917658388153,-0.001691917658388153,-0.001691917658388153,-0.001691917658388153,-0.001691917658388153,0.55362904,0.5702703,0.63467157,0.5675572,0.54105693,0.5482456,0.55365855,0.5408759,0.5011250078678131,0.9018356833457947,0.5792750120162964,0.9018356833457947,0.002,2.0,0.45391359685558846,0.4524314497457853,0.45256536381612406,0.3431941453415599,0.3431941453415599,0.3431941453415599,0.3431941453415599,0.3431941453415599,0.3431941453415599,0.00974471571059384,0.009686956870240335,0.009697175182176155,0.008742820625459854,0.008742820625459854,0.008742820625459854,0.008742820625459854,0.008742820625459854,0.008742820625459854,0.6060645,0.61899877,0.6322583,0.5563115,0.55406505,0.5512881,0.579782,0.54903644,2026-10-04T21:36:58.457329
1,0.5689998269081116,0.5003800392150879,0.9154069079399109,0.5668401718139648,0.9154069079399109,0.6651501844406128,0.7311192316055298,2.6310687696456907,0.4707057782649994,1.3290588002204895,1.0766824544906617,1.0,10.0,,,,,0.5045018901348114,0.5045018901348114,,,,18.42078359680176,0.20438575488366897,0.03198620197689457,,0.0970169267006171,0.46307712783859034,0.4135999152804636,0.0025255350969957224,0.1253974704415935,0.9420092584221227,,0.008343242217080703,,77.2732541515569,19.550120578450002,,103.8975451038142,77.19293329518312,26.116475342185634,95.21580952443894,39.103990323983936,18.420753758424407,,0.07353093280534076,,0.021201696851925484,0.04712392624681163,,0.0236437799302256,0.009662049514045761,0.03926617111180239,0.0007222350760938445,0.07709347608552616,0.04689867811123277,,,,0.34135,6827.0,0.5551925,0.5515908,0.6135896,0.5860387,0.55683416,0.5609495,0.5585662,0.5509572,0.5008999705314636,0.8771380829811096,0.57955002784729,0.8771380829811096,0.015,15.0,0.4357832593466025,0.43471842917982056,0.4345759441985658,0.3667465789715416,0.3352921919151688,0.3655373577638572,0.3763814119494769,0.3756196061664923,0.3751071869797922,-0.021662679392339474,-0.021563083965141765,-0.022440354194347912,-0.019170154019796132,-0.017017020634441687,-0.02025152724082461,-0.02109150770914021,-0.021050729426983092,-0.021810590952930604,0.62950003,0.64818186,0.49379846,0.5513158,0.5703252,0.5704725,0.5980315,0.6003788,0.5034500360488892,0.8669771642684937,0.5918501019477844,0.8669771642684937,0.017,17.0,0.41093469873103877,0.41352437369025397,0.4122080773258037,0.35993581169012445,0.34622239192447934,0.35826855492697257,0.36341824024565905,0.36240924582412665,0.36045619239909005,-0.0021181178087372834,-0.0008273048396241374,-0.0010692182597830848,-0.005322141157527246,-0.004399169300817203,-0.005300633464265716,-0.0016289179596167909,-0.001089197606041753,-0.0013857332356226155,0.61491936,0.59864867,0.7182482,0.56832063,0.5504065,0.55701756,0.55325204,0.5624088,0.5021750032901764,0.8720576236248017,0.5857000648975372,0.8720576236248017,0.016,16.0,0.42335897903882064,0.4241214014350373,0.4233920107621848,0.36334119533083303,0.34075729191982407,0.3619029563454149,0.369899826097568,0.3690144259953095,0.36778168968944114,-0.01189039860053838,-0.011195194402382952,-0.011754786227065498,-0.01224614758866169,-0.010708094967629445,-0.012776080352545162,-0.0113602128343785,-0.011069963516512422,-0.01159816209427661,0.62220967,0.62341523,0.6060233,0.5598182,0.56036586,0.563745,0.57564175,0.58139384,2026-10-04T21:40:53.562059
2,0.5824050903320312,0.5022123456001282,0.878629414176941,0.5819953083992004,0.878629414176941,0.7244846103668213,0.7970463680267335,2.7856630962371827,0.43236345319747926,1.663243588256836,1.1799824630737306,1.0,10.0,,,,,0.4425753719806671,0.4425753719806671,,,,18.383458068847656,0.3579559532605159,0.0434595001920773,,0.10827301589736513,0.5365897194025623,0.46186830373896154,0.0018667176448900228,0.08847036954181589,1.4639073534376303,,0.005446145367722626,,77.24125088248283,19.530480172224106,,103.89571978332131,77.15582581538304,26.093186190173885,95.21507914354846,39.1274513196034,18.383428221295592,,0.16522849275238194,,0.0261939255769845,0.06192666247107421,,0.028837628377850647,0.015006173829174345,0.049848381406182696,0.0008244716968672101,0.10091175077257643,0.05167717137818883,,,,0.2714,5428.0,0.592903,0.589408,0.65647787,0.5828594,0.5453271,0.57569695,0.55279464,0.5600203,0.5004000067710876,0.8732309269905091,0.578000009059906,0.8732309269905091,0.015,15.0,0.45375923001399643,0.45154427795579727,0.45119200266723297,0.40859269061644143,0.364309455431345,0.4023473410800302,0.4240922000364227,0.4235415765949103,0.42459326475722153,0.030410614072263153,0.032483460356718466,0.03402616264474766,0.03644905664391119,0.03140081661711962,0.03756358453526943,0.033881790051480905,0.03527397281039064,0.035204535977061566,0.62100005,0.6709091,0.51317835,0.5361842,0.55284554,0.58346456,0.5767717,0.59886366,0.5092499256134033,0.8348135886192322,0.6036499738693237,0.8348135886192322,0.015,15.0,0.4272234177752499,0.4312975816847946,0.4282377292067463,0.3599669057522332,0.35650049299326947,0.35740497461177073,0.38791766799900035,0.38627210644692184,0.38743933399228697,0.009417765680978062,0.008676244964977447,0.00841437486025737,0.005620336142944603,-9.919187920255674e-05,0.004539842348842108,0.00722480693715291,0.006540992187759949,0.005879805263385314,0.6459677,0.6400901,0.7675183,0.55190843,0.52723575,0.56666666,0.55284554,0.56642336,0.5048249661922455,0.8540222578048706,0.5908249914646149,0.8540222578048706,0.015,15.0,0.4404913238946232,0.4414209298202959,0.4397148659369896,0.38427979818433733,0.3604049742123072,0.37987615784590045,0.40600493401771154,0.40490684152091605,0.40601629937475425,0.019914189876620608,0.020579852660847955,0.021220268752502512,0.021034696393427896,0.01565081236895853,0.02105171344205577,0.020553298494316908,0.020907482499075293,0.02054217062022344,0.6334839,0.6554996,0.6403483,0.5440463,0.5400406,0.5750656,0.5648086,0.5826435,2026-10-04T21:44:48.361480
3,0.5884093046188354,0.5006501078605652,0.8589268156051636,0.5885120630264282,0.8589268156051636,0.7361574559211731,0.8100161975860596,2.624490428161621,0.2976691364765167,1.7972687994003296,1.2808222078323364,1.0,10.0,,,,,0.41697626070976257,0.41697626070976257,,,,18.3476971282959,0.5037379137649658,0.060650288554466074,,0.13424424905401128,0.5396285785990915,0.40368699142412773,0.001618897350679988,0.06559954805501328,1.6182910635782655,,0.004566822690588191,,77.20760486384107,19.511506645542802,,103.8938853755878,77.1179379991665,26.068859051746927,95.21347614458412,39.114197068912965,18.347670549040387,,0.24733162676073184,,0.029484497430692813,0.07446144440561343,,0.03316799934455164,0.01843405335809395,0.058782042733802914,0.0009034814455421867,0.11250002297816003,0.054083681196733645,,,,0.2701,5402.0,0.60076183,0.59546924,0.6735143,0.5848736,0.54729366,0.57505053,0.5635683,0.5671691,0.49590006470680237,0.8806190304756164,0.5713500380516052,0.8806190304756164,0.025,25.0,0.3971490059867067,0.3974168546894697,0.3972137074496473,0.32792124334200445,0.32037371482114846,0.3272106323267265,0.341157650062934,0.34112479025691694,0.34112479025691694,0.018136707303995248,0.018063001426250013,0.018115270096369557,0.014672104708737364,0.0153943104085834,0.014525751373121645,0.015488024092568805,0.015443886120324136,0.015443886120324136,0.6365,0.6554545,0.5682171,0.512829,0.51747966,0.57716537,0.5338583,0.60303026,0.5005999803543091,0.8284838795661926,0.6066501140594482,0.8284838795661926,0.026,26.0,0.4340526785585295,0.4354661336724675,0.4355491804986819,0.36047040495139926,0.34309367967512727,0.35809997362634716,0.3893085866206339,0.39074942501641385,0.3881262679084685,0.0001225733300810335,-0.00048789546395266434,-6.457574935926932e-05,-0.0017520119217521385,-0.006400199767324627,-0.002114375523007077,0.0018163606793724888,0.001199053665521251,0.0013377665706272128,0.65604836,0.64954954,0.7919708,0.53816795,0.51747966,0.5763158,0.53008133,0.58138686,0.4982500225305557,0.8545514550209046,0.5890000760555267,0.8545514550209046,0.025500000000000002,25.5,0.4156008422726181,0.4164414941809686,0.4163814439741646,0.34419582414670186,0.33173369724813784,0.3426553029765368,0.36523311834178396,0.3659371076366654,0.36462552908269275,0.00912964031703814,0.008787552981148675,0.009025347173505144,0.006460046393492612,0.004497055320629386,0.006205687925057284,0.008652192385970647,0.008321469892922694,0.008390826345475675,0.6462742,0.65250206,0.68009394,0.5254985,0.51747966,0.5767406,0.5319698,0.59220856,2026-10-04T21:48:43.633823
4,0.58670973777771,0.5029624700546265,0.8547985486984253,0.5868948101997375,0.8547985486984253,0.7513263345718384,0.8268705048561096,2.599499649620056,0.2615357382774353,2.1738636295318603,1.3540049375534058,1.0,10.0,,,,,0.37883251190185546,0.37883251190185546,,,,18.314079064941406,0.6284073189755154,0.08531650042036773,,0.14134321603212197,0.5722501663265714,0.3638249132189022,0.0015921187327557784,0.05788924074049588,1.8082899555658838,,0.004132993913436002,,77.17384085685585,19.498722076416016,,103.89804742898151,77.0797831055465,26.04074875412473,95.21196824577963,39.09028788281095,18.31405525450494,,0.30301195060371594,,0.031816798932613084,0.08838337209004506,,0.0386554942863762,0.021424486473867087,0.06551693702579305,0.0010487594838983789,0.12082290397897648,0.05622607108893668,,,,0.2538,5076.0,0.60028064,0.5987314,0.66343105,0.58493286,0.5551207,0.5735556,0.5584245,0.5599796,0.4942000210285187,0.8714141592979431,0.5666000247001648,0.8714141592979431,0.021,21.0,0.39506618743005895,0.3945568525727027,0.3966068231896553,0.33603692315309186,0.33601433334258674,0.3358894235224493,0.34371400307522476,0.3440543177902454,0.3418694645342605,-0.042117047960595046,-0.04295384263253688,-0.04402606337315917,-0.03624990534673154,-0.03410870054091897,-0.03745282196730628,-0.041849409898275874,-0.041897940385024035,-0.043465763016631506,0.619,0.66545457,0.51744187,0.5276316,0.5296748,0.5830709,0.54881895,0.57310605,0.4984499514102936,0.8131411542892456,0.6028000116348267,0.8131411542892456,0.021,21.0,0.45064375768423487,0.4510623381156222,0.453137024961564,0.40250706062491115,0.40223647672234863,0.40027851330926983,0.432039822551734,0.4332686714960785,0.4307944448299822,0.001121055156041356,0.0008573878909073308,-0.00017455453330439988,0.0018069133515202604,0.002876362745228095,0.00011362825883821653,0.00010568219617418284,-0.0008098518069307633,-0.0014517102455495754,0.64556456,0.63873875,0.7934307,0.5305343,0.5134146,0.5631579,0.54105693,0.5821168,0.49632498621940613,0.8422776567935943,0.5847000181674957,0.8422776567935943,0.021,21.0,0.4228549725571469,0.4228095953441624,0.42487192407560964,0.3692719918890015,0.3691254050324677,0.36808396841585955,0.38787691281347936,0.38866149464316196,0.38633195468212134,-0.020497996402276845,-0.021048227370814777,-0.022100308953231784,-0.01722149599760564,-0.015616168897845437,-0.01866959685423403,-0.020871863851050845,-0.0213538960959774,-0.02245873663109054,0.63228226,0.6520966,0.6554363,0.52908295,0.5215447,0.5731144,0.54493797,0.57761145,2026-10-04T21:52:38.869755
5,0.5894252061843872,0.5014373660087585,0.8510311945915222,0.5895824432373047,0.8510311945915222,0.7132854580879211,0.7846028674125671,2.0700591299057005,0.27651219539642335,2.325876564025879,1.4209066581726075,1.0,10.0,,,,,0.35984455099105833,0.35984455099105833,,,,18.2834660736084,0.4984849637053954,0.06784498379239516,,0.12602877228930118,0.6093193835513607,0.4108848547574821,0.0015109814419841192,0.05175959438702483,2.379789670561529,,0.006352926952212717,,77.13815327055136,19.48179718795096,,103.90021009505934,77.04217339776883,26.015154516621,95.21170267481713,39.071642104227834,18.2834431472098,,0.3512135241062019,,0.03363063195898275,0.09667926167796372,,0.04264569135418363,0.023800996458454498,0.07251638183548192,0.001185533263613796,0.1291784224141935,0.058609455989994064,,,,0.30335,6067.0,0.6035084,0.5859444,0.6695127,0.58471566,0.5582944,0.57848483,0.56895506,0.56661916,0.4958999752998352,0.8780700497627258,0.5699500441551208,0.8780700497627258,0.035,35.0,0.4521096285848033,0.44887839301316473,0.45738447913386715,0.42447005219716183,0.43940644057210143,0.42540221720851434,0.4256090069549238,0.4234757588459035,0.42643352996695866,-0.03804888359693965,-0.03742943483871221,-0.038932494246229715,-0.04093572699489427,-0.04375882647251232,-0.0404783483586764,-0.041441147390457456,-0.04094504215497509,-0.04226411652216005,0.6115,0.65999997,0.56782943,0.5273026,0.5186992,0.57519686,0.5425197,0.58371216,0.4882000684738159,0.830246856212616,0.597800076007843,0.830246856212616,0.03,30.0,0.4603730563260547,0.4621502882730918,0.46471187059652774,0.39656577481063604,0.39360165548593795,0.3958666969760277,0.4429481607694086,0.44461497212551304,0.4438125867561536,0.0021949848237701342,0.00028677264456259804,0.0012796553196606434,-0.00044172930064235934,-0.003985304677945396,-0.0024356509879677603,-0.0005783607669995561,-0.0013196399290405986,-0.0014470774047861676,0.64677423,0.61666673,0.7813869,0.5389313,0.52073175,0.5631579,0.53170735,0.56824815,0.49205002188682556,0.8541584529876709,0.5838750600814819,0.8541584529876709,0.0325,32.5,0.456241342455429,0.45551434064312823,0.46104817486519745,0.41051791350389893,0.4165040480290197,0.41063445709227103,0.4342785838621662,0.43404536548570827,0.4351230583615561,-0.01792694938658476,-0.018571331097074806,-0.018826419463284536,-0.020688728147768315,-0.02387206557522886,-0.02145699967332208,-0.021009754078728505,-0.021132341042007844,-0.02185559696347311,0.62913716,0.6383333,0.6746082,0.53311694,0.5197155,0.5691774,0.53711355,0.5759802,2026-10-04T21:56:34.528274
6,0.590850293636322,0.4996999502182007,0.8491117032051086,0.5909475684165955,0.8491117032051086,0.7605115357398987,0.8370762852668763,2.3606845849990843,0.265946133685112,2.7415008041381834,1.486246727180481,1.0,10.0,,,,,0.36660165629386904,0.36660165629386904,,,,18.25445890197754,0.666681625874369,0.07105870981208363,,0.1124766158640005,0.6650934183293846,0.4626050213719629,0.0011470728278735497,0.041205421523161374,2.825180848312985,,0.0034811453078873456,,77.10304401179029,19.46329712108442,,103.90158916886445,77.00491012281672,25.990226356846513,95.21026975789647,39.04911813918193,18.25443796291473,,0.39624364512741184,,0.03534325663071529,0.10347457647703256,,0.04646498102481198,0.025524847043357838,0.07949360075649942,0.0012433125643403666,0.13649658583531712,0.0614329077018674,,,,0.2283,4566.0,0.6018845,0.59045506,0.67109746,0.5919037,0.55523753,0.5789697,0.5727015,0.56472504,0.4951000511646271,0.8653017234802246,0.5699000358581543,0.8653017234802246,0.031,31.0,0.41815518932598433,0.41639459477030777,0.42112967024646736,0.3889967972134277,0.3391134417875756,0.3973533252780594,0.4225277392370107,0.4230835345950537,0.4279555574624601,-0.007376659932881938,-0.007560571064196585,-0.006959538973188305,-0.010436550863041518,-0.011527367955469676,-0.009535870029053938,-0.007109245619431297,-0.005940146538181037,-0.006011699294802794,0.62350005,0.6363636,0.56937987,0.5226974,0.5235773,0.57716537,0.55,0.5840909,0.49915003776550293,0.8029506449699402,0.6073501110076904,0.8029506449699402,0.029,29.0,0.4360506517091668,0.4384336753861496,0.4399445533016311,0.41273776382610233,0.4061561932165267,0.40904659681086253,0.4286173903267151,0.4329797131720926,0.42601282395574,0.0018910701214603974,0.0008040799747688099,-0.00014185607925667207,0.001083472152195177,-0.0021329296394198526,-0.003266092778850446,0.0016427613254482636,0.000224129928409821,-0.0014954412096604202,0.6685484,0.66351354,0.78978103,0.5389313,0.5247968,0.56885964,0.5333333,0.5620438,0.497125044465065,0.8341261842250824,0.5886250734329224,0.8341261842250824,0.03,30.0,0.4271029205175756,0.4274141350782287,0.43053711177404924,0.40086728051976506,0.37263481750205113,0.403199961044461,0.4255725647818629,0.4280316238835732,0.4269841907091001,-0.0027427949057107705,-0.0033782455447138875,-0.0035506975262224886,-0.0046765393554231705,-0.006830148797444764,-0.006400981403952192,-0.002733242146991517,-0.002858008304885608,-0.003753570252231607,0.6460242,0.6499386,0.67958045,0.53081435,0.524187,0.5730125,0.5416666,0.5730673,2026-10-04T22:00:30.019131
7,0.5911373496055603,0.49926719069480896,0.8386839836120605,0.5915873646736145,0.8386839836120605,0.7572243377685547,0.8334238471031189,2.200580471420288,0.24659575612545012,2.875765815734863,1.5300723707199098,1.0,10.0,,,,,0.3690592442035675,0.3690592442035675,,,,18.225942440795897,0.7358629863566843,0.08015376394080698,,0.11357379208502781,0.6445921465849421,0.3725704247025168,0.0010987459085021571,0.03564598433863206,2.2517737127413415,,0.0033606370570098054,,77.06633316331609,19.4406820649554,,103.895273731013,76.96764364060323,25.96183128113959,95.20998479758099,39.02188231838736,18.225919480536394,,0.4253146735725889,,0.03626481377205271,0.10797987081063022,,0.048305238674210896,0.027348773340415803,0.08505810417567089,0.0013760701251945868,0.1424528165797519,0.0639450755088952,,,,0.2349,4698.0,0.61126703,0.59935564,0.6657488,0.5862559,0.55786604,0.5793939,0.5723775,0.5598778,0.49364998936653137,0.8713991317749024,0.568850040435791,0.8713991317749024,0.039,39.0,0.3727343826570759,0.36926592215727744,0.37943161526585034,0.35637461410726023,0.36215422373202255,0.37089991083307566,0.3801584959571016,0.37186180433561,0.3802743936402418,0.0012674818299257741,0.0005303335169619575,0.0008866252624548691,-0.0013240675573484128,-0.01334315440270711,-0.010870965926405478,-1.9503621714318648e-05,-0.000999765396119047,-0.00011193396502042774,0.615,0.6709091,0.54186046,0.5361842,0.53211385,0.56732285,0.5346457,0.5814394,0.49564996361732483,0.8133274126052856,0.6026999354362488,0.8133274126052856,0.041,41.0,0.4590897218864969,0.4554275668036063,0.46420725960486225,0.42764140379249477,0.4293162274961463,0.42897599505409545,0.44952909713785144,0.4482177987612746,0.4491391039243309,-0.00042039249050375156,-0.0013391253897718203,-0.001836511798201597,-0.005913848003609812,-0.002631231934985092,-0.006652650481482093,-0.0033328575660166323,-0.003237659635251487,-0.00535671278622062,0.6604839,0.61396396,0.78613144,0.5335878,0.5252032,0.55833334,0.5382114,0.58832115,0.4946499764919281,0.842363272190094,0.5857749879360199,0.842363272190094,0.04,40.0,0.4159120522717864,0.41234674448044184,0.4218194374353563,0.39200800894987753,0.3957352256140844,0.3999379529435856,0.4148437965474765,0.41003980154844233,0.4147067487822863,0.0004235446697110113,-0.0004043959364049314,-0.0004749432678733639,-0.0036189577804791127,-0.0079871931688461,-0.008761808203943785,-0.0016761805938654754,-0.002118712515685267,-0.002734323375620524,0.6377419,0.6424365,0.663996,0.534886,0.5286585,0.56282806,0.5364286,0.58488023,2026-10-04T22:04:25.310876
8,0.589860200881958,0.4996802806854248,0.8445220219612122,0.5897376537322998,0.8445220219612122,0.7674793753623962,0.8448183266639709,2.2661977685928343,0.23639323673248291,2.8493597286224364,1.584668133544922,1.0,10.0,,,,,0.33105774478912353,0.33105774478912353,,,,18.196787448120116,0.8644112433028069,0.0942616417238809,,0.12301398110190395,0.7511978684716923,0.5095311482051376,0.0010901705139823804,0.035590319882390226,3.323500417600012,,0.003267862395810521,,77.03131336771,19.422062102396776,,103.8920199157326,76.92983624889592,25.932133802183113,95.2075539364177,38.999654660559,18.196764952058246,,0.460346345499063,,0.03775032619192342,0.11424815246633663,,0.05098185811642628,0.02907870738369644,0.08972160532406181,0.001340984766502052,0.14898420756409883,0.06543945112995281,,,,0.2202,4404.0,0.5956295,0.5862867,0.657191,0.60154027,0.56228584,0.57359594,0.5694208,0.5711405,0.5018999576568604,0.8606976718902588,0.5751999616622925,0.8606976718902588,0.025,25.0,0.3438560723337761,0.34607585469671437,0.347180198962883,0.31655178343002566,0.3117242605690815,0.31760892265569485,0.3673141923124874,0.3676969161730635,0.3660554348721268,-0.020175832243000312,-0.01881404173767674,-0.02097228486033202,-0.023797402768595276,-0.012209133047226114,-0.021334814631937576,-0.022527293170958373,-0.021503701896317187,-0.02352841258371211,0.559,0.63000005,0.57131785,0.5470395,0.5479675,0.5944882,0.5767717,0.5833333,0.5038000345230103,0.8126362881660462,0.6043500900268555,0.8126362881660462,0.026,26.0,0.45482264879059703,0.46031123249954503,0.46014375695899196,0.42529635808505006,0.41364632196174755,0.4192696775972786,0.465352123207753,0.4674661792341422,0.46647893996042633,-0.007181829445166902,-0.008648999619404282,-0.007418275934872707,-0.007401713794679547,-0.008887725613759214,-0.0077453012015477355,-0.007444877884690653,-0.00824473746222663,-0.008547419907229379,0.6580645,0.62522525,0.74781024,0.5526718,0.5378049,0.57149124,0.54268295,0.58722633,0.5028499960899353,0.8366669800281525,0.589775025844574,0.8366669800281525,0.025500000000000002,25.5,0.39933936056218655,0.4031935435981297,0.4036619779609375,0.37092407075753786,0.3626852912654145,0.36843930012648674,0.4163331577601202,0.41758154770360284,0.41626718741627655,-0.013678830844083608,-0.01373152067854051,-0.014195280397602365,-0.01559955828163741,-0.010548429330492664,-0.014540057916742656,-0.014986085527824513,-0.014874219679271909,-0.016037916245470744,0.60853225,0.62761265,0.659564,0.54985565,0.5428862,0.5829897,0.5597273,0.5852798,2026-10-04T22:08:21.215926
9,0.5955423712730408,0.5000049471855164,0.832746718788147,0.5954479575157166,0.832746718788147,0.7923861326217652,0.8724925037384034,2.388870220184326,0.18945561730861663,3.3521038711547853,1.6496164964675903,1.0,10.0,,,,,0.3561824725627899,0.3561824725627899,,,,18.167872686767577,0.7430313305490336,0.07833341775153568,,0.09381220287162882,0.805244963450037,0.44319654925234,0.0008793537722600944,0.029985454194485003,3.016429899604457,,0.0022056083554816493,,76.99488626467954,19.404735285765046,,103.88720844050123,76.89229258154607,25.9039681428557,95.20649116661897,38.96046127027767,18.167849619677114,,0.5004867319088833,,0.03875922233720494,0.12082442138225409,,0.05335482672616175,0.03068873232859335,0.0945332729417807,0.001412430289498038,0.15256538635985867,0.06731674440537289,,,,0.19365,3873.0,0.59585005,0.5943214,0.66402537,0.6062204,0.56318146,0.5829091,0.58576345,0.5706925,0.4981499910354614,0.8546060461997986,0.5777500867843628,0.8546060461997986,0.019,19.0,0.359513650502898,0.3558068792387387,0.3624524399784111,0.3941245111036044,0.40400609883060856,0.3955213750619424,0.3924765644804026,0.394671299097746,0.39291731340087926,-0.03224964678393273,-0.03406779581137743,-0.03263543048811645,-0.030887304420443407,-0.04439019351812224,-0.03080607155343448,-0.030443567692214235,-0.031186872736534345,-0.030747554964478833,0.60400003,0.6118182,0.5767442,0.54013157,0.54390246,0.5783465,0.57952756,0.60303026,0.496849924325943,0.7998783755302429,0.6080000996589661,0.7998783755302429,0.02,20.0,0.40385343478553176,0.4052395763574667,0.4086777672452174,0.4432983851701254,0.4552208804173814,0.4452093741274688,0.44551896209873176,0.4492784392352914,0.4455508875461202,0.012712214035828555,0.010812605532747037,0.010693301370741197,0.009074870155751908,0.007202278035487498,0.0078110337061420105,0.010567304097091973,0.009129980555745983,0.008487355738391131,0.65403223,0.6531532,0.7693431,0.55877864,0.5239838,0.5758772,0.5390244,0.57956207,0.4974999576807022,0.8272422108650208,0.5928750932216644,0.8272422108650208,0.0195,19.5,0.3816835426442149,0.3805232277981027,0.3855651036118143,0.4187114481368649,0.429613489623995,0.4203653745947056,0.41899776328956717,0.4219748691665187,0.41923410047349974,-0.009768716374052088,-0.011627595139315196,-0.010971064558687627,-0.010906217132345748,-0.01859395774131737,-0.011497518923646234,-0.009938131797561131,-0.01102844609039418,-0.011130099613043851,0.62901616,0.6324857,0.6730436,0.5494551,0.5339431,0.57711184,0.559276,0.5912962,2026-10-04T22:12:16.897228
10,0.5967751145362854,0.49857255816459656,0.8262322008132934,0.5967473387718201,0.8262322008132934,0.8030403493881225,0.8843305173873901,2.278980192184448,0.23119005644321441,3.215988035583496,1.7185118125915528,1.0,10.0,,,,,0.34188872470855713,0.34188872470855713,,,,18.139178253173828,0.705702774535129,0.08267797951610273,,0.11387934896703454,0.8209790604509366,0.36733847922959906,0.0009454148141207517,0.030310472194698585,2.6223530368820116,,0.0033515515245251047,,76.95793856481079,19.378617110525727,,103.88055483095205,76.8547816185435,25.874374984935592,95.20631039370397,38.90776550390159,18.13915495659895,,0.5414290724286608,,0.0395918383624903,0.12180428221157402,,0.0548629555258022,0.03240505195442279,0.09882612312865105,0.001557333791586956,0.1539082193070916,0.06905023725169479,,,,0.17245,3449.0,0.60346836,0.6004028,0.66836375,0.60389024,0.5651869,0.57834345,0.58246255,0.5711609,0.49689996242523193,0.8429714970588684,0.5817999243736267,0.8429714970588684,0.014,14.0,0.41676573366851377,0.41992105509113825,0.42535582770859864,0.4410695553578439,0.4545147360557936,0.44543827706561256,0.45428374477118344,0.45504951781117176,0.4582265257251592,0.004716586364358745,0.005287806348212444,0.004227904227246847,-0.003640677086106049,0.001672552226963606,-0.004414410641303933,0.011134243161847048,0.012582243767754284,0.011027785176097536,0.62450004,0.6831818,0.58682173,0.53190786,0.5378049,0.5905512,0.5444882,0.5859848,0.4964499771595001,0.8008955264091492,0.6082499623298645,0.8008955264091492,0.016,16.0,0.4149136339673261,0.4156916052372861,0.41694879350725145,0.4240632571900042,0.423972369084241,0.4225526251797813,0.4331316348633763,0.4352359700726924,0.43294018571850246,-4.9952829694417336e-05,0.0001589462860164019,-0.0005175087743344613,-0.003919202299664713,-0.004979597880303181,-0.00470245133733108,0.0010968209036267382,0.0017169839410809454,-0.00013564933091098302,0.6762097,0.63378376,0.77883214,0.5389313,0.51951224,0.5675439,0.54268295,0.5941606,0.49667496979236603,0.8219335117340087,0.5950249433517456,0.8219335117340087,0.015,15.0,0.4158396838179199,0.4178063301642122,0.421152310607925,0.43256640627392406,0.43924355257001735,0.43399545112269694,0.44370768981727987,0.4451427439419321,0.44558335572183083,0.0023333167673321637,0.002723376317114423,0.001855197726456193,-0.0037799396928853814,-0.0016535228266697875,-0.004558430989317507,0.006115532032736893,0.007149613854417615,0.005446067922593277,0.65035486,0.6584828,0.68282694,0.5354196,0.52865857,0.57904756,0.54358554,0.59007275,2026-10-04T22:16:13.113009
11,0.594857394695282,0.4996873438358307,0.8308458637237549,0.5950575470924377,0.8308458637237549,0.8019965865135192,0.8831707847595215,2.206360887145996,0.17186228015422822,3.4983597007751466,1.7862201028823852,1.0,10.0,,,,,0.33467659792900084,0.33467659792900084,,,,18.110387255859376,0.6889581483593032,0.09291147912561798,,0.11678431795281209,0.8478299060444923,0.41020539758881186,0.0008588761959156721,0.02767827097255333,3.1808093843186738,,0.002172990180772602,,76.92108523617884,19.363572624838277,,103.87871099581385,76.81730452616503,25.843763971025016,95.20377821223751,38.89123221719341,18.110364282207126,,0.580062713592675,,0.04053787241695793,0.12861582665306748,,0.05760607078291808,0.033897882078293785,0.10284033460412056,0.0015799139165111882,0.16087744589064532,0.07098484433190838,,,,0.1708,3416.0,0.60044104,0.59031415,0.6657885,0.606872,0.57015187,0.5801212,0.577015,0.56873727,0.50819993019104,0.8555149312019348,0.5753000378608704,0.8555149312019348,0.019,19.0,0.38552773391822887,0.38412685277573744,0.38665231607420125,0.38733384991094605,0.398149413835267,0.38883548573099924,0.41555980306400275,0.4178152606063737,0.4131783278410849,-0.022045097077787942,-0.021910807326674643,-0.021739537357612613,-0.03045638989018179,-0.024621960111527764,-0.027541060611742794,-0.018744446869533464,-0.020701103181924807,-0.01749342245023245,0.6085,0.66409093,0.54379845,0.5394737,0.54308945,0.5767717,0.55275595,0.5984849,0.49390000104904175,0.8083449244499207,0.6048499941825867,0.8083449244499207,0.017,17.0,0.3831248309363567,0.3819377844983926,0.3864663715227408,0.38356861398865544,0.38081915424949,0.3845372551198431,0.41763202444972786,0.418208228996848,0.4162732259575771,0.012024570611713923,0.01106499609786381,0.011298358068820425,0.012824120367607994,0.012581880399095892,0.011967044775770397,0.01605024574246949,0.01563313819377206,0.015005012827681694,0.6552419,0.63018024,0.7843066,0.5431298,0.5211382,0.5631579,0.54105693,0.5854015,0.5010499656200409,0.8319299278259278,0.5900750160217285,0.8319299278259278,0.018000000000000002,18.0,0.3843262824272928,0.383032318637065,0.386559343798471,0.38545123194980074,0.38948428404237845,0.3866863704254212,0.41659591375686533,0.41801174480161085,0.414725776899331,-0.00501026323303701,-0.005422905614405417,-0.005220589644396094,-0.008816134761286898,-0.006020039856215936,-0.007787007917986199,-0.001347100563531987,-0.002533982494076374,-0.001244204811275378,0.631871,0.6471356,0.6640525,0.5413017,0.5321138,0.56996477,0.5469065,0.59194314,2026-10-04T22:20:08.642716
12,0.5927500128746033,0.49918749928474426,0.8318222749710082,0.5929970741271973,0.8318222749710082,0.7954628553390503,0.8759110795021057,2.216346194076538,0.20013093526363374,3.8349248119354247,1.81441505317688,1.0,10.0,,,,,0.3609061200141907,0.3609061200141907,,,,18.081766467285156,0.7681084043660741,0.08651183845154989,,0.10558927221116936,0.8733939885333845,0.3289805184693853,0.0008588497549930148,0.026112341470304567,2.626403856049677,,0.002179791104090385,,76.88351430710713,19.343138105550388,,103.87486825930844,76.77955850977807,25.81339407270881,95.20121993532607,38.86920438146895,18.081746605551167,,0.5957536917583198,,0.04139481043549859,0.1323824022795744,,0.059604142217119786,0.03538206096287746,0.10658696592803214,0.0016053185589125108,0.16682290110238798,0.07273437951210958,,,,0.17105,3421.0,0.5956295,0.59267014,0.6679081,0.6025079,0.56839955,0.5769697,0.57505065,0.56376785,0.5018000602722168,0.8539225096702576,0.5772499442100525,0.8539225096702576,0.023,23.0,0.3625610691946936,0.357221697540761,0.36221524228940233,0.3748004203450538,0.3369996509160094,0.3587823737364292,0.4118486497710041,0.40989538804969605,0.4108448301620692,-0.002541927047281908,-0.004838249456806055,-0.0042205674932350055,-0.014391459108210674,-0.014816662186893476,-0.015073995256610509,-0.0058023210016174935,-0.007400140901365326,-0.006363028775639718,0.6095,0.6813637,0.56899226,0.5276316,0.5402439,0.6023622,0.53543305,0.5818182,0.49605000019073486,0.7980505080223084,0.6088500618934631,0.7980505080223084,0.021,21.0,0.39698659031232064,0.3960673225599258,0.3980199693346526,0.39231171430154776,0.38804881910067013,0.3898454385113958,0.42459961017878944,0.42364311219522643,0.4233673178117367,-0.0032400554109371774,-0.0025024994362560352,-0.0028661779200615375,-0.007057244506281311,-0.006195009417645862,-0.007626340235089525,-0.003232948615075218,-0.0026510794830905075,-0.002999844548245005,0.67258066,0.65000004,0.780657,0.5290077,0.5203252,0.5732456,0.5361789,0.59671533,0.49892503023147583,0.825986508846283,0.5930500030517578,0.825986508846283,0.022,22.0,0.37977382975350715,0.3766445100503434,0.38011760581202747,0.3835560673233008,0.36252423500833975,0.37431390612391247,0.4182241299748968,0.41676925012246124,0.4171060739869029,-0.002890991229109543,-0.0036703744465310453,-0.0035433727066482715,-0.010724351807245992,-0.010505835802269669,-0.011350167745850017,-0.0045176348083463555,-0.0050256101922279165,-0.004681436661942362,0.6410403,0.66568184,0.6748246,0.5283196,0.5302845,0.5878039,0.53580594,0.5892668,2026-10-04T22:24:04.195672
13,0.5962355136871338,0.5006123185157776,0.8228877447128295,0.5962697863578796,0.8228877447128295,0.8091082816123962,0.8910726633071899,2.2803628923416137,0.17852798640727996,3.8145723709106445,1.8787489379882814,1.0,10.0,,,,,0.34479114899635316,0.34479114899635316,,,,18.054348046875,0.7011251265574603,0.08149064092890947,,0.09143086314308131,0.9074115775952674,0.2783125111726439,0.0007568600348042692,0.023967952342929356,2.075625050409584,,0.0018126217461714616,,76.8454666623644,19.31981924992458,,103.86972045898438,76.74243946439901,25.78292417829963,95.19957378411749,38.827802864609254,18.054326136400746,,0.6305584463344258,,0.04192548226209203,0.13452671382837234,,0.060948329746343524,0.03688828820350823,0.11039301458817379,0.0016818735133085376,0.16982030972933312,0.07509198557039734,,,,0.16025,3205.0,0.59955895,0.59534836,0.65513074,0.6088665,0.57287776,0.5779798,0.5867558,0.572831,0.503849983215332,0.8487884764671325,0.5803500413894653,0.8487884764671325,0.021,21.0,0.31582369182053166,0.3137759456364693,0.31776690415447967,0.3412161285524949,0.34900669438442733,0.3511775639711729,0.37285302413270394,0.37177632162568697,0.3726669154275229,-0.03902529921887745,-0.0385758433547823,-0.039662446696925924,-0.03441703491847576,-0.031347067922737816,-0.03822887971426867,-0.03665003717822245,-0.03688734783028646,-0.03766872637871265,0.57850003,0.6045455,0.53720933,0.56381583,0.57642275,0.5901575,0.6019685,0.59621215,0.4934500455856323,0.8111887788772583,0.6037499904632568,0.8111887788772583,0.022,22.0,0.39123577746238586,0.39250846689542357,0.39470142052301177,0.4015631138586082,0.41312140506823936,0.41142912247275704,0.4251093968463908,0.42600996736750263,0.4240591599849359,0.002236296030291292,0.0006670899131947592,0.0006051052569047572,-0.0035768643029357216,-0.0010275321114395005,-0.0036222402745552705,0.0008859372925073806,-0.0002934301390916102,-0.0022571739667535157,0.6225807,0.63153154,0.7313869,0.57519084,0.5402439,0.56184214,0.5621951,0.5930657,0.4986500144004822,0.8299886276721954,0.5920500159263611,0.8299886276721954,0.0215,21.5,0.35352973464145876,0.35314220626594645,0.3562341623387457,0.3713896212055515,0.38106404972633334,0.38130334322196496,0.3989812104895474,0.3988931444965948,0.3983630377062294,-0.01839450159429308,-0.01895437672079377,-0.019528670720010584,-0.018996949610705742,-0.01618730001708866,-0.020925559994411973,-0.017882049942857532,-0.018590388984689035,-0.019962950172733085,0.6005404,0.61803854,0.6342981,0.5695033,0.55833334,0.57599986,0.5820818,0.59463894,2026-10-04T22:28:00.426102
14,0.5946077704429626,0.4996348023414612,0.8250788760185241,0.5949649214744568,0.8250788760185241,0.8385128237724304,0.9237443733215333,2.5754809703826904,0.21296836597919463,4.409176473617554,1.9124501850128173,1.0,10.0,,,,,0.3856642095565796,0.3856642095565796,,,,18.025997216796874,0.809243366656125,0.09255268653427624,,0.09992925286334554,1.041319561991722,0.3218998418302293,0.0007098272742568604,0.021861911709805962,2.397438080827142,,0.0017309444536028429,,76.80661307170892,19.30064349569333,,103.86342008554251,76.70583751702765,25.75207215813315,95.19837383100182,38.7848070715643,18.025973301784248,,0.6483619103006496,,0.04230639706276784,0.138427689956252,,0.06250248427034184,0.038787313802227094,0.1140044974578414,0.0017644692276112118,0.17270012845279306,0.07704657007744357,,,,0.136,2720.0,0.596251,0.58546114,0.64659274,0.6148302,0.57359815,0.5761414,0.5919603,0.574053,0.4918500483036041,0.845841052532196,0.5839999914169312,0.845841052532196,0.02,20.0,0.42522914417046737,0.4241555949960713,0.4252620638679416,0.4850502936859621,0.49211527470343014,0.4952215026217912,0.4656332155933015,0.46956054710935097,0.4636204885118018,0.043635347237477896,0.04335469070119757,0.043129125923132436,0.05247827923714848,0.05215790617351105,0.048349360175833044,0.0548043357616737,0.0548415974996278,0.05492632424903597,0.62600005,0.6777273,0.5748062,0.53453946,0.5471545,0.5984252,0.5440945,0.59886366,0.4925500154495239,0.8037609491348267,0.6070000529289246,0.8037609491348267,0.02,20.0,0.3484756633458175,0.3486533899633516,0.3526833754990912,0.40471388628984306,0.39940126587403807,0.4030223238406883,0.41123033845745344,0.4139725113618715,0.41147237258942004,0.004275368463508454,0.0026171254853959115,0.0038456488546549403,0.007851139169059114,0.004464247258196253,0.007297898826052394,0.0083048536685373,0.006825646764187475,0.0071732816687478185,0.6681451,0.6490991,0.7748175,0.54236645,0.5109756,0.55833334,0.54308945,0.59562045,0.492200031876564,0.8248010008335114,0.5955000221729279,0.8248010008335114,0.02,20.0,0.38685240375814245,0.3864044924797114,0.3889727196835164,0.4448820899879026,0.4457582702887341,0.44912191323123973,0.4384317770253775,0.4417665292356112,0.43754643055061093,0.023955357850493176,0.022985908093296738,0.023487387388893687,0.030164709203103796,0.02831107671585365,0.02782362950094272,0.0315545947151055,0.03083362213190764,0.031049802958891894,0.64707255,0.66341317,0.67481184,0.538453,0.529065,0.5783793,0.543592,0.59724206,2026-10-04T22:31:56.034046
15,0.5987574458122253,0.49918270111083984,0.8171270909309387,0.599049985408783,0.8171270909309387,0.8181676774978638,0.9011386603355408,2.329992383956909,0.19649099490642546,4.0859955879211425,1.911959560585022,1.0,10.0,,,,,0.390295223236084,0.390295223236084,,,,17.997348223876955,0.7289985122076076,0.06808172373373987,,0.07252390708353157,1.0138243087537728,0.3324683531169679,0.0006129080970040493,0.02043011361009376,2.4594189262693855,,0.0016182707897465303,,76.77008382226252,19.281773512530478,,103.8588123200046,76.6690619401871,25.721707398724405,95.19835653122823,38.74089458489873,17.997328995139735,,0.6481380880258645,,0.04320358470746666,0.14244757829957708,,0.06410110200856142,0.04029839362498302,0.11769342678747359,0.0018938691147668346,0.1753200056256762,0.07913861324073403,,,,0.15145,3029.0,0.6018845,0.5967781,0.6707211,0.6118286,0.5678349,0.58436364,0.5872013,0.57097757,0.505649983882904,0.845491042137146,0.5816500186920166,0.845491042137146,0.024,24.0,0.3041250047464512,0.30928013165966395,0.3070566927836968,0.33675133301115445,0.35291749164800107,0.3389354702072715,0.3458068499431473,0.34547828328335123,0.34558326780233845,-0.029560282778013227,-0.030511455540927216,-0.02943552666006233,-0.02428735497228429,-0.02875190473259798,-0.024378727958097403,-0.028298246401451347,-0.029169848896127816,-0.028192821554729516,0.5935,0.6431818,0.5728682,0.5453947,0.5613821,0.6023622,0.56181103,0.5897727,0.49399998784065247,0.7893631200790405,0.6121499538421631,0.7893631200790405,0.024,24.0,0.38888429731175833,0.38773307301417675,0.3897315137994413,0.41893470494949786,0.4231355887474609,0.4119450011788544,0.4415900653485521,0.4430777069567175,0.43588777925312755,-0.0036843053386226765,-0.004256027907404332,-0.004977327101370233,-0.006223742971249158,-0.0029218766739105436,-0.00776387376717741,-0.0025895853659799713,-0.002475655110855315,-0.005238549470094484,0.66451615,0.6463964,0.7583942,0.55496186,0.52195126,0.5894737,0.547561,0.60328466,0.49982498586177826,0.8174270811080933,0.5968999862670898,0.8174270811080933,0.024,24.0,0.34650465102910477,0.3485066023369203,0.34839410329156906,0.37784301898032613,0.388026540197731,0.37544023569306295,0.3936984576458497,0.39427799512003436,0.390735523527733,-0.01662229405831795,-0.017383741724165774,-0.01720642688071628,-0.015255548971766723,-0.015836890703254263,-0.016071300862637406,-0.015443915883715659,-0.015822752003491567,-0.016715685512412,0.62900805,0.6447891,0.6656312,0.5501783,0.5416667,0.59591794,0.554686,0.59652865,2026-10-04T22:35:52.309784
16,0.5999302268028259,0.4966072142124176,0.8143395266532898,0.5998474359512329,0.8143395266532898,0.8192406169891358,0.90233081407547,2.2984676580429078,0.17764536838531494,4.30663475227356,1.9582875175476073,1.0,10.0,,,,,0.38780661849975584,0.38780661849975584,,,,17.968911221313476,0.7129289627810762,0.06419062922459547,,0.07466533151603523,1.0855847471838544,0.35402770663142963,0.000634985621855446,0.02033021503905202,2.6854849890538843,,0.0013415298998998375,,76.73179475820749,19.260920907281765,,103.8529724801422,76.63215301902432,25.689781274005867,95.19727403191244,38.715951858812076,17.968888944880977,,0.6720477464092764,,0.04359252848158217,0.14608315620452736,,0.06545682332128476,0.041979322625193626,0.12108770976210856,0.002027671969537238,0.1803522742098304,0.08090652003409757,,,,0.14895,2979.0,0.5948477,0.59091824,0.65687406,0.62539494,0.5768497,0.58311117,0.59835964,0.5714053,0.501800000667572,0.8483123030662537,0.5800499320030212,0.8483123030662537,0.022,22.0,0.33371745377246875,0.3362471261737686,0.3352840681812385,0.3851279063850609,0.3733854352060685,0.3845826409406132,0.3760186727469562,0.3775247266361414,0.37213862632911465,-0.027363087335891875,-0.02937069302461146,-0.028258518180846445,-0.028086444789631387,-0.02337444216518104,-0.027765968361417075,-0.025509666529858914,-0.02584861430079106,-0.024970309423237146,0.59150004,0.6495455,0.52674425,0.5585526,0.5703252,0.6019685,0.56929135,0.5886364,0.4998999834060669,0.8099940314292907,0.6026500463485718,0.8099940314292907,0.021,21.0,0.37627148024644663,0.3743922137548591,0.3778788529041649,0.4183247915077383,0.42761577363948555,0.4313621439744882,0.4423949942705748,0.44299101627616255,0.4284404592361926,-0.004044130039604468,-0.005242342039915628,-0.005884689681917194,-0.002231830889616702,-0.0009487133457165323,-0.005467030541252995,0.0013451093849450476,0.00016580567172789473,-0.004521450175398625,0.6379032,0.6148649,0.76277375,0.559542,0.53252035,0.57061404,0.5573171,0.57226276,0.5008499920368195,0.8291531672477722,0.5913499891757965,0.8291531672477722,0.0215,21.5,0.3549944670094577,0.35531966996431386,0.3565814605427017,0.4017263489463996,0.400500604422777,0.4079723924575507,0.4092068335087655,0.410257871456152,0.4002895427826536,-0.015703608687748172,-0.017306517532263543,-0.01707160393138182,-0.015159137839624044,-0.012161577755448787,-0.016616499451335035,-0.012082278572456933,-0.012841404314531584,-0.014745879799317886,0.6147016,0.6322052,0.644759,0.55904734,0.5514228,0.5862913,0.5633042,0.5804496,2026-10-04T22:39:49.146456
17,0.5999624729156494,0.5007522106170654,0.8122701835632324,0.6002749800682068,0.8122701835632324,0.7986593079566956,0.8794626968383789,2.0962420974731444,0.1570095203757286,3.959415552520752,1.9869916133880616,1.0,10.0,,,,,0.3874931809425354,0.3874931809425354,,,,17.939293368530272,0.682391819894124,0.07107542493754322,,0.07357252616536133,1.014316301816588,0.33537690699764877,0.0005408470459752508,0.018122721849021257,2.8204860263948985,,0.0014255004570473528,,76.6947424821793,19.237376644353198,,103.84649755392864,76.59499762468278,25.658256822330937,95.19524276636209,38.694850630061644,17.93927147737734,,0.6866186861019985,,0.0443412642095499,0.14824155343186324,,0.06677200099465194,0.04355154333600573,0.12423904325552047,0.002089220211858962,0.18589555334513355,0.08191953684873642,,,,0.15985,3197.0,0.59627104,0.58443415,0.6602219,0.62973934,0.5777064,0.5819596,0.59927094,0.5714257,0.49404996633529663,0.840673143863678,0.5860500335693359,0.840673143863678,0.021,21.0,0.31961168162443315,0.3111517395305912,0.321342093819615,0.35319352975977997,0.35327640078903044,0.34535811887625517,0.3350483895980746,0.32917196918416863,0.3308013994548953,-0.0029908087983435507,-0.002267547518758449,-0.004646256833682047,-0.011116618925814236,-0.014005278018361553,-0.013562379399112378,-0.0077688833328269265,-0.0041314490885927466,-0.01177452805840432,0.586,0.61727273,0.56201553,0.5717105,0.5857724,0.592126,0.5897638,0.59090906,0.4964999258518219,0.8072193961143493,0.6021000146865845,0.8072193961143493,0.02,20.0,0.4005037243024749,0.399534897531334,0.4039272356294007,0.42619324756921895,0.4224457924475722,0.4300046194441772,0.403533508622372,0.40143572018039164,0.3922886130968292,0.004049938864553947,0.003518405050098551,0.002382689060690978,0.0001489308211725809,-0.0010254458551031426,-0.0016585548278229161,-0.001891303593597795,-0.0042070449695108154,-0.006441308790069777,0.62903225,0.6085586,0.7266424,0.5717557,0.5386179,0.58114034,0.5573171,0.59160584,0.49527494609355927,0.8239462699890137,0.5940750241279602,0.8239462699890137,0.0205,20.5,0.360057702963454,0.35534331853096257,0.36263466472450784,0.38969338866449943,0.3878610966183013,0.3876813691602162,0.3692909491102233,0.36530384468228017,0.3615450062758623,0.0005295650331051981,0.0006254287656700509,-0.0011317838864955342,-0.005483844052320827,-0.007515361936732348,-0.007610467113467647,-0.0048300934632123605,-0.004169247029051781,-0.009107918424237048,0.60751617,0.61291564,0.64432895,0.5717331,0.5621952,0.5866332,0.57354045,0.59125745,2026-10-04T22:43:44.336130
18,0.5978149771690369,0.4987073838710785,0.819852352809906,0.5981176495552063,0.819852352809906,0.8183666130065917,0.9013596985816955,2.2052430877685545,0.20141473777294158,4.2980248100280765,1.9774826307296753,1.0,10.0,,,,,0.37765136528015136,0.37765136528015136,,,,17.911161892700196,1.1352642196687355,0.11212006434471981,,0.10837068697319004,1.0799493990885984,0.3709328286587053,0.0007562616531912143,0.021867924506307406,3.1721059372470637,,0.0021951939015939187,,76.65798308743034,19.215788823024482,,103.84103792032619,76.55807179250534,25.629387618629796,95.19396068791674,38.68144058421919,17.911140296109924,,0.681822842473437,,0.04529873991183415,0.1505978954066137,,0.06839669680899116,0.04500237168969622,0.12794459245766804,0.0021787201941226887,0.19191617827126933,0.08365563232048302,,,,0.1458,2916.0,0.5867081,0.5865687,0.6503764,0.6294629,0.5764408,0.58175755,0.6042325,0.5683503,0.504349946975708,0.8457062735557556,0.5790500640869141,0.8457062735557556,0.021,21.0,0.3252067668620977,0.32703263110638775,0.32882770730375693,0.41428389835951956,0.45102606482864005,0.4176254858108773,0.4128933791368149,0.41394927951296057,0.4151020699956867,-0.032519977449329475,-0.033199818402508616,-0.03282930683012366,-0.03063120155734715,-0.030256385365610327,-0.030386512703081694,-0.025597857969398716,-0.025733578725625678,-0.024977359824806755,0.6135,0.62045455,0.57325584,0.53256583,0.5613821,0.57401574,0.56968504,0.60795456,0.49549999833106995,0.796641634464264,0.6062999963760376,0.796641634464264,0.023,23.0,0.39413938039069907,0.39570043293944446,0.39752808718960986,0.43108027552525696,0.43475210678254245,0.43472305299843417,0.41039500555865915,0.41142614115116355,0.41060290276664024,0.017992399784401224,0.015969661380569527,0.017295304906747938,0.008701632298501008,-0.0004337335755489509,0.008025674780845923,0.005550170265032314,0.004882170272369006,0.003979734957375209,0.6508065,0.6509009,0.76204383,0.56564885,0.5150407,0.5701754,0.5414634,0.58321166,0.499924972653389,0.8211739540100098,0.5926750302314758,0.8211739540100098,0.022,22.0,0.3596730736263984,0.36136653202291613,0.36317789724668337,0.4226820869423883,0.4428890858055913,0.42617426940465575,0.411644192347737,0.4126877103320621,0.41285248638116345,-0.007263788832464126,-0.008615078510969544,-0.007767000961687861,-0.010964784629423071,-0.015345059470579639,-0.011180418961117886,-0.0100238438521832,-0.010425704226628335,-0.010498812433715773,0.6321533,0.6356777,0.66764987,0.5491073,0.5382114,0.5720956,0.5555742,0.5955831,2026-10-04T22:47:40.253110
19,0.6011674404144287,0.5025075078010559,0.8115093331336976,0.6009795665740967,0.8115093331336976,0.8223467359542846,0.9057820600509644,2.3217703403472902,0.1952663477897644,4.968286176300049,1.9814919160842897,1.0,10.0,,,,,0.4456997298717499,0.4456997298717499,,,,17.883160067749024,1.619213435395508,0.0929551240090862,,0.08027397424270322,1.0548351190652057,0.3168448661543002,0.0006576874377268995,0.01857474597265861,2.6894614840768707,,0.0014553957750945156,,76.62002174717605,19.207634312332058,,103.83978290922323,76.52130442819778,25.5997604078548,95.18893238237709,38.685093946517654,17.88313715017525,,0.6838522534461537,,0.04582963957433488,0.15738006790352474,,0.07069465157332694,0.046417015990254225,0.1316948095514516,0.002259406814304222,0.1999902157646835,0.08621770750944781,,,,0.1477,2954.0,0.59396553,0.59061617,0.66533285,0.6218404,0.5811916,0.581495,0.59850144,0.57374746,0.5090000033378601,0.8394105229377746,0.5835999846458435,0.8394105229377746,0.029,29.0,0.3449772316500255,0.3424523809120637,0.34584885511238733,0.41219074268105976,0.43523921645779906,0.4191209267608851,0.3905803009918705,0.38842742605826364,0.39265066421704403,-0.011646432530995786,-0.01165180396102885,-0.01181042730697331,-0.00031290821114909146,-0.002832663205378458,-0.002848787973288488,-0.0046428238296415,-0.0039132660926268804,-0.006151567795422837,0.586,0.605,0.5767442,0.5588816,0.5886179,0.5748032,0.5870079,0.59962124,0.4928000271320343,0.793291642665863,0.6083499789237976,0.793291642665863,0.032,32.0,0.37471304410257633,0.37200838521080726,0.3775688116806844,0.4379284137510539,0.43064907375818295,0.438994214661657,0.40265591374282267,0.4021017441470565,0.3982371180497439,-0.011428502880187109,-0.012362843041979146,-0.011941503995012495,-0.008826627380726395,-0.010022015638422239,-0.010344649025505723,-0.0163143305485314,-0.016696450452388052,-0.017505448094708873,0.6491935,0.6373874,0.7416058,0.5770992,0.5313008,0.5710526,0.55447155,0.5930657,0.5009000152349472,0.8163510828018188,0.5959749817848206,0.8163510828018188,0.0305,30.5,0.3598451378763009,0.3572303830614355,0.36170883339653587,0.42505957821605683,0.432944145107991,0.42905757071127104,0.3966181073673466,0.39526458510266005,0.39544389113339395,-0.011537467705591447,-0.012007323501503998,-0.011875965650992902,-0.004569767795937743,-0.006427339421900349,-0.006596718499397106,-0.01047857718908645,-0.010304858272507466,-0.011828507945065854,0.61759675,0.6211937,0.65917504,0.5679904,0.55995935,0.5729279,0.57073975,0.59634346,2026-10-04T22:51:35.764920
20,0.5954425930976868,0.5030973553657532,0.829215389251709,0.5956894755363464,0.829215389251709,0.8073369707107544,0.8891045433044433,2.1209233570098878,0.45226445503234863,3.9940011302947998,1.998013645362854,1.0,10.0,,,,,0.39500910415649415,0.39500910415649415,,,,17.85835111694336,0.7233826503821998,0.10609056720966889,,0.09351966378225643,1.0260005422458527,0.26158155740541256,0.0015456721826736773,0.042259798841966185,2.116661669247469,,0.003697013118977964,,76.5827441367374,19.1902071837407,,103.85133016792832,76.48435216041128,25.57148635767068,95.18497160893337,38.771753007439294,17.85834053671284,,0.6921464174416414,,0.04638927603128609,0.161552312742373,,0.07384317904520946,0.047920115007336735,0.13576523124412365,0.002383986517644612,0.2172358109123388,0.08922348774162828,,,,0.1502,3004.0,0.58999604,0.5744261,0.6454041,0.62835705,0.57531154,0.5793939,0.60769546,0.5638493,0.4999000132083893,0.8740793080329895,0.587100088596344,0.8740793080329895,0.013,13.0,0.39939451733504244,0.39711796289211615,0.40082997718101454,0.37281614348787895,0.32839929254341754,0.37244428775764904,0.37246124157402155,0.37154130246364087,0.37244428775764904,-0.03319153766105075,-0.032090375057741254,-0.03313222244365808,-0.036626603678762464,-0.03649249971932135,-0.03693560748740126,-0.03673650904635792,-0.03605553661708548,-0.03693560748740126,0.591,0.6277273,0.5697674,0.5546053,0.58292687,0.5968504,0.576378,0.6094697,0.5041999816894531,0.8293670644760132,0.6065000295639038,0.8293670644760132,0.013,13.0,0.4582777298974025,0.4640526153556797,0.4599148688597461,0.41829911851448065,0.4050184176088664,0.4183274372334541,0.41615484608330183,0.41678681758218794,0.41617945463176603,-0.007220653212879807,-0.006760503594564272,-0.007086623889500208,-0.00629707874689235,-0.002601042352172699,-0.006239466169886369,-0.006722897659356951,-0.006836631967817713,-0.006709754271558199,0.6471774,0.6310811,0.74197084,0.57404584,0.5260163,0.5732456,0.55203253,0.5941606,0.5020499974489212,0.8517231862545014,0.5968000590801239,0.8517231862545014,0.013,13.0,0.4288361236162225,0.43058528912389793,0.4303724230203803,0.3955576310011798,0.366708855076142,0.3953858624955516,0.3943080438286617,0.3941640600229144,0.39431187119470756,-0.020206095436965277,-0.019425439326152764,-0.020109423166579144,-0.021461841212827407,-0.019546771035747024,-0.021587536828643814,-0.021729703352857434,-0.021446084292451595,-0.02182268087947973,0.6190887,0.6294042,0.6558691,0.5643256,0.5544716,0.58504796,0.5642053,0.60181516,2026-10-04T22:55:31.128703
21,0.6006850004196167,0.5011923909187317,0.8162606777191163,0.6010329127311707,0.8162606777191163,0.8693595761299133,0.9580185422897339,2.830077298736572,0.3540554543495178,5.522030495071411,1.99024496383667,1.0,10.0,,,,,0.49812267522811887,0.49812267522811887,,,,17.84300958251953,1.5794795316193182,0.197575045495211,,0.14217927165672029,1.0834731603883634,0.26918628816581835,0.0013867985550981537,0.043784329899035065,2.2508746972129603,,0.003980053163498379,,76.543394781222,19.166442603821967,,103.87811493114302,76.44761371005113,25.5522458143295,95.18549181701272,39.03055856789753,17.842973624065422,,0.688234235071073,,0.04753688200833691,0.1626516389808837,,0.07877161842622575,0.049277455089198556,0.14281230965617356,0.0026076353202532433,0.2514669726229018,0.09753186540429,,,,0.11175,2235.0,0.5892743,0.5787354,0.6581814,0.6336888,0.57799846,0.57963634,0.613953,0.57576376,0.5012000203132629,0.8489981780052185,0.5856000185012817,0.8489981780052185,0.017,17.0,0.45112448327212756,0.44722236666243254,0.45199789595926537,0.44901948101739325,0.4642018420071913,0.44901948101739325,0.44996383442976934,0.4513580103108244,0.45129053869714686,-0.004464700635143731,-0.003995776048026104,-0.004363102736337745,-0.00931785862583845,-0.013121405850219767,-0.00931785862583845,0.014500582675186387,0.014309882176614773,0.014226849957556822,0.595,0.6077272,0.53720933,0.5717105,0.60040647,0.58188975,0.5933071,0.60568184,0.5106500387191772,0.8158448987007141,0.6034500002861023,0.8158448987007141,0.018,18.0,0.41151630716372795,0.4080466824377647,0.41223568549183554,0.397756705931375,0.4053776747775604,0.39780104359055113,0.39692988227343573,0.39669945977743654,0.39695963018892194,0.009377718905150515,0.009522796320638058,0.009344482697707686,0.0010932313516399375,0.00011299445326043303,0.0011012111001840747,0.0031225638441058938,0.00323336352880178,0.003414682444820206,0.62096775,0.61846846,0.72700727,0.58587784,0.54268295,0.54692984,0.5711382,0.59927005,0.5059250295162201,0.8324215383529663,0.594525009393692,0.8324215383529663,0.0175,17.5,0.43132039521792775,0.42763452455009865,0.4321167907255504,0.4233880934743841,0.4347897583923759,0.42341026230397216,0.42344685835160256,0.42402873504413047,0.42412508444303443,0.002456509135003392,0.0027635101363059768,0.0024906899806849707,-0.004112313637099256,-0.006504205698479667,-0.004108323762827188,0.008811573259646141,0.008771622852708277,0.008820766201188514,0.6079839,0.61309785,0.63210833,0.5787942,0.5715447,0.5644098,0.58222264,0.60247594,2026-10-04T22:59:26.434969
22,0.5989648699760437,0.4991725981235504,0.8214257626533509,0.598849892616272,0.8214257626533509,0.8735107890129089,0.9626310063362121,2.9089115875244143,0.28226644495725633,5.826436207580566,1.998035298728943,1.0,10.0,,,,,0.47887056212425233,0.47887056212425233,,,,17.812444143676757,1.4648260129556345,0.19331296247572513,,0.1314573464596312,1.0821301561252328,0.27916149844884114,0.0012240569582906,0.042267637902716544,2.373657487759924,,0.003015451928925816,,76.50687019688309,19.1509035438489,,103.88120274634878,76.41070478888834,25.529614685447353,95.18340053679837,39.088684252113296,17.812422746306012,,0.6921516113979801,,0.048409418125820766,0.16551368099868677,,0.08106052054531256,0.05064539905566319,0.14762089064546452,0.0027610729952716523,0.2629529662952302,0.09848416179038916,,,,0.1092,2184.0,0.5772253,0.562203,0.6362124,0.6526264,0.5886877,0.57646465,0.62336975,0.5725458,0.49500006437301636,0.8554930486679078,0.5845999717712402,0.8554930486679078,0.013,13.0,0.23841226537807725,0.23786617281628,0.2379722619800477,0.3619219027227711,0.34693340306890863,0.3619219027227711,0.2997606737167366,0.29975011434114723,0.2997606737167366,-0.006399374378162614,-0.006991556791610913,-0.006746516313806195,-0.002528956536352878,-0.007346806548797588,-0.002528956536352878,-0.0028848607214281155,-0.002872510442066852,-0.0028848607214281155,0.6135,0.65999997,0.54186046,0.5555921,0.57601625,0.5952756,0.5559055,0.6003788,0.4960000216960907,0.8107898740768432,0.607450008392334,0.8107898740768432,0.014,14.0,0.3548969427810472,0.3508663267576918,0.35362762208186715,0.39952442674375876,0.37622930645003194,0.399998906224897,0.3899523317346478,0.389485614702264,0.3887907938618111,-0.010789468474115176,-0.012086193687061394,-0.011059549298751978,-0.009143403310288312,-0.01327455847486577,-0.009144356214743363,-0.006199162258223921,-0.006570803234307855,-0.006910745300655809,0.642742,0.62702703,0.7656934,0.55877864,0.5260163,0.5644737,0.56382114,0.5959854,0.49550004303455353,0.8331414613723755,0.5960249900817871,0.8331414613723755,0.0135,13.5,0.29665460407956223,0.2943662497869859,0.29579994203095744,0.38072316473326495,0.3615813547594703,0.38096040447383406,0.3448565027256922,0.3446178645217056,0.34427573378927384,-0.008594421426138895,-0.009538875239336154,-0.008903032806279087,-0.005836179923320595,-0.01031068251183168,-0.00583665637554812,-0.004542011489826019,-0.004721656838187354,-0.004897803011041962,0.628121,0.6435135,0.65377694,0.5571854,0.5510163,0.57987463,0.5598633,0.5981821,2026-10-04T23:03:21.874358
23,0.5971448421478271,0.49837011098861694,0.8215327047348022,0.5975349545478821,0.8215327047348022,0.8751837349891662,0.9644898330688476,2.932432452392578,0.2866224159240723,6.224593186950684,1.9919790519714355,1.0,10.0,,,,,0.5032876108169556,0.5032876108169556,,,,17.782520541381835,1.3920290951860275,0.1599174930571703,,0.10269257364346747,1.115637336187302,0.33861493684683636,0.0008492012992783028,0.027822358130364662,3.622112208111271,,0.0022743920333271775,,76.4687938325724,19.128225059266303,,103.87588928611416,76.37376690518325,25.503914523276553,95.18283673912097,39.08723741276249,17.78249440527266,,0.6891138940859752,,0.04893574975193686,0.16841975623255323,,0.08213673816744689,0.051874728790324204,0.15128513582193168,0.002919018341252094,0.26837939118883414,0.09937355543967265,,,,0.1103,2206.0,0.5857258,0.57913816,0.6398772,0.6370261,0.581912,0.5750101,0.60631835,0.5740937,0.5084499716758728,0.8428480291366577,0.5861499309539795,0.8428480291366577,0.02,20.0,0.4179304328261402,0.4195386948791202,0.41912953333186154,0.47808910809654415,0.47808910809654415,0.47808910809654415,0.40761678884513575,0.4076292209665904,0.4076292209665904,0.005679403007781057,0.005293537756570631,0.0053092590600535014,0.001149052029269497,0.001149052029269497,0.001149052029269497,-0.006113881074183081,-0.006133407503119438,-0.006133407503119438,0.59400004,0.5754546,0.5992248,0.5546053,0.5914634,0.56377953,0.6062992,0.6098485,0.4989500045776367,0.8214705338478089,0.5964000225067139,0.8214705338478089,0.02,20.0,0.40642941128294785,0.40304345463201435,0.4067058228894576,0.42602335253887025,0.424422003802322,0.42582937296672807,0.4434929090536824,0.44354750546664223,0.44306493986422607,0.02208312075976544,0.021426157358287234,0.02179159034233041,0.015003271216334714,0.014621239563904912,0.014802328352062112,0.016845709132891684,0.016696979250477754,0.01662786454178913,0.62580645,0.6351351,0.7116788,0.5870229,0.53008133,0.53552634,0.5569106,0.5777372,0.5036999881267548,0.8321592814922333,0.5912749767303467,0.8321592814922333,0.02,20.0,0.412179922054544,0.41129107475556725,0.4129176781106596,0.4520562303177072,0.45125555594943306,0.4519592405316361,0.4255548489494091,0.4255883632166163,0.42534708041540825,0.013881261883773248,0.013359847557428932,0.013550424701191955,0.008076161622802105,0.007885145796587204,0.007975690190665805,0.005365914029354301,0.0052817858736791574,0.005247228519334846,0.6099032,0.6052948,0.6554518,0.57081413,0.56077236,0.54965293,0.5816049,0.59379286,2026-10-04T23:07:17.324066
24,0.6023145318031311,0.5002675652503967,0.809437515926361,0.6027628183364868,0.809437515926361,0.869756906414032,0.9584600254058838,2.9129914752960206,0.3447426726341248,6.389855266952515,1.9786866455078125,1.0,10.0,,,,,0.49575201201438907,0.49575201201438907,,,,17.751519631958008,0.9052743554577991,0.10555800895064263,,0.08120856763035723,1.1213824215588297,0.2698750780171649,0.0008437158997766793,0.028538843373631596,2.858789797801121,,0.0018286401999407674,,76.43323769539025,19.105389989865053,,103.8712596528849,76.33688850159858,25.474614696138225,95.18244909784596,39.066061615184616,17.751494753892256,,0.6824473985441172,,0.04970331520886178,0.16968269684132498,,0.08370142710057034,0.053135252848362464,0.15364680254155663,0.003047264359037208,0.2719327824510587,0.09982181316728045,,,,0.1134,2268.0,0.5781676,0.5775876,0.64009506,0.6568325,0.5910631,0.57644445,0.6202916,0.58020365,0.4908500015735626,0.8258537149429321,0.5963499546051025,0.8258537149429321,0.014,14.0,0.35508415885926253,0.3540400545626949,0.3560658888182443,0.3411885121928471,0.34118358715995745,0.34129066048161916,0.3255360327705684,0.325570969715332,0.32573695259732427,-0.02046734542269598,-0.021565372673953934,-0.0203634893428767,-0.01971111279198312,-0.019781948632914492,-0.019628586769397327,-0.01891039699475617,-0.018885165850602587,-0.01871379811579547,0.5775,0.58909094,0.6104651,0.58848685,0.61219513,0.55669296,0.62795275,0.6049242,0.5031499862670898,0.8188092994689942,0.6005500555038452,0.8188092994689942,0.016,16.0,0.4445400186976862,0.44378226391622394,0.44562172835114483,0.43188194507007566,0.42598832426103056,0.43145744133919983,0.4352962903194685,0.4352238808716937,0.43489552013091126,-0.007194718139236513,-0.007667883809688312,-0.007332486008314548,-0.007740599357940383,-0.010752839683871963,-0.007981242726017529,-0.004481470903756663,-0.00477291841580143,-0.004637840937673154,0.5979839,0.61891896,0.700365,0.60419846,0.5512195,0.57500005,0.56707317,0.580292,0.49699999392032623,0.8223315072059632,0.5984500050544739,0.8223315072059632,0.015,15.0,0.3998120887784744,0.3989111592394594,0.4008438085846946,0.3865352286314614,0.38358595571049403,0.3863740509104095,0.38041616154501845,0.38039742529351284,0.38031623636411777,-0.013831031780966247,-0.014616628241821123,-0.013847987675595624,-0.013725856074961752,-0.015267394158393227,-0.013804914747707429,-0.011695933949256415,-0.011829042133202008,-0.011675819526734313,0.587742,0.604005,0.65541506,0.5963427,0.58170736,0.5658465,0.59751296,0.5926081,2026-10-04T23:11:12.001061
25,0.6022703051567078,0.5017874240875244,0.809052360534668,0.602634847164154,0.809052360534668,0.871698439693451,0.9606172854423523,2.8913882453918456,0.3941105654716492,6.800440416717529,1.994764484024048,1.0,10.0,,,,,0.4787064713001251,0.4787064713001251,,,,17.722227380371095,0.8652569188789767,0.06446473094802291,,0.060985483638838434,1.1315853367945192,0.31715195395859186,0.0005608253161701711,0.020115360552385733,3.7504185400191385,,0.001110699658971834,,76.39573382723863,19.079685369114966,,103.8599711132657,76.30020078428232,25.442116148152927,95.1808939648282,39.044307660145364,17.722202786974087,,0.6905294060707092,,0.05011915818900819,0.17024013931584206,,0.08417874569915662,0.05427333615293169,0.15577052600064856,0.003017594867273216,0.27539655585197886,0.10052195618486708,,,,0.1061,2122.0,0.590838,0.58924687,0.65869653,0.6354463,0.58006227,0.5819596,0.604516,0.57924646,0.4953000545501709,0.83158171749115,0.5847499966621399,0.83158171749115,0.014,14.0,0.48230040004489794,0.4957713833866469,0.4839145504665243,0.5111348936658678,0.5515712894560438,0.5107551858575959,0.4846153575326997,0.4840585034124416,0.4839487767277247,0.015572396831927451,0.0111581013498128,0.015766765692674496,0.023580859057476616,0.020849728097708256,0.02411710917503945,0.018568637668543792,0.019552140442472846,0.019228297405888856,0.6365,0.67045456,0.57054263,0.53848684,0.55528456,0.5909449,0.5464567,0.59962124,0.505649983882904,0.7930727586746216,0.6078500151634216,0.7930727586746216,0.02,20.0,0.38610854274725886,0.38845745958555317,0.38842936958223667,0.4161048137533068,0.4316987597870858,0.41605882129887883,0.4039964137757192,0.40376789481555836,0.4033558764418192,-0.0031140069082651735,-0.0024740989969295733,-0.0025014016776499608,-0.009896977842939756,-0.010014989322675189,-0.010063869327460286,-0.003570529001764461,-0.0033064094011968624,-0.0032667437817732697,0.65967745,0.64549553,0.7843066,0.5591603,0.5138211,0.5644737,0.54227644,0.579927,0.5004750192165375,0.8123272380828858,0.5963000059127808,0.8123272380828858,0.017,17.0,0.43420447139607843,0.44211442148610003,0.4361719600243805,0.46361985370958736,0.49163502462156483,0.4634070035782374,0.4443058856542095,0.44391319911399996,0.44365232658477194,0.006229194961831139,0.004342001176441614,0.006632682007512268,0.00684194060726843,0.005417369387516534,0.007026619923789582,0.0074990543333896655,0.008122865520637991,0.007980776812057793,0.6480887,0.6579751,0.6774246,0.5488236,0.5345528,0.5777093,0.5443666,0.58977413,2026-10-04T23:15:07.420978
26,0.6053429245948792,0.4997449815273285,0.8007984132766723,0.6058053374290466,0.8007984132766723,0.8697838721275329,0.9584899866104126,2.877759373474121,0.29345010287761686,6.087562175750732,1.9990093437194825,1.0,10.0,,,,,0.47098213658332827,0.47098213658332827,,,,17.693031301879884,0.896294175059932,0.06495100363145825,,0.06615991183856182,1.1014487177703032,0.23337059361255094,0.0007187155474204967,0.02434173363682096,2.7098956666174967,,0.0015767742952100738,,76.35896121468514,19.061407611628248,,103.84981478551391,76.26297614225157,25.408888397702746,95.18034795287308,39.01990963395234,17.69300692855932,,0.6926481864254945,,0.05083086688047762,0.17332868040746943,,0.08460239895210145,0.055441196723158954,0.15757216665015858,0.0030738560224818005,0.2785139448323827,0.10171249765119734,,,,0.1091,2182.0,0.59879714,0.59265006,0.6670959,0.63722354,0.57515574,0.58814144,0.6088295,0.5776375,0.502299964427948,0.8365921211242676,0.5877000093460083,0.8365921211242676,0.012,12.0,0.2867123147599556,0.28277781380554234,0.28743552686194257,0.40934628615883245,0.41112725919528187,0.40964754973930784,0.34432518252393474,0.3434793943302207,0.34322422839738226,0.019775364605282408,0.01928904549027057,0.019183114256919154,0.01601986142493144,0.01336761144439613,0.016199241117029327,0.01288476414970599,0.014627281939755574,0.011930862101533922,0.602,0.62136364,0.5527132,0.5644737,0.59065044,0.5885827,0.5870079,0.6068182,0.48705005645751953,0.8063798346519471,0.6058000326156616,0.8063798346519471,0.014,14.0,0.3503659067330253,0.3449158963355286,0.35114980844169763,0.3924679377850482,0.38009748661793125,0.3928861779479248,0.39686038315645883,0.39683479955878875,0.3971001287134626,-0.01101213190688256,-0.011233825570613037,-0.01090743180159309,-0.0091446757584964,-0.010179662937983296,-0.00900973652438787,-0.00442345326217879,-0.004624255305546713,-0.0041335059593494775,0.6294355,0.6306306,0.740511,0.5866412,0.5256098,0.5649123,0.56585366,0.58978105,0.49467501044273376,0.8214859778881074,0.596750020980835,0.8214859778881074,0.013000000000000001,13.0,0.31853911074649044,0.31384685507053545,0.3192926676518201,0.4009071119719403,0.39561237290660656,0.4012668638436163,0.3705927828401968,0.3701570969445047,0.37016217855542244,0.004381616349199924,0.004027609959828766,0.004137841227663032,0.00343759283321752,0.0015939742532064174,0.003594752296320728,0.0042306554437636,0.00500151331710443,0.0038986780710922224,0.61571777,0.6259971,0.6466121,0.5755575,0.55813015,0.57674754,0.5764308,0.5982996,2026-10-04T23:19:03.169448
27,0.6041422486305237,0.5017498731613159,0.8059437146186829,0.6048402786254883,0.8059437146186829,0.8678033431053161,0.9562893980026245,2.838012676620483,0.3030265210866928,6.138590697479248,1.9921919939041137,1.0,10.0,,,,,0.4423696321487427,0.4423696321487427,,,,17.66341953430176,1.9691375371685642,0.15549825356715613,,0.12041273734837794,1.0999340023964075,0.29001310230440397,0.0009354517360812551,0.026960266415907697,3.8540788167601177,,0.00280808658218775,,76.32213407868792,19.04024390202419,,103.84289162022293,76.22568541119813,25.375352276358633,95.18023735094981,39.00429121855718,17.663395341034906,,0.6892403018702368,,0.051619266486091976,0.17584873005083412,,0.08572085187503486,0.056610058328718134,0.15949781276997488,0.003218010036796806,0.2824151307154613,0.10258064727494672,,,,0.1113,2226.0,0.5871291,0.5852598,0.6429081,0.6620063,0.5834891,0.5876566,0.6204739,0.5684725,0.4890000820159912,0.875981032371521,0.571399986743927,0.875981032371521,0.016,16.0,0.31863113865028403,0.314430517141015,0.321111500743086,0.29827019507008223,0.2790906664111832,0.29054135076629634,0.28817007578476367,0.28780610291663705,0.2882727621846433,-0.009205651466450556,-0.007208677094969808,-0.008280414409650553,-0.009056966913355807,-0.0054961466510004345,-0.00571336997706943,-0.013538853068285317,-0.013253104052049665,-0.013401821749495052,0.586,0.6222728,0.5120155,0.5700658,0.58983743,0.5917323,0.56299216,0.54886365,0.49974992871284485,0.827439389705658,0.5958000421524048,0.827439389705658,0.018,18.0,0.41644990995155007,0.41440557448593457,0.4192184988906893,0.4357845778456934,0.4263404511847187,0.43281919970866484,0.43260162665056057,0.43087659677338574,0.43243662736111976,-0.007020750714451665,-0.006692350361483046,-0.006701889020096845,-0.004835336344750182,-0.007989416563466611,-0.00660352261312763,-0.003911969539364508,-0.004057807194752428,-0.004128122281375717,0.60967743,0.6148649,0.71350366,0.5748092,0.53170735,0.56929827,0.5691057,0.5737226,0.49437500536441803,0.8517102110385895,0.5836000144481659,0.8517102110385895,0.017,17.0,0.36754052430091705,0.3644180458134748,0.37016499981688766,0.3670273864578878,0.3527155587979509,0.3616802752374806,0.3603858512176621,0.3593413498450114,0.3603546947728815,-0.00811320109045111,-0.006950513728226427,-0.007491151714873699,-0.006946151629052995,-0.006742781607233523,-0.00615844629509853,-0.008725411303824912,-0.008655455623401045,-0.008764972015435385,0.59783876,0.61856884,0.6127596,0.5724375,0.5607724,0.58051527,0.5660489,0.5612931,2026-10-04T23:22:58.207749
28,0.6004053950309753,0.4974324107170105,0.8099974453926087,0.6010248064994812,0.8099974453926087,0.8615295568466187,0.9493185240745544,2.726798567199707,0.312924095582962,6.17169782333374,1.9945125179290772,1.0,10.0,,,,,0.41424744358062743,0.41424744358062743,,,,17.633351736450194,1.1962830949527252,0.12440501041502756,,0.10132284045284673,1.166275792440791,0.2020310654192214,0.0010032645460243401,0.026388965413615014,2.386996474615328,,0.00302277024824272,,76.28504593964595,19.027747816340938,,103.84984272756394,76.18874888814938,25.344398158371067,95.17887227246716,39.03649277899675,17.633328893382078,,0.6904052681983657,,0.05208694676210167,0.18125754433452704,,0.08816701344623687,0.05772676347357452,0.16226867951784923,0.0034874410377400125,0.2903519853664811,0.10424892291141923,,,,0.1156,2312.0,0.57947075,0.57688284,0.62626785,0.65947866,0.5928544,0.5809091,0.62128395,0.56955194,0.49615001678466797,0.851613980293274,0.5773500204086304,0.851613980293274,0.012,12.0,0.3626196016319813,0.3614323843285434,0.36418757063418594,0.3564737766272104,0.3334408098781351,0.3575780777363838,0.332597265208806,0.3334501657190826,0.333230219447815,-0.00750855774905419,-0.009170151036714785,-0.00820495401554555,0.0019017593433804084,-0.005739226635536256,0.0014343632150296132,-0.0008273826918901415,-0.0019271162257554308,-0.0017762044303976322,0.608,0.6422728,0.51627904,0.5664474,0.5979675,0.57322836,0.55551183,0.57803035,0.4994499683380127,0.7999708757400513,0.6037001013755798,0.7999708757400513,0.016,16.0,0.3342744464675807,0.33214461182925153,0.3356994152990663,0.35009373369156593,0.3612305846841191,0.35043948146642623,0.36700966992920137,0.3671271752856456,0.36726992244437273,-0.008841636034966273,-0.009280728969678019,-0.008981172585600206,-0.008029443693342206,-0.011556082578773006,-0.008397203763083089,-0.006956918666668037,-0.007264010519879749,-0.007406723359691823,0.63467747,0.6103604,0.74963504,0.5721374,0.5252032,0.56184214,0.5703252,0.58978105,0.49779999256134033,0.8257924280166626,0.5905250608921051,0.8257924280166626,0.014,14.0,0.348447024049781,0.34678849807889744,0.3499434929666261,0.35328375515938815,0.3473356972811271,0.354008779601405,0.3498034675690037,0.3502886705023641,0.35025007094609384,-0.008175096892010231,-0.009225440003196403,-0.008593063300572877,-0.0030638421749808985,-0.00864765460715463,-0.0034814202740267378,-0.003892150679279089,-0.00459556337281759,-0.004591463895044727,0.6213387,0.62631655,0.63295704,0.5692924,0.56158537,0.5675353,0.56291854,0.5839057,2026-10-04T23:26:53.951436
29,0.6028527021408081,0.5023202896118164,0.8055382636070252,0.6028124094009399,0.8055382636070252,0.872296399307251,0.9612816754341126,2.961540319824219,0.3340260855197906,6.374178709411621,1.9899037254333496,1.0,10.0,,,,,0.40238660278320315,0.40238660278320315,,,,17.604424533081055,1.6240003002439714,0.10926209885484664,,0.09630383770381973,1.1600600836003663,0.20313136346021277,0.0008331220793525931,0.019870685179166164,2.765955464855121,,0.0021646224186100604,,76.25134593210403,19.005209637295668,,103.84270010784174,76.15208512810385,25.311489712660478,95.17425886992436,39.05642007718421,17.60440216550402,,0.6880684335520313,,0.05357644426974521,0.18313897140086835,,0.08882807650763518,0.058910267534339505,0.16439943309802157,0.003640077630010475,0.29710633701579586,0.10537879928282112,,,,0.10595,2119.0,0.590417,0.5741039,0.63789624,0.66007113,0.5858061,0.58466667,0.62039286,0.5677189,0.4964999556541443,0.8041098093986512,0.6014500260353088,0.8041098093986512,0.01,10.0,0.29755386301029474,0.29347866497820857,0.2959331474903605,0.3310814736340392,0.31347415388231403,0.33103598727392336,0.3229782744637881,0.3228951747094789,0.3229693900167135,-0.021247069650230408,-0.021961742196586614,-0.021530542252382164,-0.004807149306756738,-0.000983216295001143,-0.004759422721150028,-0.011907924780921033,-0.011879248878850984,-0.011881681841172815,0.56450003,0.62363636,0.5546512,0.60361844,0.6699187,0.5929134,0.596063,0.6037879,0.4982999861240387,0.8036865439414979,0.602850079536438,0.8036865439414979,0.011,11.0,0.3345386860791015,0.3359205537388258,0.3362893151941908,0.338237712528091,0.3484551193637235,0.338259795133711,0.3556746592189688,0.35556176255900773,0.3560996323300113,-0.011832792038128941,-0.011632585406052743,-0.011881999874143517,-0.011564719643276789,-0.008722543770418562,-0.011870362868341294,-0.010321746072141601,-0.010102483894145843,-0.010470852176565305,0.6048387,0.6171171,0.6930657,0.62366414,0.5463415,0.5548246,0.59186995,0.579927,0.4973999708890915,0.8038981766700746,0.6021500527858734,0.8038981766700746,0.010499999999999999,10.5,0.31604627454469814,0.31469960935851715,0.31611123134227564,0.3346595930810651,0.3309646366230188,0.3346478912038172,0.33932646684137846,0.33922846863424333,0.3395345111733624,-0.016539930844179675,-0.016797163801319678,-0.01670627106326284,-0.008185934475016764,-0.004852880032709853,-0.00831489279474566,-0.011114835426531317,-0.010990866386498413,-0.01117626700886906,0.58466935,0.6203767,0.62385845,0.61364126,0.6081301,0.573869,0.5939665,0.59185743,2026-10-04T23:30:49.398414
30,0.6061050891876221,0.4993175268173218,0.7988407251358032,0.6059746742248535,0.7988407251358032,0.8711792973518372,0.9600404568672181,2.892524840927124,0.3291788012504578,6.3049772994995115,1.986980232810974,1.0,10.0,,,,,0.37314091629981994,0.37314091629981994,,,,17.575328143310546,0.8107064961174735,0.05066882254230303,,0.046611091467384305,1.193236821775983,0.19293659382090447,0.00047700888623526487,0.015301385821750875,2.5593283840805103,,0.0011238881793853035,,76.214569043202,18.97990650735843,,103.83157990085091,76.11517834511532,25.277519833510087,95.17204022255673,39.03175033277767,17.5753053069874,,0.6866289904922437,,0.05417533482241023,0.1846447624028868,,0.08937720636463468,0.06014228932512034,0.16618864579944853,0.003665221162484425,0.29993162451276356,0.10675080927314272,,,,0.1031,2062.0,0.5761628,0.57335883,0.6231379,0.67867297,0.59610593,0.5879798,0.6378088,0.57307535,0.5035999417304993,0.8296034641265869,0.5885999798774719,0.8296034641265869,0.012,12.0,0.23295120854518253,0.23522491289160619,0.23170467357731042,0.31967054714232385,0.3041907364998223,0.3194114024548203,0.33118426462245937,0.3313329204748832,0.3311831104448349,0.01452322833653134,0.015854937991654626,0.014967631114995295,0.015207308169365146,0.019233854220850177,0.014968070761305878,0.011410327501774701,0.011423606923201261,0.01124900827146511,0.585,0.60727274,0.51434106,0.60263157,0.66382116,0.54330707,0.6,0.594697,0.4984000325202942,0.8093115258216858,0.5995500087738037,0.8093115258216858,0.014,14.0,0.3289805417115194,0.3271331151593364,0.32925766124875117,0.371505968099863,0.3581729521437609,0.3716781479082925,0.37302052312964057,0.3731985276697787,0.3728395132195997,-0.016392472272582666,-0.016534600061386077,-0.016544268110948026,-0.019642404861825523,-0.02232425054664841,-0.020012664663050194,-0.012638333588858616,-0.01272229902707237,-0.013008732235165216,0.59435487,0.59864867,0.6813868,0.61564887,0.55243903,0.55833334,0.59308946,0.59014595,0.5009999871253967,0.8194574949741363,0.5940749943256378,0.8194574949741363,0.013000000000000001,13.0,0.280965875128351,0.2811790140254713,0.2804811674130308,0.34558825762109346,0.3311818443217916,0.3455447751815564,0.35210239387604997,0.3522657240723309,0.3520113118322173,-0.0009346219680256632,-0.0003398310348657254,-0.0007883184979763655,-0.0022175483462301884,-0.0015451981628991172,-0.002522296950872158,-0.0006140030435419575,-0.0006493460519355542,-0.0008798619818500527,0.58967745,0.6029607,0.5978639,0.6091402,0.6081301,0.55082023,0.59654474,0.5924215,2026-10-04T23:34:44.630915
31,0.6053372621536255,0.4994252920150757,0.8012047595024109,0.6056174635887146,0.8012047595024109,0.8657229348182678,0.9539778381347657,2.6988191612243653,0.3285837860584259,6.351540867614746,1.9631655391693115,1.0,10.0,,,,,0.3747232956409454,0.3747232956409454,,,,17.5464202545166,1.9637211996700117,0.11853500979375628,,0.09969479868938898,1.1776017709902138,0.20596560188064908,0.0007934188774258943,0.018491361023276854,2.7069049208027542,,0.0021878751660296754,,76.17792982356563,18.95936618489065,,103.82376302731265,76.07816781208014,25.245227813720703,95.16833957745011,39.03750330931062,17.546398041354625,,0.6744661968984421,,0.054843772060362395,0.1868400199777761,,0.09011709419595208,0.06120261137083078,0.1686157118173162,0.0038154472605841363,0.3052789844145441,0.10839079515000058,,,,0.10815,2163.0,0.5756416,0.5733186,0.6298732,0.67296606,0.59439254,0.5932121,0.6392669,0.5647454,0.5035500526428223,0.8286134543418884,0.5883999466896057,0.8286134543418884,0.009,9.0,0.23375441434300226,0.23457634123293053,0.23634114510546078,0.2762776558756902,0.29298439081845956,0.28489388189923626,0.2735343747355409,0.2735605458863699,0.27351145265680243,-0.03158408667592444,-0.030283947352791066,-0.03072608730252779,-0.03112170821569336,-0.02839397557960433,-0.03151604876202021,-0.03155685306715614,-0.03122442660208436,-0.031314198724594566,0.59400004,0.6313637,0.5589147,0.5756579,0.61260164,0.5661417,0.5807087,0.5981061,0.5055500268936157,0.7988998270034791,0.6075499057769775,0.7988998270034791,0.012,12.0,0.3213991459294365,0.317131858770362,0.3217379368384219,0.36723156213990077,0.3704642446169038,0.3672093902297052,0.37459161732265556,0.3742706535698098,0.3746102369274868,-0.014438930995958311,-0.014054938244882905,-0.014643781510745097,-0.012822554363305101,-0.012133548263449236,-0.012829212243263059,-0.010567754836496801,-0.010625011603333403,-0.010567621421676433,0.6278226,0.62342346,0.7416058,0.5961832,0.5382114,0.56184214,0.5735773,0.5839416,0.504550039768219,0.8137566406726837,0.5979749262332916,0.8137566406726837,0.010499999999999999,10.5,0.2775767801362194,0.27585410000164623,0.27903954097194134,0.3217546090077955,0.3317243177176817,0.32605163606447074,0.3240629960290982,0.32391559972808986,0.3240608447921446,-0.023011508835941375,-0.022169442798836987,-0.022684934406636444,-0.02197213128949923,-0.020263761921526784,-0.022172630502641635,-0.02106230395182647,-0.02092471910270888,-0.020940910073135498,0.6109113,0.6273936,0.65026027,0.5859206,0.57540655,0.5639919,0.57714295,0.5910238,2026-10-04T23:38:40.373569
32,0.6077898144721985,0.4989296793937683,0.7992328907966614,0.6078550219535828,0.7992328907966614,0.8759046857833862,0.9652908921241761,2.905136856460571,0.3150595208644867,6.8194643440246585,1.9942818874359132,1.0,10.0,,,,,0.42583778228759767,0.42583778228759767,,,,17.51863935852051,1.2427403022042791,0.08851732165703942,,0.05921034698906966,1.1092709181415048,0.3118382978970837,0.0004895864829705037,0.012588653241871459,4.277479897069323,,0.0011315441016409218,,76.14111328125,18.94023163910884,,103.81895422479909,76.04196458561405,25.215122757443957,95.16752784874788,39.003933244450074,17.518617338435664,,0.6902448105963932,,0.0555354253549105,0.18994780387848045,,0.09124843263702029,0.06228499021974339,0.17127779524797088,0.003857377972928392,0.30719153782364667,0.11010345318325006,,,,0.09935,1987.0,0.5827386,0.57168746,0.6485143,0.675,0.59195876,0.5898384,0.6360065,0.56537676,0.4955500364303589,0.8317661666870118,0.5920999646186829,0.8317661666870118,0.017,17.0,0.3531911499016303,0.3512297902136835,0.35643094019320937,0.37120528169784384,0.3781748735911168,0.37117013580992914,0.35479306990968285,0.35484091234252485,0.35478159707875206,-0.011305979634924747,-0.011134981051086418,-0.011183727768355975,-0.0014053519316529364,-0.0011913669191733576,-0.001382313916471622,-0.003620150305197552,-0.003570412590589668,-0.0035468627897972758,0.60150003,0.6445455,0.5387597,0.5792763,0.6069106,0.5917323,0.5822835,0.6041667,0.508400022983551,0.8173593211174012,0.598550021648407,0.8173593211174012,0.018,18.0,0.3644121897526813,0.36341033354184377,0.3679631277847935,0.40107202961449034,0.3966700160965937,0.3987433349281954,0.392220205184787,0.39191035341498154,0.39185470058594185,-0.00366885185011217,-0.00390664301864815,-0.0035287280187007667,-0.0030925252284575927,-0.0021557749667215674,-0.0033538895906784624,-0.0024597576071086398,-0.0023400406047053785,-0.0025522508263437346,0.6205646,0.61171174,0.70547444,0.58549625,0.5398374,0.56096494,0.5731707,0.580292,0.501975029706955,0.8245627439022065,0.5953249931335449,0.8245627439022065,0.0175,17.5,0.3588016698271558,0.35732006187776366,0.36219703398900144,0.3861386556561671,0.38742244484385524,0.3849567353690623,0.3735066375472349,0.3733756328787532,0.37331814883234693,-0.007487415742518459,-0.007520812034867284,-0.007356227893528371,-0.0022489385800552645,-0.0016735709429474624,-0.0023681017535750423,-0.0030399539561530957,-0.0029552265976475235,-0.003049556808070505,0.6110323,0.62812865,0.62211704,0.58238626,0.57337403,0.57634866,0.5777271,0.59222937,2026-10-04T23:42:36.105454
33,0.6075048446655273,0.5019324421882629,0.7990572035789489,0.6072496771812439,0.7990572035789489,0.8752470867156983,0.9645602206230164,2.9627130474090575,0.3129924829721451,6.658215578460694,1.9847403402328492,1.0,10.0,,,,,0.4631757089138031,0.4631757089138031,,,,17.491320700073242,1.261743703329117,0.09127940401801199,,0.07035273172785854,1.1026128819034358,0.3065328202240027,0.000547105343621239,0.014101805991439778,4.493609483834285,,0.001410361789109461,,76.10343277074729,18.919153177054824,,103.80990897014642,76.00525189053481,25.18156974938265,95.16847233863393,38.987119541046724,17.491298687685827,,0.6854048777537741,,0.056105739490431586,0.19201987317413283,,0.09186333228068747,0.06327500407862816,0.1731805032605578,0.003949621140624687,0.3104980815747741,0.11121317008688192,,,,0.0973,1946.0,0.5778068,0.58288366,0.64425516,0.6689376,0.5901869,0.596101,0.631612,0.56472504,0.5049999952316284,0.835482617855072,0.5878000855445862,0.835482617855072,0.013,13.0,0.38376298961701444,0.38334627264966054,0.38539839638632806,0.3578842078099222,0.34869654488373863,0.3578842078099222,0.3578842078099222,0.3578842078099222,0.3578842078099222,-0.007453746052553577,-0.007778450080958518,-0.007718774882295849,-0.01182898445265703,-0.012161221629726838,-0.01182898445265703,-0.01182898445265703,-0.01182898445265703,-0.01182898445265703,0.63,0.66545457,0.5763566,0.5513158,0.58943087,0.572441,0.5366142,0.6068182,0.5044500231742859,0.7991996722221375,0.6079999804496765,0.7991996722221375,0.019,19.0,0.37926762249052504,0.375669373302829,0.3807974829163149,0.3736070886208662,0.3776418173567992,0.3760799552993149,0.3683838938303242,0.369752432936062,0.36782667813038544,-0.00046942720635194775,-0.0007637932812703139,-0.00042122953966102866,-0.0037024127470729447,-0.005464629698820748,-0.0028018928432570404,-0.0016615629962317639,-0.0016112897183087904,-0.001654250774467917,0.6524194,0.63693696,0.7722628,0.57404584,0.5186992,0.56008774,0.5581301,0.57737225,0.5047250092029572,0.8173411450386048,0.5979000329971313,0.8173411450386048,0.016,16.0,0.3815153060537697,0.37950782297624475,0.38309793965132144,0.36574564821539424,0.3631691811202689,0.36698208155461853,0.3631340508201232,0.3638183203729921,0.3628554429701538,-0.003961586629452762,-0.004271121681114416,-0.004070002210978438,-0.007765698599864987,-0.008812925664273793,-0.007315438647957036,-0.006745273724444397,-0.006720137085482911,-0.0067416176135624735,0.6412097,0.65119576,0.67430973,0.56268084,0.55406505,0.5662644,0.5473721,0.59209526,2026-10-04T23:46:31.553330
34,0.6090524196624756,0.5014523863792419,0.7960815508842468,0.6085773706436157,0.7960815508842468,0.8767748718261719,0.9662577622413635,3.0033687271118166,0.31744489934444425,6.874584059906006,1.9310503772735597,1.0,10.0,,,,,0.44051769156455994,0.44051769156455994,,,,17.46317579650879,1.2215505542862377,0.08355884561552458,,0.06396023113025459,1.098030920241289,0.22555122365522537,0.0005577282497090596,0.014178641186433898,3.1688590615418306,,0.0015262866857825245,,76.06818171215664,18.888061729965695,,103.80109250013996,75.96871058956073,25.14698290976749,95.1643717577503,39.00820701744906,17.463154142829264,,0.6580412148670026,,0.05719925660141714,0.1909452230687354,,0.0925424283097504,0.06433480370576215,0.17526349738524977,0.0039693068795997625,0.31676278600267543,0.11273519490744657,,,,0.0987,1974.0,0.5857258,0.57563436,0.6515254,0.6754147,0.58615655,0.5920606,0.63404214,0.56651735,0.4977499842643738,0.8325870203971862,0.5848499536514282,0.8325870203971862,0.014,14.0,0.37157742703874774,0.37062737280528907,0.37403119978910776,0.2927900626546112,0.2972157959410543,0.293832542607947,0.29078791641424173,0.2891130645918747,0.29181575351196587,-0.02092012544496456,-0.019544463910709048,-0.020514407505944927,-0.015742307155479463,-0.015558098908430712,-0.015370602257890557,-0.0041460608688503675,-0.0035696954375307468,-0.0038770174621216417,0.5695,0.6536364,0.57209307,0.56940794,0.60487807,0.572441,0.5559055,0.59053034,0.5035499930381775,0.819484745502472,0.5932999849319458,0.819484745502472,0.019,19.0,0.29948032000478547,0.2954156022292293,0.2999648227727923,0.3346764260078566,0.3313218438878772,0.3350762710778419,0.3327862491637251,0.3310262020891698,0.33155160126713407,-0.009075291552820039,-0.010100134184232605,-0.009459276963764418,-0.0078097246758178345,-0.009694844059277827,-0.0077433770553850005,-0.004835455938066699,-0.004860332692314076,-0.004770526964310644,0.6310484,0.60720724,0.69525546,0.56717557,0.5268293,0.5605263,0.56504065,0.58321166,0.5006499886512756,0.8260358829498291,0.589074969291687,0.8260358829498291,0.0165,16.5,0.33552887352176664,0.3330214875172592,0.33699801128095,0.3137332443312339,0.31426881991446576,0.31445440684289444,0.3117870827889834,0.31006963334052223,0.31168367738954994,-0.0149977084988923,-0.014822299047470826,-0.014986842234854672,-0.011776015915648648,-0.01262647148385427,-0.011556989656637779,-0.004490758403458533,-0.004215014064922412,-0.004323772213216143,0.6002742,0.6304218,0.63367426,0.5682918,0.5658537,0.5664836,0.5604731,0.586871,2026-10-04T23:50:26.903290
35,0.6113421320915222,0.5011650919914246,0.7888777415275574,0.6116420030593872,0.7888777415275574,0.8766442569732666,0.9661126339912415,2.9235664264678953,0.3147868241548538,6.99245855178833,1.9553301427841188,1.0,10.0,,,,,0.41730646405220034,0.41730646405220034,,,,17.43500618286133,1.7680040348356791,0.10121656071404321,,0.07304161388254991,1.1517184744974611,0.2141443788768,0.00047130448768541194,0.012292186287676643,3.250871866371981,,0.0012340542580899939,,76.03250928745149,18.86320335242399,,103.79211080757676,75.93246814703485,25.112300982141193,95.16146636768511,39.000587050322515,17.43498336889182,,0.6705374197595438,,0.0581413527630317,0.19257918797480833,,0.09322930212802948,0.06550240246163812,0.177216055097094,0.004045943625769608,0.32075198099112057,0.11494777413310518,,,,0.09885,1977.0,0.58544505,0.5781917,0.6474841,0.68706554,0.5898754,0.59181815,0.6363305,0.5753768,0.49510008096694946,0.8193877949714661,0.5927000045776367,0.8193877949714661,0.019,19.0,0.3098124710079282,0.3080761192301486,0.31075603627072956,0.3440714006711828,0.33302119425600013,0.3443006369419533,0.3508564616805821,0.3520663349144925,0.35261102870109157,-0.0022007357780123326,-0.0010245138095166986,-0.0015894617611092743,-0.002624259870948927,0.0028746029865432676,-0.001819118209886212,-0.0008546278743818521,7.227710259923716e-05,-0.0008026670077615594,0.56600004,0.63545454,0.5476744,0.5858553,0.6345529,0.5929134,0.55275595,0.62840915,0.5060499906539917,0.8032353858947754,0.6010000109672546,0.8032353858947754,0.018,18.0,0.2751481308107058,0.2716447223096032,0.2775549284125471,0.35175142679920357,0.36277059866645056,0.36033589753603307,0.32785432682230997,0.32839825245845566,0.3287220595322739,-0.013803057166122863,-0.013471212370038463,-0.013764434867303924,-0.010955479184505804,-0.014000170414592046,-0.010969125033752799,-0.013693890329417556,-0.013396680105057093,-0.013396717270721097,0.6395162,0.60945946,0.7233577,0.58625954,0.51585364,0.5758772,0.5682927,0.5777372,0.5005750358104706,0.8113115904331207,0.5968500077724457,0.8113115904331207,0.0185,18.5,0.292480300909317,0.2898604207698759,0.29415548234163835,0.3479114137351932,0.3478958964612253,0.3523182672389932,0.339355394251446,0.3402322936864741,0.34066654411668273,-0.008001896472067598,-0.0072478630897775806,-0.007676948314206599,-0.006789869527727366,-0.005562783714024389,-0.006394121621819506,-0.007274259101899704,-0.006662201501228928,-0.007099692139241328,0.6027581,0.622457,0.63551605,0.5860574,0.5752033,0.5843953,0.56052434,0.6030732,2026-10-04T23:54:22.373075
36,0.6116999983787537,0.5015602707862854,0.7875012234687805,0.612030029296875,0.7875012234687805,0.8644350259780884,0.952546820640564,2.69556082572937,0.2808591181755066,6.357901200103759,1.9754894874572755,1.0,10.0,,,,,0.37886288299560544,0.37886288299560544,,,,17.405594165039062,1.194646325941156,0.0625555938492369,,0.053619060658695546,1.141117908392742,0.1832829823681883,0.0005511108491909735,0.013777296131500487,2.6782590474482553,,0.0015880713028981384,,75.99608558606191,18.842223951011707,,103.7863358418653,75.89608769507925,25.078215240672897,95.16170953641272,38.990406643812825,17.405570765209806,,0.6807597154264997,,0.0588746436984296,0.19517764392172454,,0.09394841266285842,0.06665477597979223,0.17894294677646297,0.004192783728621568,0.32436477036992456,0.11631116185598313,,,,0.10905,2181.0,0.5872494,0.5838099,0.6465531,0.68278044,0.5877531,0.5909495,0.63748485,0.57833,0.5035499930381775,0.8121158804893494,0.596750020980835,0.8121158804893494,0.018,18.0,0.20806827087132598,0.20764261839501771,0.21216360391401876,0.26649985297172246,0.2629345730296973,0.2664816196177252,0.268650378414742,0.26873521190816957,0.268650378414742,-0.005034668131818219,-0.0047573697997519765,-0.004296237390552276,-0.0005568455485638935,0.005167139815332627,-0.0006003074744212564,0.005199705849944779,0.005213729787981695,0.005199705849944779,0.5745,0.64818186,0.5472868,0.5983553,0.6784553,0.58385825,0.5358268,0.6121212,0.4967999756336212,0.7987621951103211,0.6043499112129211,0.7987621951103211,0.019,19.0,0.314727643787998,0.31110426780861355,0.31571951349175176,0.34682555263693965,0.3515785888413483,0.34493300829997003,0.3656491139978327,0.3659910921138404,0.36437946770463053,-0.011100425278756142,-0.012189389922602769,-0.012249591262840531,-0.010126253646581235,-0.009207291058749668,-0.011564604859319,-0.008606294362989637,-0.009423479062134074,-0.010071898857065623,0.63145167,0.5900901,0.7124087,0.6301527,0.5223577,0.552193,0.59837395,0.5810219,0.5001749843358994,0.8054390377998353,0.600549966096878,0.8054390377998353,0.0185,18.5,0.261397957329662,0.25937344310181565,0.26394155870288527,0.30666270280433106,0.30725658093552277,0.30570731395884765,0.31714974620628733,0.31736315201100496,0.31651492305968626,-0.008067546705287181,-0.008473379861177372,-0.008272914326696404,-0.0053415495975725645,-0.0020200756217085203,-0.006082456166870129,-0.001703294256522429,-0.0021048746370761896,-0.0024360965035604217,0.60297585,0.619136,0.62984776,0.614254,0.6004065,0.5680256,0.5671004,0.59657156,2026-10-04T23:58:18.024131
37,0.6114498972892761,0.5007901787757874,0.7872476170539856,0.6118721961975098,0.7872476170539856,0.8594802107810974,0.9470414772987366,2.6062176401138304,0.28493227491378786,6.5091935180664064,1.9406857021331787,1.0,10.0,,,,,0.3670847088336945,0.3670847088336945,,,,17.37643935546875,1.0183595478190643,0.07316440937649103,,0.059997262083554555,1.1698084951965673,0.16538557829038733,0.0008306505491198515,0.015773698549634618,2.4705153693249273,,0.0019993301945505433,,75.95886147857472,18.822795892217357,,103.78029204933506,75.86008016015315,25.045780935105245,95.15771950885748,38.9574269823208,17.376416674085483,,0.6630520683944605,,0.059250896998271824,0.19743252607287876,,0.0948125215567601,0.06770748217963869,0.1808788082592047,0.004238018451650051,0.326308517699029,0.11806462624460269,,,,0.11605,2321.0,0.58105457,0.5816955,0.64823693,0.6906793,0.5880647,0.5888889,0.64078575,0.5740326,0.5035499930381775,0.8359833827018738,0.5859499573707581,0.8359833827018738,0.017,17.0,0.33278174444352804,0.3333056167956358,0.3347241692838567,0.36580640427907823,0.35304942370737596,0.3659155227081603,0.3715249587998352,0.3715249587998352,0.37173912320841823,0.0028219530723011086,0.003106279536418205,0.0027122727525290655,0.003294748832602273,0.007641930610432552,0.003343548768456085,0.007317870418310381,0.007317870418310381,0.0074136317251840495,0.5935,0.6618182,0.5647287,0.5595395,0.6052846,0.57598424,0.53543305,0.60833335,0.4962500035762787,0.8002258200645447,0.6044498682022095,0.8002258200645447,0.02,20.0,0.36381054509682437,0.362279955874018,0.36635669271237586,0.4273134092733989,0.43044413160648476,0.42712755463505747,0.3931647099151905,0.38980965572461107,0.3883398810772901,-0.0012906273143255102,-0.0021803269360797977,-0.0016059772269089983,-0.004350602462775702,-0.006439754341504604,-0.004939401065016862,-0.007534297854664978,-0.007883740329120122,-0.008074304049926118,0.65685487,0.61801803,0.75802916,0.5828244,0.5081301,0.5535088,0.56707317,0.57554746,0.4998999983072281,0.8181046013832092,0.5951999127864838,0.8181046013832092,0.018500000000000003,18.5,0.34829614477017623,0.3477927863348269,0.35054043099811627,0.39655990677623854,0.39174677765693033,0.3965215386716089,0.3823448343575129,0.38066730726222314,0.3800395021428542,0.0007656628789877992,0.00046297630016920365,0.0005531477628100336,-0.0005279268150867144,0.0006010881344639739,-0.0007979261482803886,-0.00010821371817729868,-0.00028293495540487055,-0.00033033616237103424,0.62517744,0.6399181,0.6613789,0.57118195,0.5567073,0.5647465,0.5512531,0.5919404,2026-10-05T00:02:13.751098
38,0.6040470004081726,0.5019398331642151,0.8032258462905884,0.60410475730896,0.8032258462905884,0.8622653460502625,0.950136066532135,2.6815087898254393,0.3369004016637802,7.025278121948242,1.941249974822998,1.0,10.0,,,,,0.40677625350952146,0.40677625350952146,,,,17.348169741821287,0.7169874998307817,0.12629978055694988,,0.04471585736832445,1.1838265300556352,0.22232743305195668,0.00042018430862890166,0.011024202497462464,3.647541155291211,,0.0014699186386406505,,75.92085504228143,18.801553167355287,,103.77509439067477,75.82381376035654,25.015715289267764,95.15173446752463,38.93559680622854,17.348147118926807,,0.663106391004696,,0.059687771021750324,0.19928504336791433,,0.09572318224770249,0.06863148439272194,0.18340871288518237,0.004422672422140077,0.32906321089738494,0.11993080875865973,,,,0.1171,2342.0,0.57405776,0.56997585,0.6437797,0.6754739,0.58195096,0.59042424,0.636452,0.5591854,0.4982999861240387,0.8341583909988404,0.5857500433921814,0.8341583909988404,0.017,17.0,0.26122546700484595,0.2596320901380578,0.2626483751664597,0.3255274093475464,0.3240351225501379,0.3264554919426082,0.32335341106194565,0.3227720231319845,0.3243468780477622,-0.023844101337829122,-0.024547196630986753,-0.02448975216476027,-0.01989319844371465,-0.01983960055226022,-0.020126202594098756,-0.020061017258215935,-0.02068024374548232,-0.02045176855524863,0.557,0.6027273,0.5232558,0.5947369,0.693496,0.5744095,0.5496063,0.589394,0.49369993805885315,0.8106693758964538,0.5976501107215881,0.8106693758964538,0.021,21.0,0.3798078285558127,0.3782549134646156,0.38025306709868323,0.4416130290344185,0.4397862197720896,0.44163111462617455,0.39950217449108344,0.3991915988663495,0.399687939523005,-0.011780649472517422,-0.01184977559121054,-0.011629005433982723,-0.011611880112566786,-0.010938090196906542,-0.011548788435977978,-0.015447439678045028,-0.015518896371828983,-0.015295035599462877,0.60846776,0.5770271,0.7080292,0.63473284,0.52926826,0.5614035,0.59837395,0.54963505,0.4959999620914459,0.8224138834476471,0.5917000770568848,0.8224138834476471,0.019000000000000003,19.0,0.3205166477803293,0.3189435018013367,0.32145072113257145,0.38357021919098244,0.38191067116111377,0.3840433032843914,0.36142779277651454,0.360981810999167,0.3620174087853836,-0.017812375405173272,-0.018198486111098647,-0.018059378799371497,-0.015752539278140718,-0.01538884537458338,-0.015837495515038366,-0.017754228468130483,-0.018099570058655652,-0.017873402077355754,0.58273387,0.5898772,0.61564255,0.6147349,0.6113821,0.5679065,0.5739901,0.5695145,2026-10-05T00:06:09.601245
39,0.6097674369812012,0.5037124752998352,0.7902224879264832,0.6100978851318359,0.7902224879264832,0.8378852129936218,0.9230470297813416,2.3685525360107422,0.25376980373859404,6.334769521331787,1.866392594718933,1.0,10.0,,,,,0.3899257788658142,0.3899257788658142,,,,17.320285076904298,0.1994004822543757,0.017378334532889308,,0.012577247183405124,1.235406775383433,0.1912387664767967,0.0002873026714719547,0.008469724139364757,3.038935977562218,,0.0006654627678547334,,75.88377919774146,18.773913012948007,,103.76632807057375,75.78757578855867,24.984308327838875,95.14809684996392,38.92828497917029,17.320261499684328,,0.6240118688838497,,0.060536254529550575,0.19958430243905184,,0.09603687034101244,0.06949414089796649,0.18555439069012927,0.004481888465156221,0.3328514533817388,0.12202922240564018,,,,0.13505,2701.0,0.5665197,0.5717076,0.63106185,0.69531995,0.59571654,0.5909293,0.64918995,0.5787984,0.503600001335144,0.8354648904800415,0.5843499898910522,0.8354648904800415,0.026,26.0,0.2562690348112545,0.2523193843855383,0.25751019677560144,0.3006077792271117,0.2860572495610947,0.30178588404374995,0.29806279146780984,0.29835427759661637,0.29915460843014086,-0.02381683390547338,-0.023372998926352685,-0.02393890224811597,-0.026705467796984725,-0.031132932788864694,-0.026887567166952977,-0.023984463673212525,-0.024516988248988805,-0.02423941045037478,0.565,0.6090909,0.54147285,0.5871711,0.65731704,0.56496066,0.5665355,0.5848485,0.5056999921798706,0.8254757761955261,0.5904499888420105,0.8254757761955261,0.021,21.0,0.3401166054596372,0.3390837115343393,0.34111773016882313,0.3879152105753884,0.3973591522786593,0.3923765565195474,0.3635795791694465,0.36317942998604297,0.3633180990076826,-0.010357407872467125,-0.01008942180528371,-0.010553313584934604,-0.0009034569282147414,-0.000840757174775488,-0.0014867622376434587,-0.011270198582843652,-0.011372859691688612,-0.01134611248898628,0.6044355,0.5738739,0.6868613,0.60343516,0.5256098,0.55614036,0.59105694,0.5686132,0.5046499967575073,0.8304703333377839,0.5873999893665314,0.8304703333377839,0.0235,23.5,0.29819282013544585,0.2957015479599388,0.2993139634722123,0.34426149490125,0.34170820091987697,0.3470812202816487,0.33082118531862814,0.33076685379132964,0.3312363537189117,-0.017087120888970252,-0.0167312103658182,-0.017246107916525286,-0.013804462362599733,-0.01598684498182009,-0.014187164702298218,-0.017627331128028088,-0.017944923970338707,-0.017792761469680528,0.58471775,0.5914824,0.6141671,0.5953031,0.59146345,0.5605505,0.5787962,0.57673085,2026-10-05T00:10:05.369039
40,0.6121727824211121,0.5017601251602173,0.7844722177505493,0.6127322316169739,0.7844722177505493,0.8441971741676331,0.9300603255271912,2.461796794128418,0.2559824712276459,6.713673966217041,1.9048269571304322,1.0,10.0,,,,,0.40054227657318114,0.40054227657318114,,,,17.291974560546876,0.31885886657389867,0.0267339993225986,,0.01739700441767764,1.169909094169641,0.1844871331504576,0.0004647681209207572,0.010767001594909153,3.046117372573561,,0.001203305355467738,,75.84514836596836,18.742356184941187,,103.75348911163913,75.75115825871752,24.950044474024683,95.14638368643014,38.88793804387378,17.291949970707012,,0.6443440678772653,,0.06073330976306253,0.1991058118214273,,0.09628039308983809,0.07046297135626435,0.18712586496665978,0.004570083707499846,0.33419757910594816,0.12361818020510826,,,,0.1288,2576.0,0.5700682,0.5686065,0.6396593,0.70150083,0.601655,0.59466666,0.64556503,0.57824844,0.49929991364479065,0.8166601099967956,0.5974999070167542,0.8166601099967956,0.018,18.0,0.2844976170217641,0.2806689004457494,0.2831648958423067,0.3659844603754216,0.3655143258729175,0.3639040779000353,0.3424546885245616,0.34372194420009283,0.33856501304778935,-0.0013747279896948485,-0.0017632385567367514,-0.0017606581069907852,-0.006088134952104201,-0.005326251973266303,-0.0064509891533568705,-0.01103058355652039,-0.011735392808569807,-0.01168207236053316,0.5775,0.6054545,0.5189923,0.62269735,0.70081306,0.5807087,0.56259847,0.607197,0.5001500844955444,0.8194793982505798,0.5926001071929932,0.8194793982505798,0.019,19.0,0.30754147535481335,0.30301177158043807,0.3084420376683591,0.369866298154617,0.36869760122017176,0.36480247707831787,0.3432471739626768,0.3374462746292111,0.34237022587035476,-0.011974463955905557,-0.01289779053170534,-0.012684077948828715,-0.013140681063999593,-0.013898812105735481,-0.013939680849360831,-0.015192824149948015,-0.01572745152234147,-0.01610675746384137,0.6008065,0.5765766,0.68248177,0.6240458,0.53089434,0.54473686,0.59837395,0.56824815,0.49972499907016754,0.8180697541236877,0.5950500071048737,0.8180697541236877,0.0185,18.5,0.29601954618828874,0.2918403360130937,0.29580346675533287,0.36792537926501934,0.3671059635465446,0.36435327748917656,0.3428509312436192,0.340584109414652,0.34046761945907206,-0.0066745959728002026,-0.007330514544221046,-0.007222368027909751,-0.009614408008051897,-0.009612532039500892,-0.01019533500135885,-0.013111703853234203,-0.013731422165455639,-0.013894414912187266,0.58915323,0.5910156,0.60073704,0.6233716,0.61585367,0.5627228,0.5804862,0.58772254,2026-10-05T00:14:01.297271
41,0.614532470703125,0.5007224082946777,0.7817856360435486,0.6146125793457031,0.7817856360435486,0.8432810626983642,0.9290424210548401,2.4357428108215333,0.2719022464513779,6.901316111755371,1.898661749458313,1.0,10.0,,,,,0.4268880880355835,0.4268880880355835,,,,17.263501483154297,0.5890919811323665,0.03656978342736994,,0.027025493406497868,1.1893024569863726,0.21690169572355641,0.00032903227345127415,0.00920745365434344,3.821727934346837,,0.000746881398531311,,75.8082689904863,18.712531618251923,,103.74117522027082,75.71481993851388,24.91546660016297,95.14447789283315,38.84470901975207,17.263478673947084,,0.6411378330485836,,0.06117104107786896,0.19889330341937436,,0.09648701040797932,0.07141170451405701,0.1887183541515071,0.00466579738055255,0.3353470970111288,0.12519348835109906,,,,0.129,2580.0,0.57953084,0.5825413,0.6431656,0.69824255,0.6001558,0.5938182,0.6419198,0.57570267,0.5094500184059143,0.8312394895553589,0.5894999504089355,0.8312394895553589,0.023,23.0,0.22725696520149824,0.2255772571757985,0.22696428048815495,0.3443441232841676,0.34434679077218,0.34419868746692767,0.30434494329211303,0.30382607208814805,0.30349516848721164,-0.010894275070938274,-0.008999389459277404,-0.010563862237469987,-0.011647752339145282,-0.011577741330913853,-0.011792231494071374,-0.011872747954210974,-0.011921179826118587,-0.012213295678229536,0.56049997,0.6313637,0.50813955,0.59901315,0.6902439,0.5744095,0.55,0.6037879,0.4987000524997711,0.8040620665550232,0.6021500825881958,0.8040620665550232,0.024,24.0,0.2996972385591646,0.29984466686564404,0.30437733321888577,0.3761105433228746,0.38598886921725906,0.38115536345217443,0.3447114569602048,0.3473921863269838,0.3461233124186399,-0.008601543396633445,-0.009007758835246906,-0.009621398095827557,-0.004948038012854943,-0.005517585040403586,-0.006430786131492532,-0.010243067095172488,-0.010347552952451156,-0.011540381008713607,0.6310484,0.5905406,0.7007299,0.6213741,0.52642274,0.54956144,0.60406506,0.57846713,0.5040750354528427,0.817650778055191,0.5958250164985657,0.817650778055191,0.0235,23.5,0.2634771018803314,0.26271096202072125,0.26567080685352035,0.3602273333035211,0.36516782999471953,0.36267702545955105,0.3245282001261589,0.3256091292075659,0.3248092404529258,-0.00974790923378586,-0.009003574147262154,-0.010092630166648773,-0.008297895176000113,-0.00854766318565872,-0.009111508812781954,-0.01105790752469173,-0.011134366389284871,-0.011876838343471571,0.5957742,0.61095214,0.6044347,0.6101936,0.60833335,0.5619855,0.57703257,0.5911275,2026-10-05T00:17:56.896556
42,0.6090748310089111,0.4995448589324951,0.7922705583572388,0.6090222597122192,0.7922705583572388,0.8267225566864014,0.9106440846443177,2.215218461608887,0.2844042120695114,6.548504923248291,1.8667390537261963,1.0,10.0,,,,,0.4182883633136749,0.4182883633136749,,,,17.236052767944336,0.9122463239558564,0.05426711731688209,,0.05645630170760237,1.19332585896656,0.1744499575512804,0.0011472905884796433,0.017820897301552212,2.858372287575606,,0.003060141887996738,,75.77198461058792,18.68963857517121,,103.73712041575438,75.67862030806815,24.881902804040607,95.14078633496716,38.922883270652434,17.236029290849235,,0.6241845735319101,,0.061754183760684006,0.1999714924081875,,0.09753268259535929,0.07233214710548425,0.19097146420342148,0.0049160530666114794,0.3454449395085596,0.12718862019906377,,,,0.1375,2750.0,0.57097036,0.56236404,0.6255745,0.7047196,0.5919003,0.5933737,0.6471648,0.57448065,0.4909999966621399,0.8288667883872985,0.5907499194145203,0.8288667883872985,0.029,29.0,0.255746841236055,0.2475824756625862,0.2535893259131757,0.3030020876928055,0.2632822779264138,0.3004813686802524,0.3281329666155262,0.32586503600998246,0.3254066558808543,-0.010469470435021114,-0.011693243627866324,-0.011363450465908916,-0.0054977329337050655,-0.01362570672192092,-0.005776495015768866,-0.010212285071338555,-0.010831960301757223,-0.01074049098282449,0.574,0.6759091,0.58449614,0.54769737,0.596748,0.6003937,0.5464567,0.6159091,0.49960002303123474,0.8205501799583435,0.5944000482559204,0.8205501799583435,0.026,26.0,0.3019889919319147,0.2991493499237353,0.30313913479391114,0.3606962860943614,0.3548016677031607,0.36147792881355845,0.3740480906120586,0.373328472711738,0.3730020311210478,-0.01609449221145787,-0.01670571716796971,-0.016690865067312773,-0.007799049406571646,-0.004912759454540005,-0.008063322488842726,-0.008879659339255908,-0.009066855140290028,-0.009164024964703348,0.63750005,0.6130631,0.7160584,0.56603056,0.5113821,0.56008774,0.55447155,0.5846715,0.4953000098466873,0.8247084841728209,0.5925749838352203,0.8247084841728209,0.0275,27.5,0.27886791658398485,0.27336591279316075,0.2783642303535434,0.33184918689358345,0.30904197281478724,0.33097964874690544,0.3510905286137924,0.34959675436086024,0.3492043435009511,-0.013281981323239492,-0.014199480397918017,-0.014027157766610844,-0.006648391170138356,-0.009269233088230463,-0.0069199087523057964,-0.00954597220529723,-0.009949407721023627,-0.00995225797376392,0.60575,0.64448607,0.65027726,0.55686396,0.55406505,0.5802407,0.55046415,0.6002903,2026-10-05T00:21:52.436662
43,0.6136249303817749,0.4987052381038666,0.783126327419281,0.6140024662017822,0.783126327419281,0.8572897959709167,0.9446076827049256,2.5827640087127683,0.2676506911754608,7.0808717735290525,1.963457314491272,1.0,10.0,,,,,0.4290171780109405,0.4290171780109405,,,,17.20765070800781,1.7707458188116645,0.08871774428307559,,0.08014813852926514,1.2248001687086312,0.22718446602107614,0.0008500885951260822,0.014593848925985538,4.14894039615704,,0.0025986041189776624,,75.73550021420618,18.6678425612723,,103.74369948077354,75.64250275435721,24.851527961196414,95.1359791360843,39.003452689784346,17.20762947714253,,0.6744479313018216,,0.06250150746126083,0.2025725786473341,,0.09965169154534674,0.07310492251139537,0.19319277736032084,0.005183588740101476,0.3555569857548756,0.12889458523814085,,,,0.1218,2436.0,0.5759222,0.5652236,0.6245444,0.7183847,0.59491825,0.5987071,0.6535034,0.57918537,0.4942000210285187,0.8346259069442749,0.5890499353408813,0.8346259069442749,0.02,20.0,0.22950588272172337,0.22427090961918872,0.23088565453344806,0.31859138266313936,0.28927680484875445,0.3192585430318123,0.30459212523806994,0.3044003414311424,0.3042270619775137,-0.031047693160163144,-0.03226821158835218,-0.03158091964771794,-0.031642267442909044,-0.03173513121859294,-0.03173488042457825,-0.02552944024522165,-0.02601395540355935,-0.02563955160641436,0.51,0.59909093,0.6147287,0.5871711,0.6569106,0.56692916,0.55669296,0.6068182,0.5055500864982605,0.8168089346885681,0.5973500609397888,0.8168089346885681,0.019,19.0,0.3300616885815353,0.32431371027400807,0.3312220248198316,0.3830951102033897,0.3803507383344106,0.383329200236446,0.3882193551066599,0.38849629390889445,0.38810323760844057,-0.009527327686049776,-0.009891957901486562,-0.00995387763186286,-0.008330097867064781,-0.006640099436524878,-0.008876883581448131,-0.004338152543163278,-0.004521762851865026,-0.004920293908047755,0.62580645,0.5990991,0.6773723,0.601145,0.52642274,0.5710526,0.57642275,0.5908759,0.4998750537633896,0.8257174208164215,0.5931999981403351,0.8257174208164215,0.0195,19.5,0.2797837856516293,0.27429230994659837,0.2810538396766398,0.35084324643326453,0.33481377159158254,0.3512938716341292,0.3464057401723649,0.34644831767001844,0.34616514979297713,-0.02028751042310646,-0.021080084744919368,-0.0207673986397904,-0.019986182654986914,-0.01918761532755891,-0.02030588200301319,-0.014933796394192463,-0.015267859127712188,-0.015279922757231057,0.5679032,0.599095,0.64605045,0.59415805,0.5916667,0.5689909,0.5665579,0.59884703,2026-10-05T00:25:47.362276
44,0.6126497983932495,0.4969250559806824,0.7860249271392822,0.6126750707626343,0.7860249271392822,0.8694954926490783,0.9581695644378662,2.7818329524993897,0.2855402868747711,7.354335195922851,1.995423904800415,1.0,10.0,,,,,0.41149518365859983,0.41149518365859983,,,,17.180345748901367,1.0893244661663652,0.04298526874727089,,0.03636403689101623,1.286737107167578,0.24403474157213406,0.0003372550729564302,0.009252677923720923,4.682256453356166,,0.0009323791936871331,,75.69946604929153,18.645320880185267,,103.73961104860732,75.606839659867,24.81875147485429,95.13344967593054,38.998904987505284,17.18032263494601,,0.6908650041385821,,0.06288720396863427,0.2040979272810517,,0.10078167549933598,0.07403846455227797,0.195004178175501,0.005205071869359654,0.3592720743577192,0.13027863906826942,,,,0.104,2080.0,0.57514036,0.5641965,0.6247029,0.7128752,0.59610593,0.5929899,0.6513366,0.5824236,0.49660006165504456,0.8275220284461975,0.5888000130653381,0.8275220284461975,0.02,20.0,0.17457921197504747,0.1712638798745158,0.17683174559639755,0.2867347937424901,0.2690631487715177,0.2780376891186343,0.2843237693644995,0.28423609842024394,0.28510605836833763,-0.020590768167930113,-0.022031927611417937,-0.02095887007700734,-0.022440520921525934,-0.015870714848077415,-0.017358727543755028,-0.025007548550038804,-0.02516592570831562,-0.025083368345960158,0.5605,0.63909096,0.58217055,0.57236844,0.65000004,0.584252,0.5303149,0.59734845,0.49334990978240967,0.8187076587677002,0.5937499403953552,0.8187076587677002,0.016,16.0,0.26032318572220486,0.2541473663364861,0.26014567287176654,0.31475921628506454,0.29719598420746235,0.31367873316230466,0.33907648011584385,0.3373638053937486,0.33800076468167306,-0.009260761396966641,-0.010687077306429942,-0.00985198528060208,-0.013396426051911072,-0.01281530650530704,-0.013994759506031726,-0.004491664126945528,-0.005078738058001227,-0.00505050136343132,0.62903225,0.59144145,0.6788321,0.6061069,0.52845526,0.5473684,0.5821138,0.5744526,0.4949749857187271,0.8231148436069489,0.5912749767303467,0.8231148436069489,0.018000000000000002,18.0,0.21745119884862618,0.21270562310550095,0.21848870923408203,0.3007470050137773,0.28312956648949006,0.2958582111404695,0.31170012474017167,0.3107999519069963,0.3115534115250054,-0.014925764782448378,-0.01635950245892394,-0.01540542767880471,-0.017918473486718503,-0.014343010676692226,-0.01567674352489338,-0.014749606338492167,-0.015122331883158424,-0.015066934854695738,0.59476614,0.6152662,0.63050133,0.5892377,0.5892277,0.5658102,0.55621433,0.58590055,2026-10-05T00:29:42.871752
45,0.6150003671646118,0.5022351145744324,0.7795470502853393,0.6149875521659851,0.7795470502853393,0.8686646131515503,0.9572463646888733,2.765864696121216,0.2507597218990326,7.538312914276123,1.9953168130874634,1.0,10.0,,,,,0.4170309455871582,0.4170309455871582,,,,17.152217700195312,0.7035260797822314,0.033405726197528636,,0.026989665858234,1.2285819281438353,0.18883966426750656,0.00033446932354256817,0.009278442802583905,3.4311542865956666,,0.0006237510427063113,,75.66231376502165,18.625838140013872,,103.73408513160268,75.57049570265849,24.784535292607202,95.13194226307475,38.96154255472171,17.152195414160467,,0.6908102350629819,,0.06325841196783029,0.20689993992352942,,0.10146290495706971,0.07489867636542412,0.19669180472565304,0.005206158441034662,0.3607120937222888,0.13199064951793404,,,,0.1067,2134.0,0.57552123,0.57368106,0.6314382,0.7210901,0.59104365,0.5905657,0.6508708,0.5840937,0.49470001459121704,0.8151567759513855,0.5964000821113586,0.8151567759513855,0.017,17.0,0.19211431389212746,0.18781158253236444,0.19392812753334487,0.2547353170692955,0.25526836744464854,0.25521623998392096,0.25424758136522,0.25482572656886315,0.2542638057185577,-0.009770753984783902,-0.010070701964939902,-0.009149146165740616,-0.022838576163937512,-0.02268593605202231,-0.022344808497263325,-0.021940383701078793,-0.021292391875828678,-0.02141765981999142,0.58,0.6231818,0.5344962,0.606579,0.6800813,0.588189,0.53740156,0.6219697,0.4964999854564667,0.7957565116882325,0.6050500273704529,0.7957565116882325,0.019,19.0,0.35179383484291593,0.3493041626491946,0.352831628985431,0.3916795363214589,0.3813160759948098,0.3909664024147365,0.36675203202349693,0.3657724561501957,0.36508542433557534,-0.008424055048787979,-0.008436235391381169,-0.008531579790775597,-0.012837117840384044,-0.013538067227950267,-0.013954931014419579,-0.012310002982927976,-0.01242820391941264,-0.012979608638255796,0.63387096,0.5878378,0.7156935,0.6335878,0.53170735,0.55701756,0.59065044,0.5737226,0.49560000002384186,0.805456643819809,0.6007250547409058,0.805456643819809,0.018000000000000002,18.0,0.2719540743675217,0.2685578725907795,0.2733798782593879,0.32320742669537716,0.31829222171972915,0.3230913211993287,0.3104998066943585,0.31029909135952943,0.3096746150270665,-0.00909740451678594,-0.009253468678160535,-0.008840362978258107,-0.01783784700216078,-0.01811200163998629,-0.01814986975584145,-0.017125193342003384,-0.016860297897620658,-0.017198634229123606,0.6069355,0.6055098,0.62509483,0.6200834,0.6058943,0.5726033,0.564026,0.59784615,2026-10-05T00:33:38.734300
46,0.6142323613166809,0.5032574534416199,0.7807798651695251,0.6146026849746704,0.7807798651695251,0.8674936471939086,0.9559452882766724,2.696523738861084,0.26729501597881317,7.845206607818604,1.9996323955535888,1.0,10.0,,,,,0.45593568263053896,0.45593568263053896,,,,17.124303692626953,0.9419806987509891,0.05896638551686896,,0.04317564700521042,1.219656221805864,0.2013471233332233,0.0004539318626461429,0.009799465273097632,3.861783783526937,,0.0012145561081437753,,75.62473029847358,18.599295938090915,,103.72464572396248,75.53460795408601,24.74927248620683,95.13056532744389,38.92093349869843,17.124281014606453,,0.6929632391139959,,0.06361665638389101,0.20726091893994883,,0.10200890229575953,0.07578503240825264,0.19848439135369222,0.005194294924853714,0.36187816159740377,0.1336254113988512,,,,0.1049,2098.0,0.57359666,0.57074106,0.6318344,0.7122433,0.5943147,0.5969495,0.65214664,0.58346236,0.496800035238266,0.8629365162849426,0.5712500214576721,0.8629365162849426,0.017,17.0,0.20941008425961088,0.2089089005814718,0.20958201391954837,0.28004543328344267,0.28004543328344267,0.28004543328344267,0.28201139648223567,0.28200799752346745,0.2819918332266224,0.01897792902779775,0.019717149535458944,0.018754285556229797,0.021332149022415984,0.021332149022415984,0.021332149022415984,0.01991966796290474,0.01993237739676169,0.02004362224484181,0.512,0.57,0.5616279,0.59506583,0.66219515,0.5456693,0.5641732,0.54583335,0.4945499897003174,0.8327737722396851,0.5872998833656311,0.8327737722396851,0.019,19.0,0.3279938970044958,0.32442527453336323,0.3275947732279676,0.392523630577724,0.38963055301505045,0.39245170397252793,0.37198659053177574,0.3714660059809044,0.37188302367001425,-0.0016794063641625136,-0.0024792897449305413,-0.00217140341294613,-0.007088828707869495,-0.008469524849349012,-0.007483010691622454,-0.008042331198873513,-0.008478356843954897,-0.008562622713963105,0.60524195,0.58063066,0.660219,0.6187023,0.5199187,0.5614035,0.58983743,0.5532847,0.4956750124692917,0.8478551442623139,0.5792749524116516,0.8478551442623139,0.018000000000000002,18.0,0.26870199063205336,0.2666670875574175,0.26858839357375797,0.33628453193058333,0.33483799314924656,0.3362485686279853,0.3269989935070057,0.3267370017521859,0.3269374284483183,0.008649261331817619,0.008618929895264202,0.008291441071641833,0.007121660157273245,0.006431312086533486,0.006924569165396765,0.005938668382015614,0.005727010276403397,0.005740499765439353,0.558621,0.57531536,0.61092347,0.60688406,0.59105694,0.5535364,0.5770053,0.549559,2026-10-05T00:37:33.646325
47,0.614395022392273,0.5013074278831482,0.7808989720344544,0.6146973371505737,0.7808989720344544,0.8613917182922364,0.949165372467041,2.551130070114136,0.2601342561483383,7.507123768615723,1.9859035587310792,1.0,10.0,,,,,0.41875892906188966,0.41875892906188966,,,,17.097099362182618,0.5683519085691233,0.046950653481414355,,0.024336313141827253,1.2466839559518608,0.17323981830553645,0.0003249918161971112,0.009602126994638875,2.8827696421723457,,0.0008887880424301827,,75.58724606264929,18.57239766940949,,103.71946099153749,75.4990085674699,24.716094958554407,95.13090685218762,38.940038571691815,17.097078894353977,,0.686079787600572,,0.06401461495715342,0.2082631878412453,,0.1028051753617396,0.0765337684446839,0.20114495837764376,0.005342676775874036,0.36694063787247727,0.13596976069128439,,,,0.1086,2172.0,0.5734162,0.57249296,0.6310816,0.7200632,0.59487927,0.5989495,0.65550834,0.56936866,0.5113500952720642,0.8280951991081238,0.5921000242233276,0.8280951991081238,0.018,18.0,0.25509832032106255,0.250614098997056,0.253749972950118,0.304718007024551,0.2879005231875577,0.3047061125620094,0.3366180606675392,0.3366278619652612,0.3366724779093215,-0.015195963657778904,-0.01550639566554715,-0.015292584850945543,-0.02117932318987008,-0.02299145672211654,-0.02123291466144749,-0.021787532902689,-0.02177089895848888,-0.02177093703581724,0.597,0.6736364,0.6147287,0.56019735,0.6186992,0.56259847,0.52677166,0.6015152,0.4939500093460083,0.813619523525238,0.5988000631332397,0.813619523525238,0.018,18.0,0.3170886087352799,0.3148842053384443,0.31830412985097806,0.3824782427644552,0.38217778223340504,0.38244700595453074,0.38565322856761985,0.38568076408854585,0.3876441177637774,-0.009853463120777624,-0.010399421981111658,-0.010003200249085551,-0.011347753679512768,-0.012469812809496801,-0.011276165801518835,-0.0012568682374469035,-0.001326729466165626,-0.001215360662905699,0.6592742,0.60945946,0.7273723,0.58625954,0.5117886,0.55526316,0.5569106,0.5708029,0.5026500523090363,0.820857361316681,0.5954500436782837,0.820857361316681,0.018,18.0,0.2860934645281712,0.28274915216775015,0.286027051400548,0.3435981248945031,0.33503915271048135,0.3435765592582701,0.3611356446175795,0.3611543130269035,0.3621582978365494,-0.012524713389278264,-0.012952908823329404,-0.012647892550015548,-0.016263538434691423,-0.01773063476580667,-0.016254540231483164,-0.011522200570067951,-0.011548814212327252,-0.011493148849361468,0.6281371,0.6415479,0.6710505,0.5732285,0.5652439,0.5589308,0.54184115,0.58615905,2026-10-05T00:41:28.873648
48,0.6150124669075012,0.5010847449302673,0.7785175791740417,0.6156274676322937,0.7785175791740417,0.8594567193031311,0.9470153719902038,2.5561431827545165,0.2561833560705185,7.580725194549561,1.9890985595703126,1.0,10.0,,,,,0.41819965987205504,0.41819965987205504,,,,17.069853717041017,0.7095804461248362,0.035547980580999436,,0.026754705506750638,1.25460388060588,0.18910922952423428,0.00027753419406299784,0.00874941548255456,3.396139269801462,,0.0006218877033606292,,75.54995693522653,18.54809191272517,,103.70797394187588,75.46360453222967,24.68407856886554,95.13035836189415,38.92490406400839,17.069830536083053,,0.6876660589199917,,0.06425504244057237,0.20944474134475563,,0.10300770292806018,0.07742007926201365,0.20328797684733274,0.0053380538211174455,0.3697061692453494,0.13803099152768494,,,,0.1106,2212.0,0.57231355,0.56864685,0.63129956,0.7192141,0.5955802,0.601899,0.6600648,0.57431775,0.5035499334335327,0.8095100812911987,0.5983499884605408,0.8095100812911987,0.023,23.0,0.12693521331100616,0.12317600854631587,0.12781340084697274,0.20692463548836046,0.2093644446701231,0.20717632525785346,0.196616847639355,0.19528781937117862,0.196829680216297,-0.04407835858059771,-0.044106429347861915,-0.04373145770386373,-0.0435953787038458,-0.04448306061098966,-0.04299623663617468,-0.04479554754489364,-0.0445356675994481,-0.04409179433986904,0.544,0.6231818,0.5116279,0.63289475,0.73211384,0.5826772,0.5559055,0.5950758,0.49619999527931213,0.8090865454673767,0.597000002861023,0.8090865454673767,0.021,21.0,0.3130152667601688,0.31073062389214934,0.313433950753628,0.3785436443387472,0.37538006016840514,0.3789042607300373,0.39402769876586957,0.3948275684057126,0.3941117957544652,-0.009266332447555972,-0.010665925231538823,-0.010200763433151232,-0.004813509432709601,-0.00333699532934307,-0.0057196762832952995,-0.0029586773431069277,-0.0037402234702211463,-0.0037257898319469486,0.5927419,0.5572072,0.66350365,0.66488546,0.5353658,0.5605263,0.6113821,0.5744526,0.4998749643564224,0.8092983133792877,0.5976749956607819,0.8092983133792877,0.022,22.0,0.21997524003558747,0.2169533162192326,0.22062367580030037,0.29273413991355385,0.2923722524192641,0.2930402929939454,0.2953222732026123,0.2950576938884456,0.2954707379853811,-0.02667234551407684,-0.02738617728970037,-0.026966110568507482,-0.0242044440682777,-0.023910027970166364,-0.02435795645973499,-0.023877112444000283,-0.024137945534834625,-0.023908792085907994,0.56837094,0.5901945,0.5875658,0.64889014,0.6337398,0.57160175,0.5836438,0.5847642,2026-10-05T00:45:24.221386
49,0.613779604434967,0.5010300874710083,0.7831468487739563,0.6134926080703735,0.7831468487739563,0.8586473843574524,0.9461161145210266,2.521759496307373,0.27196067097187043,7.410463639068603,1.9877867319107057,1.0,10.0,,,,,0.38910794429779055,0.38910794429779055,,,,17.04124204406738,0.3196733991799366,0.02450648031885599,,0.016251415248951358,1.2510655286965098,0.22311876104420916,0.00022785600928617878,0.007195221177142137,4.108658151262126,,0.0005386984828723503,,75.51218312257414,18.524098098657692,,103.69692847379454,75.42804003672994,24.653719446461672,95.12839488618692,38.90025239689335,17.041220573862645,,0.6870318829633628,,0.06462792468488596,0.2108848322728637,,0.10338887543814956,0.0781631253802093,0.20549981258097727,0.00536245498272359,0.37184176855026535,0.13973984710729806,,,,0.11045,2209.0,0.57203287,0.56196135,0.61111337,0.7289692,0.5985203,0.600202,0.6625355,0.57081467,0.4931999444961548,0.8192779865264893,0.5946999788284302,0.8192779865264893,0.02,20.0,0.1280146339160142,0.12467044655537367,0.12712786494185344,0.24082338647397541,0.24082338647397541,0.24081544801568752,0.2572628368687181,0.257513022907368,0.2572497111829588,-0.014633805507612126,-0.014269502918012586,-0.014853903082363486,-0.012223320645007692,-0.012223320645007692,-0.012202529327287711,-0.016733219718047816,-0.016431611802385886,-0.016695919902663583,0.499,0.52090913,0.503876,0.6789474,0.8089431,0.56299216,0.57362205,0.57159096,0.5016999840736389,0.8193054060935974,0.5935500264167786,0.8193054060935974,0.016,16.0,0.3166861823915838,0.3110656893210356,0.31755303684628383,0.38546001231393656,0.39081480466067303,0.38265154035266263,0.40762062188415193,0.40505067149667845,0.4077120266622538,-0.006837868431827831,-0.0076769728838167245,-0.0070723934898673825,-0.006453156761401523,-0.009837042927728553,-0.007842979335602475,-0.0031619206083722444,-0.0036256194734364013,-0.0034586781847420226,0.5407258,0.5472973,0.5518248,0.7347328,0.5573171,0.59692985,0.647561,0.5667883,0.49744996428489685,0.8192916963100434,0.5941250026226044,0.8192916963100434,0.018000000000000002,18.0,0.222350408153799,0.21786806793820465,0.22234045089406862,0.313141699393956,0.31581909556732424,0.31173349418417506,0.332441729376435,0.33128184720202325,0.3324808689226063,-0.010735836969719978,-0.010973237900914656,-0.010963148286115434,-0.009338238703204608,-0.011030181786368123,-0.010022754331445092,-0.00994757016321003,-0.010028615637911143,-0.010077299043702803,0.5198629,0.5341032,0.5278504,0.7068401,0.6831301,0.579961,0.61059153,0.56918967,2026-10-05T00:49:19.893013
50,0.6038923859596252,0.5010650157928467,0.8023161478996277,0.6039102077484131,0.8023161478996277,0.8533917909622193,0.9402765567779541,2.450732961654663,0.3270655268907547,6.904656825256348,1.9863139617919923,1.0,10.0,,,,,0.3575088438510895,0.3575088438510895,,,,17.014673651123047,0.7536044138465907,0.055948872793581524,,0.0402236669305801,1.3554893181582166,0.1775960003494457,0.0006023316861391304,0.01201231521702591,2.9964079505698695,,0.0013719677215263731,,75.47457871163726,18.48912460181364,,103.68629523599223,75.39292936871766,24.622237515297666,95.12798294747711,38.897376358129414,17.01465490061766,,0.6862500955344765,,0.0651304560007563,0.2100544194127344,,0.10394894625920399,0.07897839624031334,0.20764218299252213,0.005515828485464214,0.37545773026290213,0.14160430032736177,,,,0.11285,2257.0,0.54747397,0.55394685,0.56705624,0.7247235,0.6033294,0.5995152,0.66622114,0.56743383,0.4981999695301056,0.8245062022209168,0.5913000702857971,0.8245062022209168,0.024,24.0,0.2490533785470277,0.24892002432960902,0.24969335318561128,0.26766741087037454,0.26766741087037454,0.2676644834351376,0.30116752508262384,0.3011364302135596,0.30116752508262384,0.034018739368849034,0.0337535192969636,0.0338277560754925,0.026395482412645468,0.026395482412645468,0.026402759697501214,0.037873319623449184,0.03788010035036394,0.037873319623449184,0.5495,0.51409096,0.5120155,0.64901316,0.7731707,0.5870079,0.5401575,0.58219695,0.5066500306129456,0.8370257186889648,0.5844000577926636,0.8370257186889648,0.024,24.0,0.2965721001232104,0.2918123527995706,0.29524917933554173,0.33843358856459366,0.33251897279117926,0.33751889068130403,0.3603777852209473,0.359605442055584,0.3596572022863134,-0.015134797425110131,-0.015354262403613777,-0.015160086163950174,-0.020221213855685524,-0.020670844305170362,-0.020051231043938543,-0.015893383154382608,-0.015691104864726337,-0.01569324945392882,0.533871,0.54144144,0.5339416,0.7133588,0.5691057,0.5859649,0.6455285,0.54963505,0.5024250000715256,0.8307659604549408,0.5878500640392303,0.8307659604549408,0.024,24.0,0.27281273933511907,0.2703661885645898,0.2724712662605765,0.3030504997174841,0.3000931918307769,0.3025916870582208,0.33077265515178556,0.3303709361345718,0.33041236368446864,0.00944197097186945,0.009199628446674914,0.009333834955771163,0.0030871342784799718,0.002862319053737553,0.0031757643267813357,0.010989968234533288,0.011094497742818801,0.011090035084760181,0.54168546,0.5277662,0.52297854,0.68118596,0.67113817,0.5864864,0.592843,0.565916,2026-10-05T00:53:15.111378
51,0.6082497835159302,0.4983496069908142,0.7929996475219726,0.6079424023628235,0.7929996475219726,0.8606217113494873,0.9483098055839538,2.509171738433838,0.2984066384315491,7.947814311981201,1.9888436388015747,1.0,10.0,,,,,0.456278622341156,0.456278622341156,,,,16.986962420654297,0.5148834643209246,0.030528189588740772,,0.020049845179910684,1.2729636514262788,0.1779303053382096,0.00028684814617680653,0.008282855302866573,2.7724148564657587,,0.0009031122599307234,,75.43739459772779,18.471298266368308,,103.6808315690156,75.35829648546353,24.594773189277404,95.1233511760736,38.946312509524596,16.986940286721392,,0.6875217059615312,,0.06618328439961572,0.212373015986886,,0.10483243952321399,0.0798846656919285,0.20995095675917946,0.005617628760849405,0.3823825473998003,0.14362078231231423,,,,0.111,2220.0,0.5340618,0.5471406,0.57666403,0.74302924,0.60994935,0.60806066,0.67251927,0.57016295,0.5038500428199768,0.8417357482910156,0.5823500156402588,0.8417357482910156,0.018,18.0,0.2256548459525166,0.22447621069277246,0.22592216276609225,0.25290015685281836,0.25290015685281836,0.25290015685281836,0.29146768281528396,0.29135573644320684,0.29146768281528396,-0.0027794545313882192,-0.0026436473261227623,-0.002528290482041658,-0.009395381836168696,-0.009395381836168696,-0.009395381836168696,-0.002051310022878871,-0.002039536079352756,-0.002051310022878871,0.54800004,0.5031818,0.518217,0.63717103,0.7410569,0.553937,0.5665355,0.5685606,0.4969000220298767,0.8137427973747253,0.5953001379966736,0.8137427973747253,0.017,17.0,0.28660982583230177,0.28364167770302456,0.2867622085711979,0.28327244868076734,0.2764530559623758,0.28183495850820234,0.34220772718816433,0.3424779153768969,0.3417464997019809,-0.009939161091592156,-0.010661816450391947,-0.010879227220358622,-0.008299469635324656,-0.008168599796604786,-0.009343924255559863,-0.010660414641868222,-0.011303268523211375,-0.011969883005198856,0.56169355,0.5837838,0.6029197,0.6759542,0.55203253,0.5995614,0.6170732,0.5660584,0.5003750324249268,0.8277392728328705,0.5888250768184662,0.8277392728328705,0.0175,17.5,0.2561323358924092,0.25405894419789854,0.2563421856686451,0.26808630276679285,0.26467660640759705,0.26736755768051035,0.31683770500172415,0.3169168259100519,0.3166070912586324,-0.006359307811490187,-0.006652731888257355,-0.0067037588512001405,-0.008847425735746676,-0.008781990816386741,-0.00936965304586428,-0.0063558623323735465,-0.006671402301282065,-0.007010596514038864,0.55484676,0.5434828,0.56056833,0.6565626,0.6465447,0.5767492,0.5918043,0.5673095,2026-10-05T00:57:10.936490
52,0.6124051809310913,0.4994199573993683,0.784824481010437,0.6122097969055176,0.784824481010437,0.8576148202896118,0.9449688180923462,2.4116920557022095,0.27063859467506407,8.490637935638429,1.9943907119750977,1.0,10.0,,,,,0.4855155800819397,0.4855155800819397,,,,16.959536349487305,1.6865675094460322,0.06579957898297632,,0.05460679020204694,1.271822581245641,0.17442529550071356,0.0009503961481160638,0.014176647144719768,2.4277632102655,,0.0019198611038877885,,75.40062242252812,18.462440685102134,,103.67648184223539,75.32253095298816,24.564476900039963,95.11919145523363,39.00168648495036,16.95951499453016,,0.6903326944181114,,0.06657888673862834,0.21599767247962345,,0.10578859777777058,0.0806124692509888,0.21246144099599995,0.00561523636814895,0.39006098839128095,0.1452215093715935,,,,0.11255,2251.0,0.54665196,0.5695731,0.58958,0.7262046,0.60307634,0.59826267,0.6708789,0.59224033,0.4955000579357147,0.8276816692352295,0.5875999927520752,0.8276816692352295,0.019,19.0,0.2716848181476763,0.264923020854526,0.2700018283982379,0.3557686487347957,0.3409071860046807,0.35377646927092676,0.3572320895565863,0.35541902678427606,0.35559623181329736,-0.022468011985050895,-0.024406829389002734,-0.023391583703541705,-0.016867885914986197,-0.01901093341865577,-0.017776070796572868,-0.005767565730603177,-0.00652106570925335,-0.006561987456195895,0.584,0.52272725,0.5178295,0.6154606,0.7191057,0.56456697,0.55,0.6162879,0.5014501214027405,0.8025111532211304,0.6032999753952026,0.8025111532211304,0.021,21.0,0.3535112749897137,0.34861698046805745,0.35302998033105876,0.37868266301365355,0.3864410699840441,0.3761755520001306,0.39120448179058653,0.3900601858700579,0.3875703417399921,0.016497318744845987,0.01573392625298551,0.01519787481097051,0.014009697439137658,0.009550014765447394,0.011879284032123433,0.014763831616576803,0.013937552964435421,0.012349492854686832,0.5895161,0.62027025,0.65948904,0.6599237,0.5313008,0.5728071,0.60284555,0.5821168,0.4984750896692276,0.81509641122818,0.5954499840736389,0.81509641122818,0.02,20.0,0.312598046568695,0.30677000066129173,0.3115159043646483,0.3672256558742246,0.3636741279943624,0.36497601063552865,0.3742182856735864,0.37273960632716696,0.37158328677664476,-0.0029853466201024536,-0.004336451568008612,-0.0040968544462855975,-0.0014290942379242694,-0.004730459326604188,-0.0029483933822247177,0.004498132942986814,0.0037082436275910355,0.0028937526992454683,0.586758,0.57149875,0.5886593,0.6376921,0.62520325,0.568687,0.5764228,0.59920233,2026-10-05T01:01:07.537853
53,0.6132926344871521,0.4974702000617981,0.7819900868415832,0.6134724617004395,0.7819900868415832,0.8562843215942383,0.9434904865264893,2.4946128555297853,0.24564891533851624,8.220135969543456,1.9999623641967774,1.0,10.0,,,,,0.45395697689056397,0.45395697689056397,,,,16.93257651977539,0.9256000028089709,0.07460308699015154,,0.045686525112139595,1.2631125807002852,0.20309401070995695,0.00033047704872245915,0.008208812008297463,2.7864915582404772,,0.0007217611426278184,,75.36600557558096,18.445660548604977,,103.67457565987945,75.28700095984587,24.534380700178207,95.11868704048692,38.98255609402991,16.93255295723107,,0.693128451040596,,0.06724059192617987,0.21818640790167887,,0.10695495100537683,0.08135607193230064,0.21520532050709815,0.005666212525788196,0.3925689119062606,0.14728800221613259,,,,0.11305,2261.0,0.5464114,0.56963354,0.6074683,0.7271722,0.59439254,0.6020404,0.6688538,0.59063137,0.4932999312877655,0.8329653115272522,0.586150050163269,0.8329653115272522,0.017,17.0,0.2614267798693681,0.2584124238256986,0.26201234887010905,0.3050200465004943,0.3029217865940699,0.30490336584366257,0.32567244844802795,0.3256576963036717,0.3256222329720648,-0.009748204760997753,-0.009718248953225076,-0.009637794618417805,-0.016231410641217105,-0.013981110776488186,-0.01629399393991416,-0.015826605422592985,-0.015844335538101748,-0.01594261980538297,0.591,0.5581818,0.5120155,0.6029605,0.7077236,0.57755905,0.5370079,0.6011363,0.5125500559806824,0.7868399977684021,0.6107000112533569,0.7868399977684021,0.016,16.0,0.2953922121053238,0.2921434518700955,0.29595956727779593,0.3119488379692204,0.3040522079089297,0.31180557360150474,0.2775311598517315,0.27873669621615554,0.2768493284656626,-0.0029283857003204574,-0.003245876551210454,-0.003147493460889651,-0.0019297306811170195,-0.0033610365339575075,-0.0021847064924413557,-0.008494561729614774,-0.008477802381559105,-0.008839303001498053,0.6040323,0.6445946,0.6711679,0.6480916,0.53089434,0.5956141,0.59837395,0.58832115,0.5029249936342239,0.8099026546478272,0.598425030708313,0.8099026546478272,0.0165,16.5,0.27840949598734593,0.27527793784789706,0.2789859580739525,0.3084844422348574,0.30348699725149975,0.3083544697225836,0.3016018041498797,0.3021971962599136,0.3012357807188637,-0.006338295230659105,-0.006482062752217765,-0.006392644039653728,-0.009080570661167062,-0.008671073655222846,-0.009239350216177758,-0.012160583576103879,-0.012161068959830428,-0.012390961403440513,0.5975162,0.6013882,0.5915917,0.6255261,0.61930895,0.5865866,0.56769097,0.5947287,2026-10-05T01:05:02.275575
54,0.6179128885269165,0.4973098635673523,0.773394307899475,0.6179496645927429,0.773394307899475,0.8579611503601074,0.9453536324501037,2.5371291923522947,0.24055918736457824,7.940766525268555,1.9999959323883056,1.0,10.0,,,,,0.4403090609073639,0.4403090609073639,,,,16.90447306213379,0.4155754933881152,0.015553674949251507,,0.013895134758174561,1.2655640396342915,0.1969531673202469,0.00022557582823462506,0.006671518493728463,2.6077485631225974,,0.0003809507039407951,,75.32946461477097,18.418343076280728,,103.66343927079706,75.2517139410517,24.503008022429835,95.11571789395278,38.93340257778289,16.90444948718806,,0.693145154767735,,0.06795146235614825,0.21879437879012648,,0.1072682625359031,0.08209879952631179,0.21718606172473567,0.005658320358889118,0.39306231478976594,0.14901998373353556,,,,0.1083,2166.0,0.546251,0.56757957,0.59966326,0.7440956,0.59793615,0.6122626,0.6778453,0.59686357,0.4985499680042267,0.8341286029815674,0.5846998691558838,0.8341286029815674,0.018,18.0,0.16219027228446875,0.1541305249571041,0.16048341324597182,0.2673057999913955,0.25063827879728046,0.2673080317039029,0.27545558496614253,0.2726270144001168,0.2735567162128508,0.04340941300232702,0.0424193876559806,0.04315642852340011,0.03368345916151796,0.027384425189542382,0.033679805835220795,0.04043040367414251,0.03997558512713681,0.040711102602457756,0.5575,0.50363636,0.49728683,0.64605266,0.7504065,0.53543305,0.5570866,0.607197,0.5002999901771545,0.8086403117179871,0.599250078201294,0.8086403117179871,0.019,19.0,0.2755768412724439,0.2687117568457596,0.2754645128578815,0.29378916278544154,0.2873620938327886,0.29309413200717266,0.3271383224632999,0.32727469444734436,0.32628388751267234,0.0036842886886846917,0.0032916271123714347,0.002943349222245608,0.0019260585560242991,0.0022465220181623045,0.0009300069088106129,-0.000867980096124942,-0.0015953312720702112,-0.0016301901372855411,0.5564516,0.5882883,0.6113139,0.69007635,0.5333333,0.6048246,0.6182927,0.5854015,0.4994249790906906,0.8213844573497773,0.5919749736785889,0.8213844573497773,0.0185,18.5,0.21888355677845633,0.21142114090143185,0.21797396305192665,0.2805474813884185,0.26900018631503453,0.28020108185553777,0.3012969537147212,0.2999508544237306,0.2999203018627616,0.023546850845505857,0.022855507384176018,0.02304988887282286,0.017804758858771128,0.014815473603852344,0.017304906372015705,0.019781211789008785,0.0191901269275333,0.019540456232586108,0.55697584,0.54596233,0.55430037,0.6680645,0.6418699,0.5701288,0.58768964,0.59629923,2026-10-05T01:08:58.765417
55,0.6135051250457764,0.5032174587249756,0.7816813903808594,0.6138173937797546,0.7816813903808594,0.8667561971664429,0.9551259022712707,2.778852729797363,0.25321280744075775,8.076648039245605,1.9993580425262452,1.0,10.0,,,,,0.47741337242126464,0.47741337242126464,,,,16.876084939575197,3.6770555876895408,0.10734307342323854,,0.09292355635915074,1.3178210789990272,0.2067337670855841,0.0005949646717923246,0.01152695387240001,2.649614915536467,,0.0014731332883335419,,75.29232302137241,18.394926472074665,,103.65798415651747,75.21698002906362,24.47304663688514,95.12372861242598,38.92799175772697,16.87606238103976,,0.6928245698570445,,0.06843966606316293,0.219903788179349,,0.10808238600659523,0.08298234451728262,0.2198214988419964,0.005844713162013869,0.3961840194122047,0.15103574448330387,,,,0.10445,2089.0,0.54438657,0.559706,0.6045364,0.74223936,0.5929712,0.6000404,0.6712434,0.59411407,0.49195006489753723,0.8108738584518432,0.5974999666213989,0.8108738584518432,0.011,11.0,0.28723291607715234,0.2860498902085146,0.28781288018295287,0.341287134821915,0.34218828545372343,0.34110069352152594,0.34450544467003386,0.3434881522389389,0.34433592331012863,-0.019809816359592374,-0.019720734579162943,-0.01989247969556722,-0.02415088884076111,-0.024503835026252318,-0.024294837885808475,-0.02704030370845715,-0.02688968883945607,-0.02719937652425238,0.5935,0.56545454,0.5054264,0.6444079,0.7479675,0.57204723,0.54094493,0.60189396,0.49924999475479126,0.7861543526649475,0.6101500988006592,0.7861543526649475,0.015,15.0,0.3107861813769922,0.30896873845369294,0.31171304845532266,0.35926029548165994,0.3667609812695053,0.3618987990193819,0.3511865270818098,0.351847677711715,0.35127464697010263,0.005967505085761344,0.00533761873195997,0.005468197616228537,0.0024633352943165066,0.0010299756911852581,0.0021491213329206237,0.001059084300595014,0.0011022634414292664,0.0008147538705345222,0.59112906,0.62747747,0.6569343,0.6931298,0.5357724,0.56578946,0.62967485,0.5733577,0.49560002982616425,0.7985141055583953,0.603825032711029,0.7985141055583953,0.013,13.0,0.2990095487270723,0.2975093143311038,0.29976296431913774,0.35027371515178746,0.35447463336161433,0.3514997462704539,0.34784598587592186,0.34766791497532695,0.34780528514011566,-0.006921155636915515,-0.007191557923601486,-0.007212141039669341,-0.010843776773222302,-0.01173692966753353,-0.011072858276443925,-0.012990609703931068,-0.0128937126990134,-0.013192311326858929,0.59231454,0.596466,0.58118033,0.6687689,0.6418699,0.56891835,0.58530986,0.58762586,2026-10-05T01:12:54.590121
56,0.6158273220062256,0.5015577077865601,0.7765500457763672,0.616057276725769,0.7765500457763672,0.8594650016784668,0.9470245707511902,2.6128272449493406,0.2526300607919693,7.34285165939331,1.9988645864486694,1.0,10.0,,,,,0.43324126334190366,0.43324126334190366,,,,16.848412261962892,0.42421620927608694,0.014653751445685034,,0.012833872443334953,1.3072806710650207,0.204650182395604,0.00016026753023160015,0.006677251091155752,2.6794926516569344,,0.00024328189548434274,,75.25662595906834,18.36779055018334,,103.65111522310099,75.18164908050731,24.44224424422926,95.12461527441717,38.91872833640712,16.848393227644028,,0.6925791126147957,,0.06891220176865341,0.219946263986788,,0.10858808415141075,0.08375656277320948,0.2219570612262009,0.005983913993569696,0.3990811456920235,0.15275690367647038,,,,0.10845,2169.0,0.5472534,0.5642167,0.6046752,0.74032384,0.59487927,0.60676765,0.6700081,0.59918535,0.5035999417304993,0.8270899195671082,0.5875000357627869,0.8270899195671082,0.016,16.0,0.1487466500852613,0.14779334022120624,0.15221352014352496,0.29091170305272107,0.2881641608238565,0.28883339119595947,0.24520459477396983,0.24829096723550642,0.24745130226000067,-0.006014307640205988,-0.004026938687034277,-0.005173044443533197,-0.0003499085676250551,-0.00043100495837765525,-0.0002273790925810336,-0.011948767536562876,-0.01001799719439152,-0.01032209705208007,0.5805,0.4986364,0.518217,0.64144737,0.7373984,0.51968503,0.56338584,0.6212121,0.4960499703884125,0.8059352469444275,0.5999500751495361,0.8059352469444275,0.016,16.0,0.3048060248701443,0.30198933420541196,0.30344212785218266,0.3681394175026166,0.36203909093081543,0.36020424529793377,0.3321288859847406,0.3302986364033121,0.32744752557224366,0.02364448586289609,0.022856730072913084,0.02248801167662753,0.014920031909246612,0.010956249101128515,0.013389727716093038,0.014035018143353091,0.013344136915144933,0.012208623682758605,0.56169355,0.6081081,0.6379562,0.67900765,0.52926826,0.5776316,0.6203252,0.57810223,0.49982495605945587,0.8165125832557678,0.5937250554561615,0.8165125832557678,0.016,16.0,0.22677633747770282,0.22489133721330912,0.2278278239978538,0.3295255602776688,0.32510162587733593,0.3245188182469466,0.28866674037935525,0.28929480181940925,0.28744941391612217,0.008815089111345051,0.009414895692939403,0.008657483616547166,0.007285061670810778,0.00526262207137543,0.0065811743117560025,0.0010431253033951074,0.001663069860376707,0.0009432633153392675,0.5710968,0.55337226,0.5780866,0.66022754,0.6333333,0.5486583,0.5918555,0.5996572,2026-10-05T01:16:49.736205
57,0.6147251725196838,0.4973748028278351,0.7807366820335389,0.6147675514221191,0.7807366820335389,0.8628085961341858,0.9507396779060364,2.733695640563965,0.2371266607284546,7.831874360656738,1.9997232738494872,1.0,10.0,,,,,0.46485344090461733,0.46485344090461733,,,,16.821900787353517,1.794510595654701,0.06691864170030258,,0.05122816870337542,1.2586523470984903,0.26897447876584757,0.00035008373685109956,0.00907562963462844,3.5730825383572062,,0.0009347291171443604,,75.22023248368768,18.340377248776186,,103.64437482311467,75.1464285394948,24.416035779722176,95.12148756282345,38.90049707206192,16.821880984458193,,0.6929980797372806,,0.06940195097285472,0.220637455392795,,0.10928993994832799,0.08447185903787613,0.22460555593678905,0.006000902518558844,0.40145604170052107,0.15463673166788308,,,,0.1046,2092.0,0.5500802,0.56653243,0.6094691,0.7293444,0.5980919,0.59840405,0.66697043,0.5979837,0.5048499703407288,0.8521775245666504,0.5812500715255737,0.8521775245666504,0.015,15.0,0.24255738303866403,0.24192291736358598,0.24316718988244698,0.3451060509292185,0.3408342664050069,0.34508556349756253,0.34721944831396245,0.34696586946382296,0.3468667534466127,0.05262405554424442,0.052299141810787105,0.052488215980703724,0.04610080959478444,0.03985146018300035,0.04632667662161322,0.048826187822712364,0.048863901267825166,0.04916522881530449,0.5985,0.53909093,0.5104651,0.6013158,0.7056911,0.5543307,0.5370079,0.60189396,0.5016999840736389,0.794322464466095,0.6102999448776245,0.794322464466095,0.016,16.0,0.2709719479784117,0.2687781123824981,0.2711545082968004,0.3339655979042181,0.314547311416485,0.3339537096062072,0.335004972558668,0.33546624111862855,0.33371451878748326,-0.007702641363080042,-0.007542427069452356,-0.008076667520321427,-0.004158271140844354,-0.003097768147022313,-0.004627597144199943,-0.004655920145347356,-0.00435902493053787,-0.004888746158476522,0.60040325,0.6243244,0.6678832,0.6603053,0.53170735,0.602193,0.5987805,0.59014595,0.5032749772071838,0.8232499945163727,0.5957750082015991,0.8232499945163727,0.0155,15.5,0.2567646655085378,0.25535051487304206,0.25716084908962367,0.33953582441671826,0.327690788910746,0.3395196365518849,0.34111221043631523,0.3412160552912258,0.340290636117048,0.02246070709058219,0.022378357370667373,0.02220577423019115,0.020971269226970044,0.01837684601798902,0.02084953973870664,0.022085133838682505,0.022252438168643647,0.022138241328413983,0.59945166,0.58170766,0.58917415,0.63081056,0.6186992,0.57826185,0.5678942,0.59602,2026-10-05T01:20:45.314831
58,0.616804838180542,0.49663013219833374,0.7753254075050354,0.6167125701904297,0.7753254075050354,0.860759198474884,0.9484625714302063,2.7099569763183595,0.24271408414840698,7.528899105834961,1.9877030923843384,1.0,10.0,,,,,0.4156553225040436,0.4156553225040436,,,,16.794660852050782,0.42952944981052904,0.014678855771962613,,0.012243029166896869,1.2229925280164002,0.22028518691184415,0.00014603703541278537,0.005921139902358127,2.9039348270862724,,0.00023989465331211411,,75.18482120781188,18.31407262717083,,103.63180415645526,75.11116144459719,24.387021155873683,95.11910563669387,38.88377900336199,16.7946401826895,,0.686989775508832,,0.06995034497824444,0.22160618700039614,,0.1096333037516114,0.08517814783533667,0.22672462529817206,0.006016062264134929,0.4038909497154746,0.156427670626124,,,,0.10765,2153.0,0.54324377,0.55493355,0.6006735,0.7422986,0.60786605,0.6140202,0.67343056,0.59572303,0.49664995074272156,0.8369909729957581,0.5808500647544861,0.8369909729957581,0.013,13.0,0.17025814127863184,0.16636651825205137,0.1702183325156356,0.25254404154979976,0.25667568145928465,0.2522851769622801,0.22570700794679402,0.226134646089542,0.22543024315096383,0.05076035812232887,0.05010495863103284,0.05101745284781798,0.03182300184948517,0.02847149931526831,0.032263042168992236,0.03763977381052056,0.03808861918301616,0.03819036662195889,0.5575,0.4840909,0.501938,0.6542764,0.75406504,0.5244094,0.5523622,0.5920455,0.5074499845504761,0.8045021977424621,0.6001999378204346,0.8045021977424621,0.014,14.0,0.21834206195632483,0.2125964526006869,0.21607790960003673,0.27559851096558396,0.26955251949163983,0.27161334969673445,0.3164143303462172,0.31587273458138976,0.31398282805590666,0.009135562221935269,0.008534644897389972,0.008144510985661267,-0.00214686415319603,-0.0021733783382708012,-0.0033152550731406602,0.0019391560430215143,0.0015825690370157427,0.0008642480211836722,0.5483871,0.59999996,0.6186131,0.69160306,0.53739834,0.579386,0.62520325,0.5927008,0.5020499676465988,0.82074658536911,0.5905250012874603,0.82074658536911,0.0135,13.5,0.19430010161747835,0.18948148542636914,0.19314812105783616,0.2640712762576919,0.26311410047546224,0.2619492633295073,0.2710606691465056,0.2710036903354659,0.26970653560343527,0.029947960172132068,0.02931980176421141,0.029580981916739624,0.014838068848144571,0.013149060488498754,0.014473893547925788,0.019789464926771038,0.019835594110015953,0.01952730732157128,0.5529436,0.5420454,0.56027555,0.6729397,0.6457317,0.5518977,0.5887827,0.59237313,2026-10-05T01:24:41.024484
59,0.6150200963020325,0.4973851442337036,0.777842464351654,0.6150146722793579,0.777842464351654,0.8581372436523438,0.9455492886543274,2.6492356342315673,0.2395541141986847,7.280759298706054,1.995263692855835,1.0,10.0,,,,,0.40912007884979246,0.40912007884979246,,,,16.767863775634765,0.20004260834828494,0.007012268708526471,,0.006175607489941013,1.3112061384377207,0.2160550429586582,0.00017590450482486724,0.005794606555644778,2.986993425970624,,0.0003101907048890127,,75.14868727762988,18.28643485391216,,103.6182378295121,75.07567231974025,24.354643086718905,95.11611156099161,38.84603643721076,16.767842116629243,,0.6907790880294362,,0.07059041690674557,0.22205288451947983,,0.10965641331710634,0.08600337608794498,0.228537883158702,0.005985486961806276,0.40504447309074887,0.15831519653842707,,,,0.1053,2106.0,0.5396351,0.5530004,0.5704834,0.75602293,0.61045563,0.6049495,0.68626976,0.5979226,0.4954500198364258,0.8373518180847168,0.5838500261306763,0.8373518180847168,0.012,12.0,0.1511835525177053,0.1462749799392088,0.15131508053479872,0.2751307345844105,0.28599506280698755,0.2750584521681792,0.2375291825559797,0.23745112820105574,0.23744685869133003,0.022943712362172644,0.02279623612080579,0.02308562526181947,0.02194417695706244,0.02160650202626501,0.021950915412651657,0.02448060577728376,0.024454169357115304,0.024455421531692643,0.5775,0.5040909,0.51627904,0.6335527,0.7276423,0.53149605,0.5496063,0.6132576,0.4883999824523926,0.8021909837722778,0.6039000153541565,0.8021909837722778,0.012,12.0,0.2678659665254991,0.26298492250116534,0.2676009267821878,0.3321808256907563,0.32994837246601477,0.33112267220544095,0.30174658973668783,0.30268741348444295,0.30050854577121,0.0019538951853891075,0.0009150594983508253,0.0015598822368325022,-0.0037060506008626723,-0.00396913914853791,-0.004042397227783493,-0.006280011821311668,-0.006363647359578068,-0.006569945788449411,0.57500005,0.60945946,0.65072995,0.6820611,0.5353658,0.5877193,0.6081301,0.5751825,0.4919250011444092,0.8197714009284973,0.5938750207424164,0.8197714009284973,0.012,12.0,0.2095247595216022,0.20462995122018707,0.20945800365849326,0.30365578013758343,0.30797171763650116,0.3030905621868101,0.26963788614633377,0.27006927084274934,0.26897770223127004,0.012448803773780876,0.011855647809578308,0.012322753749325987,0.009119063178099884,0.00881868143886355,0.008954259092434082,0.009100296977986047,0.009045260998768618,0.008942737871621616,0.57625,0.5567752,0.5835045,0.6578069,0.63150406,0.5596077,0.5788682,0.59422004,2026-10-05T01:28:37.401145
60,0.613884687423706,0.5001423954963684,0.7796938796043396,0.614175021648407,0.7796938796043396,0.8591123501777649,0.9466327394485473,2.657534703063965,0.24843645615577697,7.4188695289611815,1.9999966621398926,1.0,10.0,,,,,0.4194746574878693,0.4194746574878693,,,,16.74063621826172,0.6400357796721587,0.023090630815702545,,0.019898338459882956,1.3174386521813217,0.21701771934415884,0.00013987120408876235,0.005862657756360758,2.783647426564223,,0.00024141798166386305,,75.11151910283763,18.258145860805634,,103.60628222811754,75.0404835111776,24.325260502517605,95.11492778996752,38.8036666189789,16.74062647485429,,0.6931455196089046,,0.0710872636669001,0.22240321993068524,,0.10971877761897009,0.08677695126860005,0.23067283146320636,0.005999573455992968,0.405920051845016,0.16009053815701965,,,,0.10505,2101.0,0.5428829,0.5601893,0.57704043,0.75009876,0.6022002,0.5981212,0.6860875,0.59558046,0.4921499192714691,0.821485463142395,0.5924000144004822,0.821485463142395,0.012,12.0,0.3717594835420067,0.37069858306566345,0.3732984216433336,0.4251880828651165,0.41581587345955406,0.425207151550728,0.4403561963122775,0.4403678527796964,0.440216083969508,-0.008362354210835582,-0.008661379674107492,-0.008345355054122058,-0.01931583612065957,-0.022724875744075952,-0.019354858362462993,-0.008734289664620995,-0.008705137136630545,-0.008825732514663209,0.5445,0.5095455,0.54573643,0.64342105,0.75528455,0.5744095,0.5535433,0.58750004,0.49855005741119385,0.7898112139701843,0.6087000370025635,0.7898112139701843,0.012,12.0,0.35068828907753175,0.34822970709067963,0.35166520898420234,0.4369996553568115,0.4432258235292794,0.43783210707666076,0.40472895179689666,0.4043134157956223,0.4055521440384785,-0.007561978952451318,-0.008120599696427205,-0.008021612732325394,-0.00858417106715502,-0.012635532833694604,-0.008916406515189799,-0.010295086156259571,-0.010376929205430357,-0.01089588944268419,0.5907258,0.61891896,0.6310219,0.7034351,0.5402439,0.59210527,0.61951226,0.5693431,0.4953499883413315,0.8056483385562896,0.6005500257015228,0.8056483385562896,0.012,12.0,0.3612238863097692,0.35946414507817154,0.362481815313768,0.43109386911096403,0.42952084849441674,0.43151962931369436,0.42254257405458706,0.42234063428765933,0.4228841140039933,-0.00796216658164345,-0.008390989685267348,-0.008183483893223726,-0.013950003593907294,-0.017680204288885278,-0.014135632438826396,-0.009514687910440283,-0.009541033171030451,-0.009860810978673699,0.5676129,0.56423223,0.58837914,0.67342806,0.6477642,0.5832574,0.5865278,0.5784216,2026-10-05T01:32:33.150290
61,0.6149626970291138,0.5019297003746033,0.77756018409729,0.6153848767280579,0.77756018409729,0.8645472902297974,0.9526715603828431,2.710915601730347,0.23947114272117614,7.17670065536499,1.998472151184082,1.0,10.0,,,,,0.42016975121498107,0.42016975121498107,,,,16.71480461425781,3.6628811709037064,0.12344854724946414,,0.09602494643827615,1.3097361180053395,0.2560595611620481,0.0005071098313486695,0.011062562689600382,3.3435111769065737,,0.0016740109944913936,,75.07639803552324,18.24393181284522,,103.59735316379815,75.00541648135822,24.300180423031946,95.1104857815299,38.85323992200718,16.714782933520663,,0.692385288180819,,0.07200418369975059,0.2251406480931932,,0.11058688984744867,0.08749606023738339,0.233202685785901,0.006136377528903021,0.4125660676865061,0.16166622708937164,,,,0.10505,2101.0,0.5481155,0.5688683,0.58375597,0.7424961,0.6032516,0.6010505,0.67742,0.596945,0.49959999322891235,0.8403588738441468,0.5821499228477478,0.8403588738441468,0.012,12.0,0.19946483704712017,0.19857952004536006,0.20081633332232,0.2962266827742744,0.3043107642951485,0.29626817740946326,0.2643222787097142,0.2643954511744884,0.2643065587733754,0.018163239815454858,0.017565069567168596,0.018036622739158136,0.023616609528879076,0.020713629548766512,0.023616624957924087,0.018646844030341884,0.018682144829410084,0.018597935119472973,0.5775,0.5236364,0.498062,0.6289474,0.73333335,0.5342519,0.55,0.59886366,0.4973999261856079,0.7916919388771058,0.609200119972229,0.7916919388771058,0.013,13.0,0.30334509660854914,0.30063803686689555,0.30360728844469187,0.3637044249570125,0.35878012936366377,0.36248037795778615,0.35949316430207867,0.35958609145382275,0.35861987961474395,-0.004657717407463833,-0.005309097213685192,-0.0052937911408368335,-0.005837255166390847,-0.007490385082629701,-0.006817568599694452,-0.004038800623907286,-0.004238782528611472,-0.004478438161656319,0.5826613,0.6171171,0.6587591,0.6770993,0.53414637,0.59342104,0.6044715,0.5970803,0.49849995970726013,0.8160254063606263,0.5956750214099884,0.8160254063606263,0.0125,12.5,0.25140496682783464,0.2496087784561278,0.2522118108835059,0.3299655538656434,0.3315454468294061,0.3293742776836247,0.3119077215058964,0.3119907713141556,0.31146321919405967,0.006752761203995513,0.006127986176741701,0.006371415799160651,0.008889677181244116,0.006611622233068406,0.008399528179114817,0.0073040217032172994,0.007221681150399306,0.007059748478908327,0.5800806,0.57037675,0.57841057,0.65302336,0.6337398,0.56383646,0.57723576,0.597972,2026-10-05T01:36:28.951901
62,0.6179748177528381,0.5009874105453491,0.7735271199226379,0.6179476976394653,0.7735271199226379,0.8680457818031311,0.9565587733268738,2.7339551197052003,0.2715450104475021,7.411703425598144,1.999391499710083,1.0,10.0,,,,,0.4393143404006958,0.4393143404006958,,,,16.686671936035157,0.5213126176256379,0.010437032289226142,,0.010198857579832589,1.2252539700003946,0.3045656769328816,0.0001247597926295923,0.005133499050287494,3.987053169566355,,0.00010453020923375282,,75.03956555409037,18.216746640053525,,103.58693826274508,74.97017431562873,24.273520767309105,95.10663206258397,38.893535541121366,16.68664897019696,,0.6928426258882899,,0.07233530325684578,0.2256287292690034,,0.11089330622155195,0.08811227815925696,0.23564333093773787,0.006257789007797362,0.4184561312957934,0.16310227173528855,,,,0.10035,2007.0,0.542081,0.56077325,0.5920959,0.7477883,0.61265576,0.6158384,0.6780883,0.5926884,0.5001000165939331,0.8495403537750245,0.5774500370025635,0.8495403537750245,0.009,9.0,0.21257848721369127,0.21232198143587602,0.2131177196268445,0.2592332882986509,0.2551503975176801,0.2592332882986509,0.2626933505394093,0.2626902802437211,0.2626933505394093,0.01647140240059159,0.016251797509257707,0.01652439414343806,0.019351986503167756,0.021833394307235517,0.019351986503167756,0.019307817897583446,0.019302578526743875,0.019307817897583446,0.587,0.53636366,0.49651164,0.61480266,0.70975614,0.5523622,0.5303149,0.58674246,0.5139999985694885,0.8073012714385986,0.5999999642372131,0.8073012714385986,0.009,9.0,0.2572059049720835,0.25627097735142373,0.2581871838082266,0.32514489334879804,0.32539126531488827,0.3255824601680378,0.32228354864145065,0.32323373261266913,0.3226054995668848,-0.013772344962656807,-0.013926839324313734,-0.014065722688728795,-0.010554729797778547,-0.010493023394207702,-0.010628070415038604,-0.013916235912858123,-0.01408202701300893,-0.014069752573838886,0.5834677,0.60540545,0.65510947,0.6667939,0.5361789,0.58377194,0.58821136,0.5729927,0.5070500075817108,0.8284208126068116,0.5887250006198883,0.8284208126068116,0.009,9.0,0.2348921960928874,0.2342964793936499,0.23565245171753554,0.29218909082372446,0.2902708314162842,0.29240787423334436,0.29248844959042997,0.29296200642819514,0.29264942505314706,0.0013495287189673917,0.0011624790924719868,0.001229335727354633,0.004398628352694604,0.005670185456513908,0.004361958044064576,0.0026957909923626617,0.002610275756867473,0.0026190326618722804,0.58523387,0.5708846,0.57581055,0.6407983,0.6229675,0.5680671,0.5592631,0.5798676,2026-10-05T01:40:24.951362
63,0.6214624047279358,0.4988251328468323,0.7656198620796204,0.6214776039123535,0.7656198620796204,0.8670926935195923,0.9554997842788696,2.7568903606414796,0.2716191771507263,7.6237511024475095,1.9798019577026367,1.0,10.0,,,,,0.4835910089969635,0.4835910089969635,,,,16.659845251464844,1.0888093204169302,0.05030199975483631,,0.03844924311244981,1.2097390480102248,0.3099885455504724,0.00024083452739038765,0.006285261937452682,4.098692740984024,,0.0005653237549210012,,75.00231369893262,18.192742341642926,,103.58107159851463,74.93487475935821,24.244243415297976,95.105702831487,38.87615437112796,16.659822962086672,,0.6829943174769164,,0.07287622342823417,0.2269646385862569,,0.11171913479164147,0.08880225545281817,0.2374435785659559,0.006308281034895569,0.42075248926308506,0.1647336378598669,,,,0.10265,2053.0,0.55070174,0.5633508,0.5992274,0.75310034,0.60831386,0.6210505,0.6783515,0.5962933,0.4990500211715698,0.8335892748832703,0.5897001028060913,0.8335892748832703,0.018,18.0,0.19485751592567851,0.19348422253281475,0.19536945597985875,0.2689075293644926,0.26904172303333274,0.2689075293644926,0.27017755830168033,0.27059517069050887,0.27013288854886924,0.008892952586758724,0.0089132025777278,0.008987200424354969,0.019981930216862467,0.02006810966552263,0.019981930216862467,0.015680379249282648,0.01577130440288824,0.01571963639425837,0.5485,0.50545454,0.5042636,0.65921056,0.7646342,0.5444882,0.56141734,0.60227275,0.5075000524520874,0.7822570509910584,0.6179998517036438,0.7822570509910584,0.02,20.0,0.33705989542635084,0.33450226889599033,0.3372166070542608,0.4035732548528395,0.4028869836775708,0.39586810358654406,0.3769620065222468,0.3634024367568603,0.3769796284958614,0.006937556519982837,0.0063748460356620774,0.006346512035757334,0.006044131394172025,0.006016058629402152,0.004833933024706181,0.003362154483164986,0.002724942954034556,0.0027175725615386785,0.58588713,0.6108108,0.63941604,0.7152672,0.54471546,0.6219298,0.62682927,0.5930657,0.5032750368118286,0.8079231629371644,0.6038499772548676,0.8079231629371644,0.019,19.0,0.26595870567601465,0.2639932457144025,0.2662930315170598,0.3362403921086661,0.3359643533554518,0.3323878164755183,0.32356978241196355,0.3169988037236846,0.32355625852236536,0.00791525455337078,0.007644024306694939,0.007666856230056151,0.013013030805517247,0.013042084147462392,0.012407931620784324,0.009521266866223817,0.009248123678461399,0.009218604477898525,0.56719357,0.55813265,0.5718398,0.6872389,0.6546748,0.58320904,0.5941233,0.59766924,2026-10-05T01:44:20.297670
64,0.6190400123596191,0.4999922811985016,0.769442732334137,0.6191325783729553,0.769442732334137,0.8613126253128052,0.9490774880409241,2.7045069221496583,0.25922648870944975,7.688869697570801,1.9773831901550294,1.0,10.0,,,,,0.47714038224220273,0.47714038224220273,,,,16.633048324584962,0.620982555915738,0.017388617967264312,,0.015364212613140535,1.2160858633411917,0.24267351769717635,0.000179771234525685,0.005620490200520986,2.9325247993514796,,0.0003294615981080621,,74.96611076403575,18.166399658105934,,103.57346125317227,74.90023453827877,24.217908421899104,95.10532563810895,38.8379404590388,16.633027337918616,,0.681779361834192,,0.07319785649799238,0.22794920775541075,,0.11229259900416538,0.0895695972499574,0.23985174070497986,0.006322138892356188,0.42178436525308405,0.16663638431175498,,,,0.10555,2111.0,0.5437851,0.5606927,0.58872825,0.757188,0.61121494,0.6168889,0.6825436,0.5904277,0.504550039768219,0.8324120287895203,0.5882501006126404,0.8324120287895203,0.012,12.0,0.1836054004352597,0.1799593450119771,0.18386342848776685,0.24989495024647718,0.24532067073486233,0.2499481086756841,0.231844758755905,0.23184096913900967,0.23186878549964623,0.01142213568039253,0.01052696963253683,0.011337136089891472,0.019534037237180394,0.016870435562031633,0.019484004913128482,0.02095087012448823,0.02091871039130191,0.02088373251903665,0.53550005,0.54,0.48720932,0.669079,0.78739834,0.54685044,0.53740156,0.5772728,0.49425002932548523,0.7755188937187195,0.6164000630378723,0.7755188937187195,0.012,12.0,0.27991822356399176,0.2782768014217503,0.28091333482263703,0.34790446290907817,0.34443766062292713,0.3484313948963996,0.32668401430146216,0.32779398209386224,0.3273128896897711,-0.012137008084504278,-0.012564536241572263,-0.011947437360191732,-0.011411950320798494,-0.009623211494954691,-0.011105290390155223,-0.008705098274697022,-0.008544696024093981,-0.008036373233436237,0.5709678,0.6036036,0.61970806,0.7351145,0.55569106,0.5991228,0.63861793,0.6,0.4994000345468521,0.8039654612541198,0.6023250818252563,0.8039654612541198,0.012,12.0,0.23176181199962573,0.22911807321686373,0.23238838165520193,0.29889970657777765,0.2948791656788947,0.29918975178604185,0.2792643865286836,0.27981747561643594,0.2795908375947087,-0.0003574362020558738,-0.0010187833045177163,-0.0003051506351501301,0.00406104345819095,0.0036236120335384706,0.0041893572614866295,0.0061228859248956035,0.006187007183603965,0.006423679642800206,0.5532339,0.5718018,0.5534587,0.70209676,0.6715447,0.5729866,0.5880097,0.5886364,2026-10-05T01:48:15.987389
65,0.6191973090171814,0.49976786971092224,0.7700038102149963,0.6189799308776855,0.7700038102149963,0.8661693462371827,0.9544738473892211,2.774437734603882,0.2588831697702408,7.967362095642089,1.9795662237167357,1.0,10.0,,,,,0.47275654220581054,0.47275654220581054,,,,16.60540670776367,1.0778598487584787,0.03377378290106845,,0.032561508551051624,1.261721223782582,0.2715188832419693,0.00019692009476448741,0.005498676335403494,3.340753612624612,,0.00033578543222609564,,74.9290819593296,18.136056025316762,,103.564691677215,74.86505355349013,24.190531214331365,95.10498119767304,38.77454781987864,16.60538299220383,,0.6828621196898685,,0.07362534229163152,0.2281754360457135,,0.11283367046505023,0.09018494725037532,0.24195758277063917,0.006303446041123503,0.4213463474231161,0.16837203929758376,,,,0.1034,2068.0,0.5498196,0.5748691,0.5941561,0.7573657,0.60484815,0.6131919,0.6719927,0.5839511,0.5042999386787415,0.8009039287567139,0.6026999950408936,0.8009039287567139,0.012,12.0,0.24731829514086995,0.24778221866243316,0.24978283786616884,0.3184472367517775,0.3082455034474322,0.31974817058115707,0.30787962881677555,0.3097895351345344,0.3086883602278778,-0.0036152701328985345,-0.0017412816082732015,-0.002269916109223502,-0.008649773924396718,-0.00790350145956791,-0.007263891447710854,-0.00474980860373867,-0.0035590647304017367,-0.003355839862202629,0.544,0.55136365,0.51085275,0.67664474,0.8,0.5807087,0.54488194,0.58750004,0.4965500235557556,0.7765647678375244,0.6136500835418701,0.7765647678375244,0.015,15.0,0.3464485802802754,0.34750430636123353,0.34820812526561334,0.41770435733279415,0.4251131393358967,0.4172363756583964,0.401893399024522,0.4016769704079688,0.4024170345262948,-0.004727819317299069,-0.00435866414980466,-0.004691821868377264,-0.0030490047956355923,-0.0035688143407008317,-0.003328467822512557,-0.0031960695739811,-0.003319518937229851,-0.003447945552697462,0.57822585,0.59819824,0.61058396,0.73969465,0.55284554,0.6096491,0.647561,0.56824815,0.5004249811172485,0.7887343482971192,0.6081750392913818,0.7887343482971192,0.0135,13.5,0.2968834377105727,0.2976432625118334,0.29899548156589106,0.3680757970422858,0.3666793213916644,0.3684922731197767,0.35488651392064874,0.35573325277125156,0.3555526973770863,-0.0041715447250988014,-0.003049972879038931,-0.003480868988800383,-0.005849389360016156,-0.005736157900134371,-0.005296179635111706,-0.003972939088859885,-0.003439291833815794,-0.0034018927074500457,0.56111294,0.57478094,0.56071836,0.7081697,0.6764228,0.5951789,0.59622145,0.57787406,2026-10-05T01:52:11.986391
66,0.6164674758911133,0.49661746621131897,0.7737044807434083,0.6168076395988464,0.7737044807434083,0.8583133952140808,0.9457450083732605,2.6665023250579836,0.23143450226783752,7.547072251892089,1.9783549242019653,1.0,10.0,,,,,0.4318251578330994,0.4318251578330994,,,,16.578778787231446,0.6602887957635674,0.028672484852296485,,0.02027451763467887,1.3427218225351565,0.2253806579644513,0.0002159252563748393,0.006228066966008798,2.4798767530614403,,0.0006458843066124894,,74.89319455092121,18.11427336285828,,103.5581548897324,74.83005897862137,24.162296866155735,95.10539245605469,38.76014826100344,16.578757182807678,,0.6822488372492942,,0.07396974628138694,0.2298484773962361,,0.11362160206030888,0.09081175183035006,0.24397395769501948,0.006373424418151948,0.42371042879523746,0.170685931091096,,,,0.1113,2226.0,0.55441064,0.57625854,0.5833598,0.7498223,0.59951323,0.6162626,0.6779263,0.5755805,0.5159000158309937,0.8242108201980591,0.5909000039100647,0.8242108201980591,0.014,14.0,0.2009873413298842,0.19663188659455333,0.2003581227270799,0.28177221598841184,0.28024836430172534,0.28206765256721744,0.25615948477094325,0.25517216370437285,0.25643427867722957,-0.006127548521868958,-0.005454688747172337,-0.00555339254034867,-0.0047688856785181545,-0.004203196577417596,-0.004264467298257603,-0.006940693669523971,-0.006120319067330967,-0.006410321990248296,0.5445,0.5072728,0.50891477,0.6483553,0.75691056,0.5811024,0.54685044,0.6068182,0.5043999552726746,0.7826977181434631,0.6111500859260559,0.7826977181434631,0.014,14.0,0.3466845610621632,0.3457448811996896,0.3489178339789613,0.41391727296411057,0.41601834442973096,0.4156825647150534,0.40002702409362334,0.40124469626724873,0.4021796267448789,-0.0065392466955968166,-0.007692023295328706,-0.007658569363747644,-0.007233102776712053,-0.011864491799775386,-0.008174764972597207,-0.009714454340265253,-0.010219508895963786,-0.010430417856822357,0.57822585,0.61126125,0.62262774,0.698855,0.54268295,0.61885965,0.6235773,0.5894161,0.5101499855518341,0.8034542691707611,0.6010250449180603,0.8034542691707611,0.014,14.0,0.2738359511960237,0.27118838389712147,0.2746379783530206,0.34784474447626124,0.3481333543657281,0.3488751086411354,0.3280932544322833,0.3282084299858108,0.32930695271105426,-0.006333397608732887,-0.006573356021250521,-0.0066059809520481565,-0.006000994227615104,-0.008033844188596491,-0.006219616135427404,-0.008327574004894612,-0.008169913981647377,-0.008420369923535327,0.5613629,0.55926704,0.5657712,0.67360514,0.6497967,0.599981,0.5852139,0.5981171,2026-10-05T01:56:07.204456
67,0.6184298396110535,0.4996650516986847,0.7714898448944092,0.618360161781311,0.7714898448944092,0.8600735745429993,0.947700766658783,2.734235987854004,0.2484160823583603,7.690298577880859,1.999783779525757,1.0,10.0,,,,,0.4129664256095886,0.4129664256095886,,,,16.554755438232423,0.2504107659492808,0.0054701698936928346,,0.005229905646985432,1.240297369136932,0.27835894487560936,0.00010612474352745695,0.004479760229201975,3.01295569633982,,0.00013543035779519554,,74.8574079768673,18.086535229045115,,103.55019820875422,74.79528657949655,24.135537748883483,95.10786948234413,38.72700864949803,16.554731927859557,,0.6930319909836836,,0.07446686975705395,0.23031373056256846,,0.11423861244871358,0.09148640930652618,0.24666801550585754,0.00648650222689293,0.4248645909272941,0.17329859610196133,,,,0.1061,2122.0,0.55607456,0.5715868,0.5994849,0.74583334,0.60471183,0.61165655,0.67262053,0.5833401,0.5113999843597412,0.832480233669281,0.5867499113082886,0.832480233669281,0.015,15.0,0.1271549803272768,0.12378249408171853,0.12647427586989773,0.20315991845061704,0.18906085461039765,0.20201816102165912,0.14302030502197927,0.142001631344568,0.14259816128665925,-0.022615978305811555,-0.020523352818710698,-0.02196895179371583,-0.016262905044559753,-0.016003092784157416,-0.015717114523217713,-0.016771128143221726,-0.015731885359031618,-0.017135424016566467,0.545,0.5409091,0.498062,0.64111847,0.7504065,0.55551183,0.54488194,0.5984849,0.49750006198883057,0.7914347124099731,0.6078999638557434,0.7914347124099731,0.018,18.0,0.2704021397876343,0.2658744777768946,0.26879969990394564,0.3512996467440392,0.3505470030546136,0.349638550717435,0.3087061325682741,0.30634823120354365,0.30690069087067734,-0.01286209524250874,-0.013360749441926762,-0.013041562339378705,-0.014614573749568432,-0.014195576066274642,-0.014385611938198671,-0.0155310886866827,-0.015600466473563418,-0.015442501124306849,0.583871,0.61621624,0.63065696,0.69694656,0.5414634,0.5929825,0.6199187,0.57627743,0.5044500231742859,0.8119574730396271,0.597324937582016,0.8119574730396271,0.0165,16.5,0.19877856005745553,0.19482848592930657,0.1976369878869217,0.2772297825973281,0.26980392883250565,0.27582835586954707,0.2258632187951267,0.22417493127405583,0.2247494260786683,-0.017739036774160145,-0.01694205113031873,-0.017505257066547267,-0.015438739397064093,-0.015099334425216028,-0.015051363230708192,-0.016151108414952212,-0.015666175916297518,-0.016288962570436657,0.5644355,0.5785627,0.5643595,0.6690325,0.64593494,0.5742471,0.5824003,0.5873811,2026-10-05T02:00:02.422368
68,0.6198025941848755,0.49903765320777893,0.7719839610099792,0.6200674176216125,0.7719839610099792,0.8588244524955749,0.9463128561019898,2.7220046127319337,0.24537272527217865,7.506493046569824,1.999138233757019,1.0,10.0,,,,,0.40792689332962034,0.40792689332962034,,,,16.529164505004882,0.12115602859645892,0.0037079821047847675,,0.0038501912237450505,1.2401072322183353,0.31705407533723456,0.00011055972671129216,0.004728938458831447,3.6136600421682283,,0.00013365389730236407,,74.82083163899222,18.058934545820687,,103.53737727851625,74.75996782825251,24.10638773972821,95.10468127013772,38.689193166744936,16.529144943140114,,0.6927139812214359,,0.07489786235390196,0.23081512208197527,,0.11423609614562077,0.09226228899447023,0.24957138831448403,0.006459589573038611,0.4259350360578792,0.17534514976914523,,,,0.10495,2099.0,0.5671412,0.5817157,0.6064382,0.74387836,0.6024338,0.6045858,0.6663224,0.5864766,0.5082499980926514,0.8333612480163575,0.5861999988555908,0.8333612480163575,0.015,15.0,0.18354857790894538,0.1791077608133081,0.18397516398820987,0.25814024101909105,0.25307560277699115,0.2585171770993518,0.22240994148705936,0.2227202938011349,0.22311051475074692,-0.0037218999795622402,-0.003954907518248433,-0.003988927600087408,-0.006408921110295653,-0.0066518789261235944,-0.007097339921988334,0.0022796512518633142,0.0014006267121230913,0.0022464384804595098,0.56100005,0.5254546,0.50620157,0.63585526,0.7528455,0.5610236,0.5291339,0.6007576,0.5052499771118164,0.7808384466171264,0.6126500368118286,0.7808384466171264,0.014,14.0,0.2887274944122493,0.28670223208782813,0.2902134990134862,0.373661549102494,0.3780903511269355,0.37530813555648157,0.32000449533400954,0.32241583644952143,0.3202413980125787,-0.010677720364783611,-0.011462277177296405,-0.011151305300858432,-0.00674586612686141,-0.004090729342864802,-0.007068841436742521,-0.01271366815290828,-0.013063040117746672,-0.013239529887849334,0.5927419,0.62792796,0.63248175,0.69580156,0.54105693,0.61008775,0.6170732,0.58138686,0.5067499876022339,0.8070998473167419,0.5994250178337097,0.8070998473167419,0.014499999999999999,14.5,0.23613803616059736,0.2329049964505681,0.23709433150084802,0.31590089506079255,0.31558297695196336,0.31691265632791665,0.27120721841053447,0.27256806512532816,0.2716759563816628,-0.007199810172172926,-0.007708592347772419,-0.00757011645047292,-0.006577393618578531,-0.005371304134494198,-0.007083090679365427,-0.0052170084505224834,-0.00583120670281179,-0.005496545703694912,0.576871,0.57669127,0.56934166,0.6658284,0.6469512,0.5855557,0.57310355,0.5910722,2026-10-05T02:03:58.432974
69,0.6202572584152222,0.5009020566940308,0.7692190927505493,0.6202473044395447,0.7692190927505493,0.8611549297332763,0.9489022706031799,2.7565109542846677,0.24828508853912354,7.47444268951416,1.9999857894897461,1.0,10.0,,,,,0.41611987891197205,0.41611987891197205,,,,16.50308082885742,0.2491119431248706,0.007607312644068092,,0.0078058151510999405,1.2522994807571362,0.2202890276624139,0.00014002380340820205,0.00476038258501987,2.677856511940622,,0.00024055975043833961,,74.78382144612112,18.03115078142494,,103.52424218244613,74.7245880904471,24.07712019173203,95.10419600176964,38.62749993877046,16.5030676726323,,0.6931401092535371,,0.07537774437931692,0.23115085653818337,,0.11427010890025242,0.09297585387708275,0.2517812056526257,0.0064656259581019546,0.4255880861525323,0.1773728068656982,,,,0.10365,2073.0,0.55455095,0.58378977,0.5939382,0.75185627,0.6010514,0.61335355,0.673066,0.58908355,0.4999000132083893,0.8394216341972351,0.5834000110626221,0.8394216341972351,0.015,15.0,0.14699877550618418,0.14521642916977964,0.14707451522339643,0.28375133643612294,0.2778364136655702,0.28298598297928595,0.23204369914662729,0.23206811036777783,0.22997266907155384,-0.02076575408399973,-0.021884208883733006,-0.021091574226586498,-0.023778447747781897,-0.03199030273196791,-0.02355511044084464,-0.024145042328353083,-0.023945007130011447,-0.02344117598771287,0.554,0.5018182,0.51976746,0.6365132,0.74227643,0.55275595,0.5330709,0.6045455,0.49699997901916504,0.7929749298095703,0.6062500476837158,0.7929749298095703,0.016,16.0,0.30243271324437476,0.3002777359087536,0.30317277628583256,0.3835905444027678,0.388051533903195,0.38372199964840964,0.34914320491235495,0.34851466988426544,0.34863563389400276,-0.002742243216448009,-0.003174138736680413,-0.0030181422101702225,-0.005668595722948637,-0.0039993552955139,-0.005701446135517667,-0.004966629024225372,-0.005670843651263961,-0.005791866755718387,0.580242,0.6198198,0.6248175,0.68969464,0.54105693,0.60394734,0.61341465,0.5744526,0.49844999611377716,0.8161982820034027,0.594825029373169,0.8161982820034027,0.0155,15.5,0.22471574437527947,0.22274708253926662,0.2251236457546145,0.33367094041944534,0.3329439737843826,0.3333539913138478,0.2905934520294911,0.2902913901260216,0.2893041514827783,-0.01175399865022387,-0.012529173810206708,-0.01205485821837836,-0.014723521735365267,-0.017994829013740905,-0.014628278288181154,-0.014555835676289227,-0.014807925390637704,-0.01461652137171563,0.567121,0.56081903,0.57229245,0.66310394,0.64166665,0.5783516,0.5732428,0.589499,2026-10-05T02:07:53.805991
70,0.6177427172660828,0.501309871673584,0.7725907807350159,0.618209719657898,0.7725907807350159,0.8680845577239991,0.9566018597602844,2.846499408721924,0.27143863403797147,7.6663546485900875,1.9962740676879882,1.0,10.0,,,,,0.447126211309433,0.447126211309433,,,,16.478512860107422,0.46849850302407886,0.015396714078523456,,0.014828432812748453,1.1961122094445926,0.21160096290764535,0.00013213249109815184,0.0049333226700924385,2.5881812777488853,,0.0001986257932820162,,74.74863633076856,18.011224442986165,,103.51501022630437,74.68962500505387,24.048501895491484,95.10589482981688,38.548965284019516,16.47849214152925,,0.6912805293775668,,0.07592350856703557,0.23314625869511038,,0.11463767940261561,0.09363727456634971,0.25349525907996356,0.006444300002875222,0.4242489529643089,0.1796625762418577,,,,0.1053,2106.0,0.537911,0.56306887,0.58395404,0.7538507,0.6110592,0.61468685,0.6867355,0.5929939,0.4927000403404236,0.8241551489830017,0.5918499827384949,0.8241551489830017,0.019,19.0,0.23543792091425386,0.23624021369672168,0.23750118239344212,0.3223595206644589,0.3228840249809805,0.3233333960288233,0.30921889278349757,0.30907213373536113,0.3101864060872939,0.02924969255478492,0.02878133769634594,0.029601475119114064,0.029015430133405566,0.02958719563101785,0.029517604649326918,0.024866456620123753,0.024854481695245557,0.0252317436449379,0.556,0.5209091,0.49069768,0.66875,0.78089434,0.5519685,0.5472441,0.5935606,0.48994994163513184,0.7773333940505981,0.6148998737335205,0.7773333940505981,0.019,19.0,0.26510201604269923,0.2616589543069099,0.2652465641574529,0.34393453504075217,0.3448965674900456,0.34279281661531175,0.30548918413042614,0.30684166557153025,0.3041878379186882,-0.004957833489148261,-0.0042828973207166415,-0.004933168617122678,-0.0060515905513654706,0.0020025814189105584,-0.006594329733621831,-0.005671165588268079,-0.005158172052604081,-0.005407630271166388,0.5564516,0.5900901,0.6354015,0.7255725,0.55447155,0.6096491,0.6378049,0.59963506,0.4913249909877777,0.8007442715167998,0.6033749282360077,0.8007442715167998,0.019,19.0,0.25026996847847655,0.24894958400181577,0.2513738732754475,0.3331470278526055,0.33389029623551303,0.33306310632206754,0.30735403845696185,0.3079568996534457,0.30718712200299103,0.01214592953281833,0.01224922018781465,0.012334153250995693,0.011481919791020048,0.015794888524964204,0.011461637457852544,0.009597645515927837,0.009848154821320738,0.009912056686885756,0.5562258,0.55549955,0.56304955,0.69716126,0.66768295,0.5808088,0.5925245,0.5965978,2026-10-05T02:11:49.420963
71,0.6227802038192749,0.500287652015686,0.7631062412261963,0.6226929426193237,0.7631062412261963,0.865140719795227,0.9533309304237366,2.8207245784759523,0.26733977019786836,7.4514649314880375,1.9961278705596923,1.0,10.0,,,,,0.4246661417007446,0.4246661417007446,,,,16.451905364990235,0.4095698783387709,0.013779028769839068,,0.01052019677801906,1.2277486658400032,0.2758043221773426,0.00012830452234680753,0.004609325809469506,3.301778631225513,,0.00023832697829125123,,74.7131486637577,17.98586593919499,,103.50320220752886,74.65543001016994,24.02270742282746,95.10486126553481,38.49985314630399,16.451886523301436,,0.6912031336954445,,0.07659077976539636,0.23411759810083232,,0.1147171254180799,0.09433083198252756,0.2553595150731931,0.006453397556261462,0.42463958775921234,0.18131059170908229,,,,0.10495,2099.0,0.54312354,0.5583971,0.5997821,0.75716823,0.6112539,0.62244445,0.691211,0.596721,0.4978499710559845,0.8232863059043884,0.5907000303268433,0.8232863059043884,0.018,18.0,0.23325269208077187,0.23094233185081806,0.23345535499647088,0.31617617714249585,0.3077617817376894,0.3153354851898238,0.2915044231376954,0.2901545866404547,0.29057558662403715,-0.007415125670577871,-0.007482958600109794,-0.007268066587469417,-0.004194344550651976,-0.004834453085097191,-0.004565871696623546,-0.010561923834760897,-0.010217461611215879,-0.010286466895780774,0.557,0.5018182,0.5023256,0.66151315,0.7743902,0.56692916,0.5519685,0.5840909,0.49410009384155273,0.7764068579673767,0.6155000329017639,0.7764068579673767,0.019,19.0,0.3391807931055585,0.33608142145558,0.3401206382402793,0.39313703774470454,0.37560388807030176,0.39371625583989767,0.3534291136861356,0.3507400972205076,0.3530374812750468,-0.004756249784304807,-0.005047882930729846,-0.0045324442150950365,-0.006488245414263385,-0.008725759928127118,-0.006115048649099199,-0.01077900502698665,-0.010781441512099628,-0.010193926841044212,0.5544355,0.6198198,0.6281022,0.7244275,0.54186994,0.6175439,0.63699186,0.59562045,0.4959750324487686,0.7998465819358827,0.6031000316143036,0.7998465819358827,0.0185,18.5,0.2862167425931652,0.28351187665319905,0.2867879966183751,0.35465660744360017,0.3416828349039956,0.35452587051486073,0.3224667684119155,0.32044734193048113,0.32180653394954195,-0.006085687727441339,-0.00626542076541982,-0.005900255401282226,-0.005341294982457681,-0.006780106506612154,-0.005340460172861373,-0.010670464430873773,-0.010499451561657753,-0.010240196868412493,0.5557177,0.56081903,0.5652139,0.69297034,0.65813005,0.5922365,0.59448016,0.5898557,2026-10-05T02:15:43.906402
72,0.6200724840164185,0.4969824254512787,0.7669974666595459,0.6199572086334229,0.7669974666595459,0.8584281478881836,0.9458725173950195,2.7628810749053954,0.2613968171596527,7.275400454711914,1.9920985984802246,1.0,10.0,,,,,0.4254001056671143,0.4254001056671143,,,,16.42963494873047,0.9579947634012835,0.04326471930761246,,0.029007237267036846,1.214813720458632,0.21306160581149872,0.0006012332737931513,0.010107321096702841,2.371668238548716,,0.0009938720673791028,,74.67931608941144,17.96214934671001,,103.50088870297571,74.62064517075848,23.997524297920762,95.10222130064751,38.58672004748302,16.429614024557125,,0.6891973918410623,,0.07730790967964063,0.23578461757890737,,0.11529048788509551,0.0949904210628218,0.25747112047140763,0.0066437250756581495,0.43298679096683573,0.183889212596948,,,,0.11385,2277.0,0.5446672,0.5610753,0.60362524,0.75268567,0.6021807,0.6208485,0.6802147,0.5929939,0.48799997568130493,0.8443045797348022,0.5796500444412231,0.8443045797348022,0.019,19.0,0.21250911342400527,0.20583715373711997,0.21068518024103328,0.2762657789516211,0.24399412884594027,0.27611675458700913,0.21114493542527096,0.21170219685586758,0.21121073790319037,-0.016956193366483123,-0.015634223394020704,-0.01598394867473428,-0.009106556863629567,-0.005741540588410382,-0.009101553082469254,-0.01087709345440279,-0.010713452164385075,-0.011008749631832565,0.597,0.51545453,0.5031008,0.6180921,0.7056911,0.54133856,0.54094493,0.607197,0.5094999670982361,0.7997592558860779,0.6022499203681946,0.7997592558860779,0.017,17.0,0.2977735093690898,0.29341883364834387,0.29716481209426404,0.345910595841333,0.32469063497057205,0.342773505587202,0.29093703322827785,0.28852860619035586,0.2895353722683711,0.011591708602667443,0.011245015840878104,0.010965980143297723,0.009116464182668536,0.011648108908028502,0.008155740279602754,0.008589004407305522,0.0096771270461451,0.008442850984567343,0.578629,0.62927926,0.6755475,0.66793895,0.5235773,0.5653509,0.6081301,0.5616789,0.4987499713897705,0.82203191781044,0.5909499824047089,0.82203191781044,0.018000000000000002,18.0,0.25514131139654755,0.24962799369273192,0.25392499616764863,0.31108818739647703,0.28434238190825617,0.30944513008710556,0.2510409843267744,0.25011540152311174,0.2503730550857807,-0.00268224238190784,-0.0021946037765713,-0.0025089842657182787,4.953659519484413e-06,0.00295328415980906,-0.00047290640143324986,-0.0011440445235486344,-0.0005181625591199873,-0.0012829493236326114,0.5878145,0.5723669,0.5893241,0.6430155,0.61463416,0.5533447,0.5745375,0.58443797,2026-10-05T02:19:39.086403
73,0.6192126870155334,0.5009576678276062,0.7679784087181092,0.6192674040794373,0.7679784087181092,0.8512708011627197,0.9379199089050293,2.596338048171997,0.2465079679250717,7.514374838256836,1.9687656936645508,1.0,10.0,,,,,0.46650865139961245,0.46650865139961245,,,,16.406039419555665,0.6597637145358856,0.03541269110979892,,0.028738959831449612,1.2321486317428054,0.24977524220279068,0.0003807414767295671,0.007759131897525613,2.8840223658996025,,0.000700116810137634,,74.64729761014318,17.947194542854454,,103.50540719973813,74.5858023090727,23.97463316218868,95.09472476448983,38.73955030502028,16.406017789415493,,0.6773940328579799,,0.07861129830407489,0.2388271649551999,,0.11693562719093006,0.09563667018702075,0.2602889190433891,0.006896384422234289,0.4448649433388072,0.18651944142617996,,,,0.1184,2368.0,0.54059744,0.56314945,0.6084786,0.74897313,0.599377,0.61432326,0.68207777,0.59588593,0.5022000074386597,0.8429899401664734,0.5789000391960144,0.8429899401664734,0.018,18.0,0.16639644361052092,0.1641258733845474,0.16612129872194306,0.25745516978806166,0.25136772820776887,0.2573246566717753,0.22265749009512875,0.22218962296050848,0.22250834097465363,0.020427535731658526,0.020071443497463645,0.020380799318496644,0.015910862682649785,0.016771852141554678,0.015943913962732398,0.020035345691074236,0.020149358265728567,0.020040859421621735,0.56100005,0.5095455,0.503876,0.637829,0.74471545,0.5397638,0.5311024,0.5848485,0.4900500178337097,0.7871390218734742,0.609250009059906,0.7871390218734742,0.019,19.0,0.22841537550299562,0.2250533735784878,0.22702143893527538,0.2802444355012853,0.2588272268243412,0.276470316593301,0.2708354529570667,0.26233787433833733,0.2697960890584348,-0.010806178981600039,-0.011155400518217354,-0.011131525601463242,-0.008905050744742554,-0.006967677591382935,-0.010124764652242001,-0.009320818597626674,-0.010214918213852361,-0.009456631013810118,0.57137096,0.6103604,0.6492701,0.6977099,0.5345529,0.6096491,0.62479675,0.5708029,0.4961250126361847,0.8150644810199739,0.5940750241279602,0.8150644810199739,0.0185,18.5,0.19740590955675827,0.1945896234815176,0.1965713688286092,0.2688498026446735,0.25509747751605505,0.26689748663253815,0.24674647152609772,0.2422637486494229,0.24615221501654422,0.004810678375029243,0.004458021489623145,0.004624636858516701,0.003502905968953616,0.004902087275085872,0.0029095746552451982,0.005357263546723781,0.004967220025938103,0.005292114203905809,0.5661855,0.559953,0.576573,0.66776943,0.63963413,0.57470644,0.5779496,0.5778257,2026-10-05T02:23:34.714901
74,0.6171924471855164,0.5017673373222351,0.7748663899421692,0.6172426342964172,0.7748663899421692,0.853576560306549,0.9404818610191346,2.6627540367126463,0.2887267136573792,7.911647094726563,1.9905015977859497,1.0,10.0,,,,,0.5268299740791321,0.5268299740791321,,,,16.392203759765625,1.8577872245234384,0.10936387216710859,,0.058942194735174584,1.2061402839460191,0.2911407338087536,0.0010451034764732549,0.024929812437540312,3.128371075839753,,0.0023108858752661685,,74.61282183410256,17.921597025197023,,103.50912222892616,74.55123541765153,23.963713882835048,95.09814054647069,38.899494705686145,16.39220966654978,,0.6883376096464267,,0.07923647960659805,0.2390882163100941,,0.11817689553187911,0.09631000601561965,0.26438005031294126,0.00691973506384025,0.4565617314949157,0.19077284178536408,,,,0.11675,2335.0,0.5410786,0.5600685,0.600733,0.74800557,0.5919003,0.6191111,0.67938435,0.5966802,0.49804994463920593,0.8539112238883972,0.5768999457359314,0.8539112238883972,0.018,18.0,0.3015443931407112,0.2940099548919341,0.29834334274325325,0.33267086811925667,0.33321442128968215,0.3241134852427554,0.29780696317086375,0.2960721629949962,0.2957582950245055,0.0023467210087836357,0.003962623400034886,0.002937049943156684,0.006516219743286925,-0.005922343294831776,0.0021855043861958696,-0.00271365415971102,-0.0026033380742885815,-0.00322801859894432,0.58800006,0.5318182,0.5085271,0.60559213,0.7121951,0.56732285,0.5055118,0.59166664,0.49639996886253357,0.7934361872673035,0.6098499894142151,0.7934361872673035,0.018,18.0,0.32349271342535774,0.3188917637598332,0.3194091712239918,0.33613697249456903,0.3438485366093753,0.3339486015219812,0.29842610613439996,0.2992035984548264,0.2950538432251787,0.008465255415927771,0.008233187912279588,0.007465067717225031,0.0055699595005295486,0.005869246880052037,0.0039905076844227476,0.005158061340776745,0.004844355462830814,0.00397528661245774,0.59596777,0.62252253,0.6762774,0.6759542,0.5333333,0.59517545,0.61178863,0.5616789,0.49722495675086975,0.8236737055778504,0.5933749675750732,0.8236737055778504,0.018,18.0,0.31251855328303446,0.3064508593258837,0.30887625698362253,0.33440392030691285,0.33853147894952873,0.3290310433823683,0.2981165346526319,0.2976378807249113,0.29540606912484213,0.005405988212355703,0.006097905656157237,0.005201058830190858,0.0060430896219082365,-2.6548207389869537e-05,0.0030880060353093083,0.0012222035905328625,0.0011205086942711164,0.00037363400675670985,0.5919839,0.5771704,0.5924022,0.6407732,0.6227642,0.5812491,0.55865026,0.5766728,2026-10-05T02:27:30.272327
75,0.6190778613090515,0.4976077675819397,0.7722602542877197,0.6192348003387451,0.7722602542877197,0.8622944787979125,0.9501684378623962,2.8395251071929932,0.2698024278640747,7.241356134796143,1.997491054725647,1.0,10.0,,,,,0.4925138934612274,0.4925138934612274,,,,16.386219259643553,1.0639402799925226,0.051913378247101405,,0.04724297339132257,1.204708736603427,0.2246958042975444,0.0011299500602614846,0.03736493919210829,1.9614178793635337,,0.0024252141504971145,,74.58343155976314,17.900553879464507,,103.5345908486919,74.51662255548368,23.97516567691876,95.09751119431417,39.28522537620204,16.386220518950445,,0.6918804148200212,,0.08045769387939174,0.24063622951507568,,0.12117550042784138,0.09691220004657272,0.2708742085156167,0.007083085757104834,0.48006993285409966,0.19730110153271135,,,,0.11125,2225.0,0.54949886,0.5646194,0.6012678,0.7472157,0.60282326,0.6134747,0.67901987,0.5946436,0.49310001730918884,0.8361232957839966,0.5841000080108643,0.8361232957839966,0.018,18.0,0.21256716228380643,0.21021800641939584,0.20885951479749248,0.3168543127323427,0.28008658016094834,0.31733859408030496,0.2652780184629817,0.2658143049493804,0.2652920311581755,-0.008702322055053795,-0.010514843484361464,-0.012453690448259638,-0.004515991387947147,0.0005898028606253152,-0.005803940576822907,-0.010347440359221879,-0.012566217762988706,-0.01223342469741007,0.56850004,0.5445455,0.5116279,0.6351974,0.73414636,0.5480315,0.51889765,0.5984849,0.4978500306606293,0.7828065586090088,0.6129500865936279,0.7828065586090088,0.021,21.0,0.3149267441658776,0.3125573191931672,0.3132120995725271,0.3590409045755011,0.36330064660337197,0.3611842250946139,0.3418073167025395,0.33641019327433164,0.3405150098742246,0.004543334899533131,0.003968434452292119,0.0038949419815839967,0.0035413981409207654,-0.00220225162299852,0.002228475472151216,0.0010113006091401722,-0.000651917519304327,0.0005649762401247985,0.6028226,0.6130631,0.65656936,0.68854964,0.5402439,0.59692985,0.6191057,0.57919705,0.49547502398490906,0.8094649271965026,0.5985250473022461,0.8094649271965026,0.0195,19.5,0.26374695322484204,0.2613876628062815,0.2610358071850098,0.3379476086539219,0.3216936133821602,0.33926140958745943,0.3035426675827606,0.301112249111856,0.30290352051620006,-0.002079493577760332,-0.003273204516034672,-0.00427937423333782,-0.00048729662351319086,-0.0008062243811866024,-0.0017877325523358455,-0.0046680698750408535,-0.006609067641146517,-0.005834224228642636,0.5856613,0.57880425,0.58409864,0.6618735,0.6371951,0.5724807,0.5690017,0.58884096,2026-10-05T02:31:25.357303
76,0.6195449829101562,0.5001076459884644,0.7679559705734252,0.61968994140625,0.7679559705734252,0.8799720618247986,0.9698101917266846,3.026453857803345,0.27004998459815976,7.746497872161865,1.9985157276153565,1.0,10.0,,,,,0.49595219202041624,0.49595219202041624,,,,16.365818426513673,1.3918968870001993,0.05303853238149765,,0.05010447780168645,1.2156391751234699,0.2730053688642705,0.0010494767409411207,0.03157398428554368,2.8254932459372624,,0.0022379917247270184,,74.5525279925887,17.873956194349155,,103.54778659115931,74.4818043313968,23.951672560090472,95.0937253624011,39.41721013549027,16.36578519784721,,0.6924010511416538,,0.08171263759493068,0.24135464154610967,,0.12358510888116375,0.09753413242139634,0.27296555573773235,0.00732040608147527,0.4898114160747285,0.20035744434709002,,,,0.1049,2098.0,0.54109865,0.5590818,0.61200476,0.75207347,0.60469234,0.6127677,0.67723775,0.59698576,0.5011500120162964,0.8406278228759766,0.5817500352859497,0.8406278228759766,0.012,12.0,0.2204408428185751,0.2139696804651401,0.21717103302666593,0.30193011536429143,0.297905182790797,0.30193011536429143,0.3166022308874212,0.3166022308874212,0.3166022308874212,0.013313659346022032,0.01001332973688785,0.010856248780886476,0.012908256284991617,0.010708764392721802,0.012908256284991617,0.025202535959403926,0.025202535959403926,0.025202535959403926,0.5795,0.53909093,0.50775194,0.62565786,0.7199187,0.5551181,0.51220477,0.6045455,0.4972499907016754,0.779476149559021,0.6160999536514282,0.779476149559021,0.018,18.0,0.3229888208422265,0.3218295915900464,0.3233255016495982,0.3817969350437173,0.37048938123308794,0.3814425191697037,0.3895928907583998,0.3892549415709639,0.38949403880720146,0.014056998975089309,0.014173311298806262,0.014097699589275,0.0023404193630929796,-0.002271636696911814,0.0024541693698965144,0.007372456073609579,0.007442120215244094,0.007417176988937274,0.59435487,0.6373874,0.6718978,0.6736641,0.5357724,0.59605265,0.6178862,0.59489053,0.4992000013589859,0.8100519862174989,0.598924994468689,0.8100519862174989,0.015,15.0,0.2717148318304008,0.26789963602759326,0.27024826733813206,0.34186352520400437,0.33419728201194243,0.34168631726699755,0.3530975608229105,0.35292858622919254,0.35304813484731135,0.01368532916055567,0.012093320517847056,0.012476974185080737,0.007624337824042298,0.004218563847904994,0.007681212827444066,0.016287496016506753,0.01632232808732401,0.0163098564741706,0.5869274,0.5882392,0.5898249,0.64966094,0.6278455,0.57558537,0.5650455,0.599718,2026-10-05T02:35:20.733166
77,0.6217875480651855,0.5004398226737976,0.7639049102783203,0.6219097375869751,0.7639049102783203,0.8577987592697144,0.9451731925010681,2.828782975769043,0.32495246291160584,8.41197886505127,1.9654366050720216,1.0,10.0,,,,,0.5551412110328674,0.5551412110328674,,,,16.325005459594728,2.007895299263156,0.0787989669294055,,0.08861186153998385,1.2233714248724044,0.2784179718156529,0.0011960155385561959,0.02687940106632271,2.990717366432688,,0.00308278793709989,,74.51853136196257,17.859558542822576,,103.57087367355444,74.44692473198957,23.927171731450755,95.08985395492262,39.54463523816151,16.324979113925036,,0.6756411654174708,,0.0825788255330104,0.24394129178706248,,0.12659168732204254,0.09818297363580412,0.2747875400789224,0.007468823364277365,0.49916650668071333,0.19885353715556442,,,,0.13995,2799.0,0.5457498,0.55982685,0.6087163,0.7494866,0.61433023,0.6185859,0.67756176,0.5993687,0.4978500008583069,0.8357318878173828,0.5831999778747559,0.8357318878173828,0.022,22.0,0.37006752226502676,0.3689825302167301,0.3701686610405766,0.32168148323194,0.3235657313647498,0.32168148323194,0.319436674641883,0.319436674641883,0.319436674641883,0.0021861189029894154,0.0016553390083028422,0.002112904947166365,0.010552146175516962,0.011076922054423597,0.010552146175516962,0.009313881000427354,0.009313881000427354,0.009313881000427354,0.579,0.525,0.5104651,0.625,0.7300813,0.55551183,0.5224409,0.6060606,0.49525001645088196,0.7751135683059692,0.6172499656677246,0.7751135683059692,0.024,24.0,0.38133901817584237,0.38133846470863814,0.38194412413962536,0.35949372632482196,0.36252468826870216,0.35939090713481586,0.36361671555879665,0.36360881938093226,0.3636040858778701,-0.0008832401850868555,-0.0007557671279904561,-0.0008807904923796585,-0.006050359495621515,-0.006758417759620551,-0.005845041717353259,-0.002664905721895938,-0.002686761569003659,-0.002695598789741049,0.59435487,0.6328829,0.66386867,0.6881679,0.5357724,0.6127193,0.6105691,0.5937956,0.4965500086545944,0.805422728061676,0.6002249717712402,0.805422728061676,0.023,23.0,0.3757032702204346,0.3751604974626841,0.376056392590101,0.340587604778381,0.343045209816726,0.34053619518337797,0.34152669510033984,0.3415227470114076,0.3415203802598765,0.0006514393589512799,0.00044978594015619304,0.0006160572273933532,0.0022508933399477235,0.002159252147401523,0.0023535522290818517,0.003324487639265708,0.003313559715711847,0.0033091411053431524,0.58667743,0.57894146,0.5871669,0.65658396,0.6329268,0.58411556,0.566505,0.59992814,2026-10-05T02:39:16.700973
78,0.6252970099449158,0.5006849765777588,0.7557548633575439,0.6255221962928772,0.7557548633575439,0.8426773357391357,0.9283716135978699,2.6278471811294555,0.34189744915962217,10.048037258911133,1.933647980117798,1.0,10.0,,,,,0.6450477903366089,0.6450477903366089,,,,16.290778561401368,0.31067739783602344,0.008635301194187093,,0.01083999093745058,1.2318035516009969,0.3356279645138865,0.00025937688065348727,0.008895159139932626,3.763048786836065,,0.0006018511409507528,,74.48286467145203,17.83926445055919,,103.585657204792,74.41189118403538,23.90142095772324,95.0854738563489,39.61556022789828,16.29075847309866,,0.6594012751700772,,0.08325473484909458,0.2453902199579652,,0.12906237326230213,0.09873239207229796,0.2769508838273917,0.007477815070183603,0.5055763303853904,0.19915669463622343,,,,0.1441,2882.0,0.5557137,0.57031816,0.61301506,0.7543444,0.60136294,0.6236768,0.68108547,0.60352343,0.5060499906539917,0.8341286115646362,0.5849999785423279,0.8341286115646362,0.026,26.0,0.37856833484195324,0.37729458910605834,0.3785886536606034,0.3540881086780115,0.3540881086780115,0.3540881086780115,0.3540881086780115,0.3540881086780115,0.3540881086780115,0.008131992092945468,0.007691793171575897,0.008106393959292009,0.006774486709007599,0.006774486709007599,0.006774486709007599,0.006774486709007599,0.006774486709007599,0.006774486709007599,0.585,0.52909094,0.5042636,0.6200658,0.7256098,0.55669296,0.5342519,0.6151515,0.5090500712394714,0.7709683284759522,0.6185500025749207,0.7709683284759522,0.024,24.0,0.4001084467534703,0.4002469299117298,0.40060877440246895,0.3805049178597249,0.37769913149641715,0.37706097545567513,0.3726146537291507,0.3726499650880114,0.37261548816286816,0.0164379975327825,0.01678427258831325,0.016483352339249777,0.012108851930023926,0.012428367286903908,0.01283028035004824,0.014334073501886504,0.014362388140168995,0.014330790989112977,0.60161287,0.62702703,0.66094893,0.69427484,0.53943086,0.6078948,0.61341465,0.59671533,0.5075500309467316,0.8025484700202943,0.6017749905586243,0.8025484700202943,0.025,25.0,0.38933839079771176,0.38877075950889406,0.3895987140315362,0.3672965132688682,0.3658936200872143,0.3655745420668433,0.3633513812035811,0.3633690368830115,0.36335179842043985,0.012284994812863985,0.012238032879944575,0.012294873149270892,0.009441669319515763,0.009601426997955752,0.00980238352952792,0.010554280105447051,0.010568437424588297,0.010552638849060287,0.5933064,0.57805896,0.58260626,0.6571703,0.6325203,0.58229387,0.5738333,0.6059334,2026-10-05T02:43:12.371131
79,0.6259325742721558,0.5011950135231018,0.7552928855895996,0.6257051229476929,0.7552928855895996,0.8428654118537903,0.9285805855751038,2.63432858505249,0.3348332311153412,10.040856119537354,1.936351805305481,1.0,10.0,,,,,0.6345679556846618,0.6345679556846618,,,,16.263926361083985,0.2856880817473362,0.00830393066224909,,0.009276668018932828,1.2402907928843407,0.3675132923919684,0.0002224386480868057,0.007658042673579162,3.9231511901138694,,0.00038758580656252263,,74.44699427124802,17.812409613542496,,103.57154311647841,74.37703733990907,23.873828183313844,95.08568898583674,39.54844561048374,16.263904207071683,,0.6608093179714908,,0.08375911357676148,0.2458145835786868,,0.12902139174710414,0.09933551899187125,0.27870983018237316,0.007506569058509769,0.5048438781385969,0.2001550051437062,,,,0.1461,2922.0,0.54222137,0.5639952,0.61424327,0.76188785,0.6090732,0.6228283,0.6840016,0.6059267,0.5095000267028809,0.8399341721534729,0.5810001492500305,0.8399341721534729,0.026,26.0,0.29133894255390735,0.2895684902515226,0.290955250716685,0.22998867780231882,0.22113191258888448,0.22998867780231882,0.24442755210333,0.2443992910655917,0.24442755210333,0.02796454923271114,0.027731869024706157,0.027926196640430757,0.04192249578621439,0.0422544398797755,0.04192249578621439,0.04185220963475711,0.04178091439976635,0.04185220963475711,0.574,0.5236364,0.5120155,0.62335527,0.73373985,0.54881895,0.5145669,0.60530305,0.500900149345398,0.7788782210350037,0.6131500005722046,0.7788782210350037,0.026,26.0,0.35739735644665604,0.35885638669436287,0.3588309021306151,0.31193680518856065,0.3048848812863423,0.31144300280652215,0.3263556341099782,0.3261180765218856,0.32629279784872645,0.0013516276988826382,0.0015908414868582796,0.0016543690260745088,-0.0011495714812272343,-0.0026799415509218085,-0.0013067806792082838,-0.005714320547209501,-0.005737667058015638,-0.005695953343432428,0.59354836,0.61801803,0.6653285,0.6965649,0.52926826,0.5929825,0.61178863,0.58832115,0.5052000880241394,0.8094061965942383,0.5970750749111176,0.8094061965942383,0.026,26.0,0.3243681495002817,0.32421243847294273,0.32489307642365006,0.27096274149543975,0.26300839693761335,0.2707158403044205,0.2853915931066541,0.28525868379373864,0.2853601749760282,0.014658088465796889,0.014661355255782218,0.014790282833252634,0.020386462152493578,0.019787249164426847,0.020307857553503054,0.018068944543773804,0.018021623670875356,0.018078128145662342,0.5837742,0.57082725,0.58867204,0.6599601,0.63150406,0.5709007,0.56317776,0.5968121,2026-10-05T02:47:08.910642
80,0.6252801418304443,0.49576500058174133,0.7563804738044739,0.6251474618911743,0.7563804738044739,0.8249197135925292,0.908640924358368,2.4514895301818846,0.3477583432674408,9.47119508972168,1.9260747215270997,1.0,10.0,,,,,0.5507835822582244,0.5507835822582244,,,,16.238135125732423,0.3426170101801562,0.012673361788138267,,0.01933460600639302,1.1696449662469754,0.3549718662479501,0.0004186787000029781,0.008828454224576664,3.539909963015538,,0.0017622073047179328,,74.41082831704692,17.78465527334031,,103.55960233651908,74.34234512231912,23.84623291841738,95.08663692595853,39.503929745619466,16.238114618192053,,0.6554313134995235,,0.08407360111262388,0.24618126537389817,,0.12909678203664768,0.100015341049167,0.2803658939850558,0.007543970623118863,0.5052793124678788,0.20139276354935517,,,,0.163,3260.0,0.54526865,0.5589811,0.610103,0.76423776,0.6092874,0.62197983,0.6864115,0.6034012,0.5094499588012695,0.829357449054718,0.5864500403404236,0.829357449054718,0.027,27.0,0.36155865113023694,0.3606540062539619,0.36151048232990574,0.26728826968623814,0.26728826968623814,0.26728826968623814,0.30547201682360015,0.30547201682360015,0.30547201682360015,0.0032812597034029534,0.0032545460537647696,0.003202990555857159,-0.0048292573501705,-0.0048292573501705,-0.0048292573501705,0.006197804565871439,0.006197804565871439,0.006197804565871439,0.5845,0.53727275,0.5069768,0.62664473,0.73292685,0.553937,0.5271654,0.6121212,0.5048999190330505,0.7739786939620972,0.6157999634742737,0.7739786939620972,0.026,26.0,0.39523642140953585,0.39546326669570614,0.3955316282350841,0.3505458862352171,0.35529267911971146,0.3506533709352249,0.3627045457890098,0.3626769612571267,0.36245938624177504,0.00832918478135099,0.008442555265568433,0.008403062695399886,0.002285050535712994,0.0012912894640179694,0.0024444919016799885,0.006176498913263998,0.006211955110377309,0.006199085424252068,0.5826613,0.6288289,0.65985405,0.70229006,0.52845526,0.6,0.62317073,0.5934307,0.50717493891716,0.8016680715084076,0.6011250019073486,0.8016680715084076,0.0265,26.5,0.37839753626988637,0.378058636474834,0.3785210552824949,0.30891707796072765,0.3112904744029748,0.30897082031073153,0.33408828130630497,0.3340744890403634,0.33396570153268756,0.005805222242376972,0.005848550659666601,0.005803026625628522,-0.001272103407228753,-0.0017689839430762655,-0.0011923827242452559,0.006187151739567718,0.006204879838124374,0.0061984449950617535,0.5835806,0.58305085,0.5834154,0.6644674,0.63069105,0.57696855,0.5751681,0.60277593,2026-10-05T02:51:04.167079
81,0.6226850748062134,0.5027049779891968,0.7608029519081115,0.6228201389312744,0.7608029519081115,0.8451755311012268,0.9311473890304566,2.6191315101623536,0.31950418016910553,9.502385385894776,1.9811972888946534,1.0,10.0,,,,,0.5507258586883544,0.5507258586883544,,,,16.211667153930666,0.41423390668395693,0.01578898551222456,,0.019643025338178157,1.246639370918274,0.3520767808340158,0.00032499818877738924,0.007663011935741231,3.6064006169890144,,0.0011017179361312924,,74.37498274882128,17.758315323264735,,103.55660806643735,74.30800609224161,23.816982257138392,95.0902170071936,39.50032590149315,16.211647884101623,,0.6836307884021929,,0.08456373542167578,0.24678694290719974,,0.12980046412747376,0.10066977143287659,0.2818652522412075,0.0075766675227624215,0.5077978163767772,0.20256581114735572,,,,0.14255,2851.0,0.5434643,0.56447846,0.6094889,0.757267,0.60963786,0.6201414,0.6781086,0.5983707,0.4967999756336212,0.834597038269043,0.5837000608444214,0.834597038269043,0.024,24.0,0.23204154619761133,0.22937609848441878,0.2321139642562029,0.29384432406307004,0.29384432406307004,0.29384432406307004,0.29384432406307004,0.29384432406307004,0.29384432406307004,-0.004314814952609285,-0.004679901716830093,-0.004385519529600549,0.003552222591119413,0.003552222591119413,0.003552222591119413,0.003552222591119413,0.003552222591119413,0.003552222591119413,0.595,0.5527273,0.51124036,0.60592103,0.7048781,0.58188975,0.5137795,0.60227275,0.4970499575138092,0.7732636351585388,0.6154499650001526,0.7732636351585388,0.027,27.0,0.32480336585371755,0.32409940573706514,0.3255223008880787,0.36326000144493903,0.3603176484972089,0.3606516562892491,0.36590636372986945,0.36580289818883066,0.36540775583583684,-0.0041410220237112425,-0.003634139206546522,-0.003849445297271951,-0.003996593909749251,-0.0022153600581705183,-0.0049676900798326625,-0.0048962856984838075,-0.004973118576962409,-0.005019113206561509,0.60846776,0.6400901,0.67518246,0.67213744,0.52723575,0.6035088,0.60081303,0.59014595,0.4969249665737152,0.8039303367137909,0.599575012922287,0.8039303367137909,0.025500000000000002,25.5,0.27842245602566446,0.276737752110742,0.27881813257214083,0.32855216275400456,0.3270809862801395,0.3272479901761596,0.3298753438964698,0.3298236111259504,0.32962603994945344,-0.004227918488160264,-0.004157020461688307,-0.00411748241343625,-0.00022218565931491924,0.0006684312664744473,-0.0007077337443566248,-0.0006720315536821973,-0.000710447992921498,-0.000733445307721048,0.6017339,0.5964087,0.5932114,0.63902926,0.6160569,0.5926993,0.5572963,0.59620935,2026-10-05T02:55:00.536994
82,0.6215450763702393,0.5017173886299133,0.7637551321029663,0.6212470531463623,0.7637551321029663,0.8823284485816956,0.9724284068107605,3.0235656562805175,0.2506759431600571,9.655444268035888,1.9890287578582764,1.0,10.0,,,,,0.618440988445282,0.618440988445282,,,,16.185006256103517,0.5477724845905249,0.0323296434149238,,0.019571980819158747,1.2077228668009399,0.34723786656169375,0.0001955110688914788,0.006717871489732936,3.614129876824701,,0.0005322921889059517,,74.34002816753024,17.742250721925384,,103.55538828661487,74.27337418088487,23.78524385440122,95.09296295749154,39.44326687466567,16.184986515409626,,0.6876460108787391,,0.08502872682111279,0.24888577003767537,,0.13070591012383723,0.10122702916146843,0.2829355804403876,0.007606784599554387,0.5075259561751299,0.2037534021837696,,,,0.1011,2022.0,0.54546916,0.5655256,0.60814184,0.751876,0.60994935,0.62541413,0.68223983,0.5796131,0.49459999799728394,0.8344707117080689,0.5840999484062195,0.8344707117080689,0.02,20.0,0.2992487229322799,0.2961900298808194,0.29955027032171716,0.36688063984497427,0.36688063984497427,0.36688063984497427,0.36688063984497427,0.36688063984497427,0.36688063984497427,-0.010250440294694105,-0.01024779885469673,-0.010156061731782835,0.0036291890665576853,0.0036291890665576853,0.0036291890665576853,0.0036291890665576853,0.0036291890665576853,0.0036291890665576853,0.5715,0.5418182,0.51085275,0.6154606,0.7256098,0.55944884,0.5299213,0.60833335,0.49650004506111145,0.7777398109436036,0.6147500276565552,0.7777398109436036,0.021,21.0,0.3460377922319449,0.3453245730556426,0.34667607290102387,0.3728335658532511,0.37853693715449205,0.37283327836496094,0.3754950708302694,0.375700163554388,0.3754490588111319,0.00362520307841661,0.003669413762794301,0.0035097401390694507,-0.0006219180991971057,-0.0027696733358869648,-0.0008063459168067461,-0.00020379225378826577,-0.000175395537016028,-0.00019065780334845837,0.59435487,0.6328829,0.6718978,0.6881679,0.5296748,0.6,0.6199187,0.5751825,0.4955500215291977,0.8061052613258362,0.5994249880313873,0.8061052613258362,0.0205,20.5,0.32264325758211243,0.320757301468231,0.32311317161137054,0.36985710284911266,0.37270878849973316,0.36985695910496763,0.37118785533762183,0.37129040169968114,0.37116484932805305,-0.0033126186081387475,-0.0032891925459512146,-0.003323160796356692,0.0015036354836802897,0.00042975786533536024,0.0014114215748754697,0.0017126984063847096,0.0017268967647708286,0.0017192656316046134,0.58292747,0.58735055,0.5913753,0.6518142,0.6276423,0.57972443,0.57492,0.5917579,2026-10-05T02:58:56.354166
83,0.6246199011802673,0.5014526844024658,0.758121386051178,0.624517560005188,0.758121386051178,0.8828502858161926,0.973008217716217,3.042784929656982,0.2548903873205185,9.330492109680176,1.9830242553710937,1.0,10.0,,,,,0.6243273857116699,0.6243273857116699,,,,16.161077853393554,0.752114979232881,0.024066757386944044,,0.0179328335142119,1.1025485643156014,0.3585617971742988,0.00017107793561532903,0.006255845391713558,3.340985012282232,,0.0002275368346507638,,74.30409017186255,17.71876213656869,,103.54781317255299,74.23877827832654,23.75857944852987,95.09311471926938,39.4086508538313,16.16105721103158,,0.6846174126977373,,0.08549818652830306,0.24988408111462926,,0.1311290070509455,0.10181697524467091,0.2848710683500691,0.007572947858957348,0.5084963330797329,0.20559583499932746,,,,0.09875,1975.0,0.54510826,0.5617197,0.61253965,0.75882703,0.60453665,0.6247071,0.68758607,0.59977597,0.4990500211715698,0.8405450763702392,0.5804498791694641,0.8405450763702392,0.022,22.0,0.24122181523592962,0.23890351097309642,0.24192402448573277,0.3490762554861619,0.3490762554861619,0.3490762554861619,0.34470014398078846,0.3448427093825935,0.34477105345066855,0.04280070824919712,0.042573757405287176,0.04280405261175652,0.047398340568423604,0.047398340568423604,0.047398340568423604,0.0496185428056215,0.04965548629620624,0.04961575671991569,0.569,0.5195455,0.4988372,0.6276316,0.73536587,0.56181103,0.52480316,0.5924243,0.4952000379562378,0.791180453300476,0.6090001463890076,0.791180453300476,0.019,19.0,0.27861092014078215,0.27745253866082137,0.2796510750293541,0.34664387256137735,0.3531101803119294,0.3469641469671324,0.3466046194357454,0.34671029707662465,0.3466645333947979,0.0015810044090522285,0.0014379999240170184,0.0015686672506861038,0.0005028857173386713,0.0007184364458676701,0.00043569516514121114,-0.0005509644766342876,-0.0006143712577082785,-0.0006358979573200009,0.5669355,0.60090095,0.65255475,0.70114505,0.5398374,0.59517545,0.61260164,0.59233576,0.4971250295639038,0.8158627648353576,0.5947250127792358,0.8158627648353576,0.020499999999999997,20.5,0.2599163676883559,0.2581780248169589,0.2607875497575434,0.3478600640237696,0.3510932178990457,0.3480202012266471,0.34565238170826695,0.34577650322960907,0.34571779342273323,0.022190856329124674,0.022005878664652097,0.022186359931221315,0.023950613142881137,0.024058388507145638,0.02391701786678241,0.024533789164493607,0.02452055751924898,0.02448992938129784,0.5679678,0.5602232,0.575696,0.6643883,0.6376016,0.57849324,0.5687024,0.59238005,2026-10-05T03:02:51.705862
84,0.6208924055099487,0.4996226131916046,0.766340060043335,0.6205899119377136,0.766340060043335,0.8756879831314087,0.9650501078605652,2.956605054473877,0.25097264342308045,9.156966397094726,1.9720971557617188,1.0,10.0,,,,,0.5851379548072815,0.5851379548072815,,,,16.138316220092772,2.1128135683952243,0.14620953412723925,,0.07563605352792782,1.1482861455838391,0.3029245634675975,0.0007316229878533647,0.011452004823620153,2.8291057922468066,,0.003354169915895631,,74.26800595423218,17.701439511244462,,103.54450716638262,74.20434264164821,23.73137898050296,95.09101420602981,39.405792600789646,16.138299638298665,,0.6790348257228827,,0.08597266000167579,0.25173709916461046,,0.13210934201243577,0.10241215552683848,0.28696755182211564,0.007948177326826534,0.5109617626591093,0.20776791956014695,,,,0.10975,2195.0,0.5400962,0.5614781,0.6006735,0.7569115,0.60732085,0.61959594,0.6829486,0.59419554,0.5005999803543091,0.828430097579956,0.5845499038696289,0.828430097579956,0.023,23.0,0.25436137612195525,0.25242185492950925,0.25631552714003053,0.36354735513975733,0.36354735513975733,0.36354735513975733,0.36354735513975733,0.36354735513975733,0.36354735513975733,0.00294611146336866,0.003059266475853157,0.0025967855242365586,0.01062623059620596,0.01062623059620596,0.01062623059620596,0.01062623059620596,0.01062623059620596,0.01062623059620596,0.55850005,0.5145455,0.51317835,0.6430921,0.7621951,0.5535433,0.5263779,0.58522725,0.4982500970363617,0.8144712524414063,0.5954999327659607,0.8144712524414063,0.022,22.0,0.34280251150243046,0.3426756248017715,0.34554936494372485,0.38300107174547493,0.3976949823168925,0.383244307067578,0.3889861619477884,0.3892802416379074,0.3892511337340863,0.009072422049525736,0.008162394528502806,0.008768974512708633,0.00934698762790248,0.008856840506916708,0.009205071640988683,0.007920439673582105,0.007959153954921305,0.007755142028475882,0.5479839,0.57117116,0.5751825,0.7152672,0.5455285,0.5964912,0.6337399,0.5737226,0.4994250386953354,0.8214506750106811,0.5900249183177948,0.8214506750106811,0.0225,22.5,0.29858194381219283,0.29754873986564034,0.3009324460418777,0.37327421344261613,0.3806211687283249,0.3733958311036677,0.3762667585437729,0.3764137983888324,0.37639924443692185,0.0060092667564471975,0.005610830502177981,0.005682880018472596,0.00998660911205422,0.009741535551561334,0.00991565111859732,0.009273335134894032,0.009292692275563633,0.00919068631234092,0.55324197,0.54285836,0.5441804,0.67917967,0.65386176,0.5750173,0.58005893,0.5794749,2026-10-05T03:06:47.884392
85,0.6180223226547241,0.502214789390564,0.7711450892448425,0.6179001927375793,0.7711450892448425,0.8787724295616149,0.9684772731781006,2.894452930831909,0.21605301125049592,8.527524082183838,1.997573637008667,1.0,10.0,,,,,0.45053760533332826,0.45053760533332826,,,,16.116990328979494,0.9436454976653788,0.05719198387859176,,0.044310013008019206,1.232584117324489,0.3126798616188347,0.0005174983775209425,0.010430956610840312,2.9162197338927323,,0.0012240869879229406,,74.23736552827677,17.691623809231313,,103.57057364882937,74.16998888732522,23.70638978557222,95.0920448546197,39.52344005123066,16.116968227799532,,0.6919091028772342,,0.08672548783053259,0.25495125305880406,,0.134711704531293,0.1030324425572043,0.2888271945297338,0.008216846829197209,0.5194665083459987,0.21065924378337375,,,,0.1049,2098.0,0.5445469,0.56387436,0.61000395,0.7415482,0.60445875,0.61309093,0.6789186,0.5851935,0.5020999908447266,0.8315800170898437,0.5843001008033752,0.8315800170898437,0.01,10.0,0.29449940379514744,0.28961186679238565,0.2932821325162361,0.3441999513266772,0.3254333089168988,0.3441999513266772,0.353052199434827,0.3511047343144348,0.3530929835446967,-0.02519453920708573,-0.02458117305004955,-0.025020356485030756,-0.01678656377846235,-0.01891157625208011,-0.01678656377846235,-0.014427893884720449,-0.01418769807223821,-0.01505015890042884,0.564,0.5336364,0.5046511,0.62631583,0.7398374,0.54685044,0.5342519,0.6106061,0.499500036239624,0.7763530178070068,0.6140000224113464,0.7763530178070068,0.008,8.0,0.3510869186270791,0.3474645015724576,0.3508182504774541,0.3844803735409851,0.3807903159648244,0.38427113367478033,0.3819653814787493,0.3813972802919559,0.38129750426109543,-8.066896900492546e-05,0.0006807236640294409,-0.0001149375936708548,-0.0008624065114382175,0.0019240603554903824,-0.000977730012480687,-0.0027035035481343707,-0.0027444227047869136,-0.0025559365437036016,0.59153223,0.6400901,0.65036494,0.6946565,0.53292686,0.6048246,0.6203252,0.5744526,0.5008000135421753,0.8039665174484253,0.5991500616073608,0.8039665174484253,0.009000000000000001,9.0,0.32279316121111323,0.31853818418242164,0.3220501914968451,0.36434016243383116,0.3531118124408616,0.36423554250072876,0.3675087904567882,0.3662510073031954,0.36719524390289604,-0.012637604088045326,-0.011950224693010054,-0.012567647039350805,-0.008824485144950284,-0.008493757948294864,-0.008882146895471519,-0.00856569871642741,-0.008466060388512562,-0.00880304772206622,0.5777661,0.5868633,0.57750803,0.66048616,0.6363821,0.5758375,0.57728857,0.5925293,2026-10-05T03:10:43.744979
86,0.6196125745773315,0.5024049878120422,0.768053893661499,0.6195572018623352,0.768053893661499,0.8768591659545898,0.9663514263153076,2.839814754867554,0.21461833806037903,8.164484746551514,1.9947700923919678,1.0,10.0,,,,,0.37881756615638734,0.37881756615638734,,,,16.093394229125977,0.2965001598931849,0.022199808217282554,,0.01706938560463334,1.195535405616092,0.3583536012347337,0.0002370218176777129,0.006377271890408911,3.1009149744537226,,0.0005438603132513276,,74.20368908924662,17.664655636829934,,103.57146779443049,74.13538452925955,23.68429154803039,95.09244381849933,39.50978625352216,16.0933728309194,,0.6905163534127983,,0.0873978122784074,0.25520773146562514,,0.13550539836762057,0.10356722468403494,0.29103393805254796,0.008158138306562309,0.5213932330441323,0.21282726023227547,,,,0.10495,2099.0,0.54218125,0.5607531,0.6083201,0.74926937,0.596729,0.61947477,0.6818145,0.5967617,0.49260005354881287,0.8274491271972656,0.5865499973297119,0.8274491271972656,0.011,11.0,0.2381023683539863,0.23350988121728505,0.24021991703046197,0.2658680271087829,0.26446900792538,0.2674082955885773,0.2834487297874511,0.2855880158029443,0.2856586193737599,0.009131239929302721,0.009794181734460894,0.009607054700251975,0.004289788017672504,-0.005155846639902415,0.004399035012293842,0.006617004023558735,0.006694042353169746,0.0067393313701138565,0.555,0.52409095,0.49728683,0.6486842,0.7487805,0.5444882,0.5496063,0.60303026,0.5014500021934509,0.7884183559417725,0.6098001003265381,0.7884183559417725,0.015,15.0,0.318801691829677,0.3179210311482465,0.3199566239802634,0.33649391796428774,0.33596254042846363,0.3371537922518438,0.34531596956151817,0.34657612896660744,0.34623685021135386,-0.0012469192348827953,-0.0006637470589711298,-0.001213756586840219,-0.0031434086342635222,-0.0011372885140445309,-0.0033415516264197337,-0.0017372725956819486,-0.00176754651573445,-0.0016086274174472047,0.5834677,0.6175676,0.6288321,0.70534354,0.5402439,0.5850878,0.61585367,0.5945256,0.4970250278711319,0.807933741569519,0.598175048828125,0.807933741569519,0.013,13.0,0.2784520300918316,0.2757154561827658,0.28008827050536267,0.3011809725365353,0.3002157741769218,0.30228104392021055,0.31438234967448464,0.31608207238477587,0.3159477347925569,0.003942160347209963,0.004565217337744882,0.004196649056705878,0.000573189691704491,-0.003146567576973473,0.0005287416929370542,0.002439865713938393,0.002463247918717648,0.002565351976333326,0.5692339,0.5708293,0.56305945,0.6770139,0.6445122,0.564788,0.58273,0.5987779,2026-10-05T03:14:38.913204
87,0.6226950287818909,0.4990997612476349,0.762098875617981,0.6226298809051514,0.762098875617981,0.8735822214126587,0.9627103775978089,2.8287771389007568,0.2580734609365463,9.009543071746826,1.9971915704727172,1.0,10.0,,,,,0.48047230358123777,0.48047230358123777,,,,16.07316639099121,0.8691809422819976,0.045251074077258965,,0.04526785630400954,1.1712948319258962,0.34536926552748226,0.000570478013652313,0.008894820412128546,2.8385845041199094,,0.0012988875847023702,,74.16800976406996,17.64138609284808,,103.5644593451433,74.1015305245758,23.661783692183768,95.0943017947446,39.486644088842304,16.073153781283434,,0.6917010530544694,,0.0879052073997297,0.25629772881793367,,0.13594091887686663,0.10422367009387654,0.29351966035593846,0.008237646287603742,0.522825204642715,0.2156582091264664,,,,0.11345,2269.0,0.53987575,0.56145793,0.6118859,0.75732625,0.61565423,0.621192,0.6835966,0.58812624,0.49845004081726074,0.8262650647163391,0.5863999128341675,0.8262650647163391,0.025,25.0,0.2511598404201509,0.24582635825125113,0.2512504858622544,0.338142715696824,0.3381544202443262,0.33813241949873724,0.35277361295682125,0.35276205733776494,0.35276205733776494,0.057027426071617905,0.05650990859238682,0.056836753271497245,0.052153891358318695,0.05217756502510283,0.05213413886978466,0.05148101490085681,0.05151536613764703,0.05151536613764703,0.584,0.5418182,0.5170543,0.6236842,0.7268293,0.56377953,0.5251969,0.6,0.4968999922275543,0.7929802193641663,0.6063998937606812,0.7929802193641663,0.028,28.0,0.3119633897680779,0.3102546309281883,0.31258211645446804,0.36579538490776664,0.3628615993393227,0.36505121168911064,0.37000419793169337,0.37022521279264187,0.3698923332001173,0.005093580435173102,0.005261391834508988,0.005176207043584053,0.006090086997459848,0.005431301002406177,0.005911223759773373,0.0043082737086099394,0.004182934512331771,0.004269588372033557,0.5741936,0.60270274,0.65328467,0.67748094,0.5414634,0.5916667,0.6077236,0.5930657,0.49767501652240753,0.8096226420402527,0.5963999032974243,0.8096226420402527,0.026500000000000003,26.5,0.28156161509411437,0.2780404945897197,0.2819163011583612,0.3519690503022953,0.35050800979182445,0.35159181559392394,0.3613889054442573,0.3614936350652034,0.3613271952689411,0.031060503253395502,0.030885650213447902,0.03100648015754065,0.02912198917788927,0.028804433013754505,0.029022681314779017,0.027894644304733374,0.027849150324989403,0.027892477254840294,0.5790968,0.5722605,0.5851695,0.65058255,0.63414633,0.57772315,0.56646025,0.5965328,2026-10-05T03:18:34.188631
88,0.6203577518463135,0.5009649395942688,0.7660684243202209,0.6207099556922913,0.7660684243202209,0.8670349361419678,0.9554356085777282,2.7877855052947997,0.2837133415222168,10.011510843658447,1.9537809644699096,1.0,10.0,,,,,0.5816379460334777,0.5816379460334777,,,,16.053152877807616,0.3278372637915668,0.015849255903506842,,0.013536612717894494,1.1988404700710515,0.3728270514565668,0.00020371537337581639,0.005385108541246433,3.032974022588912,,0.0005469464542885785,,74.13149217739226,17.622158961690914,,103.5579725131867,74.06728387334545,23.638246001711316,95.09342188744029,39.481599625508494,16.053134565900084,,0.669783133610039,,0.08837738998566463,0.2579040588087337,,0.13646088065994774,0.1048214129486661,0.2955914754776438,0.008180385099569703,0.5251903913582966,0.21802222102311006,,,,0.1225,2450.0,0.5493584,0.5667942,0.6178883,0.7441153,0.598676,0.62363636,0.67762256,0.5862118,0.5059000253677368,0.8349082398414612,0.5843998789787292,0.8349082398414612,0.023,23.0,0.23514071021258004,0.23276641045662622,0.23544430246475273,0.36506221412715506,0.36506221412715506,0.36506221412715506,0.36275326281204884,0.36275326281204884,0.36275326281204884,-0.0030176042347281554,-0.003354419356595726,-0.00312362453642482,0.0012591658487572464,0.0012591658487572464,0.0012591658487572464,0.004010598284843057,0.004010598284843057,0.004010598284843057,0.59,0.5254546,0.5116279,0.6154606,0.7093496,0.5767717,0.52755904,0.6102273,0.5191500186920166,0.7845097355842591,0.6109499335289001,0.7845097355842591,0.019,19.0,0.29490689751283117,0.29561359263236153,0.2967515668406486,0.3694716290185377,0.37669341768521425,0.3694234811573224,0.37290930594374155,0.37258194176982357,0.3728830965971494,0.006135592581827547,0.007261392127519247,0.006368100222689262,0.0071653460262601715,0.0076645972466656545,0.007147434480949181,0.005883293344147343,0.00588169669906615,0.005874481435871596,0.5895161,0.62792796,0.6828467,0.6729008,0.5333333,0.59692985,0.6056911,0.57153285,0.5125250220298767,0.8097089877128602,0.5976749062538147,0.8097089877128602,0.020999999999999998,21.0,0.26502380386270563,0.2641900015444939,0.26609793465270065,0.36726692157284635,0.3708778159061846,0.3672428476422387,0.3678312843778952,0.3676676022909362,0.3678181797045991,0.0015589941735496956,0.0019534863854617605,0.0016222378431322208,0.004212255937508709,0.00446188154771145,0.004203300164853214,0.0049469458144952,0.0049461474919546035,0.004942539860357326,0.58975804,0.57669127,0.59723735,0.64418066,0.62134147,0.58685076,0.56662506,0.59088004,2026-10-05T03:22:30.319977
89,0.6231497526168823,0.49819251894950867,0.7612672590255737,0.6232553720474243,0.7612672590255737,0.8743630653381348,0.9635779761314393,2.860116600036621,0.25392947628498075,9.827461367797852,1.963799280166626,1.0,10.0,,,,,0.5419723867416382,0.5419723867416382,,,,16.030828076171876,0.3239896542505379,0.013976375544855259,,0.01098244938948251,1.1755478655456737,0.416783809163578,0.0001572655808350374,0.004585794167990565,3.3791976540711275,,0.0002955986873686902,,74.09576022397181,17.592733128055645,,103.54672037112485,74.03255394613667,23.615594705958276,95.09090549930646,39.44302676741485,16.03081104254267,,0.6748770266581493,,0.088792807642062,0.25803388285029466,,0.13647941941288627,0.10539646574835869,0.29790964988386553,0.008156757985662882,0.5259237232481598,0.22001854790623782,,,,0.1135,2270.0,0.54105854,0.5630488,0.60394216,0.7647907,0.6106308,0.6252929,0.6853382,0.5902444,0.5049999952316284,0.8371198444366456,0.5819500088691711,0.8371198444366456,0.026,26.0,0.20557470037299108,0.2030153522532463,0.20553487532132397,0.3102802656471852,0.3102802656471852,0.3102802656471852,0.3125812817446965,0.3125812817446965,0.3125812817446965,-0.007159160899772011,-0.007145297635910525,-0.007175000214144092,-0.0034681359684867862,-0.0034681359684867862,-0.0034681359684867862,-0.005243346747773039,-0.005243346747773039,-0.005243346747773039,0.56100005,0.5168182,0.4992248,0.6588816,0.7504065,0.542126,0.52362204,0.5818182,0.48854997754096985,0.784411648273468,0.6106999516487122,0.784411648273468,0.03,30.0,0.30276331972975584,0.30150715028801056,0.30329939030609115,0.3624288119435782,0.36300758430095764,0.3622037946214281,0.3677308015483287,0.3681827978756018,0.36767762900519363,0.003208120025920005,0.003112203244273575,0.003241461223868495,0.001507881562789267,0.0003819383413529414,0.001391991236559245,0.00204043766620468,0.0020637896980825444,0.002031845045640308,0.578629,0.5950451,0.63759124,0.7129771,0.54308945,0.6144737,0.62764233,0.570073,0.49677498638629913,0.8107657463550568,0.5963249802589417,0.8107657463550568,0.027999999999999997,28.0,0.2541690100513735,0.25226125127062843,0.2544171328137076,0.3363545387953817,0.3366439249740714,0.33624203013430665,0.3401560416465126,0.34038203981014914,0.3401294553749451,-0.001975520436926003,-0.0020165471958184748,-0.0019667694951377985,-0.0009801272028487596,-0.0015430988135669223,-0.0010380723659637707,-0.0016014545407841796,-0.0015897785248452474,-0.0016057508510663656,0.56981456,0.5559317,0.568408,0.68592936,0.64674795,0.5782999,0.5756322,0.5759456,2026-10-05T03:26:26.327178
90,0.621130108833313,0.5004878640174866,0.7644929148674011,0.6210504174232483,0.7644929148674011,0.87528676404953,0.964604310131073,2.8331182804107664,0.25110054914951324,8.956574195098877,1.9906117483139039,1.0,10.0,,,,,0.49642397651672365,0.49642397651672365,,,,16.00796590576172,0.2978269368941024,0.01725944541420663,,0.014874727017022625,1.1940751474374418,0.3279643123079637,0.0001970414939087335,0.005345038961393723,2.572415392869597,,0.0005540600920256019,,74.06023640237797,17.557869042560554,,103.53855968888398,73.99836240148848,23.591698203117225,95.08941893364972,39.43177511130169,16.0079479703478,,0.6884183056035619,,0.08909005391749607,0.257361279931038,,0.13659681313356775,0.1059609095382083,0.2996470878837974,0.008154574366416902,0.5279747938654226,0.22189104908211216,,,,0.107,2140.0,0.5443665,0.5543899,0.6038431,0.7607622,0.61952883,0.6200202,0.6785946,0.584725,0.4892999529838562,0.8551290507316589,0.5725000500679016,0.8551290507316589,0.012,12.0,0.24606278763877126,0.24242993315216754,0.24571224564519645,0.28135180294541434,0.28135180294541434,0.2813566283105861,0.29416212667968944,0.29415432258247937,0.29416212667968944,-0.020903693144424456,-0.020839436370877987,-0.020886620618376834,-0.020581313041808887,-0.020581313041808887,-0.020583625511709596,-0.02518768693479533,-0.025185766435046792,-0.02518768693479533,0.532,0.51545453,0.49496126,0.63717103,0.7410569,0.55748034,0.50826776,0.5712121,0.5001499056816101,0.8077576880455017,0.5989999771118164,0.8077576880455017,0.015,15.0,0.2764117831500541,0.27156773494597614,0.27606638381421095,0.31357969357566323,0.30537512196060224,0.31357190642372007,0.3244270714462173,0.3234265040178947,0.32448104267923644,-0.0035420806601784553,-0.003639148841683387,-0.003554930407403446,-0.011359188276946553,-0.01397024929068262,-0.011444156819631814,-0.009295476474554434,-0.009602220043617792,-0.009487556706809694,0.5709678,0.57072073,0.6153285,0.6984733,0.551626,0.5850878,0.6203252,0.5708029,0.49472492933273315,0.8314433693885803,0.585750013589859,0.8314433693885803,0.0135,13.5,0.2612372853944127,0.25699883404907187,0.26088931472970367,0.2974657482605388,0.29336346245300826,0.2974642673671531,0.30929459906295337,0.308790413300187,0.3093215846794629,-0.012222886902301456,-0.012239292606280688,-0.01222077551289014,-0.01597025065937772,-0.017275781166245754,-0.016013891165670705,-0.01724158170467488,-0.017393993239332294,-0.01733762182080251,0.55148387,0.5430876,0.5551449,0.6678221,0.64634144,0.57128406,0.5642965,0.5710075,2026-10-05T03:30:21.921065
91,0.6230872273445129,0.5008423924446106,0.7598101242065429,0.6232876777648926,0.7598101242065429,0.8743935669898987,0.9636118673324585,2.800345719909668,0.22581144785881044,9.005761071777343,1.9917376010894776,1.0,10.0,,,,,0.511627216053009,0.511627216053009,,,,15.983410847473145,1.5674370745149482,0.0664573401533576,,0.07272778366735742,1.1518901605514964,0.47187163806550064,0.0007551588673690693,0.012023218489952006,3.926894802006946,,0.0034664484133004898,,74.02387971331359,17.53549145741068,,103.53346446820885,73.96440124511719,23.566724935155005,95.08367482568049,39.4695289028678,15.98339614139241,,0.6889363083110494,,0.08974574169345723,0.25935596626275664,,0.13731168979292463,0.10655171338729798,0.3011040805251735,0.00816850258025584,0.532457842568683,0.22320371116422544,,,,0.11155,2231.0,0.5419607,0.56095445,0.6021196,0.76380336,0.61836064,0.6169091,0.68543947,0.59486765,0.5054500102996826,0.818120018005371,0.5959500074386597,0.818120018005371,0.026,26.0,0.28481818843162354,0.2829270825825617,0.2847226303074349,0.33719387123192407,0.3372027093077607,0.3372027093077607,0.34202294171725994,0.34202294171725994,0.34202294171725994,0.042223345159469974,0.042112701936239075,0.04217439962024323,0.035467158451325205,0.035486904432099516,0.035486904432099516,0.03706560634541834,0.03706560634541834,0.03706560634541834,0.5865,0.5259091,0.53720933,0.65559214,0.7630081,0.5543307,0.51102364,0.6162879,0.4980500340461731,0.8292503237724305,0.5895000100135803,0.8292503237724305,0.027,27.0,0.37494501600120284,0.372028658887912,0.3745647024876273,0.4135516060887833,0.4246735220146037,0.4122792471530675,0.39298076935856985,0.3928213857275492,0.39253453955295925,0.0031815179502749182,0.0030268015657899604,0.002988872932370468,0.006827624463431037,0.006760878588019477,0.006698481536792669,0.0031451303415275544,0.0031133595640757835,0.0029043625460849266,0.5447581,0.536036,0.5711679,0.69694656,0.55569106,0.59517545,0.6313008,0.5770073,0.5017500221729279,0.8236851708889008,0.59272500872612,0.8236851708889008,0.0265,26.5,0.32988160221641316,0.3274778707352368,0.32964366639753107,0.3753727386603537,0.3809381156611822,0.3747409782304141,0.3675018555379149,0.36742216372240455,0.36727874063510957,0.022702431554872445,0.022569751751014517,0.02258163627630685,0.02114739145737812,0.021123891510059497,0.021092692984446094,0.020105368343472946,0.02008948295474706,0.019984984445751634,0.565629,0.5309726,0.5541886,0.67626935,0.65934956,0.57475305,0.5711622,0.5966476,2026-10-05T03:34:17.621633
92,0.6236003041267395,0.5000299215316772,0.7587351161956787,0.6237798929214478,0.7587351161956787,0.8612778037071228,0.9490387983322144,2.714672425460815,0.2574635449171066,9.57331724395752,1.924680909538269,1.0,10.0,,,,,0.529273867559433,0.529273867559433,,,,15.965029852294922,0.7261382240600361,0.038390227451299136,,0.042201994132298006,1.1412680300937337,0.5186556768455323,0.0007997953949702287,0.011921592506099563,4.137390741876736,,0.0034310793620111356,,73.99285616540605,17.516361054341505,,103.53446858399992,73.93005361374776,23.545265489323125,95.07939075056915,39.62771776527356,15.965002977164687,,0.6546917971532056,,0.09053192059895035,0.26134966740942306,,0.1384930757770113,0.10709140815172985,0.3032747311576916,0.008370320188107004,0.5424718306322766,0.22548555568524986,,,,0.12875,2575.0,0.54911786,0.5593435,0.6090927,0.75604266,0.60584116,0.6251919,0.6834346,0.600835,0.4952000081539154,0.8352569556236267,0.5847000479698181,0.8352569556236267,0.029,29.0,0.22137696735785836,0.22156043349976423,0.22143315093385735,0.2981280542700649,0.27433782622220165,0.2981280542700649,0.30162263370344916,0.301967233838502,0.30062366614061387,0.03342775408628886,0.033804337048037494,0.033591444039531765,0.033528275045309495,0.03970201603601283,0.033528275045309495,0.036984052612949146,0.03727623022248945,0.037176022591798814,0.591,0.53818184,0.5158915,0.6180921,0.7150407,0.55944884,0.5177165,0.61477274,0.5016000270843506,0.7753684196472168,0.6159499287605286,0.7753684196472168,0.028,28.0,0.3171721224670442,0.3144437334915031,0.31728246731302456,0.37676852225963636,0.37882474515085723,0.3760048172290399,0.36204360374016037,0.3630651115202847,0.36182220248944796,0.004411721187050883,0.0038019672055383084,0.004262739112942862,0.00647880213900491,0.002426002194015798,0.006222498577184074,0.0033588446268196744,0.0030977712273953734,0.0030994820511957956,0.58870965,0.6283784,0.6773723,0.679771,0.5369919,0.60087717,0.6182927,0.5894161,0.498400017619133,0.8053126876354217,0.6003249883651733,0.8053126876354217,0.0285,28.5,0.2692745449124513,0.2680020834956337,0.269357809123441,0.3374482882648506,0.32658128568652944,0.3370664357495524,0.33183311872180477,0.3325161726793934,0.3312229343150309,0.018919737636669872,0.018803152126787903,0.018927091576237315,0.020003538592157203,0.021064009115014316,0.019875386811246783,0.02017144861988441,0.020187000724942412,0.020137752321497306,0.58985484,0.5832801,0.5966319,0.64893156,0.62601626,0.580163,0.5680046,0.6020944,2026-10-05T03:38:14.263305
93,0.6227354407310486,0.49996522068977356,0.7607132103919982,0.6228826642036438,0.7607132103919982,0.8484976564407348,0.9348386344909668,2.5666798542022704,0.2734422855615616,9.615082197570802,1.8888585315704345,1.0,10.0,,,,,0.5523632290840149,0.5523632290840149,,,,15.946499645996093,0.7704342983063951,0.03256126500018813,,0.04918405203320009,1.172883111200515,0.46908154860613455,0.0011481052401702135,0.015069813368201351,3.5108973302279307,,0.0033049855592687622,,73.95757458923728,17.495635767651212,,103.5316008549587,73.89533034403613,23.52321616251757,95.07204685089694,39.808254484917704,15.946487074445008,,0.6360595909653196,,0.09106881304341517,0.2628337251152962,,0.13907044157860385,0.1076348958311567,0.3053264786863023,0.008615362766394569,0.5534103505171029,0.22799138060420943,,,,0.1372,2744.0,0.54402566,0.5658679,0.61309433,0.7560822,0.6041667,0.60953534,0.68629,0.60260695,0.4960000216960907,0.8253682832717896,0.5907000303268433,0.8253682832717896,0.021,21.0,0.1743418454986784,0.16676695819708864,0.17352243506927015,0.2795362898793581,0.27177081395434544,0.2795362898793581,0.2836007943415588,0.28355251275502347,0.2834603469515441,-0.01375167237497173,-0.015753304425738746,-0.014265687647541202,-0.004442472515375464,-0.004478354757385002,-0.004442472515375464,-0.00343855076749809,-0.0033835379896019493,-0.0034103390231594176,0.559,0.5022727,0.50813955,0.66348684,0.76707315,0.5366142,0.55,0.6121212,0.49324995279312134,0.7893789801597595,0.6086000800132751,0.7893789801597595,0.024,24.0,0.3049842951349487,0.30063424294190655,0.30456491742870834,0.3633657436189732,0.3411488246300461,0.36273549122241255,0.36355663781650543,0.3643732107867194,0.36302362199106525,0.0007850331093546866,0.0007399389047010249,0.0009592885987851615,-0.003999087567774592,-0.007130929264848885,-0.003826374611447409,-0.0012172290850421728,-0.0013462378764683366,-0.001101789435855156,0.5669355,0.6040541,0.6186131,0.7133588,0.5361789,0.60921055,0.6313008,0.5839416,0.494624987244606,0.8073736317157745,0.5996500551700592,0.8073736317157745,0.0225,22.5,0.23966307031681355,0.2337006005694976,0.23904367624898926,0.32145101674916565,0.3064598192921958,0.3211358905508853,0.3235787160790321,0.3239628617708714,0.3232419844713047,-0.006483319632808522,-0.00750668276051886,-0.0066531995243780204,-0.0042207800415750285,-0.005804642011116944,-0.004134423563411436,-0.0023278899262701314,-0.002364887933035143,-0.0022560642295072868,0.5629678,0.5531634,0.5633763,0.6884228,0.651626,0.57291234,0.59065044,0.5980314,2026-10-05T03:42:10.912351
94,0.6220225691795349,0.4979153275489807,0.7619305709838867,0.6221275329589844,0.7619305709838867,0.8751484885215759,0.9644506711959839,2.9364380275726316,0.23282864243984222,10.651144096374512,1.9808362768173218,1.0,10.0,,,,,0.6208844195365906,0.6208844195365906,,,,15.926365719604492,1.593407111479693,0.07641724394827155,,0.062323004079079494,1.1283412689615966,0.5148687640288073,0.0007862325292775795,0.011349496548805552,3.928683381171743,,0.001573149486558247,,73.9223266407183,17.47367529656477,,103.53171349786649,73.86107961083674,23.50294805636072,95.07525207130772,39.97129202192756,15.926341737151905,,0.6834971301115242,,0.09162329535955077,0.2646290096128063,,0.140108878730209,0.10823383803959864,0.30736545278767874,0.008858473354559035,0.5632432611884585,0.22992597292562958,,,,0.1136,2272.0,0.53877306,0.55920255,0.59946513,0.7667259,0.60188866,0.61664647,0.6926488,0.600387,0.49629998207092285,0.8459829993247986,0.5771501064300537,0.8459829993247986,0.026,26.0,0.31205755554517517,0.3093440278085124,0.3118536553919532,0.3402333505327806,0.3254438191183149,0.3393307921037257,0.3402020348358378,0.3396859184928625,0.3402020348358378,-0.00863871074548924,-0.009024644907838187,-0.008728070980588323,-0.006710856458076366,-0.01127942273833564,-0.006352507390423558,-0.006719497327421205,-0.007189403633466973,-0.006719497327421205,0.5605,0.48954546,0.5031008,0.61118424,0.7487805,0.5350394,0.5503937,0.60227275,0.5098999738693237,0.790324300289154,0.6079500317573547,0.790324300289154,0.024,24.0,0.3483426943053584,0.348470227200305,0.3502958343916775,0.33957510672368085,0.32390295585707607,0.342322813412326,0.3489315090951757,0.34822189168942275,0.3488002588681472,0.009330351663840946,0.009345520258931888,0.009290164789173947,0.00770483056441726,0.006064807728547693,0.00772494527860251,0.006308211002577458,0.006340505786283577,0.006257482887967249,0.5608871,0.63153154,0.6277372,0.7099237,0.53739834,0.6,0.6365854,0.55839413,0.5030999779701233,0.8181536498069764,0.5925500690937042,0.8181536498069764,0.025,25.0,0.3302001249252668,0.3289071275044087,0.3310747448918153,0.3399042286282307,0.3246733874876955,0.34082680275802585,0.3445667719655067,0.34395390509114265,0.3445011468519925,0.0003458204591758529,0.00016043767554685048,0.0002810469042928117,0.0004969870531704467,-0.0026073075048939735,0.000686218944089476,-0.0002056431624218734,-0.0004244489235916979,-0.00023100721972697802,0.56069356,0.56053853,0.565419,0.66055393,0.6430894,0.5675197,0.5934895,0.5803335,2026-10-05T03:46:06.358313
95,0.6200001239776611,0.5008600354194641,0.7646479224205017,0.6204525828361511,0.7646479224205017,0.8587409477233887,0.9462200741767883,2.763723540878296,0.23118176810741425,10.604649835968017,1.9761076513290405,1.0,10.0,,,,,0.6122290126800537,0.6122290126800537,,,,15.921394958496094,0.49677830264802764,0.03235908713752321,,0.019461041515111733,1.2078847961061319,0.4074625243806535,0.0005351801473865357,0.013949353931542889,3.069763618669692,,0.0011472325543584292,,73.89078895909012,17.457972034527238,,103.53125374180496,73.82657302564876,23.486396680212323,95.07852420685397,39.944400058430475,15.921327505901361,,0.6811328298726659,,0.09259711822886375,0.26649497686677676,,0.1409088520297579,0.10881777938194336,0.3094988569712183,0.009020851106400702,0.5642164376131289,0.23468712845425696,,,,0.1392,2784.0,0.544567,0.5618808,0.61424327,0.75021726,0.5997469,0.61632323,0.68965167,0.5855601,0.505299985408783,0.8349971895217896,0.5842999815940857,0.8349971895217896,0.028,28.0,0.27488559642560506,0.27037268126890407,0.2759118576535328,0.28159947314454514,0.2639788396584518,0.27838886752944403,0.3162242768360625,0.31403519871436303,0.3147131608263002,-0.00487953112839873,-0.0037815483930960384,-0.004688435826085877,-0.019039435099725725,-0.020318103294726827,-0.021031235649990324,-0.003464414619874718,-0.0043635777781476535,-0.003250494492170068,0.56350005,0.53227276,0.49961245,0.6421053,0.749187,0.56259847,0.5192914,0.589394,0.4980999827384949,0.7760116915702819,0.6166501045227051,0.7760116915702819,0.025,25.0,0.3255758418417089,0.3256822670999933,0.3284367125399736,0.3111784805841444,0.3064733004492999,0.3096168067709793,0.3310151070120448,0.3266415294850479,0.32992407301507143,0.004008596048692141,0.003313662890839593,0.0041368903244146035,0.0057090513452041775,0.0012802869242502708,0.004534492469467544,0.001068987546917134,0.001108812946239406,0.0011331190799244181,0.5931452,0.62522525,0.64160585,0.7167939,0.5390244,0.61096495,0.63414633,0.56897813,0.5016999840736389,0.8055044405460358,0.6004750430583954,0.8055044405460358,0.026500000000000003,26.5,0.30023071913365695,0.2980274741844487,0.3021742850967532,0.29638897686434473,0.28522607005387585,0.2940028371502117,0.32361969192405365,0.32033836409970545,0.3223186169206858,-0.0004354675398532946,-0.00023394275112822278,-0.0002757727508356368,-0.006665191877260774,-0.009518908185238277,-0.00824837159026139,-0.001197713536478792,-0.0016273824159541237,-0.0010586877061228251,0.57832265,0.578749,0.57060915,0.67944956,0.6441057,0.58678174,0.57671887,0.5791861,2026-10-05T03:50:02.713238
96,0.6253476738929749,0.5027948617935181,0.7558315418243409,0.625260055065155,0.7558315418243409,0.8536536807060242,0.9405675495147705,2.6596242279052733,0.1781047873020172,10.110712489318848,1.9909724309921264,1.0,10.0,,,,,0.6332368072509765,0.6332368072509765,,,,15.882285354614257,0.32213851743656546,0.017642732490904058,,0.011619383188195906,1.1399668158998915,0.4296689127945596,0.0002918819615848742,0.008744961438273453,3.275222749846756,,0.0005793618297097183,,73.8570038133366,17.431552862665455,,103.51963961655926,73.79234955417122,23.464544599982585,95.07721078471774,39.941436500306345,15.882262655124542,,0.6886256295404617,,0.09330482064348877,0.2671824999295982,,0.14110315377545204,0.10937816578491479,0.31156646654864023,0.009064370653574254,0.5663302225671756,0.233293562937694,,,,0.14135,2827.0,0.5427025,0.5649416,0.61660063,0.76094,0.6089953,0.62218183,0.68791014,0.59621185,0.5033000111579895,0.8235446949005127,0.5891000628471375,0.8235446949005127,0.024,24.0,0.24848819578015205,0.23747240436935826,0.2477439097640104,0.258772912633856,0.24907622430420495,0.2588189224992143,0.2763992054408011,0.2762678421701386,0.2762313676418389,0.0004940411175587012,0.0013100287434189997,0.00047241790069902143,0.002784421152093159,0.0012731746834666777,0.002787472590550765,0.0016921629140507826,0.0016274971657291631,0.0016345902468958232,0.582,0.5345455,0.51007754,0.63388157,0.72276425,0.57086617,0.5338583,0.61174244,0.5029499530792236,0.788790931224823,0.6073000431060791,0.788790931224823,0.025,25.0,0.30509450058352877,0.3008792940245077,0.30550830015389285,0.2756688494782364,0.2606955925796982,0.26974921008594427,0.30634680622432187,0.30504550419314813,0.30423224104139535,0.008357957966918853,0.008363960835909678,0.00861760998649031,0.006621921908121057,0.0036834186216779083,0.0044459490467487145,0.0034285433768123977,0.0037623740346438865,0.003535767939520362,0.56330645,0.61846846,0.6540146,0.6950382,0.5390244,0.60394734,0.61422765,0.5653285,0.5031249821186066,0.8061678130626679,0.5982000529766083,0.8061678130626679,0.0245,24.5,0.2767913481818404,0.269175849196933,0.2766261049589516,0.2672208810560462,0.2548859084419516,0.2642840662925793,0.2913730058325615,0.29065667318164334,0.2902318043416171,0.004425999542238777,0.004836994789664339,0.004545013943594666,0.004703171530107108,0.002478296652572293,0.0036167108186497396,0.00256035314543159,0.002694935600186525,0.0025851790932080927,0.57265323,0.576507,0.58204603,0.6644599,0.6308943,0.58740675,0.574043,0.5885354,2026-10-05T03:53:58.382447
97,0.6226800680160522,0.5006200671195984,0.7605769496917725,0.62277752161026,0.7605769496917725,0.8580412822723389,0.9454426664352417,2.6755456024169924,0.17691459546089172,8.994948081970215,1.9986906356811522,1.0,10.0,,,,,0.5519938488960267,0.5519938488960267,,,,15.850561428833007,0.5223732115522881,0.028535585501602,,0.031956641268760716,1.175377256551366,0.4256405762995884,0.0003700915366590281,0.006999083368291568,3.4475277464860565,,0.0009242896954952569,,73.82239974684016,17.402293818771458,,103.50947711725904,73.75797383496716,23.434183788906996,95.07591869572924,39.91713539658079,15.850539450432844,,0.6924786856220027,,0.09371982785357032,0.26786228368996057,,0.14140112403851407,0.11001310725310806,0.312691759531665,0.009105226297856896,0.5675410320804377,0.23336817419073383,,,,0.133,2660.0,0.544587,0.5614982,0.6070721,0.7629147,0.60621107,0.6181212,0.68432564,0.5959267,0.4922999441623688,0.8469877767562867,0.5759000182151794,0.8469877767562867,0.024,24.0,0.2267942534686645,0.22154775150838824,0.2265972987648254,0.30683202886658467,0.30391420945513203,0.3068427096513537,0.31262342715367825,0.3131211143265828,0.31303168353288474,0.011726605920639236,0.011355405219223331,0.011698939479736941,0.009240442317458837,0.008147751347128937,0.00924835029253416,0.014021854199793848,0.014004402732445112,0.013979343844692238,0.56200004,0.5181818,0.49612403,0.6144737,0.7378049,0.5610236,0.5279528,0.5776515,0.4868500232696533,0.807424813747406,0.5981500744819641,0.807424813747406,0.023,23.0,0.27946038600024237,0.27585290721003214,0.2796585418357488,0.2908567187351877,0.2772598207564043,0.2863754930431014,0.3126944640725011,0.3108227803491764,0.3113267550619337,0.008091592419483637,0.0073315737236952705,0.0075891420842029616,0.007677500188921449,0.007556314568163426,0.006875956041999844,0.005726514478335972,0.004934913021553299,0.00523498679336605,0.56209683,0.59639645,0.6109489,0.6965649,0.54227644,0.5964912,0.6178862,0.55912405,0.48957498371601105,0.8272062952518464,0.5870250463485718,0.8272062952518464,0.0235,23.5,0.25312731973445346,0.2487003293592102,0.2531279203002871,0.2988443738008862,0.2905870151057682,0.2966091013472275,0.3126589456130897,0.3119719473378796,0.3121792192974092,0.009909099170061436,0.0093434894714593,0.009644040781969952,0.008458971253190143,0.007852032957646181,0.008062153167267001,0.00987418433906491,0.009469657876999205,0.009607165319029144,0.56204844,0.5572891,0.5535365,0.6555193,0.64004064,0.5787574,0.5729195,0.56838775,2026-10-05T03:57:53.320920
98,0.6126098036766052,0.4988473057746887,0.7864649185180664,0.6126774549484253,0.7864649185180664,0.8174444239616394,0.9003350450515747,2.3104993061065673,0.2856287692785263,8.54164184036255,1.9786769844055176,1.0,10.0,,,,,0.5574328444004059,0.5574328444004059,,,,15.910203981018066,1.4637402745355277,0.13302439051327314,,0.08793160628236735,1.0379248597439688,0.3178824112056547,0.0021610446485144288,0.04572882205781758,2.2784105095134417,,0.005136492026516642,,73.78859453140551,17.380890876624235,,103.52106300888548,73.7238401668087,23.44203444802837,95.07500107880611,40.13108835402568,15.910276279327976,,0.6824242472648621,,0.09446746504800335,0.2698252220062693,,0.14281458554753831,0.11061696138731233,0.31699330563757827,0.009349547890103926,0.5794951429792271,0.24967276888668158,,,,0.1846,3692.0,0.53813154,0.5509666,0.5966125,0.7465245,0.6038941,0.6148889,0.67697453,0.5715886,0.4895000159740448,0.8586145968437194,0.580299973487854,0.8586145968437194,0.013,13.0,0.5147660782318563,0.5143632141435227,0.5146218038015026,0.3444675370283081,0.3444675370283081,0.3444675370283081,0.37571216950205044,0.37571216950205044,0.37571216950205044,-0.0027388985059552742,-0.0027636978884734062,-0.002769026599907909,-0.004918777089179698,-0.004918777089179698,-0.004918777089179698,-0.014633913533920209,-0.014633913533920209,-0.014633913533920209,0.56850004,0.54318184,0.5011628,0.6299342,0.74512196,0.51299214,0.5212599,0.60833335,0.5052500367164612,0.7989048628807068,0.6109000444412231,0.7989048628807068,0.013,13.0,0.6174331675858078,0.6195090435043039,0.6203019259698994,0.43242626096854414,0.4295771677483081,0.43403884478395743,0.5227454248843171,0.5226031589129434,0.5297440041294184,0.0025259458026193698,0.0024591374653018827,0.0024538661406027593,0.005068092395940602,0.003750398939943484,0.004737662672584526,-0.00045337712557605425,-0.0004683038819605867,0.00025985299510392247,0.59153223,0.6063063,0.65328467,0.6950382,0.53292686,0.5859649,0.62764233,0.5850365,0.497375026345253,0.8287597298622131,0.5956000089645386,0.8287597298622131,0.013,13.0,0.566099622908832,0.5669361288239133,0.567461864885701,0.3884468989984261,0.3870223523883081,0.38925319090613275,0.44922879719318376,0.4491576642074969,0.4527280868157344,-0.00010647635166795223,-0.0001522802115857618,-0.00015758022965257478,7.465765338045185e-05,-0.0005841890746181072,-9.0557208297586e-05,-0.0075436453297481314,-0.007551108707940397,-0.007187030269408143,0.58001614,0.5747441,0.5772238,0.6624862,0.6390244,0.54947853,0.5744511,0.59668493,2026-10-05T04:01:48.555987
99,0.6274452209472656,0.4988648295402527,0.7571186518669129,0.6274445056915283,0.7571186518669129,0.8598904155731201,0.9474972532272339,2.906343717956543,0.20944400829076767,10.535404865264892,1.9999538314819336,1.0,10.0,,,,,0.6803719445228577,0.6803719445228577,,,,15.976652584838867,1.5374561353189171,0.09670067302419975,,0.058944287601632964,1.1298985223101963,0.3554430334194071,0.0017647005385529415,0.05424844083275385,2.4568442121432845,,0.0021338952461218276,,73.75651963349361,17.362515419152132,,103.53625692379703,73.69012076991379,23.45970859649075,95.06960549324181,40.42518307145234,15.976500644805325,,0.693124204684215,,0.09574293088950929,0.27169473137065864,,0.14484873679792806,0.11116079506790562,0.3226455903736649,0.009461031164855334,0.5949079713244347,0.2671380434066627,,,,0.13785,2757.0,0.5473136,0.56665325,0.6069136,0.7607622,0.6194704,0.62616163,0.6893277,0.6013442,0.4992999732494354,0.8390233798027038,0.5861000418663025,0.8390233798027038,0.013,13.0,0.42061930245704093,0.4184833576678157,0.42063678861678866,0.2753492129545075,0.2753492129545075,0.2753492129545075,0.34402763905408396,0.34402763905408396,0.34402763905408396,0.03171953949405629,0.03181957122057576,0.03168604332506306,0.04791470319938278,0.04791470319938278,0.04791470319938278,0.04012226058587197,0.04012226058587197,0.04012226058587197,0.554,0.5218182,0.49689922,0.6496711,0.75447154,0.5440945,0.52952754,0.6159091,0.49935004115104675,0.7950221753120422,0.6104499101638794,0.7950221753120422,0.017,17.0,0.5361633275367149,0.541208747951424,0.538401426501892,0.3903152674320769,0.39987759225434655,0.3914419786862521,0.4731196503256328,0.4731776232575495,0.47314362670691085,0.019336262484476282,0.020375454747718017,0.019440388706922627,0.02563975118486604,0.02637598316989367,0.02490579336561323,0.015780045739785784,0.01579356769651047,0.015842021156855596,0.578629,0.60225224,0.64671534,0.7019084,0.5406504,0.5890351,0.62439024,0.59014595,0.4993250072002411,0.8170227775573731,0.5982749760150909,0.8170227775573731,0.015,15.0,0.4783913149968779,0.4798460528096199,0.47951910755934035,0.33283224019329216,0.337613402604427,0.3333955958203798,0.40857364468985835,0.40860263115581674,0.40858563288049743,0.025527900989266286,0.026097512984146885,0.025563216015992842,0.03677722719212441,0.037145343184638226,0.036410248282498,0.027951153162828875,0.02795791414119122,0.027982140871363782,0.5663145,0.5620352,0.57180727,0.6757897,0.64756095,0.5665648,0.5769589,0.6030275,2026-10-05T04:05:44.376214
