epoch,train_eval_mode_acc,train_shuffled_message_acc,train_loss,train_acc,train_combined_loss,train_realised_survival,train_unmixed_survival,train_logit_margin,train_logit_prior_share,train_logit_spread,train_logit_scale,train_sampling_tau,train_pool_effective_examples,train_pool_score_norm,train_pool_score_sd,train_prototyper_mix_share,train_prototyper_within_share,train_referent_spread,train_referent_spread_backbone,train_polarity_separation,train_score_scale,train_score_bias,train_bilinear_weight_norm,train_clip_sender_vision,train_clip_sender_adapter,train_clip_sender_prototyper,train_clip_sender_language_model,train_clip_receiver_vision,train_clip_receiver_adapter,train_clip_receiver_token_embedding,train_clip_receiver_language_model,train_clip_receiver_discriminator,train_clip_log_score_scale,train_clip_log_logit_scale,train_clip_other,train_weight_sender_vision,train_weight_sender_adapter,train_weight_sender_prototyper,train_weight_sender_language_model,train_weight_receiver_vision,train_weight_receiver_adapter,train_weight_receiver_token_embedding,train_weight_receiver_language_model,train_weight_receiver_discriminator,train_weight_log_score_scale,train_weight_log_logit_scale,train_weight_other,train_drift_sender_vision,train_drift_sender_adapter,train_drift_sender_prototyper,train_drift_sender_language_model,train_drift_receiver_vision,train_drift_receiver_adapter,train_drift_receiver_token_embedding,train_drift_receiver_language_model,train_drift_receiver_discriminator,train_drift_log_score_scale,train_drift_log_logit_scale,train_drift_other,train_unique_message_fraction,train_unique_message_count,train_acc_md_and_color_color,train_acc_md_or_color_color,train_acc_md_color,train_acc_md_shape,train_acc_md_and_shape_shape,train_acc_md_and_color_shape,train_acc_md_or_shape_shape,train_acc_md_or_color_shape,test_shuffled_message_acc,test_loss,test_acc,test_combined_loss,test_unique_message_fraction,test_unique_message_count,test_topsim_s1,test_topsim_s2,test_topsim_s3,test_topsim_s4,test_topsim_s5,test_topsim_s6,test_topsim_s1_static,test_topsim_s2_static,test_topsim_s3_static,test_topsim_gt_s1,test_topsim_gt_s2,test_topsim_gt_s3,test_topsim_gt_s4,test_topsim_gt_s5,test_topsim_gt_s6,test_topsim_gt_s1_static,test_topsim_gt_s2_static,test_topsim_gt_s3_static,test_acc_md_and_color_color,test_acc_md_or_color_color,test_acc_md_color,test_acc_md_shape,test_acc_md_and_shape_shape,test_acc_md_and_color_shape,test_acc_md_or_shape_shape,test_acc_md_or_color_shape,test_same_shuffled_message_acc,test_same_loss,test_same_acc,test_same_combined_loss,test_same_unique_message_fraction,test_same_unique_message_count,test_same_topsim_s1,test_same_topsim_s2,test_same_topsim_s3,test_same_topsim_s4,test_same_topsim_s5,test_same_topsim_s6,test_same_topsim_s1_static,test_same_topsim_s2_static,test_same_topsim_s3_static,test_same_topsim_gt_s1,test_same_topsim_gt_s2,test_same_topsim_gt_s3,test_same_topsim_gt_s4,test_same_topsim_gt_s5,test_same_topsim_gt_s6,test_same_topsim_gt_s1_static,test_same_topsim_gt_s2_static,test_same_topsim_gt_s3_static,test_same_acc_md_and_color_color,test_same_acc_md_or_color_color,test_same_acc_md_color,test_same_acc_md_shape,test_same_acc_md_and_shape_shape,test_same_acc_md_and_color_shape,test_same_acc_md_or_shape_shape,test_same_acc_md_or_color_shape,test_avg_shuffled_message_acc,test_avg_loss,test_avg_acc,test_avg_combined_loss,test_avg_unique_message_fraction,test_avg_unique_message_count,test_avg_topsim_s1,test_avg_topsim_s2,test_avg_topsim_s3,test_avg_topsim_s4,test_avg_topsim_s5,test_avg_topsim_s6,test_avg_topsim_s1_static,test_avg_topsim_s2_static,test_avg_topsim_s3_static,test_avg_topsim_gt_s1,test_avg_topsim_gt_s2,test_avg_topsim_gt_s3,test_avg_topsim_gt_s4,test_avg_topsim_gt_s5,test_avg_topsim_gt_s6,test_avg_topsim_gt_s1_static,test_avg_topsim_gt_s2_static,test_avg_topsim_gt_s3_static,test_avg_acc_md_and_color_color,test_avg_acc_md_or_color_color,test_avg_acc_md_color,test_avg_acc_md_shape,test_avg_acc_md_and_shape_shape,test_avg_acc_md_and_color_shape,test_avg_acc_md_or_shape_shape,test_avg_acc_md_or_color_shape,timestamp
0,0.5367227792739868,0.5017224550247192,0.9653850339889526,0.5344246029853821,0.9653850339889526,0.471061288189888,0.5154649083375931,1.6581231067180633,0.678004403924942,0.7635261711835861,1.0387198886871338,1.0,10.0,,,,,0.42475871317386626,0.42475871317386626,,,,18.461163717651367,0.08016855873992061,0.01852467058413324,,0.08947562539036487,0.3770561104367493,0.6664378210712391,0.00826717376342684,0.4678222653545012,1.018213657247033,,0.006974162654465533,,77.28234008011545,19.59718173324682,,102.50126623651784,77.29743884627227,26.123826166626753,95.10329942642504,39.055240169452254,18.46113733425262,,0.04443220966789392,,0.009867631239671213,0.024168248727300744,,0.011635199831324113,0.004627828514811459,0.02253529616886643,0.0003837472310580408,0.03879518965021915,0.028477632654178294,,,,0.587,11740.0,0.5272654,0.5283528,0.5590531,0.551481,0.5233645,0.5263839,0.53311056,0.5259267,0.5006501078605652,0.8481042604446412,0.6004999279975891,0.8481042604446412,0.011,11.0,0.5428176296538115,0.5439205110403201,0.5422226224927633,0.4863754808958328,0.4675378962769404,0.48510095770311024,0.48672590971567303,0.4815593717699269,0.48510095770311024,-0.011524887021429276,-0.01155491162551202,-0.011385643313707157,-0.012677727822447972,-0.009903168701370682,-0.011709971556245934,-0.012677979209681077,-0.011039572625503934,-0.011709971556245934,0.6625,0.595,0.6616279,0.5700658,0.5378049,0.58149606,0.6102362,0.6007576,0.4965500235557556,0.8821211199760437,0.5814499855041504,0.8821211199760437,0.01,10.0,0.4056993356580857,0.4157548674697425,0.40783548328608216,0.35306082160849694,0.3572400686106184,0.35385510740569154,0.35292174650360475,0.35328512332453665,0.3538224243092014,-0.0063153664956142105,-0.0073856052837202755,-0.006866347386957714,-0.009818044127709175,-0.012717088241501431,-0.010233306850422116,-0.009511051508983693,-0.010040550893404561,-0.010217825637339029,0.5931452,0.58468467,0.6974453,0.5614504,0.5296748,0.57894737,0.5471545,0.55073,0.4986000657081604,0.8651126902103424,0.5909749567508698,0.8651126902103424,0.010499999999999999,10.5,0.4742584826559486,0.47983768925503134,0.47502905288942276,0.4197181512521649,0.4123889824437794,0.41947803255440086,0.4198238281096389,0.4174222475472318,0.4194616910061558,-0.008920126758521742,-0.009470258454616147,-0.009125995350332435,-0.011247885975078573,-0.011310128471436056,-0.010971639203334025,-0.011094515359332386,-0.010540061759454248,-0.010963898596792481,0.62782264,0.5898423,0.6795366,0.5657581,0.53373986,0.5802217,0.57869536,0.5757438,2026-10-05T17:44:26.253754
1,0.5765625834465027,0.5009424090385437,0.8956318483352661,0.5753551721572876,0.8956318483352661,0.7297361645698547,0.8028814240455627,2.6370340240478516,0.4771001074790955,1.214532911300659,1.2458820714950563,1.0,10.0,,,,,0.47280452723503114,0.47280452723503114,,,,18.42872819213867,0.25527057886882953,0.03363118933478169,,0.10129148691038417,0.44611712502446144,0.4523760868105919,0.002686604556396224,0.13750403322231997,1.1980574408154578,,0.005048875656730798,,77.24708634880697,19.587133067428685,,102.50264856617922,77.26012498406088,26.100212765347425,95.10210272916564,39.08948786547229,18.428704765951558,,0.2192266174372594,,0.01815975800298961,0.05157913685224618,,0.02202083273630613,0.010487031173791475,0.03761479989358574,0.000535919704358835,0.07907038386080675,0.042505875562027,,,,0.2552,5104.0,0.55727744,0.56115586,0.6174723,0.6004937,0.56362927,0.56313133,0.5746051,0.5641955,0.4990999698638916,0.862266508102417,0.5922000408172607,0.862266508102417,0.015,15.0,0.5238502319406948,0.5208542058726241,0.5233574074530305,0.48739642259093907,0.48204135102796797,0.4875209036821168,0.4440210402135741,0.4430585417524,0.4432395834950352,-0.012450508255160551,-0.011885883913316984,-0.012361776596834783,-0.011908501790763325,-0.006148514822103892,-0.011903550217020217,-0.010903329239276428,-0.010597266142918973,-0.010461385451512569,0.638,0.5581818,0.59341085,0.59703946,0.58821136,0.5661417,0.61574805,0.58522725,0.5111500024795532,0.8759253635406494,0.5877999663352966,0.8759253635406494,0.016,16.0,0.42828885119486243,0.4301319834600503,0.42950421197528205,0.3831121233545835,0.36126034636868726,0.38255309250982983,0.3803406791395093,0.38001656332637057,0.3797626403262151,-0.0006067259690308976,-0.001079653200960171,-0.0014765989126582367,-0.0037383792014957546,-0.008352447660175177,-0.004263708438832648,-0.004392865028372785,-0.005226224070183591,-0.005114045564420173,0.5834677,0.60900897,0.6821168,0.57938933,0.53008133,0.5802632,0.55365855,0.5770073,0.5051249861717224,0.8690959358215332,0.5900000035762787,0.8690959358215332,0.0155,15.5,0.4760695415677786,0.4754930946663372,0.4764308097141563,0.4352542729727613,0.4216508486983276,0.4350369980959733,0.4121808596765417,0.4115375525393853,0.41150111191062516,-0.006528617112095725,-0.006482768557138577,-0.0069191877547465095,-0.00782344049612954,-0.007250481241139535,-0.008083629327926433,-0.007648097133824607,-0.007911745106551283,-0.007787715507966371,0.61073387,0.5835954,0.63776386,0.5882144,0.55914634,0.5732025,0.5847033,0.5811173,2026-10-05T17:48:35.157531
2,0.5875001549720764,0.5011075735092163,0.865551256275177,0.5877943634986877,0.865551256275177,0.7725060906410217,0.8504035661697388,2.671947861480713,0.44438018393516543,1.5345739315032958,1.3887077491760254,1.0,10.0,,,,,0.4191534565925598,0.4191534565925598,,,,18.396656576538085,0.5097582709447593,0.04688590800591335,,0.10547735502907804,0.49203609167390566,0.3669266109918333,0.002028593017162079,0.09767615214986786,1.2440828341207686,,0.004036272789672711,,77.21340582780778,19.570640551816126,,102.49852776982982,77.22280533906002,26.071759898191804,95.10147881963451,39.10513930108137,18.396630827788336,,0.3280630553983579,,0.023069787367134338,0.06611175692764817,,0.026740420075833417,0.015293311630227383,0.04662013348120793,0.0006201068124033891,0.09999543959927407,0.0483018812622614,,,,0.19655,3931.0,0.55964315,0.5813532,0.6108558,0.6271722,0.57977027,0.5729495,0.5922843,0.5774338,0.4977499842643738,0.8872222394943238,0.5710499882698059,0.8872222394943238,0.014,14.0,0.3790558816146885,0.3802842958963975,0.378947282673939,0.29977915737741484,0.30950434865745347,0.29975744461232906,0.31236349849539846,0.31205677764702455,0.31208884710642476,0.000922815797268063,0.0011088947852728826,0.0007811520277952208,0.0025352754346896723,0.0034399526237983338,0.002359713114185116,0.0005868201169030131,0.0006519794035976312,0.0005728119833449432,0.5565,0.5286364,0.51666665,0.5901316,0.61504066,0.5464567,0.622441,0.5818182,0.49505001306533813,0.8738499550819397,0.5766499638557434,0.8738499550819397,0.015,15.0,0.42261548983126745,0.4223282643971515,0.42242522529879634,0.3680448019656174,0.3629217002961193,0.36763631635376637,0.365021518111062,0.3647930903467074,0.3651172864707455,-0.00804565318444958,-0.008167123665999133,-0.007935234807453515,-0.01192687473784043,-0.0140119105290021,-0.01205065815442447,-0.01093902352032347,-0.010859257639347654,-0.011043282399738973,0.5661291,0.5995496,0.63467157,0.5885496,0.5369919,0.56929827,0.56626016,0.5492701,0.49639999866485596,0.8805360972881318,0.5738499760627747,0.8805360972881318,0.014499999999999999,14.5,0.400835685722978,0.4013062801467745,0.4006862539863677,0.3339119796715161,0.33621302447678636,0.3336968804830477,0.3386925083032302,0.338424933996866,0.3386030667885851,-0.003561418693590759,-0.003529114440363125,-0.003577041389829147,-0.004695799651575379,-0.005285978952601883,-0.004845472520119677,-0.005176101701710228,-0.005103639117875011,-0.005235235208197015,0.5613146,0.564093,0.5756691,0.58934057,0.5760163,0.5578775,0.5943506,0.5655441,2026-10-05T17:52:43.447979
3,0.5906248688697815,0.4998200237751007,0.8557487856864929,0.5904653072357178,0.8557487856864929,0.8073118010520935,0.8890765755653381,2.7989308376312256,0.39379461104869845,1.9038213708877563,1.4867930070877076,1.0,10.0,,,,,0.4362898403167725,0.4362898403167725,,,,18.365063507080077,0.7538429258545493,0.058380105657277595,,0.11147792224481606,0.5490025200281933,0.3489967987985368,0.002058692972003749,0.09154221223323208,1.466745029019702,,0.0027003768674108337,,77.1790464364799,19.55633348112653,,102.49218978395888,77.18581604198286,26.041690012451948,95.10034709371578,39.1164003603018,18.36503820966004,,0.3965178433876888,,0.026833433135869396,0.07950826715322057,,0.03002098534896875,0.019564155358702515,0.05350528268297766,0.0006793061349908733,0.1164307843442935,0.05215331902549525,,,,0.1649,3298.0,0.56319165,0.58290374,0.6081022,0.6397117,0.57780373,0.5792121,0.6041312,0.5677393,0.50204998254776,0.907247718334198,0.5705499649047852,0.907247718334198,0.013,13.0,0.4399111587294156,0.440114096015071,0.44250801863342104,0.38479780666754587,0.4020160956772966,0.38577528504993364,0.38835432726319824,0.3893182658448316,0.389367841374653,-0.007905594061228708,-0.008919279490345721,-0.007478445702264796,-0.008932197681476661,-0.01628016812892736,-0.007703180543703609,-0.0083677756139411,-0.008720884430590095,-0.008504069026413251,0.56450003,0.5327273,0.51007754,0.5805921,0.6284553,0.54291344,0.614567,0.58446974,0.504349946975708,0.883457419872284,0.5837500095367432,0.883457419872284,0.013,13.0,0.44170342429984344,0.4425736398685157,0.4463033682882538,0.41298680985128505,0.39072844390627925,0.4111576960789383,0.4084722449031303,0.4095819366084633,0.40804522369221913,0.001871154968355762,-0.00020971531134347224,0.0011771117429066672,0.0019632924344769316,0.002507408146683165,0.002320673225984282,-0.0016358145888821537,-0.0013021031605694065,-0.002254565042440173,0.57500005,0.6265766,0.63978106,0.5835878,0.53739834,0.577193,0.5626017,0.56715333,0.503199964761734,0.895352569103241,0.5771499872207642,0.895352569103241,0.013,13.0,0.4408072915146295,0.44134386794179337,0.4444056934608374,0.39889230825941546,0.39637226979178797,0.39846649056443595,0.3984132860831643,0.3994501012266475,0.3987065325334361,-0.003017219546436473,-0.004564497400844597,-0.0031506669796790643,-0.0034844526234998644,-0.006886379991122097,-0.0026912536588596632,-0.005001795101411627,-0.00501149379557975,-0.005379317034426712,0.5697501,0.57965195,0.5749293,0.58208996,0.5829268,0.5600532,0.5885843,0.5758115,2026-10-05T17:56:52.089803
4,0.5939725041389465,0.4979953169822693,0.8450097135543824,0.5941123962402344,0.8450097135543824,0.8076388832092285,0.8894400045394898,2.686999155807495,0.31063272743225095,2.026756301307678,1.5828613489151,1.0,10.0,,,,,0.39943032732009887,0.39943032732009887,,,,18.333688705444334,0.8152036299561239,0.056630850164516335,,0.10211882874322166,0.5513811014640103,0.39403614178774465,0.0016733554913365774,0.07606853812838056,2.120283751161235,,0.0020565207229013656,,77.14390529948435,19.536848432698825,,102.48643294413378,77.14877596326694,26.01388898472877,95.09886256904359,39.11324626169387,18.33366594496806,,0.45910290510031826,,0.02910695202458816,0.08808922041563472,,0.03328952520706092,0.023148226937290968,0.06060017469772108,0.0007501287181167656,0.12811768520030248,0.054806460596763404,,,,0.1619,3238.0,0.56936646,0.58286345,0.61404514,0.63736176,0.5862539,0.58230305,0.6030579,0.5766599,0.4988499879837036,0.8562191653251648,0.5838500261306763,0.8562191653251648,0.02,20.0,0.41694465880612974,0.41701797893817494,0.4189824076680691,0.352767774338756,0.34683793595234086,0.35274748077137386,0.3609765624666918,0.3608859680006377,0.3609702013307112,-0.0020170738125609984,-0.0024465117568091073,-0.0025204196828119176,-0.006570834899119022,1.127434927029414e-05,-0.006754284047707479,-0.010204316590208725,-0.010110430395556551,-0.010488718036371334,0.585,0.53000003,0.5306202,0.59671056,0.62439024,0.56259847,0.63464564,0.59886366,0.5067999958992004,0.8347170219421387,0.5945000052452087,0.8347170219421387,0.022,22.0,0.4627299197929831,0.4644532178638582,0.4661948099112807,0.4397871230769037,0.43361837493037747,0.4393731728964623,0.424941719760712,0.42742075193375556,0.42186674285587944,0.011872764572100009,0.009154494164893976,0.011243612214258675,0.01260540120048993,0.006908688895392788,0.011131524539699525,0.00926031360730311,0.007718194314323557,0.007718373494657234,0.580242,0.6373874,0.67664236,0.5954198,0.5382114,0.58377194,0.56951225,0.57153285,0.502824991941452,0.8454680936336518,0.5891750156879425,0.8454680936336518,0.020999999999999998,21.0,0.43983728929955646,0.44073559840101656,0.4425886087896749,0.3962774487078299,0.39022815544135914,0.3960603268339181,0.3929591411137019,0.39415335996719664,0.39141847209329533,0.004927845379769505,0.0033539912040424346,0.004361596265723379,0.0030172831506854545,0.0034599816223315413,0.002188620245996023,-0.0004720014914528078,-0.001196118040616497,-0.00138517227085705,0.582621,0.58369374,0.60363126,0.59606516,0.58130085,0.5731852,0.6020789,0.5851983,2026-10-05T18:01:01.552623
5,0.5948247313499451,0.5011325478553772,0.8405705681800842,0.5951071977615356,0.8405705681800842,0.8071914812088012,0.8889428862571717,2.606948168563843,0.26159559572935104,2.378717896270752,1.6716847021102905,1.0,10.0,,,,,0.46381093096733095,0.46381093096733095,,,,18.303965762329103,0.8905019213439552,0.06395714356902109,,0.10379719614365678,0.5644741813847973,0.3599702960746303,0.0016861049688990661,0.07146826495600354,2.2508085901570167,,0.0021652417355862144,,77.10632781010524,19.51728583900792,,102.48020857306803,77.11149660341299,25.981920837596725,95.09730398579008,39.11298251303897,18.303948493520167,,0.5137617591839687,,0.030332231455168147,0.09569699687373107,,0.03625134981361924,0.026077321083967094,0.06648980318361027,0.0008414764206405657,0.13934772124715672,0.058471200406361536,,,,0.1742,3484.0,0.5594627,0.5817761,0.62422746,0.6429107,0.5833917,0.58559597,0.6070069,0.5754379,0.5004000067710876,0.8860686702728271,0.5777498483657837,0.8860686702728271,0.019,19.0,0.3500770510372364,0.3492748778309479,0.35114308058079025,0.3086577741141989,0.2785042195494498,0.28430305308571197,0.3215703666316447,0.32129869140757134,0.3215228190064726,0.0005889752054196624,0.0001672949926617788,-0.0006823336832336551,0.00601532268477945,0.003211112545548935,0.0030023381304231907,0.006409937488230162,0.006157535561795582,0.005133513098651552,0.56350005,0.545,0.51317835,0.59901315,0.63739836,0.56456697,0.6106299,0.5799243,0.500950038433075,0.8714138450622558,0.5840999484062195,0.8714138450622558,0.021,21.0,0.3889009626944968,0.3893153754732961,0.3902438492880634,0.3536571245381291,0.34693150602414335,0.3435698398669728,0.3750243749179196,0.3763952817442502,0.37472797649584305,-0.007690729468010302,-0.008719706770098097,-0.009230880033924879,-0.008036648742621217,-0.006499129291858008,-0.011760629936803843,-0.007115787105270713,-0.0076914908257076945,-0.007958289688988871,0.5705645,0.6013514,0.64416057,0.60305345,0.5280488,0.58377194,0.57804877,0.560219,0.5006750226020813,0.8787412576675415,0.5809248983860016,0.8787412576675415,0.02,20.0,0.3694890068658666,0.369295126652122,0.3706934649344268,0.331157449326164,0.3127178627867966,0.3139364464763424,0.3482973707747822,0.34884698657591073,0.3481253977511578,-0.0035508771312953197,-0.004276205888718159,-0.004956606858579267,-0.0010106630289208832,-0.0016440083731545363,-0.004379145903190326,-0.0003529248085202756,-0.0007669776319560563,-0.0014123882951686596,0.5670323,0.57317567,0.5786694,0.60103333,0.5827236,0.57416946,0.5943394,0.57007164,2026-10-05T18:05:10.326005
6,0.5984549522399902,0.5015949010848999,0.8292200187683105,0.5992172956466675,0.8292200187683105,0.8108578149795532,0.8930165910720825,2.5551063718795777,0.24282767152786255,2.6388438426971437,1.7476341806411744,1.0,10.0,,,,,0.4043476405620575,0.4043476405620575,,,,18.27560238647461,0.9438235195958691,0.0660079407511623,,0.11268912040432737,0.6143509532995285,0.3065999893910566,0.001835599527575645,0.0709359559473718,2.1185568153478536,,0.0022229907562797534,,77.07030263524146,19.498705456970605,,102.48108216303929,77.07404361408987,25.95226685104856,95.09487725519071,39.10497854925265,18.275580169288975,,0.5581764051109362,,0.0317300744947924,0.10273575550241834,,0.04077712384758481,0.02872968479326576,0.0727463705809253,0.0009637757465480619,0.14845895890597324,0.06192420335237388,,,,0.17835,3567.0,0.56493586,0.584998,0.61874014,0.65213275,0.58798677,0.5885657,0.61634266,0.5790428,0.5084499716758728,0.8744197587966919,0.5783499479293823,0.8744197587966919,0.017,17.0,0.33367508933959095,0.3325884847640232,0.3335996542649249,0.2613179371204658,0.26127344820879267,0.26127344820879267,0.27737514906899163,0.2772832404266152,0.27736134962036035,-0.006105729915606033,-0.0070591155419714125,-0.007459321611371901,-0.008690347583770174,-0.008396898131071823,-0.008396898131071823,-0.0027702831059671696,-0.002923150943313952,-0.002824665156852018,0.57,0.5418182,0.51744187,0.5976974,0.64634144,0.553937,0.6102362,0.5818182,0.4959999918937683,0.8602555274963379,0.5845499038696289,0.8602555274963379,0.017,17.0,0.39475707885937533,0.3931692866254498,0.3944611617282117,0.3539454726917466,0.3457859356457471,0.3487000616790641,0.36393477429441906,0.36344073526749776,0.3619143875804032,-0.0025222365585041776,-0.0037866663888102307,-0.003759382223632962,-0.0017224997759243076,-0.006585000875221216,-0.0034389247097420124,-0.0017952743844479103,-0.002006564175639247,-0.002068327131612706,0.57459676,0.59819824,0.63649637,0.6022901,0.53373986,0.5842105,0.5776423,0.56569344,0.5022249817848206,0.867337643146515,0.5814499258995056,0.867337643146515,0.017,17.0,0.36421608409948314,0.3628788856947365,0.3640304079965683,0.3076317049061062,0.30352969192726986,0.30498675494392835,0.3206549616817054,0.3203619878470565,0.3196378686003818,-0.004313983237055105,-0.005422890965390822,-0.005609351917502431,-0.005206423679847241,-0.0074909495031465195,-0.005917911420406918,-0.00228277874520754,-0.0024648575594765996,-0.002446496144232362,0.5722984,0.5700082,0.57696915,0.5999937,0.5900407,0.5690738,0.5939393,0.57375586,2026-10-05T18:09:20.109566
7,0.6002500057220459,0.5004997253417969,0.8218212847709656,0.6005323529243469,0.8218212847709656,0.8392716711044311,0.9245875403404236,2.8234740646362306,0.2635455320119858,2.9911278717041014,1.8027732444763183,1.0,10.0,,,,,0.3929614323616028,0.3929614323616028,,,,18.246765420532228,1.1712417829022477,0.0771111332956749,,0.10861909237933481,0.7354369190088503,0.28555669664007843,0.0015213782257685188,0.060035318895510045,2.3997682900565445,,0.001826438719794528,,77.03448777897343,19.480293201033476,,102.47890972939267,77.0362987153849,25.92036496302125,95.09253469090552,39.08648353625255,18.246740049617305,,0.5893397786814696,,0.03359515834481094,0.10856202064426082,,0.043978791612728385,0.03147550330610032,0.07762974054570411,0.001014957042814345,0.155396782573621,0.06472709148552767,,,,0.13165,2633.0,0.56553733,0.58546114,0.62145406,0.6526461,0.5843263,0.5928889,0.6182057,0.58295316,0.49629998207092285,0.8436689643859864,0.5853999853134155,0.8436689643859864,0.018,18.0,0.4273089887986727,0.4254564098262358,0.4284157928749657,0.40380091470843904,0.37976422311774455,0.3951011105907417,0.3849878663365626,0.3838821141325971,0.38291457334541523,-0.01874143931426951,-0.021054295023368357,-0.022036505849440523,-0.020521172622330264,-0.016634017364327403,-0.018407990827968082,-0.016994312923249492,-0.01769752478190186,-0.01740159786420143,0.5845,0.5427273,0.5178295,0.5973684,0.6601626,0.57086617,0.5992126,0.6049242,0.4925999939441681,0.8175684051513672,0.5986000299453735,0.8175684051513672,0.018,18.0,0.43926965751621877,0.4372691137399099,0.43746465769096005,0.42457475723231136,0.4318360593743531,0.4224647788873475,0.4190595932969352,0.41807386764340765,0.4177233807447207,0.0004284254741089386,-0.0016864577693062501,-0.00018853186545822923,-0.0009195736255214981,-0.009202289405729366,-0.0009663755483017176,-0.0019288474146255017,-0.002661360601804405,-0.0022611390486968266,0.5991936,0.6364865,0.65985405,0.6061069,0.52642274,0.59122807,0.57439023,0.59160584,0.49444998800754547,0.8306186847686767,0.5920000076293945,0.8306186847686767,0.018,18.0,0.4332893231574457,0.43136276178307287,0.43294022528296283,0.41418783597037523,0.4058001412460488,0.40878294473904464,0.40202372981674894,0.40097799088800234,0.40031897704506797,-0.009156506920080285,-0.011370376396337303,-0.011112518857449375,-0.010720373123925882,-0.012918153385028384,-0.0096871831881349,-0.009461580168937497,-0.010179442691853132,-0.009831368456449129,0.5918468,0.5896069,0.5888418,0.6017376,0.5932927,0.5810471,0.5868014,0.59826505,2026-10-05T18:13:28.830821
8,0.6031498312950134,0.5014848709106445,0.8203196801185608,0.603614866733551,0.8203196801185608,0.8449809839248658,0.9309312223434448,2.826047838592529,0.32560339579582215,3.219253360748291,1.844857663154602,1.0,10.0,,,,,0.401961380147934,0.401961380147934,,,,18.218604330444336,1.5881087500957927,0.08083210790019696,,0.10909795841783475,0.8042118875843705,0.30873713580666073,0.0018527191219433168,0.07000630283075723,2.219474574752674,,0.0016582186616207163,,76.99804774970765,19.461308230260375,,102.47510698646497,76.9987980058998,25.889711598681796,95.09054813263522,39.0737518261952,18.218583246704878,,0.6123895637548653,,0.03509369051190698,0.11440239894162317,,0.0464153572632249,0.033830261510458724,0.08193781948203493,0.0010499349605458178,0.16287969831068805,0.06733118083067001,,,,0.12,2400.0,0.5622093,0.58664924,0.6138273,0.6721762,0.592095,0.5870707,0.6322803,0.58152753,0.5025999546051025,0.8603157405853271,0.5751000046730042,0.8603157405853271,0.02,20.0,0.3760785243856694,0.376209347058479,0.37820641332500304,0.32720825247011087,0.3273366490636694,0.3273366490636694,0.30383885997119314,0.3037163869116169,0.30383885997119314,0.001238145094706636,0.0011894905640259708,0.0009493953933844537,0.011493041142968322,0.011526130197651325,0.011526130197651325,0.012107478322225449,0.012075907766714874,0.012107478322225449,0.5665,0.54,0.5224806,0.59407896,0.6764228,0.5311024,0.576378,0.5871212,0.4966999888420105,0.8248799571990967,0.5949500799179077,0.8248799571990967,0.02,20.0,0.39487757297764703,0.3923908242773301,0.3942218154827401,0.39165488258833403,0.3824262809186485,0.3912653742030655,0.39161569422671766,0.3913272591891642,0.3921177068842732,0.0008476927728216298,0.00044113165786035337,0.0002498922933468277,-0.0005245345926808672,-0.0054868145742272435,-0.0009906757220225393,0.0007377956666096507,0.0005971517541166951,0.00026745534220363955,0.5883065,0.62522525,0.6492701,0.617939,0.52276427,0.5828948,0.58943087,0.579927,0.4996499717235565,0.8425978488922119,0.5850250422954559,0.8425978488922119,0.02,20.0,0.38547804868165825,0.3843000856679045,0.38621411440387154,0.35943156752922245,0.3548814649911589,0.3593010116333675,0.3477272770989554,0.3475218230503906,0.3479782834277332,0.0010429189337641327,0.0008153111109431621,0.0005996438433656407,0.005484253275143727,0.0030196578117120407,0.005267727237814393,0.00642263699441755,0.006336529760415785,0.006187466832214545,0.57740325,0.58261263,0.5858754,0.606009,0.5995935,0.5569986,0.58290446,0.5835241,2026-10-05T18:17:39.722252
9,0.6070597767829895,0.4997425377368927,0.8134162271499634,0.6071822047233582,0.8134162271499634,0.8391334911346435,0.9244340084075928,2.7495634716033934,0.29161058361530307,3.43962227973938,1.866893709564209,1.0,10.0,,,,,0.43136429386138914,0.43136429386138914,,,,18.19246372680664,1.656490244493363,0.07955632062189898,,0.10377549421587948,0.8138142465406163,0.3409775769349876,0.0014167989672392986,0.05311998736801421,3.666683611596466,,0.0018061398183070508,,76.96149177308295,19.438069471128426,,102.46800674146907,76.96188699515761,25.859750140244795,95.08942238388548,39.05630349809197,18.192445682112577,,0.6242745666746881,,0.036315237047376145,0.11757078681402146,,0.048284090248642456,0.03611369120182505,0.08672653048471281,0.0010759329132640817,0.169349201450682,0.07051850722473897,,,,0.1261,2522.0,0.5605253,0.58733386,0.61842316,0.68287915,0.5911604,0.6011515,0.6309842,0.5839308,0.5020500421524048,0.8744165830612183,0.5712999701499939,0.8744165830612183,0.021,21.0,0.33662561269898544,0.3222082428723504,0.30524637050850123,0.2966673660609868,0.2970384885374023,0.2978249892494235,0.30761800000022693,0.3079442222875888,0.30846000268292334,0.006780655118515614,0.004199314606055348,0.0013811202310710002,0.010811984639765465,0.01390999623767311,0.012699164805224688,0.01790941430546092,0.017796486675204035,0.017540967411498375,0.554,0.5286364,0.5232558,0.5917764,0.6662602,0.54094493,0.57086617,0.58446974,0.4960499405860901,0.8538707132339478,0.5820000171661377,0.8538707132339478,0.022,22.0,0.41448503645510026,0.4127670024034376,0.40740489692613047,0.41893782939873525,0.42674162474854277,0.41882765858486004,0.4122651039572737,0.4123728948099441,0.41196705047397114,-0.0033925000440663553,-0.003734654040665062,-0.0037818781026586986,-0.0041489534698815915,-0.010745912791712386,-0.007729986177099145,-0.0018808960451589401,-0.0025914817198288585,-0.0029989989173673875,0.56411296,0.5878378,0.6153285,0.60877866,0.54471546,0.56929827,0.58170736,0.57883215,0.49904999136924744,0.864143648147583,0.5766499936580658,0.864143648147583,0.0215,21.5,0.3755553245770429,0.36748762263789403,0.35632563371731585,0.357802597729861,0.3618900566429725,0.3583263239171418,0.35994155197875033,0.36015855854876644,0.36021352657844724,0.0016940775372246294,0.0002323302826951431,-0.0012003789357938493,0.0033315155849419366,0.0015820417229803615,0.0024845893140627716,0.00801425913015099,0.007602502477687588,0.007270984247065493,0.5590565,0.5582371,0.5692922,0.60027754,0.6054878,0.5551216,0.5762868,0.581651,2026-10-05T18:21:50.665704
10,0.6083977818489075,0.5009499788284302,0.8033891766548157,0.6086349487304688,0.8033891766548157,0.8303474647521972,0.9146717570304871,2.593578010940552,0.2358131211042404,3.3866961673736573,1.9080204759597779,1.0,10.0,,,,,0.4449763128757477,0.4449763128757477,,,,18.1657474609375,1.6664854977635821,0.07635321050502691,,0.1012893409830085,0.8711080125942352,0.2621363445072417,0.0016167075287959996,0.05919331200658136,2.4181053048106516,,0.001758389744594705,,76.92486800661513,19.41778785559782,,102.4643033264549,76.92445961533079,25.826724216436883,95.08747105689565,39.04631579453778,18.165725185612963,,0.6460962644807852,,0.037540058872312494,0.12224918323907123,,0.05057346002216552,0.03838239441726618,0.0910675511428505,0.0012414160104480328,0.17669024513025952,0.07372735174977856,,,,0.14645,2929.0,0.559563,0.5757954,0.60764664,0.69593203,0.59098524,0.5998384,0.6452815,0.5931569,0.4960499703884125,0.8541146192550659,0.5791000127792358,0.8541146192550659,0.016,16.0,0.32322268684862054,0.31276865522722747,0.3123160546633043,0.2943545298137133,0.28021479432786417,0.2888530833109594,0.26463613997606533,0.2652004417996818,0.26455885127727435,0.012568653083416204,0.013964477468960783,0.014021455078760276,0.01707398600652377,0.010551925030089447,0.01564522424320436,0.021345539251035564,0.02115292903772373,0.0213196367638301,0.568,0.5345455,0.5244186,0.6069079,0.6768293,0.5570866,0.55551183,0.59886366,0.4949500560760498,0.8221128158569336,0.5961500406265259,0.8221128158569336,0.018,18.0,0.3979183200353566,0.39323103879266225,0.39531767588214217,0.381956694784401,0.36642421564883765,0.3739071939359108,0.38036361946613917,0.3808462386583403,0.3800906255599656,0.0011157143245010398,-0.0008161832662228766,-0.0003002315796216666,0.000728453562695281,-0.0027085321476892706,0.001037714666756363,0.00022810139265978983,-0.000434731632588265,-0.00020084784285647264,0.580242,0.60225224,0.65291977,0.63091606,0.5280488,0.59078944,0.59065044,0.5861314,0.49550001323223114,0.8381137175559998,0.5876250267028809,0.8381137175559998,0.017,17.0,0.3605705034419886,0.35299984700994486,0.35381686527272327,0.3381556122990571,0.32331950498835094,0.33138013862343507,0.3224998797211023,0.323023340229011,0.32232473841861997,0.006842183703958621,0.006574147101368953,0.006860611749569305,0.008901219784609525,0.003921696441200088,0.008341469454980361,0.010786820321847678,0.010359098702567734,0.010559394460486813,0.574121,0.56839883,0.5886692,0.618912,0.60243905,0.573938,0.57308114,0.5924975,2026-10-05T18:26:01.764066
11,0.6100200414657593,0.5005599856376648,0.7988740777969361,0.6097901463508606,0.7988740777969361,0.8322923447608948,0.916832734966278,2.725476236343384,0.25740104517936707,3.3320735481262207,1.9813675233840942,1.0,10.0,,,,,0.4071426155090332,0.4071426155090332,,,,18.137171566772462,2.2304663091518315,0.0960037185377471,,0.12913629382991107,0.9371060596150198,0.25233936805728896,0.0017456075120613477,0.061214114984224556,2.274931171897111,,0.0017316358527843395,,76.88820147666202,19.39507710402179,,102.4579847785318,76.88743430945524,25.79439658875678,95.08397917534894,39.0267165117203,18.137156747708655,,0.6837532387417593,,0.038506224419280984,0.12556869479691146,,0.05267257471183303,0.040539485989672365,0.09460856874657285,0.0013169883083030108,0.1824581655347423,0.07568037889565632,,,,0.13435,2687.0,0.5617282,0.57948047,0.6102219,0.7028239,0.5885125,0.6012525,0.6447955,0.5885336,0.5044000744819641,0.8612682166099548,0.5758001208305359,0.8612682166099548,0.017,17.0,0.29306706113243475,0.2887625334309113,0.2771919731114363,0.25022124442028215,0.2290153112832807,0.23761560018334676,0.21699129534706763,0.21721558222673878,0.22070758016783695,-0.009321240495296836,-0.010179188281526697,-0.00885346642465784,-0.01277453390824662,-0.015735460097122532,-0.015954962270344597,-0.019374505469101883,-0.02005812069477525,-0.0209796299349143,0.575,0.55,0.5069768,0.6078947,0.6804879,0.54291344,0.5377953,0.59886366,0.512700080871582,0.8257725939750672,0.5945500731468201,0.8257725939750672,0.017,17.0,0.42022823346858595,0.4152901437222104,0.41051381333686837,0.3980367606631473,0.371726563119182,0.39100491161858153,0.3623318258637487,0.36525717940913954,0.3653235656823448,0.00040515111730269097,-0.00072719756206238,-0.0005866425711867017,0.0012623806877235294,-0.004341162614415167,0.002254881285760699,0.0024182030176411844,0.002219018790551269,0.0009930573371500695,0.59233874,0.62702703,0.6361314,0.6274809,0.5243902,0.5802632,0.59308946,0.5733577,0.5085500776767731,0.8435204052925109,0.585175096988678,0.8435204052925109,0.017,17.0,0.35664764730051035,0.35202633857656085,0.34385289322415236,0.32412900254171473,0.30037093720123137,0.3143102559009642,0.28966156060540815,0.2912363808179392,0.2930155729250909,-0.0044580446889970725,-0.005453192921794538,-0.004720054497922271,-0.005756076610261545,-0.01003831135576885,-0.0068500404922919485,-0.008478151225730349,-0.00891955095211199,-0.009993286298882114,0.58366936,0.5885135,0.57155406,0.6176878,0.60243905,0.5615883,0.5654424,0.5861107,2026-10-05T18:30:12.782676
12,0.6118377447128296,0.5010003447532654,0.7963310835838318,0.6120423674583435,0.7963310835838318,0.8251114789009094,0.9088539960861206,2.593326893043518,0.21311273200511932,3.3633463386535642,1.998873947906494,1.0,10.0,,,,,0.4153446558952332,0.4153446558952332,,,,18.113210150146486,1.5042398653117715,0.07633957404874644,,0.09963985327868514,0.9129948777377985,0.2713559219127248,0.0014485042919642084,0.05038656721449202,2.959494585064566,,0.0017436823140215098,,76.8509100652804,19.375254612819404,,102.45435231202727,76.8509537520682,25.763128620803737,95.0819266252457,39.0145094804703,18.113192224198844,,0.6925858794503911,,0.03934202497457243,0.13002948339577694,,0.05498017325617705,0.04223168778951001,0.09837027966596518,0.0014002841658546192,0.18890617151928554,0.07944361528583394,,,,0.15045,3009.0,0.5659383,0.5750705,0.6212956,0.69705766,0.5968263,0.60656565,0.64414746,0.5882281,0.5020999312400818,0.8655341987609864,0.5779500007629395,0.8655341987609864,0.019,19.0,0.30132460227407737,0.29314416276720434,0.29424819917326356,0.2644727884602939,0.26240306787316287,0.2650027387895049,0.2553869427515025,0.2455353123591104,0.2557839466092108,0.007444209166713882,0.008550188766348218,0.008066624912848926,0.01443542106562588,0.01295429688625202,0.014647126569349436,0.015674695895439142,0.014619862750027348,0.015548997622994614,0.5695,0.535,0.53023255,0.6013158,0.6788618,0.56496066,0.5437008,0.5912879,0.49855002760887146,0.8310486640930176,0.5950500965118408,0.8310486640930176,0.023,23.0,0.4023032650834576,0.40095878361066023,0.39830651851564713,0.3697543788108742,0.3673824194152837,0.3666534501868851,0.37944223803987076,0.37940792290553416,0.38129578197845,-0.0003527252859274918,-0.001503195629465732,-0.0013667118638124019,0.0006913313998314818,-0.0038758082466814783,-0.001385003670170274,-0.0014229358433783424,-0.0016034708203141851,-0.0013248576030372946,0.58629036,0.6103604,0.6423358,0.6339695,0.5365854,0.5877193,0.59390247,0.56569344,0.5003249794244766,0.848291431427002,0.5865000486373901,0.848291431427002,0.020999999999999998,21.0,0.35181393367876745,0.34705147318893226,0.3462773588444553,0.31711358363558406,0.31489274364422326,0.31582809448819504,0.31741459039568665,0.3124716176323223,0.3185398642938304,0.003545741940393195,0.003523496568441243,0.0033499565245182624,0.007563376232728681,0.004539244319785271,0.006631061449589581,0.007125880026030399,0.006508195964856581,0.00711207000997866,0.57789516,0.57268023,0.58628416,0.61764264,0.6077236,0.57633996,0.56880164,0.5784907,2026-10-05T18:34:23.546981
13,0.6121155619621277,0.4996551275253296,0.7956264676094055,0.6123227477073669,0.7956264676094055,0.8200726956367492,0.9032553479194642,2.5912630460739137,0.23071899452209474,3.939534530258179,1.9976759372711181,1.0,10.0,,,,,0.44403178544044497,0.44403178544044497,,,,18.089034585571287,1.4433311482855848,0.07070070306420516,,0.09458133944304316,0.9412652979231184,0.27995357788197556,0.0013849065749561948,0.04713108949363232,3.1758430571692764,,0.0016479514286019928,,76.81218758358318,19.353949820160107,,102.45669025979984,76.81384748713985,25.7292611674898,95.0810849135089,38.99643512895912,18.08901491590366,,0.6919673183921037,,0.03979929897246087,0.13282279148223294,,0.05831344748378559,0.043944539253119454,0.10256950419609713,0.001494455905364245,0.19442075785178287,0.08353999693682239,,,,0.15745,3149.0,0.5594227,0.57799035,0.615214,0.70256716,0.5875584,0.61337376,0.64848113,0.5932179,0.4981499910354614,0.8566133389472962,0.5835499167442322,0.8566133389472962,0.027,27.0,0.2726079463854275,0.256676119794044,0.2605188208825689,0.23630461591101562,0.21191983461625305,0.22376313814286236,0.2607941353340218,0.2533952610827467,0.2614277943832925,0.03190468659840755,0.030967440390350376,0.030974396631195247,0.025224174968860185,0.014864613790659035,0.01622995917187342,0.01730297667704858,0.017561849448874886,0.017768632790441045,0.55850005,0.5427273,0.5344962,0.61513156,0.6890244,0.56141734,0.557874,0.59583336,0.49824994802474976,0.8394545607566833,0.5919000506401062,0.8394545607566833,0.029,29.0,0.39447713896578995,0.3840235901721869,0.3858922346194699,0.3760784187056806,0.35180334091946974,0.35610174792618843,0.38664126916353897,0.38342694836261065,0.3851565215097089,0.003958423997742991,0.002870558939237741,0.0029073465634264703,0.0066939312605742984,0.01342562762815729,0.008339427076804934,0.00328454402905447,0.0028354573878975483,0.0020800955275440914,0.5754032,0.60045046,0.62992704,0.63778627,0.53292686,0.5868421,0.5995935,0.56824815,0.4981999695301056,0.8480339498519898,0.5877249836921692,0.8480339498519898,0.028,28.0,0.33354254267560873,0.3203498549831154,0.3232055277510194,0.3061915173083481,0.2818615877678614,0.28993244303452537,0.3237177022487804,0.31841110472267864,0.3232921579465007,0.017931555298075268,0.016918999664794057,0.016940871597310857,0.015959053114717243,0.014145120709408163,0.012284693124339177,0.010293760353051526,0.010198653418386217,0.009924364158992569,0.56695163,0.5715889,0.5822116,0.6264589,0.6109756,0.5741297,0.5787338,0.5820408,2026-10-05T18:38:34.731966
14,0.6128522753715515,0.5003876090049744,0.795630685710907,0.6131500601768494,0.795630685710907,0.8318827001571655,0.9163775739669799,2.6616110054016113,0.19859630432128905,4.514052617645263,1.99624857006073,1.0,10.0,,,,,0.4909929702281952,0.4909929702281952,,,,18.065615481567384,1.7780102751199987,0.07711196300176204,,0.09358932569646722,0.9344644812261982,0.2741481847349246,0.0013790977284591052,0.046073151064241764,3.7362837149838732,,0.0018517261361377017,,76.7738196986496,19.32968450655603,,102.45586516750846,76.7769042579991,25.699338269081846,95.07908474867511,38.98659724338799,18.065596708066902,,0.6912585033732614,,0.04047550709479174,0.13624456410954713,,0.06116600310916354,0.04520274736699025,0.1070831605962887,0.0016062611337324046,0.20074993580769582,0.08712829435896721,,,,0.15675,3135.0,0.55876106,0.5821184,0.6136094,0.7068326,0.5950545,0.60523236,0.6496152,0.5929328,0.5014000535011292,0.8505150980949402,0.5779500007629395,0.8505150980949402,0.028,28.0,0.27715021683355856,0.26224365227252905,0.26330687846890405,0.2978772731932826,0.2888683508779518,0.29268393101592927,0.2754765587709866,0.2742090260486132,0.27205968445534273,0.02426570159436804,0.02362774087780229,0.02244481320251644,0.009524217908232244,0.00794929101294034,0.0082381756067921,0.013879327267036189,0.01393549561688032,0.011633274733869116,0.559,0.51272726,0.518217,0.6138158,0.692683,0.54685044,0.5665355,0.5977273,0.496050089597702,0.8284187197685242,0.5893000364303589,0.8284187197685242,0.03,30.0,0.34627359771597926,0.33787735787143924,0.34070757433671855,0.3368417144998297,0.31693413793244746,0.3216764678545104,0.3559262113268177,0.3530723057080319,0.35511239026081176,0.0044048530362136625,0.003874037067120976,0.004633022231319735,0.0023920279490735725,0.002619386754145063,0.0036103430015859824,0.004324597784247861,0.00274211756271633,0.0033194112103532235,0.5733871,0.58963966,0.63503647,0.64160305,0.5361789,0.58070177,0.59308946,0.55912405,0.4987250715494156,0.8394669089317321,0.5836250185966492,0.8394669089317321,0.028999999999999998,29.0,0.31171190727476894,0.3000605050719841,0.3020072264028113,0.31735949384655615,0.3029012444051996,0.3071801994352198,0.3157013850489021,0.3136406658783225,0.3135860373580772,0.014335277315290853,0.013750888972461633,0.013538917716918087,0.005958122928652909,0.005284338883542702,0.0059242593041890414,0.009101962525642025,0.008338806589798325,0.00747634297211117,0.5661936,0.55118346,0.5766268,0.6277094,0.6144309,0.56377614,0.57981247,0.57842565,2026-10-05T18:42:46.665273
15,0.6115150451660156,0.5007228255271912,0.7947067366600037,0.6114900708198547,0.7947067366600037,0.8304866494178772,0.9148264081954957,2.458309684944153,0.20166646473407746,4.154182935333252,1.9993747579574586,1.0,10.0,,,,,0.43915885410308836,0.43915885410308836,,,,18.039284951782225,1.6197666755764728,0.05935143682494712,,0.07797314711271008,0.9756139380157374,0.24834738121290875,0.0011890200888967902,0.041928752835626436,3.3725833245523416,,0.0013409527477236973,,76.73634527898898,19.306832234570933,,102.4507087172976,76.73985470328361,25.66680158627261,95.07721880287122,38.96522565708039,18.039261495991116,,0.6928321741948462,,0.041221090657695844,0.13897730894149488,,0.06324824667090823,0.046703911961833385,0.11106398772851676,0.0017081472665296904,0.20558554380183008,0.08977987285062766,,,,0.14365,2873.0,0.5416199,0.5580145,0.5981775,0.72454584,0.59686524,0.6094949,0.66502637,0.59710795,0.498850017786026,0.824913227558136,0.5917500853538513,0.824913227558136,0.03,30.0,0.2862250727692659,0.2724165359936336,0.2751594442278352,0.2670987852041808,0.2610985146576557,0.2645498665486201,0.18987489232122534,0.189926882768375,0.18890498750308304,0.027399108745624696,0.02787043190137394,0.02762536927716129,0.025038034024013476,0.022213124560228368,0.02417944490976892,0.027132712183209978,0.02709232307413697,0.026305586527237124,0.572,0.5231818,0.51472867,0.63717103,0.7276423,0.5350394,0.57519686,0.6306818,0.5008000135421753,0.8159138722419739,0.5958999991416931,0.8159138722419739,0.03,30.0,0.40065021691190467,0.39521172807147004,0.397982568120001,0.38895086530676215,0.3653012824401593,0.37360333162123555,0.3976413944965744,0.3985877527554225,0.3961454195740485,0.010217798011424323,0.009404473308899588,0.008239646413582246,0.011937162889357393,0.004934833193015804,0.0078227879012872,0.009735960322209778,0.009053377673151872,0.00730346497817993,0.5737903,0.5927928,0.6237227,0.6713741,0.5345529,0.56929827,0.61585367,0.5777372,0.49982501566410065,0.8204135499000549,0.5938250422477722,0.8204135499000549,0.03,30.0,0.34343764484058525,0.33381413203255184,0.3365710061739181,0.3280248252554715,0.3131998985489075,0.3190765990849278,0.29375814340889983,0.2942573177618988,0.29252520353856576,0.01880845337852451,0.018637452605136762,0.01793250784537177,0.018487598456685433,0.013573978876622086,0.016001116405528062,0.018434336252709876,0.018072850373644422,0.016804525752708528,0.57289517,0.55798733,0.56922567,0.65427256,0.63109756,0.55216885,0.59552526,0.60420954,2026-10-05T18:46:57.817163
16,0.6134874224662781,0.4972299337387085,0.7909679110527038,0.6135374903678894,0.7909679110527038,0.8272034673690796,0.9111784306526184,2.4684670854568482,0.19481687989234925,4.197128944396972,1.9981226280212403,1.0,10.0,,,,,0.43176791043281554,0.43176791043281554,,,,18.011826803588868,2.12228353615779,0.0848898254142137,,0.09666690434726655,1.0262051818856768,0.2837961471289586,0.0013247093999206687,0.04614901508258027,3.761782889343371,,0.0017936785975015117,,76.69769398877575,19.282346069433128,,102.44325839486092,76.70309783546787,25.63343854770539,95.07545893966773,38.9335685535601,18.011807180514,,0.6921998087767582,,0.04153544128320779,0.14128355634440282,,0.06467411937607322,0.04802971874262876,0.11470293861096072,0.001712256485661551,0.2090690508010281,0.09167375277941393,,,,0.1495,2990.0,0.5496592,0.57196945,0.6066165,0.7200632,0.59762466,0.60961616,0.65741193,0.59419554,0.4962999224662781,0.8587273716926574,0.5801500678062439,0.8587273716926574,0.024,24.0,0.21950973742363025,0.21336400579311132,0.21361805698368405,0.20885028124836796,0.1925410950017659,0.2066860706613117,0.20470346160139,0.20025217463849096,0.2038908720833464,0.014345022230191682,0.01448477473946097,0.013703243042104437,0.009336646477863255,0.0047449283186426425,0.010275538981885868,0.013851450436827391,0.014450582546383026,0.013961712191090702,0.5615,0.5268182,0.51007754,0.6118421,0.7028456,0.55275595,0.55669296,0.60530305,0.5058500170707703,0.8428741121292114,0.5864000916481018,0.8428741121292114,0.022,22.0,0.3406007381032013,0.33445804676724294,0.3361176616806497,0.3292760265268934,0.3238486152883364,0.3287275531166192,0.32285213809285923,0.3239361923280744,0.3225120046673016,-0.01294533365528801,-0.012896639520583035,-0.01272181239528449,-0.01096451328849987,-0.011532642183122567,-0.010478993763481053,-0.013073564559600914,-0.013339623062423523,-0.013068328833741661,0.5653226,0.5905406,0.6113139,0.65038174,0.53373986,0.577193,0.59837395,0.560219,0.5010749697685242,0.8508007419109345,0.5832750797271729,0.8508007419109345,0.023,23.0,0.2800552377634158,0.27391102628017716,0.2748678593321669,0.2690631538876307,0.25819485514505114,0.26770681188896545,0.2637777998471246,0.26209418348328267,0.263201438375324,0.0006998442874518365,0.0007940676094389679,0.0004907153234099734,-0.0008139334053183078,-0.003393856932239962,-0.00010172739079759244,0.000388942938613239,0.0005554797419797513,0.00044669167867452016,0.5634113,0.5586794,0.5606957,0.6311119,0.6182927,0.5649745,0.5775335,0.58276105,2026-10-05T18:51:08.843937
17,0.6156550645828247,0.4997699558734894,0.7868852712631226,0.6159201860427856,0.7868852712631226,0.8351264381408692,0.9199817281723023,2.4861923025131225,0.20358685977458954,4.140539763641358,1.98716203956604,1.0,10.0,,,,,0.4140370879650116,0.4140370879650116,,,,17.98825521850586,1.6665914548667753,0.07848033604840897,,0.09111286419485311,1.0322373983966318,0.2809712955146838,0.0013191249817728428,0.04526597419219792,3.663079787211813,,0.001439708284570266,,76.66088527023413,19.258225665730276,,102.4406282461373,76.66639840678805,25.601489838521193,95.0731431511557,38.9211326647716,17.98823192620733,,0.6866945973627127,,0.04232030537477724,0.1441598417842464,,0.0666338268928467,0.04927103973592922,0.1186228146788421,0.001688389614770177,0.21466090506429125,0.09519642022005312,,,,0.13815,2763.0,0.54109865,0.56453884,0.6124604,0.727034,0.6035047,0.62034345,0.6598421,0.5972098,0.5021999478340149,0.8501475138664245,0.5833500027656555,0.8501475138664245,0.022,22.0,0.22920986986077752,0.2141223540594745,0.22862335445907078,0.2141597071568048,0.21413285259686904,0.21525152327933006,0.17167938219140552,0.17128658882333403,0.17203380899749088,0.016600114474772474,0.015432128734077595,0.01659218516405481,0.018339384398376596,0.016395961718253804,0.016089284474916133,0.01288025134785813,0.012629186193606291,0.013034292860109124,0.577,0.5259091,0.5209303,0.6029605,0.72195125,0.5665355,0.51968503,0.62272733,0.5081999897956848,0.8299258408546448,0.5934999585151672,0.8299258408546448,0.023,23.0,0.36188910444274813,0.3529121120439246,0.36084561685139094,0.3336220328383436,0.3186998689374071,0.3316964542245212,0.30315806783100596,0.30034825021504546,0.30301756881668307,-0.015629025953108246,-0.016629072315573614,-0.01761528633630586,-0.015982918568471987,-0.015476623605153159,-0.018063158538355856,-0.01820903778401199,-0.01929118227592908,-0.019896404643687138,0.56330645,0.5995496,0.60985404,0.6770993,0.5406504,0.5859649,0.606504,0.5616789,0.5051999688148499,0.8400366773605347,0.5884249806404114,0.8400366773605347,0.0225,22.5,0.2955494871517628,0.2835172330516995,0.29473448565523086,0.27389086999757417,0.26641636076713804,0.27347398875192563,0.23741872501120576,0.23581741951918975,0.23752568890708697,0.0004855442608321138,-0.0005984717907480093,-0.0005115505861255244,0.0011782329149523044,0.0004596690565503228,-0.0009869370317198613,-0.002664393218076931,-0.0033309980411613937,-0.003431055891789007,0.57015324,0.56272936,0.56539214,0.6400299,0.6313008,0.5762502,0.5630945,0.59220314,2026-10-05T18:55:19.935987
18,0.6154073476791382,0.4982450306415558,0.786410689163208,0.6154125332832336,0.786410689163208,0.8377858359336853,0.922936610507965,2.537635496139526,0.1895829827308655,4.3437040874481205,1.9948649061203003,1.0,10.0,,,,,0.4154432686328888,0.4154432686328888,,,,17.960306658935547,1.3563356743354327,0.06665534664028484,,0.07341900117736856,1.0625574015508032,0.25802318697237664,0.0013174002739499994,0.04418167111220633,3.428841902856614,,0.0011302735815226963,,76.62336939914971,19.232901239091422,,102.43240827815548,76.62957807407258,25.568899264001544,95.0703235310354,38.89520693736471,17.96028336445997,,0.6905703977414757,,0.04302235581218057,0.1461326952572841,,0.06781442738642358,0.05048468566624222,0.12199072335745878,0.0017444970454000364,0.21868572388864627,0.09669937539821977,,,,0.13425,2685.0,0.5497594,0.5666734,0.6078051,0.72454584,0.59497666,0.6162828,0.6636088,0.59869653,0.5060499310493469,0.8264761824607849,0.5922500491142273,0.8264761824607849,0.028,28.0,0.3395331691767967,0.3349963097316463,0.3377474964135811,0.3260756308582027,0.31578587522509916,0.32659766703706694,0.3295885944728898,0.3342255734308717,0.3308994490883793,0.018519718811101267,0.01692372497869489,0.016686113545930793,0.010700840973274794,0.012093758188675944,0.009774463079038627,0.01191836667919478,0.012138641284039835,0.011225121219435183,0.5605,0.51772726,0.53294575,0.66151315,0.7528455,0.49921262,0.5582677,0.62916666,0.5015999674797058,0.8433767986297608,0.5824500322341919,0.8433767986297608,0.029,29.0,0.37679745752234917,0.3674205069071787,0.3747111704872509,0.35204379013073944,0.33933175714591046,0.3480466803206335,0.3337053218581281,0.3336718083868344,0.33112656588539574,-0.0014323054347398201,-0.002467431239615881,-0.0025332982601947596,-0.00017296067427583644,-0.0023978515201830775,-0.0019090975125357888,0.002900766804416377,0.0018417491619087624,0.001063460706904368,0.5516129,0.54684687,0.55875915,0.6816794,0.54390246,0.5675439,0.6199187,0.58138686,0.5038249492645264,0.8349264905452729,0.5873500406742096,0.8349264905452729,0.0285,28.5,0.3581653133495729,0.35120840831941247,0.35622933345041596,0.33905971049447103,0.3275588161855048,0.3373221736788502,0.33164695816550893,0.33394869090885304,0.33101300748688756,0.008543706688180724,0.007228146869539504,0.0070764076428680165,0.005263940149499479,0.004847953334246433,0.003932682783251419,0.007409566741805578,0.006990195222974299,0.006144290963169775,0.5560565,0.53228706,0.5458524,0.6715963,0.64837396,0.53337824,0.5890932,0.60527676,2026-10-05T18:59:30.725946
19,0.6120551228523254,0.5015295147895813,0.7912018330574035,0.6122173070907593,0.7912018330574035,0.824933311367035,0.9086560283660888,2.4343075103759766,0.19614938971996307,4.3240231601715085,1.9978729930877686,1.0,10.0,,,,,0.4200432496547699,0.4200432496547699,,,,17.93189450378418,1.5066288478530137,0.08367616636826876,,0.0819949832400841,1.121130514676404,0.22887390728589077,0.0009001672459220526,0.03135193747343721,4.244106682622508,,0.001385313414158092,,76.5854829921844,19.208868694912855,,102.42656387037532,76.59262668099373,25.534074516053412,95.06948279119601,38.871610726520515,17.931873321533203,,0.6920721458781297,,0.0434717524345893,0.1484050142347433,,0.06911845747262808,0.05165384503401768,0.1253542587350888,0.0018787787260285988,0.2227875019904155,0.09814871183246564,,,,0.1468,2936.0,0.54017645,0.5534233,0.6004358,0.73276067,0.5933217,0.613697,0.6691373,0.59368634,0.49740004539489746,0.8436658554077149,0.5861001014709473,0.8436658554077149,0.025,25.0,0.2707537371340488,0.26116084159931685,0.2682517397135763,0.2609586197029469,0.261394100184598,0.2610294189421197,0.225531229005279,0.22316866992272968,0.22406024428433943,0.014203286049837567,0.015135075460278202,0.014406334673171161,0.006262970821198635,0.009111821307284735,0.007229678469328125,0.013329291871373765,0.008393240769579941,0.013481503587193378,0.56200004,0.50863636,0.51976746,0.63223684,0.73333335,0.5035433,0.57952756,0.62916666,0.49640002846717834,0.824440945148468,0.5955499410629272,0.824440945148468,0.025,25.0,0.3536545701524875,0.34820778794588836,0.35256173864009094,0.35660651332585763,0.34715248106301844,0.34837192109574194,0.32190297426207237,0.32085045506489634,0.32133290746237075,-0.0020031649356309217,-0.0035482717372243597,-0.002803535277440638,-0.00610871655651781,-0.008141429862189511,-0.008089715287268063,-0.00524237234034953,-0.00691386835780255,-0.0070469311946579115,0.5608871,0.58063066,0.6051095,0.6824428,0.5434959,0.59210527,0.6203252,0.5737226,0.4969000369310379,0.8340534002780915,0.5908250212669373,0.8340534002780915,0.025,25.0,0.31220415364326815,0.3046843147726026,0.3104067391768336,0.3087825665144023,0.30427329062380826,0.3047006700189308,0.2737171016336757,0.27200956249381303,0.2726965758733551,0.006100060557103323,0.005793401861526921,0.005801399697865262,7.712713234041225e-05,0.0004851957225476119,-0.0004300184089699689,0.004043459765512117,0.0007396862058886957,0.003217286196267733,0.56144357,0.5446335,0.5624385,0.6573398,0.6384146,0.54782426,0.59992635,0.6014446,2026-10-05T19:03:41.476058
20,0.617175281047821,0.499297559261322,0.7780714735031128,0.6174423098564148,0.7780714735031128,0.8191801637649536,0.9022636484146118,2.421323795700073,0.18095740928649903,4.35057015953064,1.995634614944458,1.0,10.0,,,,,0.4161795907497406,0.4161795907497406,,,,17.90417124938965,0.9798980264147376,0.0423826727405143,,0.0561133125206681,1.0392081872293144,0.21948145187584459,0.0012278167058559501,0.03821829155941678,3.1127991199873057,,0.0014484618675700762,,76.54775772580675,19.183492356804525,,102.4208146113499,76.55562479784534,25.498828985129194,95.06863320709034,38.86260364313794,17.90414937742197,,0.6909629383664222,,0.04422713415163338,0.14990774119735523,,0.07045141716671598,0.05286186214560156,0.12784866229364067,0.001962804326722339,0.2282780475297551,0.09948302093584827,,,,0.16745,3349.0,0.5416199,0.55253726,0.596355,0.74806476,0.60739875,0.6157778,0.6738761,0.6025051,0.4991000294685364,0.8154857487678527,0.5970001220703125,0.8154857487678527,0.019,19.0,0.31851996313498027,0.30786542111001675,0.3197826800779222,0.28019993400303606,0.24073521428190237,0.28023082702597557,0.32859246959907523,0.3309917171666972,0.32518950368179056,-0.01803720155589797,-0.01837402967940895,-0.01955809810068657,-0.02471184933521091,-0.014969427316932411,-0.0255172742595632,-0.01742544649340322,-0.015662948491277556,-0.017325821323528244,0.569,0.5254546,0.54612404,0.66052634,0.75528455,0.54881895,0.5259843,0.6215909,0.497700035572052,0.8184349436759949,0.5940999984741211,0.8184349436759949,0.021,21.0,0.37261023034424595,0.3684308666204528,0.3752581803573481,0.3429007763375775,0.3382890838214227,0.343890095616728,0.38008325278417027,0.37838980388736776,0.3800986281627246,0.019720980429219596,0.0206245068656781,0.02038084574058637,0.016238432667337564,0.010817364134692501,0.01516568521935366,0.01398961864745189,0.014775412200179982,0.013590084793225614,0.558871,0.5585586,0.58795625,0.69541985,0.54471546,0.5868421,0.6256098,0.5861314,0.4984000325202942,0.8169603462219238,0.5955500602722168,0.8169603462219238,0.02,20.0,0.3455650967396131,0.3381481438652348,0.3475204302176351,0.31155035517030677,0.28951214905166256,0.3120604613213518,0.35433786119162275,0.35469076052703247,0.3526440659222576,0.0008418894366608136,0.001125238593134575,0.000411373819949901,-0.004236708333936672,-0.002076031591119955,-0.00517579452010477,-0.0017179139229756644,-0.0004437681455487872,-0.001867868265151315,0.5639355,0.5420066,0.56704015,0.6779731,0.65,0.56783056,0.5757971,0.60386115,2026-10-05T19:07:52.538855
21,0.6175325512886047,0.4975398778915405,0.7807472569465638,0.617862343788147,0.7807472569465638,0.8128311718940735,0.8952092073440552,2.2915219932556155,0.18464879791736602,4.3259850608825685,1.9870394557952882,1.0,10.0,,,,,0.4153671389579773,0.4153671389579773,,,,17.87499530029297,0.8223757066164806,0.035586542470653536,,0.048519114951846326,1.1440684138589603,0.2894817014123983,0.0016027473811961854,0.04935089934759649,3.0160180132859833,,0.0015123958130675564,,76.5100032053176,19.15611772476488,,102.41585186028937,76.51913311223315,25.46628236466912,95.06765411765713,38.843563225618595,17.874974852154967,,0.6866256063151511,,0.04489881483612546,0.1507947913780334,,0.071668871648752,0.053983509682925646,0.13026854044692532,0.0021558474603992927,0.23273178014405974,0.10008411289780003,,,,0.16325,3265.0,0.5356255,0.5540878,0.5935024,0.74597156,0.6089758,0.6187677,0.6787971,0.6059267,0.5044999718666077,0.8361202878952027,0.5884499549865723,0.8361202878952027,0.022,22.0,0.22873471110646246,0.22202792519485995,0.22864623940845616,0.21024429865006625,0.1832549579074751,0.20475198646599638,0.252275417685087,0.25328210669189927,0.25211787041986955,0.016491033102652958,0.017897060635816493,0.015332911027631723,0.025690190483233944,0.03028474448404988,0.026828191283167054,0.019294265618656693,0.019507916769953088,0.0180824208806678,0.574,0.53,0.5387597,0.6391447,0.74390244,0.5503937,0.50078744,0.61439395,0.5003499388694763,0.815922625541687,0.5997999906539917,0.815922625541687,0.027,27.0,0.3672620365215479,0.3619915687908318,0.36836901425808055,0.335678132801164,0.3352214487609904,0.34356278364469034,0.3858621786729434,0.3813159472414389,0.3847579777816826,0.0005374228255049861,-0.0008845339923509861,-0.0001507939469813496,-0.008787926394260579,-0.0043877468540381055,-0.007640280020098637,0.001157587414226665,-0.0009449104171645609,0.00010998237483071141,0.5637097,0.59324324,0.6021898,0.69007635,0.5487805,0.5956141,0.6170732,0.5828467,0.502424955368042,0.8260214567184448,0.594124972820282,0.8260214567184448,0.0245,24.5,0.2979983738140052,0.2920097469928459,0.29850762683326837,0.2729612157256151,0.25923820333423275,0.27415738505534337,0.31906879817901523,0.3172990269666691,0.3184379241007761,0.008514227964078972,0.008506263321732753,0.007591058540325187,0.008451132044486682,0.012948498815005887,0.009593955631534208,0.010225926516441679,0.009281503176394264,0.009096201627749257,0.5688548,0.5616216,0.57047474,0.6646105,0.64634144,0.5730039,0.5589303,0.5986203,2026-10-05T19:12:03.776129
22,0.6197546720504761,0.49933764338493347,0.7744190795898438,0.6201449036598206,0.7744190795898438,0.8020634320259095,0.8832450549125671,2.1604122966766357,0.1880112568616867,4.36212119102478,1.97760396900177,1.0,10.0,,,,,0.42329890069961545,0.42329890069961545,,,,17.847291122436523,1.1456232740525987,0.04442613641286542,,0.05960787452199751,1.17437892848519,0.26298463263898897,0.0014943450896564728,0.04494837153655518,3.0278552561808545,,0.0016771779160167663,,76.47220052731265,19.130079864696334,,102.4097802714937,76.48294461001257,25.43481702865309,95.06640357728217,38.83621121060317,17.84726863302243,,0.6819136776741902,,0.04549277585687911,0.15206557578721625,,0.07281826374826918,0.0549543066911257,0.13302452511088864,0.0023445654719783243,0.2382523777188769,0.10184665883232834,,,,0.1767,3534.0,0.5411387,0.5603907,0.60128766,0.7456754,0.60625,0.62151515,0.67762256,0.60611,0.5050500631332397,0.8246095643043518,0.5965499877929688,0.8246095643043518,0.033,33.0,0.24710394190596155,0.24218808026225852,0.24658954270356465,0.24065730719513517,0.23746815402400975,0.24002624570483097,0.2785811372794537,0.2821408983981976,0.2817655101084837,0.019472548088044817,0.019540211426947875,0.018167186278782967,0.01907849084587983,0.02329790759537367,0.018210573163126617,0.01594392401334013,0.015717023887966086,0.014619214452126302,0.5835,0.52772725,0.53217053,0.6476974,0.75731707,0.5704725,0.503937,0.632197,0.4934999346733093,0.8228411602973938,0.5977500081062317,0.8228411602973938,0.027,27.0,0.3507063963532066,0.33973259036905507,0.34455145743879917,0.3537366026775545,0.33501226612877744,0.331027554117788,0.355411855288507,0.3507524936140769,0.3525913578975715,0.008344633942861909,0.006494625152102294,0.005957714503848555,0.002829995723180413,0.0073915638311110405,0.004275283600841773,0.005440403346248055,0.003694376278174469,0.004283355742404965,0.5600807,0.5626126,0.5970803,0.69389313,0.55528456,0.5929825,0.62642276,0.5854015,0.49927499890327454,0.8237253623008729,0.5971499979496002,0.8237253623008729,0.03,30.0,0.2989051691295841,0.2909603353156568,0.2955705000711819,0.29719695493634485,0.2862402100763936,0.2855268999113095,0.31699649628398036,0.3164466960061373,0.3171784340030276,0.013908591015453362,0.013017418289525084,0.012062450391315762,0.010954243284530122,0.015344735713242356,0.011242928381984195,0.010692163679794092,0.009705700083070277,0.009451285097265633,0.57179034,0.54516995,0.5646254,0.67079526,0.6563008,0.5817275,0.5651799,0.6087992,2026-10-05T19:16:14.669509
23,0.619947612285614,0.4961475729942322,0.7761858190536499,0.6199774742126465,0.7761858190536499,0.7901004787445068,0.869952881526947,2.019218126487732,0.20898122811317443,4.424705843734741,1.9941338150024415,1.0,10.0,,,,,0.47017427220344543,0.47017427220344543,,,,17.819424783325196,1.4741641681665067,0.05995844798548159,,0.08351520533453982,1.1319304776799148,0.28150517806695524,0.0014874763094603564,0.045387720368850006,3.1291582308187604,,0.001923414028094337,,76.43448867311903,19.10420293868727,,102.40857915210117,76.44653101635586,25.402049180049048,95.0651407424052,38.8324357050999,17.81940269470215,,0.6902165826718518,,0.04617581943607634,0.15330934249291753,,0.07460699425001813,0.05596730198450149,0.1360479845742511,0.002578137693096213,0.24398055890942835,0.10355431814292435,,,,0.1893,3786.0,0.5402566,0.55684656,0.6041402,0.7475514,0.6107477,0.626202,0.67237747,0.6002037,0.5004500150680542,0.8473478646278382,0.5863500833511353,0.8473478646278382,0.044,44.0,0.1960984623296497,0.18933113699690432,0.1944300650658675,0.20786954444673683,0.19704133092240123,0.19835332842288347,0.21052013708756365,0.2114805244142543,0.21262217612285067,0.020848370861942165,0.020268886796183116,0.02073177725801707,0.01909614417016967,0.01928632658143975,0.01853707404236427,0.017280768559501482,0.01762474160985164,0.016237459117978702,0.5805,0.5336364,0.53720933,0.6342105,0.73130083,0.57362205,0.4889764,0.5984849,0.5028500556945801,0.8401394972801208,0.5896000862121582,0.8401394972801208,0.046,46.0,0.2984250497661211,0.28617022290371064,0.2942984454742634,0.310500265403366,0.2961366707536328,0.2957977977176856,0.3175444221800279,0.31177210050059617,0.31540350623963287,-0.01889590962208024,-0.02055171093077995,-0.019536528961608776,-0.019167504277177887,-0.023274532519869176,-0.022026212386219084,-0.020367088211911875,-0.021921763346524157,-0.020882801653487586,0.5580646,0.5653153,0.5824818,0.68015265,0.55325204,0.59517545,0.61951226,0.5594891,0.5016500353813171,0.8437436809539796,0.5879750847816467,0.8437436809539796,0.045,45.0,0.24726175604788542,0.23775067995030746,0.24436425527006544,0.2591849049250514,0.24658900083801702,0.24707556307028455,0.2640322796337958,0.26162631245742524,0.2640128411812418,0.0009762306199309623,-0.00014141206729841732,0.0005976241482041466,-3.568005350410887e-05,-0.001994102969214713,-0.0017445691719274077,-0.0015431598262051968,-0.002148510868336258,-0.002322671267754442,0.5692823,0.54947585,0.55984557,0.6571816,0.6422764,0.58439875,0.55424434,0.578987,2026-10-05T19:20:25.158554
24,0.619957447052002,0.5006650686264038,0.7745883745193481,0.6200776696205139,0.7745883745193481,0.8040472437858581,0.8854492913246155,2.0648579139709473,0.18689992616176604,4.545935457229614,1.9942705883026124,1.0,10.0,,,,,0.4842375027656555,0.4842375027656555,,,,17.78973500366211,0.8633156001900032,0.03827945865278435,,0.04636961822309027,1.2047075283755162,0.26459952937379766,0.0011969169775679542,0.04014343493707051,3.466794321681284,,0.001161409133271211,,76.39615558211212,19.08296589942495,,102.41110214913726,76.4097959676366,25.369263752250916,95.06533419858118,38.829857018343205,17.789708860360893,,0.6902512068961076,,0.04658859730905788,0.1562394138164581,,0.0768471795377458,0.05690297379994848,0.1385156940312902,0.0027241401676871596,0.24973119235342475,0.1041498850959881,,,,0.1732,3464.0,0.54388535,0.55799437,0.6022187,0.7454581,0.6078466,0.6168283,0.67624545,0.6089002,0.49685004353523254,0.8370311350822449,0.5868499279022217,0.8370311350822449,0.044,44.0,0.24317232157381774,0.23390653915348356,0.2382144318697965,0.245033934615388,0.21798130953015632,0.22638663196156447,0.23276679228200062,0.22920207683527336,0.22979221188434734,0.01595006721776492,0.01515318863929056,0.015077749106753918,0.0017571902224355906,0.004049140699452358,-0.002846155049273832,0.0001964175168754531,0.002254766623024316,-0.0001500791883778768,0.557,0.5263637,0.5383721,0.63684213,0.75528455,0.5299213,0.50629926,0.625,0.5081499814987183,0.8209868097305297,0.5955500602722168,0.8209868097305297,0.047,47.0,0.38383636010956057,0.37818885643359323,0.38199117458361936,0.363388625647926,0.3525556087234972,0.35550432765484175,0.35090324632149006,0.34588510323420113,0.3472934337815485,0.0059665023467808855,0.004879903551495808,0.0044896350723786374,-0.0030424350498533953,-0.0048746917646671885,-0.0042995928112045875,0.008680571534118383,0.007492987050661016,0.007259546615607286,0.5637097,0.57072073,0.59233576,0.6977099,0.5382114,0.58114034,0.6272358,0.5850365,0.5025000125169754,0.8290089724063874,0.5911999940872192,0.8290089724063874,0.0455,45.5,0.31350434084168916,0.3060476977935384,0.3101028032267079,0.304211280131657,0.28526845912682675,0.2909454798082031,0.2918350193017453,0.28754359003473723,0.2885428228329479,0.010958284782272901,0.010016546095393184,0.009783692089566278,-0.0006426224137089023,-0.0004127755326074154,-0.0035728739302392097,0.004438494525496918,0.0048738768368426656,0.0035547337136147047,0.5603548,0.5485422,0.56535393,0.667276,0.64674795,0.5555308,0.5667675,0.60501826,2026-10-05T19:24:36.623219
25,0.6193422675132751,0.49897003173828125,0.7803829149246215,0.619247555732727,0.7803829149246215,0.8117929811477661,0.8940556603431702,2.1302950157165528,0.19459058746099472,4.4081918880462645,1.9940054664611817,1.0,10.0,,,,,0.4710251166343689,0.4710251166343689,,,,17.762756384277345,1.5374230589290523,0.08130101547250228,,0.0895041318367099,1.1104324796017568,0.27627887631392783,0.0013107769500840883,0.04154751942178626,3.622195818431818,,0.0017440608479408844,,76.3597290622201,19.06660930366273,,102.40923800134355,76.373295486353,25.33739434989395,95.0644718340248,38.81008471349242,17.762731175513785,,0.6901391057451819,,0.047405655288202744,0.16064466583501003,,0.07853205933882172,0.057645263921493176,0.14095399875170106,0.0026721848266875476,0.25361789829412085,0.10598746193632198,,,,0.1598,3196.0,0.5357859,0.5535038,0.59720683,0.74938786,0.6137267,0.62357575,0.67584044,0.60346234,0.49935004115104675,0.8115018563270568,0.598800003528595,0.8115018563270568,0.044,44.0,0.2635870437513439,0.2437630177582276,0.25747970014969507,0.29526780094528465,0.27696656446140255,0.28155667828040154,0.2673913777999764,0.24181357440994922,0.24579066507160352,0.014954334334199368,0.013515059364175743,0.015479155892763354,0.009283728110113652,0.008905479785090147,0.009908052004700067,0.01617182651089928,0.01580024686929563,0.01527105021392296,0.564,0.53727275,0.5453488,0.6476974,0.74634147,0.57598424,0.52874017,0.6242424,0.5084999799728394,0.8203654713630676,0.5938000679016113,0.8203654713630676,0.043,43.0,0.35839539796184733,0.3451241908788271,0.3532660482196231,0.3542619136223507,0.3435048200970246,0.34869127583849124,0.3376017919330764,0.3294833249234398,0.3341993922439363,0.009738798354835614,0.007621165615725222,0.008317531737806428,0.002879045749912696,0.0006664054832668231,0.001116865489386092,0.005874278453943096,0.0068284378017588665,0.006245245987457953,0.55685484,0.5617117,0.58321166,0.68473285,0.55406505,0.5785088,0.62520325,0.5970803,0.503925010561943,0.8159336638450623,0.5963000357151031,0.8159336638450623,0.0435,43.5,0.3109912208565956,0.29444360431852734,0.3053728741846591,0.32476485728381765,0.31023569227921355,0.3151239770594464,0.3024965848665264,0.2856484496666945,0.28999502865776994,0.01234656634451749,0.010568112489950482,0.01189834381528489,0.006081386930013174,0.0047859426341784845,0.00551245874704308,0.011023052482421188,0.011314342335527248,0.010758148100690456,0.5604274,0.54949224,0.5642803,0.6662151,0.6502032,0.57724655,0.5769717,0.6106614,2026-10-05T19:28:47.404662
26,0.6184549927711487,0.5001397728919983,0.7755926160812378,0.6184024810791016,0.7755926160812378,0.8038664088249207,0.8852483618736267,2.121082083320618,0.1924420663833618,4.361668852996826,1.995979313659668,1.0,10.0,,,,,0.5042580122470856,0.5042580122470856,,,,17.73713479309082,1.5881400320702677,0.09748637402922532,,0.08918333773880865,1.1904152466613016,0.26299407746002174,0.0012190654730367932,0.041417153925889995,2.5569749210670496,,0.0015204295713994295,,76.3220970008024,19.049512717374572,,102.41047823960614,76.33663634282009,25.306408317225753,95.06413832743456,38.821504653639096,17.737111535041954,,0.6911347990582704,,0.0478156790089835,0.16407971378344638,,0.08048716837623317,0.05840964873979805,0.14413804442259917,0.0027611377637145247,0.2603850972120929,0.10875703569999925,,,,0.16705,3341.0,0.5421211,0.54802656,0.597603,0.7496643,0.6162773,0.62224245,0.6694816,0.6000611,0.4968000054359436,0.8213105711936951,0.5942500233650208,0.8213105711936951,0.056,56.0,0.3117623131391338,0.306769620818642,0.3045972869087941,0.2933151864025053,0.2788440765701352,0.28375880722989794,0.285206266644185,0.28505264508677935,0.2809537897422271,0.03289399387763019,0.03239320411590983,0.035763956334087375,0.022969494417604933,0.027890481157793936,0.025244828884121526,0.02859664715766583,0.028831393495302882,0.02985411524232907,0.5715,0.54045457,0.54147285,0.64375,0.74593496,0.5232284,0.5397638,0.6303031,0.4929500222206116,0.8165996098518371,0.5967501401901245,0.8165996098518371,0.051,51.0,0.43338056191482877,0.42649573082674774,0.42662905060503953,0.41906254669643445,0.42349780824389105,0.4164294427326228,0.4262248686687609,0.4271329679140153,0.4154822647326668,-0.0008589133529777184,-0.001989529737885678,-0.0013986416591807813,0.00015966813019962665,-0.010418259412180778,-0.003978244898768674,-0.0009785034494146007,-0.001905810556985719,-0.003262809466133114,0.5681452,0.5833333,0.59489053,0.6851145,0.54268295,0.57807016,0.6162602,0.59744525,0.4948750138282776,0.818955090522766,0.5955000817775726,0.818955090522766,0.0535,53.5,0.3725714375269813,0.3666326758226949,0.36561316875691685,0.3561888665494699,0.35117094240701313,0.35009412498126036,0.35571556765647294,0.3560928065003973,0.348218027237447,0.016017540262326234,0.015201837189012076,0.0171826573374533,0.01156458127390228,0.008736110872806579,0.010633291992676427,0.013809071854125615,0.013462791469158582,0.013295652888097979,0.5698226,0.56189394,0.5681817,0.6644323,0.6443089,0.5506493,0.578012,0.6138742,2026-10-05T19:32:58.874330
27,0.6192274689674377,0.5016849040985107,0.7777708919525147,0.6191525459289551,0.7777708919525147,0.8032662368774414,0.8845815085411072,2.229764758300781,0.20274306398630143,4.463221072006226,1.9993997127532959,1.0,10.0,,,,,0.5492641603946686,0.5492641603946686,,,,17.716224954223634,1.2015380550436914,0.07851858896790606,,0.0789503661150433,1.1399991299696028,0.25483987570568256,0.0010683861048373091,0.03425362408991642,4.484436102353843,,0.0013094132057625421,,76.2861404904894,19.026548628594465,,102.41151199826768,76.29961006504715,25.273210343281935,95.06286130285567,38.8109064527378,17.716202936354716,,0.6928459793139415,,0.048804842576289635,0.16636660476778722,,0.0825182770847515,0.05915516645760293,0.14675114289590507,0.002803052855643687,0.2650125104530602,0.11305789388478941,,,,0.1773,3546.0,0.54296315,0.5496778,0.599584,0.7534953,0.62085277,0.61872727,0.6696234,0.5962729,0.5133998990058899,0.8093329854011536,0.6000499725341797,0.8093329854011536,0.047,47.0,0.2522120804016308,0.24604274030640536,0.2502985312537659,0.2530300689916955,0.273213901167108,0.2681485939414692,0.2340460351755489,0.242877153925841,0.23268236602366113,-0.005103878158091406,-0.007556768163526111,-0.0069772583724695535,-0.005353027110553972,-0.012528251511766323,-0.010000405805622014,-0.0013990326002262005,-0.007312647988690008,-0.0022367224691339778,0.57,0.5163636,0.5426357,0.67105263,0.7731707,0.57716537,0.5153544,0.6090909,0.5022500157356262,0.8236449885368348,0.590950071811676,0.8236449885368348,0.047,47.0,0.29440557055988525,0.2881609363471557,0.29088449305776726,0.3282467098374386,0.306049334488359,0.30993945377613213,0.28564858923863173,0.28129541361599275,0.28212136021957873,-0.01824661677799187,-0.019572208422224308,-0.019250728472497307,-0.01996355385206325,-0.01816473871598598,-0.021885890854158558,-0.01786953968414077,-0.019636937239675252,-0.019673145938221913,0.53911287,0.54639643,0.5667883,0.7045802,0.5613821,0.5833333,0.6422764,0.57627743,0.5078249573707581,0.8164889869689942,0.5955000221729279,0.8164889869689942,0.047,47.0,0.273308825480758,0.2671018383267805,0.2705915121557666,0.29063838941456704,0.2896316178277335,0.2890440238588007,0.25984731220709034,0.26208628377091686,0.25740186312161994,-0.011675247468041638,-0.01356448829287521,-0.013113993422483431,-0.01265829048130861,-0.01534649511387615,-0.015943148329890286,-0.009634286142183484,-0.01347479261418263,-0.010954934203677946,0.5545564,0.53138006,0.554712,0.6878164,0.6672764,0.5802493,0.5788154,0.59268415,2026-10-05T19:37:09.969424
28,0.6222923398017883,0.49837008118629456,0.7689315857887268,0.6221374273300171,0.7689315857887268,0.8077940449714661,0.8896124029159546,2.413777689743042,0.17877651304006575,4.846843566894531,1.9984706745147705,1.0,10.0,,,,,0.6044899095535279,0.6044899095535279,,,,17.688089233398436,2.0606714840503826,0.060767257419284314,,0.07007371439527317,1.1171598043411402,0.23340524270371266,0.0009091946716823728,0.030039679828532943,3.9740089231235967,,0.0008940950343562372,,76.24891395325874,19.001123902144705,,102.40892806326508,76.26257766432063,25.237915913770152,95.0609481228385,38.790764243739424,17.688076177220434,,0.6923768748143676,,0.049671083142992796,0.16795251191042032,,0.08419320143901618,0.05994497759232096,0.14928612616031792,0.002804863207326953,0.2686353703592993,0.11407681535573522,,,,0.1672,3344.0,0.5397955,0.55215466,0.59197706,0.76234204,0.6136877,0.62729293,0.68333334,0.6050713,0.49970003962516785,0.8285799303054809,0.5949999094009399,0.8285799303054809,0.054,54.0,0.18582233271468382,0.1783917235534617,0.1797486065375937,0.24234470026929872,0.1984424920784898,0.21455495324244142,0.17250963382530707,0.16993188507159376,0.17182325642151822,0.02724654877298311,0.026523267021100205,0.025983962739714143,0.009198231200878568,0.019936017059162914,0.02225670365731795,0.02756899035067202,0.02723893671092553,0.026839875544917003,0.5455,0.51045454,0.5368217,0.6582237,0.75691056,0.56496066,0.5401575,0.61780304,0.49915003776550293,0.8245313868522645,0.5955999493598938,0.8245313868522645,0.054,54.0,0.2917983945995359,0.28808383732708925,0.28673474719286424,0.3279429135484209,0.3262364562445834,0.31230148515696043,0.33031025051213286,0.3301509142749142,0.32562771549033626,0.0005165451620630306,0.001649531802865022,6.586829629482202e-05,-0.00274597449303288,0.007704905187080279,-5.489106643909803e-05,-0.0018344639518822136,-0.002051735735104177,-0.002982222794534633,0.55604845,0.55495495,0.5846715,0.69618326,0.55447155,0.59122807,0.6329268,0.5861314,0.4994250386953354,0.8265556585788727,0.5952999293804169,0.8265556585788727,0.054,54.0,0.23881036365710984,0.2332377804402755,0.23324167686522895,0.2851438069088598,0.2623394741615366,0.26342821919970094,0.25140994216872,0.250041399673254,0.24872548595592725,0.01388154696752307,0.014086399411982614,0.013024915518004483,0.003226128353922844,0.013820461123121597,0.011100906295439425,0.012867263199394904,0.012593600487910675,0.011928826375191185,0.5507742,0.5327047,0.5607466,0.6772035,0.655691,0.57809436,0.5865421,0.6019672,2026-10-05T19:41:21.197564
29,0.6174249053001404,0.4997599124908447,0.7797029299736022,0.6175624132156372,0.7797029299736022,0.806964142036438,0.8886902853965759,2.4283645853042604,0.19721026929616928,4.914977851867675,1.9979143939971924,1.0,10.0,,,,,0.6116039538383484,0.6116039538383484,,,,17.658447018432618,1.555460691689306,0.045970124946640226,,0.05749550665236393,1.1854397878525362,0.28557882614576136,0.0011007235241626762,0.03899446868924958,3.77986832921672,,0.0009235107204548727,,76.2119199910741,18.97471126629289,,102.40244803459022,76.22609511454394,25.204874354562943,95.06083679199219,38.774801898154486,17.658429564943738,,0.6921041102925684,,0.05050128456323769,0.1693124269983571,,0.08528735298829473,0.06079748659661621,0.15259108393435267,0.002861246174486105,0.27260725456438245,0.11524659105736738,,,,0.17395,3479.0,0.52904975,0.54287153,0.57187,0.7690759,0.6172118,0.62266666,0.6866545,0.5994705,0.4887000024318695,0.8248173031806946,0.6045000553131104,0.8248173031806946,0.051,51.0,0.21511126121000815,0.21062782879763886,0.21073048247992032,0.2808739571019234,0.2641512925277974,0.263211545560187,0.2805196094300756,0.2888380863298308,0.2746822671606859,0.03126541670327551,0.029824392583955993,0.029517926927222795,0.025761149645113744,0.04032567978225754,0.0348507196225421,0.04074999747180823,0.03772028713901988,0.03942378354804912,0.573,0.52,0.5410853,0.67730266,0.76991874,0.56574804,0.5212599,0.6401515,0.49810007214546204,0.8418307209014892,0.5941498875617981,0.8418307209014892,0.052,52.0,0.34286037391681123,0.33840038735923833,0.34042459503949224,0.35906445858274627,0.38131537997763776,0.35875997508572305,0.35544208188165527,0.35025013385392184,0.34776190009332364,-0.004895981679941972,-0.004491292999561631,-0.00505684237012349,-0.010394808777088345,-0.009040276134779757,-0.00964139829447225,-0.009272661452336335,-0.01034670927878278,-0.011337406231733205,0.55040324,0.5540541,0.5744526,0.70534354,0.55528456,0.5802632,0.63821137,0.58649635,0.49340003728866577,0.8333240120410919,0.5993249714374542,0.8333240120410919,0.0515,51.5,0.2789858175634097,0.27451410807843857,0.27557753875970625,0.31996920784233485,0.3227333362527176,0.310985760322955,0.31798084565586543,0.31954411009187633,0.31122208362700476,0.01318471751166677,0.01266654979219718,0.012230542278549653,0.0076831704340126995,0.01564270182373889,0.012604660664034928,0.015738668009735945,0.013686788930118548,0.014043188658157957,0.56170166,0.537027,0.55776894,0.6913231,0.66260165,0.5730056,0.57973564,0.6133239,2026-10-05T19:45:30.834286
30,0.6178724765777588,0.49954742193222046,0.7800725637435914,0.6178025603294373,0.7800725637435914,0.7815810201644897,0.8604868209838867,2.1750407234191895,0.1702922952055931,4.555801139831543,1.9995526275634765,1.0,10.0,,,,,0.579788001871109,0.579788001871109,,,,17.631480212402344,1.1707881279527002,0.058576004565574796,,0.062237887853863326,1.0800142624195974,0.29098863733612046,0.0012063985079850195,0.04191085296997409,3.7249476932416297,,0.0013141568253246124,,76.17395626967121,18.950087371145845,,102.39764433453797,76.18920670041612,25.173835790840684,95.0614677477794,38.782484285391064,17.631463797988406,,0.6929243096880092,,0.05084106677277073,0.17097164586091498,,0.0863890841033808,0.06154459029151376,0.15535916397526006,0.0029116432763825937,0.278582461700318,0.11682516398133745,,,,0.19155,3831.0,0.531676,0.54295206,0.5819929,0.76723933,0.6096573,0.61165655,0.68701905,0.6087984,0.505050003528595,0.8129185605049133,0.6017498970031738,0.8129185605049133,0.073,73.0,0.23738374349772862,0.22607034737540654,0.22933874676758192,0.2462705881345873,0.24931749163256192,0.2378621834011431,0.2862730780214222,0.28566679979992055,0.27690852401643595,0.019029469794128076,0.019689031384857367,0.017354309209185785,0.011721228851600152,0.011527339903379726,0.009894890176467771,0.013808387321674751,0.01682930413955766,0.01425764736939075,0.5595,0.5181818,0.5337209,0.6713816,0.77073175,0.56299216,0.53149605,0.6371212,0.49434995651245117,0.8373046221733094,0.5882000923156738,0.8373046221733094,0.072,72.0,0.3124658894761844,0.3015562163432153,0.3071984908189029,0.34081393642917823,0.3425802323733157,0.307428815010325,0.369952071288379,0.36650531972860373,0.35511302346847307,0.004040246058505034,0.0036191852910710033,0.0023362651169088985,-0.00027697915664027167,-0.0024472613375145676,-0.004462516978665431,-0.002145240706022504,-0.0038881303998069875,-0.0043178689948594655,0.53951615,0.5445946,0.5627737,0.69961834,0.55569106,0.5776316,0.6414634,0.57664233,0.49969998002052307,0.8251115913391114,0.5949749946594238,0.8251115913391114,0.0725,72.5,0.27492481648695655,0.2638132818593109,0.2682686187932424,0.29354226228188274,0.2959488620029388,0.27264549920573405,0.3281125746549006,0.32608605976426214,0.3160107737424545,0.011534857926316556,0.011654108337964186,0.009845287163047342,0.00572212484747994,0.004540039282932579,0.0027161865989011698,0.005831573307826124,0.006470586869875336,0.004969889187265642,0.5495081,0.53138816,0.54824734,0.68549997,0.6632114,0.5703119,0.5864797,0.60688174,2026-10-05T19:49:41.512213
31,0.6172598600387573,0.5015248656272888,0.7772799145698548,0.6171324849128723,0.7772799145698548,0.7749914790153504,0.8531651097297669,2.022367765045166,0.16324048599004745,4.248654512023926,1.999777786254883,1.0,10.0,,,,,0.5554119103908539,0.5554119103908539,,,,17.606752264404296,1.221766300689263,0.04767749121243573,,0.058153709826789274,1.1006198700066585,0.20938012495067468,0.0009662207059568138,0.02850957878028891,4.376247226812278,,0.001120989176887384,,76.13537845490085,18.92178376313228,,102.39560194076246,76.15241285190461,25.141867036272767,95.06050245928917,38.77542209017808,17.60672955604116,,0.6930365433358843,,0.050959652420251994,0.17176989214435504,,0.0877836988704979,0.06227593940154762,0.15754111614196922,0.0030598023574158646,0.283226228633504,0.11887006864995714,,,,0.20855,4171.0,0.536648,0.54059607,0.5852417,0.7579582,0.5983645,0.6111717,0.69404614,0.6121385,0.49515002965927124,0.8195842971801758,0.5951500535011292,0.8195842971801758,0.065,65.0,0.2332563360398465,0.22315463828395785,0.2308062371927576,0.29892484598726043,0.2574968127016513,0.2721843547265308,0.21366455141664747,0.2096099889506703,0.20524139597487143,0.038505261177398206,0.03890803091964139,0.03701340968273317,0.03169285795161611,0.033843959024690125,0.03518313571348644,0.04035401552916482,0.04397373033582345,0.03898393198628774,0.5595,0.5259091,0.54186046,0.6506579,0.7581301,0.56968504,0.5137795,0.6189394,0.49584996700286865,0.8196829166412354,0.5939999222755432,0.8196829166412354,0.06,60.0,0.3956565835604163,0.3909190125596948,0.39482171808492966,0.43660725635300324,0.4572278123066835,0.4345351728224141,0.3901482325162586,0.3779963566606928,0.3858511899388556,0.01705114599259124,0.016234001724037935,0.018142142596756568,0.004407255587000898,0.0075954545963805385,0.008546948700676358,0.008704816282618641,0.0076947484264308676,0.008516892119279511,0.5447581,0.5527027,0.5828467,0.6980916,0.548374,0.602193,0.6313008,0.5843066,0.49549999833106995,0.8196336069107055,0.5945749878883362,0.8196336069107055,0.0625,62.5,0.31445645980013137,0.3070368254218263,0.31281397763884367,0.36776605117013184,0.3573623125041674,0.3533597637744724,0.301906391966453,0.2938031728056816,0.2955462929568635,0.02777820358499472,0.027571016321839663,0.02757777613974487,0.018050056769308504,0.02071970681053533,0.0218650422070814,0.024529415905891732,0.02583423938112716,0.023750412052783623,0.55212903,0.5393059,0.5623536,0.67437476,0.653252,0.58593905,0.57254016,0.601623,2026-10-05T19:53:52.730720
32,0.6235078573226929,0.5015825629234314,0.7668377953529358,0.6232501268386841,0.7668377953529358,0.8052435877799988,0.8867785630226135,2.1937101989746095,0.1669055648446083,4.55466782951355,1.9988246215820313,1.0,10.0,,,,,0.5651575754642486,0.5651575754642486,,,,17.579820608520507,0.6480344994717343,0.028201894839086635,,0.04202725182162823,1.0583925509149101,0.25269584495360686,0.0011525359586812556,0.03441417818758518,3.1658038912685056,,0.0012698514950272603,,76.09903474066668,18.89767538665966,,102.39322531147367,76.11584365747537,25.106977183348054,95.06565312671054,38.78583222893393,17.579800599699567,,0.6925613728298503,,0.05156505800736178,0.17351505293208322,,0.08932831342432909,0.06298260215171583,0.15932820765835465,0.0033431112333230533,0.2889881118847306,0.12012212775695096,,,,0.17495,3499.0,0.5378909,0.54571086,0.5968304,0.7630135,0.61396027,0.62921214,0.6875658,0.6104277,0.49740004539489746,0.8007421903610229,0.6020500063896179,0.8007421903610229,0.052,52.0,0.20075105906128865,0.18994091475360678,0.19681102526069305,0.225779921981559,0.21645564180816482,0.2213465728098271,0.2798322206291632,0.2797039664520642,0.2750265133037483,0.01793228671768724,0.01751009001986034,0.017500194397271074,0.012175436161560143,0.011927832847410402,0.013734456389701232,0.014042780904430912,0.012353966064639758,0.013694069473330071,0.564,0.5295454,0.54883724,0.66315794,0.7646342,0.557874,0.5350394,0.62840915,0.5047999620437622,0.8140222640037537,0.593999981880188,0.8140222640037537,0.056,56.0,0.35635206845840584,0.3444072577294869,0.34920859536082055,0.361579630115124,0.36682665937886444,0.3501539720784439,0.3728748618167916,0.3684794413471568,0.3592257837584146,0.014745490562271776,0.012893907425765771,0.011891887089704858,0.0070524968490695734,0.013225977972246197,0.007002170891329086,0.013289843736103908,0.010758047644895853,0.009408722590189659,0.5528226,0.5522523,0.5777372,0.70114505,0.5455285,0.59342104,0.6317074,0.5890511,0.5011000037193298,0.8073822271823883,0.598024994134903,0.8073822271823883,0.054,54.0,0.27855156375984724,0.2671740862415468,0.2730098103107568,0.2936797760483415,0.29164115059351464,0.28575027244413553,0.3263535412229774,0.3240917038996105,0.31712614853108145,0.01633888863997951,0.015201998722813057,0.014696040743487966,0.009613966505314857,0.012576905409828299,0.010368313640515159,0.01366631232026741,0.011556006854767806,0.011551396031759864,0.5584113,0.54089886,0.56328726,0.6821515,0.65508133,0.57564753,0.5833734,0.60873014,2026-10-05T19:58:03.931319
33,0.6231699585914612,0.500322699546814,0.7668084296226502,0.6233676671981812,0.7668084296226502,0.8028353063583374,0.884102693939209,2.0766759241104125,0.1627057234764099,4.36120622291565,1.9974374420166017,1.0,10.0,,,,,0.5606424029350281,0.5606424029350281,,,,17.55313049621582,0.6027930465995506,0.024893046429404504,,0.036045378495221304,1.074160226970721,0.22878033345102505,0.0008851323275089821,0.028012405698347814,4.237333594613774,,0.0009181616625509071,,76.0607263844484,18.869749968218954,,102.38921288168355,76.07907629316779,25.072729450881862,95.06517854921377,38.781549684560986,17.553113730849734,,0.69186352164882,,0.051990567522633604,0.17415881365727467,,0.09038391215786053,0.06368269880486142,0.1620236970246977,0.0034186035130694984,0.2935917121209916,0.12231513217186472,,,,0.1745,3490.0,0.5383521,0.5532622,0.5953645,0.76682466,0.60391355,0.6260606,0.68831515,0.6137882,0.4881000220775604,0.80469060754776,0.6050000190734863,0.80469060754776,0.058,58.0,0.26729645065818375,0.2544763212479845,0.26084141616099343,0.29018617319440004,0.2966140211502562,0.283207322680647,0.36061408230603237,0.3490849657436806,0.3521719610570033,0.018550168935925565,0.017785207125619873,0.017668434909083073,0.020710998001229424,0.020224492903380836,0.017135416294163312,0.008139508825798307,0.009779662108756478,0.005254451174141523,0.56700003,0.52409095,0.54883724,0.6654605,0.76747966,0.57362205,0.5311024,0.6363636,0.5015000104904175,0.821800012588501,0.5961499810218811,0.821800012588501,0.06,60.0,0.3304440275287082,0.31781924265520894,0.3215775074459132,0.33948780186998034,0.3669683922069352,0.3342338719115469,0.38691716448278,0.37570163339652685,0.3659137948557292,0.02472875537433057,0.01999928780971512,0.020324846305417355,0.024385312768073094,0.02603130028089316,0.01641249146337008,0.019903162113406377,0.014612046401378804,0.012326213391412284,0.5483871,0.5594595,0.57481754,0.70496184,0.5495935,0.5925439,0.6394309,0.59233576,0.49480001628398895,0.8132453100681305,0.6005750000476837,0.8132453100681305,0.059,59.0,0.298870239093446,0.28614778195159674,0.2912094618034533,0.3148369875321902,0.33179120667859574,0.30872059729609697,0.3737656233944062,0.3623932995701037,0.35904287795636625,0.02163946215512807,0.018892247467667496,0.018996640607250214,0.02254815538465126,0.023127896592136998,0.016773953878766696,0.014021335469602342,0.01219585425506764,0.008790332282776904,0.5576936,0.5417752,0.5618274,0.6852112,0.65853655,0.583083,0.58526665,0.6143497,2026-10-05T20:02:15.409346
34,0.6233900189399719,0.5031272768974304,0.7646764356613159,0.6234422922134399,0.7646764356613159,0.7967037210464477,0.877289820766449,1.995564065361023,0.155488014793396,4.226604699325562,1.9994061655044555,1.0,10.0,,,,,0.56987329454422,0.56987329454422,,,,17.528375067138672,0.8817274608429829,0.04254082372340902,,0.05926006439195317,1.1443716606516747,0.2342029427931567,0.0009547182098164513,0.029216607356337226,3.5481494057710004,,0.0014789779914999425,,76.02327358950475,18.843317238388547,,102.38905310175221,76.04227860566158,25.037247955419456,95.0649100625591,38.7758564311228,17.528352239329344,,0.6928485692686336,,0.05253240093588829,0.17506469055345864,,0.09155515709500404,0.06444258570291433,0.16375261915337508,0.003481159278838213,0.2979489004915687,0.12418753724948615,,,,0.17945,3589.0,0.53646755,0.551913,0.59552294,0.76400083,0.61608255,0.6262626,0.6846294,0.61120164,0.5019500851631165,0.7978552641868591,0.6065000295639038,0.7978552641868591,0.051,51.0,0.2854389933202588,0.26305067231548845,0.2813606436446155,0.3278441281117234,0.3352602484584964,0.32261961527403865,0.3516992681525567,0.3343749676898924,0.31609046454556256,0.01005936226797888,0.011759392561119285,0.010108650197363735,0.020017432260052426,0.02723847433192454,0.021158543664066738,0.022616504558354115,0.01768361263370231,0.01576607140153216,0.564,0.5268182,0.55581397,0.6677632,0.7666667,0.57598424,0.5350394,0.6329546,0.5058500170707703,0.815013680934906,0.5966501235961914,0.815013680934906,0.051,51.0,0.3461707556100498,0.33269823430301565,0.3389572652285048,0.3852856835019922,0.3825091307791519,0.3669837556090304,0.37206439594148855,0.3613525543016103,0.3533610276998303,0.02191135105310286,0.019345644535891823,0.018609310233255006,0.01748739149037942,0.015021152467187219,0.011169196312774396,0.022589748014768842,0.01816362453905354,0.01702547705972532,0.55564517,0.5617117,0.58065695,0.70381683,0.55203253,0.5929825,0.62967485,0.5890511,0.5039000511169434,0.8064344725608825,0.6015750765800476,0.8064344725608825,0.051,51.0,0.31580487446515426,0.29787445330925205,0.31015895443656016,0.35656490580685785,0.35888468961882414,0.34480168544153456,0.3618818320470226,0.34786376099575134,0.33472574612269645,0.01598535666054087,0.015552518548505555,0.014358980215309371,0.018752411875215924,0.02112981339955588,0.016163869988420565,0.022603126286561477,0.017923618586377928,0.01639577423062874,0.55982256,0.544265,0.56823546,0.68579,0.6593496,0.5844834,0.58235717,0.61100286,2026-10-05T20:06:26.401971
35,0.6230999231338501,0.49890995025634766,0.7654680585861207,0.6230977773666382,0.7654680585861207,0.7960088049888611,0.8765176896095276,2.014851272583008,0.15196996542215346,3.9617930416107177,1.9971166625976562,1.0,10.0,,,,,0.5459651921749115,0.5459651921749115,,,,17.50103505859375,0.8051364414963373,0.03761457241508089,,0.053419713464796924,1.1278291610395832,0.2343046566008762,0.0009763922754031528,0.028831750118903293,3.939812289681404,,0.0016097249280606473,,75.98670837985482,18.81728299863779,,102.38516225632588,76.00546770035082,25.002236676064268,95.06272611192837,38.777175368776746,17.501009764944673,,0.6916955587970224,,0.053164448328078935,0.176084052700146,,0.09243647355562562,0.06514600540991801,0.16571479694099184,0.0034821057116767025,0.3029480035517626,0.12558749821155693,,,,0.18395,3679.0,0.5369086,0.54977846,0.58827263,0.7674566,0.6141745,0.6272727,0.68570274,0.61389,0.4932500123977661,0.8020989122390747,0.6056499481201172,0.8020989122390747,0.056,56.0,0.27037081175208116,0.24401697281525017,0.2611736776988066,0.35425790860126805,0.3147055351811071,0.3359275699527534,0.4091809982590435,0.39563705473192784,0.3908924613864524,0.019032676859744767,0.020009215972439973,0.015946541947804597,0.02677932632603745,0.04097207615143695,0.024922231640002044,0.023470484348036648,0.02261120181278427,0.019918411599728895,0.56600004,0.5459091,0.5542636,0.65921056,0.76747966,0.5496063,0.5377953,0.6424243,0.49404996633529663,0.8162429089546204,0.5977001190185547,0.8162429089546204,0.057,57.0,0.36715640273633193,0.3534428644278369,0.35737529171922894,0.43603961630770716,0.43606197633668903,0.4023611637871739,0.4053744551160017,0.39026697414640726,0.38169706183462065,0.015744528065341736,0.012008381044017477,0.011814355479599449,0.010144240917838354,0.018190613422476222,0.007289713740577629,0.01651418685446679,0.01269998169811603,0.008981997430121905,0.5608871,0.55495495,0.57737225,0.7041985,0.5495935,0.5938597,0.6402439,0.59233576,0.49364998936653137,0.8091709105968475,0.6016750335693359,0.8091709105968475,0.0565,56.5,0.31876360724420655,0.2987299186215435,0.30927448470901775,0.3951487624544876,0.37538375575889804,0.36914436686996366,0.4072777266875226,0.39295201443916755,0.38629476161053655,0.01738860246254325,0.016008798508228724,0.013880448713702023,0.018461783621937903,0.029581344786956586,0.016105972690289835,0.01999233560125172,0.017655591755450152,0.0144502045149254,0.56344354,0.550432,0.56581795,0.6817045,0.65853655,0.571733,0.5890196,0.61738,2026-10-05T20:10:36.933715
36,0.620712161064148,0.49818775057792664,0.7696469608306885,0.6206970810890198,0.7696469608306885,0.7896279696464539,0.8694278780937195,2.0737293241500856,0.14468750497102736,4.059813357162476,1.9969876754760743,1.0,10.0,,,,,0.5549544528484345,0.5549544528484345,,,,17.47545191040039,1.3402984037544508,0.04824051030861083,,0.06026955112773379,1.0438507024649601,0.2658707013555393,0.0011163260400292292,0.03379453368674798,2.9292321161479706,,0.0013045999820495786,,75.95067620732982,18.789087356275814,,102.38269300521559,75.96847125982782,24.967690230934483,95.05763084265837,38.76655663654303,17.475445814193435,,0.691637235462286,,0.054102846937384576,0.1767062500214121,,0.09380281175587588,0.06581695339861948,0.16760631180872584,0.0035850494747067902,0.3070006063030024,0.12744255439870678,,,,0.1951,3902.0,0.5405774,0.5403745,0.5884113,0.7649882,0.61127335,0.61454546,0.6897732,0.61429733,0.49765002727508545,0.8032394518852234,0.6004999876022339,0.8032394518852234,0.061,61.0,0.2845685562230124,0.26776045685175615,0.2778317428759169,0.32680969715364333,0.33539950334598606,0.31739163291427464,0.26713190601304504,0.25447563455992683,0.24678380977311828,-0.0036530731467523765,-0.006916213235393627,-0.002916132972707871,-0.0008947718436968639,0.004818402341119662,-0.0007634047116969697,-0.01282662017126333,-0.013654150893231545,-0.019141976678137634,0.56,0.5440909,0.5449613,0.6450658,0.77073175,0.5665355,0.5204724,0.632197,0.502500057220459,0.812873875617981,0.5958500504493713,0.812873875617981,0.057,57.0,0.3515926420263557,0.34145359004828973,0.34607265170874896,0.38341235049820416,0.41529442610200173,0.3746763048162383,0.32762993290034165,0.32283786080492,0.3159608743154958,0.030197429814962644,0.028252882617376563,0.028528191274873712,0.026833374471710927,0.03578697391118995,0.027641929078404417,0.029654878460376354,0.026417610555936263,0.02640308981865451,0.55725807,0.55,0.5810219,0.7041985,0.5504065,0.5916667,0.64715445,0.57737225,0.5000750422477722,0.8080566637516022,0.5981750190258026,0.8080566637516022,0.059,59.0,0.31808059912468406,0.30460702345002294,0.3119521972923329,0.35511102382592374,0.37534696472399387,0.3460339688652565,0.2973809194566933,0.28865674768242344,0.28137234204430706,0.013272178334105133,0.010668334690991467,0.01280602915108292,0.012969301314007031,0.020302688126154805,0.013439262183353723,0.008414129144556512,0.006381729831352359,0.0036305565702584378,0.55862904,0.54704547,0.5629916,0.67463213,0.66056913,0.5791011,0.5838134,0.6047846,2026-10-05T20:14:47.562197
37,0.6198223829269409,0.5010023713111877,0.7698980488777161,0.6198074817657471,0.7698980488777161,0.8021751880645752,0.8833692337036133,2.1413000789642336,0.14539663412570952,4.436419044494629,1.9981852500915527,1.0,10.0,,,,,0.6332306712150574,0.6332306712150574,,,,17.451596383666992,1.1740291212110003,0.06918718773058978,,0.06537528864736818,1.137613638950761,0.2160134961365894,0.001036706672233209,0.027461080758529863,2.680131718801085,,0.0015526465816900821,,75.91341978425433,18.770328072225972,,102.3818512934788,75.93161020461162,24.933544219679135,95.05399662673852,38.75037741205495,17.451573863910262,,0.6922344865313002,,0.054789228851248505,0.17953620765619216,,0.09523638513437502,0.06653283522197395,0.16960886471970066,0.0036876088343442055,0.3102924237205724,0.13027983201537163,,,,0.1842,3684.0,0.532498,0.5455296,0.58835185,0.7620458,0.60661995,0.6235556,0.6932159,0.60545826,0.4954500198364258,0.7988678088188171,0.6046500205993652,0.7988678088188171,0.062,62.0,0.2817034961723261,0.26355943240014273,0.2694120532819554,0.34016733749400113,0.338095492286048,0.331815813776088,0.35690905540199375,0.32641344957298607,0.32812418466086357,0.01836968412317521,0.018944951632920842,0.01666857499756089,0.031238116097944194,0.027613055276437252,0.029434656091474453,0.023983909505983014,0.022800848496011224,0.019823493785979203,0.5615,0.5440909,0.5453488,0.6664474,0.76747966,0.56968504,0.52952754,0.6287879,0.48934996128082275,0.8096085505485535,0.5979998707771301,0.8096085505485535,0.066,66.0,0.34690168191551324,0.3367433799277911,0.33873272487985073,0.39492249589860445,0.426677176861015,0.398968923977712,0.360984903518958,0.34658444055339754,0.3352278942960915,0.01350677947192846,0.011346617693803065,0.010863682603283357,0.017615171610417674,0.023339110636575185,0.015089612306836338,0.016348884265808345,0.012505759720918953,0.009681255928264592,0.55080646,0.5545045,0.58759123,0.7034351,0.5512195,0.5973684,0.63821137,0.5919708,0.49239999055862427,0.8042381796836853,0.6013249456882477,0.8042381796836853,0.064,64.0,0.31430258904391967,0.3001514061639669,0.30407238908090306,0.3675449166963028,0.3823863345735315,0.36539236887689996,0.3589469794604759,0.3364989450631918,0.33167603947847757,0.015938231797551834,0.015145784663361955,0.013766128800422123,0.024426643854180932,0.02547608295650622,0.022262134199155396,0.02016639688589568,0.01765330410846509,0.014752374857121896,0.55615324,0.5492977,0.56647,0.6849413,0.65934956,0.58352673,0.58386946,0.61037934,2026-10-05T20:18:58.385644
38,0.6223873496055603,0.500942587852478,0.7655551229476929,0.6223777532577515,0.7655551229476929,0.8098579676628113,0.8919056552886963,2.199417352294922,0.13927974897623063,4.415414237594605,1.9996799573898316,1.0,10.0,,,,,0.6089519474029541,0.6089519474029541,,,,17.421121673583983,0.68134933229607,0.037144361396771,,0.04540472384245627,1.1686448485228667,0.2510411199775471,0.0009122897858233162,0.02861226475530654,3.0913796259719097,,0.0012559780834693532,,75.87577776088835,18.74970344980811,,102.37778672139356,75.89487287193347,24.899277595957372,95.05372882041202,38.751196575772234,17.42110888973163,,0.6929833866228723,,0.0553190167400108,0.18200313000921992,,0.09656687270683847,0.06725969659105228,0.17144078025772314,0.0037252573551503337,0.31500808771248834,0.13071743384668022,,,,0.1808,3616.0,0.536688,0.54647607,0.5913035,0.7665877,0.60574377,0.6319394,0.6894492,0.60971487,0.5084000825881958,0.8062733616828919,0.6067500114440918,0.8062733616828919,0.054,54.0,0.2585885623410606,0.2514351631015447,0.2518272321213725,0.30625757348030136,0.306039938679278,0.3040138211593496,0.3542200390086181,0.3508688511001607,0.34955170522164414,0.02568049785167297,0.02710965650708223,0.02774306599936099,0.029939659093163803,0.03479861817457583,0.031071828498497066,0.03268871703324994,0.033231987516687926,0.03331359939316863,0.5755,0.5359091,0.5565892,0.6654605,0.7735773,0.58543307,0.51692915,0.6223485,0.4946999251842499,0.8209899511337281,0.5982499718666077,0.8209899511337281,0.054,54.0,0.33809712088382177,0.327165158321018,0.3345053779782157,0.3452197484492503,0.36495465421961765,0.3518824402001292,0.315045037346667,0.3049557443314915,0.3168668018408346,0.005962016883738826,0.0038719191397311747,0.004527490946505753,0.00028054465410601396,0.0004116806205204696,-0.000646419821419977,0.004413288014024012,0.0012766029576031647,0.003123426873090046,0.5548387,0.5617117,0.57737225,0.70610684,0.549187,0.6061403,0.6394309,0.5854015,0.5015500038862228,0.8136316564083099,0.6024999916553497,0.8136316564083099,0.054,54.0,0.2983428416124412,0.28930016071128134,0.29316630504979413,0.32573866096477583,0.3354972964494478,0.3279481306797394,0.33463253817764255,0.3279122977158261,0.33320925353123937,0.0158212573677059,0.015490787823406703,0.016135278472933372,0.015110101873634908,0.01760514939754815,0.015212704338538545,0.018551002523636975,0.017254295237145546,0.018218513133129336,0.56516933,0.5488104,0.5669807,0.6857837,0.66138214,0.5957867,0.57818,0.603875,2026-10-05T20:23:08.454589
39,0.624057412147522,0.5003150105476379,0.7652188108444213,0.6241546869277954,0.7652188108444213,0.8058154865264893,0.8874140059471131,2.099322985458374,0.14055402114391327,4.233046141815185,1.981033034133911,1.0,10.0,,,,,0.6005790319442749,0.6005790319442749,,,,17.395415225219725,0.6748944374786061,0.02861770253426805,,0.04235432458934701,1.0920464252210726,0.26608274122522135,0.0010017961946577072,0.03192160349446022,3.7175551499151123,,0.001293275040847985,,75.83825251099411,18.727103312304067,,102.37178413731277,75.85841014886358,24.868760394442614,95.05241257977333,38.75575173736378,17.395400867340673,,0.6836467248618983,,0.055892330232509384,0.18384457991761008,,0.09724554224948215,0.06792575752089737,0.17395399273580806,0.003788583108170587,0.3197728642232858,0.13252463348352225,,,,0.1761,3522.0,0.5407979,0.5462948,0.589897,0.77045816,0.6103777,0.6311515,0.690482,0.6125662,0.5063499808311462,0.8089289383888245,0.6016499400138855,0.8089289383888245,0.056,56.0,0.28077368424366766,0.26446894042512664,0.27050052283749265,0.32188351777440505,0.3327207972926715,0.3196293411547179,0.4159223670071168,0.40579952316613344,0.4040584807562715,0.016026841353097534,0.014763853214185298,0.016487940543854884,0.02083169640698,0.03309314058798426,0.02486438114830742,0.02544397504979722,0.022638504832603514,0.0258792773329366,0.56200004,0.52318186,0.54418606,0.6733553,0.77073175,0.576378,0.51299214,0.62272733,0.5013499855995178,0.815920241355896,0.5974499583244324,0.815920241355896,0.058,58.0,0.35404783858348843,0.339235132344415,0.34989936656984094,0.3869250938841983,0.3990906679176838,0.3791282196015115,0.4094718355903356,0.3954919533046932,0.39661781736245477,0.012833985223015116,0.011151595179996414,0.011403598534365336,0.012796117730427685,0.02333513865690037,0.01294651687444506,0.01683429455193005,0.01436945423040073,0.015414195473254311,0.5600807,0.55540544,0.57664233,0.7041985,0.550813,0.60043865,0.64065045,0.5846715,0.503849983215332,0.8124245898723603,0.5995499491691589,0.8124245898723603,0.057,57.0,0.31741076141357805,0.3018520363847708,0.3101999447036668,0.3544043058293017,0.36590573260517767,0.3493787803781147,0.4126971012987262,0.40064573823541333,0.40033814905936316,0.014430413288056325,0.012957724197090856,0.013945769539110111,0.01681390706870384,0.028214139622442312,0.018905449011376238,0.021139134800863636,0.018503979531502124,0.020646736403095455,0.5610404,0.53929365,0.5604142,0.68877685,0.6607724,0.58840835,0.5768213,0.60369945,2026-10-05T20:27:19.887901
40,0.624101996421814,0.4987124502658844,0.7616823333740235,0.6240847110748291,0.7616823333740235,0.8097258659362793,0.8917588711738587,2.114602801704407,0.15169270763397216,4.410137576675415,1.9993873073577881,1.0,10.0,,,,,0.6304730043411255,0.6304730043411255,,,,17.3703288269043,0.583535396784639,0.023433053016271087,,0.03652651206987679,1.171190415598025,0.2189528345112588,0.0008922333913543083,0.025768026946836217,3.5571992008169744,,0.0012894763175997242,,75.80084709604834,18.699825797111366,,102.36501769047634,75.82201599315474,24.83482236922926,95.05224230335017,38.75381664106041,17.37030352452758,,0.6928274578349606,,0.05670783281990677,0.18455538571260538,,0.09781641408706167,0.06862218597322513,0.1759708098545196,0.0038218380761730255,0.32406854496640003,0.13448759059237828,,,,0.17865,3573.0,0.537069,0.55511475,0.588649,0.7655806,0.6154595,0.6293132,0.68825436,0.61195517,0.49524998664855957,0.7928308215141296,0.6066499948501587,0.7928308215141296,0.044,44.0,0.381520758611482,0.37835403085456265,0.3804325407113377,0.4049932218214144,0.431425725190755,0.4056160815698816,0.43047342841010905,0.4367581041320384,0.43234731310708285,0.025076747810427263,0.024167271177047575,0.022396054038563068,0.028136248061146316,0.030793709799778166,0.025469277003901128,0.02485836361418239,0.008527630051555218,0.013535216924913392,0.587,0.5368182,0.551938,0.67828953,0.77073175,0.56456697,0.5066929,0.6344697,0.5099999904632568,0.8136504297256469,0.5955500602722168,0.8136504297256469,0.046,46.0,0.40376789607598584,0.39138419821820997,0.3998841473968411,0.4419158283685858,0.4610858588553419,0.4363626703063098,0.4465555986760031,0.4400093465685246,0.43610205425184906,0.017276912692073446,0.014286872325938253,0.015249930989860654,0.016495544013987857,0.021853811792810506,0.014060515614654885,0.015307555027709679,0.011489208750845293,0.01239472585428022,0.55362904,0.5536036,0.57737225,0.69923663,0.55406505,0.5925439,0.63821137,0.58795625,0.5026249885559082,0.8032406256198883,0.6011000275611877,0.8032406256198883,0.045,45.0,0.3926443273437339,0.3848691145363863,0.3901583440540894,0.4234545250950001,0.44625579202304844,0.4209893759380957,0.43851451354305604,0.4383837253502815,0.434224683679466,0.021176830251250355,0.019227071751492915,0.01882299251421186,0.022315896037567087,0.026323760796294338,0.019764896309278007,0.020082959320946035,0.010008419401200255,0.012964971389596805,0.5703145,0.5452109,0.5646551,0.6887631,0.6623984,0.57855546,0.5724521,0.61121297,2026-10-05T20:33:09.598478
41,0.6234171986579895,0.49938997626304626,0.7631776685714722,0.6236723065376282,0.7631776685714722,0.8088136558532715,0.8907453008651733,2.106321185684204,0.1756450034737587,4.588735408401489,1.9741471439361573,1.0,10.0,,,,,0.6231801820755005,0.6231801820755005,,,,17.339572085571287,0.9283747977108523,0.038261420471641196,,0.04972920438369653,1.142826538746524,0.23351655777092953,0.0009522522740536162,0.02742061163684365,3.8291324639016655,,0.0014770209741449447,,75.76489967297597,18.672324101636363,,102.35954386717195,75.78558247560149,24.799206715480537,95.05193187932299,38.7441981370282,17.339550346325918,,0.680158069938611,,0.057433693485844664,0.1852163730343436,,0.09892841689525896,0.06921067183754247,0.1777763479644326,0.0038761523771722603,0.3278507871232974,0.13490137391409296,,,,0.176,3520.0,0.5408581,0.5475433,0.5874009,0.77087283,0.61960673,0.6288889,0.6843459,0.6082485,0.49925002455711365,0.8021468772888184,0.601349949836731,0.8021468772888184,0.051,51.0,0.32975250954402885,0.3240484421033561,0.32719132279909674,0.3714550330035958,0.38864421073506794,0.370161203856809,0.40783708431111304,0.40778407457351984,0.4056264703820409,0.018694315837455688,0.019355213199010346,0.020041853250536288,0.022867663419634927,0.0349317253650265,0.025012529342442375,0.013242880984391359,0.011164257512948177,0.013958016212606613,0.55300003,0.52090913,0.54612404,0.6720395,0.7621951,0.5551181,0.52755904,0.6431818,0.5004000067710876,0.8103463764190674,0.5959999561309814,0.8103463764190674,0.056,56.0,0.4146774766454666,0.40949074641217,0.4168056510681591,0.42871447504333154,0.4376155644676235,0.4191600098636617,0.44237730379933055,0.43465361583143935,0.4329466599406404,0.010244924433687696,0.008078099788477336,0.007965202062739964,0.011800673173092996,0.013889129590156908,0.009113369625213537,0.006088229643124374,0.0036767102642070214,0.003571859555652269,0.55604845,0.5527027,0.5817519,0.6977099,0.5479675,0.59605265,0.6357724,0.59160584,0.49982501566410065,0.8062466268539429,0.5986749529838562,0.8062466268539429,0.0535,53.5,0.3722149930947477,0.366769594257763,0.3719984869336279,0.40008475402346366,0.4131298876013457,0.39466060686023535,0.4251071940552218,0.4212188452024796,0.41928656516134066,0.014469620135571692,0.013716656493743842,0.014003527656638126,0.01733416829636396,0.024410427477591704,0.017062949483827958,0.009665555313757866,0.007420483888577599,0.00876493788412944,0.55452424,0.5368059,0.56393796,0.6848747,0.6550813,0.57558537,0.58166575,0.61739385,2026-10-05T20:37:32.077999
42,0.6203474998474121,0.4993349611759186,0.7689885808944702,0.6206397414207458,0.7689885808944702,0.8133315426826477,0.8957651814460754,2.228274610900879,0.2201605998635292,5.104173876953125,1.9941834436416626,1.0,10.0,,,,,0.5962482855796813,0.5962482855796813,,,,17.312387490844728,1.3505809454330404,0.06632960734964544,,0.07011102778602771,1.2364676207493825,0.2528193835524996,0.0009305240879014022,0.0279656280941407,2.930424727641853,,0.0013849628182475834,,75.72914609483853,18.651383078022366,,102.35896918424376,75.74957231655242,24.76472202228133,95.04826043973303,38.738974212840866,17.31236060561648,,0.6902352571487427,,0.05821913134330397,0.18745559956997063,,0.10095280650884482,0.06991773184127868,0.17940841899935606,0.003860203046529631,0.3320221435871853,0.13650494984760406,,,,0.16685,3337.0,0.53025264,0.55100685,0.59259117,0.7667654,0.6202297,0.63325256,0.680964,0.5880652,0.5002500414848328,0.8340638208389283,0.5860499739646912,0.8340638208389283,0.034,34.0,0.27400973740328977,0.2650685126340399,0.26496093828781403,0.24582535959043803,0.25216582770527896,0.24602299051227372,0.2941927038140223,0.28787586601499654,0.29071461307974344,0.015544133123174922,0.018168766317944705,0.019299681666295806,0.021440405129478486,0.021660129767952,0.021461003079838215,0.017428208093250658,0.019925542025589847,0.01705517835918208,0.564,0.5113636,0.5492248,0.6361842,0.75528455,0.5811024,0.4787402,0.5935606,0.5008000135421753,0.8372988853454589,0.5841500759124756,0.8372988853454589,0.044,44.0,0.3068669424458086,0.29657279217060717,0.2988234978189958,0.29847925671640413,0.29790100833380534,0.29081549057339806,0.33656556037556556,0.3290530184543054,0.3305498416013823,-0.0211531923890074,-0.0214227585800637,-0.021966877182454835,-0.02556254202160565,-0.025640236465985122,-0.02619609927203597,-0.0226015121074948,-0.022315854499836304,-0.023805790539467048,0.5415323,0.55090094,0.5660584,0.68282443,0.55243903,0.5925439,0.62479675,0.55839413,0.500525027513504,0.8356813530921936,0.5851000249385834,0.8356813530921936,0.039,39.0,0.29043833992454915,0.28082065240232357,0.2818922180534049,0.27215230815342106,0.2750334180195422,0.2684192405428359,0.31537913209479396,0.30846444223465097,0.31063222734056284,-0.0028045296329162394,-0.001626996131059497,-0.0013335977580795147,-0.002061068446063581,-0.0019900533490165608,-0.0023675480960988777,-0.0025866520071220703,-0.0011951562371232283,-0.0033753060901424835,0.55276614,0.5311323,0.5576416,0.6595043,0.65386176,0.5868231,0.5517685,0.5759773,2026-10-05T20:41:52.669487
43,0.6240227818489075,0.498942494392395,0.7620478815078735,0.6240872144699097,0.7620478815078735,0.807969491481781,0.8898073438644409,2.2278571340560913,0.1623331407904625,5.138539136886597,1.9994709299087525,1.0,10.0,,,,,0.6801032722473145,0.6801032722473145,,,,17.285017987060545,2.0860677411791624,0.07198061412170671,,0.06573848735176288,1.1566443357877672,0.2502728428240794,0.0008839423676276473,0.027875464640937413,3.4353626173013336,,0.0014740376319209037,,75.6930336435889,18.652987376899475,,102.3682979899607,75.71321630781623,24.731177955676035,95.05058706490098,38.72685613449971,17.284997612048105,,0.6928836710893425,,0.05915358014831877,0.19470746577924983,,0.10335810734018398,0.07051572056522795,0.1815316259481345,0.0040353204814752765,0.3354192981674413,0.1379799198382979,,,,0.17555,3511.0,0.5388733,0.5440798,0.58393425,0.777034,0.61614096,0.63074744,0.6932969,0.607108,0.49825000762939453,0.8025012536048889,0.6045999526977539,0.8025012536048889,0.049,49.0,0.24930927798457495,0.24131960067967537,0.24121302802016475,0.2592851918627827,0.26334824713690513,0.2540262174468595,0.2961181590038562,0.30523533298086475,0.29262688544094123,0.00945866356001473,0.009607324833934618,0.010230444826347688,0.006258975284128725,0.007779910302452383,0.005979240549354168,0.002002849604239681,-0.0027472496915645728,0.0008577548132890887,0.5655,0.5163637,0.54844964,0.6713816,0.76991874,0.5822835,0.5318898,0.62310606,0.4983499348163605,0.8180482110977173,0.5961501002311707,0.8180482110977173,0.05,50.0,0.34974682022734643,0.34271257507234654,0.34821724018157857,0.35713313484876763,0.37393913971093334,0.3503784714372705,0.35559004225867924,0.34713859342586956,0.34835476281633415,0.0008542143156268653,0.00010056279999405188,-0.0003242588004566525,-0.005313851895170282,-0.007293037909265246,-0.007052093147078361,-0.004053001051794854,-0.005391072571213455,-0.006187678046883496,0.5600807,0.55495495,0.5777372,0.70496184,0.551626,0.5986842,0.6365854,0.57810223,0.4982999712228775,0.8102747323513031,0.6003750264644623,0.8102747323513031,0.0495,49.5,0.2995280491059607,0.29201608787601097,0.2947151341008717,0.3082091633557752,0.31864369342391924,0.302202344442065,0.32585410063126774,0.32618696320336715,0.3204908241286377,0.005156438937820798,0.004853943816964335,0.0049530930129455175,0.00047256169447922134,0.00024343619659356833,-0.0005364262988620965,-0.0010250757237775863,-0.004069161131389014,-0.0026649616167972036,0.5627904,0.5356593,0.5630934,0.68817174,0.6607724,0.59048384,0.5842376,0.6006042,2026-10-05T20:46:13.799848
44,0.6236000061035156,0.5003024339675903,0.7666476940155029,0.6236152648925781,0.7666476940155029,0.8051230233192443,0.8866445964813232,2.1411177507400514,0.1893449307203293,5.049330135345459,1.9483423915863036,1.0,10.0,,,,,0.6426608404159546,0.6426608404159546,,,,17.257332629394533,1.3242671926072829,0.06891194390352506,,0.07236621904062332,1.1899125053054969,0.25673170819593844,0.0009222122859862295,0.029507893650751016,4.041362124643508,,0.0014782630310877327,,75.65758295727383,18.63490348864513,,102.36838905674637,75.6770670702503,24.698885826548192,95.05305184528326,38.71660572708033,17.257311304663396,,0.6669941814082443,,0.059835721685248575,0.19776378296742772,,0.10478430184399247,0.0711339404628535,0.18466942838043165,0.004257174345196053,0.3390324051213113,0.13996161748269562,,,,0.1751,3502.0,0.5347835,0.54639554,0.590729,0.77205765,0.61538166,0.62856567,0.6909883,0.6085336,0.5014001131057739,0.8029926371574402,0.6053500175476074,0.8029926371574402,0.056,56.0,0.2148749059407262,0.20634651008729082,0.2044970975132692,0.30617134596375717,0.31028146474773527,0.2949786247220146,0.26235707269016734,0.2595475933126727,0.24817534412813666,-0.0024227780179533016,-0.0032577843014082674,-0.004093064142801255,0.002789895866176228,0.0017510225952904932,-0.0003452234151583576,-0.006483891120072505,-0.005428064457649541,-0.006263460441442647,0.564,0.5272727,0.5492248,0.66710526,0.76829267,0.572441,0.53937006,0.6287879,0.4995000660419464,0.8172102093696594,0.5963999032974243,0.8172102093696594,0.058,58.0,0.32810067026834455,0.32193328803127463,0.3226163407592747,0.3960182425210003,0.40923449906150206,0.38724293095734086,0.33542169789936777,0.3323976871308294,0.32557365190307835,0.015288841797000841,0.014107104692227935,0.013640594678926412,0.008425336400548038,0.011050411590116075,0.0057724693157918585,0.015894882138954427,0.012304881214305922,0.012507849868748417,0.54717743,0.5536036,0.5737226,0.7099237,0.5487805,0.6013158,0.63861793,0.59051096,0.5004500895738602,0.8101014232635497,0.6008749604225159,0.8101014232635497,0.057,57.0,0.2714877881045354,0.2641398990592827,0.26355671913627193,0.35109479424237877,0.35975798190461866,0.3411107778396777,0.29888938529476755,0.29597264022175107,0.2868744980156075,0.006433031889523769,0.005424660195409834,0.004773765268062578,0.005607616133362133,0.0064007170927032845,0.0027136229503167504,0.00470549550944096,0.0034384083783281904,0.0031221947136528846,0.5555887,0.5404382,0.5614737,0.6885145,0.65853655,0.5868784,0.588994,0.6096494,2026-10-05T20:50:34.598728
45,0.6234674453735352,0.4974149465560913,0.7649767024993896,0.6235325932502747,0.7649767024993896,0.8135751646995545,0.8960358681678772,2.1300170742034914,0.18328705908060075,5.444945812606812,1.9823106031417848,1.0,10.0,,,,,0.6783990909576416,0.6783990909576416,,,,17.225204653930664,1.3991882902137034,0.05951292020310262,,0.06604678027782661,1.152974229709358,0.25154064415366784,0.0010499501440327046,0.03574014343558603,3.5533420426450717,,0.0014115333660521653,,75.62190455539971,18.611977437499224,,102.36219082972046,75.64120808984065,24.66854728407161,95.05639006985221,38.72168826449449,17.225186074615284,,0.6842286108405726,,0.06062666153547111,0.19977674808851473,,0.10568778672415739,0.07172336006999776,0.18756982665153066,0.004388026142742034,0.34365568191382534,0.14017145506515624,,,,0.1714,3428.0,0.53985566,0.5515707,0.5876981,0.77055687,0.6150312,0.63129294,0.6861482,0.6046232,0.49205002188682556,0.8145757460594177,0.6020000576972961,0.8145757460594177,0.062,62.0,0.31979890495468316,0.3036735110545599,0.30121210995257375,0.39722475671148966,0.3688790810581698,0.3543173231592495,0.4032508146454616,0.4005446412508951,0.39030923584768934,0.04705468963923905,0.041712267423179655,0.04145310383143054,0.03822299458585488,0.04272452720261476,0.03364838281653983,0.027540861763330347,0.024702186602299392,0.021049207369700944,0.56100005,0.5272727,0.54612404,0.66842103,0.76829267,0.57716537,0.51496065,0.62613636,0.49949997663497925,0.8173532056808471,0.5999500751495361,0.8173532056808471,0.06,60.0,0.36302854595410805,0.35702081198115343,0.35599183238560667,0.39378857506429926,0.4011657036341155,0.37310319929508473,0.40295431582506896,0.39962032783565854,0.378626481895794,0.014608049974281384,0.013526120480838304,0.012142496083116388,0.012253585747781069,0.015204667020947199,0.009901272080075999,0.0042449613606819776,0.004663638555073427,0.0018511323905625824,0.56209683,0.55675673,0.5846715,0.7087786,0.5512195,0.6013158,0.6422764,0.5850365,0.4957749992609024,0.8159644758701324,0.6009750664234161,0.8159644758701324,0.061,61.0,0.34141372545439563,0.3303471615178567,0.3286019711690902,0.39550666588789446,0.38502239234614266,0.3637102612271671,0.4031025652352653,0.40008248454327683,0.3844678588717417,0.030831369806760215,0.02761919395200898,0.026797799957273466,0.025238290166817976,0.02896459711178098,0.021774827448307915,0.015892911562006163,0.014682912578686409,0.011450169880131762,0.5615485,0.5420147,0.56539774,0.6885998,0.65975606,0.58924055,0.5786185,0.6055864,2026-10-05T20:54:57.321842
46,0.6233422160148621,0.5004700422286987,0.7653165340423584,0.6232326626777649,0.7653165340423584,0.7949630398750305,0.8753557319641113,1.9057264461517334,0.18512065736055375,5.26380633277893,1.9605129350662232,1.0,10.0,,,,,0.6504504676818847,0.6504504676818847,,,,17.19658180847168,0.9854687541889348,0.06415456012306604,,0.07139340604679173,1.2228181333678543,0.24874122730296128,0.0011584733393722492,0.03604886125607096,4.134904858792663,,0.001883235223512358,,75.58678810459793,18.589727924128248,,102.36239735791638,75.60521027388846,24.638469696044922,95.05794559162894,38.74748217831751,17.196553272806156,,0.6731496753206678,,0.061536629037682415,0.2016666255369308,,0.10685007497193708,0.07228393136126221,0.19053682542530595,0.0046421704950273795,0.3498111568438779,0.14130147048242533,,,,0.1919,3838.0,0.53751004,0.54832864,0.5943542,0.7676343,0.6160631,0.62662625,0.68217903,0.61162937,0.5077999234199524,0.8087792353630066,0.5995000600814819,0.8087792353630066,0.05,50.0,0.17389977654371808,0.15836651823307094,0.16090785578290073,0.22836920383110632,0.2162734513949655,0.21959596906560733,0.22619065145214295,0.2234379645985371,0.20648296242472897,0.018879077506215855,0.019027986347353393,0.01995968729513865,0.0019314594408584172,0.01973503060017894,0.017003922263118598,0.022054829976267273,0.026539564586352024,0.026185774953178094,0.56600004,0.5109091,0.54651165,0.67269737,0.76626015,0.57716537,0.5177165,0.61098486,0.49699997901916504,0.816576078414917,0.5945999622344971,0.816576078414917,0.054,54.0,0.3341520957750865,0.319117936410495,0.32434627491442225,0.34697399759308606,0.3515278449651117,0.34224921980318457,0.3742636048883108,0.37298002289335136,0.34999312469903954,-0.0025128072783796897,-0.005503759608332836,-0.006792752645282583,-0.010714691420221745,-0.0017815424065404143,-0.00810927134657323,-0.0069594292425662375,-0.008655770685627812,-0.013759110570513095,0.54596776,0.5518018,0.57554746,0.7041985,0.5593496,0.58377194,0.63821137,0.5890511,0.5023999512195587,0.8126776568889618,0.5970500111579895,0.8126776568889618,0.052000000000000005,52.0,0.2540259361594023,0.23874222732178296,0.2426270653486615,0.2876716007120962,0.2839006481800386,0.28092259443439593,0.3002271281702269,0.29820899374594423,0.27823804356188425,0.008183135113918083,0.006762113369510278,0.006583467324928033,-0.004391615989681664,0.008976744096819263,0.004447325458272684,0.007547700366850518,0.008941896950362106,0.0062133321913324996,0.5559839,0.53135544,0.56102955,0.68844795,0.66280484,0.58046865,0.57796395,0.600018,2026-10-05T20:59:19.079273
47,0.6204223036766052,0.49929994344711304,0.7708747055053711,0.6201802492141724,0.7708747055053711,0.8075778915405274,0.8893722321510314,1.9385640785217284,0.22319803900718688,5.2895737041473385,1.9992796405792237,1.0,10.0,,,,,0.6129704997062683,0.6129704997062683,,,,17.16640062866211,0.9218888417728672,0.06263321679186337,,0.06185800134156872,1.1174351299644276,0.23443474245678847,0.0012597328760612246,0.04253182691895658,3.581391581304514,,0.0012626349316575494,,75.55112515589234,18.563477765223023,,102.3613260354206,75.56878287928879,24.60674271310211,95.06113662233778,38.78953515799942,17.16637630827108,,0.6927818944499751,,0.0622244808988966,0.20259806864960178,,0.10815587559133578,0.07291128339281508,0.19326741120238214,0.0048321551542468135,0.3569986873371586,0.14222987907327664,,,,0.17835,3567.0,0.5280273,0.5399517,0.57941765,0.7721564,0.6236955,0.62694955,0.68420416,0.6052139,0.5037000179290771,0.797500919342041,0.6045500040054321,0.797500919342041,0.053,53.0,0.3589689445859641,0.3398820690346983,0.3399322909120057,0.3764171995344586,0.37123622937722356,0.35715272076671506,0.39247752430184757,0.386589788852387,0.36383373682585174,0.030975694305010612,0.029397012738470445,0.030166454436222193,0.0405427516058762,0.04759028550624809,0.040057910756998605,0.04379701998237793,0.03872938265064395,0.044148330862421536,0.57100004,0.53000003,0.5515504,0.67861843,0.7752032,0.5472441,0.51496065,0.6409091,0.4926500618457794,0.8096703824996948,0.5981500148773193,0.8096703824996948,0.054,54.0,0.4267494839671348,0.41466848633060066,0.41949406625908786,0.4674643491986866,0.4792745813923673,0.4620628193443323,0.49782531760234955,0.48598895247323126,0.4746001025449804,0.01658808293271917,0.015094121745758882,0.015081476845950908,0.004928057364500105,0.004560253398066325,0.0026528216582011404,0.005829947527461051,0.00436452627644564,0.0028132922412805604,0.55241936,0.5617117,0.5854015,0.7007634,0.55284554,0.58377194,0.6402439,0.5985401,0.4981750398874283,0.8035856509208679,0.6013500094413757,0.8035856509208679,0.0535,53.5,0.39285921427654946,0.37727527768264946,0.37971317858554676,0.4219407743665726,0.42525540538479545,0.4096077700555237,0.4451514209520986,0.43628937066280915,0.4192169196854161,0.02378188861886489,0.022245567242114662,0.02262396564108655,0.02273540448518815,0.026075269452157206,0.021355366207599872,0.02481348375491949,0.021546954463544793,0.023480811551851048,0.5617097,0.5458559,0.56847596,0.68969095,0.66402435,0.565508,0.57760227,0.61972463,2026-10-05T21:03:41.108220
48,0.622247576713562,0.4972150921821594,0.7665528559684753,0.6220452189445496,0.7665528559684753,0.7807162054061889,0.8595259135246277,1.6939009424209595,0.194926349067688,4.883896987915039,1.9975315856933593,1.0,10.0,,,,,0.6098981788635254,0.6098981788635254,,,,17.140377597045898,1.698507737510713,0.06984853450354236,,0.08173323946465162,1.054348594633637,0.23054083776037404,0.0013963297726126732,0.044174784106338856,2.8726065519509043,,0.0018033100572048767,,75.51518531361963,18.540629708842868,,102.36122306289187,75.5321963364911,24.575092267078958,95.05950641024644,38.854709552351835,17.140359477632366,,0.6919150891577363,,0.06300055520359878,0.2038967615100229,,0.10903258721350105,0.07344176572789053,0.1952242790513737,0.004891484723705205,0.3654075709118205,0.1445197481068836,,,,0.20535,4107.0,0.53281873,0.54921466,0.58757925,0.76834524,0.6132399,0.6258586,0.6870595,0.6108758,0.500950038433075,0.7885006709098816,0.6103000044822693,0.7885006709098816,0.053,53.0,0.3736997683092339,0.3556712298836171,0.36741714846150564,0.4479120704266184,0.4423310396495444,0.4451456273876169,0.4680402571909007,0.4602886680739713,0.458805734777046,0.03693237422544642,0.035050018796374,0.03420827120161501,0.03954273562577297,0.06027972973450606,0.04128698077914643,0.03412472750042876,0.035378991885428965,0.027200684537372122,0.57100004,0.52818185,0.5562016,0.6756579,0.77845526,0.56141734,0.53937006,0.64469695,0.49800002574920654,0.8125555891990661,0.5961500406265259,0.8125555891990661,0.054,54.0,0.3897535333332706,0.3750953245961061,0.3841602984864549,0.4338421614186134,0.4397223161733507,0.4321845270443936,0.44841598749997735,0.43732935514797094,0.4368038892252499,0.020236497011629908,0.015614603047646244,0.015870183587190563,0.019809550590359343,0.017621467405423315,0.013556095704445019,0.013069129308572697,0.008828030945419193,0.007012471095094675,0.54879034,0.5572072,0.56788325,0.7034351,0.5487805,0.5938597,0.6414634,0.6,0.49947503209114075,0.8005281300544739,0.6032250225543976,0.8005281300544739,0.0535,53.5,0.38172665082125223,0.36538327723986164,0.3757887234739803,0.4408771159226159,0.44102667791144756,0.43866507721600523,0.458228122345439,0.4488090116109711,0.44780481200114797,0.028584435618538163,0.02533231092201012,0.025039227394402785,0.029676143108066155,0.03895059856996469,0.027421538241795725,0.023596928404500728,0.02210351141542408,0.017106577816233398,0.55989516,0.54269457,0.5620424,0.6895465,0.66361785,0.5776385,0.5904167,0.6223485,2026-10-05T21:08:04.001019
49,0.6242226958274841,0.5010349750518799,0.7639737096786499,0.6241602897644043,0.7639737096786499,0.7755256452560425,0.8537586271286011,1.8553072511672974,0.17901020808219908,5.0983467960357665,1.9997692302703858,1.0,10.0,,,,,0.6048425902366639,0.6048425902366639,,,,17.116608947753907,1.3118957331178673,0.07939688024811067,,0.0895630706748243,1.0713448850971878,0.2349869895275611,0.0011310175824598974,0.03455647693021567,3.6230140609346377,,0.0020685024456336804,,75.47933274773276,18.514224009908688,,102.368033974034,75.49567457065461,24.54401474241998,95.0560768273226,38.97413268362641,17.116591131611234,,0.6930286500863968,,0.06354939173551122,0.20503162046906295,,0.11098257699020349,0.07404984467348476,0.19754174987601628,0.005025126499711138,0.37730165860455506,0.1478496380862157,,,,0.20825,4165.0,0.5389936,0.5471406,0.5867472,0.77606636,0.6133177,0.6269293,0.68991494,0.6127902,0.5047000050544739,0.8106890239715576,0.6004000306129456,0.8106890239715576,0.036,36.0,0.207321804448001,0.19338384877256995,0.20545427637700453,0.2945590394335367,0.28959558045020334,0.2887237069558433,0.27182840296803923,0.27046347039953655,0.2741779921529099,0.01689384453402144,0.015636708037546763,0.019071966824887408,0.006042982916392685,0.017254264756790576,0.01466227552531119,0.026711926624748077,0.02546097112966174,0.026836067053829054,0.568,0.51045454,0.54379845,0.6638158,0.7691057,0.5862205,0.5153544,0.62045455,0.49390000104904175,0.8214934310913086,0.5934000015258789,0.8214934310913086,0.04,40.0,0.2711685436768439,0.25298261824002605,0.266448641299899,0.3045865288086874,0.30835891801896836,0.31111850560619403,0.3320528335784853,0.3159845071804523,0.327272961832569,-0.008000376977344025,-0.00931392398012365,-0.007539265298171921,-0.010904387126040528,-0.011444587161136442,-0.010258909676776312,-0.014495368556120942,-0.01440179730130446,-0.013833696817759531,0.541129,0.55135137,0.56897813,0.7007634,0.5601626,0.5899123,0.643496,0.5843066,0.4993000030517578,0.8160912275314331,0.5969000160694122,0.8160912275314331,0.038,38.0,0.23924517406242246,0.22318323350629798,0.23595145883845176,0.29957278412111205,0.29897724923458585,0.29992110628101865,0.30194061827326224,0.29322398878999445,0.30072547699273944,0.004446733778338707,0.0031613920287115564,0.005766350763357743,-0.0024307021048239215,0.0029048387978270673,0.0022016829242674386,0.006108279034313567,0.0055295869141786394,0.006501185118034761,0.5545645,0.530903,0.55638826,0.6822896,0.6646341,0.5880664,0.5794252,0.6023806,2026-10-05T21:12:26.143160
50,0.6216297149658203,0.49788764119148254,0.7689388942718506,0.6222052574157715,0.7689388942718506,0.7899276398658752,0.8697608419418335,2.0360859384536742,0.18588680499792098,5.159125011062622,1.999233341217041,1.0,10.0,,,,,0.5927891324043274,0.5927891324043274,,,,17.086788317871093,1.3498034782909378,0.07122263461529355,,0.07405285108953145,1.2209869824397337,0.22486810602105348,0.001235593517591204,0.03798946134663027,3.530552569373398,,0.0015639963725577687,,75.44304584090118,18.500516551315403,,102.37497366158067,75.45950550638187,24.511079946141333,95.0589626822502,38.960706309907756,17.086787570054366,,0.6927641808607017,,0.0641243763884921,0.20817064574569655,,0.11336512744996198,0.0747021554381984,0.20009304507143177,0.00515652518529611,0.3801917114834877,0.14894636117728652,,,,0.19485,3897.0,0.531235,0.540294,0.5872227,0.76820695,0.62392914,0.62751514,0.6861685,0.61136454,0.4984999895095825,0.8269627103805542,0.5964500308036804,0.8269627103805542,0.052,52.0,0.2602074956463448,0.25555074098059816,0.2542691726436576,0.3177194633923743,0.3199704928295104,0.311846305387193,0.3097267471362044,0.32233136938319507,0.3053042232130671,0.0021572570381780017,0.0015767766101287667,0.002945682470020059,0.0002402288788187454,-0.0004870394644201857,0.0035892138443346495,-0.004203074799501071,-0.005414803563354554,-0.0035636833667894354,0.5535,0.5,0.5399225,0.65789473,0.7731707,0.557874,0.5401575,0.62045455,0.4990999400615692,0.8486027512550354,0.5859499573707581,0.8486027512550354,0.059,59.0,0.28478120370482296,0.27315703168617245,0.2741722957619171,0.36621869394723283,0.35379883773622217,0.34302049540366925,0.33013308241597505,0.3276816700669518,0.31507961924876543,0.0041803030573843965,0.0028203622146518786,0.0032058270919275715,-0.00761599094777476,-0.005026953302531875,-0.008865546430402394,0.001068947711272518,-0.0003177723290428456,-0.0019074022153672669,0.546371,0.5432432,0.5540146,0.6854962,0.55406505,0.5890351,0.6333333,0.57664233,0.49879996478557587,0.8377827308177948,0.5911999940872192,0.8377827308177948,0.055499999999999994,55.5,0.2724943496755839,0.2643538863333853,0.26422073420278736,0.34196907866980353,0.3368846652828663,0.3274334003954311,0.31992991477608973,0.32500651972507344,0.31019192123091627,0.003168780047781199,0.0021985694123903225,0.003075754780973815,-0.0036878810344780073,-0.0027569963834760303,-0.0026381662930338723,-0.0015670635441142763,-0.0028662879461987,-0.002735542791078351,0.54993546,0.5216216,0.5469686,0.6716955,0.66361785,0.57345456,0.5867454,0.5985484,2026-10-05T21:16:47.574458
51,0.6210429072380066,0.49980708956718445,0.7693755834579468,0.620690107345581,0.7693755834579468,0.7873726560592651,0.8669219753265381,1.923251303100586,0.1871103190779686,4.961459623336792,1.9930408130645751,1.0,10.0,,,,,0.5290534566879272,0.5290534566879272,,,,17.06397017211914,0.8352900048373801,0.04208546419550849,,0.05379385751772933,1.1263169657652545,0.1958381173432253,0.001020967595447537,0.034032169391347726,2.5981182091555017,,0.0008019301163979545,,75.4062483963693,18.474814712621605,,102.37135067107572,75.42358753180048,24.480164205952054,95.0618211782662,38.962456551327065,17.063944361012453,,0.6896552933249503,,0.06453075582624242,0.20954664583039131,,0.11442604352524326,0.07530792517836686,0.202347684153326,0.005225099418549591,0.3841335502020113,0.15217035515293195,,,,0.19455,3891.0,0.5385325,0.5479259,0.58431065,0.7672591,0.6154595,0.627495,0.6848522,0.5980652,0.5058500170707703,0.8047631711959838,0.6007500290870667,0.8047631711959838,0.057,57.0,0.24184134353270853,0.2364037205769526,0.22754750344110689,0.2860581449814764,0.2954266430312692,0.28798191398343803,0.25923244120651556,0.2666051820961264,0.2420847060785593,0.02268919867414153,0.02030652986363845,0.023542354414321655,0.03386423985360676,0.023805240413872376,0.020124800899845093,0.016073987385271733,0.021229494419544144,0.02164993119139843,0.5765,0.5195455,0.54689926,0.65953946,0.77276427,0.5822835,0.5094488,0.61704546,0.5072999596595764,0.8129495329856873,0.5954000353813171,0.8129495329856873,0.065,65.0,0.31033369928694027,0.30075448514091085,0.29418121176990375,0.35782795554690494,0.36802916387888734,0.349008192172443,0.39330278455136525,0.3921803821985759,0.3634571898093697,-0.002067818399900063,-0.0036669528188742863,-0.0036423339696888828,-0.008028427953741722,-0.010511157706333754,-0.01284595738741529,-0.003102529027723481,-0.00575366768227049,-0.003641444558939202,0.55403227,0.5617117,0.5653285,0.7103054,0.5601626,0.59122807,0.64186996,0.5737226,0.5065749883651733,0.8088563520908356,0.5980750322341919,0.8088563520908356,0.061,61.0,0.2760875214098244,0.2685791028589317,0.2608643576055053,0.3219430502641907,0.3317279034550783,0.3184950530779405,0.3262676128789404,0.3293927821473511,0.30277094794396453,0.010310690137120734,0.008319788522382082,0.009950010222316386,0.012917905949932518,0.006647041353769311,0.003639421756214901,0.006485729178774126,0.007737913368636827,0.009004243316229614,0.56526613,0.5406286,0.55611384,0.68492246,0.66646343,0.58675575,0.5756594,0.595384,2026-10-05T21:21:08.907606
52,0.622719943523407,0.5001599192619324,0.7634985295295715,0.6226523518562317,0.7634985295295715,0.7966971250534057,0.8772824898719788,1.9440483196258544,0.18263712238073349,5.103678430175782,1.990947523880005,1.0,10.0,,,,,0.5842295644760132,0.5842295644760132,,,,17.03548289794922,1.3244176747716347,0.056816892503392974,,0.06566924024462273,1.1440027056226305,0.19998033790831354,0.0011519954642162295,0.037174644992704606,2.2463124035649997,,0.0015014205670407248,,75.37016928120023,18.45097991311626,,102.36501647560459,75.38776596944044,24.44727405620988,95.06298726075774,38.93745913171465,17.035464827422125,,0.6885680093127451,,0.06540531978295867,0.21080869493211152,,0.1150960117863242,0.07607256891621146,0.2039612305771773,0.005266895301189203,0.38623131878057104,0.1537454144400396,,,,0.1877,3754.0,0.5355854,0.5416432,0.58478606,0.7695695,0.6159268,0.6300606,0.6906035,0.6116701,0.49890002608299255,0.8142073965072631,0.6042500138282776,0.8142073965072631,0.061,61.0,0.3052424597941352,0.2909184320185204,0.2834968747027754,0.2786210359269295,0.30800282090963804,0.29968642861021755,0.3335794756340275,0.3306875295027531,0.3152590073330386,0.011224939549769556,0.012942590337144497,0.013027428165250597,0.026297199787731766,0.020950804541851584,0.01912684749437956,0.016607158969301816,0.018822570831237624,0.016750840978587454,0.5675,0.52090913,0.5492248,0.6644737,0.76747966,0.5748032,0.5303149,0.6333333,0.5024999976158142,0.8280480041503906,0.5952000021934509,0.8280480041503906,0.068,68.0,0.41251897708977187,0.40158431758717084,0.3979753969825906,0.43024040165211563,0.42618181315893205,0.41497770706499276,0.43384570806381745,0.42851215625409356,0.4171129881663986,0.006757616848831635,0.00240515516179446,0.0003875400191818697,0.013253351673774429,0.015247347175000866,0.005060792655571321,0.003966018923206338,-0.0012022206676986968,-0.004361873960758253,0.5512097,0.55495495,0.570073,0.70648855,0.55365855,0.5890351,0.6345529,0.5934307,0.5007000118494034,0.8211277003288269,0.5997250080108643,0.8211277003288269,0.0645,64.5,0.3588807184419536,0.3462513748028456,0.34073613584268303,0.3544307187895226,0.367092317034285,0.3573320678376052,0.3837125918489225,0.3795998428784233,0.3661859977497186,0.008991278199300595,0.007673872749469479,0.0067074840922162334,0.0197752757307531,0.018099075858426225,0.01209382007497544,0.010286588946254078,0.008810175081769464,0.0061944835089146,0.55935484,0.53793204,0.5596489,0.68548113,0.6605691,0.58191913,0.58243394,0.613382,2026-10-05T21:25:29.716986
53,0.6232472062110901,0.4976021349430084,0.7634836471557617,0.6233800649642944,0.7634836471557617,0.8010699060440063,0.8821411419868469,1.9943827619552612,0.18599585156440734,5.316781869506836,1.9958749259948732,1.0,10.0,,,,,0.613991598701477,0.613991598701477,,,,17.01064390258789,0.6767136389211674,0.034945014790056426,,0.04536434808734116,1.103672022747386,0.2298165260321775,0.0007073690840057957,0.025037467886047188,3.7207947591687462,,0.0007901403048797955,,75.33408831942613,18.42083751168221,,102.36045686758249,75.35176936836,24.413888639705196,95.06397820733915,38.93621087529856,17.010624672956528,,0.6910611675803069,,0.06611941204329205,0.21099509175416012,,0.11584162783281059,0.07665751091424067,0.20567753426967914,0.0053028239791465415,0.38973026214891177,0.1563451879533233,,,,0.19,3800.0,0.53584605,0.5446436,0.58417195,0.7732425,0.62169003,0.62919194,0.68464965,0.61197555,0.4906500279903412,0.8009971084594727,0.6056000590324402,0.8009971084594727,0.06,60.0,0.42163571567344255,0.4088750924861685,0.4019767511980833,0.38351155969855383,0.390756763756226,0.372074505059182,0.38217206607255916,0.3838213372291539,0.35833148263540154,0.030535773428765536,0.029198843571870317,0.027071784914065852,0.04221583614613783,0.04437549072247469,0.03632952659132972,0.019542288751471883,0.014907848786276079,0.017627592159385544,0.5665,0.5181818,0.54883724,0.67105263,0.7776423,0.5622047,0.53346455,0.63901514,0.48965001106262207,0.8245200939178466,0.5928999781608582,0.8245200939178466,0.063,63.0,0.4045845367297145,0.3964792371669152,0.3960496284483916,0.375702688656828,0.3964456740396373,0.3800513768205536,0.4187684086147057,0.4145130284781339,0.40480260408589086,0.010340759578430036,0.007906133465868373,0.008103762551352863,0.009156732350366282,0.007277293908136115,0.004310220936012389,0.009513362870106404,0.009116637295818688,0.006862523257455013,0.5387097,0.5518018,0.5660584,0.7045802,0.55365855,0.58377194,0.64186996,0.5941606,0.49015001952648163,0.8127586011886596,0.5992500185966492,0.8127586011886596,0.0615,61.5,0.4131101262015785,0.4026771648265418,0.3990131898232374,0.37960712417769094,0.39360121889793165,0.3760629409398678,0.4004702373436324,0.39916718285364394,0.3815670433606462,0.020438266503597785,0.018552488518869346,0.01758777373270936,0.025686284248252055,0.0258263923153054,0.020319873763671056,0.014527825810789144,0.012012243041047383,0.012245057708420277,0.55260485,0.5349918,0.5574478,0.6878164,0.6656504,0.57298833,0.5876672,0.6165879,2026-10-05T21:29:50.874647
54,0.6240272521972656,0.49956244230270386,0.7625300442695617,0.6240726113319397,0.7625300442695617,0.7888297746658325,0.8685409920692444,1.8359966634750366,0.17105253512859345,4.822084888839722,1.9984961946487427,1.0,10.0,,,,,0.5448327978610993,0.5448327978610993,,,,16.983745623779296,0.860276141138688,0.05205264055187915,,0.055445677479195175,1.1816270780411495,0.22417289327094508,0.0011599284352417324,0.038584071730566064,3.2133931796641866,,0.001076600204683858,,75.29729286728391,18.394801352434097,,102.36176440973951,75.31607998404533,24.381355686552205,95.06457388325101,38.98134780689409,16.98373185904922,,0.6923964855017936,,0.06654592280744746,0.21176986263436118,,0.11711702804276898,0.07731207882522777,0.20758178678287822,0.005334202176446368,0.3962671925687486,0.1578918764735483,,,,0.20055,4011.0,0.54023653,0.5444221,0.58044773,0.77387446,0.61779594,0.6305253,0.69046175,0.61344194,0.49939998984336853,0.7996569113731384,0.6047500967979431,0.7996569113731384,0.066,66.0,0.3589356722121893,0.3414132889948612,0.3273849200589404,0.39445056435296194,0.3949169095855028,0.36831438024682295,0.40315038166147305,0.3826504437641377,0.37260718065577497,0.0432657618485173,0.04436518072759551,0.04467272283942062,0.0439307987720596,0.052936527761930224,0.03823415077995243,0.049488725861763797,0.05228010768825437,0.04725469401232781,0.568,0.52818185,0.54612404,0.6674342,0.76707315,0.5641732,0.53149605,0.6397728,0.5019999742507935,0.8115903277397156,0.5978500843048096,0.8115903277397156,0.064,64.0,0.36355206791935474,0.3552096863957245,0.3468651613924653,0.3956139285451845,0.43767315349439684,0.39828330035713433,0.3979026391335397,0.3894517336743107,0.37521598989601523,0.01689758601409638,0.015503920311016852,0.012151626960602189,0.012202852570520192,0.021413193552001525,0.008724376886273465,0.018042867327948152,0.014572326384196378,0.005748362134851665,0.55725807,0.55495495,0.5828467,0.7030534,0.55528456,0.5947369,0.6365854,0.58978105,0.500699982047081,0.805623619556427,0.6013000905513763,0.805623619556427,0.065,65.0,0.361243870065772,0.34831148769529285,0.3371250407257028,0.3950322464490732,0.41629503153994984,0.38329884030197864,0.40052651039750636,0.3860510887192242,0.3739115852758951,0.03008167393130684,0.02993455051930618,0.028412174900011404,0.028066825671289895,0.037174860656965875,0.023479263833112947,0.03376579659485597,0.03342621703622537,0.02650152807358974,0.56262904,0.5415684,0.5644854,0.68524384,0.6611788,0.579455,0.58404076,0.6147769,2026-10-05T21:34:13.745695
55,0.6232150197029114,0.49928250908851624,0.7637997619628907,0.6231897473335266,0.7637997619628907,0.8013250586509705,0.8824246415138245,1.9798812284469605,0.1722147109389305,4.853373240661621,1.9963121131896973,1.0,10.0,,,,,0.5762393611907959,0.5762393611907959,,,,16.96183907775879,0.6044881130764439,0.031299405448749706,,0.03682096563516908,1.1469196464605391,0.22738512989821708,0.0009747729173291972,0.03307361831995332,2.597897678423839,,0.0006079526228048307,,75.2624100606153,18.370073889471165,,102.35543138054526,75.28020059379043,24.350160999662556,95.0662201802442,39.007419464694465,16.961822704145103,,0.6913055401698799,,0.06740517487191851,0.21286375004394797,,0.11757224167038681,0.07787643344538986,0.20974466840552677,0.005416066979004699,0.4014334475538533,0.16108064021274543,,,,0.18955,3791.0,0.5371692,0.54343534,0.5853606,0.76986575,0.6199377,0.6329899,0.68872017,0.6064766,0.5046000480651855,0.7988301939964294,0.607699990272522,0.7988301939964294,0.057,57.0,0.27306628850656484,0.2506628566242844,0.247273464952215,0.36753067221096,0.35376615203998296,0.3438637848161888,0.3604105523415455,0.36477806106677085,0.2689161690035071,0.02501187899299217,0.022547803986227834,0.024861101427071933,0.019954446301435873,0.025898469644687894,0.02411534130494306,0.040796858918802095,0.03323379181978527,0.04154746355240691,0.5805,0.53227276,0.5476744,0.67368424,0.7703252,0.57716537,0.5165354,0.6393939,0.5031999945640564,0.8119375681877137,0.6006999611854553,0.8119375681877137,0.067,67.0,0.3527163907991148,0.3384069846342033,0.33864541798723047,0.37717694183544265,0.3998434788358864,0.38539832872813895,0.37866344151062487,0.37293676289104805,0.3409296720505605,0.0174273769206951,0.014255552067865173,0.015236982159153468,0.011231220045238485,0.014908612738689661,0.009971954868965212,0.010147794502058556,0.007056988078272373,0.005130782499698033,0.5608871,0.5594595,0.58138686,0.70572525,0.55609757,0.5982457,0.6439025,0.59233576,0.503900021314621,0.8053838810920715,0.6041999757289886,0.8053838810920715,0.062,62.0,0.31289133965283983,0.29453492062924386,0.29295944146972275,0.3723538070232013,0.37680481543793465,0.3646310567721639,0.3695369969260852,0.3688574119789094,0.30492292052703385,0.021219627956843637,0.0184016780270465,0.0200490417931127,0.015592833173337178,0.020403541191688777,0.017043648086954136,0.025472326710430326,0.020145389949028824,0.023339123026052472,0.57069355,0.54586613,0.5645306,0.6897048,0.66321135,0.5877055,0.5802189,0.6158649,2026-10-05T21:38:35.949137
56,0.6251248121261597,0.5010799765586853,0.7602584615707397,0.6251376271247864,0.7602584615707397,0.7990950201034546,0.87994681930542,2.0068031650543214,0.17326652426719666,4.759409842300415,1.996600517654419,1.0,10.0,,,,,0.5935621772766113,0.5935621772766113,,,,16.93582048034668,1.1658329410555588,0.057390529868507366,,0.07606948852527198,1.144131708107177,0.23439826773610084,0.000998165291047412,0.031393476032242656,3.324710969332677,,0.0012694338219708195,,75.22620906951322,18.343903171029062,,102.34755619316344,75.24472390922011,24.317268930423033,95.06791006683544,38.971530987198946,16.93579551065044,,0.6914150813582597,,0.06800476589779945,0.21362499921185196,,0.11794589886999433,0.07853046785684148,0.21131783723831177,0.005497410528622805,0.40271489787253606,0.16304308327899616,,,,0.19205,3841.0,0.53490376,0.55273867,0.5945523,0.77018166,0.61479753,0.62907076,0.6871406,0.6163748,0.49550002813339233,0.8105900912284851,0.6009500026702881,0.8105900912284851,0.057,57.0,0.24556312786435344,0.23553601567971272,0.2371210850893388,0.34751629006511514,0.3242458671052908,0.3300160749027764,0.21947497916519482,0.21978740276032824,0.2036768251764477,0.030263481774989356,0.02713565369032637,0.030220795391528905,0.008826961134787219,0.018317946250194027,0.014292044529539246,0.0372363291178397,0.035349820583857376,0.03310297671738917,0.5575,0.5168182,0.5317829,0.66809213,0.7703252,0.56692916,0.5326772,0.63484854,0.4989500045776367,0.8183690962791443,0.5956999659538269,0.8183690962791443,0.066,66.0,0.3093492865293258,0.29764219055978797,0.29875750841120674,0.38352119832963516,0.4064783582470641,0.36531688307894605,0.3027039260393939,0.2896679606659392,0.27451242228964734,0.022889057244441752,0.02059889919755715,0.019769140777824948,0.01008298672372192,0.016761214001386703,0.008381014857501735,0.022691014470286663,0.018648567986504397,0.01636638409153221,0.54919356,0.55090094,0.5751825,0.6977099,0.55609757,0.59692985,0.6443089,0.58795625,0.4972250163555145,0.8144795937538147,0.5983249843120575,0.8144795937538147,0.0615,61.5,0.2774562071968396,0.26658910311975037,0.2679392967502728,0.3655187441973752,0.36536211267617746,0.3476664789908612,0.2610894526022943,0.2547276817131337,0.23909462373304752,0.026576269509715554,0.02386727644394176,0.024994968084676925,0.00945497392925457,0.017539580125790363,0.01133652969352049,0.02996367179406318,0.026999194285180887,0.02473468040446069,0.55334675,0.5338596,0.5534827,0.682901,0.66321135,0.5819295,0.58849305,0.6114024,2026-10-05T21:42:58.458325
57,0.6232771277427673,0.49862784147262573,0.761326443862915,0.6233022212982178,0.761326443862915,0.7893744353294373,0.8691461718559265,2.0033110673904417,0.17772337354421616,5.29046668548584,1.9974160223007202,1.0,10.0,,,,,0.6491243378639221,0.6491243378639221,,,,16.906689874267578,1.110051564706169,0.07968918130003438,,0.0671192314994824,1.124679802329677,0.1914325159541361,0.000786921156794248,0.027256320841657886,2.7343394763910087,,0.0010617064756953385,,75.19180054877215,18.33032175537887,,102.35217168528563,75.20882571275067,24.282986695599405,95.06463943773015,39.00155314062811,16.906664052586645,,0.6918362306941087,,0.06877539240440746,0.2169281588807987,,0.11948736415357347,0.07920625530610419,0.2125286838621091,0.0055052583153318065,0.40805070225600226,0.16434438659506997,,,,0.19975,3995.0,0.532077,0.54422075,0.58856976,0.77584916,0.60695094,0.6305253,0.6979951,0.6090428,0.49744999408721924,0.8021878452301026,0.6030999422073364,0.8021878452301026,0.047,47.0,0.34630811565563685,0.338191991116174,0.34748507726039385,0.3879507622249957,0.39746857580327105,0.3836891634302149,0.3387011105146774,0.3376897835877443,0.3286338437854791,0.033881499935029716,0.033777932527150306,0.03288500798499979,0.033814395046903103,0.033235613181917714,0.030990665797981435,0.05348294497206358,0.05181964057817646,0.04960591890505969,0.5545,0.5236364,0.54573643,0.66315794,0.76829267,0.57795274,0.5307087,0.6329546,0.505649983882904,0.814315999507904,0.5963500142097473,0.814315999507904,0.052,52.0,0.35099737839087064,0.341160913975806,0.34955399526128117,0.36364118164807685,0.4066907599493397,0.3721599092289698,0.37707911895972623,0.3630318042273603,0.3640588557097687,0.025465565914153897,0.02276278327976153,0.023120463365443017,0.009578445242496127,0.01813576530417226,0.012899422803076556,0.018239265164654128,0.014565802683376386,0.011042671104194185,0.5528226,0.5495495,0.5740876,0.7087786,0.549187,0.5982457,0.64186996,0.58832115,0.5015499889850616,0.8082519223690032,0.5997249782085419,0.8082519223690032,0.0495,49.5,0.3486527470232538,0.33967645254599,0.34851953626083754,0.37579597193653624,0.40207966787630534,0.37792453632959233,0.3578901147372018,0.3503607939075523,0.3463463497476239,0.02967353292459181,0.028270357903455917,0.028002735675221404,0.021696420144699614,0.025685689243044985,0.021945044300528994,0.03586110506835885,0.033192721630776426,0.03032429500462694,0.5536613,0.53659296,0.559912,0.6859683,0.6587398,0.58809924,0.5862893,0.6106379,2026-10-05T21:47:20.558516
58,0.6233200430870056,0.5006199479103088,0.7628989706993103,0.6233000755310059,0.7628989706993103,0.7852261030197144,0.8645369132041931,1.9743393453598022,0.16355517390966415,5.36332257270813,1.9913343544006348,1.0,10.0,,,,,0.6097207349777222,0.6097207349777222,,,,16.88074101867676,0.9114274246748656,0.045821314291275186,,0.052163963034084646,1.1306867086963288,0.21662580971695056,0.0008186589355341746,0.02693303710644602,3.5336617292112606,,0.0008382038054353806,,75.1554699065579,18.30590786296091,,102.35494538325413,75.17257053836896,24.249405794082932,95.06324680595641,39.00225166758155,16.880720782431826,,0.6887937810770266,,0.06930811821844927,0.2186776004779111,,0.12094426036450513,0.07979756660142522,0.21391856926641648,0.005567163540418171,0.41143304660062124,0.16596902498773708,,,,0.21075,4215.0,0.53211707,0.54337496,0.5891838,0.77511847,0.6236566,0.6296768,0.6880721,0.60331976,0.5037000179290771,0.7971357908248902,0.6053498983383179,0.7971357908248902,0.057,57.0,0.33123613838530275,0.31728516403461154,0.3190742626853945,0.35676461946025706,0.3683407155800055,0.34972610887518046,0.35425372494586943,0.34236656736057647,0.33071762813180505,0.05144720629880157,0.05089079076820546,0.05280390777197928,0.036729370631838405,0.0418579156328647,0.03749791764207613,0.04209770978049254,0.04594303700599901,0.046461599342787534,0.573,0.5259091,0.54883724,0.6654605,0.77276427,0.57992125,0.52559054,0.6272727,0.49830007553100586,0.8190856771469116,0.5933999419212341,0.8190856771469116,0.065,65.0,0.32825354497297854,0.3187516070908019,0.3242172369609936,0.3661432711963803,0.36541427232299734,0.35201013232549855,0.35188603672493923,0.33925473399469486,0.33089796844937674,0.01928135126201239,0.018260819175955494,0.016300681944733247,0.012828351234114835,0.01816740328190159,0.009146653969349381,0.02020752418393072,0.017457880750301108,0.013994605901476834,0.5447581,0.55135137,0.5744526,0.70648855,0.5504065,0.5916667,0.6365854,0.5835767,0.5010000467300415,0.8081107339859008,0.599374920129776,0.8081107339859008,0.061,61.0,0.32974484167914064,0.31801838556270673,0.32164574982319405,0.36145394532831865,0.3668774939515014,0.3508681206003395,0.35306988083540436,0.34081065067763566,0.3308077982905909,0.03536427878040698,0.03457580497208048,0.034552294858356265,0.02477886093297662,0.030012659457383146,0.023322285805712755,0.031152616982211633,0.03170045887815006,0.030228102622132186,0.558879,0.53863025,0.5616449,0.68597454,0.6615854,0.585794,0.58108795,0.6054247,2026-10-05T21:51:42.876579
59,0.6241501569747925,0.5010752081871033,0.7601282883644104,0.6240752935409546,0.7601282883644104,0.7836746565818786,0.8628130840301513,1.9127821054458618,0.14450354059934617,5.002445586013794,1.9973396799087524,1.0,10.0,,,,,0.6191511542320252,0.6191511542320252,,,,16.857080361938475,0.6008274787858983,0.032315836956125395,,0.03920048430627271,1.1291996698090985,0.19941796998309483,0.0008673158364524697,0.02923925904628293,2.454165905144564,,0.0009457768259392413,,75.11819224752438,18.282202094983145,,102.3473853821967,75.13726967003694,24.217687704001264,95.06709119468738,38.98038674615751,16.857061762718637,,0.691807842938004,,0.06990073920245383,0.21978704545907912,,0.12144751495616452,0.08033243338963028,0.2155722724214481,0.0056962802840076435,0.41353439278663345,0.16849539614027473,,,,0.2225,4450.0,0.5357257,0.5476037,0.58563787,0.77369666,0.61727023,0.6354344,0.6910085,0.60472506,0.4972999691963196,0.7972529339790344,0.6047999858856201,0.7972529339790344,0.071,71.0,0.27332775767242157,0.2588321486445798,0.2598924985265276,0.3258423498360979,0.34747937866513634,0.3344771593539023,0.302219741256029,0.2915084997879982,0.27350900022481717,0.01320518187755314,0.0104732662985994,0.01367449055211255,0.015537858441125731,0.009427321261123318,0.018328489424604927,0.023060857524046144,0.021268056899957245,0.02164520559807578,0.5795,0.53318185,0.5496124,0.6601974,0.77276427,0.56692916,0.5240158,0.6314394,0.4936499297618866,0.8095136942863465,0.5976499915122986,0.8095136942863465,0.065,65.0,0.35000017846996945,0.33699253432413734,0.3409616461852217,0.4159638019102377,0.4008206627031082,0.3921802484089383,0.3885950243118629,0.37120300969705394,0.3592878293632904,0.015718171881009407,0.012689077340531752,0.012854312332110306,0.001744295206231519,0.013856933905692795,0.005086922281216217,0.011043269036902763,0.010805834855725574,0.0071502985415976255,0.5495968,0.5594595,0.5846715,0.70610684,0.5455285,0.59429824,0.63983744,0.5930657,0.4954749494791031,0.8033833141326905,0.6012249886989594,0.8033833141326905,0.068,68.0,0.3116639680711955,0.2979123414843586,0.3004270723558746,0.3709030758731678,0.3741500206841223,0.3633287038814203,0.34540738278394595,0.3313557547425261,0.3163984147940538,0.014461676879281272,0.011581171819565576,0.013264401442111428,0.008641076823678625,0.011642127583408057,0.011707705852910573,0.017052063280474455,0.016036945877841408,0.014397752069836702,0.5645484,0.5463207,0.56714195,0.6831521,0.65914637,0.58061373,0.5819266,0.61225253,2026-10-05T21:56:05.533965
60,0.6235827207565308,0.5002498626708984,0.7594748854637146,0.6237677931785583,0.7594748854637146,0.7783864566802978,0.8569373055458069,1.9527851474761964,0.15599150414466859,5.027415762329102,1.9999964881896972,1.0,10.0,,,,,0.6031392357826233,0.6031392357826233,,,,16.833684176635742,0.6527975867769331,0.03750230137156441,,0.04545552665174933,1.2456131262384402,0.19580504817852548,0.0007886497092423634,0.02437008133715695,2.584886851014605,,0.0008031512540589001,,75.08150968126431,18.255378322236858,,102.33983723828747,75.10186587777108,24.184467157740503,95.06663697844098,38.96608804593421,16.833676429311183,,0.6931454341882354,,0.07027497721515644,0.2205254396625385,,0.12211721267100352,0.08100708830318633,0.2169104332377197,0.005850998895349586,0.4159957645045724,0.170992645583335,,,,0.2234,4468.0,0.53644747,0.5516714,0.5888273,0.7685624,0.61582947,0.6267475,0.68991494,0.6107536,0.4941500127315521,0.7968705105781555,0.605199933052063,0.7968705105781555,0.057,57.0,0.27749745459141756,0.26824291655646154,0.27029796447258003,0.36411589291849755,0.35030327804892714,0.34407857588270907,0.3163495370086712,0.29844567413890477,0.3091191855286634,0.04419724774244935,0.0444107569090448,0.04617327750087525,0.04226164888385619,0.045393344151159774,0.041849421889555434,0.05134817671759679,0.05557820129210805,0.053526735995996506,0.572,0.53136367,0.5562016,0.6549342,0.76991874,0.56771654,0.5484252,0.619697,0.5055500268936157,0.8178378901481629,0.5937000513076782,0.8178378901481629,0.067,67.0,0.3193813760833429,0.3047181238230455,0.31083934711303585,0.3803627544560728,0.38179546109531,0.36374087151406576,0.35086139326992016,0.33587352169070245,0.3316272285303685,0.014163717605139766,0.011701892171120293,0.011141398446402504,0.011671405406674286,0.010312806760898916,0.003848819956090619,0.011103473233783382,0.005670361578414928,0.00428627417261595,0.54596776,0.55540544,0.56751823,0.7076336,0.5487805,0.59122807,0.6378049,0.58795625,0.4998500198125839,0.8073542003631592,0.5994499921798706,0.8073542003631592,0.062,62.0,0.2984394153373802,0.2864805201897535,0.29056865579280794,0.3722393236872852,0.36604936957211853,0.3539097236983874,0.3336054651392957,0.31715959791480364,0.320373207029516,0.029180482673794556,0.02805632454008255,0.028657337973638876,0.026966527145265238,0.027853075456029344,0.022849120922823027,0.031225824975690087,0.030624281435261486,0.028906505084306228,0.5589839,0.54338455,0.5618599,0.68128395,0.6593496,0.5794723,0.5931151,0.60382664,2026-10-05T22:00:28.933513
61,0.6214801669120789,0.49754515290260315,0.7659294154167176,0.6216049194335938,0.7659294154167176,0.7708115326881408,0.8485207234382629,2.0521286441802977,0.1488972347140312,5.081206286239624,1.9700181613922119,1.0,10.0,,,,,0.580363245677948,0.580363245677948,,,,16.812747036743165,1.3591546933433623,0.07517514766303668,,0.09113415061336035,1.2516572923417304,0.2390856883802991,0.001314575344941039,0.03171261514471785,2.6855583225086237,,0.0019893029459624604,,75.04714533325973,18.236041986258925,,102.34049773975542,75.06634924821793,24.15179303649125,95.06987485460415,38.979606336848754,16.81272868745646,,0.6780026053926748,,0.0709972895064931,0.2230445259505776,,0.12338232628668949,0.08166572385153194,0.21864778050191844,0.006101917516985896,0.4200540279886525,0.17389221271132208,,,,0.2375,4750.0,0.53859264,0.54244864,0.5931062,0.7586888,0.61214954,0.6256768,0.6856015,0.61533606,0.5069000124931335,0.8011594648361207,0.6053500771522522,0.8011594648361207,0.062,62.0,0.33613164308562027,0.3143944595730162,0.33271989338363867,0.3752640765267584,0.3765926908632869,0.37290218263023717,0.3828266192243097,0.3684413949923528,0.3715978116738485,0.014315984050045718,0.01307801533353614,0.012958875466117986,0.0203843952879579,0.029956213343397802,0.028004373773462193,0.03132821875143388,0.02648707102699207,0.03054308380244623,0.56100005,0.5418182,0.5472868,0.6720395,0.77845526,0.5511811,0.5271654,0.63787884,0.4997999966144562,0.8115377402305604,0.59850013256073,0.8115377402305604,0.063,63.0,0.4034717773130158,0.40598552378050196,0.4235237432512552,0.44229551195304495,0.4599981855936563,0.4555115404545067,0.4210778017927654,0.40146969160766227,0.41631896042362704,0.014777858377245606,0.01110679306948027,0.013165383447366556,-0.00037636130148704927,0.005185786481470274,0.001317613262796289,0.010052743593412614,0.008743934729700975,0.008206968596139144,0.5608871,0.5545045,0.570073,0.70648855,0.548374,0.59122807,0.65081304,0.59744525,0.5033500045537949,0.8063486025333405,0.6019251048564911,0.8063486025333405,0.0625,62.5,0.36980171019931807,0.3601899916767591,0.37812181831744696,0.4087797942399017,0.4182954382284716,0.41420686154237196,0.4019522105085376,0.38495554330000753,0.3939583860487378,0.014546921213645661,0.012092404201508205,0.013062129456742271,0.010004016993235425,0.01757099991243404,0.014660993518129242,0.020690481172423246,0.017615502878346522,0.019375026199292687,0.5609436,0.5481614,0.55867994,0.68926406,0.6634146,0.57120454,0.58898926,0.6176621,2026-10-05T22:04:51.524649
62,0.623205304145813,0.4978700280189514,0.7620899403572082,0.6233701705932617,0.7620899403572082,0.7796039765357972,0.8582901056289672,1.9668782066345214,0.16316347745656967,5.080550850296021,1.999655234336853,1.0,10.0,,,,,0.5855829181671143,0.5855829181671143,,,,16.784514236450196,0.926119488966503,0.0416615189848005,,0.05843155950183274,1.1502110642992007,0.21626506736324091,0.0014766300042236972,0.03403753227299186,2.3774103370441755,,0.002287571510773858,,75.0128369179501,18.220289764890246,,102.36148479485968,75.03068017655877,24.119863315752358,95.07707044273425,39.103882273291326,16.78449212821426,,0.6929713688838254,,0.07213042301546996,0.2258054764027808,,0.1259765375381822,0.08225899839856822,0.22049931232716627,0.006962418579941343,0.4308168221810821,0.17548336686602065,,,,0.23135,4627.0,0.5348637,0.54252917,0.5863708,0.76773304,0.6115849,0.63018185,0.69607127,0.6165377,0.5031500458717346,0.7855221838951111,0.6117499470710754,0.7855221838951111,0.065,65.0,0.40927049494925927,0.4004650952837968,0.39936659849434447,0.4023524868050319,0.39859988753063685,0.3971344473350471,0.40015020060853657,0.3952617775901308,0.39380529631846345,0.015629055398495212,0.014244831759894739,0.01386117115461172,0.02416230473089929,0.027485907442500988,0.024264755334634625,0.024593405899339383,0.023836354676293362,0.019128479560178827,0.57600003,0.5354546,0.5647287,0.67368424,0.77195126,0.57401574,0.538189,0.63484854,0.4977499842643738,0.8154641170501709,0.5957500338554382,0.8154641170501709,0.076,76.0,0.36910425143672343,0.3649137325656091,0.368251505805805,0.39979944418992164,0.4169754639700302,0.3963582011711691,0.4032154439883332,0.39479776565915353,0.3928452272722682,0.002412774495409153,0.0009945314916159488,-0.0003789225789618104,0.00539901416944732,0.0036464466079290697,-0.005159173409362692,-0.003811293470929694,-0.0051870615074308185,-0.008252802962438584,0.55564517,0.5572072,0.5645985,0.70801526,0.55243903,0.59210527,0.64186996,0.58759123,0.5004500150680542,0.8004931504726409,0.6037499904632568,0.8004931504726409,0.07050000000000001,70.5,0.38918737319299135,0.38268941392470296,0.38380905215007477,0.40107596549747676,0.40778767575033353,0.3967463242531081,0.4016828222984349,0.39502977162464215,0.39332526179536587,0.009020914946952183,0.007619681625755344,0.006741124287824954,0.014780659450173306,0.015566177025215028,0.009552790962635966,0.010391056214204844,0.009324646584431271,0.005437838298870122,0.5658226,0.5463309,0.5646636,0.6908498,0.66219515,0.5830605,0.5900295,0.6112199,2026-10-05T22:09:14.137147
63,0.6234373450279236,0.4967174828052521,0.7621321416854858,0.6234251260757446,0.7621321416854858,0.7891624974250794,0.8689106838226318,1.9078731451034545,0.19589452648162842,5.3151102630615235,1.9994408744812011,1.0,10.0,,,,,0.6362739277839661,0.6362739277839661,,,,16.760850485229494,1.499711059460974,0.059998088094382104,,0.06411594431254135,1.2053256881464818,0.2358015456064871,0.0009434645289498097,0.031213934043908764,2.556029392845312,,0.000861649416501272,,74.97740416314191,18.19733756970448,,102.36877193572415,74.99501100770986,24.08804374743419,95.07443460841088,39.12088768345535,16.760837518485488,,0.6928688215601976,,0.072949770339735,0.2269372079212954,,0.12744362509934007,0.08280902987073181,0.2222412617722894,0.0070946212994397444,0.4352518620005079,0.1781011055799047,,,,0.2084,4168.0,0.528328,0.54252917,0.584687,0.7744669,0.6119548,0.63357574,0.69489676,0.6157841,0.49654996395111084,0.7949213671684265,0.6069999933242798,0.7949213671684265,0.054,54.0,0.30753914682634337,0.29427005676996004,0.29358301349586946,0.33358464201923615,0.3575038941786031,0.34898474619804903,0.3380664075286746,0.33973854015005345,0.31757698238928184,0.04467036228469697,0.042714745059025436,0.045030208003290634,0.05139936803148748,0.046398456278540355,0.04621936305062265,0.05345123688976497,0.052196696075410734,0.05054514253743589,0.56450003,0.53727275,0.5523256,0.67368424,0.77276427,0.57165354,0.5244094,0.6329546,0.503250002861023,0.8069074916839599,0.599049985408783,0.8069074916839599,0.062,62.0,0.3613779191568495,0.35431318022527486,0.3583861242518053,0.3911811719648896,0.42684099304817125,0.40121710321888776,0.3965445944456793,0.3981071877187134,0.3879302697214954,0.01878151085652879,0.015855801306003916,0.016274744073251822,0.01759102189066252,0.015971367139097994,0.011124023885888146,0.016680522791020017,0.012234381041838022,0.010170214786364273,0.55685484,0.5572072,0.57846713,0.708397,0.55528456,0.5986842,0.64268297,0.58759123,0.4998999834060669,0.8009144294261932,0.6030249893665314,0.8009144294261932,0.057999999999999996,58.0,0.33445853299159645,0.32429161849761745,0.3259845688738374,0.3623829069920629,0.3921724436133872,0.3751009247084684,0.36730550098717696,0.36892286393438345,0.3527536260553886,0.03172593657061288,0.029285273182514678,0.030652476038271228,0.034495194961075004,0.031184911708819173,0.028671693468255398,0.03506587984039249,0.03221553855862438,0.030357678661900082,0.5606774,0.54724,0.56539637,0.69104064,0.6640244,0.58516884,0.58354616,0.6102729,2026-10-05T22:13:34.788088
64,0.6255398392677307,0.5022597908973694,0.7571239971160889,0.6255049109458923,0.7571239971160889,0.7806924016952514,0.8594994668006897,1.7646903394699096,0.17421531940698623,5.243434439468384,1.9996807647705077,1.0,10.0,,,,,0.6341386017799377,0.6341386017799377,,,,16.741652438354492,1.0401096602510305,0.05371469362478727,,0.0576331111703329,1.157924118505162,0.1922644751656587,0.000744173127511267,0.02279478306496504,3.4915747494454594,,0.0010228023895518157,,74.94222089439441,18.17140279150313,,102.36521075789337,74.95897737733877,24.05535013964222,95.07259859704668,39.09882714338363,16.74163049345563,,0.692988236239002,,0.07352777171856278,0.22790621173609593,,0.12819864425309904,0.08334725388106268,0.22381435799750554,0.007078861535947984,0.43714863631376033,0.18107072572419597,,,,0.2135,4270.0,0.5307137,0.55036247,0.5926704,0.77345973,0.6119354,0.6323838,0.6971851,0.61413443,0.4963500201702118,0.7961765418052673,0.6063498854637146,0.7961765418052673,0.059,59.0,0.2588959441309374,0.24803710883899285,0.24837081257773547,0.3556413803710241,0.34110013236672343,0.3380583429844083,0.29297002201615735,0.3066890560284814,0.2765289802633048,0.049431123091621405,0.0455341614674539,0.043853926011249,0.04632124043680104,0.05083220521623307,0.0445521437727293,0.046664218378121944,0.030982196349685638,0.045234241040083875,0.56600004,0.535,0.5511628,0.67236847,0.7760163,0.56062996,0.53149605,0.632197,0.5127499103546143,0.8158025488853454,0.5957000851631165,0.8158025488853454,0.063,63.0,0.32539631663116547,0.3199331983074067,0.3265441868162812,0.3752222132624694,0.3979831624340281,0.3649213561486484,0.3554411681652092,0.35631641273425346,0.3423159589452236,0.026724940699635567,0.024757145934881226,0.023631452189769545,0.009015114404406162,0.019189636264171802,0.012713064350680392,0.014667811893055696,0.013467028912709319,0.010561262754263305,0.55403227,0.5518018,0.5686132,0.7034351,0.55203253,0.5947369,0.64715445,0.5868613,0.504549965262413,0.8059895453453063,0.6010249853134155,0.8059895453453063,0.061,61.0,0.2921461303810514,0.28398515357319976,0.28745749969700835,0.36543179681674676,0.36954164740037576,0.35148984956652835,0.32420559509068325,0.33150273438136746,0.3094224696042642,0.038078031895628486,0.03514565370116756,0.033742689100509274,0.027668177420603603,0.035010920740202435,0.028632604061704845,0.03066601513558882,0.022224612631197477,0.02789775189717359,0.56001616,0.5434009,0.559888,0.6879018,0.6640244,0.57768345,0.58932525,0.60952914,2026-10-05T22:17:56.719483
65,0.6213477253913879,0.4983425438404083,0.7657636868476868,0.6213550567626953,0.7657636868476868,0.7907700811386108,0.8706968905448914,1.9051214683532716,0.17177695729732514,5.009239682388306,1.9999899810791015,1.0,10.0,,,,,0.5932708999633789,0.5932708999633789,,,,16.719434725952148,1.094797275568934,0.05997592891910511,,0.05345112428508082,1.2062945730367285,0.20240343739367594,0.0009437704011708925,0.02674756132683177,2.7027602757617926,,0.0012489350375539184,,74.90833680948634,18.151032709012366,,102.36065285069168,74.92378788844795,24.02314182451576,95.07051062128346,39.12498972218508,16.719417061775353,,0.6931421957957516,,0.07422744558685145,0.22967974537876762,,0.12904714038417597,0.08398102613011743,0.22524137633621313,0.007166886986915473,0.4417998673050267,0.18335653120165418,,,,0.20265,4053.0,0.5352446,0.55008054,0.58914423,0.7616904,0.6026285,0.62686867,0.6937424,0.61052954,0.5005500316619873,0.8084854006767273,0.6024500727653503,0.8084854006767273,0.054,54.0,0.2647330647900756,0.25855132439240014,0.2663274467745056,0.3195010551065051,0.32271777823363845,0.31301188558229875,0.27250248998879256,0.272706891624696,0.2652429669526789,0.028267172726499,0.028397916251708774,0.030995761148198978,0.025207202801723748,0.03211470079566443,0.03288984220737538,0.04849404252817587,0.05084970033514514,0.04649343374715345,0.572,0.54545456,0.55542636,0.65164477,0.7747968,0.5598425,0.51496065,0.62689394,0.5036000609397888,0.8211421465873718,0.5954000353813171,0.8211421465873718,0.055,55.0,0.3613245513447823,0.35828481303924364,0.36435666422196766,0.4281881525073685,0.46573418652037235,0.42680154091848616,0.3857794342286678,0.3834533238726578,0.3709717338253882,0.020395831945822087,0.018947903898690253,0.01809813529740022,0.014404943754935609,0.022104030763474655,0.008546934811625686,0.01711273577994386,0.015690786262719175,0.01247572679114328,0.558871,0.55045044,0.57846713,0.70572525,0.5504065,0.5894737,0.6439025,0.57810223,0.5020750463008881,0.8148137736320495,0.5989250540733337,0.8148137736320495,0.0545,54.5,0.31302880806742894,0.3084180687158219,0.31534205549823663,0.37384460380693685,0.3942259823770054,0.3699067132503925,0.3291409621087302,0.3280801077486769,0.31810735038903354,0.024331502336160542,0.02367291007519951,0.024546948222799597,0.01980607327832968,0.027109365779569544,0.020718388509500536,0.032803389154059864,0.033270243298932155,0.029484580269148367,0.5654355,0.54795253,0.56694674,0.678685,0.66260165,0.57465816,0.57943153,0.60249805,2026-10-05T22:22:17.718940
66,0.6227101683616638,0.5024598240852356,0.7623218541145325,0.6226426959037781,0.7623218541145325,0.7843583364486695,0.86357272605896,1.793534987258911,0.15906195907592774,5.347868225097656,1.9918095764160155,1.0,10.0,,,,,0.5921769989013672,0.5921769989013672,,,,16.699775061035155,0.8277128652497462,0.04157943844463036,,0.04552629720538285,1.1219043274214313,0.20314115743823113,0.0009387120420808731,0.026694088171764163,2.3134216774421135,,0.0012903114811185106,,74.875347015964,18.12691579199141,,102.35846107628694,74.88829453583736,23.99362390360255,95.07614320402692,39.15186581945723,16.699739286094715,,0.6890192358357132,,0.07519871618147868,0.23107591537153646,,0.1302475381618852,0.08462764213609088,0.22715741016302898,0.007363823989916379,0.44646873102066625,0.18652453211842068,,,,0.2164,4328.0,0.53426224,0.5439791,0.5929081,0.76641,0.61096185,0.6348283,0.6922641,0.60419554,0.4923499822616577,0.7985741367340088,0.6033501029014587,0.7985741367340088,0.063,63.0,0.3025251839082478,0.295051771806217,0.30056928973448693,0.3635577819950121,0.3847955755197036,0.36468628144792387,0.3209925867253971,0.31596061479503734,0.30902225650287696,0.04849245730941771,0.0456674469803256,0.04662752724777977,0.05219732377153586,0.05007422740855835,0.04404585965381621,0.04508784567488683,0.04303963671887186,0.04155595993766626,0.57850003,0.5345455,0.5426357,0.65921056,0.76991874,0.56732285,0.52480316,0.62954545,0.5036500096321106,0.8072442049980164,0.5984999537467957,0.8072442049980164,0.061,61.0,0.3672096615443233,0.3639519675882115,0.3690006351793057,0.41414720185684895,0.44898391957951106,0.41489559673069526,0.4037537286408614,0.3960572585306259,0.385961875124811,0.029433999109204707,0.02855989829299555,0.027305337343214324,0.02417034211809283,0.03264847572061804,0.01921255863646175,0.022823331289787516,0.02247082490551306,0.018448213522909852,0.5516129,0.5567568,0.5912409,0.70229006,0.5569106,0.60043865,0.6390244,0.5821168,0.49799999594688416,0.8029091708660125,0.6009250283241272,0.8029091708660125,0.062,62.0,0.33486742272628556,0.3295018696972143,0.3347849624568963,0.3888524919259305,0.41688974754960734,0.38979093908930956,0.3623731576831293,0.3560089366628316,0.34749206581384395,0.03896322820931121,0.03711367263666057,0.03696643229549705,0.038183832944814346,0.0413613515645882,0.031629209145138976,0.03395558848233717,0.03275523081219246,0.030002086730288056,0.56505644,0.54565114,0.5669383,0.6807503,0.66341466,0.5838808,0.58191377,0.60583115,2026-10-05T22:26:38.485188
67,0.6237402558326721,0.5005748867988586,0.7596219522476196,0.6234752535820007,0.7596219522476196,0.7853472785949707,0.8646715537071228,1.7920797927856444,0.17225752593278884,5.747140389251709,1.9975132757186889,1.0,10.0,,,,,0.5932022155761719,0.5932022155761719,,,,16.67275019836426,1.0218921722429004,0.04647780284671125,,0.05154683185551481,1.1530921785694779,0.19816845816791437,0.0008703904305391939,0.02426664623769985,2.4553528023753195,,0.0013450336775847763,,74.8421182814677,18.0987310834751,,102.35807163700177,74.8526539407718,23.960640597495303,95.07866493759641,39.168047838150315,16.67275206450444,,0.6918888281864725,,0.07610721549220906,0.2316454107024867,,0.1314475566718229,0.08524053553297262,0.22851826345464984,0.0075277740426456475,0.45041095659990976,0.18832741487937368,,,,0.2155,4310.0,0.5405173,0.5512888,0.59162045,0.76941156,0.61725074,0.6226061,0.6909275,0.6025458,0.508400022983551,0.8059925374984741,0.6019500494003296,0.8059925374984741,0.056,56.0,0.369544907913714,0.34980878755640343,0.34779603657203206,0.30960225744655495,0.3447346491443718,0.32814948770007774,0.3601604123750826,0.3568457619123757,0.33622479111879827,0.030543877874023816,0.031215022892317493,0.0286841789722783,0.02690297578347387,0.03270400782251029,0.026008616840653278,0.023962923969185094,0.016667454176776828,0.022496749665654067,0.5725,0.5172728,0.5449613,0.66809213,0.76951224,0.57322836,0.5137795,0.6306818,0.5020999312400818,0.8133130164146424,0.5969499349594116,0.8133130164146424,0.063,63.0,0.38045511090404044,0.372384689310529,0.3767080926262457,0.36152677226119223,0.3827913567033911,0.3789141578154596,0.3911498663954513,0.39299696472319645,0.3757011536767213,0.0002455062268992988,-0.001534992530600791,-0.0010314944180488826,-0.0027663931193777584,-0.0014428478944788746,-0.0031849517898717614,-0.003951952003226655,-0.005963694477584506,-0.006816635221850011,0.5403226,0.55315316,0.5777372,0.70648855,0.5601626,0.5964912,0.64268297,0.59051096,0.5052499771118164,0.8096527769565582,0.5994499921798706,0.8096527769565582,0.0595,59.5,0.37500000940887723,0.36109673843346624,0.3622520645991389,0.3355645148538736,0.3637630029238814,0.3535318227577687,0.37565513938526696,0.3749213633177861,0.35596297239775976,0.015394692050461557,0.01484001518085835,0.01382634227711471,0.012068291332048058,0.015630579964015706,0.011411832525390759,0.01000548598297922,0.005351879849596161,0.007840057221902027,0.55641127,0.535213,0.5613493,0.6872903,0.6648374,0.5848598,0.5782312,0.6105964,2026-10-05T22:31:00.778794
68,0.6263251304626465,0.5011252164840698,0.7540581309318543,0.626602292060852,0.7540581309318543,0.774971621799469,0.8531430470466613,1.7038722703933715,0.14674605031013488,5.632588104248047,1.9983080484390259,1.0,10.0,,,,,0.587636657333374,0.587636657333374,,,,16.65605126953125,1.307315677143396,0.05733219737774295,,0.05880104061394076,1.037597522993756,0.2078104396914221,0.000983603104576765,0.029233857025362693,2.1840004474873753,,0.0018186582645192257,,74.80614262477607,18.07157826271786,,102.35495106885388,74.8174085677809,23.930167763096513,95.07987922619863,39.17510733634803,16.656018773461604,,0.6923039198681048,,0.0765736296678045,0.2319783573127856,,0.13239278772454352,0.08584821850630887,0.23029447864195343,0.007589239111039669,0.4538858980889533,0.19234635960903895,,,,0.22565,4513.0,0.53787094,0.55225533,0.5935222,0.7712875,0.6163746,0.62901014,0.6930539,0.618167,0.5042499899864197,0.7934114394187928,0.606999933719635,0.7934114394187928,0.061,61.0,0.3186376695884733,0.31071746997204774,0.31448934996910316,0.33955923685189254,0.3624840371062612,0.3583376542444329,0.3160036911945521,0.31750391459076893,0.2983256311765056,0.054596684735100195,0.050976986259228654,0.049297642714008556,0.05367482689381906,0.0520602391790747,0.045029637177132195,0.052848679658383094,0.05150736388609622,0.050680780874210185,0.5675,0.52909094,0.54689926,0.6743421,0.77073175,0.56456697,0.53622043,0.6393939,0.49590003490448,0.8093878335952759,0.5969499945640564,0.8093878335952759,0.071,71.0,0.33760241287183657,0.3344776381637868,0.3382294212480839,0.37880073909091355,0.40150261378499164,0.36652697610244667,0.3627903848099583,0.3689573631115754,0.34960036711640646,0.0261219675228877,0.022325932198293524,0.020957787113151983,0.014654287614937728,0.030717172716732535,0.0147086333684504,0.019484257983725602,0.014759756950775903,0.010882991534944084,0.5512097,0.5545045,0.57919705,0.7076336,0.55,0.5973684,0.63821137,0.5894161,0.5000750124454498,0.8013996365070344,0.6019749641418457,0.8013996365070344,0.066,66.0,0.3281200412301549,0.32259755406791724,0.32635938560859357,0.35917998797140305,0.3819933254456264,0.36243231517343977,0.3393970380022552,0.34323063885117217,0.32396299914645604,0.04035932612899395,0.03665145922876109,0.03512771491358027,0.03416455725437839,0.041388705947903615,0.029869135272791298,0.03616646882105435,0.03313356041843606,0.030781886204577134,0.55935484,0.54179776,0.5630481,0.6909878,0.6603659,0.58096766,0.5872159,0.61440504,2026-10-05T22:35:22.033072
69,0.6243374943733215,0.4994150996208191,0.7570617017745972,0.6244276165962219,0.7570617017745972,0.7535323777198791,0.8293216644287109,1.4888955139160156,0.14184868595600128,5.161811403656006,1.999236986541748,1.0,10.0,,,,,0.5886235219955445,0.5886235219955445,,,,16.626974127197265,1.3551792608467257,0.08098889947616773,,0.06442439490869926,1.0528352960089968,0.18137944997495906,0.0006858583779413858,0.020471718690245395,2.612361662327104,,0.001374560149511097,,74.77161878840938,18.050536890698087,,102.35180498839944,74.78209564792122,23.896719258302337,95.07833974072888,39.18624219469204,16.626957777958765,,0.6927669443142642,,0.07746523433620003,0.23375231464197682,,0.13319677579554784,0.08649580299284808,0.2315912467848723,0.007555827614109797,0.45758732413030734,0.19348483395044971,,,,0.2385,4770.0,0.5368084,0.54883206,0.587084,0.7765798,0.60617214,0.6297172,0.700081,0.6090428,0.4875999987125397,0.8055313811302185,0.601900041103363,0.8055313811302185,0.057,57.0,0.30656513137436153,0.29497565767764394,0.3079369627301602,0.38474631473574017,0.3883044075910828,0.38274653763068994,0.34212839456319366,0.3350183665240859,0.3347658394699484,0.04424476919989595,0.04387674226442301,0.043274514132235375,0.038771533796728534,0.04248847466077455,0.03740766485485258,0.05255299285142261,0.05230520442062812,0.044512381207759646,0.559,0.53818184,0.5341085,0.6648027,0.77154475,0.56496066,0.5322834,0.6257576,0.5024000406265259,0.8116673259735108,0.5974499583244324,0.8116673259735108,0.069,69.0,0.32239929329854466,0.3218863464019047,0.32688092172735456,0.38564652816647527,0.4401593640575108,0.40075692521609757,0.34676793894094754,0.34062466608578545,0.33230142265763296,0.026001964724138724,0.02481101123632393,0.024103857694891186,0.012221027854465908,0.025159259116773067,0.015824835934266503,0.022746000027773793,0.019534915193509732,0.015887114318141698,0.5600807,0.55765766,0.58065695,0.70572525,0.55406505,0.5995614,0.646748,0.56970805,0.4950000196695328,0.8085993535518646,0.5996749997138977,0.8085993535518646,0.063,63.0,0.3144822123364531,0.30843100203977436,0.3174089422287574,0.3851964214511077,0.4142318858242968,0.39175173142339376,0.3444481667520706,0.3378215163049357,0.3335336310637907,0.03512336696201734,0.03434387675037347,0.03368918591356328,0.025496280825597222,0.03382386688877381,0.02661625039455954,0.0376494964395982,0.03592005980706892,0.030199747762950674,0.5595404,0.54791975,0.5573827,0.685264,0.6628049,0.582261,0.5895157,0.5977328,2026-10-05T22:39:44.885349
70,0.6227574944496155,0.497374951839447,0.7614489063262939,0.6227620840072632,0.7614489063262939,0.7816104743957519,0.8605195470809937,1.8150606382369996,0.14615914117097856,5.535262211608886,1.998726412963867,1.0,10.0,,,,,0.6852641263008118,0.6852641263008118,,,,16.605574856567383,0.7165732810831373,0.053891563788056374,,0.04397512016117953,1.0831105378782673,0.24064893000254964,0.0009441543783870923,0.0322461784431699,2.145479709289636,,0.0013378632571333189,,74.73615580759231,18.030503023961547,,102.35095263438619,74.74696505601239,23.866028573103012,95.08135519817377,39.17976454716579,16.605563267021424,,0.6925123895809149,,0.07799154372921416,0.235266893817361,,0.13428268263674087,0.08707881960899207,0.23325630234684913,0.007731854687237246,0.46029198226655366,0.19617341544218125,,,,0.2175,4350.0,0.53815156,0.54595244,0.5851426,0.7706951,0.60517913,0.63450503,0.69580805,0.60560083,0.503350019454956,0.7963057656288147,0.6064500212669373,0.7963057656288147,0.065,65.0,0.35715809002379384,0.3568823033629397,0.3587048318243215,0.3874502768038252,0.43709945289388685,0.40282838353320416,0.3564291707815,0.3657926675881701,0.342821233291992,0.06057176116999887,0.05832478799582842,0.059282666346579346,0.05500608343230271,0.06791734061058868,0.05300456129990315,0.06767534461610275,0.06400303661154402,0.06528102588189681,0.57100004,0.54136366,0.5503876,0.6700658,0.7768293,0.557874,0.52480316,0.63560605,0.49629998207092285,0.8085414042472839,0.5992000102996826,0.8085414042472839,0.067,67.0,0.3653896720024831,0.37531801594216796,0.3736685401628971,0.410835285248036,0.4733701739113632,0.41563459504871103,0.38511168069999435,0.39035281305789643,0.372341204467195,0.03150958788266235,0.02759456003100722,0.026452302530859624,0.021935393647743554,0.033334121270901615,0.02139929899323486,0.028493190040486012,0.025702619680594316,0.02246894543165941,0.55362904,0.5563063,0.5821168,0.70648855,0.55203253,0.59342104,0.64268297,0.5978102,0.49982500076293945,0.8024235849380493,0.6028250157833099,0.8024235849380493,0.066,66.0,0.3612738810131385,0.3661001596525538,0.36618668599360926,0.3991427810259306,0.45523481340262506,0.4092314892909576,0.37077042574074714,0.3780727403230333,0.3575812188795935,0.04604067452633061,0.042959674013417826,0.04286748443871949,0.038470738540023135,0.05062573094074515,0.037201930146569,0.04808426732829438,0.04485282814606917,0.04387498565677811,0.5623145,0.548835,0.56625223,0.6882772,0.6644309,0.57564753,0.5837431,0.61670816,2026-10-05T22:44:05.797828
71,0.6251274943351746,0.5008075833320618,0.7572810040473938,0.6249504685401917,0.7572810040473938,0.7730493960380554,0.8510072382926941,1.6571122205734252,0.13828539205789567,4.807963194656372,1.998795435333252,1.0,10.0,,,,,0.6560751531600952,0.6560751531600952,,,,16.58771058959961,0.8933914735391262,0.04539961342041375,,0.04787515828113077,1.288014346247266,0.2110398387073711,0.0008607828846144947,0.026366550991442174,2.6471421636973216,,0.0016231217107751886,,74.6992468864295,17.997936248779297,,102.34645333259728,74.71159037207342,23.837106413142696,95.08569588630822,39.22776740979237,16.587678787814585,,0.6925467040128769,,0.07831082644925755,0.2348590403985066,,0.1347914278317409,0.08767714337178856,0.23499615063333207,0.007876229958881618,0.46583774363159375,0.19958748151162628,,,,0.2285,4570.0,0.5390136,0.55199355,0.5929477,0.77231437,0.6137072,0.6204849,0.6902795,0.61751527,0.4981500506401062,0.7901464266777039,0.6077000498771667,0.7901464266777039,0.079,79.0,0.30500777713478716,0.27816484596295027,0.2922178838522478,0.40365967474208736,0.4017341310866207,0.38854932509061785,0.3181577102715304,0.3112740646285865,0.3009513352434754,0.06598093904787555,0.058480488101946684,0.06249263259890591,0.05514331032351698,0.05477006041934874,0.055561085129936405,0.06323868056316463,0.05968770325835945,0.05861345584145235,0.568,0.53818184,0.5546512,0.67236847,0.7780488,0.56181103,0.52283466,0.6401515,0.4962500333786011,0.8078673768043518,0.5970001220703125,0.8078673768043518,0.082,82.0,0.3548764601198712,0.35132368172452544,0.34601832113055697,0.43624410922869133,0.47446155756115427,0.4271441644390591,0.3493749945937129,0.34910424563015396,0.32521561440889263,0.04407770719100499,0.04355593135207632,0.04063717286971206,0.03201937837211368,0.042494487165870676,0.027479134186444723,0.029590784718633203,0.03057944338290465,0.026758686553035108,0.5564516,0.55315316,0.57883215,0.70229006,0.55487806,0.5929825,0.6414634,0.58795625,0.49720004200935364,0.7990069017410278,0.6023500859737396,0.7990069017410278,0.0805,80.5,0.32994211862732914,0.3147442638437379,0.3191181024914024,0.41995189198538935,0.4380978443238875,0.4078467447648385,0.33376635243262165,0.3301891551293702,0.31308347482618404,0.05502932311944027,0.0510182097270115,0.051564902734308984,0.043581344347815326,0.048632273792609704,0.041520109658190564,0.04641473264089892,0.045133573320632045,0.04268607119724373,0.5622258,0.5456675,0.5667417,0.6873293,0.66646343,0.57739675,0.582149,0.61405385,2026-10-05T22:48:27.461019
72,0.6257824301719666,0.4998771846294403,0.7563647911071777,0.6255899667739868,0.7563647911071777,0.7581846702575683,0.8344908745765686,1.4951771368026734,0.15191306936740875,4.87408607673645,1.999715827178955,1.0,10.0,,,,,0.6602262434005737,0.6602262434005737,,,,16.560950439453126,0.7373443507369916,0.05421872053200462,,0.05675322003662586,1.113205863222195,0.20105918869376183,0.0010416076880446665,0.027440096109298765,2.51236545565022,,0.002011760980155724,,74.66551023835589,17.97308472311421,,102.34978907882788,74.67706240514282,23.80471120214766,95.08969203681703,39.327268515422844,16.560945474418105,,0.6930056647130638,,0.07892989656727785,0.23570649155006287,,0.1359025246588288,0.08835758809830732,0.23626131322353508,0.008079096253747774,0.47423141017840925,0.20138407057257973,,,,0.2454,4908.0,0.53893346,0.54794604,0.584271,0.77802134,0.6211059,0.62949497,0.68991494,0.61348265,0.5026500821113586,0.7945066332817078,0.6052501201629639,0.7945066332817078,0.07,70.0,0.358360071069055,0.34625173411657667,0.34575134635936156,0.420973849781716,0.4344903686904317,0.41897916669475577,0.41007442523448046,0.4037087081848243,0.3948319502453447,0.05359295351845573,0.05283547001430823,0.05045023913482617,0.0488819051972754,0.04872953870346601,0.039853598243132025,0.05614623758374151,0.05904570050376789,0.054674108899627226,0.5745,0.52272725,0.5496124,0.66875,0.76991874,0.57716537,0.51889765,0.63522726,0.5031999349594116,0.8129358687400818,0.5952001214027405,0.8129358687400818,0.085,85.0,0.3764345449468349,0.36105808786129856,0.3678765753818679,0.4319512415837945,0.4498394125444535,0.44389671692884203,0.3810687775871452,0.3777576433691078,0.3612336851975874,0.03944689567589358,0.03626701698371516,0.0327382923940542,0.04142647962603216,0.04145990583572782,0.0328563787650357,0.0355930175456313,0.034063777968204055,0.032041342378434076,0.55080646,0.5495495,0.5708029,0.7076336,0.5573171,0.5833333,0.6390244,0.5937956,0.5029250085353851,0.8037212510108949,0.6002251207828522,0.8037212510108949,0.07750000000000001,77.5,0.36739730800794496,0.35365491098893764,0.35681396087061473,0.4264625456827552,0.4421648906174426,0.4314379418117989,0.3955716014108128,0.39073317577696604,0.378032817721466,0.046519924597174654,0.0445512434990117,0.04159426576444018,0.045154192411653776,0.04509472226959692,0.03635498850408386,0.045869627564686405,0.04655473923598597,0.04335772563903065,0.56265324,0.5361384,0.56020766,0.6881918,0.6636179,0.5802493,0.578961,0.61451143,2026-10-05T22:52:49.549664
73,0.623252272605896,0.4988124966621399,0.7609659809112549,0.6232422590255737,0.7609659809112549,0.7542809202194214,0.8301533785820008,1.586405776977539,0.14088423644304277,5.278880585861206,1.9987863807678223,1.0,10.0,,,,,0.653775341796875,0.653775341796875,,,,16.549934454345703,1.1985428598205186,0.05661216479055821,,0.06304214180856468,1.1633420136703807,0.24048392908873073,0.0009982370865823417,0.027016550993582435,2.468338946817787,,0.0018280461631403127,,74.63246577560523,17.952972472852963,,102.35013915626865,74.64252170635636,23.774627260341767,95.09309843998805,39.38791598180297,16.549916054792465,,0.6925423957739666,,0.07970759666459576,0.23728084032702598,,0.13720073906859015,0.08905416722320447,0.23794333665234269,0.008177951482498343,0.48034460909047705,0.20583060725479368,,,,0.2509,5018.0,0.53398156,0.5460733,0.5872425,0.77077407,0.61559576,0.62836367,0.68867964,0.6138493,0.48899996280670166,0.7997820425033569,0.6060500144958496,0.7997820425033569,0.093,93.0,0.30178136339587447,0.2898206958702496,0.2857487107310539,0.4258669083201013,0.4578837104309985,0.4392290442122656,0.35995429387268973,0.3490419547396415,0.3263665828666339,0.025131970900988083,0.021261298795699487,0.024663819971857858,0.02081873053185298,0.03246157407105271,0.02158302110753165,0.025470995441333487,0.027068998845533647,0.02056219708122346,0.5695,0.5386364,0.548062,0.6763158,0.77723575,0.5543307,0.5200788,0.6386364,0.49805009365081787,0.8070065460205078,0.5994499921798706,0.8070065460205078,0.092,92.0,0.367766339346572,0.35643631732509984,0.3559639014354838,0.4499014276824507,0.4955808727012147,0.4627365185107405,0.3849560324323735,0.3751408726299319,0.36030422513559013,0.027346420739537705,0.025556959307521172,0.025914516285524193,0.015671058675851474,0.02726626156130072,0.02034021014612946,0.021939919558002032,0.024265816147245534,0.01633216074981381,0.5612903,0.5518018,0.58138686,0.708397,0.55447155,0.58859646,0.6345529,0.6043796,0.49352502822875977,0.8033942942619323,0.6027500033378601,0.8033942942619323,0.0925,92.5,0.33477385137122323,0.3231285065976747,0.32085630608326887,0.43788416800127605,0.47673229156610664,0.45098278136150305,0.3724551631525316,0.3620914136847867,0.343335404001112,0.026239195820262892,0.023409129051610328,0.025289168128691024,0.018244894603852226,0.029863917816176717,0.020961615626830556,0.023705457499667758,0.025667407496389592,0.018447178915518635,0.5653952,0.54521906,0.56472445,0.69235635,0.6658536,0.5714636,0.5773158,0.621508,2026-10-05T22:57:10.718202
74,0.6236421465873718,0.49974241852760315,0.7613327576637268,0.6235695481300354,0.7613327576637268,0.7519901111602784,0.8276080317497253,1.5413708548545837,0.1545175260066986,5.281430325698852,1.983203546142578,1.0,10.0,,,,,0.6149871203422547,0.6149871203422547,,,,16.527614993286132,1.3066086659955372,0.06974313101897336,,0.0738684668466686,0.9914682613816231,0.23800501868033866,0.0009268871581761736,0.027150742846072478,3.404561677556129,,0.0017301651210209746,,74.59715927026834,17.93715874252805,,102.35078133747076,74.60744471458872,23.745280223287594,95.09444165077939,39.436380204121775,16.52757464852303,,0.6846891546704966,,0.08044986108875578,0.23984586518661233,,0.13819647025150858,0.08971523982324418,0.24015191956690163,0.008264467398974167,0.48579607704642475,0.20834906598564926,,,,0.2574,5148.0,0.539976,0.5562022,0.5929081,0.76761454,0.6163746,0.6284041,0.6896922,0.5957434,0.5011499524116516,0.8111764631271362,0.5981500744819641,0.8111764631271362,0.066,66.0,0.19689282420546847,0.18093658520174868,0.19682605923205757,0.2860251079395663,0.2739849234189325,0.2823065268917282,0.21373315424349093,0.20265999089748957,0.20337240528467634,0.01333382445226734,0.012111646441524652,0.011616908144251212,0.011079606916097402,0.014432343016114386,0.011045334014398096,0.018803467987839034,0.024044666788240802,0.015664030470304565,0.5775,0.5263637,0.5356589,0.6694079,0.77073175,0.57598424,0.5031496,0.6045455,0.49985000491142273,0.8049895672798156,0.6006500720977783,0.8049895672798156,0.074,74.0,0.31887589152908463,0.3027295327849901,0.3135119504578461,0.3731681029135932,0.3554011828323261,0.3633437112500891,0.33287095288002144,0.3242543457563294,0.31514812362687394,0.008995472440039492,0.007418662689443771,0.0073429232889115625,-0.0010113080137756766,0.001841847023390133,-0.001348740679428454,0.007599321621521773,0.005352284715519014,0.004584342436211793,0.55241936,0.5635135,0.5912409,0.7099237,0.55528456,0.5991228,0.64268297,0.5835767,0.5004999786615372,0.8080830152034759,0.5994000732898712,0.8080830152034759,0.07,70.0,0.25788435786727654,0.24183305899336938,0.2551690048449518,0.32959660542657976,0.3146930531256293,0.3228251190709086,0.2733020535617562,0.26345716832690946,0.25926026445577516,0.011164648446153416,0.009765154565484211,0.009479915716581386,0.005034149451160862,0.00813709501975226,0.004848296667484821,0.013201394804680404,0.014698475751879908,0.01012418645325818,0.56495965,0.54493856,0.56344986,0.6896658,0.66300815,0.5875535,0.57291627,0.5940611,2026-10-05T23:01:32.088648
75,0.6261448264122009,0.4997248947620392,0.7557481627464294,0.6260124444961548,0.7557481627464294,0.7444356904029846,0.8192142314910889,1.4929655452728272,0.14891629846096038,5.49760316619873,1.993495026779175,1.0,10.0,,,,,0.6335132273674011,0.6335132273674011,,,,16.493731579589845,0.7770669719702594,0.04651739862584361,,0.04970793118759705,1.161893401745778,0.22389598176547676,0.000913754459077516,0.02704424997732328,3.1390852546615964,,0.0013329771989760001,,74.56169935092805,17.93225866670062,,102.35093703543305,74.57252813448572,23.712617193817334,95.09282106047223,39.46472962494868,16.493715322701036,,0.6898594844113489,,0.08098353592643312,0.24376932384481856,,0.1394063984132876,0.09031795193055633,0.24169158688776052,0.00829121457400975,0.4902389216574894,0.2081574979861071,,,,0.2484,4968.0,0.54264235,0.54456306,0.59114504,0.7696485,0.61857474,0.63852525,0.6884569,0.61315686,0.4949500262737274,0.7947505741119385,0.6052999496459961,0.7947505741119385,0.077,77.0,0.2918047557795793,0.2681150443462963,0.28776743744089806,0.33915571973213043,0.33372672776989876,0.3423704837359209,0.28457195930196866,0.27655714421603345,0.2655746152402682,0.03344387728792516,0.03210008675564045,0.03347558049302711,0.030433748758943092,0.033984604515628514,0.03469120712454698,0.041272031091721596,0.0411661523779645,0.03754075852849714,0.56700003,0.53136367,0.5546512,0.66677636,0.77073175,0.5846457,0.5251969,0.61742425,0.5006499290466309,0.8044100594520569,0.5981499552726746,0.8044100594520569,0.09,90.0,0.31579497853480576,0.3078782427306965,0.31008874253096075,0.38870369907153485,0.38233641247957956,0.380589368809602,0.3093089047741727,0.3094934779625192,0.2882462647058207,0.02290637636348066,0.021183665101347917,0.020296882284164156,0.016317123039743985,0.018213612454569705,0.015675285587888565,0.0171050686642587,0.016676256901000205,0.014873816261390373,0.5532258,0.5612613,0.57737225,0.70572525,0.55365855,0.5995614,0.6329268,0.5941606,0.49779997766017914,0.7995803167819977,0.6017249524593353,0.7995803167819977,0.08349999999999999,83.5,0.30379986715719254,0.2879966435384964,0.2989280899859294,0.36392970940183267,0.3580315701247392,0.36147992627276143,0.2969404320380707,0.2930253110892763,0.27691043997304443,0.02817512682570291,0.026641875928494187,0.02688623138859563,0.023375435899343537,0.02609910848509911,0.02518324635621777,0.029188549877990147,0.02892120463948235,0.026207287394943758,0.56011295,0.54631245,0.5660117,0.6862508,0.66219515,0.59210354,0.57906187,0.6057924,2026-10-05T23:05:53.977562
76,0.6254973411560059,0.4988001585006714,0.7567839201927185,0.6254277229309082,0.7567839201927185,0.7501516498565673,0.8255652989387512,1.4978240005493164,0.14074156931638718,5.474242502975464,1.9997066453933716,1.0,10.0,,,,,0.6367388809204102,0.6367388809204102,,,,16.464619216918944,0.9872314362270627,0.060439364712501456,,0.057888010973526034,1.0702756051045315,0.22573136125400567,0.0009233757987348541,0.0285602476874924,2.800518152820077,,0.0011848457579617389,,74.52625818920743,17.90910098810864,,102.34602798170344,74.5372544792807,23.6794699529174,95.0898885544698,39.49502388535032,16.464596912359735,,0.6929975668336176,,0.08146562602869264,0.24504692738602876,,0.14009149951539981,0.09093090768452662,0.24292772818522848,0.008326321531822728,0.49454646922980144,0.20898950299259964,,,,0.24545,4909.0,0.540417,0.54248893,0.5963154,0.7754147,0.6181464,0.62498987,0.6911503,0.6128717,0.4986500144004822,0.7958372573852539,0.6035500764846802,0.7958372573852539,0.068,68.0,0.26860924197004704,0.26426391154765727,0.26509389681478485,0.3997312771489918,0.41835491636481836,0.392932066474775,0.2882604097151089,0.29656314192272915,0.26789253056163825,0.02722969439401317,0.02726804045038364,0.02617998036227849,0.038547612636958224,0.0408057471849165,0.035914463839635834,0.047673255056563564,0.04679339992230486,0.04004285148318297,0.56350005,0.5368182,0.5476744,0.66414475,0.7731707,0.56141734,0.5244094,0.6329546,0.49935007095336914,0.8004975905418396,0.6004999876022339,0.8004975905418396,0.077,77.0,0.32073743616204337,0.3151835013822051,0.3143845777247837,0.39226131343547416,0.4307111656043438,0.40582000492633546,0.30831473850890706,0.3066043798387321,0.2903864687998677,0.03032401272632691,0.02854563402358591,0.02649901263181711,0.021808556534327634,0.0299306343332266,0.014429010654923595,0.024658468107583913,0.02407241476905417,0.019033053680317106,0.5612903,0.5540541,0.5868613,0.7072519,0.55365855,0.5956141,0.64065045,0.5952555,0.49900004267692566,0.7981674239635468,0.602025032043457,0.7981674239635468,0.07250000000000001,72.5,0.2946733390660452,0.2897237064649312,0.28973923726978423,0.395996295292233,0.4245330409845811,0.39937603570055524,0.298287574112008,0.30158376088073063,0.27913949968075297,0.02877685356017004,0.027906837236984776,0.026339496497047803,0.03017808458564293,0.03536819075907155,0.025171737247279714,0.03616586158207374,0.03543290734567951,0.029537952581750036,0.5623952,0.54543614,0.5672679,0.68569833,0.6634146,0.5785157,0.5825299,0.61410505,2026-10-05T23:10:14.822914
77,0.6242227554321289,0.4990926682949066,0.7574935061454773,0.624132513999939,0.7574935061454773,0.7576524755477906,0.8338995488166809,1.5272414777755738,0.14359503589868547,5.014746984863281,1.9995030448913573,1.0,10.0,,,,,0.6048428444862366,0.6048428444862366,,,,16.4306895324707,1.0153603654853098,0.05126316276168344,,0.055692674924328826,1.079717077647045,0.1935894712805748,0.0007058236330701632,0.024646592388748174,2.372652956254923,,0.0008504624491912287,,74.49087451521758,17.891345868444745,,102.34211662924214,74.50254996718874,23.64551240471518,95.09102518847034,39.47405726438875,16.430672104950922,,0.6928995832516129,,0.08209012932838149,0.24644191942776844,,0.14091666887520224,0.09155715180999914,0.24406270103849423,0.008435913699732464,0.4962933782938939,0.20914189650374612,,,,0.2327,4654.0,0.542081,0.5505437,0.5899168,0.7699447,0.6064642,0.62642425,0.6985014,0.6080855,0.49740004539489746,0.8182108016014099,0.5944001078605652,0.8182108016014099,0.067,67.0,0.209050501032429,0.20102463698550943,0.19250257697021342,0.28905391380199985,0.30520766116840276,0.28046314356522584,0.23568539936708233,0.23097990607746546,0.2017229842066195,-0.024708469302307832,-0.020166705224658604,-0.0224186098378727,-0.0011613749861011256,-0.016393260111567918,-0.013624400732454052,-0.01678699794144392,-0.011690885695729632,-0.021126582074011073,0.5705,0.52909094,0.52868223,0.65756583,0.7743902,0.5598425,0.5035433,0.61136365,0.4943501055240631,0.8064446291923523,0.600100040435791,0.8064446291923523,0.074,74.0,0.3113062275164028,0.2995528132205814,0.30066655269119685,0.400930589968261,0.40582074372030075,0.38772392936779965,0.31548291433588144,0.3143974501161561,0.2924644602053305,0.032009237880022794,0.03152496970906161,0.029386085646629572,0.022274605552445457,0.02892600774718753,0.01904587272762289,0.02629758370217052,0.026747124963627637,0.02532122414195246,0.55604845,0.5527027,0.5927008,0.7072519,0.55609757,0.59517545,0.6422764,0.5890511,0.4958750754594803,0.8123277153968811,0.5972500741481781,0.8123277153968811,0.07050000000000001,70.5,0.2601783642744159,0.25028872510304545,0.24658456483070512,0.3449922518851304,0.3555142024443517,0.33409353646651274,0.27558415685148185,0.2726886780968108,0.247093722205975,0.003650384288857481,0.005679132242201502,0.0034837379043784356,0.010556615283172166,0.006266373817809806,0.0027107359975844193,0.004755292880363299,0.0075281196339490025,0.0020973210339706935,0.56327426,0.54089683,0.5606915,0.68240887,0.66524386,0.577509,0.57290983,0.6002074,2026-10-05T23:14:37.452740
78,0.6254549622535706,0.5009573101997375,0.7562647295951843,0.6253648400306702,0.7562647295951843,0.7455524660110474,0.8204550983428955,1.4526763954162598,0.14027039799690247,4.957353706741333,1.9987604873657228,1.0,10.0,,,,,0.5655976265907288,0.5655976265907288,,,,16.408826226806642,0.5207725160986565,0.030161106908563405,,0.033963776819384214,1.0823487707763721,0.22047079520620358,0.0007777601096016847,0.02655007446386442,2.5374877925511377,,0.0009680823793486101,,74.45562394257564,17.875474200886526,,102.33629097908165,74.46767498429413,23.61223868351833,95.09294522036413,39.46894386923237,16.408805628491056,,0.6925296973270975,,0.08264199402301935,0.24856291815733453,,0.14158677437882514,0.09214757041187044,0.24545707653282553,0.008475434147770617,0.49887806841522264,0.21153679955157506,,,,0.24245,4849.0,0.54422617,0.54802656,0.5931458,0.7707346,0.61129284,0.63105047,0.69228435,0.6108961,0.5087999701499939,0.8054786677360535,0.6009000539779663,0.8054786677360535,0.068,68.0,0.22243952354268542,0.2183949676155966,0.21075701613343575,0.31680625016310643,0.3178027156371241,0.31278279126493563,0.22718280216650244,0.23233378924519293,0.2065430854834157,0.03660342458594809,0.035506632996684696,0.034237625940686335,0.02749130880480329,0.03568919507465363,0.03079011784992962,0.049028693868812145,0.0501837182248604,0.04522197647429435,0.5695,0.54136366,0.5368217,0.66809213,0.7723577,0.54881895,0.5204724,0.6272727,0.4898500442504883,0.8008947033882141,0.6019499897956848,0.8008947033882141,0.077,77.0,0.331607320027199,0.321706253274319,0.32292913228231246,0.3785150896867827,0.4163703405274888,0.3999811533290218,0.3205873364786479,0.3201376651044041,0.2915495795238753,0.031146240480818054,0.030796128841371947,0.027427553893815713,0.02340763640208233,0.02829013572253887,0.01531422882251306,0.024570113881101793,0.026904436448307645,0.02196614037455443,0.5604839,0.5585586,0.58868617,0.7072519,0.55325204,0.5991228,0.6430894,0.5963504,0.4993250072002411,0.8031866855621338,0.6014250218868256,0.8031866855621338,0.07250000000000001,72.5,0.2770234217849422,0.2700506104449578,0.2668430742078741,0.3476606699249446,0.36708652808230646,0.3563819722969787,0.27388506932257517,0.2762357271747985,0.2490463325036455,0.033874832533383074,0.03315138091902832,0.030832589917251026,0.02544947260344281,0.031989665398596254,0.023052173336221338,0.03679940387495697,0.03854407733658402,0.033594058424424394,0.56499195,0.5499611,0.5627539,0.687672,0.66280484,0.5739709,0.5817809,0.6118115,2026-10-05T23:18:59.660365
79,0.6264874935150146,0.49782252311706543,0.7545835600852966,0.6263672113418579,0.7545835600852966,0.7401112148284912,0.8144092608451843,1.3533047803878784,0.1379900887966156,4.8561713512420654,1.9988690368652344,1.0,10.0,,,,,0.5823898303031921,0.5823898303031921,,,,16.38564020690918,0.6342210301737876,0.03904498596586714,,0.040321788789146835,1.1125999648290075,0.22541202626125828,0.0007469851538838498,0.024844526289517332,2.735496738439153,,0.0009891526595334178,,74.42052168147579,17.8478995523635,,102.32751343356576,74.43277030993418,23.580354824187648,95.09432832754342,39.45348807656841,16.385623895438613,,0.6925836410492089,,0.08333817950099896,0.2490239803958091,,0.14191463893386208,0.0927272479340529,0.24709363167832613,0.008563352060640694,0.5009101249609783,0.21387404440694555,,,,0.23665,4733.0,0.5357859,0.5531615,0.59126383,0.77430886,0.61431074,0.6319192,0.6950587,0.61386967,0.5028000473976135,0.8022219867706298,0.6018999814987183,0.8022219867706298,0.069,69.0,0.33301068041527876,0.32506779960007237,0.3268895297431387,0.4191796939437172,0.4351801886502521,0.4140677176205168,0.3558622849674123,0.3538410998784009,0.3165153702533473,0.05764317206255512,0.05477783766554242,0.05413551616653025,0.06175256181829392,0.06642246700031249,0.057108923009126816,0.07456402715247439,0.07083709285592728,0.061829472153784544,0.5665,0.5327273,0.54341084,0.6625,0.77195126,0.55275595,0.5311024,0.6306818,0.49574998021125793,0.8056119799613952,0.5997000336647034,0.8056119799613952,0.077,77.0,0.32620723459146767,0.32189104753712056,0.32271939552204726,0.37223699520227804,0.40632049210206134,0.4005746864118243,0.31524207181973135,0.31249412076692945,0.28855800445843227,0.035595315463867565,0.033503554657787864,0.02975236545877339,0.03444131111754487,0.03704429816242265,0.026733510450368713,0.031447881922647025,0.029704439260747246,0.022368440699639933,0.5681452,0.5563063,0.5839416,0.70648855,0.55243903,0.5956141,0.6390244,0.58759123,0.49927501380443573,0.8039169833660125,0.6008000075817108,0.8039169833660125,0.07300000000000001,73.0,0.3296089575033732,0.3234794235685965,0.324804462632593,0.39570834457299764,0.4207503403761567,0.40732120201617056,0.3355521783935718,0.3331676103226652,0.3025366873558898,0.046619243763211346,0.04414069616166515,0.04194394081265182,0.0480969364679194,0.05173338258136757,0.041921216729747766,0.053005954537560705,0.05027076605833726,0.04209895642671224,0.5673226,0.5445168,0.56367624,0.68449426,0.66219515,0.574185,0.5850634,0.6091365,2026-10-05T23:23:22.162261
80,0.626724898815155,0.5000098943710327,0.754629017829895,0.6266550421714783,0.754629017829895,0.7426505145072937,0.8172307010650635,1.4232311073303223,0.13508016175031662,5.227684253692627,1.9993826881408692,1.0,10.0,,,,,0.547038343667984,0.547038343667984,,,,16.360611874389647,1.2575001372558297,0.06392981866997471,,0.06367335583907878,0.9688947682927369,0.22539032839096276,0.0007822890496244773,0.024323163210016905,3.019640658311783,,0.0010871043333588733,,74.38668585127326,17.82185757387975,,102.3202857728217,74.39772830647269,23.54891894881133,95.09267702527866,39.46903811898201,16.360598011381306,,0.6928396843800879,,0.08388961908543945,0.24995947472608773,,0.14251935377622107,0.09325406861722849,0.24851610089183612,0.008632343019222378,0.5043648766104583,0.215505918784506,,,,0.24405,4881.0,0.53532475,0.5516915,0.5952258,0.77606636,0.61787385,0.63733333,0.68859863,0.6095927,0.5017999410629272,0.8102379722595214,0.5975499749183655,0.8102379722595214,0.091,91.0,0.24219013296239175,0.22889102687589946,0.23197819035533873,0.3259784464525955,0.32278095721619665,0.3275171285972874,0.2590461805513334,0.2493712449322381,0.2490239114314003,-0.0006234210903273094,-0.0011099854843419849,-0.0007262816143543084,0.0007077647943601131,0.004537321172050339,0.002943250143857484,0.0003406199673469105,0.0015797083995419592,-0.0031849534047178776,0.569,0.5131818,0.52868223,0.6657895,0.7731707,0.5681102,0.5106299,0.6265152,0.4970499873161316,0.8062677359580994,0.5986500382423401,0.8062677359580994,0.094,94.0,0.35397394939056537,0.3509266709671649,0.34608544484037457,0.43770451792584714,0.46060868245806025,0.44390431090826354,0.3652080440852687,0.3696916900498614,0.3463062511369903,0.019281142530923574,0.02046521414291189,0.014599869763378062,0.020119549708978186,0.03357775105016591,0.015046348364221227,0.01432310765344291,0.015176244586578052,0.0078425495644746,0.55524194,0.55495495,0.5894161,0.7068702,0.55528456,0.6030702,0.63699186,0.579927,0.4994249641895294,0.8082528541088104,0.5981000065803528,0.8082528541088104,0.0925,92.5,0.2980820411764786,0.2899088489215322,0.2890318175978567,0.3818414821892213,0.39169481983712845,0.3857107197527755,0.31212711231830104,0.30953146749104976,0.29766508128419533,0.009328860720298131,0.009677614329284953,0.006936794074511877,0.010413657251669149,0.019057536111108123,0.008994799254039355,0.007331863810394911,0.008377976493060005,0.002328798079878361,0.562121,0.53406835,0.5590491,0.68632984,0.6642276,0.58559024,0.5738109,0.6032211,2026-10-05T23:27:42.553088
81,0.6254273056983948,0.499497652053833,0.7560195685386658,0.6252574920654297,0.7560195685386658,0.7250170734405518,0.7976379933357238,1.2695754713058471,0.13005387872457505,5.176766990280151,1.9990315605163573,1.0,10.0,,,,,0.5944122150421143,0.5944122150421143,,,,16.347060403442384,0.8998411042900507,0.04886254919752194,,0.05318351870604381,1.059374865263131,0.2119947412306336,0.000948512343879623,0.02760027568478873,1.9674569028577986,,0.0014321864111282994,,74.35116047464359,17.804281173997623,,102.32020646599447,74.3626389230133,23.517093476216505,95.091272439167,39.467288460701134,16.347069673477463,,0.6926644975972024,,0.08452667324406327,0.25219143310170267,,0.14349105061998793,0.09379375260916485,0.24977897344880803,0.0088137464752053,0.5069969645731008,0.21939437489980346,,,,0.2629,5258.0,0.5378909,0.55040276,0.59942555,0.7692141,0.6151869,0.6327677,0.6877481,0.6079226,0.4864499866962433,0.800545102596283,0.6035000085830688,0.800545102596283,0.099,99.0,0.2458217916695085,0.24020319877397955,0.23982116747058482,0.3649036858028641,0.38205543060050806,0.37008797089649675,0.29697829566620443,0.2922704267476541,0.2828683070665558,0.00958913500659439,0.00821218601800365,0.00950240997506947,0.008827441187021858,0.019846731940986958,0.009547604968263347,0.021341238375881182,0.023093312417881387,0.02193336562461027,0.5615,0.5354546,0.54844964,0.66611844,0.7711382,0.557874,0.53543305,0.62689394,0.497700035572052,0.8064463558197021,0.5997501015663147,0.8064463558197021,0.107,107.0,0.37643891269608587,0.3677524769647178,0.37166129499104245,0.44060167429335095,0.47103566989243484,0.46086643450388265,0.3867637344414045,0.38290912043007513,0.3714949169797929,0.024780532971474895,0.022398760651919532,0.022335124376630024,0.024592255411930608,0.03555130354004452,0.02231081584460679,0.01933117221452394,0.018155219209179306,0.01407323184236128,0.5596774,0.5581081,0.58978105,0.70534354,0.550813,0.5956141,0.64512193,0.5854015,0.49207501113414764,0.8034957292079925,0.6016250550746918,0.8034957292079925,0.10300000000000001,103.0,0.31113035218279717,0.3039778378693487,0.30574123123081365,0.4027526800481075,0.42654555024647145,0.41547720270018973,0.34187101505380446,0.3375897735888646,0.32718161202317436,0.017184833989034642,0.015305473334961591,0.015918767175849745,0.016709848299476235,0.02769901774051574,0.01592921040643507,0.02033620529520256,0.020624265813530347,0.018003298733485773,0.5605887,0.5467813,0.56911534,0.685731,0.6609756,0.5767441,0.5902775,0.6061477,2026-10-05T23:32:04.193022
82,0.6264148354530334,0.5001049637794495,0.7538168026924134,0.6263726353645325,0.7538168026924134,0.7225939663887024,0.7949456526756287,1.3052873209953308,0.1262273073554039,5.171978309631347,1.983303570175171,1.0,10.0,,,,,0.6005061720848084,0.6005061720848084,,,,16.33670722961426,1.1039010309554922,0.04757622400948268,,0.056441878373467716,1.1795074254464193,0.21237747886093558,0.0009106596156763458,0.02649587561275549,1.9394453231506288,,0.0015661552734061287,,74.31650747311343,17.781257204189423,,102.31603143777058,74.32806124353105,23.486992477611373,95.09257133143723,39.458244615299684,16.336676968131094,,0.6847548868246139,,0.08511039676370134,0.25369521216222435,,0.14401710536449577,0.094373056605743,0.2510742729256867,0.00898738869222676,0.5092049028463425,0.22368681848428812,,,,0.27275,5455.0,0.53702885,0.55066454,0.5934231,0.77150476,0.61742604,0.6329091,0.69410694,0.61254585,0.5087500214576721,0.8133513579368591,0.5956000089645386,0.8133513579368591,0.091,91.0,0.2919982838626991,0.2739293324209748,0.2908283391256753,0.31686055883304026,0.2768487345994306,0.31437035837524535,0.30495335593253337,0.2997703356387571,0.29456075596812104,0.018472638896010356,0.017326936008834014,0.019434871082234795,0.02132171866181035,0.022478192146960736,0.01876647464638415,0.02029476359375244,0.019631454693149752,0.022504348560894814,0.57100004,0.5081818,0.54573643,0.6582237,0.76707315,0.5850394,0.496063,0.6098485,0.4995499849319458,0.8068913297653199,0.5982999801635742,0.8068913297653199,0.117,117.0,0.39733368720419093,0.38546544574813646,0.39005078900822854,0.43305858313088264,0.43524577024955263,0.43819493752274147,0.41170460282939764,0.4057511380197001,0.39525561138025117,0.014047223704113864,0.01300930557580175,0.011263685812539804,0.012811098223713421,0.01569950153428481,0.009649770330405613,0.004704660596254047,0.0021373796207775323,0.0017240565229001586,0.55564517,0.5617117,0.5868613,0.6973282,0.56504065,0.6035088,0.6317074,0.57883215,0.504150003194809,0.8101213438510895,0.5969499945640564,0.8101213438510895,0.10400000000000001,104.0,0.344665985533445,0.3296973890845556,0.3404395640669519,0.3749595709819614,0.35604725242449164,0.3762826479489934,0.35832897938096553,0.3527607368292286,0.3449081836741861,0.01625993130006211,0.015168120792317882,0.015349278447387298,0.017066408442761884,0.019088846840622772,0.01420812248839488,0.012499712095003244,0.010884417156963642,0.012114202541897486,0.5633226,0.5349468,0.56629884,0.677776,0.6660569,0.59427404,0.5638852,0.5943403,2026-10-05T23:36:25.520603
83,0.6251273155212402,0.5005776286125183,0.7563203211784363,0.6248773336410522,0.7563203211784363,0.7113942470550537,0.7825015210151672,1.2377052123069763,0.12857573469281197,5.755197541046143,1.9934643384933473,1.0,10.0,,,,,0.6442246479034424,0.6442246479034424,,,,16.318150338745117,0.7511273106310967,0.048499915118560576,,0.05583406375887193,1.3600686706934766,0.21315495907121404,0.0011198044224207699,0.02918387187799071,1.9228232497242606,,0.0024490437900469004,,74.28206892074293,17.757639064910304,,102.32139188924413,74.2935832807213,23.45687100841741,95.08996577171763,39.48211492550601,16.31815609051164,,0.6898629471754573,,0.08596520135357122,0.2547456489247122,,0.1455259700869299,0.09497260867030757,0.25270488345698944,0.009085469499562576,0.5131080203754886,0.22698913827823225,,,,0.29445,5889.0,0.5375702,0.5493355,0.5936014,0.77266985,0.61479753,0.62941414,0.6845281,0.6156823,0.50204998254776,0.8063675627708435,0.6001501083374023,0.8063675627708435,0.09,90.0,0.3518298273026631,0.3432692689974101,0.34673256083196435,0.38262127658896883,0.3845125590486023,0.3852537167855718,0.39390632382979107,0.39586983949568844,0.38391485949207504,0.026963440026724614,0.03049964227190604,0.029231699525671506,0.021479638066544893,0.03119478751855963,0.022113505564158264,0.021220217359548287,0.023186392836633766,0.024608989006835762,0.5625,0.5245455,0.5426357,0.66809213,0.7678862,0.55551183,0.5220473,0.6314394,0.505899965763092,0.8040073676109314,0.5997999906539917,0.8040073676109314,0.095,95.0,0.40586184925245294,0.403459283483181,0.4046775222742662,0.4370310491433498,0.47124039062932915,0.44758295384265306,0.4530186429675047,0.45221502999673796,0.4380437959176025,0.036041933692533015,0.03499798341340451,0.03323763968329599,0.044453430030302554,0.05181885977293517,0.04035198082713108,0.02215910723001463,0.022651402368325614,0.01789008325196984,0.5592742,0.5527027,0.58649635,0.7068702,0.55487806,0.5938597,0.63861793,0.5959854,0.503974974155426,0.8051874651908875,0.599975049495697,0.8051874651908875,0.0925,92.5,0.378845838277558,0.37336427624029556,0.37570504155311524,0.4098261628661593,0.42787647483896574,0.41641833531411243,0.4234624833986479,0.42404243474621317,0.4109793277048388,0.031502686859628815,0.032748812842655274,0.031234669604483747,0.03296653404842372,0.0415068236457474,0.031232743195644674,0.021689662294781458,0.02291889760247969,0.0212495361294028,0.5608871,0.5386241,0.564566,0.68748116,0.66138214,0.57468575,0.58033264,0.61371243,2026-10-05T23:40:48.034595
84,0.6257228255271912,0.5026848912239075,0.7545987427711487,0.6255980730056763,0.7545987427711487,0.7251935665130615,0.7978340986251831,1.2325554052352905,0.13618129006624222,5.980760647583008,1.9972577285766602,1.0,10.0,,,,,0.6336851832389832,0.6336851832389832,,,,16.311090103149414,1.0622110264316487,0.05158415417910619,,0.05560217949318563,1.1629449159476408,0.2078447866781502,0.0008547423652315418,0.02494228819302123,2.246348626294713,,0.0015175674881531774,,74.24795235797858,17.734428174936088,,102.32476986441642,74.25874887454282,23.427618779953878,95.08956379495609,39.50730499947906,16.311057935095135,,0.6917779119151413,,0.08650042667130756,0.2563304456935567,,0.14666182495606173,0.09551742321746365,0.25426174671786606,0.009146220709203155,0.517015224049805,0.23193680974328593,,,,0.26365,5273.0,0.53939456,0.55088603,0.59377974,0.771643,0.6161799,0.6278788,0.6867963,0.61682284,0.4974999725818634,0.8120859060287475,0.5970500111579895,0.8120859060287475,0.068,68.0,0.3346329681717917,0.32824833292193656,0.33143501225327854,0.3297871819603839,0.37946006265458243,0.35327277775257604,0.34525525543420177,0.3401575400847642,0.33493302001253344,0.023889892271838256,0.02373551726823593,0.023801562261528953,0.023305788057298795,0.029036513682735285,0.021278967703785633,0.0177836164871329,0.01829762414428873,0.01796221157234843,0.568,0.51772726,0.54689926,0.6703947,0.77195126,0.56929135,0.50039375,0.6064394,0.5026000142097473,0.8103416118621826,0.5968999862670898,0.8103416118621826,0.071,71.0,0.38318434093581477,0.3787289636900049,0.3826881545150489,0.40709392590799914,0.4284064804788913,0.4126890034135717,0.38712538031466853,0.3831043055600268,0.37062467315995956,0.027763424932995568,0.024364420983618636,0.023672691687269747,0.05100274835352701,0.05532648938218689,0.04958276692456887,0.017087469559441657,0.016283233779153403,0.01097148750382871,0.55080646,0.5572072,0.5861314,0.7068702,0.55650413,0.5890351,0.6300813,0.5894161,0.5000499933958054,0.8112137589454651,0.5969749987125397,0.8112137589454651,0.0695,69.5,0.3589086545538033,0.3534886483059707,0.3570615833841637,0.3684405539341915,0.40393327156673686,0.38298089058307383,0.3661903178744351,0.3616309228223955,0.3527788465862465,0.02582665860241691,0.024049969125927283,0.02373712697439935,0.0371542682054129,0.042181501532461085,0.03543086731417725,0.01743554302328728,0.017290428961721067,0.01446684953808857,0.55940324,0.53746724,0.5665153,0.6886325,0.6642277,0.5791632,0.5652375,0.59792775,2026-10-05T23:45:09.806508
85,0.6252627968788147,0.5010575652122498,0.7567116042137146,0.6254174113273621,0.7567116042137146,0.7060350929260254,0.7765469037055969,1.0816015886306762,0.15026930632591248,5.817455851745605,1.9997947654724122,1.0,10.0,,,,,0.6291512623786927,0.6291512623786927,,,,16.29584543762207,0.7836028003626189,0.04974588104093649,,0.050369667390563116,1.1226756360120833,0.2460058641851328,0.0009063069243725556,0.027547924387844126,3.064939953908799,,0.0015265272407183367,,74.21404465596387,17.698047528600995,,102.32111344064117,74.22464348859847,23.3979445414938,95.0878061671166,39.55190901543684,16.295803993370882,,0.6930449813794178,,0.08715327316598528,0.2555014999808779,,0.1473280408769656,0.09613222339350706,0.25577761280308864,0.009206181030222185,0.5218869762815488,0.23535067118277217,,,,0.26065,5213.0,0.53410184,0.5452477,0.5874604,0.77393365,0.62745327,0.636303,0.6875456,0.6095316,0.4984999895095825,0.8262555513381958,0.5944499373435974,0.8262555513381958,0.054,54.0,0.22575273069115337,0.22105322051172263,0.22199938882083678,0.2985727518573119,0.3058472626491326,0.30658170855367184,0.17914685961687202,0.17892300359207144,0.1699344650197721,0.03396167245433955,0.03232177956483062,0.034380309935821585,0.025639876034388383,0.02604544666922723,0.021818604067013934,0.02739848464536345,0.02859647754762051,0.024603490274291796,0.57100004,0.5109091,0.5422481,0.6601974,0.76626015,0.5783465,0.49842522,0.6049242,0.5111500024795532,0.8299069528579712,0.5918499827384949,0.8299069528579712,0.071,71.0,0.2931765299372092,0.28866330268556256,0.29173995628628835,0.3623461959195071,0.38372111064090764,0.3768383512393096,0.26482627299571243,0.2647661403340977,0.2513455815017518,0.021476876331574288,0.0201734607907829,0.019081283667753083,0.00984949127707529,0.006948828089849461,0.002557317288271392,0.01962523985077922,0.018081938485793484,0.01599044858110856,0.54435486,0.5545045,0.5708029,0.70648855,0.5601626,0.5890351,0.63739836,0.56642336,0.5048249959945679,0.8280812520980836,0.5931499600410461,0.8280812520980836,0.0625,62.5,0.2594646303141813,0.2548582615986426,0.2568696725535626,0.3304594738884095,0.3447841866450201,0.3417100298964907,0.2219865663062922,0.22184457196308455,0.21064002326076195,0.02771927439295692,0.02624762017780676,0.026730796801787332,0.017744683655731838,0.016497137379538344,0.012187960677642664,0.023511862248071336,0.023339208016706997,0.02029696942770018,0.55767745,0.5327068,0.55652547,0.68334293,0.66321135,0.58369076,0.5679118,0.5856738,2026-10-05T23:49:32.158203
86,0.6275872588157654,0.49924492835998535,0.7524714447021484,0.6272851824760437,0.7524714447021484,0.7219109807014465,0.7941867815971374,1.1541656873703003,0.15327187986373902,5.514224185943603,1.999673314666748,1.0,10.0,,,,,0.6257254406929016,0.6257254406929016,,,,16.268339294433595,0.7680961969694134,0.03995806186839606,,0.04044808302323814,1.0218673580011743,0.23301075783314978,0.0007431927553428467,0.025519054976238565,2.342386536537462,,0.0008103663552160208,,74.17912059225094,17.680597281000416,,102.31537924602533,74.19053300019283,23.367682122880485,95.0858196088463,39.577073407021295,16.26832442071028,,0.6929845339173724,,0.08779908702441841,0.2573704784083518,,0.1479605256941668,0.09679200258224634,0.2573686188952938,0.009297695515119726,0.5256902529935169,0.23682919771048674,,,,0.25195,5039.0,0.5397554,0.5493758,0.5921751,0.77417064,0.6189252,0.6368687,0.6943094,0.6112831,0.5146500468254089,0.7913977360725403,0.6065500378608704,0.7913977360725403,0.09,90.0,0.259877720424827,0.25442117541079273,0.2602038841124766,0.3851142813750074,0.3961306994701645,0.384709594672927,0.2542430645164177,0.25399203993103414,0.248877738957305,0.03764147241079763,0.03539818582991919,0.03805562103718646,0.02890697379140136,0.04050540060068489,0.03704548154673617,0.03402678132140733,0.034045791327956425,0.035740179289005476,0.5835,0.5377273,0.54883724,0.6720395,0.7723577,0.57362205,0.51023626,0.632197,0.5041499733924866,0.7962892680168152,0.603149950504303,0.7962892680168152,0.108,108.0,0.3555982755645516,0.35942698033856374,0.356920139938592,0.4164271641066855,0.4500964259935229,0.43543588920385057,0.34372742026001213,0.3461685716245973,0.32645660576997515,0.0385350592026024,0.038956919463878206,0.03640174933358685,0.03275899285383714,0.04535152657316162,0.03382795627268026,0.03584464874922114,0.03652713954208509,0.031726530810577455,0.5592742,0.56621623,0.58978105,0.7091603,0.5573171,0.6026316,0.64268297,0.5908759,0.5094000101089478,0.7938435020446777,0.6048499941825867,0.7938435020446777,0.099,99.0,0.30773799799468926,0.30692407787467824,0.3085620120255343,0.40077072274084646,0.4231135627318437,0.4100727419383888,0.2989852423882149,0.30008030577781575,0.2876671723636401,0.03808826580670001,0.0371775526468987,0.037228685185386655,0.030832983322619252,0.04292846358692325,0.03543671890970822,0.03493571503531424,0.03528646543502076,0.03373335504979147,0.5713871,0.5519718,0.5693091,0.6905999,0.66483736,0.58812684,0.57645965,0.6115365,2026-10-05T23:53:53.050026
87,0.6231928467750549,0.5009402632713318,0.7593581146240235,0.6233172416687012,0.7593581146240235,0.7342762667655944,0.8079259843826294,1.2659932695388794,0.13695876890420913,5.446777935409546,1.9984911094665527,1.0,10.0,,,,,0.5981714257240296,0.5981714257240296,,,,16.23443934020996,1.2229769716015573,0.05494896353298063,,0.05797628774515288,1.0403403758433214,0.1966348542908954,0.0006889400519519617,0.021913979196576935,2.3561106360262367,,0.0009647052834312073,,74.14561622765413,17.66996467493142,,102.3144510354206,74.15539001659224,23.3351410057894,95.08383100959146,39.561138080183866,16.23442165107484,,0.6923836940413068,,0.08842027989352584,0.2608109211466115,,0.14874537203721938,0.09737424576168607,0.25858993420175685,0.009329987345797241,0.5275596456163248,0.2371687991603924,,,,0.2536,5072.0,0.5350842,0.54989934,0.59122425,0.7691943,0.61530375,0.6323636,0.6947752,0.59714866,0.506850004196167,0.8075690031051636,0.598599910736084,0.8075690031051636,0.078,78.0,0.3989725796424248,0.39292310518713225,0.3923239521865995,0.39339603792269257,0.3810865447851797,0.39674762872162106,0.4066958982909763,0.40378631723037084,0.39836389997159777,0.03865369051258479,0.03922855404844478,0.03718711212758325,0.022588798198707693,0.032676935313702866,0.027846966755147095,0.03352273335456444,0.029410079591953343,0.03440641763204131,0.5545,0.51545453,0.5337209,0.6694079,0.7711382,0.5665355,0.5145669,0.63409096,0.49814996123313904,0.806925877571106,0.598349928855896,0.806925877571106,0.093,93.0,0.41850629552952756,0.4152572424133979,0.4196090740692349,0.4475434672412367,0.45053270800072437,0.45489730613645846,0.4487830360799288,0.44667121928340164,0.43503130951674207,0.04061082917448348,0.04039340547198178,0.04100342244894292,0.035207475012433265,0.040300386535322016,0.03699437868980975,0.027284770727044015,0.02641728037437257,0.02617064741958518,0.55040324,0.55315316,0.58759123,0.70610684,0.55528456,0.59517545,0.63617885,0.5934307,0.502499982714653,0.8072474403381348,0.59847491979599,0.8072474403381348,0.08549999999999999,85.5,0.4087394375859762,0.4040901738002651,0.4059665131279172,0.4204697525819646,0.41580962639295205,0.42582246742903973,0.4277394671854525,0.42522876825688627,0.41669760474416995,0.039632259843534134,0.03981097976021328,0.03909526728826308,0.02889813660557048,0.036488660924512445,0.03242067272247842,0.030403752040804227,0.027913679983162958,0.030288532525813247,0.5524516,0.53430384,0.5606561,0.6877574,0.66321135,0.5808555,0.5753729,0.6137608,2026-10-05T23:58:15.153966
88,0.6251246333122253,0.4997778832912445,0.7561435977935791,0.625029981136322,0.7561435977935791,0.733022903251648,0.8065333621025086,1.2334615958213806,0.12929773976802825,5.561423352813721,1.995532255935669,1.0,10.0,,,,,0.6398075089454651,0.6398075089454651,,,,16.21235212097168,0.8258586773162435,0.04796439052595027,,0.048916653735907215,1.0111897132199281,0.2293520521989484,0.0008717357409208906,0.025509655273928764,2.518774449065992,,0.0016442841070164352,,74.10942403222346,17.653383911035622,,102.32002122235146,74.12096293261096,23.303387672278532,95.08276658756718,39.5693977744716,16.212352096654808,,0.6909113177068674,,0.08886340279488047,0.2627568789728128,,0.1501070053144625,0.09794388801618746,0.25993515180934007,0.00932976573848041,0.5305833812731846,0.2394302516796027,,,,0.2533,5066.0,0.53506416,0.5468184,0.5895404,0.7741509,0.61614096,0.63127273,0.6939044,0.61195517,0.49685004353523254,0.7930476336479187,0.6064999103546143,0.7930476336479187,0.086,86.0,0.3820952784621171,0.37831875523940406,0.3781443827444962,0.4356911232441072,0.4530177259206278,0.48346099038503615,0.38942419739048656,0.38509225239006684,0.37897788905310914,0.05240257049132482,0.051472389707829753,0.05047056143519574,0.03579769719399029,0.06560147058653572,0.04593744583936512,0.051356877349364734,0.04938353723410027,0.049644956079449354,0.565,0.5327273,0.54379845,0.675,0.7849594,0.553937,0.52874017,0.6409091,0.4991500675678253,0.8082859239578247,0.5979500412940979,0.8082859239578247,0.093,93.0,0.38804247840118683,0.3917106233924872,0.39390190508982587,0.4707498767760098,0.5051891812036372,0.5007640253362304,0.3974657439737803,0.39491914646909804,0.38057005595558696,0.028958843862476682,0.028685728800534955,0.027049385657535483,0.028064581932458445,0.05103857830524506,0.03340308721869796,0.020408713344651153,0.018882811072573856,0.013727671206035286,0.55685484,0.5518018,0.5708029,0.71221375,0.55447155,0.59342104,0.6430894,0.5927008,0.49800005555152893,0.8006667788028717,0.6022249758243561,0.8006667788028717,0.0895,89.5,0.38506887843165194,0.3850146893159456,0.386023143917161,0.45322050001005854,0.47910345356213246,0.4921125078606333,0.39344497068213347,0.3900056994295824,0.3797739725043481,0.04068070717690075,0.040079059254182356,0.03875997354636561,0.03193113956322437,0.05832002444589039,0.039670266529031536,0.035882795347007945,0.03413317415333707,0.03168631364274232,0.5609274,0.5422646,0.5573007,0.69360685,0.66971546,0.57367903,0.5859148,0.61680496,2026-10-06T00:02:35.658050
89,0.6257473230361938,0.49877992272377014,0.754111179637909,0.6256973743438721,0.754111179637909,0.7326600855827331,0.8061302310943603,1.2092063296318054,0.1363743834733963,4.998325307846069,1.9992568195343017,1.0,10.0,,,,,0.6057488183975219,0.6057488183975219,,,,16.214555154418946,0.834844456220366,0.061055310972918796,,0.0557981290629098,1.0389167605691654,0.19618968032063192,0.0007412746173454223,0.0225146370554331,1.6001196676378797,,0.0012012885212255005,,74.07382974806865,17.62866945934903,,102.322092675859,74.0864067320611,23.276889072102346,95.0845476867287,39.574685455127884,16.214588857760095,,0.6927681709550748,,0.08942810521953425,0.2631571773131182,,0.15112387735372895,0.09851585769919073,0.2615581008659047,0.00937562562810008,0.5332477073760549,0.2453366656591938,,,,0.24335,4867.0,0.5340818,0.5448853,0.583538,0.78157586,0.6143497,0.6349293,0.69740784,0.6135234,0.5025500059127808,0.8053219666481019,0.6004500389099121,0.8053219666481019,0.092,92.0,0.24769013756993072,0.2451791936270542,0.2570609308631237,0.35605731401680285,0.35890536451176747,0.36615868587463113,0.2374216819028946,0.23384488028254113,0.2201053345956437,0.0435793704373864,0.04217349746022552,0.039424383096258245,0.04292056458055655,0.04663564006254874,0.03227014448169831,0.04855166331630638,0.049570390411977416,0.04454595212200065,0.5755,0.5254545,0.5476744,0.66875,0.7735773,0.5464567,0.52874017,0.61439395,0.5020999908447266,0.8133962092399597,0.5960500836372375,0.8133962092399597,0.101,101.0,0.3318387301384672,0.3308178505867403,0.33046947099991325,0.433646748710826,0.4456904284083268,0.45272569456841893,0.3422235993949166,0.34386605987518604,0.32971289355064887,0.03138662889416002,0.028210021364821362,0.026892626384692458,0.03321354993197673,0.04931248676021872,0.03385334995735542,0.020988694487746602,0.01686577677228268,0.012303578002908981,0.55564517,0.5481982,0.5751825,0.70648855,0.55569106,0.5899123,0.64512193,0.5839416,0.5023249983787537,0.8093590879440308,0.5982500612735748,0.8093590879440308,0.0965,96.5,0.289764433854199,0.28799852210689725,0.2937652009315185,0.3948520313638144,0.4022978964600471,0.40944219022152506,0.2898226406489056,0.2888554700788636,0.2749091140731463,0.0374829996657732,0.03519175941252344,0.03315850474047535,0.038067057256266634,0.04797406341138373,0.033061747219526864,0.034770178902026494,0.03321808359213005,0.028424765062454817,0.5655726,0.5368264,0.5614284,0.68761927,0.66463417,0.5681845,0.58693105,0.59916776,2026-10-06T00:06:57.302597
90,0.627262532711029,0.49783769249916077,0.7516919931411743,0.6272222995758057,0.7516919931411743,0.7498867460250854,0.825270959854126,1.3544084659576416,0.1424295624732971,5.196892352676391,1.999566432762146,1.0,10.0,,,,,0.6577111643791199,0.6577111643791199,,,,16.219281747436522,0.8160687899572929,0.04841083544677206,,0.047785041833023546,1.0050510828662071,0.21835340853709323,0.0007533318061710804,0.024010448307273495,2.5158132229261336,,0.0010763872237331057,,74.03896633075301,17.60262258493217,,102.32175251177162,74.051747753362,23.252442548229435,95.08624262718638,39.56733516523033,16.219289609581043,,0.6929276661508402,,0.0901509687114673,0.26358596420591807,,0.1521790292422483,0.09913058901668355,0.2634058085976133,0.009482912179438552,0.5354000796937639,0.2517324517107314,,,,0.23,4600.0,0.536247,0.55283934,0.58654916,0.77806085,0.6150312,0.63365656,0.700081,0.61411405,0.4989500641822815,0.7957529454231262,0.6045000553131104,0.7957529454231262,0.066,66.0,0.30824629513742685,0.29996557271732016,0.30606571198274113,0.41492645170187276,0.4260785505828644,0.42044392254861584,0.3196491414528469,0.3180080390484543,0.31343202104357354,0.03982185563593416,0.03928005657670354,0.04109562333920549,0.029060937295400928,0.04544580951484755,0.03589093276111089,0.05231743416022518,0.05263426154767932,0.05193508205547237,0.582,0.5277273,0.55503875,0.67269737,0.7760163,0.56889766,0.51496065,0.6159091,0.500950038433075,0.8066607232093811,0.5979501605033875,0.8066607232093811,0.084,84.0,0.33356891230729147,0.329777508535943,0.3359546850345753,0.43434781518126575,0.4406322786297577,0.4482133298153026,0.35801174058405916,0.35660900787493177,0.3517433971687354,0.034286283982725284,0.031734068588048725,0.03126569705756642,0.02545319139840339,0.03403786107212995,0.028518269871950268,0.02995121059429969,0.028949262262169085,0.02512303968239286,0.55403227,0.56441444,0.57664233,0.7068702,0.55284554,0.5938597,0.64268297,0.58576643,0.4999500513076782,0.8012068343162537,0.6012251079082489,0.8012068343162537,0.07500000000000001,75.0,0.32090760372235916,0.3148715406266316,0.3210101985086582,0.4246371334415693,0.43335541460631105,0.4343286261819592,0.33883044101845305,0.33730852346169304,0.3325877091061545,0.03705406980932972,0.03550706258237613,0.03618066019838595,0.027257064346902157,0.03974183529348875,0.03220460131653058,0.04113432237726244,0.0407917619049242,0.03852906086893262,0.5680162,0.5460709,0.56584054,0.6897838,0.6644309,0.5813787,0.5788218,0.60083777,2026-10-06T00:11:19.613513
91,0.6248375773429871,0.5023999810218811,0.7569571772575379,0.6247446537017822,0.7569571772575379,0.7488346056938171,0.8241019159317017,1.3317575372695922,0.16289803903102876,5.349296967697144,1.999984422302246,1.0,10.0,,,,,0.6655221155166626,0.6655221155166626,,,,16.23413451538086,0.7031137929149683,0.04170835247800157,,0.03698895789777777,1.004321898434572,0.2267110825154432,0.0006842283600797449,0.02354469292969176,2.201918102943214,,0.0008068474068813942,,74.00233347704456,17.574850726279482,,102.31915584491317,74.01783689268076,23.23028382222364,95.08855292447814,39.55951578905628,16.23413812430801,,0.693139430443952,,0.09053525964545596,0.2637557349387248,,0.1530246922544613,0.09982831111759137,0.26572577247194423,0.009604270979287517,0.5375870667445432,0.2598052292492739,,,,0.2312,4624.0,0.52991176,0.5483689,0.5945127,0.7748223,0.6232477,0.63456565,0.68762654,0.603055,0.49570000171661377,0.8039419360160828,0.5997499823570251,0.8039419360160828,0.085,85.0,0.29998637483542323,0.2978900511947115,0.29535762850897473,0.3466696769099171,0.3720877231950582,0.34494802448376616,0.2765366823530262,0.2837778179836964,0.2736641407705972,0.02400218059796015,0.025084215691802348,0.02503530694583669,0.01596405485642765,0.01878011139578577,0.017399225139390004,0.025092886356146444,0.024714014447765806,0.024966767544989138,0.5845,0.5213637,0.55,0.65855265,0.7666667,0.5826772,0.50433075,0.6102273,0.503849983215332,0.8105570540428162,0.5955999493598938,0.8105570540428162,0.088,88.0,0.32548457813594833,0.32546684175328283,0.33113344181774573,0.395440108582962,0.42683326388629483,0.4223051904625865,0.32412146977969103,0.3232127271522412,0.31891822787333945,0.011000410945784944,0.010376289102817968,0.008199801579445125,0.015878138323717733,0.02767249740666171,0.011771453273312756,0.0054860412436004945,0.004697324293220037,0.00045834920287699655,0.55080646,0.5594595,0.5770073,0.708397,0.5577236,0.5991228,0.6333333,0.5733577,0.4997749924659729,0.8072494950294495,0.5976749658584595,0.8072494950294495,0.0865,86.5,0.3127354764856858,0.3116784464739972,0.31324553516336023,0.37105489274643955,0.3994604935406765,0.38362660747317634,0.3003290760663586,0.3034952725679688,0.2962911843219683,0.01750129577187255,0.01773025239731016,0.01661755426264091,0.01592109659007269,0.023226304401223738,0.01458533920635138,0.01528946379987347,0.014705669370492922,0.012712558373933067,0.56765324,0.5404116,0.5635036,0.6834748,0.66219515,0.5909,0.56883204,0.59179246,2026-10-06T00:15:41.606301
92,0.6256796717643738,0.5020226836204529,0.756378000164032,0.6257651448249817,0.756378000164032,0.7608646183013916,0.837468597316742,1.4085817306518555,0.18030856646299362,4.89644577293396,1.9999969200134278,1.0,10.0,,,,,0.6343125444412231,0.6343125444412231,,,,16.2312716796875,1.3493256286249324,0.08913853005387458,,0.08945729237666745,0.9465079558123449,0.228004679178736,0.000812320891956081,0.0270964975059507,2.3587862942249154,,0.0010475177087019877,,73.96622782907669,17.547707733834624,,102.31857732299027,73.98541575632278,23.21130773216296,95.09073221000136,39.57731023411842,16.231220561227982,,0.6931456486890271,,0.09103003281886411,0.2640968534597166,,0.1539167235990998,0.10067537854051893,0.2684776676688225,0.009652774970812402,0.5409724613663497,0.2650683554494457,,,,0.22185,4437.0,0.535425,0.5565848,0.5891046,0.7770735,0.6272975,0.6423839,0.686128,0.59008145,0.5043500661849976,0.805407895565033,0.6020498871803284,0.805407895565033,0.075,75.0,0.2639888513650903,0.25701641068564174,0.2620028570804508,0.3198893148305614,0.3396024783981622,0.31513895468120917,0.19479363090318835,0.20018058175785033,0.18453462797574718,0.04967337206411632,0.046967092136849985,0.05157340284676386,0.04185861091337392,0.0448849989960593,0.048940745503887946,0.05350906285399373,0.05004529567342621,0.05683114815507319,0.59150004,0.5359091,0.5589147,0.6582237,0.7703252,0.5681102,0.50708663,0.6098485,0.5054000616073608,0.8118749809265137,0.5982499718666077,0.8118749809265137,0.09,90.0,0.36455784386839285,0.3571826778664843,0.3633986880768502,0.44958437467557716,0.4328180593496297,0.4412048417302765,0.32217483089332144,0.319533032658382,0.31164574494968095,0.010416717230388069,0.011278579078800081,0.008473352066041002,0.007417968035535421,0.01541320050502806,0.005706337774327453,0.007652134123445512,0.007462874192536958,0.004202302015476416,0.5600807,0.56126124,0.58576643,0.7015267,0.5581301,0.59605265,0.6390244,0.5777372,0.5048750638961792,0.8086414382457734,0.600149929523468,0.8086414382457734,0.08249999999999999,82.5,0.3142733476167416,0.307099544276063,0.3127007725786505,0.38473684475306924,0.386210268873896,0.3781718982057428,0.2584842308982549,0.25985680720811616,0.24809018646271408,0.030045044647252193,0.029122835607825033,0.03002337745640243,0.02463828947445467,0.03014909975054368,0.0273235416391077,0.03058059848871962,0.028754084932981584,0.030516725085274803,0.5757904,0.5485852,0.5723406,0.6798752,0.6642276,0.58208144,0.5730555,0.59379286,2026-10-06T00:20:03.724187
93,0.6219499707221985,0.49827998876571655,0.7619615112304687,0.6219103932380676,0.7619615112304687,0.7530449230194092,0.8287800450325012,1.3758751133918763,0.15584090559482575,4.393951370239257,1.9979932106018066,1.0,10.0,,,,,0.6335370412826538,0.6335370412826538,,,,16.16902808532715,1.0895317278114285,0.0793264664051117,,0.0707729572436185,0.9237470919159567,0.2355473862759247,0.0009260384547954224,0.029341981639480513,2.0081666466916444,,0.0014534269974980011,,73.9319679600418,17.536165443954953,,102.32811989753868,73.95263093596051,23.180161008409634,95.08916293587654,39.645803876743194,16.169052828649047,,0.6921455146400792,,0.09180508373649257,0.2667667265910252,,0.1552863871785486,0.10155863889083741,0.2698018414199732,0.009755846480749975,0.546735822774802,0.2607451821588407,,,,0.2353,4706.0,0.53396153,0.546617,0.58781695,0.7716825,0.60737926,0.6382424,0.70044553,0.5877393,0.5076500177383423,0.8005364756584168,0.6081000566482544,0.8005364756584168,0.083,83.0,0.3350952198204678,0.3329373331418437,0.3326311472001753,0.4308604832837453,0.44250073798041717,0.4259699179287751,0.3244505514167224,0.328592150815349,0.31524971925367806,0.052148790812176424,0.05214611594644413,0.053089048258097855,0.0462501607504026,0.05142807468914639,0.04553591468076119,0.05094402397553003,0.05185824758093036,0.04910418460224065,0.585,0.5409091,0.5527132,0.67236847,0.7731707,0.56968504,0.52283466,0.62689394,0.49929994344711304,0.8117626948356629,0.5997499823570251,0.8117626948356629,0.08,80.0,0.3903485888173473,0.3827377231492171,0.3899124789185869,0.5046848126492083,0.5202552670893996,0.5122835576074533,0.4003464948640857,0.39363913096855313,0.39396757362057994,0.04670366976171737,0.04582680056414106,0.0451207302391579,0.03789519105810699,0.036473708260403075,0.038639011405557935,0.030499461464912146,0.028467859426371988,0.025757005472945516,0.55604845,0.5581081,0.5846715,0.708397,0.55365855,0.5938597,0.64268297,0.5919708,0.5034749805927277,0.8061495852470398,0.6039250195026398,0.8061495852470398,0.0815,81.5,0.36272190431890755,0.3578375281455304,0.36127181305938105,0.4677726479664768,0.48137800253490837,0.4691267377681142,0.36239852314040405,0.36111564089195103,0.35460864643712897,0.0494262302869469,0.048986458255292596,0.04910488924862788,0.0420726759042548,0.04395089147477473,0.042087463043159565,0.04072174272022109,0.040163053503651173,0.03743059503759308,0.5705242,0.5495086,0.5686923,0.6903827,0.6634146,0.5817723,0.5827588,0.60943234,2026-10-06T00:24:25.976593
94,0.6272649168968201,0.49967247247695923,0.7536263540267945,0.6272774338722229,0.7536263540267945,0.7737925998687745,0.8518330269813538,1.643640962409973,0.15011375907063484,5.099403409576416,1.9997354347229004,1.0,10.0,,,,,0.6858885311126709,0.6858885311126709,,,,16.134563656616212,0.7521181371252817,0.05381345355981119,,0.04950355499935378,0.97124781027721,0.2451651363046306,0.0011659620020532636,0.039036108863059506,2.0395231898043567,,0.0015679091645388384,,73.89955022532469,17.520171936909865,,102.33505273320873,73.91928717740782,23.14671577162044,95.10115075566966,39.77561399131824,16.134559230439983,,0.6930154706262479,,0.09256854506245085,0.26881637922517815,,0.15636248554393745,0.10223145683290093,0.27051462242557744,0.009828146689446869,0.5552102129930144,0.2618615775351312,,,,0.2297,4594.0,0.5346832,0.55088603,0.59037244,0.7775474,0.6185942,0.6417172,0.6971851,0.6057841,0.4969499707221985,0.7967697706222534,0.6044500470161438,0.7967697706222534,0.081,81.0,0.40187441161621085,0.4091077186327949,0.40487742869745985,0.45129588335125603,0.4347411091420036,0.4576870874366959,0.4607379978855356,0.4617406778685735,0.4509436433059239,0.027959973455108162,0.02716405803492214,0.03148728029208513,0.030918751611711155,0.04706302036817945,0.037854519544739444,0.007682922462531741,0.008159745404540583,0.008541816446717372,0.5715,0.53318185,0.548062,0.67236847,0.7743902,0.56692916,0.5224409,0.6223485,0.5047000646591187,0.8091530432701111,0.5978500247001648,0.8091530432701111,0.088,88.0,0.41165120986718046,0.41477093319671876,0.4133215154245965,0.48950222214787054,0.497039552637789,0.48782675073175513,0.4625600349974005,0.4626781830692547,0.445658014008825,0.03805901256528201,0.03948519769683948,0.03647357128159279,0.04059828275219219,0.050564768825785755,0.04520835458652461,0.027867341517673592,0.02680979072657619,0.021544310904243635,0.55846775,0.5581081,0.57226276,0.7041985,0.55853665,0.59429824,0.64512193,0.5854015,0.5008250176906586,0.8029614069461822,0.6011500358581543,0.8029614069461822,0.08449999999999999,84.5,0.4067628107416956,0.4119393259147568,0.40909947206102815,0.4703990527495633,0.4658903308898963,0.4727569190842255,0.46164901644146805,0.46220943046891405,0.4483008286573744,0.03300949301019509,0.03332462786588081,0.033980425786838964,0.03575851718195167,0.0488138945969826,0.04153143706563203,0.017775131990102666,0.017484768065558386,0.015043063675480504,0.56498384,0.545645,0.5601624,0.68828344,0.66646343,0.58061373,0.5837814,0.603875,2026-10-06T00:28:48.049781
95,0.6269524693489075,0.5011654496192932,0.752995442867279,0.6271799206733704,0.752995442867279,0.76098387966156,0.8376011109352112,1.4941844549179077,0.12973554058670997,5.09704836769104,1.993630862045288,1.0,10.0,,,,,0.6775461765289307,0.6775461765289307,,,,16.123506457519532,0.44587094046080566,0.03045894802031908,,0.03767952537697971,1.0210602841559488,0.24100333803398594,0.0011095174587892286,0.039113016923664104,2.009594167398799,,0.0014626903586040672,,73.86473695791452,17.489859902934665,,102.33799179951856,73.88525619020888,23.116977813137563,95.10926449526647,39.85127596035125,16.12355464279272,,0.6899661038331925,,0.09304266674503399,0.26883916642255845,,0.15713924852905758,0.10288551867387857,0.2721853726988385,0.009930135812729028,0.5612051346499449,0.26527903110358364,,,,0.2415,4830.0,0.5435044,0.54772455,0.5914223,0.7768957,0.6175039,0.63945454,0.69408673,0.60535645,0.4975499212741852,0.796206883430481,0.6054999828338623,0.796206883430481,0.087,87.0,0.377610749722041,0.38089256878745786,0.3774062894074541,0.42861573467249087,0.4356596937842879,0.4199879588693023,0.41624665227540164,0.4095971492272212,0.40515094276150904,0.03472702147670195,0.036560612737372565,0.03791560221862018,0.049557398317080004,0.05780876640057579,0.059200560573812504,0.04616937545416846,0.047181730311075906,0.046539702031576966,0.57600003,0.53136367,0.5472868,0.6720395,0.7739838,0.580315,0.51299214,0.62613636,0.5000000596046448,0.8046540331840515,0.601699948310852,0.8046540331840515,0.101,101.0,0.4289588969321144,0.4335333303099447,0.4333188744120345,0.47053261588453893,0.470795333017704,0.47802667383402697,0.42856319237483004,0.42747603966563863,0.41601306952454264,0.03921701932554838,0.037422091765177835,0.03832500558808806,0.04129063853533955,0.050042959916999454,0.04190241154111007,0.0258664139948564,0.02290481837408971,0.02195714964053849,0.55725807,0.5630631,0.5817519,0.7087786,0.5601626,0.5991228,0.6443089,0.5919708,0.498774990439415,0.8004304583072662,0.6035999655723572,0.8004304583072662,0.094,94.0,0.4032848233270777,0.40721294954870124,0.4053625819097443,0.4495741752785149,0.453227513400996,0.44900731635166463,0.42240492232511584,0.4185365944464299,0.41058200614302587,0.03697202040112517,0.0369913522512752,0.03812030390335412,0.04542401842620977,0.053925863158787626,0.050551486057461285,0.03601789472451243,0.03504327434258281,0.03424842583605773,0.56662905,0.5472134,0.56451935,0.69040906,0.6670732,0.58971894,0.57865053,0.6090536,2026-10-06T00:33:10.150369
96,0.629640519618988,0.5008549094200134,0.7507074216842652,0.6298450827598572,0.7507074216842652,0.7491377402305603,0.824438733291626,1.3473162930488587,0.15056489773988724,4.70283292503357,1.9999939334869385,1.0,10.0,,,,,0.6826543409347534,0.6826543409347534,,,,16.127278616333008,0.6212371776153327,0.039653380020302095,,0.0566531926346053,0.9660833937347315,0.24826920305372804,0.0012691860175454265,0.041880326345562935,3.007918133857144,,0.0016148998685682394,,73.83014897631992,17.461972036179464,,102.3405832181311,73.85221789900665,23.098469023491926,95.11095530516023,40.00639518203249,16.127262589278494,,0.693143777406899,,0.09363434729492588,0.2690649089539886,,0.15791555906936622,0.10369906555505315,0.27517868341154356,0.009984230960772675,0.5707395532328612,0.27128172680071205,,,,0.24685,4937.0,0.53843224,0.54695934,0.5871435,0.7908571,0.6246885,0.6435757,0.6924868,0.6129328,0.5066499710083008,0.798647352695465,0.6026999950408936,0.798647352695465,0.09,90.0,0.3781490456024386,0.37710544092281867,0.3772904045487832,0.41444118608090574,0.4323567410786189,0.43578193772024776,0.39623951404525504,0.39216441416810943,0.3879003655570535,0.05206347331526632,0.04994414862413648,0.05190998965071403,0.05255284619901638,0.07322350263390653,0.06757916645003384,0.049454535874599775,0.04991915723511516,0.04818578054722571,0.5805,0.5213637,0.5410853,0.6769737,0.77154475,0.5661417,0.50511813,0.6337121,0.5006499886512756,0.8147272491455078,0.5952500104904175,0.8147272491455078,0.093,93.0,0.36436682201382087,0.3631667381348405,0.3619224724279142,0.4586770898136903,0.48138929501071026,0.494577713511335,0.38507975768736397,0.3844724953567039,0.37658234788340433,0.031516842758174755,0.0317362369593093,0.029495222891695996,0.03781285679183564,0.045102870687716755,0.033615341744285133,0.02363470408808686,0.023308114411862573,0.020078890889902997,0.5451613,0.55,0.5740876,0.708397,0.55487806,0.5899123,0.63821137,0.59233576,0.5036499798297882,0.8066873009204865,0.5989750027656555,0.8066873009204865,0.0915,91.5,0.37125793380812977,0.3701360895288296,0.36960643848834873,0.43655913794729806,0.45687301804466457,0.4651798256157914,0.3906596358663095,0.3883184547624067,0.3822413567202289,0.04179015803672054,0.04084019279172289,0.04070260627120501,0.04518285149542601,0.05916318666081165,0.05059725409715948,0.03654461998134332,0.036613635823488866,0.034132335718564354,0.5628307,0.53568184,0.55758643,0.69268537,0.6632114,0.578027,0.57166475,0.61302394,2026-10-06T00:37:32.061111
97,0.6289628148078918,0.5027050971984863,0.7507120116233825,0.6289874315261841,0.7507120116233825,0.7361024072647094,0.8099550303459168,1.244467488670349,0.1390086381793022,4.323306740570068,1.999850676727295,1.0,10.0,,,,,0.6658919741630555,0.6658919741630555,,,,16.11374603881836,0.4065668415396836,0.041674137394282086,,0.053811274812954245,0.8965429210928595,0.22281685585428954,0.0011097624144223253,0.035517130527574166,1.9855515557299754,,0.0018118085795872589,,73.79533332776113,17.44144005988054,,102.3447358441201,73.81952297915319,23.074671556995174,95.11303011171377,40.13971353032786,16.11374015565131,,0.6930726891869952,,0.09418162238446011,0.2701413749129909,,0.15873242962132594,0.10456438827666507,0.2773238697629066,0.010152321896118343,0.57915317063119,0.2743374517389164,,,,0.24915,4983.0,0.532077,0.5452477,0.58678687,0.78795415,0.6268692,0.642,0.69137305,0.6179226,0.5068999528884888,0.8126307396888733,0.5974000096321106,0.8126307396888733,0.086,86.0,0.34374318614550503,0.34287523996908154,0.3519960432137778,0.3165239072302925,0.2747781896840734,0.331428541059716,0.3188004568429175,0.31370533423516167,0.3165495901188361,0.035247844164922194,0.032873469173510535,0.032464339879833076,0.026286900888676655,0.02487689603681196,0.023931967629358012,0.03183287655788115,0.02404978936516804,0.024642216739606215,0.56700003,0.5022727,0.5364342,0.67532897,0.7735773,0.5622047,0.51023626,0.62310606,0.4998500347137451,0.8354530339241028,0.585099995136261,0.8354530339241028,0.089,89.0,0.41398159712587107,0.40821787306739477,0.41872451380031916,0.4006097737928888,0.3907871832405142,0.42975700235846476,0.40340125011723643,0.40041318880638077,0.39871816512688596,0.02353318075918852,0.021866335409776044,0.02256468493102563,0.04198691590256477,0.038586939069164244,0.037966485416711986,0.018956612877720467,0.01808459230103411,0.016032947029367375,0.5358871,0.540991,0.5635037,0.6866413,0.5569106,0.57543856,0.6357724,0.5777372,0.5033749938011169,0.824041886806488,0.5912500023841858,0.824041886806488,0.0875,87.5,0.378862391635688,0.37554655651823815,0.38536027850704846,0.35856684051159066,0.3327826864622938,0.38059277170909034,0.361100853480077,0.3570592615207712,0.35763387762286103,0.029390512462055356,0.027369902291643287,0.027514512405429355,0.03413690839562071,0.0317319175529881,0.030949226523035,0.02539474471780081,0.021067190833101074,0.020337581884486797,0.5514436,0.52163184,0.54996896,0.6809851,0.6652439,0.56882167,0.57300436,0.60042167,2026-10-06T00:41:53.831130
98,0.6260095238685608,0.5003827810287476,0.7568795720100403,0.6260174512863159,0.7568795720100403,0.7508289134025574,0.8263178152084351,1.3909454007148743,0.15162075579166412,4.392598379898072,1.9982572746276857,1.0,10.0,,,,,0.5946814328193665,0.5946814328193665,,,,16.10213698425293,1.057081157021272,0.06989070026287038,,0.0667442965861054,0.9769067849702896,0.22501888534255848,0.0011303698296279048,0.036481158018918936,1.499190689272182,,0.001754744304733345,,73.76260162159136,17.417576516509815,,102.34703088262279,73.78592074448895,23.04753477254491,95.11366723904943,40.18587962836976,16.10215987673231,,0.6922783221408819,,0.09491002317636636,0.2702904529632277,,0.15987369987615355,0.10531990609730885,0.2789438518748921,0.0102799313593727,0.5835564288364095,0.2775053579336519,,,,0.23535,4707.0,0.53007215,0.548973,0.58805466,0.7879937,0.6198209,0.6370101,0.6875456,0.6069043,0.4944000542163849,0.8036780104637146,0.6013000011444092,0.8036780104637146,0.06,60.0,0.44421786795219387,0.44347141888213487,0.44375595710125504,0.31854843517109044,0.3193694629771809,0.31791959993719826,0.3883728701835679,0.40083781537320856,0.3860255997389504,0.02476950020163428,0.0262215970018906,0.02559454456424384,0.0417333447573369,0.05037548770009503,0.0435280951334334,0.0272220396866416,0.027855049826069827,0.02725554411042744,0.56200004,0.51363635,0.53333336,0.6743421,0.7780488,0.56338584,0.5212599,0.63522726,0.5048999786376953,0.8137435779571534,0.595099925994873,0.8137435779571534,0.071,71.0,0.5289840640306659,0.5339052969659475,0.5352416506769941,0.44558578154014866,0.45127898289845364,0.44352088668197215,0.49050935163334136,0.4884169021932298,0.48146452981898713,0.014491645096704331,0.015397980975791144,0.015496380974678826,0.023572633052784304,0.029182685274529153,0.025112675944282452,0.0071463647789223915,0.007221882240630742,0.005796107433125882,0.54879034,0.54864866,0.5777372,0.70496184,0.55853665,0.59342104,0.6288618,0.5908759,0.4996500164270401,0.8087107942104339,0.5981999635696411,0.8087107942104339,0.0655,65.5,0.4866009659914299,0.4886883579240412,0.4894988038891246,0.3820671083556195,0.38532422293781726,0.3807202433095852,0.4394411109084546,0.4446273587832192,0.4337450647789688,0.019630572649169304,0.020809788988840873,0.020545462769461332,0.032652988905060604,0.03977908648731209,0.034320385538857925,0.017184202232781998,0.017538466033350283,0.01652582577177666,0.5553952,0.5311425,0.5555353,0.68965197,0.66829276,0.5784035,0.57506084,0.6130516,2026-10-06T00:46:15.319137
99,0.6296901106834412,0.5018623471260071,0.7497201153755187,0.6297274827957153,0.7497201153755187,0.7608051509857178,0.8374025197029114,1.5949864416122437,0.14935472499132157,5.068800846099854,1.9990369499206544,1.0,10.0,,,,,0.6922432019233704,0.6922432019233704,,,,16.10275891723633,0.5127700963977037,0.04142962484828131,,0.058911134527438576,0.9442926140347864,0.2233216065652431,0.0009349968410794072,0.030975755007498582,1.794962080990433,,0.0017298248023774243,,73.72887653909672,17.39624257907746,,102.35206953886967,73.75266523421949,23.023864673201444,95.11260660742498,40.23603837808986,16.10272479209171,,0.6926670981820222,,0.09565970614837234,0.27065625445098634,,0.16114890414058783,0.10610885078170497,0.2808586336245203,0.010454012543722323,0.5879891180688408,0.28298258534662285,,,,0.23555,4711.0,0.53380114,0.5425494,0.5876981,0.7975119,0.6207749,0.6447475,0.6939652,0.6151324,0.5057499408721924,0.7991681971549988,0.6043500304222107,0.7991681971549988,0.09,90.0,0.3522694587051612,0.34819176116304956,0.3643798643124901,0.3747558217207473,0.37687676243023915,0.4158003685633426,0.3731120123515609,0.3707504993732999,0.3817669937385145,0.03064647522202716,0.030253772904663696,0.029708247775519753,0.022537674532813242,0.016551262523672207,0.02307144548539573,0.033770861141950236,0.030700012032870247,0.032215269908176546,0.5725,0.5163637,0.5476744,0.67006576,0.7756098,0.568504,0.52874017,0.62916666,0.4939500391483307,0.8083134112358094,0.5976501703262329,0.8083134112358094,0.095,95.0,0.39980482580512233,0.40280999124013567,0.40740634433987893,0.47078612964767763,0.5005490962592842,0.501596279472912,0.4201423797453662,0.41416500277398216,0.4134616588079923,0.03884909774584824,0.03972456129577497,0.03577053644455149,0.048250538256439636,0.06408536122965111,0.04496129163115558,0.022025914265941127,0.022313714746205946,0.019124075666408957,0.55080646,0.55045044,0.5740876,0.71793896,0.5573171,0.5995614,0.6357724,0.58722633,0.49984999001026154,0.8037408041954041,0.6010001003742218,0.8037408041954041,0.0925,92.5,0.37603714225514173,0.3755008762015926,0.3858931043261845,0.42277097568421246,0.4387129293447617,0.45869832401812727,0.3966271960484635,0.392457751073641,0.39761432627325344,0.0347477864839377,0.034989167100219334,0.032739392110035626,0.03539410639462644,0.040318311876661656,0.03401636855827565,0.027898387703945683,0.026506863389538095,0.02566967278729275,0.56165326,0.5334071,0.560881,0.6940024,0.66646343,0.58403265,0.5822563,0.6081965,2026-10-06T00:50:37.577647
