epoch,train_eval_mode_acc,train_shuffled_message_acc,train_loss,train_acc,train_combined_loss,train_realised_survival,train_unmixed_survival,train_logit_margin,train_logit_prior_share,train_logit_spread,train_logit_scale,train_sampling_tau,train_pool_effective_examples,train_pool_score_norm,train_pool_score_sd,train_prototyper_mix_share,train_prototyper_within_share,train_referent_spread,train_referent_spread_backbone,train_polarity_separation,train_score_scale,train_score_bias,train_bilinear_weight_norm,train_clip_sender_vision,train_clip_sender_adapter,train_clip_sender_prototyper,train_clip_sender_language_model,train_clip_receiver_vision,train_clip_receiver_adapter,train_clip_receiver_token_embedding,train_clip_receiver_language_model,train_clip_receiver_discriminator,train_clip_log_score_scale,train_clip_log_logit_scale,train_clip_other,train_weight_sender_vision,train_weight_sender_adapter,train_weight_sender_prototyper,train_weight_sender_language_model,train_weight_receiver_vision,train_weight_receiver_adapter,train_weight_receiver_token_embedding,train_weight_receiver_language_model,train_weight_receiver_discriminator,train_weight_log_score_scale,train_weight_log_logit_scale,train_weight_other,train_drift_sender_vision,train_drift_sender_adapter,train_drift_sender_prototyper,train_drift_sender_language_model,train_drift_receiver_vision,train_drift_receiver_adapter,train_drift_receiver_token_embedding,train_drift_receiver_language_model,train_drift_receiver_discriminator,train_drift_log_score_scale,train_drift_log_logit_scale,train_drift_other,train_unique_message_fraction,train_unique_message_count,train_acc_md_and_color_color,train_acc_md_or_color_color,train_acc_md_color,train_acc_md_shape,train_acc_md_and_shape_shape,train_acc_md_and_color_shape,train_acc_md_or_shape_shape,train_acc_md_or_color_shape,test_shuffled_message_acc,test_loss,test_acc,test_combined_loss,test_unique_message_fraction,test_unique_message_count,test_topsim_s1,test_topsim_s2,test_topsim_s3,test_topsim_s4,test_topsim_s5,test_topsim_s6,test_topsim_s1_static,test_topsim_s2_static,test_topsim_s3_static,test_topsim_gt_s1,test_topsim_gt_s2,test_topsim_gt_s3,test_topsim_gt_s4,test_topsim_gt_s5,test_topsim_gt_s6,test_topsim_gt_s1_static,test_topsim_gt_s2_static,test_topsim_gt_s3_static,test_acc_md_and_color_color,test_acc_md_or_color_color,test_acc_md_color,test_acc_md_shape,test_acc_md_and_shape_shape,test_acc_md_and_color_shape,test_acc_md_or_shape_shape,test_acc_md_or_color_shape,test_same_shuffled_message_acc,test_same_loss,test_same_acc,test_same_combined_loss,test_same_unique_message_fraction,test_same_unique_message_count,test_same_topsim_s1,test_same_topsim_s2,test_same_topsim_s3,test_same_topsim_s4,test_same_topsim_s5,test_same_topsim_s6,test_same_topsim_s1_static,test_same_topsim_s2_static,test_same_topsim_s3_static,test_same_topsim_gt_s1,test_same_topsim_gt_s2,test_same_topsim_gt_s3,test_same_topsim_gt_s4,test_same_topsim_gt_s5,test_same_topsim_gt_s6,test_same_topsim_gt_s1_static,test_same_topsim_gt_s2_static,test_same_topsim_gt_s3_static,test_same_acc_md_and_color_color,test_same_acc_md_or_color_color,test_same_acc_md_color,test_same_acc_md_shape,test_same_acc_md_and_shape_shape,test_same_acc_md_and_color_shape,test_same_acc_md_or_shape_shape,test_same_acc_md_or_color_shape,test_avg_shuffled_message_acc,test_avg_loss,test_avg_acc,test_avg_combined_loss,test_avg_unique_message_fraction,test_avg_unique_message_count,test_avg_topsim_s1,test_avg_topsim_s2,test_avg_topsim_s3,test_avg_topsim_s4,test_avg_topsim_s5,test_avg_topsim_s6,test_avg_topsim_s1_static,test_avg_topsim_s2_static,test_avg_topsim_s3_static,test_avg_topsim_gt_s1,test_avg_topsim_gt_s2,test_avg_topsim_gt_s3,test_avg_topsim_gt_s4,test_avg_topsim_gt_s5,test_avg_topsim_gt_s6,test_avg_topsim_gt_s1_static,test_avg_topsim_gt_s2_static,test_avg_topsim_gt_s3_static,test_avg_acc_md_and_color_color,test_avg_acc_md_or_color_color,test_avg_acc_md_color,test_avg_acc_md_shape,test_avg_acc_md_and_shape_shape,test_avg_acc_md_and_color_shape,test_avg_acc_md_or_shape_shape,test_avg_acc_md_or_color_shape,timestamp
0,0.5265123844146729,0.4997349679470062,0.9768441262245178,0.5255598425865173,0.9768441262245178,0.3627259099006653,0.39509226953983306,1.0827694794178009,0.6229791239738465,0.7948800722837448,1.028751501083374,1.0,10.0,,,,,0.3691129905462265,0.3691129905462265,,,,18.45928048095703,0.07304283591012535,0.016010215891537012,,0.08135753767980132,0.3892815726198209,0.5925527484553634,0.00723968397389955,0.399964615750085,0.9301475150759813,,0.006718447131614918,,77.28118716683358,19.605963142054854,,104.56470479782979,77.27621304457355,26.122637827684926,94.44659875760412,39.07306041839016,18.459258012710862,,0.037755239988302006,,0.012021756369863773,0.02614344043989375,,0.01237821758199768,0.004906596251093088,0.023038982209055477,0.0005043069782439222,0.038826945234849385,0.028995194436780586,,,,0.78305,15661.0,0.5309142,0.5299436,0.5467512,0.5310229,0.5130062,0.5186465,0.5156338,0.5183503,0.4964999854564667,0.9095266871452331,0.5696501135826111,0.9095266871452331,0.039,39.0,0.4887320265603743,0.49321154443676907,0.4904126028911907,0.48977004799587354,0.49040650002349695,0.4995627366584063,0.4549590258937341,0.45545788017123784,0.4501259731213687,0.04551062667273633,0.041482255145451244,0.04438973451982067,0.05100392277311209,0.04656921665550064,0.04981447413494667,0.049698620352045086,0.045733572499323326,0.04743979166967581,0.509,0.58090913,0.6108527,0.5559211,0.53292686,0.57086617,0.5850394,0.6,0.4979499876499176,0.9045492634773254,0.5738499164581299,0.9045492634773254,0.038,38.0,0.4750682023516239,0.47917158348235944,0.4769732565713087,0.42336557977106065,0.40868153771349086,0.41933355851190457,0.43731371670753355,0.439803602543546,0.435779622205296,-0.0036785974663352773,-0.004484033695004807,-0.006044581237534125,-0.008674030321592207,-0.012111143324291623,-0.011902460822993854,-0.006104844219653473,-0.007631755552762762,-0.00853742768258693,0.6125,0.58963966,0.6693431,0.53816795,0.5296748,0.5701754,0.52073175,0.5551095,0.49722498655319214,0.9070379753112793,0.5717500150203705,0.9070379753112793,0.0385,38.5,0.4819001144559991,0.48619156395956425,0.48369292973124967,0.4565678138834671,0.44954401886849393,0.4594481475851554,0.4461363713006338,0.4476307413573919,0.44295279766333234,0.020916014603200528,0.018499110725223217,0.019172576641143274,0.021164946225759942,0.017229036665604512,0.01895600665597641,0.021796888066195806,0.01905090847328028,0.01945118199354444,0.56075,0.5852744,0.6400979,0.5470445,0.53130084,0.57052076,0.55288553,0.57755476,2026-10-06T12:54:05.317097
1,0.5768896341323853,0.5000200867652893,0.8977239311218261,0.5758500695228577,0.8977239311218261,0.5763882499217987,0.6324948588848114,1.7941319673538207,0.29985234689712525,1.295402779006958,1.2485298404693603,1.0,10.0,,,,,0.453771808385849,0.453771808385849,,,,18.426940188598632,0.2350080118152746,0.03383689259244188,,0.09715617153864757,0.5069068763286445,0.3879717932480156,0.002457562935609774,0.12265115085348582,1.0201768253449421,,0.006170278551612364,,77.2478382572247,19.592138096025796,,104.57075685148786,77.24028544820797,26.100430761932568,94.4447695009268,39.10353231733772,18.426914482359674,,0.22089908941156544,,0.021705457454274414,0.052852708229403585,,0.024841872215935378,0.010504977997083952,0.03914593060494988,0.0007294458014576156,0.07843325571839217,0.04485145472227388,,,,0.4879,9758.0,0.5767442,0.57448655,0.6175713,0.58927727,0.5564447,0.5646465,0.5673552,0.55971485,0.49709999561309814,0.9035763974189759,0.5682999491691589,0.9035763974189759,0.033,33.0,0.49774946556317207,0.49306572965371465,0.49658628898636076,0.4599854776767813,0.4692384601327182,0.4761815954073394,0.46383175431366763,0.45873423844326244,0.45597855303474577,-0.0018665747602171472,-0.001593206664261915,-0.0030918526059750856,-0.0071435465310998245,-0.014431489883231749,-0.012060894486454575,0.001361208742569379,0.000889946267410364,-0.00222704288248465,0.532,0.5945455,0.5655039,0.5467105,0.5365854,0.56496066,0.6,0.6037879,0.5095000267028809,0.8719061913490296,0.5873500108718872,0.8719061913490296,0.032,32.0,0.4871452171248772,0.48983457801155095,0.4879479168564572,0.43213055378210474,0.40502261010313084,0.4289347227697805,0.4704800989837375,0.47200057666671524,0.47136951915938163,0.007999308525872918,0.006841075582692536,0.008236757205650725,0.006043954104735636,0.007046031143778693,0.0052950326554881124,0.0023750850512978495,0.0013700869011915632,0.00017700687678067932,0.6298387,0.59999996,0.70766425,0.5687023,0.53211385,0.5675439,0.52154475,0.56131387,0.5033000111579895,0.8877412943840027,0.5778249800205231,0.8877412943840027,0.0325,32.5,0.4924473413440246,0.4914501538326328,0.49226710292140896,0.44605801572944304,0.43713053511792455,0.45255815908855995,0.46715592664870254,0.46536740755498884,0.4636740360970637,0.0030663668828278855,0.0026239344592153104,0.0025724522998378197,-0.0005497962131820943,-0.0036927293697265277,-0.0033829309154832315,0.0018681468969336144,0.0011300165843009637,-0.0010250180028519853,0.5809194,0.59727275,0.63658404,0.55770636,0.5343496,0.5662523,0.5607724,0.5825509,2026-10-06T12:58:16.096160
2,0.584897518157959,0.49950742721557617,0.8782547529220581,0.5843474864959717,0.8782547529220581,0.6810276730537415,0.7487608822822571,2.0557227157592775,0.2482226044178009,1.5447086057662964,1.4274961334228515,1.0,10.0,,,,,0.40914614057540893,0.40914614057540893,,,,18.393816149902342,0.30621172829418425,0.04236355168258498,,0.10219794849918526,0.638807042389159,0.31609205427063497,0.001939814150701188,0.08616865223427866,1.0068949933644313,,0.0036313623539542864,,77.21427120524606,19.57287231979856,,104.5712873130847,77.20385956004927,26.073361050551103,94.4433489756979,39.12369926112473,18.393791794017623,,0.3556011664639613,,0.0247496793485561,0.06631852437261564,,0.030765885214327247,0.014732616799320005,0.0481873057118267,0.0008234075225361736,0.10090869171604229,0.04953508351923554,,,,0.35615,7123.0,0.5903568,0.58485705,0.6425911,0.5991114,0.55969626,0.56527275,0.56994736,0.5621181,0.49584996700286865,0.9285176267623901,0.5581001043319702,0.9285176267623901,0.03,30.0,0.38132779251295745,0.38767932090818147,0.38404840375099913,0.23672283816869003,0.2870459240363166,0.27292653107730314,0.3366128540500517,0.3466389095124441,0.3441530653770958,0.006795390949689305,0.005436739937199944,0.005801697442881624,-0.0007295335164885031,-0.0058390373839360635,-0.003188829221493935,0.003232373360641241,0.003456201137796982,0.0036809902470249594,0.55300003,0.5854546,0.49689922,0.5480263,0.56504065,0.553937,0.5866142,0.5806818,0.4965499937534332,0.8758449263572693,0.5915499925613403,0.8758449263572693,0.033,33.0,0.49542558309195867,0.494195090366515,0.49530607800707177,0.387325235232994,0.38413824496237703,0.3928175644132195,0.47341387235529697,0.4744887857476481,0.47181530757169815,0.0031353836155750305,0.001246960000106586,0.002586901940603715,0.004351420058275129,0.005506839168208029,0.004601263968544236,-0.00020966857143120033,-0.0018182533769444714,-0.0016159725290372717,0.6141129,0.60945946,0.70255476,0.5618321,0.5353658,0.5964912,0.5398374,0.5667883,0.49619998037815094,0.9021812765598297,0.5748250484466553,0.9021812765598297,0.0315,31.5,0.4383766878024581,0.44093720563734823,0.4396772408790355,0.312024036700842,0.33559208449934685,0.33287204774526136,0.40501336320267434,0.41056384763004605,0.40798418647439694,0.004965387282632168,0.003341849968653265,0.0041942996917426695,0.0018109432708933127,-0.00016609910786401748,0.0007062173735251503,0.0015113523946050204,0.0008189738804262553,0.0010325088589938438,0.5835565,0.59745705,0.599727,0.5549292,0.5502032,0.57521415,0.5632258,0.57373506,2026-10-06T13:02:25.808025
3,0.5892396569252014,0.49902743101119995,0.8609612757682801,0.5895500779151917,0.8609612757682801,0.7216403422355652,0.7938860728263855,2.0303298069000246,0.25591565878391265,1.8310577375411987,1.5392550428390503,1.0,10.0,,,,,0.39956472773551943,0.39956472773551943,,,,18.362227032470702,0.3777257142363081,0.048487526791727846,,0.10495587312586747,0.663747305892835,0.32426099666649366,0.0018340370374595283,0.07752679524480537,1.333255114828705,,0.0034727452563457074,,77.18007970919275,19.553206826471218,,104.5700158769158,77.16842894341535,26.04492618779468,94.44150620964682,39.139241261087406,18.362202650422503,,0.431156431983231,,0.027871534726612128,0.07676361045639986,,0.034841016290863606,0.018844373512325013,0.05535679467164787,0.0009027108643500574,0.11828256944182572,0.0533030371709614,,,,0.29975,5995.0,0.59881717,0.59313333,0.66343105,0.59261453,0.5581192,0.572202,0.5708789,0.5665377,0.49900001287460327,0.8934199194908142,0.5646999478340149,0.8934199194908142,0.034,34.0,0.4392416079634683,0.4385311153270899,0.43867668564940704,0.409085572064845,0.5027013645766526,0.45335362224212333,0.40923666957790145,0.40915153867271953,0.4087906611832376,0.005932109005539307,0.005655675244197944,0.004632557048223057,0.001050625499092156,0.003452477192387654,-0.003561981003124259,0.003937726833817715,0.004056685727532384,0.0024701948075396426,0.57100004,0.58181816,0.4992248,0.55230266,0.55,0.56299216,0.57598424,0.62840915,0.4950999915599823,0.845831416130066,0.5888999104499817,0.845831416130066,0.029,29.0,0.47304705687756254,0.47105136147736354,0.47615299470945355,0.40732140953698603,0.39763188822043716,0.41325334340911735,0.4413519735863033,0.4405791544002202,0.4409026079670941,-0.001465045040475395,-0.0024831312737810386,-0.0025558882468880383,-0.004495685137873087,-0.008564861576908476,-0.007512671971347529,-0.002889315908139439,-0.0034299782055704376,-0.00437316811143951,0.61330646,0.60450447,0.72700727,0.5412214,0.52154475,0.59605265,0.52642274,0.57226276,0.4970500022172928,0.8696256678104402,0.5767999291419983,0.8696256678104402,0.0315,31.5,0.45614433242051544,0.4547912384022267,0.4574148401794303,0.40820349080091556,0.4501666263985449,0.43330348282562037,0.42529432158210234,0.4248653465364699,0.4248466345751658,0.0022335319825319564,0.0015862719852084526,0.0010383344006675095,-0.0017225298193904656,-0.0025561921922604113,-0.005537326487235894,0.0005242054628391381,0.00031335376098097327,-0.0009514866519499336,0.59215325,0.59316134,0.613116,0.546762,0.5357724,0.5795224,0.5512035,0.60033596,2026-10-06T13:06:36.212321
4,0.5914651155471802,0.4998452663421631,0.8456706934928894,0.5916149616241455,0.8456706934928894,0.783255650138855,0.8623475213050842,2.2605463693618773,0.20745965155363083,2.1070450826644898,1.6459978590011597,1.0,10.0,,,,,0.3873568006515503,0.3873568006515503,,,,18.330860165405273,0.6640523132055428,0.06215289726877098,,0.09956167105015866,0.69908484038274,0.27842243798788946,0.0014926951017473961,0.06266368995568934,1.340311762633597,,0.0028227311489505955,,77.14895994344334,19.538922218760106,,104.57394093313034,77.13178535024072,26.015492238816183,94.44019599477197,39.14420850717338,18.330832268781723,,0.4982285478692146,,0.03185106850685967,0.08850869569618991,,0.039770751598344485,0.02235442988432137,0.06178316893945834,0.0009762795384718212,0.13136720026184798,0.05593482988655187,,,,0.21485,4297.0,0.5981756,0.5936166,0.6578645,0.6019352,0.56088394,0.5742424,0.576772,0.56875765,0.49219995737075806,0.8692687883377075,0.5791999697685242,0.8692687883377075,0.017,17.0,0.41146012591788445,0.40947775297959316,0.4132703844805412,0.3764665113474821,0.3663218442530483,0.38404030917527726,0.39962074784704343,0.39629399120286873,0.40210874117566026,-0.020027704863857715,-0.02109455888745124,-0.020951698572556618,-0.018417765343477454,-0.018168927842529152,-0.01990055397096919,-0.01152135028760408,-0.012277560981900595,-0.01273904478809622,0.563,0.5959091,0.53023255,0.5532895,0.56585366,0.588189,0.60748035,0.6318182,0.4955499768257141,0.8346480870246887,0.5987499356269836,0.8346480870246887,0.017,17.0,0.47136657729995013,0.4693847529132678,0.47421965381737385,0.3994405116835224,0.3937603764930173,0.40024688849275014,0.4689931303963883,0.4708145149981757,0.4709617559127734,0.0019213493457326501,0.0004796087757755891,0.0013461949793402302,0.001614953223467697,0.004698672204394199,0.0003794909857141444,0.002508193512144161,0.001528125932493873,0.000719447695943485,0.6306452,0.60495496,0.7248175,0.5629771,0.5280488,0.6013158,0.5365854,0.59014595,0.4938749670982361,0.8519584376811982,0.5889749526977539,0.8519584376811982,0.017,17.0,0.44141335160891726,0.4394312529464305,0.44374501914895753,0.3879535115155023,0.3800411103730328,0.39214359883401373,0.43430693912171586,0.4335542531005222,0.4365352485442168,-0.009053177759062532,-0.010307475055837826,-0.009802751796608195,-0.008401406060004878,-0.006735127819067477,-0.009760531492627521,-0.00450657838772996,-0.005374717524703361,-0.0060097985460763675,0.5968226,0.60043204,0.62752503,0.55813324,0.54695123,0.59475243,0.57203287,0.61098206,2026-10-06T13:10:46.843859
5,0.5937651991844177,0.5002726316452026,0.8420966583251953,0.5940202474594116,0.8420966583251953,0.8026267700195312,0.8838709894180298,2.2702696252822876,0.20398280475139619,2.28829146232605,1.713057744026184,1.0,10.0,,,,,0.35399936966896056,0.35399936966896056,,,,18.30074972229004,0.4958219661549398,0.054605338461459825,,0.09045897259311692,0.7394654097830414,0.34320915414459385,0.001674418632759695,0.06665075238153434,1.854563283502676,,0.0020496332319082607,,77.11587422364836,19.515242728458087,,104.5722929839116,77.09443572220529,25.98599741261476,94.43850717726787,39.146243320149225,18.30073094216122,,0.5382802421879617,,0.03406561154184068,0.09288546357564866,,0.04288486519436927,0.025232174226148114,0.068341088760051,0.0010565611693984383,0.14289621221032112,0.059554980249161935,,,,0.1737,3474.0,0.6057137,0.5957108,0.66660064,0.59885466,0.5594237,0.5788283,0.5792223,0.5672098,0.5047000050544739,0.8823137769699096,0.5715999603271484,0.8823137769699096,0.017,17.0,0.3769298411529745,0.373249039391212,0.38571499385607366,0.35678549091186185,0.3459391763054983,0.3522801681574443,0.36163704122959006,0.36368786360924643,0.3619069113688528,-0.00031010080358217015,0.0004620948209096968,-0.0016879913314322924,0.005233303702345746,-0.009218182389385795,-0.004553761448289726,0.002782230544848272,0.0032443731627419385,0.0015465966079255319,0.5525,0.57863635,0.5496124,0.54868424,0.55284554,0.57795274,0.5866142,0.625,0.496550053358078,0.8222584519386291,0.6074501276016235,0.8222584519386291,0.017,17.0,0.4718264134277733,0.4706918915631453,0.47568403499077394,0.41949886921849044,0.4121411925764379,0.4170892218516337,0.46442410618027946,0.4673385951432755,0.455256478720826,-0.0013745818567952486,-0.001758329241028419,-0.0019789909600623472,-0.006808571674509685,-0.006177971769974594,-0.0072288414773943235,-0.0011023795005820978,-0.0020402899661975007,-0.0036287648183856215,0.64314514,0.6283784,0.7609489,0.56412214,0.5402439,0.60043865,0.5357724,0.57664233,0.5006250292062759,0.8522861144542694,0.589525043964386,0.8522861144542694,0.017,17.0,0.42437812729037394,0.42197046547717865,0.4306995144234238,0.38814218006517615,0.3790401844409681,0.384684695004539,0.4130305737049348,0.415513229376261,0.4085816950448394,-0.0008423413301887094,-0.0006481172100593611,-0.0018334911457473198,-0.0007876339860819698,-0.007698077079680194,-0.005891301462842025,0.0008399255221330871,0.0006020415982722189,-0.0010410841052300448,0.59782255,0.6035074,0.65528065,0.55640316,0.54654473,0.5891957,0.5611933,0.60082114,2026-10-06T13:14:57.723646
6,0.5947725772857666,0.5010550022125244,0.8342699484825135,0.5951447486877441,0.8342699484825135,0.8090835540771485,0.8910451944351196,2.2748712394714357,0.21635291364192963,2.4661232778549196,1.7670610668182374,1.0,10.0,,,,,0.36436226363182067,0.36436226363182067,,,,18.274824237060546,0.8688876086691762,0.06721744888052819,,0.10705294488828368,0.7748768798484924,0.31135637175505326,0.0015283733158473185,0.059448659526789266,2.0722542545598026,,0.0025522732402043784,,77.08244459796104,19.49529246919474,,104.56870469014356,77.05727950175097,25.958317689834885,94.43771396321097,39.15387113534721,18.274803392446724,,0.5693410950101865,,0.036554304159181136,0.09976752913871388,,0.0454347754122725,0.027511230070784595,0.0753157830731884,0.0011395450998809497,0.1544121229534696,0.06477743358748733,,,,0.1654,3308.0,0.60872096,0.5967781,0.6681656,0.60312,0.5655374,0.57436365,0.57825035,0.56531566,0.4993000626564026,0.9108316330909729,0.5631499290466309,0.9108316330909729,0.023,23.0,0.39774312897752157,0.39368192547547304,0.3954076217413258,0.41354810829496064,0.45206316985650097,0.43527052138489736,0.40893863825700627,0.40867982172794026,0.41293462477059917,0.002568129239605729,0.0021735815208343305,0.0009156010057498692,0.008682277497766318,0.004164902526682521,0.00021561284267225642,-0.0025401644161223823,0.0004165865184462074,-0.005659705667119064,0.53150004,0.5663637,0.5472868,0.54572374,0.545935,0.56771654,0.56929135,0.6257576,0.5029000639915466,0.8626417355537415,0.5902000665664673,0.8626417355537415,0.023,23.0,0.4843553856412372,0.4868887577352227,0.49396542877667404,0.4472068999748869,0.45393915593326817,0.4640063645577769,0.5009338383736481,0.5072726007886368,0.5046296492641481,-0.0029437276004648685,-0.003756410054590381,-0.0039891237414632665,0.0006350027828625141,0.0054165273470452085,-0.0015456996690159132,0.0022068519115387504,0.0010009280339558077,0.0007333362641842482,0.61169356,0.6076577,0.7189781,0.5614504,0.51951224,0.602193,0.5199187,0.5718978,0.5011000633239746,0.8867366843223572,0.5766749978065491,0.8867366843223572,0.023,23.0,0.4410492573093794,0.4402853416053479,0.44468652525899993,0.43037750413492376,0.45300116289488457,0.44963844297133715,0.4549362383153272,0.4579762112582885,0.45878213701737364,-0.00018779918042956972,-0.0007914142668780252,-0.0015367613678566986,0.004658640140314416,0.004790714936863865,-0.0006650434131718284,-0.00016665625229181596,0.0007087572762010076,-0.002463184701467408,0.5715968,0.5870107,0.63313246,0.5535871,0.5327236,0.58495474,0.544605,0.5988277,2026-10-06T13:19:08.495238
7,0.5959801077842712,0.5003803968429565,0.8309797286987305,0.5960076451301575,0.8309797286987305,0.8281733110427857,0.9122560280799866,2.3782967794418335,0.19003803668022157,2.947173213005066,1.8510808319091796,1.0,10.0,,,,,0.4024354983329773,0.4024354983329773,,,,18.24629631652832,0.9922721071797571,0.07851569137126682,,0.1064713189947852,0.7783838783859447,0.28225909534153665,0.00166558318383618,0.06110410706086713,1.9813114142721626,,0.00198628425046284,,77.04764634636557,19.4821355783256,,104.57001937574641,77.01987112251817,25.930174663568,94.43608117559154,39.13978105289921,18.246269007397306,,0.6156942073706608,,0.03828777012172019,0.10973650478063875,,0.04891956412488488,0.029669514780116688,0.0803019175673746,0.0012335851558656166,0.16173679870405014,0.06716826529639541,,,,0.1413,2826.0,0.6057137,0.5988522,0.6700476,0.60469985,0.5606503,0.5789697,0.5767315,0.57173115,0.5025999546051025,0.8771259078979492,0.5737500190734863,0.8771259078979492,0.021,21.0,0.3716421452795422,0.3781185540213483,0.3773843948420896,0.3937024127298265,0.4325350196000697,0.4006424818648549,0.36040899792454995,0.36692049520478276,0.3659965780733452,0.0002107975174592463,0.0001819909329104183,0.0005982853113813867,-0.009301452236498873,-0.005456893845878926,-0.004577958530634352,0.0027425156675573363,0.004610361349693655,0.005615500085503701,0.56100005,0.5813636,0.5472868,0.5493421,0.56585366,0.57716537,0.5822835,0.62689394,0.5134499669075012,0.8351800322532654,0.5941500067710876,0.8351800322532654,0.021,21.0,0.43994823853482623,0.43414950866151286,0.4414122097495826,0.4304515294277226,0.43535844114165184,0.43648046615656916,0.4796278746778991,0.47920761362597203,0.4783133436825344,-0.012117248949420413,-0.01361061677618265,-0.012751414774399082,-0.01070478577808247,-0.014005420223864225,-0.01325422211736777,-0.005182962144647805,-0.006520374129231895,-0.008309937678806244,0.63145167,0.6058559,0.7423358,0.5469466,0.5235773,0.5864035,0.52845526,0.57664233,0.5080249607563019,0.8561529700756073,0.583950012922287,0.8561529700756073,0.021,21.0,0.4057951919071842,0.40613403134143056,0.40939830229583607,0.4120769710787745,0.43394673037086073,0.41856147401071203,0.4200184363012245,0.4230640544153774,0.4221549608779398,-0.005953225715980583,-0.006714312921636116,-0.006076564731508848,-0.010003119007290671,-0.009731157034871575,-0.00891609032400106,-0.0012202232385452344,-0.0009550063897691198,-0.0013472187966512713,0.59622586,0.59360975,0.6448113,0.54814434,0.54471546,0.5817844,0.5553694,0.60176814,2026-10-06T13:23:18.167821
8,0.5967673659324646,0.4998222589492798,0.8255187873840332,0.5969728231430054,0.8255187873840332,0.8260431558609008,0.9098891848564148,2.2386939416885374,0.19135014581680299,3.053215078353882,1.9045879669189454,1.0,10.0,,,,,0.3814154714584351,0.3814154714584351,,,,18.214942697143556,0.7147394468307875,0.06041076400904519,,0.08353622039412237,0.8032584188470415,0.24693813687487012,0.0015304003351673508,0.05417868998020318,1.8959131341451292,,0.0018205224523105018,,77.01100785565224,19.46185348899501,,104.5664779274327,76.98299140687202,25.90134677765476,94.43486290221001,39.12812630234251,18.21491709180698,,0.6442400740969713,,0.038991125217478745,0.11471642231105998,,0.05148232768580412,0.031710813011808,0.08491487483120268,0.0012762369654752363,0.16904656949696267,0.0681348462013682,,,,0.138,2760.0,0.6082598,0.59927505,0.6753764,0.6006516,0.56109816,0.58123237,0.57422036,0.5750509,0.504050076007843,0.8806775960922241,0.5709999203681946,0.8806775960922241,0.022,22.0,0.3852165044950241,0.3849993840354122,0.3889051228446467,0.32360604840840235,0.34821062135277875,0.32929519119093104,0.35482660335107036,0.36138312949534285,0.35456182144018156,-0.015622567604951754,-0.016005746932590006,-0.019472416424962988,-0.022348286173960077,-0.01942431344847933,-0.02103084701781295,-0.019506209471248363,-0.01769422107573686,-0.018798100645232255,0.553,0.57090914,0.52131784,0.5506579,0.5792683,0.57559055,0.576378,0.6393939,0.4936499297618866,0.8278109564781189,0.6019001007080078,0.8278109564781189,0.02,20.0,0.45151109358274366,0.441925297281905,0.45103414904394046,0.44213013226213077,0.43178539816395217,0.43554490400553236,0.49643132719188954,0.490975295261638,0.4843833053728801,-0.00893357871390688,-0.010106848440329014,-0.009032712642108046,-0.005737448300442077,-0.0005283412148258556,-0.006637026109269125,0.0007491116156338733,0.0014784137287762894,-0.0005008138226009496,0.6358871,0.62567574,0.74781024,0.55,0.53008133,0.60394734,0.53373986,0.57956207,0.4988500028848648,0.8542442762851714,0.5864500105381012,0.8542442762851714,0.020999999999999998,21.0,0.4183637990388839,0.4134623406586586,0.4199696359442936,0.3828680903352666,0.38999800975836546,0.38242004759823167,0.42562896527148,0.42617921237849044,0.41947256340653083,-0.012278073159429317,-0.01305629768645951,-0.014252564533535517,-0.014042867237201077,-0.009976327331652593,-0.013833936563541038,-0.009378548927807245,-0.008107903673480285,-0.009649457233916602,0.59444356,0.59829247,0.63456404,0.55032897,0.5546748,0.58976895,0.55505896,0.609478,2026-10-06T13:27:28.318434
9,0.5995778441429138,0.4997272491455078,0.821257898235321,0.5998074412345886,0.821257898235321,0.8224299795150757,0.9058745491981506,2.1387180479049683,0.16342648577690125,2.9231361572265624,1.9744614311218263,1.0,10.0,,,,,0.36638035564422605,0.36638035564422605,,,,18.184732586669924,0.47788850666516147,0.04247233607646102,,0.058717539783116356,0.8944316675328905,0.2642242755195138,0.0013081532030642198,0.04811608347638398,2.49632333456331,,0.0012094087428899014,,76.97477357706447,19.44029357327018,,104.55837405259442,76.94608496404757,25.87039519874913,94.43423423038166,39.1152141352368,18.18470970688352,,0.6802548078974341,,0.040018978344786696,0.11916248334251392,,0.05267344234855312,0.03393821197615308,0.08864474847058582,0.0013111447945094792,0.17583700549450648,0.06971661058390975,,,,0.1339,2678.0,0.6103248,0.6036448,0.6702853,0.613981,0.5655568,0.58098996,0.58307004,0.5697963,0.49765005707740784,0.871391749382019,0.568850040435791,0.871391749382019,0.02,20.0,0.37162557081780484,0.36973884660032447,0.37926729412389193,0.3484672070743444,0.35173521956537174,0.3526979310693144,0.383050543587135,0.38897098816332126,0.38797324729291366,0.004100938581639834,-0.00026144979108530487,0.0023851367049446738,0.006243575391687014,0.002207300455755683,0.002397967791605914,0.018162897131559587,0.018015828481747084,0.014525378561882058,0.55050004,0.5854546,0.56860465,0.5404605,0.5402439,0.58346456,0.55944884,0.62348485,0.5024500489234924,0.8142575707435608,0.5990500450134277,0.8142575707435608,0.02,20.0,0.4474731044123676,0.44533177264251594,0.4517297719211222,0.45166921872713095,0.44849123660444606,0.45287874226961033,0.5097232446300137,0.5134739362610311,0.5081107854833153,-0.004858465745351746,-0.006143882071202349,-0.007817049088199376,0.0021982448514756346,0.00963575926281738,-0.002010677715460535,0.001649752273948257,0.0026004949079667656,-0.003474588533884573,0.63508064,0.6310811,0.7726277,0.5347328,0.5199187,0.5986842,0.5142276,0.5759124,0.5000500530004501,0.8428246600627899,0.5839500427246094,0.8428246600627899,0.02,20.0,0.4095493376150862,0.4075353096214202,0.41549853302250706,0.4000682129007377,0.4001132280849089,0.40278833666946234,0.44638689410857435,0.4512224622121762,0.4480420163881145,-0.00037876358185595605,-0.0032026659311438273,-0.0027159561916273514,0.0042209101215813245,0.005921529859286531,0.00019364503807268942,0.009906324702753922,0.010308161694856925,0.005525395013998743,0.59279037,0.60826784,0.67061615,0.5375967,0.5300813,0.59107435,0.53683823,0.59969866,2026-10-06T13:31:37.120397
10,0.6006428003311157,0.5021427273750305,0.8157077117919922,0.601224958896637,0.8157077117919922,0.8121362407684326,0.894437059211731,2.0409374795913697,0.1466247227549553,2.7673880115509033,1.999882038116455,1.0,10.0,,,,,0.36300341019630433,0.36300341019630433,,,,18.158989990234375,0.5420112990222539,0.04792583065558296,,0.0668901201948571,0.9194784853488777,0.23415529495401746,0.001289503804221156,0.0449468740351071,1.9108728310864442,,0.0016161215725257715,,76.93777217986478,19.414550708357694,,104.55091605216835,76.90883840573062,25.837930144777722,94.43465112576818,39.09643834108,18.158967473704344,,0.6930884677133743,,0.04096869948753126,0.12168990730480024,,0.053812761168191385,0.036151667214502956,0.09245472254267165,0.0013904565578967238,0.18156814708071908,0.07299833398336059,,,,0.1503,3006.0,0.6018043,0.59911394,0.6705626,0.61617297,0.57328665,0.5841818,0.59833944,0.56537676,0.5010500550270081,0.8770701956748962,0.5665500164031982,0.8770701956748962,0.028,28.0,0.39973873027772844,0.3947515730496473,0.4016540902628099,0.39484884198959674,0.4190003248296682,0.40462150430284866,0.42168996776703194,0.42693210978683144,0.4224895675692274,0.004089091700980006,0.0037778080885294846,0.005923241304423506,0.01140070518767202,0.006914159637396341,0.008788174726560323,0.004307994624735313,0.006448490856891484,0.003999151489542124,0.55050004,0.5763636,0.54341084,0.5467105,0.56382114,0.57952756,0.55944884,0.6128788,0.49720001220703125,0.8273217864036561,0.5924000144004822,0.8273217864036561,0.029,29.0,0.43605593266067577,0.4292969779337442,0.43874783744482015,0.4614615510050404,0.45480749489704936,0.45519079441449123,0.4592392511626645,0.4607396557818615,0.45990359658694696,-0.011366203254447151,-0.011074578976017503,-0.012484999889409164,-0.011162696008358052,-0.0074509537801260095,-0.014337424326949084,-0.009974772450160131,-0.00954449393103274,-0.011637124593086304,0.6169355,0.6166666,0.7434307,0.55,0.51544714,0.5890351,0.5252032,0.57226276,0.49912503361701965,0.8521959910392761,0.5794750154018402,0.8521959910392761,0.0285,28.5,0.4178973314692021,0.41202427549169574,0.420200963853815,0.4281551964973186,0.4369039098633588,0.42990614935866994,0.4404646094648482,0.4438358827843465,0.4411965820780872,-0.0036385557767335723,-0.003648385443744009,-0.0032808792924928294,0.00011900458965698451,-0.00026839707136483426,-0.00277462480019438,-0.002833388912712409,-0.0015480015370706278,-0.00381898655177209,0.58371776,0.5965151,0.64342076,0.5483552,0.5396341,0.5842813,0.54232603,0.5925708,2026-10-06T13:35:46.289238
11,0.6015428304672241,0.4989822208881378,0.8173038910865784,0.6010321974754333,0.8173038910865784,0.8321888650894165,0.9167177554130554,2.3003223184585573,0.17677984186410903,3.3686200717926025,1.9968332019805908,1.0,10.0,,,,,0.39626551990509035,0.39626551990509035,,,,18.133566369628905,0.9647213550415009,0.07022033087541438,,0.08521779763043687,0.9504323857984726,0.2667882022489408,0.0015998950593653996,0.052750962715192584,2.5483430325984955,,0.0018653307094499707,,76.90014740767752,19.392015056245647,,104.54902624628346,76.87171863142852,25.80508209034136,94.43444654136707,39.077821865203276,18.13354783756718,,0.6915325131385949,,0.041947092718569334,0.12430605766879525,,0.05634908406597793,0.038393879344888554,0.09649251126180029,0.0015207032278583498,0.18724075396349477,0.07677801499131379,,,,0.14445,2889.0,0.5984162,0.5991945,0.6707409,0.62458533,0.573014,0.574,0.59645605,0.5707536,0.5057500600814819,0.8575793495178222,0.5745499730110168,0.8575793495178222,0.023,23.0,0.31404460471188594,0.3118765214675125,0.3192098647251749,0.3023520136197361,0.2884204595338103,0.30181116801068153,0.31369577048183167,0.31523287682779033,0.30328702442678324,-0.02552741915834436,-0.023834192872613832,-0.02297530038526855,-0.028624867790780648,-0.030088706635063408,-0.027357164603089644,-0.0233936790054079,-0.02238796507829137,-0.028940068171555765,0.557,0.59136367,0.5790698,0.53848684,0.54430896,0.59960634,0.55472445,0.63409096,0.5032999515533447,0.7989255857467651,0.6049500107765198,0.7989255857467651,0.021,21.0,0.40895399937445764,0.40943141085429385,0.41652740310680636,0.44455425014541433,0.45193832091952085,0.4521586397764575,0.4102982970229876,0.41413391999215926,0.4121086764268704,-0.011403513445752671,-0.01306033563704556,-0.012104089746084347,-0.0073262146268572815,-0.012936291340676311,-0.009456022850147341,-0.005667898198635315,-0.006780560539742929,-0.0076304501712658,0.6391129,0.6441441,0.770073,0.54503816,0.5235773,0.6030702,0.5231707,0.5824818,0.5045250058174133,0.8282524676322937,0.5897499918937683,0.8282524676322937,0.022,22.0,0.3614993020431718,0.36065396616090317,0.3678686339159906,0.37345313188257523,0.3701793902266656,0.37698490389356953,0.36199703375240966,0.36468339840997477,0.3576978504268268,-0.018465466302048518,-0.018447264254829697,-0.017539695065676448,-0.017975541208818963,-0.02151249898786986,-0.018406593726618493,-0.014530788602021607,-0.014584262809017149,-0.018285259171410783,0.59805644,0.61775386,0.6745714,0.5417625,0.5339431,0.60133827,0.5389476,0.6082864,2026-10-06T13:39:55.523782
12,0.6028451323509216,0.5029925107955933,0.8132077795982361,0.6035273671150208,0.8132077795982361,0.8266862228393554,0.9106037104606628,2.2239267709732053,0.16461010558605194,3.2072497776031494,1.9915494785308838,1.0,10.0,,,,,0.36284195017814636,0.36284195017814636,,,,18.10661872558594,0.9077648670667675,0.07062967471588569,,0.08626387606724907,0.9893296163552886,0.25273770687116937,0.0012881736179137496,0.04141985905018582,3.3230613811760192,,0.001515845052282857,,76.8636956184533,19.37306890062466,,104.54339099082218,76.8354295378278,25.773882714046795,94.43218435299625,39.085497594942716,18.106595859406102,,0.6889061160907624,,0.042596385499854,0.12753774814165322,,0.05797485898064959,0.04044494749444306,0.10043766112274426,0.0016388676424398069,0.1960266671932427,0.07905099113845522,,,,0.13505,2701.0,0.6032478,0.59756345,0.67240494,0.62462485,0.5724299,0.58123237,0.6030174,0.57279027,0.5018500089645386,0.849316285610199,0.5824500322341919,0.849316285610199,0.022,22.0,0.36161113377447046,0.35647734524714925,0.3559950819997196,0.40309168545015134,0.4001711377836691,0.3961615802482969,0.412699791642356,0.4093745783039162,0.3987284364698594,-0.008623480602490848,-0.011879808171688398,-0.012818734118832852,-0.018350041206775757,-0.022014400268250675,-0.022575506395023686,-0.016442203583594966,-0.02111460128850686,-0.023311127545077734,0.589,0.5940909,0.55813956,0.55921054,0.57886183,0.5744095,0.56968504,0.6416667,0.50409996509552,0.8234505376815796,0.5968499779701233,0.8234505376815796,0.022,22.0,0.40451759066217163,0.40129641750104617,0.4058355174451548,0.446676117158578,0.4524187068010416,0.4494373892120595,0.3974845512723538,0.39743955738826614,0.3927484812772014,-0.007189840740875682,-0.00729145729849541,-0.006982142206637655,-0.007359477605491153,-0.006079938913780218,-0.006784172102792673,-0.006828101448126055,-0.006361413426975911,-0.007040464988852518,0.6270161,0.6126126,0.7324817,0.57022905,0.51788616,0.5995614,0.5333333,0.57226276,0.5029749870300293,0.8363834116458893,0.5896500051021576,0.8363834116458893,0.022,22.0,0.3830643622183211,0.3788868813740977,0.3809152997224372,0.4248839013043647,0.4262949222923553,0.4227994847301782,0.4050921714573549,0.40340706784609115,0.39573845887353043,-0.007906660671683266,-0.009585632735091904,-0.009900438162735253,-0.012854759406133455,-0.014047169591015447,-0.014679839248908179,-0.01163515251586051,-0.013738007357741385,-0.015175796266965125,0.608008,0.6033517,0.64531064,0.5647198,0.548374,0.58698547,0.55150914,0.6069647,2026-10-06T13:44:04.316837
13,0.6037399768829346,0.49871230125427246,0.8114543688774108,0.6042375564575195,0.8114543688774108,0.812580719089508,0.8949309309959411,2.0650414337158205,0.14270401166677474,3.1820034896850586,1.998924195098877,1.0,10.0,,,,,0.37087487053871154,0.37087487053871154,,,,18.076279187011718,0.7201282849452298,0.06450050387080687,,0.08271732833236456,1.0132441414389641,0.24368697589939567,0.0016306484068794307,0.05240683137753587,2.601708310235078,,0.0017677490752109528,,76.82570512127724,19.355690391200362,,104.54099677019059,76.79862771975766,25.74363589438663,94.43293261679874,39.061905466067564,18.07625787577052,,0.6926110614636901,,0.043233631617704014,0.13203084155632433,,0.0599357545328368,0.04264244180955705,0.10413388067939479,0.00181524292046833,0.2005988071868374,0.07992241379751522,,,,0.15325,3065.0,0.60028064,0.59462345,0.6696712,0.62812006,0.5784073,0.5828283,0.6073309,0.57156825,0.5065000057220459,0.8686932353973389,0.5725999474525452,0.8686932353973389,0.025,25.0,0.3669762324952396,0.3592211622429492,0.3559855820770165,0.4022020290959932,0.4078332743385497,0.39184271276485144,0.4349632623664073,0.42619231502347427,0.42419329019319363,-0.006878758847115572,-0.002971053182163811,-0.0023090402756914216,-0.007215163981519644,-0.0038127005118083605,0.00029409182058545165,-0.0011959589237148724,0.004338373117599867,0.005632384375181048,0.575,0.60727274,0.54612404,0.5407895,0.5682927,0.56692916,0.5456693,0.6397728,0.4995499551296234,0.8202672772407532,0.5970499515533447,0.8202672772407532,0.023,23.0,0.40123841168177077,0.3969022065687126,0.4009655937282637,0.4235429163883324,0.42674768520680245,0.4235837172331822,0.4174091858392601,0.4136548891812688,0.41514020635338994,-0.01288594750237906,-0.015515053589076266,-0.015344406026820868,-0.002925975687489424,-0.0032457972582677777,-0.007328052992718659,-0.011406969286059002,-0.014359950243147452,-0.014763457059647461,0.6330645,0.6126126,0.7423358,0.5618321,0.51747966,0.59122807,0.5243902,0.5817519,0.5030249804258347,0.8444802563190461,0.584824949502945,0.8444802563190461,0.024,24.0,0.3841073220885052,0.3780616844058309,0.37847558790264013,0.41287247274216277,0.4172904797726761,0.4077132149990168,0.4261862241028337,0.41992360210237156,0.41966674827329176,-0.009882353174747316,-0.009243053385620039,-0.008826723151256145,-0.005070569834504534,-0.0035292488850380693,-0.0035169805860666035,-0.006301464104886937,-0.005010788562773792,-0.004565536342233206,0.6040323,0.6099427,0.6442299,0.5513108,0.54288614,0.5790786,0.53502977,0.61076236,2026-10-06T13:48:13.156280
14,0.6032750010490417,0.5013100504875183,0.8106669511795044,0.6035824418067932,0.8106669511795044,0.8344998714447022,0.9192855389595032,2.4021656688690185,0.18631492973566055,3.564168089675903,1.9978692920684815,1.0,10.0,,,,,0.37962839846611024,0.37962839846611024,,,,18.047135501098634,1.1168557644886956,0.09517525262822202,,0.10382928662476645,1.0195205600778008,0.20556810365361014,0.001320366450521656,0.04154244247990049,2.446456453412961,,0.00257098797566382,,76.78979254072638,19.335878590869296,,104.53884192788676,76.76244738147517,25.712179269000984,94.4305103083325,39.0513296916986,18.04711149908175,,0.692078869054272,,0.04449799179935911,0.13533769880130792,,0.06209517640482848,0.04475000775923395,0.10757032145929944,0.0020052471752782727,0.2067299336194992,0.08158648896748853,,,,0.13035,2607.0,0.59969926,0.58971006,0.662084,0.6394945,0.5747274,0.5857778,0.60453624,0.57154787,0.5006999373435974,0.8579396004676819,0.5800999999046326,0.8579396004676819,0.02,20.0,0.34777158086560317,0.34147491840909777,0.34059308233852276,0.360065371836594,0.3484313071077083,0.35133651588194437,0.3398329634525068,0.3406919192634319,0.33163497322711316,-0.0070546898326332465,-0.006763193849164534,-0.011004490790645896,-0.002262148760344986,-0.0075115414199689945,-0.010590507816183752,0.003477808567084483,0.0016918652159661012,0.000256190077097147,0.5625,0.5736364,0.5271318,0.5588816,0.6052846,0.58543307,0.588189,0.6386364,0.4923499524593353,0.8138273015022278,0.6040000319480896,0.8138273015022278,0.02,20.0,0.38899451643749583,0.38199423047168685,0.3906564130069397,0.441058500971623,0.4487178977707865,0.44380185963863855,0.37949543205483816,0.3759600119586798,0.37914896858255204,-0.003585643519264339,-0.0039593263173907335,-0.003811419660966542,-0.003361683937021715,-0.003101312394888191,-0.003787235144042732,-0.007088519772408855,-0.007001155051216164,-0.006309735202208405,0.61854845,0.61216223,0.7441606,0.5721374,0.54227644,0.5986842,0.55203253,0.5810219,0.49652494490146637,0.8358834509849549,0.5920500159263611,0.8358834509849549,0.02,20.0,0.36838304865154947,0.3617345744403923,0.36562474767273123,0.40056193640410853,0.3985746024392474,0.3975691877602915,0.3596641977536725,0.35832596561105584,0.3553919709048326,-0.005320166675948793,-0.0053612600832776336,-0.007407955225806219,-0.0028119163486833507,-0.005306426907428593,-0.007188871480113242,-0.0018053556026621862,-0.002654644917625032,-0.003026772562555629,0.5905242,0.5928993,0.6356462,0.5655095,0.57378054,0.59205866,0.5701108,0.6098292,2026-10-06T13:52:21.721062
15,0.6060275435447693,0.4988476634025574,0.8073079467773437,0.605725109577179,0.8073079467773437,0.8460384585380554,0.9321061905860901,2.530980256652832,0.18777534568309784,3.7910503181457518,1.9995025367736816,1.0,10.0,,,,,0.3888545419216156,0.3888545419216156,,,,18.018589907836915,1.2911785999728236,0.12183768437155018,,0.10884858864792593,1.0768642277474616,0.21904293352821072,0.0013899887996506254,0.04264885306975264,2.5463281505426782,,0.0019483734210500802,,76.75618345418553,19.32742818601572,,104.54259228554501,76.72605249684328,25.678848132965673,94.4275065622512,39.05458948414797,18.01856326449449,,0.692894015722214,,0.04630692673336928,0.14275080648956784,,0.06538800188120764,0.04672249883508227,0.11040681088046664,0.0019988190541399796,0.21419851500896891,0.08339191678982631,,,,0.12555,2511.0,0.600421,0.58677006,0.66095483,0.64018565,0.5868964,0.5822424,0.60680443,0.5802444,0.5084999799728394,0.8324905667304993,0.5874501466751099,0.8324905667304993,0.019,19.0,0.2681528564944405,0.2720443128330932,0.2663521105163842,0.303968670204471,0.32066137143630347,0.30600162589584656,0.30642104092219935,0.3117319655248643,0.3045215991654333,-0.019777189292137443,-0.017873288396716803,-0.018780767338172556,-0.016544131441536842,-0.01544070606150959,-0.013294316627163813,-0.01699907055487699,-0.0143197993936731,-0.01746982402869359,0.59550005,0.61136365,0.551938,0.57335526,0.6,0.5531496,0.584252,0.6367425,0.49995002150535583,0.8353069257736206,0.5885000228881836,0.8353069257736206,0.018,18.0,0.3648029626674771,0.3646067360694151,0.36614834373270666,0.4028802373083859,0.4039694219747979,0.4041313990695255,0.35268561229862366,0.3571237419009386,0.3582565688886082,-0.006308111889962721,-0.007543132594191238,-0.008725340325105538,-0.005694389828363638,-0.007634339900501052,-0.008871869372682603,-0.004549826782478598,-0.00603517882633754,-0.006585743273430247,0.6024194,0.5833333,0.68868613,0.5870229,0.5304878,0.5842105,0.54471546,0.57627743,0.5042250007390976,0.83389874625206,0.5879750847816467,0.83389874625206,0.0185,18.5,0.3164779095809588,0.31832552445125417,0.3162502271245454,0.35342445375642845,0.3623153967055507,0.35506651248268606,0.3295533266104115,0.33442785371290146,0.3313890840270207,-0.013042650591050082,-0.01270821049545402,-0.013753053831639047,-0.01111926063495024,-0.01153752298100532,-0.011083092999923208,-0.010774448668677794,-0.01017748911000532,-0.01202778365106192,0.5989597,0.59734845,0.6203121,0.5801891,0.5652439,0.56868005,0.56448376,0.6065099,2026-10-06T13:56:30.018377
16,0.6072925925254822,0.49872466921806335,0.802886351776123,0.6075748205184937,0.802886351776123,0.8384559049606323,0.9236811347007752,2.4505079219818113,0.17220897052288056,4.071504522323608,1.9994978750228882,1.0,10.0,,,,,0.43727800912857057,0.43727800912857057,,,,17.987566693115234,1.298185344103273,0.08646638609118949,,0.08118293789559441,1.0995417783974082,0.2141937222450402,0.0012526969126185439,0.03889480596230288,3.000944539619859,,0.0014622291902901018,,76.71975450455004,19.313584358069548,,104.53739122524382,76.68955080068795,25.6458981021954,94.4273636933345,39.03087479901162,17.98754230426375,,0.6928971257938701,,0.04757559088290118,0.14847467982085646,,0.06676674619981438,0.048676831137602496,0.11310603094708388,0.0021204182323495482,0.21833836396408687,0.0841780669844834,,,,0.1312,2624.0,0.5942462,0.58127266,0.6570523,0.6538902,0.58403426,0.5906869,0.62227625,0.5759471,0.5080500245094299,0.8603384337425232,0.5753999948501587,0.8603384337425232,0.025,25.0,0.18891995988217375,0.18094245599106978,0.18711388667324777,0.20380799739872973,0.19567130174003058,0.1987998202024955,0.17678567986404392,0.1637020060278349,0.17012181111490593,-0.023343003884837153,-0.02306158721067069,-0.021333635389035214,-0.01686747037943875,-0.013581863037223363,-0.012661168798801607,-0.02828500123516261,-0.0274073845502433,-0.026781861091166287,0.5655,0.5740909,0.5496124,0.5569079,0.59105694,0.56732285,0.57401574,0.625,0.5064499974250793,0.813660445690155,0.5989998579025269,0.813660445690155,0.023,23.0,0.31471967870287954,0.3116961566901989,0.31539428725617596,0.3558320638585208,0.3726315612375065,0.3551441959593748,0.29871851488359824,0.29102533803413544,0.29827019740332955,-0.0016569536373021534,-0.0027134123821949377,-0.0032267565686916835,-0.0018649364416229277,0.002648071717091528,-0.004120755718804101,-0.0024258691362118476,-0.0035564619100747303,-0.00451108183540999,0.61653227,0.6238739,0.7364964,0.5625954,0.53414637,0.5982457,0.5398374,0.57226276,0.5072500109672546,0.8369994397163392,0.5871999263763428,0.8369994397163392,0.024,24.0,0.2518198192925266,0.24631930634063434,0.25125408696471185,0.27982003062862526,0.28415143148876854,0.27697200808093514,0.23775209737382108,0.22736367203098518,0.23419600425911774,-0.012499978761069654,-0.012887499796432814,-0.01228019597886345,-0.009366203410530839,-0.005466895660065917,-0.008390962258802854,-0.015355435185687228,-0.015481923230159015,-0.01564647146328814,0.5910162,0.5989824,0.64305437,0.55975163,0.5626017,0.5827843,0.5569266,0.5986314,2026-10-06T14:00:38.846265
17,0.6066973209381104,0.5003101825714111,0.8020159770011902,0.6073750853538513,0.8020159770011902,0.8253889832496643,0.9091623326301574,2.339875277709961,0.1827861200094223,3.96394328956604,1.974343003463745,1.0,10.0,,,,,0.4244410099029541,0.4244410099029541,,,,17.9572025970459,1.1520819956685897,0.09056878880787475,,0.09000414957894474,1.1743745513402732,0.20369707078785654,0.0016147058781912657,0.04818740151941207,1.7974736094474792,,0.0017638603187533938,,76.68245706740458,19.29680211984428,,104.5369321009156,76.65277741061654,25.61227933312677,94.42397011920905,39.01824244116522,17.957180509142056,,0.6802457605197931,,0.04825313087956161,0.15262256344412542,,0.06886535935151349,0.05039805617586822,0.11548474397818753,0.002162727426476539,0.22374025034676692,0.08546097367812114,,,,0.14545,2909.0,0.60485166,0.5898913,0.6567948,0.6488152,0.58140576,0.58927274,0.61243415,0.5743992,0.49429988861083984,0.8538848109245301,0.5786499977111816,0.8538848109245301,0.021,21.0,0.3424199529847032,0.3381560980186983,0.3463777940933026,0.3523592812417242,0.3490419274323316,0.3458634865340312,0.32568524717381153,0.31665385280403135,0.323715501981449,-0.01846026854686655,-0.018820098815452675,-0.01642609254811372,-0.01533245128692893,-0.010352803042005337,-0.01247637636530883,-0.015732957159292345,-0.019487144251882242,-0.01598978055838317,0.552,0.58090913,0.5271318,0.5661184,0.6089431,0.57716537,0.5830709,0.6306818,0.5009499788284302,0.8183162803649903,0.6004999876022339,0.8183162803649903,0.019,19.0,0.38727177161032206,0.3849259410408853,0.38980544207836376,0.42713373717426395,0.4271649316616164,0.4316589439530375,0.34885693730195144,0.34660522120059245,0.3493538173315774,0.004558390147715909,0.004108397685499148,0.003923796281166992,0.00238665320294973,0.0027058498939209323,0.0024596159717695243,0.005641075871658361,0.005094675511117244,0.003912124668740943,0.6189516,0.60900897,0.7208029,0.58816797,0.54105693,0.5995614,0.55447155,0.56386864,0.497624933719635,0.8361005456447601,0.5895749926567078,0.8361005456447601,0.02,20.0,0.3648458622975126,0.3615410195297918,0.3680916180858332,0.3897465092079941,0.38810342954697397,0.38876121524353435,0.3372710922378815,0.3316295370023119,0.3365346596565132,-0.006950939199575321,-0.007355850564976764,-0.006251148133473364,-0.0064728990419896,-0.003823476574042203,-0.005008380196769652,-0.005045940643816992,-0.007196234370382499,-0.006038827944821114,0.5854758,0.594959,0.62396735,0.5771432,0.57500005,0.5883634,0.56877124,0.59727526,2026-10-06T14:04:47.898980
18,0.6100525259971619,0.4985648989677429,0.7949283400535584,0.6104273200035095,0.7949283400535584,0.8293118014335632,0.9135210153579711,2.4435677085876466,0.19653660383224486,3.915830573272705,1.9854316347122192,1.0,10.0,,,,,0.45005203399658206,0.45005203399658206,,,,17.926984298706056,0.6870239084693277,0.05913070168725814,,0.05610996204766498,1.1487496745814183,0.1897761031131076,0.001265516369692554,0.03712248820574231,2.578349200783262,,0.0013080947812028217,,76.645097428826,19.274288602695343,,104.53321187207654,76.6155917902661,25.578049653654645,94.42029032130151,39.02914027803263,17.92696157078834,,0.6858461787746211,,0.048962042613583764,0.15475267646419014,,0.06995758964757251,0.05194940683758183,0.1181337016688031,0.0022059619637312972,0.23162164515370776,0.08690399116581413,,,,0.14775,2955.0,0.5954691,0.5970802,0.66279715,0.6592022,0.59110206,0.58602023,0.6201296,0.57004076,0.49344995617866516,0.8527737894058227,0.581250011920929,0.8527737894058227,0.022,22.0,0.4192218323383947,0.40809218140230075,0.420315552651299,0.40855143088917667,0.39716275858861294,0.40000310581579207,0.3901776273207753,0.3957109665253453,0.39141995408956315,0.0043592131854668726,0.008015132608826175,0.006425364870537402,0.0009893416222682397,0.007013966329035742,0.008285922458961,0.0028695800822632314,0.006735764471526826,0.0034241361587763236,0.546,0.5804546,0.53294575,0.5779605,0.61422765,0.57952756,0.5862205,0.6257576,0.4996999204158783,0.8133405470848083,0.6037499308586121,0.8133405470848083,0.023,23.0,0.46498651282820264,0.456856854431451,0.4681780282873568,0.4759313831818304,0.45466821814760483,0.478764874758239,0.4481332032452788,0.45054895013857543,0.4448057144966857,-0.005051992336208555,-0.004430874856298183,-0.005049457090350327,-0.00904651036549167,-0.006509973906848652,-0.009665672842995328,-0.005595813017236288,-0.00652033372414258,-0.00658700522657598,0.61290324,0.61621624,0.73284674,0.5874046,0.5365854,0.6,0.55,0.5835767,0.49657493829727173,0.8330571682453155,0.5924999713897705,0.8330571682453155,0.0225,22.5,0.4421041725832987,0.43247451791687586,0.4442467904693279,0.4422414070355035,0.4259154883681089,0.4393839902870155,0.419155415283027,0.4231299583319604,0.4181128342931244,-0.00034638957537084115,0.0017921288762639959,0.0006879538900935373,-0.004028584371611715,0.000251996211093545,-0.0006898751920171638,-0.0013631164674865282,0.00010771537369212323,-0.0015814345338998283,0.5794516,0.5983354,0.63289624,0.58268255,0.57540655,0.58976376,0.5681102,0.6046671,2026-10-06T14:08:57.075660
19,0.6079626679420471,0.500450074672699,0.7973763261795044,0.6088081002235413,0.7973763261795044,0.8219217737197876,0.9053098773002625,2.4254326406478883,0.20166650516986848,3.9434842403411867,1.9962306190490722,1.0,10.0,,,,,0.4758946420669556,0.4758946420669556,,,,17.89755712890625,0.8073914914991066,0.06642339074580818,,0.06979639020861145,1.174602521452934,0.18960194785598736,0.0015899289848363015,0.04657095641633318,2.1602316963824495,,0.0015548933240161263,,76.6071962976152,19.24746294689786,,104.5301054450357,76.57887297223328,25.543645810169778,94.41810389233243,39.00462278135263,17.897534425091592,,0.6912192774426406,,0.04945426756978794,0.15552167157838298,,0.07147150391795833,0.053414615381295515,0.12054152981301022,0.002232523363641208,0.23548774971703815,0.08867453750531384,,,,0.15835,3167.0,0.59214115,0.5893073,0.6581814,0.6617496,0.5837617,0.58745456,0.61996764,0.5765988,0.5039499402046204,0.8532892313003541,0.5777498483657837,0.8532892313003541,0.024,24.0,0.36769763302276515,0.3725527961682921,0.37522857123411124,0.37672360561371265,0.39251662530855086,0.3869459891436339,0.3868042315870801,0.39975741772991047,0.3993970161680586,0.012394783145948522,0.01220766637240656,0.013769237777695403,0.010859025482812017,0.00870381726719649,0.009339850745950246,0.004686629176953441,0.0028513816547036403,0.005630246153925769,0.5465,0.5790909,0.53294575,0.56480265,0.6073171,0.58740157,0.58582675,0.61439395,0.514549970626831,0.80088587474823,0.6065499186515808,0.80088587474823,0.023,23.0,0.3965117238159275,0.39861593437760223,0.40155559472937574,0.46061207173288304,0.46703305284010765,0.46343267869161814,0.3957158730209625,0.39972516794679114,0.3939167797977776,-0.01306796013629391,-0.014805461571681373,-0.013991658804332402,-0.014264874607263701,-0.01664423414039451,-0.014437803059521716,-0.0159799526805622,-0.017432393224297814,-0.01806566886175888,0.62419355,0.6288289,0.73868614,0.5900764,0.5353658,0.602193,0.5504065,0.5740876,0.5092499554157257,0.827087553024292,0.5921498835086823,0.827087553024292,0.0235,23.5,0.3821046784193463,0.38558436527294715,0.3883920829817435,0.4186678386732978,0.42977483907432923,0.42518933391762603,0.3912600523040213,0.3997412928383508,0.39665689798291814,-0.00033658849517269416,-0.0012988975996374068,-0.0001112105133184993,-0.001702924562225842,-0.00397020843659901,-0.002548976156785735,-0.005646661751804379,-0.007290505784797087,-0.006217711353916555,0.5853468,0.6039599,0.635816,0.57743955,0.57134145,0.59479725,0.56811666,0.5942408,2026-10-06T14:13:05.626123
20,0.609572172164917,0.49692007899284363,0.7962927731513977,0.6100146770477295,0.7962927731513977,0.8113930456161499,0.8936112923622131,2.3982924339294436,0.18199385905265808,4.51769548034668,1.9910643468856812,1.0,10.0,,,,,0.5432220553398133,0.5432220553398133,,,,17.868358294677734,0.3280149712968784,0.023828430312602622,,0.025510791383659952,1.138614498126279,0.18619353575691297,0.0012102071216232055,0.03517396382655308,2.807467464808446,,0.0008358506241217878,,76.56993875685771,19.221643107711888,,104.53476710228404,76.54216479647691,25.510492835075233,94.41564290234997,38.98544792612647,17.868339368492176,,0.688643795289811,,0.05026613505687683,0.15701426015158368,,0.07404571145203463,0.0547535395498868,0.1228300870224169,0.0023179431297596855,0.23969505727291107,0.09000761735780984,,,,0.1607,3214.0,0.5952686,0.59283125,0.67101824,0.6616311,0.5790693,0.5910101,0.6152491,0.5726884,0.49219998717308044,0.8480935525894165,0.5815998911857605,0.8480935525894165,0.025,25.0,0.35011810615585776,0.3494878924157625,0.35387768016076343,0.35625373071222555,0.3538886291074558,0.36099827763459647,0.3746129551010441,0.3671448191955832,0.37243213238596834,0.0014454127252049149,0.003683940760610062,0.00205221351482627,0.0025022813177548882,-0.0014711864428916522,0.00611009900529519,0.014559922513198752,0.01419358664053596,0.015503317355315243,0.551,0.5772727,0.51627904,0.57631576,0.64918697,0.57598424,0.56259847,0.63901514,0.5046499967575073,0.8055233664512634,0.6054999828338623,0.8055233664512634,0.025,25.0,0.4296067510466107,0.428231996212161,0.4323288502204545,0.46657726075082556,0.450099638192876,0.4656717731092391,0.4665549908653704,0.4942433044163671,0.46646379627633955,-0.0013321660118035129,-0.0003844770834283834,-0.0018274496139544104,-0.001524430774522947,0.002426736201244405,-0.0019478390296631752,0.00462908165180769,0.0013882672889691946,0.0026051225537643114,0.6157258,0.60990995,0.709854,0.6206107,0.53211385,0.604386,0.5682927,0.5740876,0.4984249919652939,0.82680845952034,0.5935499370098114,0.82680845952034,0.025,25.0,0.3898624286012342,0.38885994431396176,0.39310326519060895,0.4114154957315256,0.4019941336501659,0.4133350253719178,0.42058397298320727,0.43069406180597514,0.41944796433115394,5.662335670070099e-05,0.0016497318385908393,0.00011238195043592977,0.0004889252716159706,0.0004777748791763764,0.0020811299878160075,0.00959450208250322,0.007790926964752577,0.009054219954539778,0.58336294,0.59359133,0.61306655,0.59846324,0.59065044,0.5901851,0.56544554,0.6065514,2026-10-06T14:17:14.242681
21,0.6115902066230774,0.5009821057319641,0.7917618502616882,0.61183762550354,0.7917618502616882,0.8069219550132751,0.8886434119224549,2.369089744567871,0.17689309520721436,4.397960508346558,1.993149328804016,1.0,10.0,,,,,0.5190698526859283,0.5190698526859283,,,,17.83940385437012,0.34351273115937875,0.028645062632265555,,0.030405926853299712,1.2004265124630775,0.18339063300733355,0.0012408368492270612,0.034511643117827596,2.8351549844073642,,0.0012888186211984347,,76.53204948279509,19.1929387256598,,104.52616551879105,76.50519454858865,25.474624439409585,94.41353218418777,38.97802982208835,17.839382183779577,,0.6896732931683778,,0.05067124348252442,0.15754127711247487,,0.07467198514254988,0.05620181520178819,0.12490038554759542,0.002390057240037402,0.24499787712932392,0.09144581185214838,,,,0.16755,3351.0,0.59121895,0.59412,0.6534271,0.6758096,0.586507,0.5905657,0.62829083,0.5733605,0.5036999583244324,0.8536538138389588,0.581299901008606,0.8536538138389588,0.027,27.0,0.282304434136462,0.2833548569240177,0.28321793661002587,0.3226376798307139,0.31954653362727625,0.3076536100325474,0.30527324471586303,0.30109778820310545,0.308206030245951,-0.003386055913525453,-0.0053525446245944,-0.005247449095954167,-0.00782601975391785,-0.00888000460864364,-0.009079415750092799,-0.002780693989308084,-0.005430722181443147,-0.002633307259641822,0.554,0.5718182,0.52170545,0.57598686,0.646748,0.55944884,0.57559055,0.6397728,0.5030500292778015,0.8108084444999695,0.6044000387191772,0.8108084444999695,0.027,27.0,0.41151420197543714,0.4117421694520095,0.41428740308538553,0.4149782509961919,0.4125794601952942,0.418403371644818,0.4560753716579144,0.44318505377682405,0.4552724730023651,-0.007419357417701319,-0.007175182544357126,-0.008115032986625189,-0.005423809965345328,-0.0063176054201401115,-0.008422608817832801,-0.002822535921248142,-0.004022916111371238,-0.004799790972696617,0.6076613,0.60990995,0.7229927,0.60458016,0.53252035,0.58728075,0.5711382,0.5868613,0.5033749938011169,0.8322311291694642,0.5928499698638916,0.8322311291694642,0.027,27.0,0.3469093180559496,0.3475485131880136,0.3487526698477057,0.3688079654134529,0.3660629969112852,0.3630284908386827,0.38067430818688874,0.3721414209899647,0.38173925162415806,-0.005402706665613386,-0.006263863584475763,-0.0066812410412896775,-0.006624914859631589,-0.007598805014391875,-0.0087510122839628,-0.002801614955278113,-0.004726819146407192,-0.0037165491161692196,0.5808307,0.59086406,0.6223491,0.5902835,0.5896342,0.5733648,0.5733644,0.613317,2026-10-06T14:21:23.223826
22,0.611884593963623,0.49985232949256897,0.7901054752349853,0.6118425130844116,0.7901054752349853,0.8060299868583679,0.8876523403167724,2.2931804277420045,0.16193620673418044,4.308993099975586,1.9942860221862793,1.0,10.0,,,,,0.5088697098731995,0.5088697098731995,,,,17.80934765625,0.6008645262284453,0.0466544077728703,,0.04522702851255608,1.2230884459367983,0.1729095864827466,0.0015410163462425991,0.04361603328970018,1.7451859336749764,,0.0013054266519074115,,76.4949607120198,19.168503342160754,,104.51999946156884,76.4684128973894,25.439448544933537,94.41000832721686,38.963891314852766,17.809325272869913,,0.6902687747007722,,0.05136449691975952,0.15956461182825124,,0.07578689040272099,0.05755121652392825,0.12703423040687659,0.002551673795838075,0.2496472052328146,0.09299329710993798,,,,0.16825,3365.0,0.59508824,0.5968586,0.657191,0.669372,0.5875779,0.5917576,0.6236938,0.5717719,0.5031500458717346,0.8547409911155701,0.5787500143051147,0.8547409911155701,0.021,21.0,0.27343117749127316,0.2718138506849535,0.27199359902452563,0.30765015365214854,0.29608584964380724,0.29973998225475024,0.29452617017458044,0.29113722325790087,0.2935102561246519,-0.004720780976053724,-0.0037618823257997026,-0.006542793474004126,-0.0030214001945745475,-0.007358478160209979,-0.010034613972429005,-0.013091261887150403,-0.012639709862361324,-0.015259500513546983,0.555,0.59090906,0.551938,0.5595395,0.60040647,0.58543307,0.568504,0.6181818,0.4968999922275543,0.8130746431350708,0.6011000275611877,0.8130746431350708,0.02,20.0,0.3945972314200097,0.3973579445905879,0.39715069300793865,0.4452333659438624,0.4429377715372149,0.44379929532739676,0.40025395228064997,0.3988081938506897,0.39072628072313625,-0.0040138104395037386,-0.004337598411111087,-0.0053002605335909486,-0.005340948779710434,-0.004343555164813955,-0.007422180096377311,-0.004288520589589668,-0.003484330788119656,-0.007370254432146208,0.61491936,0.63198197,0.7343066,0.58244276,0.5313008,0.6,0.54268295,0.5642336,0.5000250190496445,0.8339078171253205,0.5899250209331512,0.8339078171253205,0.0205,20.5,0.33401420445564145,0.3345858976377707,0.33457214601623214,0.3764417597980055,0.3695118105905111,0.3717696387910735,0.3473900612276152,0.3449727085542953,0.3421182684238941,-0.004367295707778732,-0.004049740368455394,-0.005921527003797537,-0.004181174487142491,-0.005851016662511967,-0.008728397034403158,-0.008689891238370035,-0.00806202032524049,-0.011314877472846596,0.5849597,0.61144555,0.6431223,0.57099116,0.5658536,0.5927166,0.5555935,0.59120774,2026-10-06T14:25:32.065113
23,0.6108052730560303,0.5013774633407593,0.7903219361305237,0.6116350293159485,0.7903219361305237,0.8037135515213013,0.8850785228729248,2.2507498527526857,0.16867042742967606,4.232225085067749,1.9992741580963134,1.0,10.0,,,,,0.49141466355323793,0.49141466355323793,,,,17.780537646484376,0.5776410757617396,0.04838232018474703,,0.04243230336393188,1.2718065430404275,0.18268307326895417,0.0012910188702943551,0.036713528583288954,2.4146069386962115,,0.001268791383368506,,76.456885513986,19.1423389410517,,104.51338443634616,76.4316580705582,25.40452869682555,94.40804062375597,38.93244897635879,17.780514893258452,,0.6927840907102937,,0.051712692780479505,0.16070715674928798,,0.07688049805961597,0.05874121623339167,0.12921165670179258,0.002654102761417058,0.25254649246574207,0.09495312749010743,,,,0.16945,3389.0,0.58684844,0.5858639,0.6479398,0.6735782,0.5934385,0.5918384,0.63908464,0.57305497,0.49904999136924744,0.8943965063095093,0.5576499700546265,0.8943965063095093,0.026,26.0,0.26563628303234005,0.2743592221170412,0.26718537182891017,0.20180860929730762,0.24042932246712612,0.21100950607258506,0.2617525767190104,0.26123324602743003,0.2405782046713193,0.00024005063032048085,0.002094970344674288,-0.0019518442805972985,0.013555580754981169,0.016431286682728953,0.006622457355237211,0.0060231046233224644,0.007393902376393513,0.0012710314471727786,0.4825,0.53136367,0.50813955,0.5901316,0.66260165,0.5551181,0.5397638,0.5693182,0.49590003490448,0.8342814407348633,0.5866000652313232,0.8342814407348633,0.028,28.0,0.42610446334553886,0.42825430083691324,0.42767040330379746,0.4287184730048347,0.42862431845492044,0.41271141028427816,0.46018843921047603,0.45775102694250275,0.4493134538760574,-0.006413092483186801,-0.0071065978830872414,-0.007534549482300113,-0.013418146207399012,-0.012328163208354297,-0.011010178676543955,-0.009104755201397254,-0.008737945331191559,-0.010133423341879555,0.5846774,0.5837838,0.64562047,0.60305345,0.53170735,0.5758772,0.59268296,0.5686132,0.4974750131368637,0.8643389735221862,0.5721250176429749,0.8643389735221862,0.027,27.0,0.34587037318893943,0.35130676147697726,0.3474278875663538,0.31526354115107114,0.3345268204610233,0.3118604581784316,0.3609705079647432,0.35949213648496636,0.34494582927368833,-0.00308652092643316,-0.0025058137692064767,-0.0047431968814487056,6.871727379107861e-05,0.002051561737187328,-0.002193860660653372,-0.0015408252890373947,-0.0006720214773990232,-0.004431195947353388,0.5335887,0.55757374,0.57688,0.59659255,0.5971545,0.56549764,0.5662234,0.5689657,2026-10-06T14:29:40.971199
24,0.6082172989845276,0.497957319021225,0.7944630900382995,0.6085976958274841,0.7944630900382995,0.8188890253067017,0.9019401549339294,2.304928740310669,0.209024632191658,4.465907919311523,1.9981294971466064,1.0,10.0,,,,,0.5218200074672699,0.5218200074672699,,,,17.752513247680664,0.8224576260348794,0.0530240585357188,,0.052293835602297334,1.2330705261534187,0.15785060265356568,0.0014178543004939913,0.03959754819441943,2.358100008053385,,0.002472135565952905,,76.42069992745758,19.121206976046228,,104.5104636417073,76.39501559506556,25.37094146582731,94.40633994910368,38.89704975201066,17.75248781435049,,0.6922042487533229,,0.05306148149405315,0.16200245774475633,,0.07798575049942466,0.05989297175673163,0.13179519155602545,0.002801992160796075,0.2549884112397577,0.09714249213030383,,,,0.15585,3117.0,0.5823176,0.59202576,0.6388669,0.67584914,0.5890577,0.5850101,0.631531,0.5727292,0.49679994583129883,0.8578662447929383,0.5743000507354736,0.8578662447929383,0.021,21.0,0.2816514981486276,0.2824243984851735,0.28579933845485667,0.29396096850795356,0.2896656401659091,0.3001527675362938,0.2831044776340363,0.28336140134653465,0.28518853159554236,-0.009636876413221763,-0.010857746927553867,-0.012106889444004348,-0.010184329108153917,-0.016024813848289323,-0.015715779884488773,-0.00960825649694029,-0.009481408200288038,-0.01337835423123903,0.548,0.5659091,0.5124031,0.56875,0.6357724,0.56141734,0.5523622,0.6443182,0.5062500238418579,0.7912234616279602,0.6095499396324158,0.7912234616279602,0.022,22.0,0.37742015685772146,0.37745035755162115,0.38089409140239505,0.41012090598507456,0.42022940490468913,0.4185100742820001,0.37220066600995316,0.3691719878395472,0.36918377854459816,-0.010777506293317078,-0.012166135188000478,-0.011606601656150841,-0.0072633037561400365,-0.008145344551740225,-0.008016766587554878,-0.014013162958417974,-0.014955620766290999,-0.015586133331551177,0.6108871,0.61171174,0.7507299,0.59198475,0.53008133,0.6070176,0.5699187,0.5912409,0.5015249848365784,0.8245448532104492,0.5919249951839447,0.8245448532104492,0.0215,21.5,0.32953582750317456,0.3299373780183973,0.3333467149286259,0.3520409372465141,0.35494752253529915,0.35933142090914694,0.3276525718219947,0.3262666945930409,0.32718615507007026,-0.010207191353269422,-0.011511941057777173,-0.011856745550077595,-0.008723816432146977,-0.012085079200014774,-0.011866273236021825,-0.011810709727679131,-0.01221851448328952,-0.014482243781395104,0.5794436,0.58881044,0.6315665,0.5803674,0.58292687,0.5842174,0.5611404,0.61777955,2026-10-06T14:33:50.458385
25,0.6137547492980957,0.49883994460105896,0.7843927080154419,0.614097535610199,0.7843927080154419,0.8141435770034791,0.8966674378395081,2.117708427810669,0.1749594195127487,4.289808652877808,1.9881956573486328,1.0,10.0,,,,,0.5063651716709137,0.5063651716709137,,,,17.72366723022461,1.5345480251037011,0.10810918279383687,,0.10520800395281452,1.246956001801096,0.1656990275498788,0.00164919476018133,0.04108891132507165,1.9658705706049682,,0.002857301339234046,,76.38528729092543,19.105287734110643,,104.51319836659037,76.35834318513324,25.335681429334507,94.403911469089,38.948220562783014,17.72364302957134,,0.6871415911966069,,0.054011013287647514,0.16555892082915943,,0.0797318863640925,0.06096864214083951,0.1336924687122843,0.0031445000860484164,0.2655087698037457,0.09883923463191197,,,,0.15865,3173.0,0.5954892,0.5904148,0.65528923,0.680391,0.58934975,0.5896363,0.6338599,0.5769043,0.499349981546402,0.8493418579101563,0.580250084400177,0.8493418579101563,0.026,26.0,0.24945584337354446,0.24905854788812495,0.2606760016563168,0.262334348989343,0.26828728805263197,0.2723106378666711,0.23273284830850263,0.23091517842806739,0.2386191283353662,0.008686114474995793,0.008637785193937198,0.009207624799572045,-0.0012931019943674999,-0.004086952064034909,0.0003807532534306711,0.011008097116513921,0.011321496790463313,0.011419718400030065,0.545,0.5618182,0.5492248,0.56677634,0.63414633,0.57362205,0.57992125,0.6246213,0.505050003528595,0.8068142771720886,0.6024500131607056,0.8068142771720886,0.026,26.0,0.38113761711923994,0.38729912172213277,0.3883092151350691,0.4086859578184975,0.4436675538839327,0.42440010750832374,0.3690511322063353,0.367268444248438,0.37080916488258836,0.0074724792524995835,0.006975526538492861,0.00622053645693493,0.00657483007281576,0.008759240998439966,0.0060073489860380325,0.008670832756107683,0.007863352223601688,0.0062778492961635315,0.5983871,0.6198198,0.7251825,0.5996183,0.54268295,0.5938597,0.5581301,0.5726278,0.5021999925374985,0.8280780675411225,0.5913500487804413,0.8280780675411225,0.026,26.0,0.3152967302463922,0.3181788348051289,0.32449260839569294,0.3355101534039202,0.35597742096828233,0.3483553726874974,0.300891990257419,0.2990918113382527,0.3047141466089773,0.008079296863747688,0.007806655866215029,0.007714080628253487,0.0026408640392241297,0.0023361444672025285,0.0031940511197343516,0.009839464936310802,0.009592424507032501,0.008848783848096798,0.57169354,0.590819,0.63720363,0.58319736,0.58841467,0.58374083,0.56902564,0.5986245,2026-10-06T14:37:58.722664
26,0.6127623319625854,0.49900737404823303,0.7863562064170837,0.6134573817253113,0.7863562064170837,0.7984546285629273,0.8792352723121644,1.9183530630111694,0.18327837278842926,4.434847959899902,1.9761306177139282,1.0,10.0,,,,,0.4628304202079773,0.4628304202079773,,,,17.693990130615234,1.6446216223868215,0.11079549290696575,,0.08643075609194104,1.2836146806455722,0.16736321927160974,0.0013276385464097498,0.03603894996106814,2.4364814617831234,,0.0019419528704298257,,76.35135762402966,19.085876404100162,,104.52526622213375,76.32167514873917,25.301179424212997,94.40049034167247,39.02585344253831,17.693965146496037,,0.6810330460026006,,0.05513695826765838,0.16869633393302844,,0.08294542598876224,0.06214649785476126,0.13594829476183387,0.0034675342015993253,0.27805293479542825,0.10063550450429795,,,,0.16075,3215.0,0.5822775,0.58882403,0.6509113,0.69320697,0.5859618,0.5899192,0.6390037,0.5760896,0.5034999847412109,0.8439534101486206,0.5817500352859497,0.8439534101486206,0.031,31.0,0.3406855106845,0.3439978752184618,0.34338591770284216,0.3119746507060831,0.31817098922674963,0.2904781126501831,0.3191417441891439,0.32804436280473154,0.3121243225901936,-2.345309650905852e-05,0.0019874825352668712,0.0015771486665877305,-0.01879105716542532,-0.02322914099058871,-0.01862405877824923,-6.92440176329094e-05,-0.00025673652070057416,-0.000130182228135328,0.559,0.58318186,0.55697674,0.575329,0.6300813,0.57322836,0.5484252,0.6246213,0.4874500036239624,0.7924915208816529,0.6089000105857849,0.7924915208816529,0.033,33.0,0.3655346977604492,0.3611828873339169,0.3716947307249168,0.3761336947733488,0.3868512922376154,0.39638021124374606,0.3808943865043737,0.3758747594803417,0.36930132842282065,-0.004390582485242441,-0.0055563152174250546,-0.005755376618124561,-0.008524463964316562,-0.0022114394616361407,-0.009078834593182693,-0.003777239388319681,-0.004854158161885934,-0.007544875740015048,0.6330645,0.6306306,0.73613137,0.5969466,0.53170735,0.6030702,0.57154477,0.56131387,0.49547499418258667,0.8182224655151367,0.5953250229358673,0.8182224655151367,0.032,32.0,0.3531101042224746,0.35259038127618936,0.3575403242138795,0.34405417273971595,0.3525111407321825,0.3434291619469646,0.35001806534675883,0.3519595611425366,0.34071282550650717,-0.00220701779087575,-0.0017844163410790917,-0.002089113975768415,-0.01365776056487094,-0.012720290226112426,-0.013851446685715963,-0.0019232417029762952,-0.0025554473412932543,-0.003837528984075188,0.59603226,0.60690624,0.64655405,0.5861378,0.58089435,0.5881493,0.559985,0.59296757,2026-10-06T14:42:08.259506
27,0.6126524209976196,0.501532256603241,0.7848039171218872,0.6140600442886353,0.7848039171218872,0.8192240937232971,0.9023124579429627,2.1025495502471925,0.1830851532936096,4.952944166946411,1.9979370979309081,1.0,10.0,,,,,0.5350363793849945,0.5350363793849945,,,,17.663316143798827,1.4014110071881183,0.103843232085869,,0.08695658601547597,1.2874602426768869,0.16686540834937885,0.0013986403692756917,0.0386429188156109,2.021852348260819,,0.0021636036174982835,,76.31580119527828,19.071290143735848,,104.52811043125809,76.28525732732882,25.265911333120552,94.39896407400727,39.01618610066213,17.663292805859996,,0.6921137370121707,,0.05605137163096932,0.17264478810273917,,0.0853439086371926,0.06331938253656315,0.1378589332293553,0.00352405022183184,0.28243178356984616,0.10224583550433444,,,,0.1489,2978.0,0.5889134,0.5952276,0.6599842,0.67764616,0.5818536,0.5980404,0.634994,0.5746436,0.5034500360488892,0.862817430973053,0.5731499791145325,0.862817430973053,0.018,18.0,0.26353296650661684,0.2533035945961938,0.26630597796126637,0.2788656824111223,0.2886108983251506,0.28455192949288266,0.23239643110216515,0.23379076210947308,0.23300408407769813,0.003195637126884535,0.001108548748462449,0.0027511171845698997,-0.014819722430101033,-0.013722711613831198,-0.013392725858207817,-0.00988332860921248,-0.012968547232985163,-0.009550239991338706,0.5545,0.56045455,0.5271318,0.57138157,0.63739836,0.56181103,0.5456693,0.6223485,0.5098999738693237,0.8105963482856751,0.6012998819351196,0.8105963482856751,0.018,18.0,0.31562586442339885,0.3083872910839041,0.3190836698268862,0.38725299239306427,0.3955856585802644,0.39422247725910536,0.28198696334230217,0.2821912577003013,0.2806235495413422,-0.0014079260113769455,-0.0012036482299467113,-0.002001407541744476,-0.004672206875317503,-0.0018643616727755307,-0.004770105985930263,-0.002804589751761069,-0.002347135496830249,-0.0030791288810874083,0.6024194,0.60900897,0.720073,0.6221374,0.5369919,0.58201754,0.5682927,0.55875915,0.5066750049591064,0.836706889629364,0.587224930524826,0.836706889629364,0.018,18.0,0.28957941546500787,0.280845442840049,0.2926948238940763,0.33305933740209326,0.34209827845270746,0.33938720337599404,0.2571916972222337,0.2579910099048872,0.2568138168095202,0.0008938555577537947,-4.754974074213118e-05,0.0003748548214127119,-0.009745964652709268,-0.007793536643303364,-0.00908141592206904,-0.0063439591804867745,-0.007657841364907706,-0.006314684436213057,0.5784597,0.58473176,0.6236024,0.5967595,0.58719516,0.5719143,0.55698097,0.5905538,2026-10-06T14:46:16.886629
28,0.6122747659683228,0.4998249113559723,0.7862149139404296,0.6123926639556885,0.7862149139404296,0.8219400987625122,0.9053302344322205,2.060203628158569,0.176605814409256,4.966722150039673,1.99855788230896,1.0,10.0,,,,,0.4941936127662659,0.4941936127662659,,,,17.63424868774414,1.5762141497959947,0.08552307386698711,,0.06188853787685371,1.328955681650502,0.15628018626456808,0.0010263027258478343,0.02992725205032309,2.174294694403934,,0.0012151867185415668,,76.27886199951172,19.056191729891832,,104.52731483605257,76.24904617989898,25.23150691864597,94.3986635633335,38.987319363150625,17.634225650957436,,0.692426174309603,,0.05673593916236215,0.17740184903904133,,0.08691741208172148,0.06428974862121473,0.13990950328149612,0.003552148682154288,0.2850538740871818,0.10437682256766945,,,,0.13255,2651.0,0.58470327,0.5832058,0.62589145,0.69636655,0.5937695,0.5938586,0.6474889,0.57242364,0.5072000026702881,0.8236325740814209,0.593999981880188,0.8236325740814209,0.022,22.0,0.322940704283339,0.34890014155759114,0.35430063063450107,0.3616831372005897,0.407054851571245,0.3964791116933876,0.3250701772089794,0.3363761288339212,0.35057708332626847,0.0015798459523607492,-0.0006125586244607424,0.0018919855080100155,-0.003532637257580367,-0.005982017486580569,-0.005362016097567771,0.0038044481247118582,-0.0036945416490374444,0.0027264982152204525,0.553,0.57090914,0.54147285,0.61019737,0.68577236,0.57716537,0.57755905,0.62348485,0.4994000196456909,0.8020683093070984,0.6024500131607056,0.8020683093070984,0.021,21.0,0.33597359765983537,0.3323783771541955,0.34297058959089166,0.38371538954228246,0.39067387040167095,0.38509959289782264,0.3065463256305045,0.30103955191771714,0.3039667454023626,0.00213416865223143,0.0018429762362085116,0.0015848805087417968,0.005745538000482577,0.0039012738169303097,0.004844397514855158,0.003675842320513956,0.005572423506574061,0.0030700091464050355,0.59717745,0.6063063,0.7007299,0.6259542,0.54227644,0.5938597,0.5845529,0.56058395,0.5033000111579895,0.8128504416942597,0.5982249975204468,0.8128504416942597,0.0215,21.5,0.3294571509715872,0.34063925935589334,0.3486356101126964,0.3726992633714361,0.39886436098645794,0.39078935229560513,0.31580825141974195,0.3187078403758192,0.3272719143643156,0.0018570073022960896,0.0006152088058738847,0.001738433008375906,0.001106450371451105,-0.0010403718348251298,-0.00025880929135630674,0.003740145222612907,0.0009389409287683084,0.002898253680812744,0.57508874,0.5886077,0.6211014,0.6180758,0.6140244,0.5855125,0.581056,0.5920344,2026-10-06T14:50:25.176155
29,0.6133397221565247,0.5004948377609253,0.783489386844635,0.6138321757316589,0.783489386844635,0.8170419263839722,0.8998878233909607,1.9659580270767212,0.18006101472377778,4.692202438354492,1.9999838737487794,1.0,10.0,,,,,0.5267747595787048,0.5267747595787048,,,,17.60673132019043,1.1969775185226255,0.07348837188421303,,0.0581266464054537,1.3092358043998669,0.17460208355336432,0.0011368755625255382,0.03440896523701158,2.3626603973898916,,0.0013949488295956994,,76.24133344516633,19.03763921701225,,104.52090590167198,76.2130043855898,25.198477544602316,94.40156657225008,38.974455183478675,17.606709134047197,,0.6931391555792207,,0.057449664066361775,0.18000403692008585,,0.08768616811295224,0.06524649784443484,0.14211708259810307,0.003606680231940025,0.2889726999079346,0.10644973392129704,,,,0.1392,2784.0,0.5915999,0.58558196,0.6405903,0.70019746,0.5873053,0.5885657,0.64663833,0.56863546,0.5020500421524048,0.8327626957893371,0.5845500230789185,0.8327626957893371,0.018,18.0,0.2809293017698181,0.27767744186351484,0.2838651457218235,0.2839710436197249,0.31121304015109696,0.3017327563058544,0.25449558074621986,0.2530496395121594,0.25405453693260605,-0.01406475084107217,-0.016272622191452056,-0.013330948654589687,-0.012709137695901807,-0.014349791829190104,-0.016431355338671027,-0.020984993637006503,-0.01890429744531763,-0.01960597829846692,0.544,0.5722727,0.5341085,0.5861842,0.6878049,0.56259847,0.53622043,0.6443182,0.49834999442100525,0.7986427912712097,0.6035000681877136,0.7986427912712097,0.017,17.0,0.36664423870523455,0.3669308298570606,0.3725012656936558,0.4140983137424584,0.42323458866289726,0.415610647821765,0.29989282021836244,0.30846652824447335,0.3007360994504988,-0.0005380329113529729,-0.0005710081879103748,-0.0008973697709966223,-0.001928734944964391,-0.00411623966445057,-0.004071134605735929,-0.0056449733838240075,-0.0043662519196306995,-0.006048601029634621,0.6108871,0.57792795,0.70437956,0.63778627,0.5390244,0.5899123,0.58821136,0.5667883,0.500200018286705,0.8157027435302735,0.594025045633316,0.8157027435302735,0.0175,17.5,0.32378677023752633,0.3223041358602877,0.3281832057077396,0.34903467868109167,0.36722381440699714,0.3586717020638097,0.27719420048229115,0.28075808387831636,0.2773953181915524,-0.007301391876212571,-0.008421815189681216,-0.007114159212793155,-0.007318936320433099,-0.009233015746820337,-0.010251244972203477,-0.013314983510415256,-0.011635274682474165,-0.012827289664050771,0.5774436,0.5751003,0.61924404,0.6119852,0.61341465,0.5762554,0.5622159,0.60555327,2026-10-06T14:54:33.584930
30,0.6185325980186462,0.5036277174949646,0.7744637105941773,0.6191548705101013,0.7744637105941773,0.8185773886680603,0.9015938959121704,2.0061420164108275,0.18370781643390655,4.759742388534546,1.9996539810180665,1.0,10.0,,,,,0.5224072019100189,0.5224072019100189,,,,17.579676373291015,0.4173277776901889,0.025422520078362744,,0.0299037716671777,1.224889705135564,0.17137806912421422,0.0011969189153825507,0.03601481135234617,2.0576479799428564,,0.0015453688422077821,,76.20429458132216,19.013854202950835,,104.52118886959781,76.17677457773001,25.16916804708493,94.4187854839738,39.06833357112423,17.57965332079845,,0.6929749136517762,,0.05790712079329855,0.18174573494370577,,0.08927941194195656,0.06615388768303926,0.14511841023044222,0.0037669675116231488,0.30171619630922936,0.10872333976113872,,,,0.1328,2656.0,0.5952887,0.59401935,0.6592512,0.7004739,0.5921729,0.5978384,0.6380518,0.57443994,0.48065003752708435,0.8458237738609314,0.5784999132156372,0.8458237738609314,0.02,20.0,0.28923442275548683,0.3155048176187137,0.31350502590072754,0.31349443312640907,0.3325171381139699,0.325818094843633,0.33452928217877026,0.3527877450240473,0.3529763600667081,0.011714727161825741,0.013351622288375808,0.010501858410026777,0.015137773317310808,0.012722484584820316,0.010728769152912853,0.01920223144801237,0.019968155529332673,0.016414301843706892,0.5515,0.56954545,0.52131784,0.5776316,0.652439,0.5681102,0.56299216,0.6193182,0.504599928855896,0.793229826927185,0.6087499856948853,0.793229826927185,0.019,19.0,0.3611744487332295,0.3592505641878259,0.3689928346906298,0.4089582442829688,0.3967924576125414,0.4009286692040647,0.3635612717259595,0.36624427025865597,0.357402849628477,0.00011075901761854666,-0.0010377316751519687,-0.0011082093966118779,-0.0007648154902172349,-0.0022659408709412377,-0.0026612504372212223,0.0028339912554745353,0.0025467822405354293,0.0011723459610175776,0.6137097,0.61171174,0.72591245,0.6175573,0.5398374,0.59780705,0.5731707,0.57919705,0.4926249831914902,0.8195268003940582,0.5936249494552612,0.8195268003940582,0.0195,19.5,0.3252044357443582,0.3373776909032698,0.3412489302956787,0.3612263387046889,0.3646547978632556,0.36337338202384883,0.34904527695236487,0.3595160076413516,0.35518960484759254,0.0059127430897221445,0.0061569453066119195,0.00469682450670745,0.0071864789135467864,0.00522827185693954,0.004033759357845815,0.011018111351743453,0.011257468884934051,0.008793323902362234,0.5826049,0.5906286,0.62361515,0.59759444,0.59613824,0.58295864,0.56808144,0.5992576,2026-10-06T14:58:41.981980
31,0.6194526553153992,0.501172661781311,0.774296335697174,0.6197324991226196,0.774296335697174,0.8124379328727722,0.8947722784042358,1.911595150566101,0.1959313113451004,4.553596774291992,1.9999280014038086,1.0,10.0,,,,,0.5211571870803833,0.5211571870803833,,,,17.551772396850588,0.4075936078550709,0.026377735816677853,,0.033545903232731634,1.2851929846842578,0.16987812578393396,0.0010557949141106883,0.02914147895826086,3.254227845152472,,0.0018221484564851294,,76.16727486385662,18.984043242825063,,104.51424689809228,76.14076908378844,25.13469053377771,94.4219866710104,39.084180236622025,17.551746295515898,,0.6931113437482506,,0.05849068842021523,0.1818016264469001,,0.08972453819528507,0.06715374672488802,0.1477188356932561,0.003926209180028575,0.30783938716171655,0.1106694948141742,,,,0.1352,2704.0,0.59759426,0.5898913,0.64805865,0.7058847,0.59053737,0.5985051,0.6465168,0.57942975,0.507599949836731,0.8395472254753112,0.5859500765800476,0.8395472254753112,0.021,21.0,0.3227180700137342,0.3257314994543903,0.33817368484141264,0.3200425883664924,0.336883371978741,0.3014035333616138,0.32627014402474397,0.34184107848646833,0.30963792861389755,0.005267607096947085,0.007705562771633122,0.008877680926834965,0.004690833799377444,0.006642091803513456,0.012872593505635337,0.014686599223444756,0.018692990835996407,0.02254129348531182,0.536,0.59090906,0.5399225,0.5917764,0.6691057,0.56692916,0.54685044,0.6363636,0.49375006556510925,0.7962674160003662,0.6104000210762024,0.7962674160003662,0.02,20.0,0.4059377456583378,0.39254840074052877,0.42442214356556596,0.4268108082695875,0.41453991535359536,0.4241676167703405,0.47690610496367114,0.47850056429994475,0.477294121819402,-0.00907457169189579,-0.009364226770625846,-0.008949491994987215,-0.006408191059049282,-0.00972414196810014,-0.008921274834015351,-0.0021314773532850853,-0.0019520985481629473,-0.0016802882040340633,0.6173387,0.6108108,0.71751827,0.620229,0.53373986,0.60657895,0.58252037,0.5843066,0.5006750077009201,0.8179073207378387,0.598175048828125,0.8179073207378387,0.0205,20.5,0.36432790783603597,0.3591399500974595,0.3812979142034893,0.37342669831804,0.37571164366616816,0.36278557506597714,0.40158812449420755,0.41017082139320654,0.39346602521664975,-0.001903482297474353,-0.000829331999496362,-3.590553407612461e-05,-0.000858678629835919,-0.001541025082293342,0.001975659335809993,0.006277560935079835,0.00837044614391673,0.010430502640638878,0.57666934,0.60085994,0.6287204,0.6060027,0.6014228,0.5867541,0.5646854,0.6103351,2026-10-06T15:02:51.262391
32,0.6172749996185303,0.4977300763130188,0.7767688037872315,0.6179853677749634,0.7767688037872315,0.8076516529083252,0.8894541942596436,1.79471745262146,0.2081606640815735,4.68743769569397,1.9998930183410644,1.0,10.0,,,,,0.5247175398826599,0.5247175398826599,,,,17.521328402709962,0.5290767304646741,0.03502902407555064,,0.03694587014615536,1.2480533472291984,0.17791893952496493,0.0011548476494258495,0.03410052731158627,2.630788937116125,,0.0015570634153336406,,76.13038008380089,18.95872834078066,,104.51005675686393,76.10421976466088,25.09849850842907,94.42153444715366,39.08051229586267,17.52130464687469,,0.6930931540811138,,0.059127536928577785,0.18269244301470983,,0.09075066703520003,0.0681989613422163,0.15002380928416162,0.003964567476895394,0.31241759923612994,0.11218049362966209,,,,0.1423,2846.0,0.58271855,0.58332664,0.65101033,0.71171016,0.5985592,0.59513134,0.6419806,0.5774746,0.5059999823570251,0.8654981627464294,0.5748500227928162,0.8654981627464294,0.023,23.0,0.287271805685218,0.2817052831327481,0.3223448868779666,0.23585452991365133,0.24339253184397788,0.2352726984539182,0.28750753460195205,0.2813177872850903,0.31561146428241404,-0.005797570219079144,-0.0072223350487993785,0.011012793865939362,-0.01016299683027753,-0.007959526998241121,0.012332188851151385,0.003462366845398547,0.0012081253825213436,0.01825885741798214,0.5445,0.55227274,0.5244186,0.57335526,0.63861793,0.5728347,0.5417323,0.64204544,0.5019999742507935,0.7995992202758789,0.6070500612258911,0.7995992202758789,0.025,25.0,0.3753537548786104,0.3667751440813436,0.38405062989914085,0.40556424616565834,0.3805307125885954,0.3935091161528122,0.3693380955325804,0.3634904564163781,0.3596625113317223,-0.0029657527445864093,-0.005022477467510771,-0.005516681437334239,-0.0008442667553196742,-0.006632363861147246,-0.007731927003971611,0.002072265733213998,-0.0003525222779175455,-0.0018721519678328322,0.6092742,0.61576575,0.7324817,0.601145,0.5369919,0.5894737,0.5666667,0.5919708,0.5039999783039093,0.8325486915111542,0.5909500420093536,0.8325486915111542,0.024,24.0,0.3313127802819142,0.32424021360704586,0.3531977583885537,0.3207093880396548,0.31196162221628665,0.3143909073033652,0.3284228150672662,0.3224041218507342,0.3376369878070682,-0.004381661481832777,-0.006122406258155075,0.0027480562143025614,-0.005503631792798602,-0.007295945429694184,0.002300130923589887,0.002767316289306272,0.00042780155230189905,0.008193352725074652,0.57688713,0.58401924,0.62845016,0.5872501,0.5878049,0.5811542,0.5541995,0.6170081,2026-10-06T15:07:00.233467
33,0.6164775490760803,0.5012675523757935,0.7801948370933532,0.616129994392395,0.7801948370933532,0.7896252585411072,0.8694248620033265,1.6139623319625855,0.24744047269821168,4.863761837768554,1.9978077032089234,1.0,10.0,,,,,0.49506084113121035,0.49506084113121035,,,,17.492890365600587,0.7315618250352941,0.0492932304137855,,0.04778599734922313,1.2422037527060052,0.16847490170484136,0.001351100671628585,0.03656126002953121,2.7064022820466644,,0.0016955432364721575,,76.0925633618786,18.932155827807772,,104.50649878629454,76.06823375726202,25.065706070820998,94.41698470389008,39.047703906988644,17.492868131892696,,0.6920541562851826,,0.05938616326185548,0.1838414619682701,,0.09211552432578081,0.0691624551916578,0.1529695349893752,0.003991267400657295,0.3143963183567023,0.11440712075894045,,,,0.16525,3305.0,0.58612674,0.58660895,0.6413233,0.70862955,0.5963201,0.58993936,0.64293236,0.5753361,0.504800021648407,0.847561885356903,0.5817000865936279,0.847561885356903,0.027,27.0,0.28657340881241966,0.2826177426375757,0.2898957682423461,0.2323050137697609,0.22641000535218717,0.23434145227204,0.2656429034787078,0.2700202159289246,0.2669459281711002,-0.002876620000527218,-0.004301099062642275,-0.0031826931325560077,-0.01927463641668289,-0.024407385939092644,-0.019843531917278494,0.0005805855469620493,-0.0005126331630384478,-0.0006518438548952587,0.5475,0.5718182,0.52790695,0.58289474,0.66747963,0.56377953,0.5610236,0.6242424,0.5013999938964844,0.8158947978019714,0.5959500074386597,0.8158947978019714,0.029,29.0,0.3975717401149123,0.39546155423456125,0.4011483384613725,0.35457426583810175,0.33530788207300816,0.35808687847296133,0.41482814212792646,0.41705363881147156,0.41292958547151615,-0.00824813912780523,-0.007159067370885581,-0.007458094217757537,-0.008146191166913714,-0.009456571316270588,-0.00750977565965653,-0.010458925515255218,-0.009486431677988525,-0.010600859405977261,0.5927419,0.5855856,0.6605839,0.6324427,0.547561,0.5890351,0.57601625,0.57481754,0.5031000077724457,0.8317283415794372,0.5888250470161438,0.8317283415794372,0.028,28.0,0.342072574463666,0.3390396484360685,0.34552205335185926,0.29343963980393134,0.2808589437125977,0.29621416537250067,0.34023552280331715,0.3435369273701981,0.33993775682130817,-0.005562379564166223,-0.005730083216763928,-0.005320393675156772,-0.013710413791798302,-0.016931978627681615,-0.013676653788467512,-0.004939169984146584,-0.004999532420513486,-0.0056263516304362595,0.57012093,0.57870185,0.59424543,0.60766876,0.60752034,0.5764073,0.56851995,0.59953,2026-10-06T15:11:08.497821
34,0.6205630302429199,0.4983697831630707,0.7719383269309997,0.6210072040557861,0.7719383269309997,0.8108901622772217,0.8930525332450867,1.9383366254806518,0.23779508464336396,5.061145377731323,1.9978984664916992,1.0,10.0,,,,,0.5105658835411072,0.5105658835411072,,,,17.46515665588379,0.8365326105219544,0.042498311179150254,,0.05925472265489067,1.2599157265796783,0.174252563506175,0.0015354536195318245,0.03812806213357646,2.6925580070656574,,0.002803486700141565,,76.05554174921315,18.906442775847804,,104.51359567824443,76.03243231317799,25.03179936500112,94.40984650630101,39.07856361729324,17.465136959294604,,0.6920983149747181,,0.060192349823607,0.18494588468864465,,0.09456628878974611,0.07012414922759791,0.1552545604812112,0.004050535054960449,0.3213787769815724,0.11609005956513108,,,,0.161,3220.0,0.5779471,0.57639956,0.65110934,0.7236967,0.59799457,0.5960202,0.6579385,0.58513236,0.48934996128082275,0.8291717910766602,0.5944499373435974,0.8291717910766602,0.035,35.0,0.33075250619425234,0.3108155218215771,0.3269550311056039,0.37822461054128104,0.3335959555876052,0.37514562728094997,0.320098483818271,0.3181942978497242,0.3224617866593966,-0.001163021779043279,-0.002165995784670211,-0.0032492038216240505,0.0008663412413821529,-0.007363666194528423,0.0007777787602041801,-0.00182552274980089,0.0006459826433306727,-0.005053089658375398,0.5475,0.5845455,0.54379845,0.58947366,0.70813006,0.56141734,0.5570866,0.655303,0.5026000738143921,0.793060233592987,0.6113500595092773,0.793060233592987,0.03,30.0,0.40641562677708376,0.39893747194618795,0.40828698908336797,0.4147474654962411,0.3845649547153125,0.4156003079969554,0.3919584204460453,0.3891946976985275,0.3912919112789527,-0.011831213989904941,-0.01230918255829732,-0.010921170584863187,-0.011761444736467463,-0.01683011544237152,-0.01074244841171629,-0.01259180778063555,-0.013024956642817545,-0.012547794026706464,0.5931452,0.5990991,0.69160587,0.66412216,0.53252035,0.6127193,0.6,0.5868613,0.4959750175476074,0.8111160123348236,0.6028999984264374,0.8111160123348236,0.0325,32.5,0.36858406648566805,0.35487649688388256,0.36762101009448594,0.39648603801876103,0.3590804551514588,0.3953729676389527,0.35602845213215817,0.35369449777412587,0.35687684896917465,-0.0064971178844741104,-0.0072375891714837656,-0.007085187203243619,-0.005447551747542655,-0.012096890818449972,-0.004982334825756054,-0.007208665265218219,-0.006189486999743436,-0.008800441842540932,0.57032263,0.59182227,0.6177021,0.6267979,0.6203252,0.5870683,0.5785433,0.6210822,2026-10-06T15:15:17.413365
35,0.619957447052002,0.4968371093273163,0.7708055909156799,0.6201923489570618,0.7708055909156799,0.8159974333763123,0.8987272788047791,2.082681052398682,0.22182517404556273,5.018180452728272,1.9826651077270507,1.0,10.0,,,,,0.5367925145626068,0.5367925145626068,,,,17.43482152404785,0.4493812620639801,0.025016201188443762,,0.02808155702088906,1.3174824259083742,0.15538319596534322,0.0011263631455152396,0.030402862259252057,2.578195756218236,,0.0014877636900205375,,76.01879124732534,18.87776723485084,,104.50480496351886,75.99696252907917,24.996159413817583,94.40811453655267,39.048881555059154,17.434798234587262,,0.6844218950362722,,0.06091012945695288,0.18493850064125789,,0.09502714910324972,0.07114444748990854,0.1570199090204421,0.00422459543581791,0.3236857836793183,0.11751873653595614,,,,0.15705,3141.0,0.5851644,0.5809102,0.65293187,0.7195103,0.5916472,0.60539395,0.64710414,0.5771283,0.4935999810695648,0.8374077615737915,0.5892501473426819,0.8374077615737915,0.034,34.0,0.27400941793983863,0.25475508766108834,0.25959876550703087,0.27039245282218893,0.23631318036829174,0.27004580264897865,0.24431425388462555,0.23941551700826394,0.23841531281612321,0.027179505919772206,0.02714200820872578,0.02881305809896712,0.031282904123637795,0.03256739875897736,0.034855444694045785,0.02897915591440229,0.028337236924279238,0.028484694400380633,0.5595,0.5754546,0.5403101,0.6049342,0.697561,0.56535435,0.52362204,0.63825756,0.5030499696731567,0.7906108517646789,0.6135500073432922,0.7906108517646789,0.03,30.0,0.41009191471702205,0.4026537312882545,0.40911578321456216,0.3905708177011405,0.3518687882733796,0.3894162577868362,0.40403679910896195,0.40108094458372,0.3976260690797356,-0.0038994346130736416,-0.003795179451109326,-0.001974436305331102,-0.009327236214780467,-0.011885764075124773,-0.006988452108038805,-0.001794231921714544,-0.0024533631415315548,-0.003416943464006171,0.603629,0.59819824,0.69781023,0.6618321,0.5304878,0.60175437,0.60406506,0.59744525,0.4983249753713608,0.8140093066692352,0.6014000773429871,0.8140093066692352,0.032,32.0,0.34205066632843034,0.3287044094746714,0.33435727436079654,0.33048163526166474,0.2940909843208357,0.3297310302179074,0.32417552649679376,0.32024823079599196,0.3180206909479294,0.011640035653349283,0.011673414378808226,0.013419310896818009,0.010977833954428664,0.010340817341926292,0.01393349629300349,0.013592461996343872,0.012941936891373842,0.01253387546818723,0.5815645,0.58682644,0.61906016,0.63338315,0.6140244,0.5835544,0.56384355,0.6178514,2026-10-06T15:19:26.191621
36,0.6207824349403381,0.5000827312469482,0.7693682890892029,0.6210146546363831,0.7693682890892029,0.8224441817283631,0.9058903342247009,2.202685577964783,0.1987709302306175,5.3335036853790285,1.9972008771896361,1.0,10.0,,,,,0.546155516910553,0.546155516910553,,,,17.404641796875,0.9843197073194252,0.05096056325817896,,0.05487228870083382,1.3939652287276687,0.15840900850713632,0.0013917176227921703,0.03459509141790639,2.8455980560582157,,0.002361737498750311,,75.9806154579114,18.848266638008653,,104.49889393217245,75.96077713693023,24.95997026771497,94.40568051672285,39.058126583220854,17.404619338406118,,0.6917289727053065,,0.06128741750956341,0.18480827749534778,,0.09585120087596262,0.07214098461684149,0.15876545382153456,0.004470827229985386,0.3288687558690454,0.11913968736578705,,,,0.1553,3106.0,0.58781075,0.5777688,0.65045565,0.723124,0.5968847,0.59646463,0.6552248,0.5784929,0.508400022983551,0.8691060705184936,0.5680000185966492,0.8691060705184936,0.033,33.0,0.19501619708794413,0.19286123161290178,0.19604316252802714,0.17151814953175595,0.18646869047289008,0.16920539273595536,0.14224237421807762,0.1399398069704101,0.1376196591071738,-0.0060049756867734646,-0.004717354120320987,-0.005234762811670579,-0.005807776418216674,-0.013433019542044688,-0.005033044572565559,-0.008227886127518553,-0.008265265394790578,-0.007611914395620543,0.51100004,0.5195455,0.49651164,0.5907895,0.6821138,0.5598425,0.5232284,0.6397728,0.49685001373291016,0.7924883999824524,0.6093001365661621,0.7924883999824524,0.034,34.0,0.3559416282983244,0.35217362339727887,0.36256375923784484,0.3365006188495129,0.30463452535596414,0.3439990939274777,0.3338896896494919,0.3312653358804823,0.3340707691741616,-0.003921622231122929,-0.003759075559524682,-0.002315116670750585,-0.011973074988645728,-0.011096870070745187,-0.008038470085273842,-0.004881065732405345,-0.0051155508506642074,-0.004851418593181119,0.5983871,0.5990991,0.7072993,0.6496183,0.54430896,0.5850878,0.58739835,0.5890511,0.5026250183582306,0.830797235250473,0.5886500775814056,0.830797235250473,0.0335,33.5,0.27547891269313424,0.27251742750509034,0.279303460882936,0.2540093841906344,0.2455516079144271,0.25660224333171655,0.23806603193378476,0.23560257142544622,0.23584521414066772,-0.0049632989589481966,-0.004238214839922834,-0.0037749397412105822,-0.0088904257034312,-0.012264944806394937,-0.0065357573289197,-0.006554475929961949,-0.006690408122727393,-0.006231666494400831,0.5546936,0.5593223,0.60190547,0.6202039,0.6132114,0.5724652,0.55531335,0.61441195,2026-10-06T15:23:34.271493
37,0.6160928606987,0.498857706785202,0.7791314759254455,0.6159874200820923,0.7791314759254455,0.822234438610077,0.905657283782959,2.2514402565002443,0.1679098763227463,5.360803786849975,1.994011206817627,1.0,10.0,,,,,0.561884273815155,0.561884273815155,,,,17.376921090698243,1.3719807059332063,0.09571429577160769,,0.07550800799920111,1.3192341111268207,0.16032669413241613,0.0014429480161081856,0.03729814460655306,2.4082252523701664,,0.002067178334009383,,75.94314842467095,18.829938001693435,,104.49482795083598,75.92464140873805,24.92611363890824,94.40140052358056,39.04312933174668,17.37689967064341,,0.6901540031099016,,0.061756519090597796,0.18773247690717126,,0.09693917565664668,0.07295785507388935,0.16062657164919908,0.00454248012500299,0.3321276066029907,0.12104331037610959,,,,0.1585,3170.0,0.58708906,0.58364886,0.6447108,0.7044826,0.5845989,0.59335357,0.64406645,0.5846639,0.502299964427948,0.8707543978691101,0.5677499771118164,0.8707543978691101,0.036,36.0,0.37980010542461556,0.37306393391028764,0.37834306705419624,0.35208721862237813,0.3495872712473374,0.35976063907165806,0.3087465227740197,0.30564253314808754,0.30579210823708464,-0.003200532402637139,-0.0057773853140986355,-0.004647418763359362,-0.0006635025874462858,-0.00420542970841345,8.595356994215308e-05,-0.0021421113116368317,-0.002952196424551701,-0.0030279615212777324,0.519,0.51909095,0.518217,0.5911184,0.66097564,0.5570866,0.5346457,0.6219697,0.5020999908447266,0.8180762872695923,0.5928499102592468,0.8180762872695923,0.038,38.0,0.35431201985926003,0.3558159887797889,0.3621463503174164,0.32977241220970727,0.3298164387169976,0.34941136737809836,0.3095379162937595,0.31629011493795006,0.31133128084829986,0.0052251991702965215,0.006320509615290328,0.00571101654694966,-0.001674202651539665,-4.6992825156803746e-05,-0.0016928011447561691,0.004142473760071234,0.0043795869404516605,0.003849404134906968,0.58870965,0.6130631,0.6781022,0.6316794,0.5402439,0.552193,0.57154477,0.55802923,0.5021999776363373,0.8444153425693512,0.5802999436855316,0.8444153425693512,0.037,37.0,0.3670560626419378,0.3644399613450383,0.3702447086858063,0.3409298154160427,0.33970185498216754,0.3545860032248782,0.3091422195338896,0.3109663240430188,0.3085616945426922,0.0010123333838296911,0.0002715621505958465,0.000531798891795149,-0.0011688526194929753,-0.0021262112667851272,-0.000803423787407008,0.0010001812242172012,0.0007136952579499798,0.0004107213068146177,0.5538548,0.566077,0.5981596,0.61139894,0.6006098,0.5546398,0.5530952,0.58999944,2026-10-06T15:27:43.210660
38,0.6173223257064819,0.5002474188804626,0.7743680157661438,0.6175923943519592,0.7743680157661438,0.8026279798507691,0.8838723327636718,2.1527621807098387,0.178640090072155,5.0435338279724125,1.998020290374756,1.0,10.0,,,,,0.5291245372772216,0.5291245372772216,,,,17.350302868652342,0.9631647631810729,0.06267012317389084,,0.049613221954839054,1.27866959552856,0.14560902752219493,0.0012120758411311395,0.030738496580487412,2.238520908317748,,0.0014907935030443614,,75.90683751197378,18.8139856423542,,104.49315006717755,75.88833827122002,24.892722075152548,94.39747337778662,39.04310552026056,17.350284236251927,,0.692160216486378,,0.062279254791273435,0.19118606806940333,,0.09819435185877382,0.07377486955967678,0.16257826385983995,0.004494941398904772,0.3364985980046023,0.12339865639331235,,,,0.18195,3639.0,0.5841821,0.58679014,0.6395008,0.7170024,0.58925235,0.5954748,0.654516,0.57244396,0.5033000111579895,0.8753260245323181,0.5651000142097473,0.8753260245323181,0.05,50.0,0.257118720443035,0.2563779200623259,0.2597985498597168,0.21084748044086435,0.2562904059242422,0.22124730846634214,0.22531144045218554,0.22521494316228205,0.22487616447032543,-0.009689488188280457,-0.010867895950683134,-0.010803687594505526,-0.013375317308733327,-0.009250648363415246,-0.012580722186403135,-0.013322539656668768,-0.013093518298574833,-0.013387550291939821,0.52,0.53227276,0.5073644,0.5690789,0.66178864,0.5748032,0.5318898,0.61098486,0.48944997787475586,0.8127862005233765,0.5961999893188477,0.8127862005233765,0.05,50.0,0.40453234836283686,0.40309626946711186,0.4089725093159478,0.3996536514142991,0.39511686490793085,0.4020522309066993,0.4147062875483654,0.4146555494463566,0.412445350799433,-0.017327814170902903,-0.017518850003244515,-0.017178453983020123,-0.01711386976786536,-0.01955347289436625,-0.016675375770206086,-0.015105216457295869,-0.015371500698592585,-0.016225997869345518,0.59395164,0.60720724,0.6806569,0.63625956,0.5296748,0.5767544,0.5682927,0.56751823,0.4963749945163727,0.8440561125278473,0.5806500017642975,0.8440561125278473,0.05,50.0,0.33082553440293594,0.3297370947647189,0.3343855295878323,0.3052505659275817,0.3257036354160865,0.3116497696865207,0.3200088640002755,0.3199352463043193,0.3186607576348792,-0.01350865117959168,-0.014193372976963825,-0.013991070788762824,-0.015244593538299343,-0.014402060628890748,-0.01462804897830461,-0.014213878056982317,-0.01423250949858371,-0.01480677408064267,0.55697584,0.56974,0.59401065,0.60266924,0.59573174,0.5757788,0.55009127,0.5892515,2026-10-06T15:31:51.604247
39,0.6177000999450684,0.49788734316825867,0.773095749950409,0.6182498335838318,0.773095749950409,0.8010677308082581,0.8821387236595154,2.1685702890396117,0.19517247867584228,5.097624122238159,1.9958239974975587,1.0,10.0,,,,,0.5024909430980682,0.5024909430980682,,,,17.324365472412108,1.3000168752423518,0.07038018796637441,,0.06236542846153306,1.2364018126657814,0.14592937626846278,0.0012225956862916944,0.030853338355708654,2.004637532173448,,0.0018631170931454617,,75.87101366565486,18.789674224367566,,104.49141586206521,75.85263421125472,24.85912754277515,94.39635603594932,39.01430948828436,17.3243446593072,,0.6910618813174545,,0.0630186256139901,0.192370617750344,,0.09945399489752046,0.0746305007843455,0.16429808821268144,0.004547991668271601,0.33867203543899926,0.12621551396171,,,,0.19205,3841.0,0.57772654,0.5857229,0.64255154,0.7194905,0.5900312,0.5886465,0.65413123,0.5861914,0.5083499550819397,0.8504980597496032,0.5791999697685242,0.8504980597496032,0.053,53.0,0.2577863331580246,0.24144932583730638,0.2626547087963391,0.32878044606114926,0.33644576622218597,0.32836790033894814,0.2550569264987385,0.2575334431547769,0.25605910119034836,-0.005717720702714196,-0.006910563096153079,-0.006340734734465504,-0.005492791742616617,-0.00826606896357102,-0.005597868279970421,-0.004408624438189513,-0.004792570266087862,-0.004930542801630482,0.556,0.5590909,0.51666665,0.59046054,0.66422766,0.56299216,0.5251969,0.65000004,0.4959999620914459,0.7808016309738159,0.6149499416351318,0.7808016309738159,0.058,58.0,0.3691235008205387,0.3613887501795838,0.37246358796426743,0.4027257611960127,0.3903972759705243,0.4081591745642392,0.3717191641261394,0.3699272477226384,0.3681898684306945,-0.004050232651910518,-0.003479947372572885,-0.004454189628596713,-0.0076642949605471135,-0.006859790039451677,-0.009506140475918481,-0.005071558761818272,-0.005118574509925426,-0.006518466210600426,0.61653227,0.61171174,0.72773725,0.64580154,0.55203253,0.57500005,0.59390247,0.5824818,0.5021749585866928,0.8156498453617096,0.597074955701828,0.8156498453617096,0.0555,55.5,0.31345491698928163,0.30141903800844505,0.3175591483803033,0.365753103628581,0.36342152109635517,0.3682635374515937,0.31338804531243897,0.31373034543870765,0.31212448481052146,-0.004883976677312357,-0.005195255234362982,-0.005397462181531108,-0.006578543351581865,-0.007562929501511348,-0.007552004377944451,-0.004740091600003892,-0.004955572388006644,-0.005724504506115453,0.58626616,0.5854013,0.6222019,0.61813104,0.6081301,0.5689961,0.5595497,0.6162409,2026-10-06T15:36:00.232097
40,0.6178298592567444,0.4987923204898834,0.7731418124198913,0.6186448931694031,0.7731418124198913,0.8017600419044495,0.8829079551696777,2.15030866355896,0.1580470319032669,5.0831767864227295,1.9978000160217284,1.0,10.0,,,,,0.5412571733951569,0.5412571733951569,,,,17.29821233520508,2.314350905905294,0.11931382389857796,,0.0947150958132497,1.2366606346361197,0.14511920329017244,0.0012283460502171663,0.02931913991523966,1.9730880055457922,,0.0022566940954379935,,75.83373717289821,18.77648209006923,,104.49895423840566,75.81671113421203,24.82435743975791,94.39775284688184,38.98719107269481,17.298195832853864,,0.6920506707422293,,0.06346526775200656,0.1961478500799009,,0.10138322412967682,0.07549988037082041,0.16576943408911396,0.0046428322560705575,0.34096561514647905,0.12915986263827914,,,,0.1983,3966.0,0.582919,0.5771244,0.63559824,0.7282978,0.5889213,0.5971313,0.65639937,0.581222,0.5051000118255615,0.8440788021087646,0.5822499990463257,0.8440788021087646,0.057,57.0,0.2919381607453422,0.2850119723788577,0.2972551855955394,0.4392582043158096,0.4483448058671818,0.4438380903066414,0.309344722916071,0.3100009089675973,0.31019027656965076,-8.481293040089623e-05,-0.0017805068885418788,-0.00026733232974958897,0.004322945970357665,0.002759563532601775,0.004234081370808257,-0.008917753136057242,-0.009111040517877736,-0.008944849226781827,0.545,0.5327273,0.5251938,0.5907895,0.7020325,0.5728347,0.5437008,0.632197,0.49775004386901855,0.8033617568016053,0.6042500734329224,0.8033617568016053,0.057,57.0,0.3316677439080759,0.3266795292966904,0.3342657108325425,0.4619913166087095,0.47530283893488773,0.4653025200330956,0.35716907939851716,0.35420298126118727,0.35185061693786446,0.008783453070796586,0.008041646849145883,0.007286337144701062,0.009532876984807094,0.012292950649246171,0.009233532555326916,0.007722229832294596,0.006887490051320753,0.006112967831077861,0.59112906,0.5968468,0.68394166,0.6614504,0.54186994,0.5850878,0.597561,0.56569344,0.50142502784729,0.823720279455185,0.593250036239624,0.823720279455185,0.057,57.0,0.31180295232670907,0.3058457508377741,0.3157604482140409,0.4506247604622595,0.46182382240103476,0.4545703051698685,0.3332569011572941,0.3321019451143923,0.33102044675375764,0.004349320070197844,0.0031305699803020025,0.0035095024074757366,0.00692791147758238,0.007526257090923973,0.006733806963067586,-0.0005977616518813233,-0.0011117752332784918,-0.0014159406978519833,0.5680646,0.56478703,0.60456777,0.62612,0.6219512,0.57896125,0.5706309,0.59894526,2026-10-06T15:40:09.495311
41,0.620199978351593,0.5013977289199829,0.7707234217643738,0.6204777956008911,0.7707234217643738,0.8049047813415527,0.8864021070480347,2.1382248147964478,0.144253156208992,4.693520409393311,1.9999997245788574,1.0,10.0,,,,,0.5391634082317353,0.5391634082317353,,,,17.27473265686035,1.1650778054241921,0.06946367319008917,,0.05468253784213856,1.2352648100275903,0.1594229333672174,0.0012864408915221786,0.036379145404952726,2.0493882590798056,,0.0013302065563038923,,75.79764692950401,18.755793528951656,,104.5040179210104,75.78130014990545,24.79116308613188,94.3960764210695,39.03571071746243,17.274713819953288,,0.6931470450322339,,0.06434235119136275,0.1982837398150924,,0.10318991613046379,0.07626468313347762,0.1676855075890851,0.004643550107053891,0.3485715808762107,0.13285043788184026,,,,0.19225,3845.0,0.5793705,0.5765606,0.6453249,0.730312,0.5898754,0.6033737,0.659518,0.5778208,0.5019500255584717,0.8199148030281067,0.5970000624656677,0.8199148030281067,0.062,62.0,0.2972354114775491,0.2951202898206859,0.2985059560363124,0.4116789576459776,0.4084243683964014,0.4104543412182607,0.31911314011716974,0.3229314972893834,0.31818878742658696,-0.013054262923369529,-0.013516872924419252,-0.012971137036255794,-0.007099124661634476,-0.00801292300994235,-0.003559430281981031,-0.007469870196672631,-0.006466616462332587,-0.0072813256527011665,0.56100005,0.57545453,0.5612403,0.6088816,0.7158537,0.5807087,0.51968503,0.642803,0.5104500651359558,0.77703049325943,0.6168500185012817,0.77703049325943,0.07,70.0,0.3114985417643568,0.30530603141803175,0.315079121918174,0.41950510196961904,0.4139947901126426,0.4232302598824292,0.3308324387148309,0.33388112424938643,0.33121409959816095,0.0011439882336334722,0.0010553342980491156,0.0004667837490193503,0.002400587005241165,-0.000708834137488351,0.0007220720009013918,0.0015018563693375874,0.0013726424553226466,8.528096730378939e-05,0.61330646,0.59819824,0.6974453,0.67480916,0.5487805,0.59692985,0.61544716,0.57810223,0.5062000453472137,0.7984726481437683,0.6069250404834747,0.7984726481437683,0.066,66.0,0.30436697662095297,0.3002131606193588,0.30679253897724323,0.4155920298077983,0.411209579254522,0.41684230055034494,0.32497278941600033,0.3284063107693849,0.32470144351237396,-0.005955137344868028,-0.006230769313185069,-0.006252176643618222,-0.0023492688281966556,-0.004360878573715351,-0.0014186791405398197,-0.002984006913667522,-0.0025469870035049703,-0.0035980223426986886,0.58715326,0.5868264,0.6293428,0.64184535,0.63231707,0.58881927,0.5675661,0.61045265,2026-10-06T15:44:18.323094
42,0.6243599057197571,0.49666762351989746,0.7626910780906677,0.6244724988937378,0.7626910780906677,0.8201200883865356,0.9033080057144165,2.3034062507629396,0.16189413917064666,5.208066680908203,1.9995696548461914,1.0,10.0,,,,,0.5733957651138306,0.5733957651138306,,,,17.25033116760254,1.205587625598452,0.06314936837264497,,0.05139772733970053,1.2274511259072904,0.1542524839899722,0.001200003498663924,0.032633668938829644,1.8668116116599671,,0.0014272663390277262,,75.76215411143697,18.736897511087406,,104.50580475436654,75.74586860996902,24.755197925932087,94.39692969838525,39.09638427928755,17.25031267153989,,0.6929328525142305,,0.06528993064810516,0.19965481463890927,,0.10485269010636457,0.07709265993848728,0.16921621750874125,0.004673876161954016,0.3570125522507224,0.1361653087245431,,,,0.17555,3511.0,0.582478,0.584998,0.6433043,0.73860586,0.5985787,0.6017374,0.6578777,0.5863951,0.5042499899864197,0.8302092385292054,0.5944001078605652,0.8302092385292054,0.054,54.0,0.258004512008703,0.2528630090507575,0.2606460814449105,0.38053826894563797,0.38551164473507443,0.3796939231448683,0.25535544857389786,0.2557597209173825,0.2556547338746111,-0.005814663296648883,-0.00888971335467339,-0.0055673008440178945,-0.008595944810495066,-0.0020721838803090774,-0.004223305384163857,-0.008866961478748563,-0.008595704478817705,-0.008443875109780664,0.56049997,0.5836364,0.5383721,0.6115132,0.7056911,0.56968504,0.5271654,0.6488637,0.5211000442504883,0.7865692472457886,0.6134498715400696,0.7865692472457886,0.063,63.0,0.2809576494362737,0.2788102740511393,0.2824598434030312,0.41994997701511155,0.4484253767833676,0.43631902836524644,0.3026306414902149,0.3030430520710705,0.30136173542378053,-0.005484876943876476,-0.006250815695555778,-0.006332062578170138,0.0023644284717470702,0.002138598018859086,0.00176622487394456,-0.004713436416776632,-0.0054611258865090145,-0.006131753301795055,0.60645163,0.5878378,0.6864964,0.6725191,0.54390246,0.6,0.61178863,0.5861314,0.512675017118454,0.808389242887497,0.6039249897003174,0.808389242887497,0.058499999999999996,58.5,0.26948108072248833,0.2658366415509484,0.27155296242397087,0.40024412298037476,0.41696851075922103,0.40800647575505733,0.27899304503205635,0.2794013864942265,0.27850823464919583,-0.005649770120262679,-0.007570264525114584,-0.005949681711094016,-0.003115758169373998,3.3207069275004294e-05,-0.0012285402551096484,-0.0067901989477625975,-0.00702841518266336,-0.007287814205787859,0.5834758,0.5857371,0.61243427,0.6420162,0.62479675,0.58484256,0.569477,0.61749756,2026-10-06T15:48:26.830944
43,0.6220851540565491,0.5014476776123047,0.7677482840538025,0.6227626800537109,0.7677482840538025,0.8167975472450256,0.8996162969589233,2.2594559009552,0.17125434015989305,5.139605809020996,1.9761392585754394,1.0,10.0,,,,,0.5862869862556458,0.5862869862556458,,,,17.225280056762696,1.9658605336288737,0.11727622778386257,,0.07761503613678514,1.2118187890310956,0.16013848095847544,0.0011371297453705127,0.03090282559845668,2.1268342737179653,,0.0017390618644651786,,75.72637749933133,18.72181430743758,,104.51296608311355,75.71063626040319,24.723917602733444,94.39869787131146,39.135942665634644,17.225258067914634,,0.6811450788169909,,0.06610168208172366,0.20254764226591512,,0.10685342322489258,0.07800907072178118,0.17179820311676924,0.004780078751693485,0.36382817766468994,0.1393204693012177,,,,0.1877,3754.0,0.5821171,0.57645994,0.64385897,0.7379147,0.59522974,0.6027071,0.6599433,0.58205706,0.5012000799179077,0.8483973865509034,0.5888500213623047,0.8483973865509034,0.056,56.0,0.1447981261135406,0.14011551954485388,0.14543496324030378,0.2153709363189766,0.2060508505212285,0.2225340874945903,0.17479568234301596,0.1717415585234174,0.17123482698795395,-0.01922654067356341,-0.020362995256828175,-0.019990537665908244,-0.01535582443001256,-0.015160315056192001,-0.016558968598655986,-0.019605950513108428,-0.02077300993970375,-0.020818769536231175,0.5775,0.5540909,0.50620157,0.61414474,0.7280488,0.5622047,0.5114173,0.6484848,0.5013999938964844,0.7839615054130554,0.618399977684021,0.7839615054130554,0.063,63.0,0.27527648143928324,0.27064171682493215,0.2775304004931676,0.35889736157442964,0.3585910770442823,0.36538512951847396,0.29361439527260075,0.29330998372656064,0.2935648527823063,-0.005228583082618649,-0.005209073782804395,-0.004896362923119547,-0.0031966754147731667,-0.0038014536049190387,-0.0034483914644651507,-0.0016740764422643873,-0.001701806034152384,-0.001359596675323002,0.5927419,0.59819824,0.6941606,0.69007635,0.55609757,0.59605265,0.6166667,0.58978105,0.501300036907196,0.8161794459819793,0.6036249995231628,0.8161794459819793,0.0595,59.5,0.21003730377641192,0.205378618184893,0.2114826818667357,0.28713414894670314,0.2823209637827554,0.29395960850653213,0.23420503880780835,0.232525771124989,0.23239983988513013,-0.01222756187809103,-0.012786034519816285,-0.012443450294513896,-0.009276249922392864,-0.00948088433055552,-0.010003680031560568,-0.010640013477686408,-0.011237407986928067,-0.01108918310577709,0.5851209,0.5761446,0.6001811,0.6521106,0.64207315,0.5791287,0.564042,0.61913294,2026-10-06T15:52:35.643505
44,0.6279794573783875,0.5002250075340271,0.7563052171707153,0.628314733505249,0.7563052171707153,0.8234180395126343,0.9069723990440368,2.295653433799744,0.1691987035512924,4.974134984970092,1.9999428817749023,1.0,10.0,,,,,0.5656374977111817,0.5656374977111817,,,,17.197367138671876,1.0412442267510542,0.07577841476222892,,0.0557208799988411,1.1727155617847564,0.14545294094332464,0.0009990348773533894,0.027241681832938815,2.11743337485441,,0.0012019218239824993,,75.69133194844434,18.704868146568348,,104.51485273033191,75.67573212058682,24.693586616759088,94.39623333390351,39.160016029503694,17.19735401906785,,0.6931187552251633,,0.06707446196466495,0.20458534900929518,,0.10829918190931818,0.07884394880502847,0.17405314212012443,0.004765416685325705,0.3693825978382378,0.14189575090529813,,,,0.17975,3595.0,0.5914395,0.5851188,0.6584192,0.7399487,0.59707946,0.6029495,0.6621304,0.5876171,0.5042999982833862,0.8609853086471557,0.5827500224113464,0.8609853086471557,0.069,69.0,0.14005058837212123,0.1374186747762566,0.14431462880256946,0.153982744648063,0.16860028233005214,0.1865640800080411,0.15965423272759968,0.16388331793865246,0.16056066307727812,-0.03739500017789774,-0.038782693752269504,-0.03884988987464796,-0.028357676582951227,-0.01186152412022673,-0.022242573736045986,-0.02246594808673467,-0.02525917522134252,-0.026018149383151293,0.5525,0.53318185,0.5379845,0.57861847,0.702439,0.5980315,0.5318898,0.6181818,0.5108000040054321,0.7772316203117371,0.6195999979972839,0.7772316203117371,0.064,64.0,0.29016079872375805,0.2916382391548186,0.2928986369884215,0.38810026512803003,0.4062595262389597,0.3975941211621268,0.35278378656154785,0.35312062711141073,0.35420002518942895,-0.007767964087828038,-0.00848577817442258,-0.009375489660662444,0.0022957978866547627,0.00024165233308329589,0.0015850900866569942,0.0006397289291868458,-0.000668071859141323,-0.0017306499145309843,0.6044355,0.61216223,0.7248175,0.6770993,0.549187,0.5881579,0.5987805,0.58722633,0.5075500011444092,0.8191084644794464,0.6011750102043152,0.8191084644794464,0.0665,66.5,0.21510569354793962,0.21452845696553763,0.21860663289549548,0.2710415048880465,0.28742990428450593,0.2920791005850839,0.2562190096445738,0.2585019725250316,0.25738034413335353,-0.02258148213286289,-0.023634235963346042,-0.0241126897676552,-0.013030939348148233,-0.005809935893571717,-0.010328741824694496,-0.010913109578773913,-0.012963623540241921,-0.013874399648841138,0.5784677,0.572672,0.631401,0.6278589,0.625813,0.5930947,0.56533515,0.60270405,2026-10-06T15:56:44.781167
45,0.6294521689414978,0.4996899366378784,0.7553362323760986,0.6293550729751587,0.7553362323760986,0.8248061293601989,0.9085147159576415,2.324288471031189,0.1540134396314621,4.626541151046753,1.9999944244384766,1.0,10.0,,,,,0.5303492287158966,0.5303492287158966,,,,17.17203305969238,1.1345290906822225,0.09802598486043465,,0.06372317865751921,1.1391244454748313,0.15133756664907858,0.0010704775205531579,0.02862969844655436,1.8232694693431732,,0.0014265432811003315,,75.65563012384305,18.69009556132517,,104.51763911156138,75.64136699506432,24.665890942713258,94.39326000821059,39.19498545652742,17.17200039906107,,0.693144407241967,,0.06773284713553775,0.20767599628989103,,0.1099548140528855,0.07980772767476975,0.1768080454533267,0.004824284980204075,0.37567404368121154,0.14510474406230223,,,,0.1928,3856.0,0.59121895,0.5872332,0.6653526,0.74219984,0.5944899,0.6078586,0.6599838,0.5846436,0.4988499879837036,0.8213226466178895,0.5945000648498535,0.8213226466178895,0.086,86.0,0.15425784621105887,0.1502830467673072,0.1531394146659122,0.21630639526888812,0.17860107041624787,0.1977622998877667,0.22299492556233658,0.23116810773362312,0.22215156373346132,-0.018657943325610243,-0.020715429845624432,-0.02125059101080766,-0.005238893129742215,-0.01839971751804193,-0.014291383727379162,-0.0014440932365843919,-0.0020969362596489427,-0.003617540874989328,0.5795,0.5804546,0.5496124,0.5993421,0.7134146,0.58188975,0.5204724,0.62840915,0.49834999442100525,0.765550087928772,0.6245999932289124,0.765550087928772,0.087,87.0,0.2934324491245465,0.28891883679921115,0.29571047593041583,0.3599811959068492,0.35217722737360574,0.36903039191525705,0.3581346905881611,0.3567817502441158,0.35562398801392364,-0.010876734862191104,-0.011737975240964546,-0.012493808201697088,-0.00837660329711622,-0.010309760989941701,-0.008851065805870846,-0.008171388204677886,-0.008802410850281646,-0.010429839969235797,0.61129034,0.6175676,0.7332117,0.68473285,0.5414634,0.60657895,0.6105691,0.57846713,0.49859999120235443,0.7934363672733307,0.6095500290393829,0.7934363672733307,0.0865,86.5,0.2238451476678027,0.21960094178325917,0.224424945298164,0.2881437955878686,0.2653891488949268,0.28339634590151186,0.29056480807524887,0.29397492898886946,0.28888777587369247,-0.014767339093900673,-0.01622670254329449,-0.016872199606252372,-0.006807748213429218,-0.014354739253991815,-0.011571224766625005,-0.0048077407206311385,-0.005449673554965295,-0.007023690422112563,0.5953952,0.59901106,0.641412,0.6420375,0.627439,0.59423435,0.56552076,0.60343814,2026-10-06T16:00:53.516059
46,0.6324073076248169,0.49973008036613464,0.7499986906051636,0.6326997876167297,0.7499986906051636,0.8197841291427612,0.902934717464447,2.2750158168792725,0.15294497537612914,4.304073864746094,1.9999235507965087,1.0,10.0,,,,,0.5121788940429688,0.5121788940429688,,,,17.14093772277832,1.103788712554297,0.09821944719382153,,0.06736901948216614,1.088986679626878,0.14374721406181906,0.0010853715704021395,0.028515537352461345,1.572101945899854,,0.001602594103833963,,75.62062558702603,18.663561827058246,,104.52084544965416,75.60676788524458,24.638061486991347,94.39174851338575,39.23180455007371,17.14092123432524,,0.6931080890309279,,0.06845761266103975,0.2078695538317322,,0.11130993775311548,0.0807738150380979,0.1795384999673078,0.0048026658452240524,0.3817839666157012,0.14715246372162158,,,,0.1981,3962.0,0.58827186,0.5902135,0.65647787,0.7583136,0.5915109,0.6096566,0.67511135,0.5904684,0.4927000105381012,0.8482251677513123,0.5861000418663025,0.8482251677513123,0.097,97.0,0.09523097884829565,0.08692802358935175,0.09427793185779297,0.1497238508193424,0.1491908815967699,0.1529812011518279,0.16594403581792633,0.15808113055592157,0.1629337345011952,-0.024722634625304413,-0.026344168540360563,-0.025637330583916502,-0.020983763365918565,-0.02560698625768957,-0.023623989990063272,-0.014407886658236255,-0.01435217192022133,-0.017831294125650855,0.55300003,0.55454546,0.52868223,0.60098684,0.71300817,0.58188975,0.53740156,0.6090909,0.4937000572681427,0.7557777132987976,0.6312999129295349,0.7557777132987976,0.088,88.0,0.33633172805512423,0.3333379018503667,0.3381601580989253,0.42648740189136897,0.4114602319214359,0.42286964647486674,0.41112920065822306,0.41162381914776214,0.4090631396141677,-0.010831369577576718,-0.011705388566157528,-0.011949642737288388,-0.011566493255059146,-0.01212225761167502,-0.012572591678278634,-0.006742726954022219,-0.008224689788805705,-0.008687674597943404,0.6201613,0.6310811,0.7291971,0.6935114,0.55325204,0.5964912,0.61178863,0.60072994,0.49320003390312195,0.802001440525055,0.6086999773979187,0.802001440525055,0.0925,92.5,0.21578135345170996,0.21013296271985923,0.21621904497835914,0.2881056263553557,0.28032555675910287,0.2879254238133473,0.2885366182380747,0.28485247485184184,0.28599843705768146,-0.017777002101440564,-0.019024778553259045,-0.018793486660602446,-0.016275128310488857,-0.018864621934682295,-0.018098290834170954,-0.010575306806129238,-0.011288430854513518,-0.013259484361797129,0.58658063,0.59281325,0.6289396,0.6472491,0.6331301,0.5891905,0.5745951,0.60491043,2026-10-06T16:05:01.088843
47,0.6339825391769409,0.5018599033355713,0.7482979390144349,0.6339026093482971,0.7482979390144349,0.822831314945221,0.9063204821586609,2.306905509567261,0.17662551789283754,4.348729853439331,1.999993180847168,1.0,10.0,,,,,0.49304617862701416,0.49304617862701416,,,,17.11649067993164,1.0111049493406987,0.07647924036807885,,0.0736361817415258,1.0681007086851035,0.14321282527344242,0.0010735137782216808,0.028302058666517402,1.6855194485111602,,0.002083946491282427,,75.58724373009554,18.636595051759368,,104.52289702786003,75.57221819640725,24.609292728885723,94.3918824894413,39.313795903685744,17.116459002160724,,0.6931433730823978,,0.06950051887969302,0.20802509955539825,,0.11274979296763232,0.08171013396257049,0.18214817895631122,0.004859509815574641,0.3906163394830789,0.15074278404758235,,,,0.1976,3952.0,0.5924018,0.5967177,0.6534667,0.7581754,0.6005452,0.60846466,0.6691171,0.5905092,0.4968000054359436,0.8408200097084045,0.5892000198364258,0.8408200097084045,0.086,86.0,0.13451965569413793,0.12960740980497648,0.1298346910111763,0.18670111664317326,0.1608235656150809,0.18168767871165456,0.16901482975651136,0.1560152981896216,0.16289369383199007,0.005491692700392954,0.006054110517188127,0.00700625934486154,0.0031963515477073253,1.1547946974818471e-05,0.00303515486577167,0.008258597658651242,0.006004235036741481,0.007101127731944911,0.53900003,0.5754546,0.52674425,0.6052632,0.7252033,0.57362205,0.5200788,0.6359849,0.4940500259399414,0.7475535297393798,0.6359999775886536,0.7475535297393798,0.08,80.0,0.3112760220164693,0.3000090814489251,0.3106043550530184,0.37535330523403015,0.36288816705520077,0.3746407325216267,0.33944286815556446,0.3378435067534923,0.3360309985203265,-0.007644399139721498,-0.009608243618937029,-0.009285804028789129,-0.004963538977417376,-0.007043089808993544,-0.010109610830467127,-0.004913380830484215,-0.0055698042269356676,-0.006155482268195307,0.6310484,0.61846846,0.73759127,0.7125954,0.5471545,0.59517545,0.6178862,0.60985404,0.4954250156879425,0.7941867697238922,0.6125999987125397,0.7941867697238922,0.08299999999999999,83.0,0.22289783885530362,0.21480824562695078,0.22021952303209735,0.2810272109386017,0.26185586633514085,0.2781642056166406,0.2542288489560379,0.24692940247155692,0.24946234617615826,-0.001076353219664272,-0.001777066550874451,-0.0011397723419637944,-0.0008835937148550254,-0.0035157709310093626,-0.0035372279823477288,0.0016726084140835135,0.00021721540490290655,0.000472822731874802,0.58502424,0.5969615,0.63216776,0.6589293,0.63617885,0.58439875,0.5689825,0.62291944,2026-10-06T16:09:09.766909
48,0.639115035533905,0.500622570514679,0.7393033411026001,0.6389474272727966,0.7393033411026001,0.8310762599945068,0.9154815279960632,2.394883965110779,0.19393847210407258,4.313161319351196,1.998965754699707,1.0,10.0,,,,,0.48243102188110354,0.48243102188110354,,,,17.08718850708008,1.135347136883599,0.09636635307198876,,0.07777635321305816,1.059718930417565,0.16020365761723487,0.0010613838659679505,0.027586317870315093,1.9102334376353367,,0.002149162764108968,,75.55393622331559,18.61815656674136,,104.52870989756978,75.53760217557287,24.578444681349833,94.39229374782295,39.35583029583002,17.087168808955298,,0.6926117228094939,,0.07057808671787286,0.20966014816502856,,0.1142956594088275,0.08274031776911134,0.184456643405234,0.004935767738872273,0.39682315622165704,0.15286702060016097,,,,0.18415,3683.0,0.59508824,0.5987314,0.65915215,0.7616904,0.60451716,0.61315155,0.6797894,0.59775966,0.4989500045776367,0.7966029624938965,0.6118000149726868,0.7966029624938965,0.1,100.0,0.1630166818769372,0.16178930776502165,0.16924129998185655,0.200250233875659,0.2074923163505015,0.22077982701854265,0.19875000220606498,0.1962522804140188,0.19014898671677716,-0.03301213301175466,-0.032070349150595805,-0.030693435757040522,-0.02960654957806337,-0.02683017249441553,-0.023735124994475363,-0.03625391018627534,-0.03708389940601724,-0.037308636988270964,0.5595,0.58000004,0.551938,0.65855265,0.7630081,0.57795274,0.55078745,0.6329546,0.5000000596046448,0.7438900561332703,0.6373999714851379,0.7438900561332703,0.102,102.0,0.3167583212478459,0.32068868522780936,0.3220119384717721,0.37442322642150766,0.36333815117646334,0.3768057750212446,0.3881943532020024,0.39325753267860686,0.3872802327472435,0.007170067940826593,0.007181087412042407,0.004735879628221489,0.007354531573536987,0.00893418009055206,0.003316827332928799,0.003273909025622047,0.0030535991009621364,0.00036890738386802707,0.6278226,0.60720724,0.7222628,0.7305344,0.55528456,0.60921055,0.646748,0.5854015,0.49947503209114075,0.7702465093135834,0.6245999932289124,0.7702465093135834,0.101,101.0,0.23988750156239155,0.2412389964964155,0.24562661922681434,0.2873367301485833,0.28541523376348243,0.29879280101989364,0.29347217770403367,0.2947549065463128,0.28871460973201035,-0.012921032535464033,-0.0124446308692767,-0.012978778064409516,-0.011126009002263192,-0.008947996201931735,-0.010209148830773281,-0.01649000058032665,-0.01701515015252755,-0.018469864802201467,0.5936613,0.5936036,0.6371004,0.6945435,0.6591463,0.5935817,0.59876776,0.60917807,2026-10-06T16:13:18.461107
49,0.6368845701217651,0.5013751983642578,0.7427326082229614,0.6368653178215027,0.7427326082229614,0.8295030717849732,0.9137335410118103,2.331266446685791,0.16777428039312361,4.006299643707275,1.9988605792999268,1.0,10.0,,,,,0.5211418289184571,0.5211418289184571,,,,17.06128218688965,1.0482373953245248,0.09796035852117144,,0.07992318954769594,1.04286371864331,0.1503420711560234,0.0011276868820801426,0.028571912781543033,1.8003248549570703,,0.0023974469556268543,,75.51997637900577,18.599355454657488,,104.53272091810871,75.50334891544026,24.551620276870242,94.39210063181106,39.44945582007147,17.061272092685577,,0.6925680234933355,,0.07173987710551852,0.21169908847778465,,0.11554816768617387,0.0838035257284049,0.18713910203830453,0.005073799891100758,0.4060868013436627,0.15590250378201723,,,,0.19285,3857.0,0.5905373,0.59347564,0.64791995,0.767891,0.60009736,0.61052525,0.67814904,0.60480654,0.5083499550819397,0.8191869649887085,0.6019999980926514,0.8191869649887085,0.097,97.0,0.13803055224555547,0.1394719235568968,0.13623219761353952,0.1810830777250693,0.14723768184978478,0.17814091720048314,0.17769525302604414,0.17839381857422554,0.1747094479242587,-0.014903268678940781,-0.015079093331464953,-0.016365839718590933,-0.021449816141078888,-0.024391801646747587,-0.02298429201756787,-0.008008111858477515,-0.006540314760700239,-0.007828774986974632,0.548,0.54227275,0.5496124,0.65098685,0.7455285,0.57992125,0.5263779,0.64772725,0.4984000325202942,0.7397661743164062,0.6395499110221863,0.7397661743164062,0.086,86.0,0.30654525180203646,0.3069976825228739,0.30872647162068945,0.34575678112716657,0.361005662162151,0.35818633254981136,0.369430955863446,0.3674449673834389,0.37005728593826814,0.010016664619580897,0.009884783804608277,0.00922326819281335,0.0008956973078800493,-0.0024410482598613953,-0.003304496779514142,0.006683165593542138,0.006873126748013987,0.00537431706621508,0.6286291,0.63153154,0.72189784,0.7221374,0.57073176,0.5982457,0.62682927,0.6021898,0.5033749938011169,0.7794765696525574,0.6207749545574188,0.7794765696525574,0.0915,91.5,0.22228790202379595,0.22323480303988535,0.2224793346171145,0.2634199294261179,0.2541216720059679,0.2681636248751472,0.2735631044447451,0.2729193929788322,0.2723833669312634,-0.002443302029679942,-0.002597154763428338,-0.0035712857628887916,-0.01027705941659942,-0.01341642495330449,-0.013144394398541006,-0.0006624731324676885,0.0001664059936568739,-0.001227228960379776,0.58831453,0.58690214,0.6357551,0.6865621,0.65813017,0.58908343,0.5766036,0.6249585,2026-10-06T16:17:26.918017
50,0.6392297148704529,0.5001372694969177,0.737507280254364,0.6390798091888428,0.737507280254364,0.8316203639984131,0.916086089515686,2.292929364967346,0.18992138611078263,4.258821040725708,1.9992831550598145,1.0,10.0,,,,,0.5266886441707611,0.5266886441707611,,,,17.047387954711915,1.4001570798599037,0.10389018774768159,,0.08393501212737363,1.020007126650233,0.14386803576141405,0.001094858810545841,0.028003654958810777,1.825561987366646,,0.002267923282187248,,75.48601643750622,18.576286145835926,,104.53929167340516,75.4689503080526,24.529515551913317,94.39126237031002,39.577037106653684,17.047381953828655,,0.6927901510220424,,0.07261982854384526,0.21260140874203604,,0.1171629729734105,0.08488971654586731,0.19058284163475037,0.005194347704742934,0.41733965049883365,0.16154649635409093,,,,0.1913,3826.0,0.5954892,0.6037254,0.6538629,0.7639218,0.60303736,0.6134546,0.6713649,0.6062322,0.5078000426292419,0.815703227519989,0.6119000315666199,0.815703227519989,0.097,97.0,0.27660946960176386,0.28732506449504147,0.2887358501323766,0.19752320479636157,0.18576682625168145,0.21346207310013166,0.28113717808770955,0.28905527825934085,0.290904984789869,0.0016589263909740184,0.0009274383673904896,0.002023996352623918,-0.009852685502657317,-0.019073003272005087,-0.006424166239330435,0.0035660589488459515,0.005093963152004887,0.0019109569309722929,0.57,0.5840909,0.5360465,0.66151315,0.7626017,0.60551184,0.51496065,0.642803,0.49345001578330994,0.7489990243911743,0.6447999477386475,0.7489990243911743,0.095,95.0,0.39055733490925243,0.40865916402201624,0.40759356794320545,0.32621463272764417,0.3329522285681525,0.33770816916702945,0.3997613125880339,0.40889690524561484,0.4110780994859123,0.003177559415595752,0.0004798288217562253,0.0005159655163394622,0.01012770495840139,0.006451522449551383,0.008372080830971018,0.002470856272250459,-0.00019505930764998066,-0.0006094153490679714,0.63387096,0.62972975,0.72846717,0.71564883,0.5691057,0.63377196,0.6300813,0.60583943,0.5006250292062759,0.7823511259555816,0.6283499896526337,0.7823511259555816,0.096,96.0,0.33358340225550814,0.34799211425852883,0.34816470903779106,0.26186891876200286,0.25935952740991697,0.2755851211335806,0.3404492453378717,0.34897609175247785,0.35099154213789063,0.0024182429032848854,0.0007036335945733575,0.0012699809344816901,0.00013750972787203702,-0.006310740411226852,0.0009739572958202916,0.0030184576105482053,0.002449451922177453,0.0006507707909521607,0.6019355,0.60691035,0.63225687,0.688581,0.6658537,0.6196419,0.572521,0.6243212,2026-10-06T16:21:35.724169
51,0.6437948346138,0.49979469180107117,0.7314913762092591,0.6436072587966919,0.7314913762092591,0.8228214372634888,0.9063095046997071,2.1051279508590697,0.19929452015161514,4.404327671432495,1.997529362487793,1.0,10.0,,,,,0.5421567801952362,0.5421567801952362,,,,17.032445544433592,1.5764026701640173,0.1358752158191648,,0.09479893108675624,1.029081773985723,0.14893564529669512,0.0012279679256515092,0.031181891205584168,1.635817488667312,,0.002783358359288952,,75.45247693881868,18.563363737361446,,104.54993113135076,75.43442122343998,24.50537890537529,94.38832004814391,39.66199877307673,17.032436115726544,,0.6919151798934694,,0.0737016859707559,0.21486863626795968,,0.11911887822637132,0.08597778585875869,0.1935350191631135,0.005327347823222921,0.4258072224392253,0.16695070969071357,,,,0.18765,3753.0,0.6030674,0.60340315,0.65326864,0.76773304,0.6098715,0.62294954,0.67695427,0.6100815,0.5034499764442444,0.8285969161987304,0.6017000079154968,0.8285969161987304,0.089,89.0,0.20502914047065124,0.23131577890377653,0.22160053811741706,0.12511665405828365,0.19422381983799272,0.17330770135653495,0.21589691586145168,0.22095438147653815,0.22825411520161037,0.0032181135240190325,-0.006480828555201189,-0.0013832421005163036,0.0022010478862288744,-0.02857005156836537,-0.001635484291294458,0.005168579281432505,-0.0012525436371495806,0.00028139719960639566,0.5675,0.565,0.56666666,0.6184211,0.7158537,0.60590553,0.5047244,0.6560606,0.503000020980835,0.7379040389060975,0.6461500525474548,0.7379040389060975,0.093,93.0,0.42698427144868034,0.43362140603380117,0.43758155138109883,0.3961749179133842,0.3831181141968103,0.4024902380476307,0.4536224483804116,0.45886709274594367,0.45754237879112714,0.0036324236465853517,-0.0002464416584896639,0.0006199138180095393,0.010491268895886363,0.005920920395160374,0.0081214859253927,0.004583934340605253,0.0031271084151155487,-0.0002227011852385313,0.6471774,0.6558559,0.7343066,0.6866413,0.5703252,0.62631583,0.62398374,0.61496353,0.5032249987125397,0.783250477552414,0.6239250302314758,0.783250477552414,0.091,91.0,0.3160067059596658,0.33246859246878885,0.32959104474925793,0.26064578598583393,0.2886709670174015,0.28789896970208284,0.33475968212093166,0.3399107371112409,0.3428982469963687,0.003425268585302192,-0.0033636351068454264,-0.0003816641412533822,0.006346158391057619,-0.0113245655866025,0.003243000817049121,0.0048762568110188795,0.0009372823889829841,2.9348007183932178e-05,0.60733867,0.610428,0.6504866,0.65253115,0.6430894,0.6161107,0.56435406,0.63551205,2026-10-06T16:25:44.471643
52,0.6468151211738586,0.502220094203949,0.7241290303230286,0.6481049060821533,0.7241290303230286,0.8013474715232849,0.8824495428085327,1.836332123374939,0.19249774672985076,3.8615923015594484,1.9998815521240234,1.0,10.0,,,,,0.5443772258758545,0.5443772258758545,,,,17.020222409057617,1.4032705618887191,0.0956478854226079,,0.10492944096920977,1.0233099583987217,0.1347517639303663,0.001471245378866839,0.035460281345969555,1.4140535583541651,,0.003455299389315769,,75.4191233641023,18.53882988850782,,104.5677712798878,75.39965475288926,24.48100151985314,94.38491252729088,39.78676476448205,17.020233105702005,,0.6930882106920716,,0.074838581500919,0.21537413766050034,,0.12118210842844787,0.0870363561400942,0.19661883165122598,0.005416151910284712,0.4363710694252306,0.17275043259001083,,,,0.21065,4213.0,0.6086207,0.6109344,0.65754753,0.775395,0.6098131,0.6248889,0.68513566,0.6110387,0.5100499987602234,0.8705674538612366,0.5908499956130981,0.8705674538612366,0.104,104.0,0.2904429334581803,0.30276661582541337,0.29984628290133625,0.2443810103922003,0.23019817041543214,0.22992817187452314,0.2835911666573297,0.2759327255452963,0.28892773344353956,-0.020297770501811,-0.017735728242589635,-0.01890729694917464,-0.02173695254713122,-0.012991663524433301,-0.02546920127365714,-0.026119346667298458,-0.023987118558111288,-0.02614706491200401,0.5275,0.54318184,0.5104651,0.6625,0.7747968,0.5822835,0.4948819,0.6037879,0.5034999847412109,0.8386246862411499,0.6038500070571899,0.8386246862411499,0.105,105.0,0.4039046299528155,0.4213092376610068,0.42946787035141293,0.3214351649780643,0.31158499576437054,0.3313195139658538,0.392650455464139,0.39722859290835577,0.40073184735853296,0.011468414153817247,0.0053716861685697585,0.003754132414316722,0.023689754636819705,0.02163867846230951,0.011774352600055073,0.007673255546408251,0.0029332399188268152,-0.0052660988059690635,0.5580646,0.5572072,0.6145986,0.7103054,0.5699187,0.5877193,0.6390244,0.5828467,0.5067749917507172,0.8545960700511932,0.597350001335144,0.8545960700511932,0.1045,104.5,0.3471737817054979,0.3620379267432101,0.3646570766263746,0.2829080876851323,0.27089158308990136,0.2806238429201885,0.3381208110607343,0.336580659226826,0.34482979040103623,-0.004414678173996876,-0.006182021037009938,-0.007576582267428958,0.0009764010448442429,0.004323507468938105,-0.006847424336801033,-0.009223045560445103,-0.010526939319642237,-0.01570658185898654,0.5427823,0.5501945,0.5625318,0.6864027,0.67235774,0.5850014,0.5669531,0.5933173,2026-10-06T16:29:53.260521
53,0.6512404084205627,0.4973948299884796,0.7178078714847564,0.6516429781913757,0.7178078714847564,0.7904233494758606,0.8703116279602051,1.6821061944961548,0.20514614930152894,3.9390779541015624,1.999995277404785,1.0,10.0,,,,,0.5593790893554688,0.5593790893554688,,,,17.015386663818358,1.511833885198186,0.10709898863106397,,0.11239863165719494,0.9949326676547907,0.14502047291796677,0.00139901062301627,0.03716791702351373,1.5600266042788318,,0.003424989745824651,,75.38458281110047,18.518384678348614,,104.59394559435025,75.36507138780728,24.460390649783385,94.38245561927747,39.94732950295612,17.015369269498596,,0.6931448320674288,,0.07577102118806475,0.21695110211326818,,0.12387522248325834,0.08817357508240233,0.20033784941503197,0.005556557523264627,0.44871690584595797,0.1796193593626569,,,,0.2099,4198.0,0.6163793,0.61554575,0.6639857,0.77744865,0.6175234,0.62680805,0.6793641,0.6143788,0.5039499402046204,0.7790020027160645,0.6294999718666077,0.7790020027160645,0.105,105.0,0.23596561450191808,0.23669706243844493,0.2484190122365351,0.19365479357297533,0.19234720941916797,0.19614532866196774,0.2284592370182319,0.2246678243259062,0.22532231667270008,0.009062935782821668,0.0058354316574953415,0.00890268393233766,0.015331915122249684,0.008866572502810817,0.012847017838693638,-0.005689397711304843,-0.0034617038595241042,-0.007746836407929468,0.5375,0.575,0.6465116,0.65921056,0.7796748,0.62362206,0.507874,0.67651516,0.4942000210285187,0.7166496381759644,0.6627500057220459,0.7166496381759644,0.098,98.0,0.3694039746659515,0.38696879724709293,0.39336398357284924,0.2561397623953428,0.269760066068677,0.2779719818610382,0.3352376805356251,0.33646413355540894,0.34389565155857926,0.003524551031789125,0.0005381291446753743,0.0012850634992436973,0.010192628718987922,0.006389132362692017,0.005639248563392133,0.0006160615331840899,-0.001998126330657778,-0.003815876066135323,0.646371,0.6621622,0.7835766,0.72328246,0.58089435,0.65175444,0.6402439,0.6021898,0.4990749806165695,0.7478258204460144,0.6461249887943268,0.7478258204460144,0.1015,101.5,0.30268479458393477,0.31183292984276895,0.3208914979046922,0.22489727798415907,0.23105363774392246,0.237058655261503,0.2818484587769285,0.2805659789406576,0.2846089841156397,0.006293743407305397,0.003186780401085358,0.005093873715790679,0.012762271920618802,0.007627852432751417,0.009243133201042884,-0.0025366680890603764,-0.002729915095090941,-0.005781356237032395,0.5919355,0.61858106,0.71504414,0.6912465,0.6802846,0.6376883,0.57405895,0.63935244,2026-10-06T16:34:02.861821
54,0.6481423377990723,0.5025225877761841,0.7133781112670898,0.6529796719551086,0.7133781112670898,0.8018596934318543,0.8830186811447144,1.8022073678970336,0.14048802666664123,4.139057950210571,1.999985977935791,1.0,10.0,,,,,0.5996788380622864,0.5996788380622864,,,,17.002402197265624,1.195526025097841,0.1045992612174362,,0.09524945729667214,0.9825887404809333,0.14170757353685465,0.001266122387446297,0.034823930329957585,1.6124897407498329,,0.002943905093039795,,75.35007928738928,18.501069816054812,,104.61228413187015,75.33055255671216,24.439100581369583,94.3785657943434,40.0672141883024,17.002400902426167,,0.6931402026468022,,0.07685379437200583,0.21916029578561236,,0.12638651783678942,0.08927623168298393,0.2037029385946359,0.005706440817540998,0.4584532106757923,0.18514720934211829,,,,0.20545,4109.0,0.61718124,0.6191099,0.6743067,0.7737362,0.61234426,0.6288283,0.6823208,0.6144807,0.49825000762939453,0.9085380353927612,0.5589500665664673,0.9085380353927612,0.113,113.0,0.2715347734245776,0.2732430134041626,0.2762327488810504,0.267760133174051,0.28218282768160047,0.2679648796091827,0.27287288911641694,0.26695824827317244,0.26635623952416554,-0.025173631041875904,-0.026489448220048256,-0.02595053258659139,-0.030719721669457134,-0.028704716976233044,-0.03160654365428573,-0.017730680027984065,-0.023605973317480735,-0.022240078482137122,0.49650002,0.5168182,0.49302328,0.6230264,0.70081306,0.5370079,0.5106299,0.56742424,0.49800005555152893,0.8940922989845276,0.5621500015258789,0.8940922989845276,0.097,97.0,0.4184117023350391,0.43350319088708195,0.43553392127833807,0.3414929858923338,0.34872844235481476,0.3453549659367985,0.41045167548788003,0.4191794245908241,0.4275200914013488,-0.001031094516078765,-0.00466348859125251,-0.004770659002368754,0.013062733916175675,0.007061691078939983,0.010737950863601521,-0.0020838429284461553,-0.004600549044936843,-0.007217223962164675,0.5282258,0.5252252,0.5321168,0.6580153,0.54105693,0.552193,0.6101626,0.5452555,0.49812503159046173,0.9013151671886444,0.5605500340461731,0.9013151671886444,0.10500000000000001,105.0,0.3449732378798084,0.3533731021456223,0.3558833350796943,0.3046265595331924,0.3154556350182076,0.3066599227729906,0.34166228230214846,0.34306883643199826,0.34693816546275713,-0.013102362778977335,-0.015576468405650383,-0.015360595794480071,-0.008828493876640729,-0.010821512948646531,-0.010434296395342105,-0.00990726147821511,-0.01410326118120879,-0.014728651222150899,0.5123629,0.5210217,0.51257,0.6405208,0.62093496,0.5446005,0.56039625,0.55633986,2026-10-06T16:38:11.614921
55,0.6574349999427795,0.5012202858924866,0.6976338367462158,0.6614579558372498,0.6976338367462158,0.810863588809967,0.8930230091094971,1.9283900047302247,0.1959816697359085,3.7389558219909667,1.9999284568786622,1.0,10.0,,,,,0.5584184267044068,0.5584184267044068,,,,17.00215057067871,0.8623531316496005,0.0828895163336757,,0.08209646196596941,0.9634799835788217,0.1418977417763631,0.0013460891938970015,0.03796307519552814,1.2915452557384588,,0.0030119247112799863,,75.31571615425645,18.47805567455899,,104.61510467529297,75.29641466080004,24.41982992135795,94.37665533563893,40.17034639978105,17.00214095631982,,0.6931115726756442,,0.0775938956126286,0.22039359921862364,,0.1275864196051458,0.09035035711564836,0.2072889877922216,0.005738735412526282,0.4670828055044648,0.19296808768609527,,,,0.19995,3999.0,0.6226945,0.6378776,0.6826664,0.7811809,0.6207944,0.6368283,0.6839206,0.62417513,0.5116500854492188,0.7879048914909362,0.6300999522209167,0.7879048914909362,0.108,108.0,0.22480597369770008,0.22516710124985745,0.23339208085673965,0.1785853847307598,0.17121414059780254,0.1654396163129364,0.20915414855824457,0.19480202176832373,0.21365481050872576,-0.002050225585960909,-0.0032042360324234017,-0.004933547370486014,0.003765410685089522,-0.00016223996650724715,-0.002819981612448885,-0.003733455426603068,-0.0024449978762252638,-0.004316307373064335,0.5385,0.5681818,0.62015504,0.6980263,0.83170736,0.61220473,0.5074803,0.62992424,0.5044000148773193,0.7307867140769958,0.6613999009132385,0.7307867140769958,0.097,97.0,0.3803775812104928,0.4007092866682764,0.4063078501418718,0.285960398918049,0.3056029562212991,0.2976613372220186,0.36002613186814675,0.36678077081486077,0.3736032603411142,0.007292876305689316,0.004427435767421913,0.00480417229077898,0.01870992165285051,0.016680404032061447,0.01664540848980238,0.005134661108479736,0.0033952885025746913,0.0010806733504703406,0.6459677,0.6558559,0.7233577,0.7572519,0.5735773,0.6267544,0.6691057,0.6270073,0.508025050163269,0.759345802783966,0.6457499265670776,0.759345802783966,0.10250000000000001,102.5,0.30259177745409643,0.3129381939590669,0.3198499654993057,0.2322728918244044,0.23840854840955084,0.2315504767674775,0.2845901402131957,0.2807913962915922,0.29362903542491997,0.0026213253598642034,0.0006115998674992556,-6.468753985351726e-05,0.011237666168970015,0.0082590820327771,0.006912713438676747,0.000700602840938334,0.00047514531317471376,-0.001617817011296997,0.5922339,0.6120188,0.6717564,0.7276391,0.7026423,0.61947954,0.588293,0.6284658,2026-10-06T16:42:20.798745
56,0.6531347036361694,0.4982272982597351,0.6951638603210449,0.663134753704071,0.6951638603210449,0.8119413354873657,0.8942205019950866,1.9468697120666505,0.19988209127187728,3.627744622039795,2.0,1.0,10.0,,,,,0.570145890045166,0.570145890045166,,,,16.99025780029297,0.8486679426044416,0.08114274130885009,,0.08490059814255708,0.9806255020533398,0.1481767829009302,0.001294818816181557,0.03782943882949793,1.5037491782835335,,0.002754633244140753,,75.28121817036039,18.45459837214962,,104.61384451313383,75.26168585127326,24.395069012975995,94.3743042186567,40.2662544736437,16.99024088671253,,0.6931471824645996,,0.07838068594028995,0.22136883513563,,0.1285969503935735,0.09137734500276055,0.2099544426817803,0.005757661539301941,0.47525810170325505,0.19810382936410842,,,,0.20875,4175.0,0.6301925,0.6431937,0.6904715,0.7802133,0.61629677,0.6281414,0.6886391,0.6265377,0.49404996633529663,0.7860996704101563,0.6229999661445618,0.7860996704101563,0.126,126.0,0.15902909006129298,0.17085711210001198,0.1807524894765887,0.0937104627175455,0.10705985760001056,0.10694253379417121,0.10165544356300867,0.09587957180690178,0.11838917931442712,-0.03008169421163228,-0.026563323948106392,-0.03213409317566068,-0.023779884653498243,-0.013633051535462671,-0.023208737163442343,-0.026910332108660007,-0.025320264800212287,-0.029949756672467725,0.5675,0.5772727,0.6670543,0.6365132,0.75447154,0.61417323,0.50078744,0.6481061,0.5051499605178833,0.7104981646537781,0.6605501174926758,0.7104981646537781,0.115,115.0,0.34025205152634536,0.35000895588338976,0.37091495900161076,0.26664135355717516,0.26031299089004023,0.27273449672134414,0.3124175316462106,0.3100474463039836,0.330693779065296,0.006542517402048112,0.0001245224735359392,0.002321155444749252,0.017251847143714867,0.0063337791898281535,0.010027702636913088,0.003123738928935615,-0.0011412529137005865,-0.004169380286456752,0.6665323,0.6806307,0.7821168,0.69618326,0.55,0.6276316,0.6321138,0.6354015,0.49959996342658997,0.7482989175319672,0.6417750418186188,0.7482989175319672,0.1205,120.5,0.24964057079381918,0.26043303399170087,0.27583372423909974,0.18017590813736034,0.1836864242450254,0.1898385152577577,0.20703648760460963,0.2029635090554427,0.22454147918986156,-0.011769588404792084,-0.013219400737285227,-0.014906468865455715,-0.003264018754891688,-0.0036496361728172587,-0.006590517263264628,-0.011893296589862195,-0.013230758856956437,-0.017059568479462238,0.61701614,0.62895167,0.72458553,0.6663482,0.65223575,0.6209024,0.5664506,0.6417538,2026-10-06T16:46:29.273511
57,0.635947585105896,0.4996875524520874,0.691946126461029,0.6653997302055359,0.691946126461029,0.806588494682312,0.8882729025840759,1.908424859046936,0.18436064068078994,3.5265032733917234,1.9999991622924804,1.0,10.0,,,,,0.5573334768295288,0.5573334768295288,,,,16.96699989013672,0.9181378609055926,0.10158181790808204,,0.09053257786354442,0.9639379361252876,0.14001509471304097,0.0013727363503751623,0.03808491081473934,1.3295187946337803,,0.0037925277256768697,,75.24603033369513,18.432926736819518,,104.61440685296515,75.22711103888834,24.367903180942413,94.37325184816008,40.34520731154521,16.966993064637396,,0.6931467656117336,,0.07902993698408649,0.22281922409488897,,0.1296287927847759,0.09234429857913096,0.212338101142531,0.005805310297899755,0.4824206709482108,0.2005539811720514,,,,0.2209,4418.0,0.62706494,0.64615387,0.6934628,0.7866311,0.6093458,0.63834345,0.6899555,0.63114053,0.5022000074386597,0.8017870697975159,0.6213999390602112,0.8017870697975159,0.118,118.0,0.24122005265551963,0.24037012938297356,0.250931200524837,0.21341146750725992,0.1889674921035604,0.20164997951528973,0.2391987974945627,0.22705031926899966,0.22482769919424112,-0.01471915457306974,-0.017165937808241234,-0.012935566728921462,-0.01456535245307002,-0.02301665385774375,-0.017376135306648794,-0.016422470019221126,-0.01848107846514154,-0.015888826494422102,0.54550004,0.5418182,0.59379846,0.69440794,0.83536583,0.57992125,0.52874017,0.61780304,0.49834999442100525,0.7668804545402527,0.6382999420166016,0.7668804545402527,0.119,119.0,0.4093383746905452,0.43661543303523476,0.44024676874025576,0.32731697937034865,0.338323842801999,0.31443486757997796,0.38519432147044397,0.3952864660407025,0.396112296835157,0.005512826510649431,0.0002746919958953545,0.002833158962062286,0.013377271166623173,0.001230766891161411,0.005631819340687599,0.0011210819341291372,-0.002655360342286149,-0.004790888645753917,0.5895161,0.6108108,0.66094893,0.74923664,0.55853665,0.6298246,0.66747963,0.62846714,0.5002750009298325,0.7843337621688843,0.6298499405384064,0.7843337621688843,0.1185,118.5,0.3252792136730324,0.33849278120910414,0.3455889846325464,0.2703642234388043,0.26364566745277973,0.25804242354763385,0.31219655948250336,0.3111683926548511,0.31046999801469904,-0.004603164031210154,-0.00844562290617294,-0.005051203883429588,-0.000594040643223423,-0.01089294348329117,-0.005872157982980597,-0.007650694042545994,-0.010568219403713846,-0.010339857570088009,0.5675081,0.5763145,0.6273737,0.72182226,0.69695127,0.60487294,0.5981099,0.6231351,2026-10-06T16:50:37.914177
58,0.6326749920845032,0.4983227550983429,0.6941640975952148,0.6639049053192139,0.6941640975952148,0.8089546095848084,0.8909019225120545,1.9440016868591308,0.213050647521019,3.6277399383544924,1.999855859375,1.0,10.0,,,,,0.5603289021968841,0.5603289021968841,,,,16.9495208190918,0.901698473152841,0.09723243832730563,,0.08686954343015221,0.9639395251395596,0.14112860424693224,0.0013008086265889323,0.03767065898438168,1.4752174217230196,,0.0030323160683608666,,75.21040781592107,18.41037608104147,,104.62038334160094,75.19288717865184,24.341815316753024,94.36814511050085,40.439831873413866,16.949508266084514,,0.6930754154351106,,0.07968278233982196,0.22394981477290962,,0.13104497655561775,0.09333218173806075,0.2148647016021097,0.005871154655625296,0.49039437778436457,0.20432192030226348,,,,0.2152,4304.0,0.6266239,0.63789773,0.68900555,0.784538,0.61954826,0.63252527,0.69046175,0.6291853,0.5032499432563782,0.9643275547027588,0.5525500774383545,0.9643275547027588,0.135,135.0,0.22760135759443378,0.23318802421827448,0.2421397516819043,0.16649487462982662,0.1593404999363841,0.17171027541839112,0.19984559174215757,0.19508471582235087,0.19221310965998392,-0.03706139824210093,-0.03545976961035593,-0.03242811358322079,-0.03826384351988778,-0.033191517480267274,-0.030633937893739326,-0.0425078790053783,-0.04296260643893737,-0.04061816793126431,0.4955,0.49818182,0.49651164,0.6118421,0.6768293,0.5283464,0.5125984,0.5734849,0.5061999559402466,0.9797182321548462,0.5510501265525818,0.9797182321548462,0.139,139.0,0.3428481699343865,0.3670083347772735,0.36920086878935315,0.2606846090522237,0.2663877064199565,0.25540111346201405,0.28681167761171505,0.28760722453971,0.2962230543170684,0.016609593832933832,0.009623325328523074,0.011176020042481017,0.021751999829658985,0.011592693842016265,0.01436465394484952,0.012943837096550411,0.007574628819726302,0.004450721639508691,0.5173387,0.5211712,0.51240873,0.64694655,0.5313008,0.5394737,0.5947155,0.5408759,0.5047249495983124,0.9720228934288024,0.5518001019954681,0.9720228934288024,0.137,137.0,0.28522476376441014,0.300098179497774,0.30567031023562874,0.21358974184102514,0.2128641031781703,0.2135556944402026,0.24332863467693633,0.24134597018103043,0.24421808198852618,-0.01022590220458355,-0.012918222140916428,-0.010626046770369888,-0.008255921845114396,-0.010799411819125505,-0.008134641974444903,-0.014782020954413944,-0.017693988809605536,-0.01808372314587781,0.50641936,0.5096765,0.5044602,0.6293943,0.60406506,0.53391004,0.55365694,0.5571804,2026-10-06T16:54:47.039516
59,0.642587423324585,0.4976571798324585,0.6916496980667114,0.6643774509429932,0.6916496980667114,0.8206447220802308,0.9038909309387207,2.0288933361053467,0.20021523160934449,4.0609868671417235,1.9999994369506835,1.0,10.0,,,,,0.6001319390296936,0.6001319390296936,,,,16.93228627319336,0.956390054172771,0.09438829738528105,,0.08004434299981518,0.9428038321862555,0.14192994328061487,0.0012144370265542322,0.03557930949031358,1.5131172399232342,,0.002855488975609469,,75.17545420652742,18.390632471461206,,104.62437808285853,75.15849741553045,24.317733825392025,94.36754559559428,40.50233274812152,16.932289925350506,,0.693146901905157,,0.08053616083161846,0.22561006627644703,,0.1324880638509799,0.09434612157048693,0.21773719009320447,0.006021605771936619,0.4965237185453913,0.20774953437458937,,,,0.20175,4035.0,0.62371695,0.64031416,0.6854794,0.7831359,0.61446655,0.64551514,0.6913528,0.6299389,0.5084500312805176,0.7486366858482361,0.6393499970436096,0.7486366858482361,0.125,125.0,0.25746279301515573,0.2680562807036735,0.2863592209019779,0.19111599445180188,0.18305685007270658,0.20018731677438145,0.22384661842229875,0.2238333168327685,0.2345062513936699,-0.04064655467509362,-0.03842920174520092,-0.03663295766266564,-0.042546054907257796,-0.03931530476417482,-0.043901976602518315,-0.03684982200681001,-0.03894351935535786,-0.04116448258692264,0.5755,0.5681818,0.6313954,0.7118421,0.81707317,0.5988189,0.5098425,0.6693182,0.4858500063419342,0.6686552462577819,0.6808999180793762,0.6686552462577819,0.121,121.0,0.3840007120047191,0.40732965602503474,0.4120047479140632,0.3021647841002916,0.3105282713784121,0.3016334980686339,0.36958447575689735,0.3764263811700911,0.38196370524580375,0.017693216685892757,0.01256118743953703,0.01183211930201387,0.02522931391560001,0.021393758372226544,0.018008113940534753,0.011362378603995938,0.005979839377475528,-8.873382791313134e-05,0.67096776,0.7009009,0.7952555,0.74236643,0.5703252,0.65657896,0.6682927,0.6313869,0.4971500188112259,0.708645966053009,0.6601249575614929,0.708645966053009,0.123,123.0,0.3207317525099374,0.33769296836435414,0.34918198440802056,0.24664038927604673,0.24679256072555933,0.25091040742150766,0.296715547089598,0.3001298490014298,0.30823497831973684,-0.011476668994600432,-0.012934007152831944,-0.012400419180325884,-0.008658370495828894,-0.00896077319597414,-0.012946931330991781,-0.012743721701407036,-0.016481839988941163,-0.020626608207417886,0.6232339,0.6345414,0.71332544,0.7271043,0.6936992,0.6276989,0.5890676,0.65035254,2026-10-06T16:58:55.498087
60,0.6557521224021912,0.4993599057197571,0.6869863049507141,0.6675975322723389,0.6869863049507141,0.8209668777465821,0.9042488851547241,2.056808966064453,0.2122094029545784,3.868475527191162,1.9999047882080079,1.0,10.0,,,,,0.5731357724189758,0.5731357724189758,,,,16.92390437927246,0.7702691908095293,0.09539666169198455,,0.07947192109741602,0.9456857188492064,0.1437827349658225,0.001255262980017378,0.03641606673337282,1.3987706734496317,,0.0027176941652110463,,75.14023390848925,18.372358844538404,,104.62742439804563,75.1241608637913,24.297116346419998,94.36691405666862,40.58335679655622,16.923904394647877,,0.6930997800675167,,0.08113945868744213,0.22739731060091856,,0.13361508299590677,0.09533640761284312,0.22078546112889696,0.006190696953659414,0.5034684683107267,0.21279008088597826,,,,0.2068,4136.0,0.6359663,0.64248896,0.68528134,0.79533964,0.6183022,0.64301014,0.68786955,0.6311609,0.4947000741958618,0.7427083735466004,0.6463500261306763,0.7427083735466004,0.143,143.0,0.247368160484183,0.27399912441104757,0.28162183144856195,0.18047392227278047,0.22381375260299893,0.1968537445570239,0.2372475546944928,0.24924993375989069,0.26702542157907677,-0.0013597388100970598,-0.008653593402731448,0.0005308858883804387,-0.0010051092124210759,-0.010278259067274599,-0.0009348180699555965,-0.0004953520854578328,-0.0032521176495128815,-0.0037078569962921827,0.5655,0.5736364,0.648062,0.70361847,0.83536583,0.61929137,0.5350394,0.6575758,0.509350061416626,0.6736100001335144,0.6825999617576599,0.6736100001335144,0.134,134.0,0.412599713042807,0.44460135192002886,0.44086539244087064,0.3224091366415806,0.33471415374713165,0.30893176508979486,0.38262749236976396,0.38698548738801575,0.3842114157017775,0.013838317458769312,0.005678152773376991,0.01028352634350269,0.023752262218397234,0.015818768850497284,0.016624544947192725,0.009174450317356567,0.003132103024265711,-0.001311365500206677,0.6729839,0.70810807,0.7930657,0.75534356,0.5593496,0.6535088,0.67235774,0.63467157,0.5020250678062439,0.7081591868400574,0.6644749939441681,0.7081591868400574,0.1385,138.5,0.329983936763495,0.35930023816553824,0.3612436119447163,0.25144152945718057,0.2792639531750653,0.2528927548234094,0.3099375235321284,0.3181177105739532,0.3256184186404272,0.006239289324336126,-0.0014877203146772288,0.005407206115941564,0.01137357650298808,0.0027702548916113427,0.007844863438618564,0.004339549115949367,-6.0007312623585165e-05,-0.00250961124824943,0.61924195,0.64087224,0.7205639,0.729481,0.6973577,0.6364001,0.6036986,0.64612365,2026-10-06T17:03:04.609996
61,0.6623522639274597,0.5007923245429993,0.6859023168563843,0.6688400506973267,0.6859023168563843,0.8174909197807312,0.9003867031097412,2.039147880363464,0.20577388107776642,3.6666614837646483,2.0,1.0,10.0,,,,,0.586626940536499,0.586626940536499,,,,16.91533992614746,0.8419952601858764,0.11093508785554937,,0.08952769207631707,0.9168081158285688,0.1482471596852989,0.001374830812909848,0.03807746836096997,1.4551472922039639,,0.0029074093231458253,,75.10564962010474,18.35380552984347,,104.628209982708,75.0898552669841,24.27485653093666,94.36561667083934,40.66718561937854,16.915313550621082,,0.6931471824645996,,0.08191732483304989,0.22895931324381738,,0.1345724734910734,0.0963865703648063,0.22368146194394228,0.006412086815567343,0.5104757308200666,0.21768803733169653,,,,0.2115,4230.0,0.62910986,0.6395691,0.68823296,0.79735386,0.62133956,0.65189904,0.6943702,0.62741345,0.5036998987197876,0.743480085849762,0.6403499841690063,0.743480085849762,0.143,143.0,0.25520181094314576,0.29361492349112367,0.27922449189722004,0.21837890685485603,0.27081561568357637,0.22099576674720803,0.23933638063125343,0.24818207420246022,0.2506615914888508,-0.022225319685920928,-0.025213630400951332,-0.018338920946828523,-0.03968493540032927,-0.03746137014389434,-0.0260456761901547,-0.027232889234730082,-0.03074446682732733,-0.02927248853090348,0.5805,0.58863634,0.61007756,0.7148026,0.83821136,0.61929137,0.5,0.64356065,0.5085000395774841,0.6563586592674255,0.6845499873161316,0.6563586592674255,0.152,152.0,0.41554396918972664,0.44703734857646793,0.43766000171882885,0.33032428216996207,0.35503150543593165,0.3271527976006766,0.38477755778934,0.38388340199996046,0.3865508414294827,0.016652446386989723,0.008365422570986047,0.012021191504570532,0.024675351814699577,0.018394103011723666,0.019669598706302863,0.006644268214930337,0.002698882932778145,-0.0022200116288944565,0.6657258,0.69054055,0.80218977,0.7557252,0.57845527,0.66403514,0.67195123,0.63467157,0.5060999691486359,0.6999193725585937,0.662449985742569,0.6999193725585937,0.1475,147.5,0.3353728900664362,0.3703261360337958,0.35844224680802445,0.27435159451240904,0.312923560559754,0.2740742821739423,0.3120569692102967,0.31603273810121035,0.31860621645916676,-0.0027864366494656026,-0.008424103914982642,-0.003158864721128996,-0.007504791792814845,-0.009533633566085338,-0.003188038741925919,-0.010294310509899873,-0.014022791947274592,-0.01574625007989897,0.6231129,0.6395885,0.70613366,0.73526394,0.7083333,0.64166325,0.58597565,0.6391161,2026-10-06T17:07:13.355030
62,0.6623725295066833,0.4991076588630676,0.6799443362236023,0.6716797947883606,0.6799443362236023,0.8220496651649475,0.9054519810676575,2.0981366088867186,0.19230042340755463,3.532208095932007,1.9999970596313477,1.0,10.0,,,,,0.5896774792671203,0.5896774792671203,,,,16.89971404418945,0.7978287718857929,0.1216472865432311,,0.0912809325678713,0.901755785296677,0.14272420070353586,0.0013199481487668648,0.03745707411580025,1.3427352045372034,,0.003046701901190422,,75.07080034389617,18.33598255959286,,104.63188599021572,75.05601608373557,24.25226682918087,94.36085097197514,40.73026688691157,16.899700796528226,,0.6931457185441521,,0.0826378729028307,0.23062515182859578,,0.13582824322448414,0.09749450506108581,0.22634621666874855,0.0065177912663692125,0.5164478580663159,0.2212404968442431,,,,0.2131,4262.0,0.62558144,0.6439589,0.6975238,0.8060427,0.61670566,0.6583232,0.69459295,0.6293279,0.5009499788284302,0.8509967703819274,0.5898499488830566,0.8509967703819274,0.156,156.0,0.2934094225297538,0.2884647105298465,0.2995689871942,0.27870442581528093,0.26194840103574285,0.25968139504455406,0.2861473339727926,0.26641580377802926,0.27097135619352825,-0.015847053588461092,-0.013789202503473567,-0.013886375376879832,-0.02426054783551252,-0.026928640545682444,-0.019979198510804628,-0.008874702133374709,-0.008861530295841516,-0.00966946822180133,0.5,0.5222727,0.53333336,0.6756579,0.78089434,0.5464567,0.53937006,0.5829546,0.4980500042438507,0.8618835616111755,0.577049970626831,0.8618835616111755,0.153,153.0,0.44158483400458015,0.45318405566594644,0.45657281906370994,0.3751728121487182,0.377229928089223,0.36187338033755934,0.40928021501495687,0.40487552220419387,0.39865269052658686,0.021469389093069172,0.009477352094224685,0.012570764053161536,0.0319496893064708,0.0227780414102748,0.022198764861702545,0.014877203788197678,0.007627750449755435,0.00011492827933176382,0.5270161,0.53513515,0.52883214,0.7003817,0.551626,0.55964917,0.63861793,0.5686132,0.49949999153614044,0.8564401659965515,0.5834499597549438,0.8564401659965515,0.1545,154.5,0.36749712826716696,0.37082438309789645,0.37807090312895497,0.3269386189819996,0.31958916456248293,0.3107773876910567,0.34771377449387475,0.33564566299111154,0.33481202336005755,0.00281116775230404,-0.002155925204624441,-0.0006578056618591482,0.0038445707354791414,-0.0020752995677038224,0.0011097831754489588,0.0030012508274114844,-0.0006168899230430402,-0.0047772699712347825,0.5135081,0.5287039,0.53108275,0.6880198,0.6662602,0.5530529,0.588994,0.57578385,2026-10-06T17:11:22.993359
63,0.6594874262809753,0.5018948912620544,0.6783112001419067,0.6733403205871582,0.6783112001419067,0.8129823294639588,0.8953771615982056,2.0698778074264528,0.18611797429323196,3.4677826400756837,2.0,1.0,10.0,,,,,0.583695294380188,0.583695294380188,,,,16.885708502197264,0.8095225272284952,0.1168983525649947,,0.09816703864723254,0.8906362058630415,0.14776871182546494,0.0013052311851598536,0.038358194836575515,1.3370422794940366,,0.0032568329989325824,,75.0355712501866,18.318407702597842,,104.63915573411687,75.02198883834158,24.228403455892185,94.36026759056529,40.787142905460044,16.885676754508047,,0.6931471824645996,,0.08324510025180828,0.23247952835195385,,0.13732178670585535,0.09858750181782777,0.22895280418881944,0.00659796268424126,0.5219782465582441,0.2250796472950346,,,,0.2309,4618.0,0.6352446,0.64714056,0.69585973,0.80387044,0.62252724,0.6550101,0.69443095,0.6311813,0.5035499930381775,0.7673306221961975,0.6359999775886536,0.7673306221961975,0.217,217.0,0.2319571380469843,0.2477026199488195,0.24244104952437973,0.17883629901925233,0.2330631563083364,0.18013387369397424,0.18211665942558342,0.17992020097941144,0.1864152520178417,-0.007942064637375975,-0.00818622074999897,-0.010508997727250186,-0.0134057007556442,-0.013768045448987251,-0.019115411002231495,-0.016875453398022284,-0.015805792652175202,-0.024931052613512528,0.5795,0.5772727,0.62674415,0.6980263,0.83252037,0.60748035,0.51299214,0.6280303,0.4925500452518463,0.6682514204978943,0.6873000860214233,0.6682514204978943,0.189,189.0,0.41020913888398675,0.4403312014229884,0.4425501578279911,0.31379393490213653,0.3305652519782471,0.31320680497051806,0.3654229396424228,0.3719086601999697,0.37646654193625156,0.023601135685404888,0.013139745218260404,0.014739928289539156,0.035124533147201896,0.02135472564833213,0.02344719540696137,0.018641358717919186,0.010974282967315886,0.002187594853900692,0.6842742,0.7072072,0.80656934,0.75076336,0.57439023,0.6631579,0.6711382,0.62992704,0.4980500191450119,0.717791021347046,0.6616500318050385,0.717791021347046,0.203,203.0,0.32108313846548553,0.34401691068590395,0.3424956036761854,0.2463151169606944,0.2818142041432917,0.24667033933224614,0.2737697995340031,0.27591443058969056,0.28144089697704666,0.007829535524014455,0.002476762234130717,0.002115465281144485,0.010859416195778848,0.003793340099672439,0.002165892202364938,0.0008829526599484511,-0.002415754842429658,-0.011371728879805918,0.6318871,0.6422399,0.71665674,0.7243948,0.7034553,0.6353191,0.5920652,0.62897867,2026-10-06T17:15:32.257410
64,0.671078085899353,0.5020749568939209,0.6727239864349365,0.6769573092460632,0.6727239864349365,0.8127503645896912,0.8951194272041321,2.0715526443481447,0.17877446287870408,3.473995571899414,2.0,1.0,10.0,,,,,0.5926653666496277,0.5926653666496277,,,,16.863008544921875,0.7909202591818609,0.1430401793758201,,0.09622953943670935,0.9264533238805783,0.15320688725751677,0.0013585081995037757,0.03956863820363002,1.3743231545208365,,0.0028840048119253745,,75.00084205190088,18.305516261204033,,104.64587387765289,74.98861222965702,24.203809823200203,94.36123258748631,40.848175194612736,16.86298459046965,,0.6931471824645996,,0.08403519749831243,0.23499047319600536,,0.13877735528976295,0.09972800841187215,0.2315493321912304,0.006659475721679865,0.5276541261915948,0.22718926542883466,,,,0.23335,4667.0,0.63356054,0.64412,0.70188195,0.81406003,0.6230335,0.6585252,0.7036857,0.63533604,0.5041999220848083,0.7474165878295899,0.6428500413894653,0.7474165878295899,0.163,163.0,0.27471520713425596,0.29580844189389405,0.27823077835763776,0.22775756740277192,0.25269441177272495,0.1999000752688908,0.23119942534705648,0.20971165416034293,0.21378156210784466,-0.0006505863032018509,-0.0032149432733126096,-0.0011414972808174606,-0.004395006407229045,0.004434663625946201,-0.008349824527922538,-0.00334199589062827,-0.006473356596916404,-0.008495221783349684,0.584,0.58318186,0.62054265,0.7029605,0.8337399,0.61574805,0.5224409,0.6537879,0.5,0.6361296372413635,0.6979500651359558,0.6361296372413635,0.167,167.0,0.3971464598915726,0.4310679650417317,0.4286282941677541,0.30797713412200545,0.32277272426421216,0.2994700868674412,0.35311870080478813,0.34859958641138156,0.3575847382270479,0.0171657506421943,0.01045829640957036,0.012040443246927254,0.0217497107236433,0.01972002892730563,0.015039375351790394,0.008246743511928459,0.003320675425359201,-0.0023755982332018524,0.69475806,0.727928,0.83868617,0.7385496,0.58739835,0.66140354,0.6695122,0.6521898,0.5020999610424042,0.6917731125354767,0.6704000532627106,0.6917731125354767,0.165,165.0,0.3359308335129143,0.36343820346781286,0.3534295362626959,0.26786735076238866,0.28773356801846856,0.249685081068166,0.2921590630759223,0.27915562028586227,0.2856831501674463,0.008257582169496226,0.0036216765681288746,0.0054494729830548965,0.008677352158207127,0.012077346276625916,0.0033447754119339283,0.0024523738106500947,-0.0015763405857786015,-0.005435410008275769,0.639379,0.6555549,0.7296144,0.72075504,0.71056914,0.6385758,0.5959766,0.65298885,2026-10-06T17:19:41.238133
65,0.6778050065040588,0.4986976981163025,0.6663538703918457,0.6801196932792664,0.6663538703918457,0.8201422318458557,0.9033326123237609,2.148737844657898,0.18956965162754058,3.4431742824554443,2.0,1.0,10.0,,,,,0.6059173409461975,0.6059173409461975,,,,16.84487646484375,0.6790421770256796,0.12117947495667039,,0.090495312408467,0.9114630019209188,0.14936530307694607,0.0013797466567521737,0.03881688647351827,1.3549841006470333,,0.002913302890244563,,74.96598490332342,18.289072437650837,,104.65277308567315,74.95512103426988,24.180381118871605,94.3597719228951,40.938961757975775,16.844868520262896,,0.6931471824645996,,0.08466591619572063,0.23694875978740157,,0.1401893961581455,0.10088342513628067,0.234039560150189,0.006730925798961881,0.5348162977558792,0.23021320172935533,,,,0.22295,4459.0,0.636648,0.6522352,0.7016839,0.8207544,0.62476635,0.66232324,0.7008303,0.64028513,0.5046500563621521,0.7535035948753357,0.6380000114440918,0.7535035948753357,0.175,175.0,0.2133420409509815,0.26083419143710246,0.23665024142424468,0.15752882232462875,0.18779895935617594,0.13841331885434316,0.1598634371873269,0.16276265222544226,0.16811009662371093,0.03711251352943153,0.030967221240549743,0.033854094322516376,0.04898390021384347,0.04591552346014338,0.04865350984903211,0.030298354307216075,0.0306825797815708,0.02354151327268568,0.5575,0.55545455,0.62364346,0.71151316,0.8341463,0.6110236,0.5212599,0.65265155,0.4951499402523041,0.6357772660255432,0.696899950504303,0.6357772660255432,0.18,180.0,0.37316159260897774,0.4186103838517611,0.4040435581771512,0.29841492065003844,0.3388935410270597,0.29822158813724803,0.3189489241864999,0.3279640095443088,0.3347026995900676,0.01947457460009206,0.014670027215948407,0.015996788725859322,0.026811118967558088,0.024584551832091125,0.022176375117314753,0.015220850398008972,0.010643864012492643,0.007411224648623466,0.69475806,0.72387385,0.8434307,0.75114506,0.57967484,0.6631579,0.6691057,0.6368613,0.4998999983072281,0.6946404304504394,0.6674499809741974,0.6946404304504394,0.1775,177.5,0.29325181677997963,0.3397222876444318,0.32034689980069797,0.2279718714873336,0.26334625019161784,0.2183174534957956,0.23940618068691338,0.24536333088487555,0.25140639810688925,0.028293544064761797,0.022818624228249075,0.02492544152418785,0.037897509590700776,0.035250037646117255,0.03541494248317344,0.022759602352612523,0.020663221897031722,0.015476368960654572,0.62612903,0.6396642,0.7335371,0.7313291,0.7069106,0.63709074,0.5951828,0.64475644,2026-10-06T17:23:50.057358
66,0.6779698729515076,0.5003326535224915,0.6662895848751068,0.6796371340751648,0.6662895848751068,0.8088032876968384,0.8907337818145752,2.082795025444031,0.1704757331252098,3.4669496334075927,1.999999835205078,1.0,10.0,,,,,0.6073526817321777,0.6073526817321777,,,,16.827907666015626,0.6981442794203758,0.12771202210977578,,0.10265843648534671,0.8949770714826645,0.14735319709796815,0.0014517413367736776,0.03941597230732441,1.3757592509886263,,0.0032573172162289905,,74.93086126048094,18.268217864309907,,104.65742677336286,74.92119117299463,24.155879865026776,94.35921910765823,41.014095112017,16.82789724799478,,0.6931471004607571,,0.0852633292792709,0.23852177714086642,,0.14152271096493788,0.10198094496491608,0.23636260457858918,0.006816510775476505,0.5410628842700059,0.23328375066541562,,,,0.24925,4985.0,0.63901365,0.64748293,0.70453644,0.821722,0.6310553,0.6571313,0.6986027,0.63572305,0.48729991912841797,0.7638600344657898,0.6360999941825867,0.7638600344657898,0.211,211.0,0.23208761869469297,0.23967395942692066,0.23922483286075047,0.2101404522477664,0.20817010819668624,0.20533417991705152,0.2389224823570488,0.22943368476689752,0.2373357766698199,-0.013711973125760632,-0.010573002841789388,-0.014286074025630369,-0.01813625297478752,-0.009705207522383748,-0.02974670395125493,-0.02364452829837928,-0.026239204470183464,-0.02864105792263086,0.56450003,0.555,0.6174419,0.71710527,0.84308946,0.62007874,0.4980315,0.63825756,0.5021499991416931,0.6484122385978699,0.694100022315979,0.6484122385978699,0.192,192.0,0.38493967071211443,0.4101078301093101,0.41045478716076994,0.3166477339592656,0.3359965161564389,0.3182667224569609,0.35065540493707725,0.34766205301169084,0.3552661784164062,0.03273693777997178,0.025179875470287022,0.02290223697401113,0.040813947264473925,0.03590968419200277,0.029849848730396564,0.02437377977783912,0.01966439117224955,0.009104558556879187,0.68830645,0.722973,0.8321168,0.75496185,0.5723577,0.65921056,0.6772358,0.6332117,0.49472495913505554,0.7061361365318298,0.6651000082492828,0.7061361365318298,0.2015,201.5,0.3085136447034037,0.3248908947681154,0.32483981001076023,0.263394093103516,0.27208331217656256,0.26180045118700623,0.29478894364706304,0.2885478688892942,0.296300977543113,0.009512482327105574,0.007303436314248817,0.0043080814741903815,0.011338847144843203,0.013102238334809512,5.157238957081804e-05,0.00036462573972992005,-0.0032874066489669562,-0.009768249682875837,0.6264032,0.63898647,0.72477937,0.73603356,0.7077236,0.6396446,0.5876336,0.6357346,2026-10-06T17:27:58.583018
67,0.677969753742218,0.4981424808502197,0.6644489809036255,0.6807520985603333,0.6644489809036255,0.8092220554351807,0.891199078655243,2.0722662475585936,0.1817874954342842,3.4000544689178467,2.0,1.0,10.0,,,,,0.625983553981781,0.625983553981781,,,,16.811339505004884,0.7229809938532532,0.13617992560100403,,0.10522435289944053,0.8890130049104144,0.14681207300845983,0.0014123666392354545,0.04006447656091991,1.2851450064569523,,0.0033534831731879765,,74.89684222761993,18.252486951791557,,104.6661471227172,74.88774993313346,24.13487668857453,94.35514642022977,41.12554338783215,16.811324976052447,,0.6931471824645996,,0.08614498585652394,0.24038230869800423,,0.14308355103252798,0.10304211369555467,0.23902446278341258,0.006894048422005526,0.5489847614507007,0.23633911977907654,,,,0.248,4960.0,0.6344627,0.65793395,0.69847465,0.82047784,0.6323598,0.6588485,0.7021871,0.6396741,0.4949500560760498,0.7450430994033813,0.6404499411582947,0.7450430994033813,0.206,206.0,0.24296539935064157,0.26640858617810753,0.2518424380741593,0.20335494792577247,0.2615250657226051,0.18814103037254748,0.2517516763089251,0.2559232834825696,0.2585434899473601,-0.013857171101787552,-0.020282667674727816,-0.01538296595257387,-0.015590738932020978,-0.02780627694218776,-0.017968447140126034,-0.01415545394793709,-0.019643948696867804,-0.01722448340244545,0.5805,0.5668182,0.58449614,0.72105265,0.8390244,0.6228346,0.5224409,0.6545455,0.5056000351905823,0.6308420462608337,0.6995499730110168,0.6308420462608337,0.188,188.0,0.4092336118130632,0.44295413653784826,0.43780427486587614,0.3074242477527472,0.3282711305099491,0.31527882127768253,0.365874619355517,0.367015163436975,0.36860499412679104,0.03041589952983847,0.0207535850921985,0.02067622860501733,0.04356894857453431,0.03760983308474939,0.03200463357462377,0.02328489532928607,0.018025258555076012,0.007440431147749196,0.70282257,0.7391892,0.84890515,0.7469466,0.57439023,0.6635965,0.6768293,0.63248175,0.500275045633316,0.6879425728321076,0.6699999570846558,0.6879425728321076,0.197,197.0,0.3260995055818524,0.3546813613579779,0.3448233564700177,0.25538959783925985,0.2948980981162771,0.251709925825115,0.308813147832221,0.3114692234597723,0.31357424203707557,0.00827936421402546,0.00023545870873534214,0.0026466313262217293,0.013989104821256667,0.004901778071280815,0.007018093217248868,0.00456472069067449,-0.0008093450708958963,-0.0048920261273481275,0.6416613,0.6530037,0.7167007,0.7339996,0.70670736,0.64321554,0.5996351,0.6435136,2026-10-06T17:32:07.087885
68,0.6841702461242676,0.501322329044342,0.6566232788085937,0.6843398213386536,0.6566232788085937,0.7949535041809082,0.8753451331138611,1.9492553295135497,0.15841219152212144,3.1950428993225097,2.0,1.0,10.0,,,,,0.6304581942558288,0.6304581942558288,,,,16.801517364501954,0.689041211821471,0.14879570704451792,,0.1110944321058738,0.8709507630129528,0.14907159331213138,0.001431617366593438,0.040859027670779424,1.321275291738996,,0.0037241095449378012,,74.86276172224883,18.232000788305974,,104.68049577846648,74.85446191289623,24.115161324762234,94.35502235752762,41.218452696587626,16.801491403275993,,0.6931471824645996,,0.08696551179620111,0.24170176134367657,,0.14490548639920106,0.10415349905468096,0.2417555249230877,0.006986714605906397,0.5559404667016048,0.24038707099522755,,,,0.2691,5382.0,0.6464515,0.6548329,0.71125203,0.82049763,0.630627,0.66862625,0.70676386,0.63405293,0.49710002541542053,0.771392382144928,0.6337499618530273,0.771392382144928,0.224,224.0,0.21368995529684337,0.23420679714432752,0.22388474833813213,0.1457242208261914,0.1569195939059987,0.13353698336613332,0.1781441558387729,0.1737244566091506,0.1824402186278212,-0.0075511386451465245,-0.017218705011446844,-0.012947340235906442,0.004424657166500084,-0.007369313005607307,-0.006575122348731444,-0.010054925502155292,-0.01622524953863558,-0.017406210375105105,0.5675,0.5518182,0.5503876,0.71809214,0.8581301,0.62165356,0.5177165,0.6507576,0.503849983215332,0.6570990281105041,0.6965500116348267,0.6570990281105041,0.191,191.0,0.34143831876245684,0.3746587039673985,0.3761442255302884,0.2552707758771132,0.2555961410838105,0.25426532303895566,0.27971017706382906,0.2787039773833462,0.2915405391841774,0.02510918786922711,0.018766311277654466,0.020669222344994395,0.03348327135590785,0.031050843268436126,0.028664788682661507,0.01876851481975572,0.014166187762069507,0.007847713278470317,0.6879032,0.72657657,0.82153285,0.7667939,0.57845527,0.67061406,0.67479676,0.63503647,0.5004750043153763,0.714245705127716,0.665149986743927,0.714245705127716,0.20750000000000002,207.5,0.2775641370296501,0.304432750555863,0.3000144869342103,0.20049749835165231,0.2062578674949046,0.19390115320254447,0.22892716645130098,0.22621421699624839,0.23699037890599928,0.008779024612040292,0.000773803133103811,0.0038609410545439767,0.018953964261203965,0.01184076513141441,0.011044833166965033,0.004356794658800215,-0.0010295308882830373,-0.004779248548317394,0.62770164,0.63919735,0.68596023,0.742443,0.7182927,0.6461338,0.5962566,0.642897,2026-10-06T17:36:15.696575
69,0.6823196411132812,0.5007774233818054,0.6565633027076722,0.684785008430481,0.6565633027076722,0.7987123121261597,0.879521590423584,1.9839443740844727,0.18974818900823592,3.1648951343536376,2.0,1.0,10.0,,,,,0.6353237707138062,0.6353237707138062,,,,16.78331837158203,0.7146990758598231,0.15045291465368998,,0.11621570086498169,0.8766086568498308,0.14236419674032813,0.0015502551609092648,0.042396278173965254,1.1893865225041749,,0.0034348119704080983,,74.82859943171216,18.21292139770119,,104.69211141015315,74.82098403250336,24.094149571315498,94.35781214039797,41.32858045541557,16.783278009694094,,0.6931471824645996,,0.08771751854260257,0.24304026963224837,,0.14659314408044147,0.10523339878221985,0.24463904843588544,0.00709726137648912,0.5636347543661762,0.24303457330746256,,,,0.26985,5397.0,0.6398356,0.6570882,0.70903325,0.82541466,0.63311917,0.6596162,0.70538676,0.6471894,0.5015000700950623,0.744628676891327,0.6437998414039612,0.744628676891327,0.194,194.0,0.22036876015011247,0.26092060427336483,0.24845744519819327,0.14989737851452872,0.19026978840011727,0.15348246763838946,0.18691128323514763,0.18763485421388948,0.18577779835471273,4.0474229812284165e-05,-0.0014919523387296187,-0.004543138553755034,-0.004951906190162238,0.004830278733988846,-0.008018028796577132,0.005986691457810608,-0.000817512999466563,-8.695142453372161e-05,0.5465,0.54727274,0.6135659,0.73519737,0.86951214,0.6330709,0.5299213,0.6318182,0.5072500705718994,0.6445543737411499,0.6961498856544495,0.6445543737411499,0.199,199.0,0.3594033028417938,0.40459849862593456,0.39966063635201665,0.2638004279683097,0.301819762111435,0.27959486618506063,0.3022462281850106,0.308406743672406,0.31611865045051424,0.024040400691731932,0.012446281934197098,0.014258788102365241,0.03422588702788836,0.031065936860631336,0.022656685370129152,0.015669226377849274,0.011284542961902387,0.0012776808983436245,0.7004032,0.7166667,0.8120438,0.7835878,0.5800813,0.65789473,0.68373984,0.62335765,0.5043750703334808,0.6945915253162385,0.6699748635292053,0.6945915253162385,0.1965,196.5,0.28988603149595316,0.3327595514496497,0.32405904077510495,0.20684890324141922,0.24604477525577614,0.21653866691172505,0.24457875571007914,0.24802079894314774,0.2509482244026135,0.012040437460772107,0.00547716479773374,0.004857824774305103,0.014636990418863061,0.01794810779731009,0.00731932828677601,0.010827958917829941,0.005233514981217912,0.0005953647369049515,0.6234516,0.6319697,0.71280485,0.7593926,0.7247967,0.6454828,0.6068306,0.6275879,2026-10-06T17:40:24.193844
70,0.683707594871521,0.5015747547149658,0.6579550241470337,0.6841847896575928,0.6579550241470337,0.7989663229942322,0.8798038195610046,1.9696220285415649,0.1878250505208969,3.181396162033081,2.0,1.0,10.0,,,,,0.6583819984436036,0.6583819984436036,,,,16.758393139648437,0.7108890096283262,0.1414718470020089,,0.1113505605489585,0.8744852987064677,0.15197911232140413,0.0015038717378696106,0.04235743527199812,1.3555177410317074,,0.0036385802289428024,,74.79469974785094,18.197079458054464,,104.70476527122935,74.78725909579332,24.071014234214832,94.35772369773525,41.431633287174684,16.758380270307992,,0.6931471824645996,,0.08850173096937738,0.24449201953259242,,0.1482479883607026,0.1061907068938966,0.2471635207818572,0.007214770447700077,0.5709916489898779,0.24487546579852984,,,,0.26645,5329.0,0.6503609,0.6537455,0.69643426,0.8271723,0.6301597,0.659899,0.70856625,0.6457434,0.49845001101493835,0.7441850209236145,0.6490000486373901,0.7441850209236145,0.212,212.0,0.24847698920507544,0.3037752766304356,0.27976621206517344,0.14952736900670555,0.21200433451785897,0.1501268921914386,0.19210907839070993,0.20049240202124333,0.2012413575929263,-0.023693013578293735,-0.017271098921806748,-0.016932684524689115,-0.015892708172153974,8.862229207406188e-05,-0.011866501912252058,-0.02670755383250819,-0.029297749066498357,-0.0254962522679908,0.56450003,0.54227275,0.57596904,0.7631579,0.9012195,0.6267716,0.53346455,0.6393939,0.4993000328540802,0.6387832527160644,0.7028500437736511,0.6387832527160644,0.222,222.0,0.3345818170301707,0.40869604344328603,0.38131083469731875,0.22334415970235258,0.2932451091014424,0.24952976103551566,0.2641387825861272,0.27792668926199016,0.287135660736242,0.03068735776961851,0.024998588373731038,0.029476831957159545,0.03677307581946839,0.041530211383754505,0.03688263095341686,0.02195807842167979,0.019437536775038258,0.013467709359759458,0.6887097,0.72432435,0.82043797,0.8125954,0.58821136,0.64868426,0.7089431,0.6182482,0.4988750219345093,0.6914841368198394,0.6759250462055206,0.6914841368198394,0.217,217.0,0.2915294031176231,0.3562356600368608,0.3305385233812461,0.18643576435452908,0.2526247218096507,0.19982832661347713,0.22812393048841856,0.23920954564161673,0.24418850916458418,0.0034971720956623875,0.003863744725962145,0.006272073716235215,0.010440183823657209,0.020809416837914284,0.0125080645205824,-0.0023747377054141993,-0.00493010614573005,-0.006014271454115671,0.62660486,0.6332985,0.6982035,0.78787667,0.74471545,0.637728,0.62120384,0.6288211,2026-10-06T17:44:33.152542
71,0.6903625726699829,0.49700772762298584,0.6437684792041779,0.692107617855072,0.6437684792041779,0.7943640563964843,0.8746901943206787,1.928888151550293,0.19127071114778518,3.020257409667969,2.0,1.0,10.0,,,,,0.6644417914390564,0.6644417914390564,,,,16.741503009033202,0.7442097438938299,0.1439488320166518,,0.12306309937481667,0.866784244206301,0.1464741581659408,0.0015825370592094815,0.04347940075217159,1.2363627873788214,,0.0035713414150322816,,74.7604180597196,18.176505763059968,,104.71569926267976,74.75356793251767,24.048818891974772,94.36110930230207,41.51457197347264,16.74149269055409,,0.6931471824645996,,0.08921348127969511,0.2455424243097852,,0.1497978942029795,0.10716268529368055,0.2497360989166673,0.007383239953808344,0.5772912688316054,0.2476835305903368,,,,0.27165,5433.0,0.64965916,0.6693516,0.7188194,0.83556485,0.6340343,0.6635152,0.71219116,0.6521996,0.4973999559879303,0.735687089920044,0.6525000929832458,0.735687089920044,0.229,229.0,0.23934849891438018,0.2640324427032896,0.2709849933466343,0.16201436450240303,0.144310830674358,0.1633231693953868,0.1852185198183526,0.18906777892851945,0.18207607638367637,0.021380196115111726,0.024228566394784188,0.02235687355693291,0.027673106216404404,0.04627654074121463,0.033830372124923055,0.01743731726009231,0.01931665691195477,0.016114114580589558,0.5925,0.54818183,0.59147286,0.7463816,0.89634144,0.6271654,0.5370079,0.64469695,0.4884999692440033,0.6131359963417053,0.7097501158714294,0.6131359963417053,0.209,209.0,0.34407826090889915,0.40036043394917514,0.38551829186527636,0.24772204115387805,0.3075329796816392,0.26152967124278464,0.2971959981351335,0.3055797359797781,0.3123916266968061,0.03658384488397602,0.021404344106050223,0.023025676440280626,0.043181314235540696,0.04254852143107323,0.028979313048627605,0.027475971449758795,0.01995189160985638,0.008341864811222064,0.6983871,0.7355856,0.85583943,0.7973283,0.5756098,0.6543859,0.70081306,0.64379567,0.4929499626159668,0.6744115431308746,0.6811251044273376,0.6744115431308746,0.219,219.0,0.29171337991163965,0.33219643832623236,0.3282516426059553,0.20486820282814056,0.2259219051779986,0.2124264203190857,0.24120725897674306,0.24732375745414878,0.24723385154024125,0.028982020499543876,0.022816455250417207,0.022691274998606768,0.03542721022597255,0.04441253108614393,0.03140484258677533,0.022456644354925552,0.019634274260905575,0.01222798969590581,0.64544356,0.64188373,0.7236562,0.77185494,0.7359756,0.6407757,0.6189105,0.64424634,2026-10-06T17:48:42.248535
72,0.6911172270774841,0.5007476210594177,0.6442047537326813,0.6908975839614868,0.6442047537326813,0.7986023175239563,0.8793993681907654,2.009390301132202,0.16531918433904647,2.876246960067749,2.0,1.0,10.0,,,,,0.6402151951789856,0.6402151951789856,,,,16.725113763427736,0.9493628524860759,0.1683913341420851,,0.1336285453408387,0.87685079863117,0.1401708021665075,0.0014920330834041118,0.04226837023665571,1.1319488302157943,,0.004020449299451296,,74.72550925479572,18.15798370701492,,104.73240476960589,74.72056948910853,24.026686577280614,94.35808611827291,41.61708144169704,16.725087086865855,,0.6931471824645996,,0.08983115614599484,0.24705966481357622,,0.15160529173103868,0.10819168441045056,0.2522795991912769,0.007486242103942071,0.5843486816260466,0.25067998573278927,,,,0.2775,5550.0,0.6505413,0.6658478,0.71917593,0.8365127,0.6297313,0.6717374,0.7077157,0.64435846,0.4846999943256378,0.7389255318641662,0.6455000042915344,0.7389255318641662,0.244,244.0,0.25887915280316204,0.2823393160974757,0.266986683160201,0.22005119206174142,0.23489472810746445,0.2012402555002485,0.21564300313003415,0.22441564534530592,0.2138334748565841,-0.0032467482858857103,-0.009115925596827869,-0.002970339067708618,0.0011690153570045705,0.022194993625431918,0.006848266158166979,-0.0035300278580062306,-0.002343139994572938,-0.004877716219315703,0.569,0.54545456,0.53217053,0.7601974,0.90365857,0.6314961,0.5346457,0.6450758,0.4963499903678894,0.657552303314209,0.6857499480247498,0.657552303314209,0.241,241.0,0.34586506809850315,0.3760825765068148,0.36890153117624774,0.2849789036064421,0.2667161786566567,0.2776569645264979,0.299652035689877,0.2985478701190977,0.2977065562716437,0.01970074363222855,0.01259445767620659,0.01266154637128404,0.027322081803269352,0.028157560668044083,0.015908707308815006,0.014666854369069015,0.007795532978360807,0.0017832285896804102,0.6278226,0.67252254,0.790146,0.81374043,0.58983743,0.6447368,0.70813006,0.6222628,0.4905249923467636,0.6982389175891877,0.6656249761581421,0.6982389175891877,0.2425,242.5,0.30237211045083257,0.32921094630214526,0.3179441071682244,0.2525150478340918,0.25080545338206056,0.2394486100133732,0.25764751940995556,0.26148175773220184,0.25577001556411394,0.00822699767317142,0.001739266039689361,0.004845603651787711,0.014245548580136961,0.025176277146738,0.011378486733490992,0.005568413255531392,0.0027261964918939346,-0.0015472438148176463,0.5984113,0.6089885,0.66115826,0.78696895,0.746748,0.6381165,0.62138784,0.63366926,2026-10-06T17:52:50.373846
73,0.6916273236274719,0.5015349984169006,0.6425020097255707,0.6923248767852783,0.6425020097255707,0.7858721280097961,0.8652547164916993,1.8827733198165895,0.16792686046361924,2.886910203552246,1.9999906982421876,1.0,10.0,,,,,0.6489630590438843,0.6489630590438843,,,,16.70554670715332,0.7156892836948109,0.15144676999871137,,0.12478314837215433,0.8729607945035218,0.14294516366378518,0.001624897793254216,0.04452788842853847,1.146004020598284,,0.004428729958829298,,74.69115467435995,18.141180815970063,,104.74660137200812,74.68695612621914,24.005627990528275,94.357043175181,41.70126240724211,16.705538622133293,,0.6931425530439729,,0.09060589636966682,0.24872777226624215,,0.15329230961146628,0.10911773368241681,0.2548950005109143,0.007489783466930033,0.5904450929088957,0.2530334622237333,,,,0.3006,6012.0,0.65030074,0.66403544,0.7193938,0.8353081,0.63385904,0.6726869,0.7152693,0.64621186,0.5052999258041382,0.7199812626838684,0.6563498973846436,0.7199812626838684,0.266,266.0,0.17373966282146971,0.17752283069668912,0.1885014694454605,0.12221785161204203,0.06025352382864907,0.10810671940587757,0.11836007780556443,0.12452234676663647,0.1212559540499751,0.009827659255647008,0.009649410104225207,0.006217965376346394,0.017050703367838864,0.05659881769676181,0.007095405727633887,0.003935245266376174,-0.00322000821737989,-0.00530291020755967,0.5895,0.5804546,0.59844965,0.75296056,0.8930894,0.63779527,0.51023626,0.65340906,0.4995499551296234,0.5944411659240723,0.7189000844955444,0.5944411659240723,0.235,235.0,0.3211527062595128,0.36888960382546104,0.36651442251237615,0.2378383819890027,0.24603715764461448,0.2465330169925477,0.25592578382487235,0.26765612491684365,0.28101230972542063,0.031283225345000304,0.017542169797483895,0.021374981089059733,0.03954646687904521,0.031158742505305943,0.026252062382195518,0.027583404338438873,0.020237700150113752,0.010256756454864136,0.7225806,0.74009013,0.8635037,0.809542,0.5947155,0.6543859,0.7004065,0.6489051,0.5024249404668808,0.6572112143039703,0.687624990940094,0.6572112143039703,0.2505,250.5,0.24744618454049128,0.2732062172610751,0.2775079459789183,0.18002811680052236,0.15314534073663177,0.17731986819921264,0.18714293081521838,0.19608923584174007,0.20113413188769785,0.020555442300323655,0.013595789950854552,0.013796473232703063,0.028298585123442035,0.043878780101033875,0.016673734054914704,0.015759324802407524,0.008508845966366932,0.002476923123652233,0.6560403,0.66027236,0.7309767,0.7812513,0.74390244,0.6460906,0.6053214,0.6511571,2026-10-06T17:56:59.783418
74,0.6961298584938049,0.49977001547813416,0.6317928554058075,0.6973527669906616,0.6317928554058075,0.7831692383766174,0.8622515058517456,1.8442730630874633,0.1626437516450882,2.8008731410980223,2.0,1.0,10.0,,,,,0.6500364572525025,0.6500364572525025,,,,16.689428561401368,0.6874936145202369,0.1550488574252387,,0.12992541273688055,0.8628186703107918,0.13986487575112636,0.0015816845957806725,0.04355964479837448,1.054732143784025,,0.0041011048051355125,,74.65693066833884,18.12314824389804,,104.753658756329,74.65325694479,23.983241123758305,94.35625370292907,41.79134884002102,16.689421258914244,,0.6931471824645996,,0.09130491975955903,0.25025589555312117,,0.15459516312286353,0.11004456203834266,0.25732383131980896,0.007556441133236809,0.5968421223057303,0.2558202213922124,,,,0.30105,6021.0,0.65825987,0.66892874,0.7335381,0.8449842,0.6350272,0.6720404,0.7153301,0.6489817,0.5103499889373779,0.7093214559555053,0.6613999605178833,0.7093214559555053,0.276,276.0,0.22734491732854722,0.260265492779016,0.2517250457932463,0.1497106816627106,0.12422515619211275,0.14506597468173218,0.15489973054317152,0.15797506422542412,0.15046908007805707,-0.01700283508105366,-0.018757525591626332,-0.01597235323076872,-0.013326752166952675,0.009099343750995727,-0.011604738901122923,-0.015209392177744245,-0.012835645255401288,-0.011417887946120614,0.586,0.56954545,0.62054265,0.7615132,0.9004065,0.63740164,0.50826776,0.6674242,0.5098499655723572,0.5888992447853089,0.7200000882148743,0.5888992447853089,0.263,263.0,0.31121360457655806,0.38459377911452797,0.3652540539025258,0.20684651818408448,0.2439534296445132,0.2263990136808292,0.24366013818465193,0.25393772067227655,0.2774237623924289,0.034728610908490956,0.018180863829609192,0.023105784107421166,0.044706126160606395,0.03751989342173794,0.031860775097586815,0.030802151754626413,0.023026222126466097,0.016475627833036716,0.7145161,0.74729735,0.86058396,0.809542,0.5878049,0.66052634,0.70813006,0.6554745,0.5100999772548676,0.6491103503704071,0.6907000243663788,0.6491103503704071,0.2695,269.5,0.2692792609525526,0.322429635946772,0.308489549847886,0.17827859992339753,0.18408929291831297,0.18573249418128068,0.19927993436391173,0.20595639244885033,0.213946421235243,0.008862887913718647,-0.00028833088100856975,0.003566715438326224,0.01568968699682686,0.023309618586366834,0.010128018098231946,0.007796379788441084,0.005095288435532404,0.002528869943458051,0.65025806,0.6584214,0.7405633,0.7855276,0.7441057,0.648964,0.6081989,0.6614493,2026-10-06T18:01:08.478098
75,0.6961525082588196,0.5011276602745056,0.6300455593585969,0.6979174613952637,0.6300455593585969,0.7766846462249756,0.8550464089393616,1.7851072828292847,0.16552111273407935,2.796491319656372,2.0,1.0,10.0,,,,,0.6497876605987549,0.6497876605987549,,,,16.667859747314452,0.6238442972587173,0.15376690757360048,,0.1268320129413134,0.8415252659351203,0.1503272990274961,0.001555518165993012,0.043359210643513946,1.3508883259099,,0.003986026079224861,,74.62251583026473,18.101733225925713,,104.76293459363804,74.61939147171701,23.962081034472035,94.3581357336348,41.86200935217985,16.66785432123075,,0.6931471824645996,,0.09198985443373395,0.25144362051016206,,0.155915130570436,0.1109439371402856,0.25981913763246717,0.007673912186317953,0.6022813703603805,0.25801276970820824,,,,0.3088,6176.0,0.6629511,0.67233187,0.7363312,0.8371446,0.63857085,0.66917175,0.7096598,0.65547866,0.5041000247001648,0.7111361756324768,0.6568999886512756,0.7111361756324768,0.297,297.0,0.22622444566073246,0.2789475935045403,0.2445597175897409,0.1791174014050902,0.2001321081839601,0.15100045489949523,0.15728361248698183,0.14615592470405653,0.1325488511911869,0.011394657833975018,0.014198450329510129,0.02070124141093623,0.02517121602373784,0.08322410587570554,0.03846538597589492,0.010662557571666056,0.017401161588954744,0.02021929142093665,0.592,0.56954545,0.61395353,0.7539474,0.8955285,0.62559056,0.5137795,0.6545455,0.5025500655174255,0.5972301759719849,0.7130500078201294,0.5972301759719849,0.269,269.0,0.3308196236426223,0.3965102467863067,0.37261281444887284,0.20928280979019281,0.2284518328680495,0.24215612434155362,0.26535906295080663,0.2712509256202303,0.28046908596369097,0.03284994458437093,0.022868919967609598,0.02644850423781769,0.04064180471443457,0.04698310986507422,0.03806191770201942,0.026603427710467167,0.01884358827915602,0.016342843133971472,0.71290326,0.7436937,0.8485401,0.8015267,0.5869919,0.6526316,0.70162606,0.6419708,0.5033250451087952,0.6541831758022308,0.6849749982357025,0.6541831758022308,0.28300000000000003,283.0,0.27852203465167735,0.3377289201454235,0.3085862660193069,0.1942001055976415,0.2142919705260048,0.19657828962052443,0.21132133771889422,0.2087034251621434,0.20650896857743894,0.022122301209172975,0.018533685148559863,0.02357487282437696,0.032906510369086206,0.06510360787038988,0.03826365183895717,0.01863299264106661,0.018122374934055382,0.01828106727745406,0.65245163,0.65661955,0.7312468,0.777737,0.7412602,0.63911104,0.6077028,0.64825815,2026-10-06T18:05:17.488826
76,0.6956601738929749,0.49906495213508606,0.6261753094673157,0.6992678046226501,0.6261753094673157,0.7808109101295471,0.8596311427116394,1.8158889110565186,0.15800664032697678,2.739894295501709,2.0,1.0,10.0,,,,,0.6489471164703369,0.6489471164703369,,,,16.654230450439453,0.6593006330121095,0.14632546937294827,,0.13009853006168537,0.8435707396003091,0.13653782411081017,0.001661403113931631,0.045066868198240635,1.0529495536521742,,0.0047981910853184,,74.58729392859587,18.08305916512848,,104.77278968179301,74.58528730064441,23.94383688033766,94.36123414252215,41.952169819242634,16.654236532320642,,0.6931471824645996,,0.09258611049431904,0.25290613246571486,,0.15729201418958652,0.11184917570679051,0.2625392098335703,0.007699938102441419,0.6085220886643525,0.26126139596769005,,,,0.3097,6194.0,0.6607257,0.6723923,0.73474646,0.8439771,0.63831776,0.67012125,0.7181653,0.6540122,0.502549946308136,0.7082194609642029,0.6622999906539917,0.7082194609642029,0.306,306.0,0.20330777262927224,0.2718327906597397,0.23565545092091378,0.15566030499981653,0.1527365204532889,0.1474370759932178,0.13521759891494098,0.15786261558230388,0.13973733860402274,0.0034740817912546607,-0.0002347401579171405,-0.002926284668510435,0.011203919445035088,0.07313011015995331,0.0021502395760114703,0.012279685961049912,0.008521162753577189,0.005252721046512178,0.60050005,0.6031818,0.60775197,0.75723684,0.89512193,0.6370079,0.4925197,0.6731061,0.5069000124931335,0.5891205613613129,0.7207000255584717,0.5891205613613129,0.268,268.0,0.312349603504416,0.3797948081012511,0.361375820757894,0.21715259561322675,0.23236128640992437,0.24057033841429265,0.25297681958789325,0.27651307337100234,0.28975905006124425,0.041367634796893864,0.028480768370970962,0.03102759776432526,0.045661395307380157,0.041624576908965566,0.03594159835756359,0.0368862333902787,0.02847670318233341,0.018982511526861635,0.73306453,0.77657664,0.86496353,0.7931298,0.5845529,0.64517546,0.704065,0.65072995,0.5047249794006348,0.6486700111627579,0.6915000081062317,0.6486700111627579,0.28700000000000003,287.0,0.2578286880668441,0.3258137993804954,0.2985156358394039,0.18640645030652164,0.19254890343160663,0.1940037072037552,0.1940972092514171,0.21718784447665312,0.21474819433263348,0.022420858294074263,0.01412301410652691,0.014050656547907412,0.02843265737620762,0.05737734353445944,0.01904591896678753,0.024582959675664307,0.018498932967955302,0.012117616286686906,0.66678226,0.6898792,0.73635775,0.7751833,0.7398374,0.6410917,0.59829235,0.66191804,2026-10-06T18:09:26.473595
77,0.6974625587463379,0.49740755558013916,0.6179122433185578,0.7034174799919128,0.6179122433185578,0.781354522895813,0.8602351572990418,1.790110471534729,0.1587427593111992,2.6583347564697264,2.0,1.0,10.0,,,,,0.6538753197669983,0.6538753197669983,,,,16.651348229980467,0.6804649446420609,0.15125216434525837,,0.13510209762129435,0.8955825018654963,0.14298958720485117,0.0016706626701753018,0.04531302715349159,1.2283252018272497,,0.004550378024615169,,74.55334317152668,18.065510938122014,,104.78231515094733,74.5513883943011,23.926009390764175,94.36239740651125,42.06429562902754,16.651317377758634,,0.6931471824645996,,0.09328768843678152,0.25436495367888434,,0.15876319795657115,0.11267470103350415,0.26521201782925113,0.007847666405259994,0.6156410335735151,0.2658730650403697,,,,0.3073,6146.0,0.6726143,0.6847765,0.7389858,0.84374017,0.63491046,0.6786061,0.7154921,0.6568025,0.4997500777244568,0.6969917006492615,0.6638500094413757,0.6969917006492615,0.294,294.0,0.22852015475252524,0.277158953064086,0.25517259129748815,0.17298374750474665,0.19239043299600492,0.1474282674864021,0.17903780227220903,0.18784869304886442,0.17525962729143685,-0.003461478600856363,0.0018465301289391244,-0.006083478279839625,0.0003301901399239103,0.05691378343215839,-0.012148813640386854,-0.01118393411960642,-0.010319506402451753,-0.023869237379077562,0.595,0.59000003,0.60658914,0.7657895,0.90000004,0.63070863,0.5074803,0.6784091,0.4974500238895416,0.58888063955307,0.7183000445365906,0.58888063955307,0.258,258.0,0.3219133281334904,0.36844131829064336,0.3548114474148027,0.23599683565881868,0.2290149478063107,0.24565341867298168,0.26987862454750083,0.2759835808288942,0.2769597830518747,0.03395905152876184,0.02597924061906854,0.02780392952795117,0.04434054151868783,0.05623378876381182,0.0424749654357922,0.023426334241349742,0.01765443795274397,0.014425268224965072,0.73145163,0.73963964,0.8638686,0.8030535,0.58943087,0.64342105,0.7036586,0.6536496,0.4986000508069992,0.6429361701011658,0.6910750269889832,0.6429361701011658,0.276,276.0,0.2752167414430078,0.32280013567736465,0.3049920193561454,0.20449029158178267,0.2107026904011578,0.19654084307969188,0.22445821340985495,0.2319161369388793,0.22610970517165577,0.015248786463952738,0.013912885374003833,0.010860225624055773,0.02233536582930587,0.05657378609798511,0.01516307589770267,0.006121200060871661,0.003667465775146108,-0.004721984577056245,0.6632258,0.66481984,0.7352289,0.7844215,0.74471545,0.6370648,0.6055695,0.66602933,2026-10-06T18:13:35.089194
78,0.7018575668334961,0.49980244040489197,0.6182990894794465,0.7046326398849487,0.6182990894794465,0.7764173728942871,0.8547494319915772,1.6963324220657348,0.16905745948553086,2.622511950302124,2.0,1.0,10.0,,,,,0.6644606847763062,0.6644606847763062,,,,16.645689306640627,0.7022113205900617,0.156598184756033,,0.13544801563309256,0.874542740689721,0.13847293277644807,0.0015830498331101837,0.045662995676990524,1.0238561768820331,,0.004323878502207223,,74.51894271753396,18.048040183486453,,104.78865002674662,74.51766165958088,23.907937359658018,94.3648639849037,42.1619681826063,16.645692861763536,,0.6931471824645996,,0.09399470055748703,0.25605791712262826,,0.1599873466666337,0.11350001352038352,0.2679260441452075,0.007900670758051098,0.6221020654508262,0.27004297580688624,,,,0.30785,6157.0,0.6733761,0.6855417,0.7354794,0.848598,0.64143306,0.6738384,0.7112596,0.6659878,0.4907500743865967,0.7172414031028748,0.6576499342918396,0.7172414031028748,0.293,293.0,0.21219272303425674,0.26476933206597336,0.24223468859415595,0.13248635286488852,0.19977516746353163,0.1482845986466377,0.1486648515900215,0.14974556380534457,0.15149576733395778,0.016039616268323037,0.016552734366828723,0.005773437384934461,0.03265345948015173,0.09306870574821956,0.01737635293440303,0.019062261743713244,0.018313247149451272,0.007377930316638376,0.6005,0.59727275,0.57945734,0.7611842,0.89593494,0.62204725,0.5047244,0.66780305,0.4976499676704407,0.599748604297638,0.7178499698638916,0.599748604297638,0.249,249.0,0.319766183968542,0.3746947786548904,0.3598926866865229,0.2176202417373609,0.22325493841448077,0.2460997545145925,0.2596533550962536,0.2692635436780963,0.27655783582493604,0.03428612663639194,0.024303717609678404,0.02575697069232716,0.04313044833645456,0.054022164675051665,0.03823435786562455,0.02234172054376682,0.014018302618403694,0.003593582347200221,0.7205645,0.74684685,0.8751825,0.8030535,0.58821136,0.63903505,0.704065,0.64744526,0.4942000210285187,0.6584950037002564,0.6877499520778656,0.6584950037002564,0.271,271.0,0.2659794535013994,0.3197320553604319,0.3010636876403394,0.1750532973011247,0.2115150529390062,0.1971921765806151,0.20415910334313753,0.20950455374172045,0.21402680157944692,0.025162871452357488,0.020428225988253564,0.015765204038630812,0.03789195390830315,0.07354543521163562,0.02780535540001379,0.02070199114374003,0.016165774883927484,0.005485756331919298,0.66053224,0.6720598,0.72731996,0.78211886,0.7420732,0.63054115,0.6043947,0.6576241,2026-10-06T18:17:44.214237
79,0.7065747976303101,0.499674916267395,0.6108616913795472,0.707650363445282,0.6108616913795472,0.7749669941902161,0.8531379065513611,1.6990919998168945,0.16637006390094758,2.3694925775527955,2.0,1.0,10.0,,,,,0.6493428670883179,0.6493428670883179,,,,16.647591174316407,0.6417367733113325,0.13871812581968535,,0.146496910151023,0.8426007085545048,0.1401260028694086,0.001671165965310636,0.048697732827940564,1.0760439917160447,,0.005037347460054395,,74.48446023540133,18.029256334730015,,104.79966925359835,74.48375191658165,23.89190079755844,94.36794601732,42.268541931346725,16.647596201319605,,0.6931471824645996,,0.09460834484950752,0.2575967771232508,,0.16131231350124262,0.11436385329172111,0.27082070594380614,0.007914571856759535,0.6287797313586921,0.2752834983692048,,,,0.3167,6334.0,0.6707899,0.68916637,0.74409664,0.8587875,0.6418808,0.6750101,0.7168489,0.66289204,0.5002999901771545,0.7154450883865356,0.6586000323295593,0.7154450883865356,0.296,296.0,0.23165631158560013,0.2950540271472033,0.2692335514735024,0.14345614908486481,0.15221057685759637,0.15508963269886228,0.134076713461401,0.126221606824591,0.12078348803812623,0.03274513959594253,0.025238360579352647,0.0328101267967586,0.044456135441989286,0.08365137474106073,0.04552860050331071,0.04360290429698762,0.057662860208404276,0.05363254857083884,0.587,0.60727274,0.56666666,0.7611842,0.9012195,0.6429134,0.50039375,0.6685606,0.4928499758243561,0.5890255274772644,0.7211501002311707,0.5890255274772644,0.273,273.0,0.34334079971413267,0.4109103397342369,0.3929758261481868,0.25109764992560957,0.23929944256821734,0.2580014934712612,0.25686449469489087,0.26481986631924836,0.2743225569605774,0.04249309474289718,0.026202314528072233,0.032369619935346684,0.05318391054537822,0.04669779070221848,0.044330693090341516,0.040404510904661704,0.0349297143773676,0.025557270433121837,0.71370965,0.74459463,0.88248175,0.8091603,0.5857724,0.65482455,0.697561,0.66131383,0.4965749830007553,0.6522353079319001,0.689875066280365,0.6522353079319001,0.2845,284.5,0.28749855564986637,0.3529821834407201,0.33110468881084465,0.1972768995052372,0.19575500971290685,0.20654556308506175,0.19547060407814593,0.19552073657191968,0.1975530224993518,0.03761911716941986,0.02572033755371244,0.03258987336605264,0.04882002299368375,0.0651745827216396,0.04492964679682611,0.04200370760082466,0.04629628729288594,0.03959490950198034,0.65035486,0.6759337,0.7245742,0.7851722,0.74349594,0.648869,0.5989774,0.66493726,2026-10-06T18:21:53.486272
80,0.7095473408699036,0.5009852051734924,0.6067394997119904,0.7094302773475647,0.6067394997119904,0.7733169616699219,0.8513045357704163,1.6953660234451293,0.1243524048447609,2.287913827133179,2.0,1.0,10.0,,,,,0.6484682043075561,0.6484682043075561,,,,16.640671810913087,0.6396802440760242,0.1310228654391067,,0.14471072786647804,0.8521951061145515,0.13797713443636894,0.0017429321676575738,0.05025456900334662,0.9314466676894267,,0.004907316549393426,,74.44986049384828,18.00885234516897,,104.80785544814577,74.44985305883323,23.87554178420146,94.36705784888784,42.40242018972992,16.640685877222925,,0.6931471824645996,,0.0952970653202883,0.2587255416022744,,0.16257827989994342,0.11522169311524956,0.2735803444294413,0.007965507211199232,0.6366861420831863,0.27922011693571785,,,,0.3243,6486.0,0.6714114,0.684555,0.75180274,0.8636059,0.6379478,0.6748283,0.7169097,0.67276984,0.4902499318122864,0.6945652918815612,0.6663499474525452,0.6945652918815612,0.305,305.0,0.2426164202996494,0.32001837876129285,0.2738143509883784,0.1584856930147685,0.21265462067766572,0.16261871976037293,0.15165926727385276,0.15288082140480416,0.149981320740251,0.02772559758383567,0.03269488452223499,0.021335797428537584,0.029770084517793442,0.12235532240156965,0.026334329449291795,0.03117928196755681,0.03338083518668978,0.02319976363470304,0.5985,0.5877273,0.6147287,0.7694079,0.902439,0.6354331,0.50708663,0.6780303,0.5074499845504761,0.5754405698776245,0.724250078201294,0.5754405698776245,0.281,281.0,0.36075556550058485,0.41819169791382177,0.40812167675631045,0.2683667290631583,0.27025737163088526,0.2922710212634085,0.27676943835287904,0.27197985658816204,0.28977647005829815,0.037723152074787075,0.03022831383051962,0.02963379736578632,0.050680014083041534,0.06279625679365254,0.04293987654238956,0.03040544642371687,0.02356253247279484,0.01472450965546708,0.72661287,0.75315315,0.8821168,0.8118321,0.58983743,0.65087724,0.7056911,0.6554745,0.4988499581813812,0.6350029308795928,0.6953000128269196,0.6350029308795928,0.29300000000000004,293.0,0.3016859929001171,0.3691050383375573,0.34096801387234443,0.2134262110389634,0.2414559961542755,0.22744487051189072,0.2142143528133659,0.21243033899648311,0.21987889539927458,0.03272437482931137,0.03146159917637731,0.025484797397161953,0.04022504930041749,0.09257578959761109,0.03463710299584068,0.03079236419563684,0.028471683829742307,0.01896213664508506,0.6625564,0.6704402,0.74842274,0.79061997,0.7461382,0.64315516,0.60638887,0.6667524,2026-10-06T18:26:01.990858
81,0.709399938583374,0.5001751184463501,0.6046579890251159,0.7105400562286377,0.6046579890251159,0.7780608711242676,0.8565755421638489,1.7365186269760131,0.12912326226234436,2.2018336114883423,2.0,1.0,10.0,,,,,0.6523070922851563,0.6523070922851563,,,,16.625506405639648,0.6129952163263491,0.14881427876746198,,0.1520072779363128,0.8562274415781543,0.14312733164069,0.0016940050872612247,0.04956495592216398,1.0778400911267396,,0.004946428840308136,,74.41558677527556,17.98395520107002,,104.81520260367424,74.4159367555266,23.86077937958347,94.36966909420718,42.51517899628657,16.625523585422783,,0.6931471824645996,,0.095948345010068,0.25943403980534546,,0.16392041942116561,0.11604363651602131,0.2765429634956797,0.008103879144901682,0.6436460557257294,0.2818870354609884,,,,0.3211,6422.0,0.6776063,0.6901933,0.7429675,0.8642773,0.63615656,0.679495,0.71482384,0.67747456,0.4974999725818634,0.7719299926757812,0.6410500407218933,0.7719299926757812,0.305,305.0,0.22237541778607772,0.26019434585753287,0.24537359465560976,0.16149987496705484,0.18179723170749928,0.15585738738507254,0.13018485635285737,0.13376984986380566,0.11378441209025708,0.03460063567912098,0.031944167045362,0.021568012836324084,0.05016221568255521,0.1184375657974743,0.03890096667327255,0.03642596184782789,0.04019358605529191,0.025598736732050206,0.625,0.5718182,0.51860464,0.7536184,0.8939024,0.6066929,0.5059055,0.62840915,0.4994499981403351,0.7413125739097596,0.6688501238822937,0.7413125739097596,0.271,271.0,0.3713908599849939,0.4215036258310628,0.404940361096889,0.2919878477794252,0.30878399898418774,0.3020132821653169,0.29539422252391245,0.2899214128778843,0.2873091651689584,0.03748851727433573,0.030275799427118607,0.03320091441727975,0.04760398238358631,0.06678899732247218,0.05123671096152477,0.024675887056259758,0.01889490599654157,0.01292743617250346,0.63750005,0.6441441,0.720438,0.80496186,0.58739835,0.62061405,0.699187,0.62153286,0.49847498536109924,0.7566212832927703,0.6549500823020935,0.7566212832927703,0.28800000000000003,288.0,0.2968831388855358,0.34084898584429785,0.3251569778762494,0.22674386137324004,0.2452906153458435,0.22893533477519473,0.2127895394383849,0.211845631370845,0.20054678862960773,0.03604457647672835,0.031109983236240306,0.027384463626801917,0.04888309903307076,0.09261328155997324,0.04506883881739866,0.030550924452043826,0.029544246025916744,0.019263086452276833,0.63125,0.60798115,0.6195213,0.77929014,0.7406504,0.6136535,0.6025462,0.62497103,2026-10-06T18:30:11.038625
82,0.7072327733039856,0.5002476572990417,0.6033572000026702,0.7112352252006531,0.6033572000026702,0.7801687211036682,0.8589175982475281,1.7546230760574342,0.12632150806188583,2.273389771080017,2.0,1.0,10.0,,,,,0.6780137858390808,0.6780137858390808,,,,16.614691647338866,0.70870961419716,0.15995839857466662,,0.16590650118650144,0.8316559966202755,0.13796413780018024,0.0017265386762287302,0.049863058871998905,1.0539905916733348,,0.0048841138977993425,,74.38090262443397,17.96523956736182,,104.82132113511395,74.38201296861004,23.842822894928563,94.36913513377974,42.620488209329594,16.614676566640284,,0.6931471824645996,,0.09655876130245294,0.2606413622570645,,0.16513026092842126,0.11685813118697731,0.27912699986415307,0.008250170482239525,0.6502610372889573,0.28506571016493876,,,,0.32095,6419.0,0.6789495,0.6911196,0.7467116,0.86844397,0.6372858,0.6830505,0.71300125,0.6697556,0.5031000375747681,0.6867505121231079,0.667650043964386,0.6867505121231079,0.331,331.0,0.26503635653230073,0.32821936738679447,0.2865735820924341,0.1947366812322307,0.29510793199718754,0.20250289887441114,0.18466500878606565,0.1997507798328438,0.17925048433466553,0.008069616402887458,0.01709691795610574,0.005672435970206485,0.01111355227835784,0.08189917256462678,0.002259411583169146,0.009294588296686427,0.00781728845553239,0.001814398067524961,0.611,0.6059091,0.59573644,0.7694079,0.9004065,0.6330709,0.5271654,0.6666667,0.5002000331878662,0.5792432780265808,0.7233999967575073,0.5792432780265808,0.287,287.0,0.35558385324589165,0.4358615811615469,0.40124621093984425,0.2638090744606621,0.27987660153969657,0.28313215542652387,0.29296287757084366,0.29688121454306216,0.3045066356433589,0.03665015421736074,0.032927821166153975,0.028857463706493832,0.05378560014928647,0.09730322826977998,0.04896776365120866,0.025360319195157903,0.02138071384092305,0.010063111823131096,0.7294355,0.745946,0.88065696,0.8167939,0.58821136,0.65087724,0.71300817,0.64416057,0.5016500353813171,0.6329968950748444,0.6955250203609467,0.6329968950748444,0.309,309.0,0.31031010488909616,0.38204047427417065,0.3439098965161392,0.2292728778464464,0.2874922667684421,0.2428175271504675,0.23881394317845467,0.248315997187953,0.2418785599890122,0.022359885310124096,0.025012369561129857,0.01726494983835016,0.032449576213822155,0.08960120041720337,0.025613587617188904,0.017327453745922164,0.014599001148227719,0.005938754945328029,0.67021775,0.6759275,0.73819673,0.79310095,0.74430895,0.6419741,0.6200868,0.6554136,2026-10-06T18:34:20.121526
83,0.7112171649932861,0.49866241216659546,0.6007777488708496,0.7123246192932129,0.6007777488708496,0.7788703799247741,0.8574749998092651,1.7212549921035767,0.1295033292889595,2.240781078720093,2.0,1.0,10.0,,,,,0.6786661900520324,0.6786661900520324,,,,16.597237878417967,0.6492951815105548,0.1609070375087155,,0.1642742354873639,0.86977550975836,0.1384897588924238,0.001770360421635519,0.05115163205250813,0.9590465369497895,,0.00486271339468658,,74.34648734900603,17.94462574515373,,104.83120610911375,74.34821339018026,23.826511540989966,94.36889604702117,42.72357957682033,16.597231688772798,,0.6931471824645996,,0.0972847805661001,0.26191567805162663,,0.16634110052874135,0.11764262654599111,0.28197423781558967,0.00829733997749485,0.6566457843324941,0.2873107487229025,,,,0.323,6460.0,0.68313956,0.69838905,0.7489897,0.8658373,0.6377726,0.6764445,0.7109964,0.67553973,0.4880499541759491,0.687354686498642,0.6725500226020813,0.687354686498642,0.339,339.0,0.22701428144308303,0.26900715087003324,0.23619596840787374,0.18995039812860404,0.25111615691525896,0.14944706807851577,0.14244975217043093,0.14017133059153333,0.1326395340565265,0.03877452530632037,0.044474028460660356,0.039349644312478116,0.05509754338859492,0.13334699301435088,0.06376255551788124,0.05090254984909361,0.05840488974052201,0.04911873768731416,0.6415,0.6309091,0.60038763,0.7631579,0.9044715,0.6397638,0.5059055,0.6727273,0.4939999282360077,0.5695948324203491,0.728649914264679,0.5695948324203491,0.309,309.0,0.37256298167791746,0.4283549607195713,0.4195163582287742,0.2999961035323063,0.2867142553202981,0.3156839825864748,0.3173938703251208,0.3111218618660216,0.32714758618704654,0.03810531397478137,0.02864421090724475,0.032084737132056534,0.051119559440986284,0.07147633602625175,0.04917719456144,0.0270589012247276,0.017642540833030573,0.007344006952306529,0.73306453,0.7594595,0.89160585,0.81603056,0.5865854,0.65570176,0.71097565,0.6572993,0.4910249412059784,0.6284747594594955,0.7005999684333801,0.6284747594594955,0.324,324.0,0.29978863156050023,0.34868105579480224,0.32785616331832396,0.24497325083045518,0.2689152061177785,0.23256552533249528,0.22992181124777586,0.22564659622877747,0.22989356012178652,0.038439919640550865,0.036559119683952555,0.035717190722267325,0.0531085514147906,0.10241166452030132,0.05646987503966062,0.03898072553691061,0.0380237152867763,0.028231372319810343,0.68728226,0.6951843,0.7459967,0.78959423,0.74552846,0.64773273,0.6084406,0.6650133,2026-10-06T18:38:28.947267
84,0.7185401320457458,0.502855122089386,0.5892073240280151,0.7185652852058411,0.5892073240280151,0.7775790912628174,0.8560402304649353,1.711124158859253,0.1108218134522438,2.149681851196289,2.0,1.0,10.0,,,,,0.6731997789382934,0.6731997789382934,,,,16.580714025878905,0.567243168166109,0.16428653865008597,,0.16431316116433234,0.8775679871534846,0.14125889259728658,0.0016551420243106972,0.05053437644746273,1.065010332947324,,0.005126007397326931,,74.31169823324605,17.92788634330604,,104.8379354294698,74.31477623228814,23.809412998758305,94.3728486565268,42.793235973188075,16.580718909099602,,0.6931471824645996,,0.09795921286390086,0.2637110295569062,,0.16754315413866833,0.1184745127228415,0.2846535837194722,0.008433656233131507,0.6615380994073904,0.28969048105987016,,,,0.3343,6686.0,0.6980554,0.7025977,0.75206023,0.8699249,0.63866824,0.68430305,0.72255975,0.6791039,0.5024499893188477,0.6689315848350524,0.6783999800682068,0.6689315848350524,0.339,339.0,0.2567477613993029,0.28861213725489104,0.26339932813894457,0.24885848078398645,0.23326320742776235,0.19434991545228317,0.21178215873920223,0.2022590047525664,0.19629052431002977,0.008763066219973763,0.015404490727215192,0.0017822570491050416,0.005476508457876389,0.08858338634002429,0.010386062980496422,0.011262088547553452,0.012161866364675035,-0.0009928463369232926,0.6465,0.63863635,0.59844965,0.77664477,0.9081301,0.6389764,0.5173229,0.67954546,0.5053499937057495,0.5518740129470825,0.734749972820282,0.5518740129470825,0.282,282.0,0.3568897834185819,0.4186674843674178,0.3973942959802004,0.28312824823735744,0.2597827367524262,0.2783627880705647,0.2986463841718759,0.29436530924383264,0.3014080158678564,0.04007134279979661,0.0317672947915251,0.030199438480200055,0.053289673885535696,0.07527331464126229,0.04739741252798083,0.027816381783348672,0.016225685544063825,0.004361280767687538,0.76532257,0.7657658,0.89343065,0.8206107,0.5971545,0.6543859,0.71260166,0.6514599,0.5038999915122986,0.6104027988910674,0.7065749764442444,0.6104027988910674,0.3105,310.5,0.3068187724089424,0.3536398108111544,0.3303968120595725,0.26599336451067196,0.24652297209009427,0.23635635176142394,0.25521427145553904,0.24831215699819953,0.2488492700889431,0.024417204509885184,0.023585892759370144,0.01599084776465255,0.029383091171706042,0.08192835049064329,0.028891737754238627,0.01953923516545106,0.01419377595436943,0.0016842172153821227,0.7059113,0.70220107,0.74594015,0.79862773,0.7526423,0.6466812,0.6149623,0.66550267,2026-10-06T18:42:38.543507
85,0.7180502414703369,0.5005322098731995,0.5894203952789306,0.7182651162147522,0.5894203952789306,0.7798777325630188,0.858594280910492,1.7402905395507813,0.11522756822109223,2.1611392919540404,2.0,1.0,10.0,,,,,0.6762349098205567,0.6762349098205567,,,,16.56304178161621,0.6196155162279013,0.16615579490828666,,0.16673195307516747,0.8326711916619804,0.14261441376463624,0.0017114610720431777,0.0505939327583761,1.0832735339927066,,0.005316308447114225,,74.27753025710962,17.90525924779807,,104.84354774815262,74.28112933893873,23.790860643812046,94.37454592953821,42.877071696481885,16.563004560531326,,0.6931471824645996,,0.09859095622969281,0.26489023285306945,,0.16867897512426802,0.11927563350671416,0.287152272880457,0.0084899757294708,0.667031410773089,0.29182861299271795,,,,0.32595,6519.0,0.6986568,0.7020338,0.7586173,0.8680687,0.64137465,0.6811313,0.7135075,0.68126273,0.5104999542236328,0.6873301677703857,0.669999897480011,0.6873301677703857,0.336,336.0,0.198839602383641,0.26608741214535403,0.2225558057971427,0.1360522731765547,0.20942106280610556,0.11903081312950065,0.11037427240665432,0.11078730504316484,0.10941584319781203,0.018232147042329783,0.023198637459262664,0.015214719918354267,0.022745978927044674,0.06644938813605747,0.02053003000133971,0.029490314003129976,0.0318566182389332,0.02259725957119373,0.638,0.64,0.59341085,0.76480263,0.90284556,0.62598425,0.5066929,0.6674242,0.492749959230423,0.5711787114143372,0.7310000061988831,0.5711787114143372,0.267,267.0,0.37478113598857377,0.41921328748527475,0.4080405558481129,0.2870387705263599,0.27557720241235684,0.2957527212705825,0.30539999541292895,0.29531629709867113,0.3062029811065156,0.043452621221435776,0.03820823959836938,0.03782910326910502,0.061949629926682404,0.07773221083810865,0.055343325280720494,0.03245044064960344,0.025899900147218293,0.017398240819086523,0.75241935,0.76981986,0.89124084,0.81068707,0.58943087,0.6627193,0.7056911,0.65036494,0.5016249567270279,0.6292544395923614,0.700499951839447,0.6292544395923614,0.3015,301.5,0.28681036918610736,0.3426503498153144,0.3152981808226278,0.2115455218514573,0.2424991326092312,0.20739176720004157,0.20788713390979163,0.20305180107091797,0.2078094121521638,0.03084238413188278,0.030703438528816022,0.026521911593729644,0.04234780442686354,0.07209079948708305,0.037936677641030106,0.030970377326366705,0.028878259193075746,0.019997750195140128,0.6952097,0.7049099,0.74232584,0.7877449,0.7461382,0.6443518,0.606192,0.65889454,2026-10-06T18:46:48.333398
86,0.719367265701294,0.4998851418495178,0.5846280210018158,0.7194976210594177,0.5846280210018158,0.7814104231834411,0.8602972653388977,1.7676716634750367,0.10561877188682556,2.1656412580490114,2.0,1.0,10.0,,,,,0.6866290816307068,0.6866290816307068,,,,16.543758477783204,0.5588779663963682,0.16426086297650247,,0.16061045917545913,0.8575451818241435,0.1347129290365869,0.0015820464639105852,0.048496350396875366,0.8995014279131677,,0.004849163031522155,,74.24254948318384,17.884808364187837,,104.84819900609885,74.24732256846822,23.771678790924657,94.37738085704244,42.94542113383105,16.543774319302504,,0.6931471824645996,,0.0991427290971112,0.26620552892897537,,0.1697246315562801,0.12006866784801909,0.2895595852736455,0.008586040235296556,0.6718468301615138,0.2937188949554589,,,,0.32315,6463.0,0.7022253,0.709122,0.7577654,0.8725514,0.634891,0.68474746,0.71245444,0.68095726,0.5068999528884888,0.685540988445282,0.6740000247955322,0.685540988445282,0.332,332.0,0.23421140008578487,0.2988844633329751,0.2650142642335549,0.16760338332154237,0.23529734386244083,0.18551698586457796,0.14749649533817183,0.14515679989018976,0.15171069796680606,-0.0013609729452350482,0.006939102188385187,0.004266226790013376,0.00711230083522961,0.0709166888173307,0.016761685437261847,0.0022761093002859794,0.010019046830632244,0.005886166062771613,0.62600005,0.6431818,0.6290698,0.75230265,0.88861793,0.64251965,0.51102364,0.67689395,0.4962000250816345,0.5766630148887635,0.7286999225616455,0.5766630148887635,0.288,288.0,0.3522126509860507,0.4136034299245638,0.3997172829852881,0.25949924708599237,0.2646295066032522,0.2744661289802822,0.27827093327419733,0.2821565992244082,0.2921682942659044,0.04006183884091882,0.03499156746606724,0.03496285352203918,0.05251651975856606,0.0720562901915928,0.04948448792571952,0.03366752145420114,0.026244524530120116,0.01884335317644691,0.7483871,0.77657664,0.8970803,0.8091603,0.5857724,0.64824563,0.703252,0.6448905,0.5015499889850616,0.6311020016670228,0.7013499736785889,0.6311020016670228,0.31,310.0,0.2932120255359178,0.35624394662876946,0.3323657736094215,0.21355131520376736,0.2499634252328465,0.2299915574224301,0.21288371430618458,0.213656699557299,0.22193949611635522,0.01935043294784189,0.020965334827226213,0.019614540156026275,0.029814410296897836,0.07148648950446175,0.033123086681490686,0.01797181537724356,0.01813178568037618,0.012364759619609261,0.6871936,0.7098792,0.76307505,0.78073144,0.73719513,0.64538264,0.6071378,0.66089225,2026-10-06T18:50:57.291113
87,0.7178875207901001,0.4976276755332947,0.5879072949409485,0.7175530791282654,0.5879072949409485,0.7837712989807128,0.8629204652786255,1.7692164358139038,0.10838736404180527,2.2639748113632203,2.0,1.0,10.0,,,,,0.7077962443351745,0.7077962443351745,,,,16.534628131103517,0.5552432989808405,0.16172981905234848,,0.1604478048386088,0.8321073002116696,0.13571881868277386,0.0016096252384506593,0.04897779183592766,0.9643885876722397,,0.004924975076629513,,74.20816040039062,17.86527067536761,,104.85241359054663,74.21380498606688,23.75051362347451,94.37561540542895,43.02592689368375,16.534622240977683,,0.6931471824645996,,0.09981158874027289,0.26736553307551486,,0.17067685324674958,0.12083940393036338,0.2917123693189803,0.008664856546196588,0.6771057487293414,0.2970649837308629,,,,0.3204,6408.0,0.6946271,0.6982883,0.7596672,0.870004,0.6324767,0.67826265,0.722823,0.6830957,0.4964500069618225,0.6742721834182739,0.6817500591278076,0.6742721834182739,0.304,304.0,0.21379693314895304,0.2571130824156835,0.23076872080857436,0.15412495714139873,0.19021522028195842,0.14166445243022008,0.13435035802762454,0.1326367155744672,0.1279244459010011,0.02011088715658461,0.019814931601673816,0.014903445471305468,0.03893046117084914,0.08357962924809212,0.02617092723778472,0.022995774748785707,0.021394957806304588,0.011535909777086012,0.65400004,0.63818187,0.6333334,0.76842105,0.9052845,0.64055115,0.51023626,0.68295455,0.5105499625205994,0.5596080927848816,0.7360000610351562,0.5596080927848816,0.243,243.0,0.3601669744354537,0.42136913555273225,0.3962303680520514,0.2586595285371725,0.2726996545429761,0.26628003312050574,0.2775063652579226,0.28290822818861955,0.28950254941408193,0.04217875795335231,0.03226807637720295,0.03652102493636283,0.0641202107392133,0.0701502892480252,0.06353196143629948,0.03429349646113122,0.027041969959687,0.021495504423505597,0.7725807,0.77387387,0.90000004,0.81412214,0.595122,0.6627193,0.7085366,0.64562047,0.5034999847412109,0.6169401381015778,0.7088750600814819,0.6169401381015778,0.27349999999999997,273.5,0.28698195379220337,0.3392411089842079,0.3134995444303129,0.20639224283928562,0.23145743741246727,0.2039722427753629,0.20592836164277356,0.20777247188154338,0.20871349765754152,0.031144822554968463,0.026041503989438382,0.025712235203834147,0.05152533595503122,0.07686495924805867,0.0448514443370421,0.028644635604958467,0.024218463882995794,0.016515707100295804,0.71329033,0.70602787,0.7666667,0.79127157,0.75020325,0.6516352,0.60938644,0.6642875,2026-10-06T18:55:06.703716
88,0.7205976843833923,0.49926987290382385,0.5829820255756378,0.72010737657547,0.5829820255756378,0.7915242830276489,0.871534889793396,1.827697198677063,0.11280452709794045,2.291291484451294,2.0,1.0,10.0,,,,,0.7203685128211975,0.7203685128211975,,,,16.5108313079834,0.5576346281227792,0.15015149992077972,,0.1541476029024762,0.8474621024860698,0.1388168547800772,0.0015630608463102276,0.0471366799205162,1.0280077647251689,,0.004721291624061514,,74.17417475220505,17.846669045223553,,104.85403432663838,74.18018671509567,23.730555746965347,94.37702528838139,43.082124479257374,16.510811204363588,,0.6931471824645996,,0.10048067498548775,0.26883150836464703,,0.1715344436419238,0.12156738412038536,0.2940905365594633,0.008754800376334007,0.6813192257455959,0.29830581955848984,,,,0.3079,6158.0,0.6938051,0.7107934,0.75802296,0.8724724,0.6445677,0.68240404,0.717821,0.6794501,0.5008999705314636,0.6586691842079163,0.6832000017166138,0.6586691842079163,0.304,304.0,0.29569974690975975,0.339571843437236,0.29999199215006594,0.23599526360042294,0.23353570192144876,0.19738441008596322,0.20538512334539707,0.19603393720379014,0.17617077097623263,0.03325925788750496,0.03433286420671952,0.030297173202426243,0.04587845876643881,0.08748316101245247,0.05039528843853916,0.04116422851176101,0.04415278735224289,0.03838087813363327,0.65550005,0.6454545,0.63720936,0.7671053,0.90609753,0.6437008,0.5177165,0.67348486,0.5069500207901001,0.5502266068458557,0.7360000610351562,0.5502266068458557,0.248,248.0,0.3651158592136898,0.4218509360757326,0.40320377222762044,0.26574364618470664,0.2863061088090807,0.27745623992426444,0.28336674433164416,0.2781837846769455,0.2852107476361846,0.04391445768471948,0.03518491213730942,0.035468145384249083,0.06195006511004228,0.0752948416636944,0.054809719587799705,0.03186875959660482,0.02415295114201041,0.01489353669243566,0.7665323,0.7774775,0.89744526,0.82022905,0.5979675,0.6570175,0.70081306,0.6540146,0.5039249956607819,0.6044478955268859,0.709600031375885,0.6044478955268859,0.276,276.0,0.3304078030617248,0.38071138975648433,0.3515978821888432,0.2508694548925648,0.25992090536526474,0.23742032500511384,0.24437593383852063,0.23710886094036782,0.2306907593062086,0.03858685778611222,0.034758888172014474,0.03288265929333766,0.053914261938240546,0.08138900133807345,0.05260250401316943,0.03651649405418292,0.03415286924712665,0.026637207413034464,0.7110162,0.711466,0.7673273,0.7936672,0.7520325,0.65035915,0.6092648,0.6637497,2026-10-06T18:59:15.658162
89,0.720594584941864,0.5015972256660461,0.5822488551616669,0.7200847864151001,0.5822488551616669,0.7925714240074158,0.8726983765602112,1.85459331035614,0.10438255423307419,2.224874880027771,2.0,1.0,10.0,,,,,0.7181282085418701,0.7181282085418701,,,,16.495594403076172,0.6364628832051709,0.15517464218435773,,0.1624574244117281,0.8299501904636432,0.14279562707065016,0.0016176365041559574,0.04899490183326089,1.1358497569895094,,0.005183598378289099,,74.13957734320574,17.82466238471353,,104.8546948767012,74.1464346138535,23.710759326910516,94.37640055273748,43.1395470928994,16.495571719613046,,0.6931471824645996,,0.10108310449275242,0.26988816147397277,,0.17235407688815124,0.1223086692440282,0.296342506909826,0.008841589573699578,0.6855938286538337,0.300670630233303,,,,0.3122,6244.0,0.70028067,0.70384616,0.75709194,0.8718404,0.6392718,0.6827273,0.7189956,0.68535644,0.5091500282287598,0.6855819573402405,0.6719000339508057,0.6855819573402405,0.283,283.0,0.2214176708262295,0.30787843036457424,0.25244326829298036,0.12096616393212627,0.22261281157914262,0.13153308147678214,0.1263315323080129,0.13551099798649424,0.13053127818584587,0.01925503238609239,0.01802579610723402,0.012858127622372349,0.027018057270768392,0.080994200833264,0.014092952280350008,0.029819328442999525,0.02917559390968366,0.02251519352361997,0.62700003,0.64181817,0.6294574,0.75789475,0.9004065,0.630315,0.4944882,0.67121214,0.4937500059604645,0.5591703515052795,0.7320500016212463,0.5591703515052795,0.246,246.0,0.3603508490285707,0.4254557684527016,0.4024622540835617,0.2512547641396152,0.278331404985288,0.268875919773536,0.2844563656601883,0.28933526298456913,0.2956540971750622,0.047567385812499016,0.03596738054023888,0.03885482369486085,0.06615662161635262,0.08662115988255856,0.06259932170044943,0.03757608219011561,0.030811564036501503,0.02172175372663679,0.7471774,0.7702703,0.9010949,0.81603056,0.5979675,0.65657896,0.7121951,0.63905114,0.5014500170946121,0.62237615442276,0.701975017786026,0.62237615442276,0.26449999999999996,264.5,0.2908842599274001,0.36666709940863795,0.32745276118827105,0.18611046403587075,0.25047210828221533,0.20020450062515904,0.20539394898410057,0.21242313048553169,0.21309268768045403,0.0334112090992957,0.02699658832373645,0.025856475658616603,0.046587339443560506,0.08380768035791128,0.03834613699039972,0.033697705316557566,0.029993578973092582,0.02211847362512838,0.6870887,0.7060442,0.7652762,0.7869626,0.749187,0.643447,0.60334164,0.65513164,2026-10-06T19:03:25.061328
90,0.7206701040267944,0.5011524558067322,0.5803824204444885,0.7206721901893616,0.5803824204444885,0.7904872216224671,0.8703825995445251,1.8366120334625244,0.10355739690661431,2.129485597419739,2.0,1.0,10.0,,,,,0.7208023015975952,0.7208023015975952,,,,16.477593292236328,0.5914812181026313,0.14588271679392287,,0.15373291749103812,0.8266153060326911,0.13396339540838437,0.0015817389580284713,0.047270975864616926,0.9516598912561016,,0.0043685308672045805,,74.10555505448846,17.80787595518076,,104.85873660919772,74.11278490200164,23.68919436946796,94.37354574993158,43.20320739260145,16.47756617843725,,0.6931471824645996,,0.10175390916455324,0.27170844784208165,,0.1732398713849912,0.1230479474565026,0.2984978002347764,0.008877561973396,0.690093687005863,0.30249356692004353,,,,0.3182,6364.0,0.69811547,0.70751107,0.7582211,0.8733808,0.63572824,0.6832929,0.72405833,0.68393075,0.5085000395774841,0.663415675163269,0.6831000447273254,0.663415675163269,0.335,335.0,0.29253700210662936,0.36099264096661693,0.3216716075162169,0.23991588652518828,0.25126677661733815,0.2049386511615989,0.2240416672920399,0.20628035220586027,0.20377168161064177,0.0013678383433212145,0.022803725250211477,0.010291566983526056,-0.01258399303622344,0.09353916400454412,0.02023960153371515,0.0026749447153005894,0.009859718978524298,0.00773387946924631,0.65900004,0.65636367,0.6534884,0.77401316,0.9065041,0.6283465,0.4929134,0.6753788,0.5174500942230225,0.5560228657722474,0.734450101852417,0.5560228657722474,0.28,280.0,0.3729897359209041,0.4365783457010608,0.41000172141218516,0.27526890927552117,0.2765989511145591,0.27968255763970346,0.3017124248497605,0.301333343505416,0.29688189681620103,0.048151058291734945,0.03761256752229704,0.0398003964897039,0.06534485345148978,0.08986480796744568,0.06347375656651949,0.038340249780283206,0.03172696660878168,0.019715213125870334,0.76814514,0.77207214,0.8970803,0.8129771,0.59390247,0.64605266,0.71178865,0.6558394,0.5129750669002533,0.6097192704677582,0.7087750732898712,0.6097192704677582,0.3075,307.5,0.33276336901376674,0.39878549333383884,0.36583666446420104,0.2575923979003547,0.2639328638659486,0.24231060440065116,0.26287704607090023,0.2538068478556381,0.2503267892134214,0.02475944831752808,0.030208146386254256,0.025045981736614976,0.02638043020763317,0.09170198598599491,0.04185667905011732,0.020507597247791897,0.02079334279365299,0.013724546297558322,0.7135726,0.7142179,0.77528435,0.7934951,0.75020325,0.6371996,0.602351,0.6656091,2026-10-06T19:07:34.068228
91,0.7199699282646179,0.49954989552497864,0.580241562128067,0.7209450006484985,0.580241562128067,0.7917535856246948,0.8717896728515625,1.8321971900939942,0.11112369220852852,2.2029706747055053,2.0,1.0,10.0,,,,,0.7160075856208801,0.7160075856208801,,,,16.44994761657715,0.51734101088943,0.13931198349329316,,0.14712085643676437,0.8151341111037382,0.12853292105304207,0.0015201631901566248,0.0455622041870834,0.95845710377025,,0.004773928546739719,,74.07088684276411,17.787244578076017,,104.85993588198522,74.07940430853778,23.665488394961994,94.37352504851712,43.262840829837096,16.44994082116777,,0.6931471824645996,,0.10230974767618119,0.272904550193981,,0.17407504749146235,0.12376869085488046,0.30044691995450645,0.008903503435764723,0.6943911575967339,0.30330144561779726,,,,0.3161,6322.0,0.7057338,0.7101289,0.75849843,0.87661934,0.6364097,0.6817778,0.7223775,0.6746436,0.5077500343322754,0.6786062908172608,0.6718001365661621,0.6786062908172608,0.306,306.0,0.25306623658498006,0.3253879733117244,0.2897506703672351,0.15582371155578154,0.2927634469715725,0.2008797906912831,0.1563690209541153,0.17801758766049613,0.17687327038520465,0.010756312749326553,0.02603918534728864,0.010666417469000839,0.017301041655089968,0.08428086864078646,0.02895500307101387,0.02380983331549523,0.02557121645807249,0.023511100825034065,0.628,0.6322728,0.6174419,0.7707237,0.9089431,0.6370079,0.48543307,0.6689394,0.5118999481201172,0.5558017492294312,0.7312501072883606,0.5558017492294312,0.256,256.0,0.3920035477050868,0.45735235848444716,0.43348659914536153,0.3118476958245162,0.31751747104702177,0.3150395674645253,0.31130793934448997,0.30989372520352004,0.324286400207772,0.04159818942094191,0.03406236010020856,0.03465888826517842,0.060485425863087375,0.07890218503104174,0.05349724259762911,0.037422057463091796,0.0318678434306253,0.02285481081009108,0.7370968,0.76936936,0.89087594,0.8152672,0.5886179,0.6543859,0.7195122,0.65766424,0.5098249912261963,0.617204020023346,0.7015251219272614,0.617204020023346,0.281,281.0,0.3225348921450334,0.3913701658980858,0.3616186347562983,0.2338357036901489,0.30514045900929715,0.2579596790779042,0.23383848014930264,0.2439556564320081,0.2505798352964883,0.02617725108513423,0.0300507727237486,0.022662652867089628,0.03889323375908867,0.0815915268359141,0.04122612283432149,0.030615945389293513,0.028719529944348895,0.02318295581756257,0.6825484,0.70082104,0.7541589,0.79299545,0.7487805,0.6456969,0.60247266,0.6633018,2026-10-06T19:11:43.544795
92,0.7211421728134155,0.4989396929740906,0.5796958344459534,0.7211143970489502,0.5796958344459534,0.7930194458961487,0.8731961809158325,1.8553315134048463,0.10757464632391929,2.2513191118240354,2.0,1.0,10.0,,,,,0.724771820640564,0.724771820640564,,,,16.432273348999022,0.6297359340319968,0.1524466530413954,,0.15473693363653246,0.8175938410364139,0.1375930578845322,0.001614733597087217,0.04789407977798752,0.9691862053931899,,0.004849708024382734,,74.03646515281338,17.767664490232043,,104.86122257694318,74.04598940709595,23.64358559383708,94.37471392200251,43.31427142878247,16.432261023551796,,0.6931471824645996,,0.10291980581868226,0.2742337330131774,,0.17490422782624604,0.12451433798499928,0.30242542988935095,0.009023122631820145,0.6983199829508544,0.3053038048136766,,,,0.3115,6230.0,0.6973737,0.70803463,0.7628566,0.87407184,0.63175625,0.6846061,0.7259619,0.68319756,0.5071500539779663,0.6583130719661713,0.6926500797271729,0.6583130719661713,0.329,329.0,0.2923892587017889,0.37809912689308606,0.32513747739449,0.20739169771039007,0.23251893341532132,0.179675978417327,0.19006270957950658,0.19145133167337325,0.17761290952753403,0.0055422877451813055,0.013871482438927054,0.0070462734562725445,0.023445222856710746,0.1124318954508161,0.03522886576866668,0.018663093837108343,0.02248261759367081,0.022367012135732375,0.65200007,0.6740909,0.6736434,0.77138156,0.90081304,0.63937014,0.5299213,0.6806818,0.49404993653297424,0.5587099113464356,0.7362499237060547,0.5587099113464356,0.245,245.0,0.3845083663315975,0.4303666041803812,0.4181479231940296,0.2836830455968088,0.27600237217578566,0.2825897320040989,0.2952389379407143,0.28109249983310186,0.2854075160769906,0.04506194504686027,0.03948798313563129,0.03837803741601823,0.056514103671878896,0.07824882598092821,0.04902815936387388,0.036908240684973295,0.028806438593000097,0.022786217824407044,0.7697581,0.7882883,0.89854014,0.8064886,0.5934959,0.66184217,0.7065041,0.6510949,0.5005999952554703,0.6085114916563035,0.7144500017166138,0.6085114916563035,0.28700000000000003,287.0,0.33844881251669323,0.40423286553673365,0.37164270029425983,0.24553737165359943,0.2542606527955535,0.23113285521071297,0.24265082376011043,0.23627191575323755,0.2315102128022623,0.02530211639602079,0.02667973278727917,0.02271215543614539,0.03997966326429482,0.09534036071587215,0.042128512566270274,0.02778566726104082,0.025644528093335454,0.022576614980069708,0.7108791,0.7311896,0.7860918,0.78893507,0.7471545,0.65060616,0.6182127,0.66588837,2026-10-06T19:15:53.113612
93,0.7197924852371216,0.5006126761436462,0.5804428668022156,0.721137285232544,0.5804428668022156,0.796441366481781,0.876998318195343,1.888801194000244,0.1161497989654541,2.240217762374878,2.0,1.0,10.0,,,,,0.7363587857246399,0.7363587857246399,,,,16.39836621398926,0.5742822086355489,0.14893456517606024,,0.15063756433831657,0.7997127275937682,0.14498982092092752,0.0015392575834160017,0.047167970686201835,1.254756456727435,,0.004341658350683832,,74.0022388628334,17.747481704517533,,104.86376301953747,74.01247274799711,23.62124308203436,94.37459923811019,43.37061710722128,16.398368738259478,,0.6931471824645996,,0.1035181702512085,0.27532082207643305,,0.17576438520744347,0.12521859168247051,0.3044241767400389,0.00907738868645422,0.7024170748747078,0.3050102845878358,,,,0.30625,6125.0,0.7064555,0.7145389,0.75857764,0.87152445,0.63419,0.68107074,0.7232888,0.67830956,0.49299997091293335,0.6629618120193481,0.6852999329566956,0.6629618120193481,0.323,323.0,0.251813201196904,0.3329439433080841,0.28164312235588945,0.175850856305782,0.22401763942322725,0.13590762457537844,0.16217764150302214,0.16398370272591312,0.16527375101779967,0.0019973061163813025,-0.0033670591852053263,0.002962653849250314,0.022062212104250273,0.0926711074227403,0.046031672045339665,0.006417974239974965,0.00832516458753079,0.008971799527126586,0.66050005,0.6527273,0.64534885,0.7697368,0.9081301,0.6334646,0.51299214,0.6810606,0.50409996509552,0.5533808562755584,0.7384498715400696,0.5533808562755584,0.26,260.0,0.36511460341153607,0.435411488954171,0.4073227945377516,0.2621946382566554,0.2726461164049353,0.2570072055118057,0.27433744886227596,0.2756781675397776,0.2766895023706734,0.04099219400182682,0.03423778997226102,0.037739525969267336,0.053580473555681726,0.07712688068556903,0.05490121849164878,0.03709322848694258,0.029749926521738496,0.026202734527342984,0.7709677,0.7815315,0.90109485,0.82137406,0.58943087,0.65964913,0.7085366,0.6583942,0.4985499680042267,0.6081713341474533,0.7118749022483826,0.6081713341474533,0.2915,291.5,0.30846390230422005,0.3841777161311275,0.34448295844682053,0.2190227472812187,0.2483318779140813,0.1964574150435921,0.21825754518264906,0.21983093513284535,0.22098162669423654,0.021494750059104062,0.015435365393527847,0.020351089909258824,0.037821342829966,0.08489899405415466,0.050466445268494226,0.021755601363458773,0.019037545554634643,0.017587267027234784,0.7157339,0.7171294,0.77322185,0.7955555,0.7487805,0.64655685,0.6107644,0.66972744,2026-10-06T19:20:02.581251
94,0.7224926948547363,0.4996301233768463,0.5750265957832337,0.7230046987533569,0.5750265957832337,0.7952222805976867,0.8756437760353089,1.847152135658264,0.10944784551858902,2.203201280212402,2.0,1.0,10.0,,,,,0.7498519346237182,0.7498519346237182,,,,16.37190269165039,0.5200244959467536,0.150386831468078,,0.1533789793919226,0.8167541892665207,0.13372561653518372,0.0014772833904079428,0.04525694721467366,1.0469357995850266,,0.004305487538867328,,73.96809401785492,17.727343115836952,,104.86592427636408,73.97885195009268,23.600560765357535,94.37311340137651,43.423026382543476,16.371869202632055,,0.6931471824645996,,0.10415067348130949,0.27658022057478593,,0.17661929823410738,0.12588009969064384,0.30665506887587773,0.009170689637873583,0.7064214352589504,0.3057344269220996,,,,0.30485,6097.0,0.70667607,0.7051953,0.759271,0.8781991,0.64301014,0.6881414,0.71761847,0.68450105,0.4980500340461731,0.6548551511764527,0.6834499835968018,0.6548551511764527,0.302,302.0,0.2991305525761401,0.3783275580006467,0.330272065468248,0.18925180442878384,0.21144880641157632,0.1530756242365982,0.17225380229617315,0.17451909158601622,0.17207068403940734,0.03112011066156972,0.03501358690914461,0.028355237632692862,0.041080357111916536,0.09717641545379725,0.04753743946675356,0.053779980382701306,0.062408006440948696,0.06473283366848451,0.666,0.6545454,0.65930235,0.7611842,0.902439,0.64133865,0.4996063,0.66818184,0.4916499853134155,0.5496373853683472,0.7342000007629395,0.5496373853683472,0.232,232.0,0.36920089225979497,0.4254939505612257,0.41102871364239335,0.26537287848225893,0.27454065874311556,0.27985282015189006,0.27465912068967974,0.27079929073102355,0.2834749564125041,0.047955055835147004,0.040140591168873536,0.04031026827355546,0.06289640128777231,0.08366661223148074,0.0535429469457118,0.045988079023773935,0.04024774274818842,0.03018064479550122,0.7629032,0.78288287,0.90109485,0.809542,0.58943087,0.65745616,0.71097565,0.6445256,0.4948500096797943,0.6022462682723999,0.7088249921798706,0.6022462682723999,0.267,267.0,0.3341657224179675,0.4019107542809362,0.3706503895553207,0.22731234145552137,0.24299473257734594,0.21646422219424413,0.22345646149292644,0.2226591911585199,0.2277728202259557,0.03953758324835836,0.037577089039009075,0.03433275295312416,0.05198837919984442,0.090421513842639,0.05054019320623268,0.04988402970323762,0.05132787459456856,0.04745673923199287,0.7144516,0.7187141,0.7801986,0.7853631,0.74593496,0.6493974,0.605291,0.6563537,2026-10-06T19:24:12.068486
95,0.7212077975273132,0.5022449493408203,0.5765679757595062,0.7221150398254395,0.5765679757595062,0.7939953186988831,0.8742804873466492,1.8501137809753418,0.10429285645484924,2.122928908157349,2.0,1.0,10.0,,,,,0.7463733899116516,0.7463733899116516,,,,16.34958699951172,0.4816333299419682,0.1391764713605498,,0.1471267720791185,0.7951902849659039,0.12801231681161626,0.001476565270260522,0.04537910698752874,0.9801548267625699,,0.004321881565658352,,73.93354520372525,17.707799583483652,,104.8644525321426,73.94507584298492,23.57737420926428,94.37417821215976,43.46767734114532,16.349587956811213,,0.6931471824645996,,0.10469812923555921,0.27801525061297566,,0.17726526385659624,0.12658267814642304,0.3085308352093788,0.009193158216157536,0.7100193386624574,0.30702315830880667,,,,0.3144,6288.0,0.7065758,0.7141764,0.7603407,0.8778238,0.6308022,0.68050504,0.72027135,0.68535644,0.5022000074386597,0.6632908048629761,0.6802999973297119,0.6632908048629761,0.332,332.0,0.28711194346912267,0.34783049050172826,0.30520541327238143,0.23243344918305334,0.3168324907814819,0.20994601707287933,0.20183139464343772,0.2029219603694034,0.18793157707040192,0.02502074149959275,0.040388142086997134,0.02843501377641711,0.042720239638745196,0.11102279806907271,0.050509255293590474,0.023118131400393403,0.022481922395645584,0.01287512479367837,0.66150004,0.6409091,0.6170542,0.77236843,0.9077236,0.6322835,0.5145669,0.67689395,0.49684998393058777,0.5506966016292572,0.7372499704360962,0.5506966016292572,0.255,255.0,0.37328536669916634,0.4352427846177355,0.4131923890897748,0.2732289317403984,0.28754583225756125,0.27978285256626684,0.29231553778764335,0.29148214920345056,0.28955223156149906,0.04193245538925021,0.03622578457505764,0.030925606335619287,0.06257014177402431,0.09901040243571249,0.051403183930987424,0.029403712435805286,0.019709257924397372,0.008192255363082695,0.76250005,0.77207214,0.8959854,0.82022905,0.6,0.65877193,0.72073174,0.6514599,0.4995249956846237,0.6069937032461166,0.708774983882904,0.6069937032461166,0.2935,293.5,0.3301986550841445,0.3915366375597319,0.3591989011810781,0.25283119046172586,0.3021891615195216,0.2448644348195731,0.24707346621554055,0.24720205478642698,0.2387419043159505,0.03347659844442148,0.038306963331027385,0.0296803100560182,0.05264519070638475,0.1050166002523926,0.05095621961228895,0.026260921918099346,0.02109559016002148,0.010533690078380533,0.712,0.70649064,0.7565198,0.79629874,0.7538618,0.6455277,0.6176493,0.66417694,2026-10-06T19:28:20.959037
96,0.7244322896003723,0.5017049908638,0.5720310715675354,0.7249872088432312,0.5720310715675354,0.7934846405029297,0.8737130652427674,1.859550422668457,0.10788883098363876,2.184259380531311,2.0,1.0,10.0,,,,,0.7584893340110779,0.7584893340110779,,,,16.34043445739746,0.4567864744740117,0.1517681103484456,,0.15232568055652318,0.8164445769255328,0.1284783142529855,0.0015172182043249108,0.04548993146723243,0.9428686144625306,,0.003945317277345572,,73.89987926118692,17.68678495079089,,104.86533399448274,73.9117292659298,23.553503328068242,94.37379266046415,43.519868960046466,16.340420401020413,,0.6931471824645996,,0.10540381686133184,0.27903670736938524,,0.17801061310585897,0.12726964464612828,0.31027933803333596,0.009245275751135911,0.7139579277888984,0.3100533532868525,,,,0.30665,6133.0,0.71044505,0.71014905,0.75974643,0.87968016,0.64343846,0.687697,0.7219522,0.68543786,0.49480000138282776,0.6691086177825928,0.6797000169754028,0.6691086177825928,0.304,304.0,0.2396618241901449,0.32492020067258987,0.2658069516274703,0.15214673783112864,0.3080463185987885,0.1537932924377984,0.15047079966264254,0.1589005383772606,0.14241485647989038,0.007037226043045319,0.019108681509571554,0.010043249723689593,0.024181737745666825,0.08932757749370206,0.016958770748650143,0.013063834365502425,0.01583569478500697,0.015721848662325996,0.68450004,0.66636366,0.60271317,0.7680921,0.903252,0.63188976,0.5125984,0.65909094,0.4872000515460968,0.5818552112579346,0.7306498885154724,0.5818552112579346,0.261,261.0,0.36346973731646837,0.4320931696661771,0.40560560512300525,0.28058733497860294,0.30261964650123424,0.292393210344032,0.2888643041875379,0.2954729216771085,0.2954969958137468,0.044827369417387734,0.036707026601224185,0.035188824952471345,0.05786407831529337,0.08726297019495698,0.04939177924700294,0.03341105000182629,0.026997884114748783,0.014948915903934986,0.73790324,0.76891893,0.8883212,0.81450385,0.5987805,0.65570176,0.7146342,0.65036494,0.4910000264644623,0.6254819145202637,0.7051749527454376,0.6254819145202637,0.2825,282.5,0.30156578075330664,0.37850668516938346,0.3357062783752378,0.2163670364048658,0.3053329825500114,0.22309325139091518,0.21966755192509022,0.22718673002718454,0.21895592614681858,0.025932297730216526,0.02790785405539787,0.02261603733808047,0.041022908030480094,0.08829527384432952,0.03317527499782654,0.023237442183664355,0.021416789449877877,0.015335382283130491,0.71120167,0.7176413,0.7455172,0.791298,0.75101626,0.6437957,0.6136163,0.65472794,2026-10-06T19:32:30.589443
97,0.7251599431037903,0.5039676427841187,0.5714674826622009,0.72491055727005,0.5714674826622009,0.7969887677192689,0.8776065382957459,1.8831914930343627,0.11292881008386611,2.207714261817932,2.0,1.0,10.0,,,,,0.7558784030914306,0.7558784030914306,,,,16.31767628479004,0.5136501527136299,0.1580949670451272,,0.1551994128971343,0.8087724187191884,0.13926779466924394,0.001501322474781495,0.04569717571376615,1.161451919063641,,0.0037380758962878707,,73.86543069827329,17.664968259774955,,104.86835173588649,73.8783702971829,23.530191506549812,94.37174496984785,43.571258957978266,16.317658029544127,,0.6931471824645996,,0.10594122538900679,0.27995959835447326,,0.1788257348119833,0.12799357855395907,0.31216421875224754,0.009347023234767899,0.7177816735711068,0.3114460380214035,,,,0.30935,6187.0,0.704571,0.7174789,0.7561014,0.87519747,0.6458917,0.6878384,0.7189753,0.6920163,0.4989500641822815,0.6757460951805114,0.6724000573158264,0.6757460951805114,0.325,325.0,0.2331930041364837,0.32841009718248604,0.2818962679901412,0.1599247163273351,0.18466009561443067,0.13831734009289778,0.11719724205901876,0.11806127552814064,0.12022771580102587,0.026322931275973054,0.023494458501790966,0.022208728354725295,0.01750515677966593,0.07622810052793089,0.03161456312803825,0.020970419159783326,0.013507469246833126,0.009901953794483177,0.67550004,0.6404546,0.62325585,0.75789475,0.896748,0.62598425,0.49842522,0.64924246,0.5025500059127808,0.5523962841033936,0.7345500588417053,0.5523962841033936,0.248,248.0,0.39762220546128224,0.4733182439445617,0.4459586324038747,0.27140618752426804,0.28301085907600576,0.29684482446696003,0.31273318026651054,0.31843110431949107,0.32792900626977584,0.047475824026329855,0.0345231492621681,0.035572358560587325,0.06487433282281935,0.07505385092070214,0.04990658059904006,0.04054316008628557,0.030493600363161007,0.01984474331364664,0.7641129,0.77567565,0.8963504,0.8152672,0.599187,0.6609649,0.71260166,0.6379562,0.5007500350475311,0.6140711896419525,0.7034750580787659,0.6140711896419525,0.2865,286.5,0.31540760479888297,0.40086417056352386,0.36392745019700795,0.21566545192580155,0.2338354773452182,0.2175810822799289,0.21496521116276465,0.21824618992381584,0.22407836103540085,0.036899377651151456,0.029008803881979534,0.02889054345765631,0.04118974480124264,0.07564097572431652,0.04076057186353915,0.03075678962303445,0.022000534804997068,0.01487334855406491,0.71980643,0.70806515,0.7598031,0.786581,0.7479675,0.6434746,0.60551345,0.64359933,2026-10-06T19:36:39.935935
98,0.7232052683830261,0.5006548762321472,0.5750427392959595,0.7231451869010925,0.5750427392959595,0.7932666834831238,0.8734708909988403,1.8447348665237426,0.09722773974537849,2.275089598083496,2.0,1.0,10.0,,,,,0.7738862036705018,0.7738862036705018,,,,16.28892088317871,0.5634386889683972,0.1718582431222223,,0.16323285927153697,0.8200002479705082,0.13494189743213592,0.0014894545911722313,0.04458497020943909,1.2311648779613957,,0.0042303879315235245,,73.83140695170992,17.643973623871045,,104.8738248788627,73.8449860591038,23.506606569715366,94.37031283044512,43.62367263113617,16.288914820191206,,0.6931471824645996,,0.10650118060742214,0.28102530320738534,,0.17979752305586627,0.12867074293695438,0.3140886034935143,0.00945350709875488,0.7216298098017455,0.3120118569416605,,,,0.31245,6249.0,0.70860064,0.7064438,0.76414424,0.87916666,0.64351636,0.6818384,0.71861076,0.6812424,0.4947499930858612,0.6646586318016052,0.6823499798774719,0.6646586318016052,0.297,297.0,0.2849588179270689,0.34711276906447125,0.29846803108474596,0.22665961601775192,0.29677563966719545,0.1876003871579642,0.20463142509176505,0.2091732418400765,0.18430860580427008,0.008259326103542054,0.024639509589438342,0.008907705446640412,0.020261276296512386,0.13053215719676098,0.01589827062854508,0.014475037139835391,0.018532084820903082,0.011759406725487549,0.665,0.65636367,0.62054265,0.76743424,0.9056911,0.6334646,0.515748,0.6787879,0.5000500679016113,0.5517697854042053,0.7360499501228333,0.5517697854042053,0.24,240.0,0.3841632258788411,0.43255747814364554,0.4214226381850094,0.3110794701774969,0.26496795542744356,0.3059620566506213,0.30301332687944216,0.29311372314288703,0.2982485942454092,0.03954441784868058,0.03274945041141158,0.03725893882185936,0.04829804673811374,0.07451045192102468,0.05300020948468836,0.02772368815857995,0.020792732716275582,0.014572959760488564,0.7689516,0.77432436,0.89927006,0.8175572,0.58739835,0.65482455,0.7121951,0.65656936,0.49740003049373627,0.6082142086029052,0.7091999650001526,0.6082142086029052,0.26849999999999996,268.5,0.334561021902955,0.38983512360405836,0.35994533463487766,0.2688695430976244,0.2808717975473195,0.24678122190429275,0.2538223759856036,0.2511434824914818,0.24127860002483964,0.02390187197611132,0.02869448000042496,0.023083322134249885,0.03427966151731306,0.10252130455889283,0.03444924005661672,0.02109936264920767,0.01966240876858933,0.013166183242988056,0.7169758,0.715344,0.75990635,0.7924957,0.7465447,0.64414454,0.6139716,0.6676786,2026-10-06T19:40:48.138332
99,0.7267478704452515,0.5007375478744507,0.566998981809616,0.7267624735832214,0.566998981809616,0.7966915974617005,0.8772763506889343,1.8772486961364747,0.10094177532196046,2.2649376890182493,2.0,1.0,10.0,,,,,0.7730905584335327,0.7730905584335327,,,,16.273038540649413,0.4961323530241183,0.14178821927375473,,0.14952245133982342,0.831963443832033,0.1264887609916508,0.0014919277698032937,0.044557869885188,0.9875029803840978,,0.0037189246445247653,,73.79821855095541,17.62832394982599,,104.87867610469745,73.81174148268,23.483140459485874,94.37096818085689,43.67887166503129,16.27303728480248,,0.6931471824645996,,0.10713206858012327,0.2829953675057478,,0.18067967388660286,0.12939038569000877,0.31581953718404104,0.00956373091692188,0.7256171099699227,0.3141617401010671,,,,0.308,6160.0,0.70956296,0.71323,0.7692948,0.8800751,0.6423482,0.690101,0.72624546,0.6818534,0.5062999725341797,0.6452234487533569,0.6887500882148743,0.6452234487533569,0.298,298.0,0.32390266327440403,0.3796981239069279,0.3397472181526958,0.22532499787906113,0.2612911841527124,0.19984404740480038,0.22578404656143078,0.21113315373862485,0.20249624582756273,0.0024863431213128485,0.005330381130795533,-0.005843411981770483,0.020750090082938287,0.12108642514380667,0.00844717539279054,0.00044965544085982144,0.00506975044023165,-0.0025203353887924256,0.6635,0.64590913,0.675969,0.7697368,0.9056911,0.6330709,0.5244094,0.6723485,0.49039995670318604,0.5429570593833923,0.7369000315666199,0.5429570593833923,0.234,234.0,0.39418116842031076,0.4375587849875955,0.4326748863191293,0.3120230184159744,0.2771300315938991,0.3039836097141193,0.31112506435095605,0.3097647119814933,0.3094657247873784,0.04205027149440686,0.036856732884186,0.03882106679883689,0.05654780783802683,0.08850944933192949,0.055543838342930786,0.030355684380250898,0.024056367196401262,0.018972858802296783,0.77862906,0.77657664,0.90109485,0.8179389,0.5869919,0.6600877,0.70975614,0.6481752,0.49834996461868286,0.5940902540683746,0.7128250598907471,0.5940902540683746,0.266,266.0,0.3590419158473574,0.4086284544472617,0.38621105223591257,0.26867400814751774,0.26921060787330575,0.2519138285594599,0.2684545554561934,0.2604489328600591,0.25598098530747054,0.022268307307859857,0.021093557007490764,0.0164888274085332,0.03864894896048256,0.10479793723786808,0.031995506867860665,0.01540266991055536,0.014563058818316457,0.00822626170675218,0.72106457,0.7112429,0.7885319,0.7938379,0.74634147,0.64657927,0.6170828,0.66026187,2026-10-06T19:44:57.450963
